"id","bucket_id","name","metadata","created_at","updated_at"
"caad30c5-7301-4c72-9de4-461b8bce3688","log-attachments","logs/2026/04/01/1521aa24-fae5-41d1-8c0a-eef87b149cca.md","{""eTag"":""\""267128956aa774872d18c10c56a02fcb\"""",""size"":3953,""mimetype"":""application/octet-stream"",""cacheControl"":""max-age=3600"",""lastModified"":""2026-04-01T11:49:29.000Z"",""contentLength"":3953,""httpStatusCode"":200}","2026-04-01 11:49:28.505175+00","2026-04-01 11:49:28.505175+00"
"08d8c7f4-728b-435e-8841-6ff78ee7338c","log-attachments","logs/2026/04/01/e13260b9-e77d-4866-afb6-40dd0e3569c4.md","{""eTag"":""\""267128956aa774872d18c10c56a02fcb\"""",""size"":3953,""mimetype"":""application/octet-stream"",""cacheControl"":""max-age=3600"",""lastModified"":""2026-04-01T11:53:00.000Z"",""contentLength"":3953,""httpStatusCode"":200}","2026-04-01 11:52:59.789433+00","2026-04-01 11:52:59.789433+00"
"790d7474-6367-44f5-8a43-07c23854fe16","log-attachments","logs/2026/05/.emptyFolderPlaceholder","{""eTag"":""\""d41d8cd98f00b204e9800998ecf8427e\"""",""size"":0,""mimetype"":""application/octet-stream"",""cacheControl"":""max-age=3600"",""lastModified"":""2026-05-30T15:05:36.076Z"",""contentLength"":0,""httpStatusCode"":200}","2026-05-30 15:05:36.071908+00","2026-05-30 15:05:36.071908+00"
"aecefc09-28d9-4e1a-ab2c-6066023b3af1","log-attachments","logs/2026/05/31/0321d535-006d-44bc-a6ff-f1850ca39aa8.md","{""eTag"":""\""41656ef0a417857d325149aff41b0adc\"""",""size"":992,""mimetype"":""text/markdown"",""cacheControl"":""max-age=3600"",""lastModified"":""2026-05-30T15:41:01.000Z"",""contentLength"":992,""httpStatusCode"":200}","2026-05-30 15:41:00.432478+00","2026-05-30 15:41:00.432478+00"
"74d1d96f-65ca-46bd-bfd6-d31ed61f868f","log-attachments","logs/2026/05/31/388b3351-2fce-40a9-abdf-8e6d5755f4d2.md","{""eTag"":""\""e367c8bb76f1fa0f3e05f09c13439eda\"""",""size"":1234,""mimetype"":""text/markdown"",""cacheControl"":""max-age=3600"",""lastModified"":""2026-05-30T15:28:28.000Z"",""contentLength"":1234,""httpStatusCode"":200}","2026-05-30 15:28:27.809784+00","2026-05-30 15:28:27.809784+00"
"3591c025-0141-4614-9d4b-5c9de64a8ea4","log-attachments","logs/2026/05/31/389124dd-8958-4ac3-9841-6153cd1c6220.md","{""eTag"":""\""e367c8bb76f1fa0f3e05f09c13439eda\"""",""size"":1234,""mimetype"":""text/markdown"",""cacheControl"":""max-age=3600"",""lastModified"":""2026-05-30T15:37:01.000Z"",""contentLength"":1234,""httpStatusCode"":200}","2026-05-30 15:37:00.664426+00","2026-05-30 15:37:00.664426+00"
"9737b7a7-9656-41e4-a881-415c552be532","log-attachments","logs/2026/05/31/3ab91405-03aa-47b5-a365-ab8dc2187fb6.md","{""eTag"":""\""e367c8bb76f1fa0f3e05f09c13439eda\"""",""size"":1234,""mimetype"":""text/markdown"",""cacheControl"":""max-age=3600"",""lastModified"":""2026-05-30T15:56:35.000Z"",""contentLength"":1234,""httpStatusCode"":200}","2026-05-30 15:56:34.653991+00","2026-05-30 15:56:34.653991+00"
"f43c8023-a050-45af-a7c3-d9973c6a3e2b","log-attachments","logs/2026/05/31/43e3a0aa-3e74-4ee6-a65c-ff4c4b278b28.md","{""eTag"":""\""61607bddef566d3233177a7091aa542f\"""",""size"":826,""mimetype"":""text/markdown"",""cacheControl"":""max-age=3600"",""lastModified"":""2026-05-30T15:09:16.000Z"",""contentLength"":826,""httpStatusCode"":200}","2026-05-30 15:09:15.48963+00","2026-05-30 15:09:15.48963+00"
"95bfc513-16a8-477f-8545-d93bfcf1fbea","log-attachments","logs/2026/05/31/4cce86bc-e8a7-49b3-9bb1-96d12b04a310.md","{""eTag"":""\""61607bddef566d3233177a7091aa542f\"""",""size"":826,""mimetype"":""text/markdown"",""cacheControl"":""max-age=3600"",""lastModified"":""2026-05-30T15:17:05.000Z"",""contentLength"":826,""httpStatusCode"":200}","2026-05-30 15:17:04.131215+00","2026-05-30 15:17:04.131215+00"
"4400ca3c-7115-470c-b06d-f00d5e80960e","log-attachments","logs/2026/05/31/52073b0a-46d3-4029-9c07-14c1d8e2be4c.md","{""eTag"":""\""61607bddef566d3233177a7091aa542f\"""",""size"":826,""mimetype"":""text/markdown"",""cacheControl"":""max-age=3600"",""lastModified"":""2026-05-30T15:28:29.000Z"",""contentLength"":826,""httpStatusCode"":200}","2026-05-30 15:28:28.243273+00","2026-05-30 15:28:28.243273+00"
"130bd281-06a4-4223-8060-eb85e3c8316e","log-attachments","logs/2026/05/31/54ef5eec-ee4d-48c8-980c-af82271d63a1.md","{""eTag"":""\""41656ef0a417857d325149aff41b0adc\"""",""size"":992,""mimetype"":""text/markdown"",""cacheControl"":""max-age=3600"",""lastModified"":""2026-05-30T15:23:20.000Z"",""contentLength"":992,""httpStatusCode"":200}","2026-05-30 15:23:19.328347+00","2026-05-30 15:23:19.328347+00"
"730e3686-474f-407e-aa38-9395bfd8adf0","log-attachments","logs/2026/05/31/5a8a0d05-8df5-47f1-9c42-bdd1a3bf43ed.md","{""eTag"":""\""41656ef0a417857d325149aff41b0adc\"""",""size"":992,""mimetype"":""text/markdown"",""cacheControl"":""max-age=3600"",""lastModified"":""2026-05-30T16:01:58.000Z"",""contentLength"":992,""httpStatusCode"":200}","2026-05-30 16:01:57.518915+00","2026-05-30 16:01:57.518915+00"
"0c225f96-9b03-46f1-95fb-e3c49f27534c","log-attachments","logs/2026/05/31/5e73c311-94f5-44cd-a066-cc19518d6ba6.md","{""eTag"":""\""61607bddef566d3233177a7091aa542f\"""",""size"":826,""mimetype"":""text/markdown"",""cacheControl"":""max-age=3600"",""lastModified"":""2026-05-30T15:41:01.000Z"",""contentLength"":826,""httpStatusCode"":200}","2026-05-30 15:41:00.664984+00","2026-05-30 15:41:00.664984+00"
"3f39a4c0-563e-4adc-9cda-7b2274bc9c3c","log-attachments","logs/2026/05/31/678f6644-b6eb-4858-a32a-10cf5fcd35b9.md","{""eTag"":""\""e367c8bb76f1fa0f3e05f09c13439eda\"""",""size"":1234,""mimetype"":""text/markdown"",""cacheControl"":""max-age=3600"",""lastModified"":""2026-05-30T15:09:16.000Z"",""contentLength"":1234,""httpStatusCode"":200}","2026-05-30 15:09:15.101155+00","2026-05-30 15:09:15.101155+00"
"32b59333-95e6-4f5b-85ca-12dadf49639f","log-attachments","logs/2026/05/31/7b11332e-e316-43e2-8d4b-c6ce660c09cb.md","{""eTag"":""\""61607bddef566d3233177a7091aa542f\"""",""size"":826,""mimetype"":""text/markdown"",""cacheControl"":""max-age=3600"",""lastModified"":""2026-05-30T15:56:36.000Z"",""contentLength"":826,""httpStatusCode"":200}","2026-05-30 15:56:35.164783+00","2026-05-30 15:56:35.164783+00"
"4ca25677-bf21-4fbd-8b35-4a9ebff9cdfe","log-attachments","logs/2026/05/31/85555498-3524-4e76-aaea-a400c51f14c3.md","{""eTag"":""\""e367c8bb76f1fa0f3e05f09c13439eda\"""",""size"":1234,""mimetype"":""text/markdown"",""cacheControl"":""max-age=3600"",""lastModified"":""2026-05-30T15:17:04.000Z"",""contentLength"":1234,""httpStatusCode"":200}","2026-05-30 15:17:03.700114+00","2026-05-30 15:17:03.700114+00"
"c2c539c9-02c2-481f-80f0-18570d3485de","log-attachments","logs/2026/05/31/885b827d-1f6b-40b6-b178-e5fa3468e4f6.md","{""eTag"":""\""61607bddef566d3233177a7091aa542f\"""",""size"":826,""mimetype"":""text/markdown"",""cacheControl"":""max-age=3600"",""lastModified"":""2026-05-30T16:01:58.000Z"",""contentLength"":826,""httpStatusCode"":200}","2026-05-30 16:01:57.666372+00","2026-05-30 16:01:57.666372+00"
"28e29e36-6cc5-43b4-bcbd-23cfd136c416","log-attachments","logs/2026/05/31/9de08e71-6d83-4f32-adbb-f9515fec1aa7.md","{""eTag"":""\""41656ef0a417857d325149aff41b0adc\"""",""size"":992,""mimetype"":""text/markdown"",""cacheControl"":""max-age=3600"",""lastModified"":""2026-05-30T15:28:29.000Z"",""contentLength"":992,""httpStatusCode"":200}","2026-05-30 15:28:28.047506+00","2026-05-30 15:28:28.047506+00"
"d32bc75b-5a37-4241-bc89-fac85188265a","log-attachments","logs/2026/05/31/9dff6184-7d52-43ee-905c-4be64ac24318.md","{""eTag"":""\""e367c8bb76f1fa0f3e05f09c13439eda\"""",""size"":1234,""mimetype"":""text/markdown"",""cacheControl"":""max-age=3600"",""lastModified"":""2026-05-30T15:23:20.000Z"",""contentLength"":1234,""httpStatusCode"":200}","2026-05-30 15:23:19.105497+00","2026-05-30 15:23:19.105497+00"
"132efec5-937c-44cb-8ef5-e4f406c06ef7","log-attachments","logs/2026/05/31/b0c2e99a-d01f-4836-bf56-8abbef8ceda3.md","{""eTag"":""\""41656ef0a417857d325149aff41b0adc\"""",""size"":992,""mimetype"":""text/markdown"",""cacheControl"":""max-age=3600"",""lastModified"":""2026-05-30T15:37:01.000Z"",""contentLength"":992,""httpStatusCode"":200}","2026-05-30 15:37:00.875521+00","2026-05-30 15:37:00.875521+00"
"b2777160-95c9-407e-9475-b57143b071a6","log-attachments","logs/2026/05/31/b54f50f9-eef5-4de5-831a-a175adeb02f9.md","{""eTag"":""\""41656ef0a417857d325149aff41b0adc\"""",""size"":992,""mimetype"":""text/markdown"",""cacheControl"":""max-age=3600"",""lastModified"":""2026-05-30T15:56:35.000Z"",""contentLength"":992,""httpStatusCode"":200}","2026-05-30 15:56:34.885331+00","2026-05-30 15:56:34.885331+00"
"74137375-e447-4056-85ee-f03fe2df821c","log-attachments","logs/2026/05/31/eb3711b0-3a3f-4419-ba91-6424031f463e.md","{""eTag"":""\""41656ef0a417857d325149aff41b0adc\"""",""size"":992,""mimetype"":""text/markdown"",""cacheControl"":""max-age=3600"",""lastModified"":""2026-05-30T15:17:04.000Z"",""contentLength"":992,""httpStatusCode"":200}","2026-05-30 15:17:03.901648+00","2026-05-30 15:17:03.901648+00"
"853f96b0-adf0-4d4c-b97f-4754ed60949f","log-attachments","logs/2026/05/31/f79c6994-7a7c-4a62-a219-97d9a5b7ecdb.md","{""eTag"":""\""41656ef0a417857d325149aff41b0adc\"""",""size"":992,""mimetype"":""text/markdown"",""cacheControl"":""max-age=3600"",""lastModified"":""2026-05-30T15:09:16.000Z"",""contentLength"":992,""httpStatusCode"":200}","2026-05-30 15:09:15.284496+00","2026-05-30 15:09:15.284496+00"
"471edab2-bab5-42b4-b785-28f1da7137cc","log-attachments","logs/2026/05/31/f970ad00-53aa-4237-a934-684048af818e.md","{""eTag"":""\""61607bddef566d3233177a7091aa542f\"""",""size"":826,""mimetype"":""text/markdown"",""cacheControl"":""max-age=3600"",""lastModified"":""2026-05-30T15:23:20.000Z"",""contentLength"":826,""httpStatusCode"":200}","2026-05-30 15:23:19.482516+00","2026-05-30 15:23:19.482516+00"
"3a5ec540-a6d2-45b9-88b6-320aec074e90","log-attachments","logs/2026/05/31/fc584b6d-011c-4574-a63b-6a81516b6ec0.md","{""eTag"":""\""61607bddef566d3233177a7091aa542f\"""",""size"":826,""mimetype"":""text/markdown"",""cacheControl"":""max-age=3600"",""lastModified"":""2026-05-30T15:37:02.000Z"",""contentLength"":826,""httpStatusCode"":200}","2026-05-30 15:37:01.073559+00","2026-05-30 15:37:01.073559+00"
"8f3696a8-5ead-4e0c-ac81-5509fe3837c5","log-attachments","logs/2026/05/31/fe58567d-c72c-4fd2-93c4-edd41194327a.md","{""eTag"":""\""e367c8bb76f1fa0f3e05f09c13439eda\"""",""size"":1234,""mimetype"":""text/markdown"",""cacheControl"":""max-age=3600"",""lastModified"":""2026-05-30T16:01:58.000Z"",""contentLength"":1234,""httpStatusCode"":200}","2026-05-30 16:01:57.345843+00","2026-05-30 16:01:57.345843+00"
"11eb0ea9-f754-435e-91c8-8767656b552f","log-attachments","logs/2026/05/31/fff38f8f-10f1-4ca4-955b-dd1f4c657c23.md","{""eTag"":""\""e367c8bb76f1fa0f3e05f09c13439eda\"""",""size"":1234,""mimetype"":""text/markdown"",""cacheControl"":""max-age=3600"",""lastModified"":""2026-05-30T15:41:00.000Z"",""contentLength"":1234,""httpStatusCode"":200}","2026-05-30 15:40:59.98938+00","2026-05-30 15:40:59.98938+00"
"2e56dee2-73d5-404e-8160-e95c34226a3d","log-attachments","logs/2026/06/01/13008fc3-83b7-42b0-8dd1-1a2a3ae0c86e.md","{""eTag"":""\""5edf1bd894d9164675709753914aa537\"""",""size"":2829,""mimetype"":""text/markdown"",""cacheControl"":""max-age=3600"",""lastModified"":""2026-05-31T21:50:40.000Z"",""contentLength"":2829,""httpStatusCode"":200}","2026-05-31 21:50:39.276306+00","2026-05-31 21:50:39.276306+00"
"2637e807-bb4b-482e-aaeb-dce5bfe3be68","log-attachments","logs/2026/06/01/2891c7ec-87a6-44d8-bbfd-142d5fe8a441.md","{""eTag"":""\""5dc5e95b8096498c6fd749191929d958\"""",""size"":4266,""mimetype"":""text/markdown"",""cacheControl"":""max-age=3600"",""lastModified"":""2026-05-31T19:12:44.000Z"",""contentLength"":4266,""httpStatusCode"":200}","2026-05-31 19:12:43.142879+00","2026-05-31 19:12:43.142879+00"
"5a337b87-6876-4e1b-9d7b-a1a855fe6b99","log-attachments","logs/2026/06/01/2d5b3f11-84de-433b-9087-274c537ee689.pdf","{""eTag"":""\""c1101c95481fd1ccf093f6c536e57bf5\"""",""size"":253475,""mimetype"":""application/pdf"",""cacheControl"":""max-age=3600"",""lastModified"":""2026-05-31T19:42:46.000Z"",""contentLength"":253475,""httpStatusCode"":200}","2026-05-31 19:42:45.461105+00","2026-05-31 19:42:45.461105+00"
"68cef129-ab81-4847-b05e-bd0031c9d886","log-attachments","logs/2026/06/01/2df156e6-16db-48a9-8a9e-cce88a543d3c.pdf","{""eTag"":""\""bb4ca653dd8d9f4e1e4e657e6674234e\"""",""size"":170297,""mimetype"":""application/pdf"",""cacheControl"":""max-age=3600"",""lastModified"":""2026-05-31T19:59:05.000Z"",""contentLength"":170297,""httpStatusCode"":200}","2026-05-31 19:59:04.260782+00","2026-05-31 19:59:04.260782+00"
"a9e90a52-681e-464d-8c1e-4c7074a5a3a1","log-attachments","logs/2026/06/01/2e73025c-4912-441a-a02f-4c4fb99c7d3b.md","{""eTag"":""\""5dc5e95b8096498c6fd749191929d958\"""",""size"":4266,""mimetype"":""text/markdown"",""cacheControl"":""max-age=3600"",""lastModified"":""2026-05-31T21:00:20.000Z"",""contentLength"":4266,""httpStatusCode"":200}","2026-05-31 21:00:19.233081+00","2026-05-31 21:00:19.233081+00"
"de84dfe7-0f20-484d-a0a9-b1b7da609de7","log-attachments","logs/2026/06/01/59b78489-9339-4ee5-a69f-930c33988228.pdf","{""eTag"":""\""bb4ca653dd8d9f4e1e4e657e6674234e\"""",""size"":170297,""mimetype"":""application/pdf"",""cacheControl"":""max-age=3600"",""lastModified"":""2026-05-31T19:42:46.000Z"",""contentLength"":170297,""httpStatusCode"":200}","2026-05-31 19:42:45.965079+00","2026-05-31 19:42:45.965079+00"
"cba4cbb5-7ea7-44ae-8f2d-aa20a0ca9d57","log-attachments","logs/2026/06/01/5f1d7a7d-a2a4-4cc0-9fdd-95b605ee550c.md","{""eTag"":""\""5dc5e95b8096498c6fd749191929d958\"""",""size"":4266,""mimetype"":""text/markdown"",""cacheControl"":""max-age=3600"",""lastModified"":""2026-05-31T21:50:40.000Z"",""contentLength"":4266,""httpStatusCode"":200}","2026-05-31 21:50:39.514907+00","2026-05-31 21:50:39.514907+00"
"d04f487d-9875-45a8-9646-ef82ad7bc7b1","log-attachments","logs/2026/06/01/687215ad-f2c1-40c9-95f2-b57c72ea967b.pdf","{""eTag"":""\""4fbf548d18714e496428c312a264b879\"""",""size"":170297,""mimetype"":""application/pdf"",""cacheControl"":""max-age=3600"",""lastModified"":""2026-05-31T19:36:24.000Z"",""contentLength"":170297,""httpStatusCode"":200}","2026-05-31 19:36:23.123174+00","2026-05-31 19:36:23.123174+00"
"aa3c92b9-20e3-449e-970a-c1102463ad5c","log-attachments","logs/2026/06/01/78606627-55a2-40e7-8640-947db4e906f2.pdf","{""eTag"":""\""eab7b0c655ad7778f930384ea11855ed\"""",""size"":310922,""mimetype"":""application/pdf"",""cacheControl"":""max-age=3600"",""lastModified"":""2026-05-31T20:24:46.000Z"",""contentLength"":310922,""httpStatusCode"":200}","2026-05-31 20:24:45.4682+00","2026-05-31 20:24:45.4682+00"
"75e4726d-81c1-4068-988e-b6a7340256ba","log-attachments","logs/2026/06/01/94103ff7-0b05-49ca-8fac-ac654720accc.md","{""eTag"":""\""5edf1bd894d9164675709753914aa537\"""",""size"":2829,""mimetype"":""text/markdown"",""cacheControl"":""max-age=3600"",""lastModified"":""2026-05-31T19:12:43.000Z"",""contentLength"":2829,""httpStatusCode"":200}","2026-05-31 19:12:42.93068+00","2026-05-31 19:12:42.93068+00"
"17288dd2-ac1d-4d7a-86e4-1850c416ab5e","log-attachments","logs/2026/06/01/9e09aa68-93c9-4234-8a9e-89d2902224c7.png","{""eTag"":""\""f737831f2a9473df2d0533633b32c591\"""",""size"":156816,""mimetype"":""image/png"",""cacheControl"":""max-age=3600"",""lastModified"":""2026-05-31T20:10:56.000Z"",""contentLength"":156816,""httpStatusCode"":200}","2026-05-31 20:10:55.1796+00","2026-05-31 20:10:55.1796+00"
"40d34868-b2ed-4736-9160-8487b270344e","log-attachments","logs/2026/06/01/a33f2ffd-33c9-4ac2-9951-fe7e74972d8f.pdf","{""eTag"":""\""12564eae865f5a9b14e7c0a21b858ab5\"""",""size"":253475,""mimetype"":""application/pdf"",""cacheControl"":""max-age=3600"",""lastModified"":""2026-05-31T19:36:23.000Z"",""contentLength"":253475,""httpStatusCode"":200}","2026-05-31 19:36:22.530984+00","2026-05-31 19:36:22.530984+00"
"c3f735b8-12ef-4f55-908a-885f63026ae8","log-attachments","logs/2026/06/01/b1e293e6-3362-4f12-8f69-9ce7e13e80c7.md","{""eTag"":""\""ee3d55ac5f542d77582b83452c42a956\"""",""size"":1224,""mimetype"":""text/markdown"",""cacheControl"":""max-age=3600"",""lastModified"":""2026-05-31T18:57:07.000Z"",""contentLength"":1224,""httpStatusCode"":200}","2026-05-31 18:57:06.755306+00","2026-05-31 18:57:06.755306+00"
"b7988361-4806-46dc-b10b-7f025b8e8bff","log-attachments","logs/2026/06/01/b6844328-0d65-4109-87ca-256049a6f2db.pdf","{""eTag"":""\""fc5eae2b58f22556c9935db039194cbb\"""",""size"":264432,""mimetype"":""application/pdf"",""cacheControl"":""max-age=3600"",""lastModified"":""2026-05-31T20:24:46.000Z"",""contentLength"":264432,""httpStatusCode"":200}","2026-05-31 20:24:45.191978+00","2026-05-31 20:24:45.191978+00"
"d4c38fd6-2f16-4e04-bcd7-1816a8345e4f","log-attachments","logs/2026/06/01/c0bde5b3-6d67-4dc3-87dc-935e22206201.pdf","{""eTag"":""\""5ebb75b7bd50c05a0e96bf8c2f48e1ba\"""",""size"":301041,""mimetype"":""application/pdf"",""cacheControl"":""max-age=3600"",""lastModified"":""2026-05-31T19:59:04.000Z"",""contentLength"":301041,""httpStatusCode"":200}","2026-05-31 19:59:03.970504+00","2026-05-31 19:59:03.970504+00"
"f73c3b59-a2a9-4ebc-bb37-671f2d07f770","log-attachments","logs/2026/06/01/ca414ad6-1e07-4b91-83f6-9ccec2bbb18a.pdf","{""eTag"":""\""a6b257f11103f2c1137c2ff71e585de6\"""",""size"":180904,""mimetype"":""application/pdf"",""cacheControl"":""max-age=3600"",""lastModified"":""2026-05-31T20:24:46.000Z"",""contentLength"":180904,""httpStatusCode"":200}","2026-05-31 20:24:45.795495+00","2026-05-31 20:24:45.795495+00"
"8f181eb5-9622-4be1-96b0-eac0ae10c7d3","log-attachments","logs/2026/06/01/cbc9fa30-7966-4f9a-905a-032a21c71c62.md","{""eTag"":""\""5edf1bd894d9164675709753914aa537\"""",""size"":2829,""mimetype"":""text/markdown"",""cacheControl"":""max-age=3600"",""lastModified"":""2026-05-31T21:00:19.000Z"",""contentLength"":2829,""httpStatusCode"":200}","2026-05-31 21:00:19.004384+00","2026-05-31 21:00:19.004384+00"
"93c6bf10-fccc-41ad-bcf9-495992446078","log-attachments","logs/2026/06/01/d221800a-59fe-4a1f-bdbe-06cb6d60357b.jpeg","{""eTag"":""\""ed4851a2b6787ed059dafbb38dfa8fbe\"""",""size"":155707,""mimetype"":""image/jpeg"",""cacheControl"":""max-age=3600"",""lastModified"":""2026-05-31T20:10:56.000Z"",""contentLength"":155707,""httpStatusCode"":200}","2026-05-31 20:10:55.727605+00","2026-05-31 20:10:55.727605+00"
"5964e035-60fd-4d68-b417-1e214100f08b","log-attachments","logs/2026/06/01/d60c5ab4-a8fe-45fd-b8bf-72927097d6af.md","{""eTag"":""\""61483c46413b88934156649b088d2e7b\"""",""size"":1893,""mimetype"":""text/markdown"",""cacheControl"":""max-age=3600"",""lastModified"":""2026-05-31T18:57:07.000Z"",""contentLength"":1893,""httpStatusCode"":200}","2026-05-31 18:57:06.485185+00","2026-05-31 18:57:06.485185+00"
"1eea8c78-40a0-448c-a4fd-9f75daeccb5e","log-attachments","logs/2026/06/01/df6166cf-71a6-4e56-b624-7dd2c2dcc32b.pdf","{""eTag"":""\""c1101c95481fd1ccf093f6c536e57bf5\"""",""size"":253475,""mimetype"":""application/pdf"",""cacheControl"":""max-age=3600"",""lastModified"":""2026-05-31T19:59:04.000Z"",""contentLength"":253475,""httpStatusCode"":200}","2026-05-31 19:59:03.684507+00","2026-05-31 19:59:03.684507+00"
"183f14a0-2b98-4c67-8fe0-32fe5bfdf667","log-attachments","logs/2026/06/01/e34f309e-401b-43f6-af37-861b0abf21ce.md","{""eTag"":""\""43a0ec1b3edc48f6ed4bc56a06f8ed52\"""",""size"":2775,""mimetype"":""text/markdown"",""cacheControl"":""max-age=3600"",""lastModified"":""2026-05-31T18:57:07.000Z"",""contentLength"":2775,""httpStatusCode"":200}","2026-05-31 18:57:06.248929+00","2026-05-31 18:57:06.248929+00"
"45bd8196-44c3-4ea5-a067-ee5c66c5efee","log-attachments","logs/2026/06/01/e802cf2b-60af-46ee-b93c-08ed64a5c0f6.md","{""eTag"":""\""58aaafa37ccc7cb6a0d996302ab42295\"""",""size"":1244,""mimetype"":""text/markdown"",""cacheControl"":""max-age=3600"",""lastModified"":""2026-05-31T21:50:40.000Z"",""contentLength"":1244,""httpStatusCode"":200}","2026-05-31 21:50:39.697814+00","2026-05-31 21:50:39.697814+00"
"a1a1cf03-68d1-4190-9e6c-f0606702262c","log-attachments","logs/2026/06/01/e981955f-ee20-416c-aaee-670daf04e59c.md","{""eTag"":""\""58aaafa37ccc7cb6a0d996302ab42295\"""",""size"":1244,""mimetype"":""text/markdown"",""cacheControl"":""max-age=3600"",""lastModified"":""2026-05-31T21:00:20.000Z"",""contentLength"":1244,""httpStatusCode"":200}","2026-05-31 21:00:19.462622+00","2026-05-31 21:00:19.462622+00"
"ee2df416-5bc5-4807-8801-fbf5b24fc026","log-attachments","logs/2026/06/01/f500198f-3847-4864-ab56-2216a53418c9.pdf","{""eTag"":""\""8ef1cacba78b5e99bedb06faa0fdff64\"""",""size"":301041,""mimetype"":""application/pdf"",""cacheControl"":""max-age=3600"",""lastModified"":""2026-05-31T19:36:23.000Z"",""contentLength"":301041,""httpStatusCode"":200}","2026-05-31 19:36:22.809478+00","2026-05-31 19:36:22.809478+00"
"1c35801d-7a00-4c27-8fc5-58bb761d43c7","log-attachments","logs/2026/06/01/f80c926b-f956-4ef2-be26-125e1b806927.md","{""eTag"":""\""58aaafa37ccc7cb6a0d996302ab42295\"""",""size"":1244,""mimetype"":""text/markdown"",""cacheControl"":""max-age=3600"",""lastModified"":""2026-05-31T19:12:44.000Z"",""contentLength"":1244,""httpStatusCode"":200}","2026-05-31 19:12:43.385349+00","2026-05-31 19:12:43.385349+00"
"6e80a64e-6a45-4d4c-930b-2d7558754025","log-attachments","logs/2026/06/01/fbab740e-d9c5-4eb7-b60e-60ac2340f021.jpeg","{""eTag"":""\""db001b89f3c9348425b43bdc331cf040\"""",""size"":519984,""mimetype"":""image/jpeg"",""cacheControl"":""max-age=3600"",""lastModified"":""2026-05-31T20:10:56.000Z"",""contentLength"":519984,""httpStatusCode"":200}","2026-05-31 20:10:55.41225+00","2026-05-31 20:10:55.41225+00"
"2073b1c9-35f5-4616-aea4-6e372af84de9","log-attachments","logs/2026/06/01/ff3acf78-7203-43e5-9775-27e0cd2f98ba.pdf","{""eTag"":""\""5ebb75b7bd50c05a0e96bf8c2f48e1ba\"""",""size"":301041,""mimetype"":""application/pdf"",""cacheControl"":""max-age=3600"",""lastModified"":""2026-05-31T19:42:46.000Z"",""contentLength"":301041,""httpStatusCode"":200}","2026-05-31 19:42:45.729535+00","2026-05-31 19:42:45.729535+00"
"4631d32f-d89e-41b8-ab7d-e0ab05745686","log-attachments","logs/2026/06/02/4326115b-77d4-4b6d-927e-3267d7c1757f.md","{""eTag"":""\""58aaafa37ccc7cb6a0d996302ab42295\"""",""size"":1244,""mimetype"":""text/markdown"",""cacheControl"":""max-age=3600"",""lastModified"":""2026-06-01T20:36:10.000Z"",""contentLength"":1244,""httpStatusCode"":200}","2026-06-01 20:36:09.669291+00","2026-06-01 20:36:09.669291+00"
"17072b91-6aa8-4a13-8007-2293937b9f58","log-attachments","logs/2026/06/02/598f697e-7a61-4767-9083-1ee3bdb67ccd.md","{""eTag"":""\""5edf1bd894d9164675709753914aa537\"""",""size"":2829,""mimetype"":""text/markdown"",""cacheControl"":""max-age=3600"",""lastModified"":""2026-06-01T20:36:10.000Z"",""contentLength"":2829,""httpStatusCode"":200}","2026-06-01 20:36:09.13556+00","2026-06-01 20:36:09.13556+00"
"6971d9f1-ea3a-4863-97cb-cbc881d59865","log-attachments","logs/2026/06/02/e674e39d-ecb8-42ce-a1a7-024f7c7326c7.md","{""eTag"":""\""5dc5e95b8096498c6fd749191929d958\"""",""size"":4266,""mimetype"":""text/markdown"",""cacheControl"":""max-age=3600"",""lastModified"":""2026-06-01T20:36:10.000Z"",""contentLength"":4266,""httpStatusCode"":200}","2026-06-01 20:36:09.502684+00","2026-06-01 20:36:09.502684+00"
"9f85a6b6-005e-4b32-ad80-d7fe0a7fd1bb","log-attachments","logs/2026/06/03/06025082-b15d-4a2a-9e69-1e541019fd57.md","{""eTag"":""\""2e8d3309971b88e9f40b12d4a1e7fa0d\"""",""size"":499,""mimetype"":""text/markdown"",""cacheControl"":""max-age=3600"",""lastModified"":""2026-06-02T19:57:39.000Z"",""contentLength"":499,""httpStatusCode"":200}","2026-06-02 19:57:38.799054+00","2026-06-02 19:57:38.799054+00"
"d3ff956a-25d1-4ee8-96fa-c97fcb245c6e","log-attachments","logs/2026/06/03/0a79a7e8-e282-416a-a4e4-6f150eec024a.pdf","{""eTag"":""\""3d9f545c52110d15fbb7ce0b673344fc\"""",""size"":72561,""mimetype"":""application/pdf"",""cacheControl"":""max-age=3600"",""lastModified"":""2026-06-02T18:19:50.000Z"",""contentLength"":72561,""httpStatusCode"":200}","2026-06-02 18:19:50.045385+00","2026-06-02 18:19:50.045385+00"
"61852025-9b6c-4db7-8373-99ebfb56013d","log-attachments","logs/2026/06/03/0fb2f7c1-4ed1-475d-a6fb-c3b9a41c80ac.pdf","{""eTag"":""\""de2c9cea9dffc4a8c591a08d8bc4a7d9\"""",""size"":142539,""mimetype"":""application/pdf"",""cacheControl"":""max-age=3600"",""lastModified"":""2026-06-02T19:15:42.000Z"",""contentLength"":142539,""httpStatusCode"":200}","2026-06-02 19:15:41.211343+00","2026-06-02 19:15:41.211343+00"
"3175a7e6-a70f-41bd-a5a2-263bb5667e1f","log-attachments","logs/2026/06/03/3cd9a91f-7835-4a45-8d72-7b605e6a849f.md","{""eTag"":""\""2bee15c7981758358c18c5a1aa25ee65\"""",""size"":914,""mimetype"":""text/markdown"",""cacheControl"":""max-age=3600"",""lastModified"":""2026-06-02T18:18:17.000Z"",""contentLength"":914,""httpStatusCode"":200}","2026-06-02 18:18:16.722638+00","2026-06-02 18:18:16.722638+00"
"d81f10c5-d81a-458d-8499-ac55c19179e3","log-attachments","logs/2026/06/03/42b5a1f6-7847-4bd4-875a-658409238b64.pdf","{""eTag"":""\""5609b9ce7c75495f6cf6977d27febae6\"""",""size"":142353,""mimetype"":""application/pdf"",""cacheControl"":""max-age=3600"",""lastModified"":""2026-06-02T19:15:01.000Z"",""contentLength"":142353,""httpStatusCode"":200}","2026-06-02 19:15:00.757829+00","2026-06-02 19:15:00.757829+00"
"cb86010a-6542-469d-bab3-942b7476b695","log-attachments","logs/2026/06/03/47abf905-6c67-4832-a73f-7b9e341f01b4.pdf","{""eTag"":""\""e9fe029b1cab4c4a7a72fb154d20b1d9\"""",""size"":148936,""mimetype"":""application/pdf"",""cacheControl"":""max-age=3600"",""lastModified"":""2026-06-02T18:19:51.000Z"",""contentLength"":148936,""httpStatusCode"":200}","2026-06-02 18:19:50.525942+00","2026-06-02 18:19:50.525942+00"
"c6b43888-5dc1-40fd-aa4d-2182e16685c2","log-attachments","logs/2026/06/03/4c8698c5-7b72-4a6c-9eb4-312ac7c10a23.pdf","{""eTag"":""\""49c9364ebe5a32612b62910144abedbd\"""",""size"":163279,""mimetype"":""application/pdf"",""cacheControl"":""max-age=3600"",""lastModified"":""2026-06-02T19:15:42.000Z"",""contentLength"":163279,""httpStatusCode"":200}","2026-06-02 19:15:41.433991+00","2026-06-02 19:15:41.433991+00"
"d1297908-5c74-40ab-9a79-86f1dc928f15","log-attachments","logs/2026/06/03/53e3152a-bd37-4347-992a-b632b6b25af9.md","{""eTag"":""\""2e2f119b39eed090967c5282c50a9e39\"""",""size"":179,""mimetype"":""text/markdown"",""cacheControl"":""max-age=3600"",""lastModified"":""2026-06-02T18:18:17.000Z"",""contentLength"":179,""httpStatusCode"":200}","2026-06-02 18:18:16.512686+00","2026-06-02 18:18:16.512686+00"
"bd0ff06b-8e29-426b-97d9-5c6940c96474","log-attachments","logs/2026/06/03/54bccb38-56cc-4ee2-84b3-08636d2292a6.pdf","{""eTag"":""\""49c9364ebe5a32612b62910144abedbd\"""",""size"":163279,""mimetype"":""application/pdf"",""cacheControl"":""max-age=3600"",""lastModified"":""2026-06-02T19:15:02.000Z"",""contentLength"":163279,""httpStatusCode"":200}","2026-06-02 19:15:01.325296+00","2026-06-02 19:15:01.325296+00"
"05391788-41ec-46d4-96fb-70dc68fa07e2","log-attachments","logs/2026/06/03/5a4f29e0-3164-4e2c-b3bf-6cb9cda19c05.md","{""eTag"":""\""e9b2b5e3372324013772a98fea7d93ef\"""",""size"":773,""mimetype"":""text/markdown"",""cacheControl"":""max-age=3600"",""lastModified"":""2026-06-02T19:15:32.000Z"",""contentLength"":773,""httpStatusCode"":200}","2026-06-02 19:15:31.506122+00","2026-06-02 19:15:31.506122+00"
"a0870c97-321d-4bc0-981b-822c26edc900","log-attachments","logs/2026/06/03/653defc6-cbc5-48ca-8572-644802da34c3.md","{""eTag"":""\""2e2f119b39eed090967c5282c50a9e39\"""",""size"":179,""mimetype"":""text/markdown"",""cacheControl"":""max-age=3600"",""lastModified"":""2026-06-02T18:19:27.000Z"",""contentLength"":179,""httpStatusCode"":200}","2026-06-02 18:19:26.402704+00","2026-06-02 18:19:26.402704+00"
"00216b8e-ec3c-4639-8a99-6d4e0ad3fec2","log-attachments","logs/2026/06/03/71f95f73-7554-4a0e-ab6d-e9d0f5444e00.pdf","{""eTag"":""\""de2c9cea9dffc4a8c591a08d8bc4a7d9\"""",""size"":142539,""mimetype"":""application/pdf"",""cacheControl"":""max-age=3600"",""lastModified"":""2026-06-02T19:57:56.000Z"",""contentLength"":142539,""httpStatusCode"":200}","2026-06-02 19:57:55.449196+00","2026-06-02 19:57:55.449196+00"
"99bb1fb6-b348-44b4-8f04-31e72eec92d1","log-attachments","logs/2026/06/03/77e7ca31-e4f4-46d7-807f-78405cab87ea.md","{""eTag"":""\""2bee15c7981758358c18c5a1aa25ee65\"""",""size"":914,""mimetype"":""text/markdown"",""cacheControl"":""max-age=3600"",""lastModified"":""2026-06-02T18:19:27.000Z"",""contentLength"":914,""httpStatusCode"":200}","2026-06-02 18:19:26.638817+00","2026-06-02 18:19:26.638817+00"
"35873e82-5fc3-4262-8683-123d82e23a79","log-attachments","logs/2026/06/03/7e96c08a-b6a0-466a-b00b-be9062d2b747.pdf","{""eTag"":""\""4cef283121290fbb626265149e94ddfb\"""",""size"":159927,""mimetype"":""application/pdf"",""cacheControl"":""max-age=3600"",""lastModified"":""2026-06-02T18:19:51.000Z"",""contentLength"":159927,""httpStatusCode"":200}","2026-06-02 18:19:50.278717+00","2026-06-02 18:19:50.278717+00"
"2732509c-1c0e-4130-b57d-335a32cf1059","log-attachments","logs/2026/06/03/802b9c1b-32a4-4161-b6ca-963e9a90246b.md","{""eTag"":""\""a3f4a9df6564f78b737886041b556f3e\"""",""size"":991,""mimetype"":""text/markdown"",""cacheControl"":""max-age=3600"",""lastModified"":""2026-06-02T19:57:39.000Z"",""contentLength"":991,""httpStatusCode"":200}","2026-06-02 19:57:39.014603+00","2026-06-02 19:57:39.014603+00"
"03355b2d-ea66-4f9f-aa23-18d046cb8d1b","log-attachments","logs/2026/06/03/beb22ac1-4502-462e-a8bb-70d53bb20a02.md","{""eTag"":""\""ff981df043ecda2e14d67fb5716471cd\"""",""size"":631,""mimetype"":""text/markdown"",""cacheControl"":""max-age=3600"",""lastModified"":""2026-06-02T19:15:32.000Z"",""contentLength"":631,""httpStatusCode"":200}","2026-06-02 19:15:31.215827+00","2026-06-02 19:15:31.215827+00"
"569615bf-6de3-4b47-a212-8723f3ef8023","log-attachments","logs/2026/06/03/c2ac7880-d5eb-40a8-9a2f-78f774cede04.pdf","{""eTag"":""\""49c9364ebe5a32612b62910144abedbd\"""",""size"":163279,""mimetype"":""application/pdf"",""cacheControl"":""max-age=3600"",""lastModified"":""2026-06-02T19:57:56.000Z"",""contentLength"":163279,""httpStatusCode"":200}","2026-06-02 19:57:55.718408+00","2026-06-02 19:57:55.718408+00"
"2f5940d9-ee51-4f54-bab2-1d41af7ecdb4","log-attachments","logs/2026/06/03/cd7cc75b-0f32-47fc-8a23-191d1c3b8b9d.md","{""eTag"":""\""90f22adf816c49ffff5d2753402e7a00\"""",""size"":688,""mimetype"":""text/markdown"",""cacheControl"":""max-age=3600"",""lastModified"":""2026-06-02T18:19:27.000Z"",""contentLength"":688,""httpStatusCode"":200}","2026-06-02 18:19:26.87308+00","2026-06-02 18:19:26.87308+00"
"1991587d-55f0-4750-b5ac-620d3409581f","log-attachments","logs/2026/06/03/d2ef0866-a956-4980-b575-6932bdadb28a.pdf","{""eTag"":""\""e9fe029b1cab4c4a7a72fb154d20b1d9\"""",""size"":148936,""mimetype"":""application/pdf"",""cacheControl"":""max-age=3600"",""lastModified"":""2026-06-02T19:57:40.000Z"",""contentLength"":148936,""httpStatusCode"":200}","2026-06-02 19:57:39.271818+00","2026-06-02 19:57:39.271818+00"
"c0057235-67c9-4183-b4bb-0499cf1b65cb","log-attachments","logs/2026/06/03/e4299307-7bcf-4a81-80b9-3c3de7a8fa39.pdf","{""eTag"":""\""5609b9ce7c75495f6cf6977d27febae6\"""",""size"":142353,""mimetype"":""application/pdf"",""cacheControl"":""max-age=3600"",""lastModified"":""2026-06-02T19:15:41.000Z"",""contentLength"":142353,""httpStatusCode"":200}","2026-06-02 19:15:40.94992+00","2026-06-02 19:15:40.94992+00"
"c17e5bef-10b9-4e52-87f7-54187983d7aa","log-attachments","logs/2026/06/03/e5405ea0-bb65-42ef-8e34-405357f7b862.md","{""eTag"":""\""90f22adf816c49ffff5d2753402e7a00\"""",""size"":688,""mimetype"":""text/markdown"",""cacheControl"":""max-age=3600"",""lastModified"":""2026-06-02T18:18:17.000Z"",""contentLength"":688,""httpStatusCode"":200}","2026-06-02 18:18:16.968002+00","2026-06-02 18:18:16.968002+00"
"ed94ec61-c52e-40ad-ac4a-4c80155a110d","log-attachments","logs/2026/06/03/f4bd0101-4485-4a57-8a5f-dddc3ce093fe.pdf","{""eTag"":""\""6835ff298c09aacc340532158a33347b\"""",""size"":148119,""mimetype"":""application/pdf"",""cacheControl"":""max-age=3600"",""lastModified"":""2026-06-02T19:57:56.000Z"",""contentLength"":148119,""httpStatusCode"":200}","2026-06-02 19:57:55.113521+00","2026-06-02 19:57:55.113521+00"
"bd7cc773-1c83-4672-96a9-8247eebab3f4","log-attachments","logs/2026/06/03/f6e74e05-00f8-4162-a93d-040fb15fee02.md","{""eTag"":""\""803ae67e9e01598d1b1027b0243af058\"""",""size"":607,""mimetype"":""text/markdown"",""cacheControl"":""max-age=3600"",""lastModified"":""2026-06-02T19:57:39.000Z"",""contentLength"":607,""httpStatusCode"":200}","2026-06-02 19:57:38.506808+00","2026-06-02 19:57:38.506808+00"
"0862269a-89e4-4c49-a6e6-c0749454a216","log-attachments","logs/2026/06/03/fa79ffa8-73b0-4f49-a480-463fd019c163.md","{""eTag"":""\""a3f4a9df6564f78b737886041b556f3e\"""",""size"":991,""mimetype"":""text/markdown"",""cacheControl"":""max-age=3600"",""lastModified"":""2026-06-02T19:15:32.000Z"",""contentLength"":991,""httpStatusCode"":200}","2026-06-02 19:15:31.743831+00","2026-06-02 19:15:31.743831+00"
"ae55aae3-8e76-419c-8bfb-1ef3fd5c8dda","log-attachments","logs/2026/06/03/ffa162c5-7eb9-4095-9329-509b16751eca.pdf","{""eTag"":""\""de2c9cea9dffc4a8c591a08d8bc4a7d9\"""",""size"":142539,""mimetype"":""application/pdf"",""cacheControl"":""max-age=3600"",""lastModified"":""2026-06-02T19:15:01.000Z"",""contentLength"":142539,""httpStatusCode"":200}","2026-06-02 19:15:01.027481+00","2026-06-02 19:15:01.027481+00"
"d7e609be-e689-4719-bdd0-3960adab55c1","log-attachments","logs/2026/06/06/0e7ed4b4-8542-434f-af0f-43e7296561cd.md","{""eTag"":""\""11fed6b8cfcdab431bb4a9390e898b5a\"""",""size"":1338,""mimetype"":""text/markdown"",""cacheControl"":""max-age=3600"",""lastModified"":""2026-06-06T00:30:52.000Z"",""contentLength"":1338,""httpStatusCode"":200}","2026-06-06 00:30:51.430535+00","2026-06-06 00:30:51.430535+00"
"e422a605-234d-493f-b105-84adaceb1ebd","log-attachments","logs/2026/06/06/526bfc82-d845-4335-9696-85ffc0c3f085.pdf","{""eTag"":""\""8122e05f3a46dde195daa05c17203780\"""",""size"":178796,""mimetype"":""application/pdf"",""cacheControl"":""max-age=3600"",""lastModified"":""2026-06-06T00:31:02.000Z"",""contentLength"":178796,""httpStatusCode"":200}","2026-06-06 00:31:01.972975+00","2026-06-06 00:31:01.972975+00"
"9589d8c5-f1c6-4048-865d-a2fd3a2f2372","log-attachments","logs/2026/06/06/54aa4564-f3fc-49f8-816b-c6add1c2263b.pdf","{""eTag"":""\""fb8b3be894f59c8c05c053aea6fe15c2\"""",""size"":166818,""mimetype"":""application/pdf"",""cacheControl"":""max-age=3600"",""lastModified"":""2026-06-06T00:31:03.000Z"",""contentLength"":166818,""httpStatusCode"":200}","2026-06-06 00:31:02.951133+00","2026-06-06 00:31:02.951133+00"
"c884cf36-5290-4932-acca-2786677cf54c","log-attachments","logs/2026/06/06/90bbf42c-ecbc-421b-b8f0-8dbf9d1a12cf.md","{""eTag"":""\""b5ea17856082551be90702f7d131b103\"""",""size"":1119,""mimetype"":""text/markdown"",""cacheControl"":""max-age=3600"",""lastModified"":""2026-06-06T00:30:52.000Z"",""contentLength"":1119,""httpStatusCode"":200}","2026-06-06 00:30:51.80553+00","2026-06-06 00:30:51.80553+00"
"da70f8de-7941-4659-bd22-92ec9e4d971f","log-attachments","logs/2026/06/06/9c07fbf8-6aeb-4bb7-bf38-08f70402f604.pdf","{""eTag"":""\""76e592f9b22f9066ff3c4f19b3f5baa6\"""",""size"":284491,""mimetype"":""application/pdf"",""cacheControl"":""max-age=3600"",""lastModified"":""2026-06-06T00:21:02.000Z"",""contentLength"":284491,""httpStatusCode"":200}","2026-06-06 00:21:01.858202+00","2026-06-06 00:21:01.858202+00"
"9b768f7d-9e9c-453d-a3d7-c0c6e584b41b","log-attachments","logs/2026/06/06/d18f7059-032e-40da-ae2e-488b1bd1373c.md","{""eTag"":""\""ed90cae449e8f54c748824d03525ed3c\"""",""size"":1096,""mimetype"":""text/markdown"",""cacheControl"":""max-age=3600"",""lastModified"":""2026-06-06T00:30:52.000Z"",""contentLength"":1096,""httpStatusCode"":200}","2026-06-06 00:30:51.210222+00","2026-06-06 00:30:51.210222+00"
"c2909f4d-2b8e-4efc-8611-4ab031476b57","log-attachments","logs/2026/06/06/dad03f55-5d54-4e92-9182-dbfb09e8923d.pdf","{""eTag"":""\""8432ec85f3cf8417534113e5666a9043\"""",""size"":198669,""mimetype"":""application/pdf"",""cacheControl"":""max-age=3600"",""lastModified"":""2026-06-06T00:31:03.000Z"",""contentLength"":198669,""httpStatusCode"":200}","2026-06-06 00:31:02.563384+00","2026-06-06 00:31:02.563384+00"
"0a7f5cc3-574e-46cf-8165-80e198c182ce","log-attachments","logs/2026/06/06/fdf291a7-fa85-4404-b947-351da1f58402.md","{""eTag"":""\""c4334ee2556c40731b9e372f2cf94782\"""",""size"":4241,""mimetype"":""text/markdown"",""cacheControl"":""max-age=3600"",""lastModified"":""2026-06-06T00:18:45.000Z"",""contentLength"":4241,""httpStatusCode"":200}","2026-06-06 00:18:44.653419+00","2026-06-06 00:18:44.653419+00"
"d3d92b43-72de-495f-a5d6-e50fd1af58b3","log-attachments","logs/2026/06/10/3a284abb-ef37-4a58-963e-a5e7936df3fc.md","{""eTag"":""\""dfa3e20811c18ddaa3479729e780d57c\"""",""size"":856,""mimetype"":""text/markdown"",""cacheControl"":""max-age=3600"",""lastModified"":""2026-06-10T14:35:30.000Z"",""contentLength"":856,""httpStatusCode"":200}","2026-06-10 14:35:29.862727+00","2026-06-10 14:35:29.862727+00"
"9361d652-7b32-4b70-9d38-46a199da9c2e","log-attachments","logs/2026/06/10/46a3587e-dd9d-4057-b242-b70d16e60565.pdf","{""eTag"":""\""ba8ec58b0726c596d3601fcf6cb29eec\"""",""size"":147142,""mimetype"":""application/pdf"",""cacheControl"":""max-age=3600"",""lastModified"":""2026-06-10T14:35:44.000Z"",""contentLength"":147142,""httpStatusCode"":200}","2026-06-10 14:35:43.382548+00","2026-06-10 14:35:43.382548+00"
"30c92bef-54e2-4f87-b52c-802d04ec2643","log-attachments","logs/2026/06/10/742f0ce3-0d13-4417-869f-175428f7bf5c.md","{""eTag"":""\""5b9bec57f8013b74cb323196d4862d4c\"""",""size"":2451,""mimetype"":""text/markdown"",""cacheControl"":""max-age=3600"",""lastModified"":""2026-06-10T14:35:30.000Z"",""contentLength"":2451,""httpStatusCode"":200}","2026-06-10 14:35:29.578672+00","2026-06-10 14:35:29.578672+00"
"227f8bee-aa34-4418-9715-3f13982d56e0","log-attachments","logs/2026/06/10/a574ca44-25c5-4efc-b781-c7633a159e29.pdf","{""eTag"":""\""4a4fc22f14e0f92a4a3ddb80bb25222a\"""",""size"":145443,""mimetype"":""application/pdf"",""cacheControl"":""max-age=3600"",""lastModified"":""2026-06-10T14:35:44.000Z"",""contentLength"":145443,""httpStatusCode"":200}","2026-06-10 14:35:43.989408+00","2026-06-10 14:35:43.989408+00"
"57cd9d6d-1e5f-495a-ab8d-2476ba576f85","log-attachments","logs/2026/06/10/a7427acf-2145-42ad-8a49-3375c6e72273.pdf","{""eTag"":""\""1f1b1d9a9a7cf8854aa1f6f4feee9aad\"""",""size"":176028,""mimetype"":""application/pdf"",""cacheControl"":""max-age=3600"",""lastModified"":""2026-06-10T14:35:44.000Z"",""contentLength"":176028,""httpStatusCode"":200}","2026-06-10 14:35:43.66404+00","2026-06-10 14:35:43.66404+00"
"5aaae0a6-f343-4bde-aea6-36753725f0f2","log-attachments","logs/2026/06/10/b868158a-ca31-4d61-b20d-4dcbfe2331c3.md","{""eTag"":""\""038eabfa4c56b7327a9555404e90e49e\"""",""size"":823,""mimetype"":""text/markdown"",""cacheControl"":""max-age=3600"",""lastModified"":""2026-06-10T14:35:31.000Z"",""contentLength"":823,""httpStatusCode"":200}","2026-06-10 14:35:30.293303+00","2026-06-10 14:35:30.293303+00"
"4206f0b5-0aa5-4fc3-90f0-2b9fbfd7d7d4","log-attachments","logs/2026/06/10/b9e843cf-1dcb-40d6-8706-6c83701237d8.md","{""eTag"":""\""1a0a8388e8b2f6e13e7b5301850d0d06\"""",""size"":1415,""mimetype"":""text/markdown"",""cacheControl"":""max-age=3600"",""lastModified"":""2026-06-10T14:35:31.000Z"",""contentLength"":1415,""httpStatusCode"":200}","2026-06-10 14:35:30.062394+00","2026-06-10 14:35:30.062394+00"
"68d9b282-0822-4239-a4ca-8ca4abc5fb3f","log-attachments","logs/2026/06/10/e3fc5c01-61bf-4ac9-9a88-929aa5dcb47c.pdf","{""eTag"":""\""b5a26dcc0a5365112fb3b8fe650f0be7\"""",""size"":217977,""mimetype"":""application/pdf"",""cacheControl"":""max-age=3600"",""lastModified"":""2026-06-10T14:35:43.000Z"",""contentLength"":217977,""httpStatusCode"":200}","2026-06-10 14:35:43.035562+00","2026-06-10 14:35:43.035562+00"
"b6e5030f-aab6-4230-ab85-b5aea100a71c","log-attachments","logs/2026/06/14/3039e2fd-2bbd-4def-b6e6-e1cd59ea6024.pdf","{""eTag"":""\""b1a5a0c2a87bf921496cdf07daa9c610\"""",""size"":133557,""mimetype"":""application/pdf"",""cacheControl"":""max-age=3600"",""lastModified"":""2026-06-14T13:18:59.000Z"",""contentLength"":133557,""httpStatusCode"":200}","2026-06-14 13:18:58.103228+00","2026-06-14 13:18:58.103228+00"
"a0724adc-0441-454e-a160-bf5e0ef02e70","log-attachments","logs/2026/06/14/36ebdcd0-6abd-4f60-a9a8-c2e111b4aa44.md","{""eTag"":""\""14ecf6d5f92915d5981d5b83aea63dcf\"""",""size"":542,""mimetype"":""text/markdown"",""cacheControl"":""max-age=3600"",""lastModified"":""2026-06-14T13:18:09.000Z"",""contentLength"":542,""httpStatusCode"":200}","2026-06-14 13:18:08.818682+00","2026-06-14 13:18:08.818682+00"
"117829a9-60df-4608-984f-01b3b0441368","log-attachments","logs/2026/06/14/4f2d2b57-5c3f-4277-ab88-968f3cdcffb8.md","{""eTag"":""\""75f5c5ee63fad0ae3d374b08de4da210\"""",""size"":1295,""mimetype"":""text/markdown"",""cacheControl"":""max-age=3600"",""lastModified"":""2026-06-14T13:18:09.000Z"",""contentLength"":1295,""httpStatusCode"":200}","2026-06-14 13:18:08.602623+00","2026-06-14 13:18:08.602623+00"
"daa88ffc-ea08-4570-b5c2-2a750dc14e6c","log-attachments","logs/2026/06/14/c257e95f-0a4a-48d5-9eb6-adb555c03d0f.pdf","{""eTag"":""\""5cc8223f22a8df6ca20dc89d3cf3388c\"""",""size"":173755,""mimetype"":""application/pdf"",""cacheControl"":""max-age=3600"",""lastModified"":""2026-06-14T13:18:58.000Z"",""contentLength"":173755,""httpStatusCode"":200}","2026-06-14 13:18:57.842872+00","2026-06-14 13:18:57.842872+00"
"c803dd7f-3bd9-4525-873b-029feeceb7d7","log-attachments","logs/2026/06/14/c70a2035-a7aa-437c-a210-cef62f8a59eb.pdf","{""eTag"":""\""d0b37fa4525a9ae630bda9920bce199f\"""",""size"":159840,""mimetype"":""application/pdf"",""cacheControl"":""max-age=3600"",""lastModified"":""2026-06-14T13:18:58.000Z"",""contentLength"":159840,""httpStatusCode"":200}","2026-06-14 13:18:57.570475+00","2026-06-14 13:18:57.570475+00"
"c6522f71-8f41-4aac-9437-727ac4b76658","log-attachments","logs/2026/06/14/ca647db0-225a-4335-bff5-afdaba08bebc.pdf","{""eTag"":""\""1f4e82b0eeed91bce58468073bad834a\"""",""size"":213637,""mimetype"":""application/pdf"",""cacheControl"":""max-age=3600"",""lastModified"":""2026-06-14T13:18:58.000Z"",""contentLength"":213637,""httpStatusCode"":200}","2026-06-14 13:18:57.339824+00","2026-06-14 13:18:57.339824+00"
"0132e9c4-2016-497c-8fe6-bce5d35f30b2","log-attachments","logs/2026/06/14/f2505acd-c245-4799-bad3-9f5edcf08621.md","{""eTag"":""\""082b8ba2536cd1e303c0f87078b92035\"""",""size"":972,""mimetype"":""text/markdown"",""cacheControl"":""max-age=3600"",""lastModified"":""2026-06-14T13:18:09.000Z"",""contentLength"":972,""httpStatusCode"":200}","2026-06-14 13:18:08.385291+00","2026-06-14 13:18:08.385291+00"
"f63c1216-520a-4d7b-99ce-eb0dbbd29245","log-attachments","logs/2026/06/14/f48b135f-5203-4107-a4e9-f5ca4cc79050.md","{""eTag"":""\""7fd31b62818dd2fccac6ee167f2ed214\"""",""size"":2492,""mimetype"":""text/markdown"",""cacheControl"":""max-age=3600"",""lastModified"":""2026-06-14T13:18:09.000Z"",""contentLength"":2492,""httpStatusCode"":200}","2026-06-14 13:18:08.11441+00","2026-06-14 13:18:08.11441+00"
"360aff2b-ab95-4ff7-aac1-f1ff4aba049f","log-attachments","logs/2026/06/17/4ea4818b-9a45-451f-8b2e-c248f0cb6e3b.pdf","{""eTag"":""\""2e3226f32fa57687f3166c04f8afccaf\"""",""size"":197866,""mimetype"":""application/pdf"",""cacheControl"":""max-age=3600"",""lastModified"":""2026-06-16T22:36:31.000Z"",""contentLength"":197866,""httpStatusCode"":200}","2026-06-16 22:36:30.966296+00","2026-06-16 22:36:30.966296+00"
"57cab7ea-df3f-4cda-98fe-696b861bae26","log-attachments","logs/2026/06/17/4ec16e8b-fedc-4862-9a0a-d6da1000ba04.md","{""eTag"":""\""46ba5fcc6f71786e1ff5e2dbd949363d\"""",""size"":891,""mimetype"":""text/markdown"",""cacheControl"":""max-age=3600"",""lastModified"":""2026-06-16T22:32:37.000Z"",""contentLength"":891,""httpStatusCode"":200}","2026-06-16 22:32:36.060519+00","2026-06-16 22:32:36.060519+00"
"3e02d82d-7bcd-4013-94a4-84cc48819fee","log-attachments","logs/2026/06/17/8380957b-0ede-47a4-bae2-c29a3b6d2237.md","{""eTag"":""\""6597439e3d060132c29505c5322e3b0a\"""",""size"":1131,""mimetype"":""text/markdown"",""cacheControl"":""max-age=3600"",""lastModified"":""2026-06-16T22:36:21.000Z"",""contentLength"":1131,""httpStatusCode"":200}","2026-06-16 22:36:20.243601+00","2026-06-16 22:36:20.243601+00"
"20a58ff3-0a0f-4372-bba1-b8d918cc35fb","log-attachments","logs/2026/06/17/8a3005fe-6695-460a-8745-43d230b1c7ed.pdf","{""eTag"":""\""58d91b4b4a5022cc871cf258d3884622\"""",""size"":164429,""mimetype"":""application/pdf"",""cacheControl"":""max-age=3600"",""lastModified"":""2026-06-16T22:36:31.000Z"",""contentLength"":164429,""httpStatusCode"":200}","2026-06-16 22:36:30.706104+00","2026-06-16 22:36:30.706104+00"
"b564648a-880d-4076-aec7-6f00a61bd2e6","log-attachments","logs/2026/06/17/8a9cd84f-b1ad-4cd1-a254-70263cd5c133.md","{""eTag"":""\""46ba5fcc6f71786e1ff5e2dbd949363d\"""",""size"":891,""mimetype"":""text/markdown"",""cacheControl"":""max-age=3600"",""lastModified"":""2026-06-16T22:36:20.000Z"",""contentLength"":891,""httpStatusCode"":200}","2026-06-16 22:36:19.838896+00","2026-06-16 22:36:19.838896+00"
"515cca09-a005-4080-a32b-95c3753199f6","log-attachments","logs/2026/06/17/8de95c0f-96a1-4f03-8770-b7159ad23c64.pdf","{""eTag"":""\""5eb3d9d2cddf89b8ad2bb3607b6da127\"""",""size"":170889,""mimetype"":""application/pdf"",""cacheControl"":""max-age=3600"",""lastModified"":""2026-06-16T22:34:00.000Z"",""contentLength"":170889,""httpStatusCode"":200}","2026-06-16 22:33:59.365703+00","2026-06-16 22:33:59.365703+00"
"00e1e5b1-8348-410a-ac2c-235b6ce4d574","log-attachments","logs/2026/06/17/a7728e89-74a4-4017-82a5-c04e2297e782.pdf","{""eTag"":""\""58d91b4b4a5022cc871cf258d3884622\"""",""size"":164429,""mimetype"":""application/pdf"",""cacheControl"":""max-age=3600"",""lastModified"":""2026-06-16T22:33:59.000Z"",""contentLength"":164429,""httpStatusCode"":200}","2026-06-16 22:33:58.723479+00","2026-06-16 22:33:58.723479+00"
"cce80703-c0f3-4ce0-8182-0c1483f6a8ad","log-attachments","logs/2026/06/17/b27791c8-9f3d-42da-b68f-07cb08c6214a.pdf","{""eTag"":""\""5eb3d9d2cddf89b8ad2bb3607b6da127\"""",""size"":170889,""mimetype"":""application/pdf"",""cacheControl"":""max-age=3600"",""lastModified"":""2026-06-16T22:36:32.000Z"",""contentLength"":170889,""httpStatusCode"":200}","2026-06-16 22:36:31.18411+00","2026-06-16 22:36:31.18411+00"
"c20565ba-9003-4c97-9ecb-46133e07eefa","log-attachments","logs/2026/06/17/b54fa973-cb4a-4d51-a4bd-522e75c24e7b.md","{""eTag"":""\""6597439e3d060132c29505c5322e3b0a\"""",""size"":1131,""mimetype"":""text/markdown"",""cacheControl"":""max-age=3600"",""lastModified"":""2026-06-16T22:32:37.000Z"",""contentLength"":1131,""httpStatusCode"":200}","2026-06-16 22:32:36.471929+00","2026-06-16 22:32:36.471929+00"
"ffc523ff-8158-4cce-abe0-34de07f615e4","log-attachments","logs/2026/06/17/bcb58cfa-f25c-4595-8567-b2a1988ca35f.pdf","{""eTag"":""\""2e3226f32fa57687f3166c04f8afccaf\"""",""size"":197866,""mimetype"":""application/pdf"",""cacheControl"":""max-age=3600"",""lastModified"":""2026-06-16T22:34:00.000Z"",""contentLength"":197866,""httpStatusCode"":200}","2026-06-16 22:33:59.10884+00","2026-06-16 22:33:59.10884+00"
"ace5631b-deb1-4343-8bf1-b4d4abdd203a","log-attachments","logs/2026/06/17/bcd93d0b-89e8-438a-989b-4a4037839d1c.pdf","{""eTag"":""\""dcb8e981605ffa92cade2663e332bc4a\"""",""size"":233148,""mimetype"":""application/pdf"",""cacheControl"":""max-age=3600"",""lastModified"":""2026-06-16T22:33:59.000Z"",""contentLength"":233148,""httpStatusCode"":200}","2026-06-16 22:33:58.451684+00","2026-06-16 22:33:58.451684+00"
"474d7170-e18f-497b-b077-038731a0d163","log-attachments","logs/2026/06/17/c98529bf-71bd-4366-ae70-f721bc783355.md","{""eTag"":""\""d169a84e767e718610896bfcfbeb87e0\"""",""size"":2976,""mimetype"":""text/markdown"",""cacheControl"":""max-age=3600"",""lastModified"":""2026-06-16T22:32:36.000Z"",""contentLength"":2976,""httpStatusCode"":200}","2026-06-16 22:32:35.86733+00","2026-06-16 22:32:35.86733+00"
"dfcfb3e9-3eff-4421-ad0a-40f1bcda30b2","log-attachments","logs/2026/06/17/ec43671e-fbd6-4f5f-9891-56eeba58cb68.md","{""eTag"":""\""c82ec4ba7d5a9d438fb888b5eb12a339\"""",""size"":1637,""mimetype"":""text/markdown"",""cacheControl"":""max-age=3600"",""lastModified"":""2026-06-16T22:32:37.000Z"",""contentLength"":1637,""httpStatusCode"":200}","2026-06-16 22:32:36.267926+00","2026-06-16 22:32:36.267926+00"
"d069bfac-3f6d-4438-a4f0-b25b8bb948e5","log-attachments","logs/2026/06/17/ee69d4d9-ebcb-4233-b7f4-ce9c8d709967.md","{""eTag"":""\""d169a84e767e718610896bfcfbeb87e0\"""",""size"":2976,""mimetype"":""text/markdown"",""cacheControl"":""max-age=3600"",""lastModified"":""2026-06-16T22:36:20.000Z"",""contentLength"":2976,""httpStatusCode"":200}","2026-06-16 22:36:19.29593+00","2026-06-16 22:36:19.29593+00"
"b4cf0f23-fa7f-49c2-ba6a-8acb96cf446a","log-attachments","logs/2026/06/17/f5636340-8685-4769-9338-5a8a31df855a.md","{""eTag"":""\""c82ec4ba7d5a9d438fb888b5eb12a339\"""",""size"":1637,""mimetype"":""text/markdown"",""cacheControl"":""max-age=3600"",""lastModified"":""2026-06-16T22:36:20.000Z"",""contentLength"":1637,""httpStatusCode"":200}","2026-06-16 22:36:20.039289+00","2026-06-16 22:36:20.039289+00"
"a30503a9-b870-4c90-9eed-d479dba1cd98","log-attachments","logs/2026/06/17/f784c4a6-ff26-4e16-ae44-016d5d0d0b2c.pdf","{""eTag"":""\""dcb8e981605ffa92cade2663e332bc4a\"""",""size"":233148,""mimetype"":""application/pdf"",""cacheControl"":""max-age=3600"",""lastModified"":""2026-06-16T22:36:31.000Z"",""contentLength"":233148,""httpStatusCode"":200}","2026-06-16 22:36:30.278859+00","2026-06-16 22:36:30.278859+00"
"ad2dce2b-e2b4-4293-bef5-f49247209d8b","log-attachments","logs/2026/06/21/01866be7-8aba-4746-8ca8-185ef42e09a1.pdf","{""eTag"":""\""384fb2e230b1cb5d900a290474be7ccc\"""",""size"":150516,""mimetype"":""application/pdf"",""cacheControl"":""max-age=3600"",""lastModified"":""2026-06-20T22:52:36.000Z"",""contentLength"":150516,""httpStatusCode"":200}","2026-06-20 22:52:35.141031+00","2026-06-20 22:52:35.141031+00"
"c55d0e3a-d946-4edf-9f93-2cdfbbe9d77c","log-attachments","logs/2026/06/21/1d254ce8-bbbd-4b12-af5e-9554b92eba50.pdf","{""eTag"":""\""f68fd851b70128988bbc54b66d23803a\"""",""size"":11886,""mimetype"":""application/pdf"",""cacheControl"":""max-age=3600"",""lastModified"":""2026-06-20T22:49:56.000Z"",""contentLength"":11886,""httpStatusCode"":200}","2026-06-20 22:49:55.781711+00","2026-06-20 22:49:55.781711+00"
"a39f35ee-553b-445c-96d8-a1c6d393ca05","log-attachments","logs/2026/06/21/1f62e9a5-59ca-49d7-9fdf-83b11ec24eff.md","{""eTag"":""\""5fe9e4a2567d6fcbea1c5a30c305efc5\"""",""size"":799,""mimetype"":""text/markdown"",""cacheControl"":""max-age=3600"",""lastModified"":""2026-06-20T22:49:49.000Z"",""contentLength"":799,""httpStatusCode"":200}","2026-06-20 22:49:48.9966+00","2026-06-20 22:49:48.9966+00"
"ad936e8d-5fb8-44fc-9c12-753fe37eb07a","log-attachments","logs/2026/06/21/23967010-f800-4de4-8269-4b8b21393feb.pdf","{""eTag"":""\""fa90e63fbb09af7de9ddfac9d8971a44\"""",""size"":220491,""mimetype"":""application/pdf"",""cacheControl"":""max-age=3600"",""lastModified"":""2026-06-20T22:52:35.000Z"",""contentLength"":220491,""httpStatusCode"":200}","2026-06-20 22:52:34.505972+00","2026-06-20 22:52:34.505972+00"
"3505c0b4-d1ef-48dc-8688-260e8f37386b","log-attachments","logs/2026/06/21/25b3cf52-1e70-4f82-93b4-0c6bc1318841.pdf","{""eTag"":""\""c9533f66ccc994537de3db6f596ecfdd\"""",""size"":161587,""mimetype"":""application/pdf"",""cacheControl"":""max-age=3600"",""lastModified"":""2026-06-20T22:49:56.000Z"",""contentLength"":161587,""httpStatusCode"":200}","2026-06-20 22:49:55.553071+00","2026-06-20 22:49:55.553071+00"
"3fe09e15-96ea-4a81-8ed3-3494fd30af23","log-attachments","logs/2026/06/21/265106ba-6ad8-40c9-b71e-f3b364a7059f.pdf","{""eTag"":""\""f68fd851b70128988bbc54b66d23803a\"""",""size"":11886,""mimetype"":""application/pdf"",""cacheControl"":""max-age=3600"",""lastModified"":""2026-06-20T22:52:35.000Z"",""contentLength"":11886,""httpStatusCode"":200}","2026-06-20 22:52:34.921609+00","2026-06-20 22:52:34.921609+00"
"b6796d06-835d-4cb4-9554-5a7de458ea23","log-attachments","logs/2026/06/21/440c302d-badc-445f-b3eb-3c3296503547.pdf","{""eTag"":""\""384fb2e230b1cb5d900a290474be7ccc\"""",""size"":150516,""mimetype"":""application/pdf"",""cacheControl"":""max-age=3600"",""lastModified"":""2026-06-20T22:49:57.000Z"",""contentLength"":150516,""httpStatusCode"":200}","2026-06-20 22:49:56.075314+00","2026-06-20 22:49:56.075314+00"
"caf09bd6-c016-4afd-8ddb-279a8a28f14c","log-attachments","logs/2026/06/21/8178440f-0874-4e55-8079-ee2140fc090a.md","{""eTag"":""\""22e03b6a6b37a98680a32985975bafb8\"""",""size"":1000,""mimetype"":""text/markdown"",""cacheControl"":""max-age=3600"",""lastModified"":""2026-06-20T22:52:28.000Z"",""contentLength"":1000,""httpStatusCode"":200}","2026-06-20 22:52:27.298799+00","2026-06-20 22:52:27.298799+00"
"fe63e9a7-b767-4017-aeb9-128fe3e1c803","log-attachments","logs/2026/06/21/88fcc719-f295-42b6-9756-4a13b3bf5e1d.pdf","{""eTag"":""\""c9533f66ccc994537de3db6f596ecfdd\"""",""size"":161587,""mimetype"":""application/pdf"",""cacheControl"":""max-age=3600"",""lastModified"":""2026-06-20T22:52:35.000Z"",""contentLength"":161587,""httpStatusCode"":200}","2026-06-20 22:52:34.739298+00","2026-06-20 22:52:34.739298+00"
"b3de5ad0-8ff1-45e8-99df-3908de240ab8","log-attachments","logs/2026/06/21/90eac026-5c99-4754-babf-c60d8f56c981.md","{""eTag"":""\""5fe9e4a2567d6fcbea1c5a30c305efc5\"""",""size"":799,""mimetype"":""text/markdown"",""cacheControl"":""max-age=3600"",""lastModified"":""2026-06-20T22:52:28.000Z"",""contentLength"":799,""httpStatusCode"":200}","2026-06-20 22:52:27.785426+00","2026-06-20 22:52:27.785426+00"
"3ec388ac-e40b-41b7-86f0-34947db124c1","log-attachments","logs/2026/06/21/95b9d864-6b0b-4f82-a682-997ad9f04a93.pdf","{""eTag"":""\""add317e77bb7a8842f036a1988dcafb6\"""",""size"":195575,""mimetype"":""application/pdf"",""cacheControl"":""max-age=3600"",""lastModified"":""2026-06-20T22:56:42.000Z"",""contentLength"":195575,""httpStatusCode"":200}","2026-06-20 22:56:41.137107+00","2026-06-20 22:56:41.137107+00"
"be3a4b76-95c0-4b95-a8a8-459bb55a0195","log-attachments","logs/2026/06/21/a9f3359b-c669-404a-a6ea-ce0a5ee81243.pdf","{""eTag"":""\""384fb2e230b1cb5d900a290474be7ccc\"""",""size"":150516,""mimetype"":""application/pdf"",""cacheControl"":""max-age=3600"",""lastModified"":""2026-06-20T22:57:21.000Z"",""contentLength"":150516,""httpStatusCode"":200}","2026-06-20 22:57:20.307194+00","2026-06-20 22:57:20.307194+00"
"72703fdc-cced-4d74-87a5-7aae02783835","log-attachments","logs/2026/06/21/b02ae597-51c6-4324-8fb8-c79d398bcdea.md","{""eTag"":""\""22e03b6a6b37a98680a32985975bafb8\"""",""size"":1000,""mimetype"":""text/markdown"",""cacheControl"":""max-age=3600"",""lastModified"":""2026-06-20T22:49:49.000Z"",""contentLength"":1000,""httpStatusCode"":200}","2026-06-20 22:49:48.528271+00","2026-06-20 22:49:48.528271+00"
"b0088ca7-c453-42ab-afdd-ed39827f59b3","log-attachments","logs/2026/06/21/c2c5bcc4-80eb-458a-bcb0-ca177a434b44.pdf","{""eTag"":""\""fa90e63fbb09af7de9ddfac9d8971a44\"""",""size"":220491,""mimetype"":""application/pdf"",""cacheControl"":""max-age=3600"",""lastModified"":""2026-06-20T22:49:56.000Z"",""contentLength"":220491,""httpStatusCode"":200}","2026-06-20 22:49:55.073442+00","2026-06-20 22:49:55.073442+00"
"1720fdda-71c8-48ff-a7b5-4965b33307c4","log-attachments","logs/2026/06/21/c7ba4b03-c41f-40da-9c92-89bb42a79194.md","{""eTag"":""\""4ef5eaf0edabe76daef4d093d79e0d55\"""",""size"":1509,""mimetype"":""text/markdown"",""cacheControl"":""max-age=3600"",""lastModified"":""2026-06-20T22:52:28.000Z"",""contentLength"":1509,""httpStatusCode"":200}","2026-06-20 22:52:27.51857+00","2026-06-20 22:52:27.51857+00"
"6b4d1952-5eb4-422a-874c-2e1668d817a8","log-attachments","logs/2026/06/21/cc8883d8-2b29-4126-ab8c-f1d415cea2a1.md","{""eTag"":""\""4ef5eaf0edabe76daef4d093d79e0d55\"""",""size"":1509,""mimetype"":""text/markdown"",""cacheControl"":""max-age=3600"",""lastModified"":""2026-06-20T22:49:49.000Z"",""contentLength"":1509,""httpStatusCode"":200}","2026-06-20 22:49:48.804072+00","2026-06-20 22:49:48.804072+00"
"5a7aef05-77fa-4095-b9a2-08ada61b3946","log-attachments","logs/2026/06/21/dfb1cc4c-b28a-4685-a31d-49d353e24537.md","{""eTag"":""\""cd7a2e96d62ec0ed88f0772dcf234aae\"""",""size"":2813,""mimetype"":""text/markdown"",""cacheControl"":""max-age=3600"",""lastModified"":""2026-06-20T22:49:49.000Z"",""contentLength"":2813,""httpStatusCode"":200}","2026-06-20 22:49:48.318743+00","2026-06-20 22:49:48.318743+00"
"ad7a37e4-6db2-4e7d-b9d7-ab4cd24fddc2","log-attachments","logs/2026/06/21/eef90a48-88f6-4eba-9bd6-aac24101b55d.md","{""eTag"":""\""cd7a2e96d62ec0ed88f0772dcf234aae\"""",""size"":2813,""mimetype"":""text/markdown"",""cacheControl"":""max-age=3600"",""lastModified"":""2026-06-20T22:52:28.000Z"",""contentLength"":2813,""httpStatusCode"":200}","2026-06-20 22:52:27.07712+00","2026-06-20 22:52:27.07712+00"
"c69cc426-d986-4243-bd73-6fb805a136f6","log-attachments","logs/2026/06/24/1e6a8474-235f-4c44-a0f7-4d1f73a36bcd.pdf","{""eTag"":""\""68f1fd0679f7a94fbba136d9ea207658\"""",""size"":159096,""mimetype"":""application/pdf"",""cacheControl"":""max-age=3600"",""lastModified"":""2026-06-24T14:47:16.000Z"",""contentLength"":159096,""httpStatusCode"":200}","2026-06-24 14:47:15.921624+00","2026-06-24 14:47:15.921624+00"
"642ee312-6c71-4db8-9766-d53aa102f8c3","log-attachments","logs/2026/06/24/34b2e163-3f58-4ef2-9657-a0ff4667c54d.md","{""eTag"":""\""40490090b31cc61d846424e776362028\"""",""size"":1005,""mimetype"":""text/markdown"",""cacheControl"":""max-age=3600"",""lastModified"":""2026-06-24T14:47:07.000Z"",""contentLength"":1005,""httpStatusCode"":200}","2026-06-24 14:47:06.821018+00","2026-06-24 14:47:06.821018+00"
"5851d100-4811-4063-978d-6f9ecceadcdf","log-attachments","logs/2026/06/24/68913cf3-26f7-481a-9fd5-de5448a23e9a.pdf","{""eTag"":""\""58637fb77b9f9389d21791c7f4ea6dfc\"""",""size"":257217,""mimetype"":""application/pdf"",""cacheControl"":""max-age=3600"",""lastModified"":""2026-06-24T14:47:16.000Z"",""contentLength"":257217,""httpStatusCode"":200}","2026-06-24 14:47:15.104875+00","2026-06-24 14:47:15.104875+00"
"2120f9d3-a0c8-4c78-9e8e-bbb7aa2e8c24","log-attachments","logs/2026/06/24/6f53cce2-937f-40e6-a661-d5cc2dba8d28.md","{""eTag"":""\""f7454319e625ec91bdf284b112d55d5b\"""",""size"":1598,""mimetype"":""text/markdown"",""cacheControl"":""max-age=3600"",""lastModified"":""2026-06-24T14:47:07.000Z"",""contentLength"":1598,""httpStatusCode"":200}","2026-06-24 14:47:06.595022+00","2026-06-24 14:47:06.595022+00"
"e06f48cf-94e2-46f0-abb4-f404cd8f0559","log-attachments","logs/2026/06/24/d9911f7d-7084-4a3d-8584-bd3da17bc915.md","{""eTag"":""\""dd14523d91f20c0062caa4540f88cdfb\"""",""size"":831,""mimetype"":""text/markdown"",""cacheControl"":""max-age=3600"",""lastModified"":""2026-06-24T14:47:07.000Z"",""contentLength"":831,""httpStatusCode"":200}","2026-06-24 14:47:06.351997+00","2026-06-24 14:47:06.351997+00"
"638149fe-a6f2-4dd6-8dca-38c90c0f384c","log-attachments","logs/2026/06/24/d99721ff-34e3-4d0b-98fb-cdba9ee40158.pdf","{""eTag"":""\""22fde65aa61a8faa3e5d3afdcee1cd72\"""",""size"":161299,""mimetype"":""application/pdf"",""cacheControl"":""max-age=3600"",""lastModified"":""2026-06-24T14:47:16.000Z"",""contentLength"":161299,""httpStatusCode"":200}","2026-06-24 14:47:15.440924+00","2026-06-24 14:47:15.440924+00"
"004e710b-3240-4159-ab61-4f44bd2bee03","log-attachments","logs/2026/06/24/f315184f-0fd9-42f3-81e6-71e4ad94d746.pdf","{""eTag"":""\""7bfd9f8b576a60bfd8485a1ad69e4561\"""",""size"":195683,""mimetype"":""application/pdf"",""cacheControl"":""max-age=3600"",""lastModified"":""2026-06-24T14:47:16.000Z"",""contentLength"":195683,""httpStatusCode"":200}","2026-06-24 14:47:15.682111+00","2026-06-24 14:47:15.682111+00"
"7501a61f-17a3-45b3-8419-2191712228c7","log-attachments","logs/2026/06/24/f76d1661-0218-4bbd-a9ce-6fc2cc4982ce.md","{""eTag"":""\""cddbc3dd3b65c5f49e957133b7297c90\"""",""size"":3963,""mimetype"":""text/markdown"",""cacheControl"":""max-age=3600"",""lastModified"":""2026-06-24T14:47:07.000Z"",""contentLength"":3963,""httpStatusCode"":200}","2026-06-24 14:47:06.135673+00","2026-06-24 14:47:06.135673+00"
"b066b10a-36b0-48bc-b4fd-f26023e95a36","log-attachments","logs/2026/06/28/4dc180b5-e2de-4579-ab1e-7f7e6bbfa49c.md","{""eTag"":""\""1898b44a02ba35b3a8089acd7eb41846\"""",""size"":1315,""mimetype"":""text/markdown"",""cacheControl"":""max-age=3600"",""lastModified"":""2026-06-27T15:53:52.000Z"",""contentLength"":1315,""httpStatusCode"":200}","2026-06-27 15:53:51.892045+00","2026-06-27 15:53:51.892045+00"
"28dcfc6c-05b9-4dc4-9f57-a3509cdf7255","log-attachments","logs/2026/06/28/6079dd76-9d90-4e3e-bf80-fed7c20a263a.md","{""eTag"":""\""73b51077134fb6944434136da7cfbb0d\"""",""size"":2543,""mimetype"":""text/markdown"",""cacheControl"":""max-age=3600"",""lastModified"":""2026-06-27T15:53:53.000Z"",""contentLength"":2543,""httpStatusCode"":200}","2026-06-27 15:53:52.333197+00","2026-06-27 15:53:52.333197+00"
"37d393aa-d94a-4859-8c26-4a81a03f5a23","log-attachments","logs/2026/06/28/71bbaa67-2205-499c-b354-f02838c22910.md","{""eTag"":""\""88218c066fad0673f8942a5d99d32135\"""",""size"":3459,""mimetype"":""text/markdown"",""cacheControl"":""max-age=3600"",""lastModified"":""2026-06-27T15:53:52.000Z"",""contentLength"":3459,""httpStatusCode"":200}","2026-06-27 15:53:51.634495+00","2026-06-27 15:53:51.634495+00"
"85475176-0206-4b62-97aa-1e3e8dad7616","log-attachments","logs/2026/06/28/73955e19-17c5-418a-b182-51ccd21b2138.pdf","{""eTag"":""\""013689bce0a3c616f1572f9044092f78\"""",""size"":240412,""mimetype"":""application/pdf"",""cacheControl"":""max-age=3600"",""lastModified"":""2026-06-27T15:54:06.000Z"",""contentLength"":240412,""httpStatusCode"":200}","2026-06-27 15:54:05.125173+00","2026-06-27 15:54:05.125173+00"
"2f923e8b-2ae3-41a9-bb7e-3e0edc37972f","log-attachments","logs/2026/06/28/a30745b8-756d-4629-a26e-5209ca84f45a.pdf","{""eTag"":""\""b2075b1861fd5663ce6ccedc1b613fa9\"""",""size"":251654,""mimetype"":""application/pdf"",""cacheControl"":""max-age=3600"",""lastModified"":""2026-06-27T15:54:05.000Z"",""contentLength"":251654,""httpStatusCode"":200}","2026-06-27 15:54:04.501858+00","2026-06-27 15:54:04.501858+00"
"d5bac7a4-36bd-4432-94b2-c3e8c0efae1c","log-attachments","logs/2026/06/28/ad405585-6a2d-441f-b920-4b5f12c8d06d.pdf","{""eTag"":""\""26b51bb4abc02465751b5c2afddd3e55\"""",""size"":219044,""mimetype"":""application/pdf"",""cacheControl"":""max-age=3600"",""lastModified"":""2026-06-27T15:54:06.000Z"",""contentLength"":219044,""httpStatusCode"":200}","2026-06-27 15:54:05.415796+00","2026-06-27 15:54:05.415796+00"
"5c18a193-a452-42e9-8434-65a248be7176","log-attachments","logs/2026/06/28/d8fff5cd-2681-46e1-9818-c72b61f02840.md","{""eTag"":""\""7ea8c8c25f6ab629db8d682ae64e2376\"""",""size"":3004,""mimetype"":""text/markdown"",""cacheControl"":""max-age=3600"",""lastModified"":""2026-06-27T15:53:53.000Z"",""contentLength"":3004,""httpStatusCode"":200}","2026-06-27 15:53:52.121677+00","2026-06-27 15:53:52.121677+00"
"99b3a8cb-f7af-4fa7-8761-cdabfaa0abaf","log-attachments","logs/2026/06/28/ef8ab423-dd8d-4276-81b0-d0b246207d6e.pdf","{""eTag"":""\""556046a9c3dc9361aab2bbc8f401f950\"""",""size"":184759,""mimetype"":""application/pdf"",""cacheControl"":""max-age=3600"",""lastModified"":""2026-06-27T15:54:05.000Z"",""contentLength"":184759,""httpStatusCode"":200}","2026-06-27 15:54:04.806384+00","2026-06-27 15:54:04.806384+00"
"f3941f15-dbee-4186-8d8e-b99d08cc13b9","log-attachments","logs/2026/06/29/2088c867-913e-4f53-81d2-78e3a6a4dda3.md","{""eTag"":""\""a6d44b27be95781e714ca296ad956157\"""",""size"":994,""mimetype"":""text/markdown"",""cacheControl"":""max-age=3600"",""lastModified"":""2026-06-29T13:47:16.000Z"",""contentLength"":994,""httpStatusCode"":200}","2026-06-29 13:47:15.679095+00","2026-06-29 13:47:15.679095+00"
"eac8b9ab-d342-4c7a-977a-b6ddc79defcc","log-attachments","logs/2026/06/29/283d017a-59d8-4be7-89db-f09c9081dc6f.pdf","{""eTag"":""\""26d80aa86c98b2abb32f13655d4ae628\"""",""size"":110721,""mimetype"":""application/pdf"",""cacheControl"":""max-age=3600"",""lastModified"":""2026-06-29T13:47:26.000Z"",""contentLength"":110721,""httpStatusCode"":200}","2026-06-29 13:47:25.762909+00","2026-06-29 13:47:25.762909+00"
"f0b28c4c-9fe1-4871-9930-b5f391833024","log-attachments","logs/2026/06/29/2c192398-5685-4d0e-9e70-3f106da9d8e5.md","{""eTag"":""\""329ae1fa50b44de2dcf4546478ba538e\"""",""size"":340,""mimetype"":""text/markdown"",""cacheControl"":""max-age=3600"",""lastModified"":""2026-06-29T13:47:17.000Z"",""contentLength"":340,""httpStatusCode"":200}","2026-06-29 13:47:16.134442+00","2026-06-29 13:47:16.134442+00"
"964052c8-8f57-420a-b532-74bb25b563c2","log-attachments","logs/2026/06/29/3cb353b4-2131-47ea-89c2-f8c5c36c032d.pdf","{""eTag"":""\""6fd171c7ac16b00b04e8b7973587e6da\"""",""size"":151874,""mimetype"":""application/pdf"",""cacheControl"":""max-age=3600"",""lastModified"":""2026-06-29T13:47:26.000Z"",""contentLength"":151874,""httpStatusCode"":200}","2026-06-29 13:47:25.486324+00","2026-06-29 13:47:25.486324+00"
"2efcb0a8-4b33-4488-b884-0facd4589105","log-attachments","logs/2026/06/29/53eccff2-3b1e-4e9b-a054-9a0f4fc0d847.pdf","{""eTag"":""\""72dbdbc5adab8c98df28558e99abcc1c\"""",""size"":144986,""mimetype"":""application/pdf"",""cacheControl"":""max-age=3600"",""lastModified"":""2026-06-29T13:47:25.000Z"",""contentLength"":144986,""httpStatusCode"":200}","2026-06-29 13:47:24.948257+00","2026-06-29 13:47:24.948257+00"
"9b98ea02-8977-4d7f-8e11-048bc7a44e7a","log-attachments","logs/2026/06/29/8cc1aec2-ce1a-4e4e-91fa-ea3ab0441a05.md","{""eTag"":""\""355884bc16b4fcb88af3a007a3997c95\"""",""size"":2377,""mimetype"":""text/markdown"",""cacheControl"":""max-age=3600"",""lastModified"":""2026-06-29T13:47:16.000Z"",""contentLength"":2377,""httpStatusCode"":200}","2026-06-29 13:47:15.264476+00","2026-06-29 13:47:15.264476+00"
"45a7d254-350c-4cc8-9b8e-a32b795a5262","log-attachments","logs/2026/06/29/9ca6999f-d2c0-43f5-bb0f-2b3e67a66dac.pdf","{""eTag"":""\""fe6140a9342a03ed9d23d137580291f9\"""",""size"":209221,""mimetype"":""application/pdf"",""cacheControl"":""max-age=3600"",""lastModified"":""2026-06-29T13:47:25.000Z"",""contentLength"":209221,""httpStatusCode"":200}","2026-06-29 13:47:24.686385+00","2026-06-29 13:47:24.686385+00"
"31128998-cb9e-4af7-bf1e-0b59833ce472","log-attachments","logs/2026/06/29/de345f5a-67b8-416a-865c-a51c32b559c4.md","{""eTag"":""\""f2299cc05ef0e2f5663399379f54a219\"""",""size"":638,""mimetype"":""text/markdown"",""cacheControl"":""max-age=3600"",""lastModified"":""2026-06-29T13:47:16.000Z"",""contentLength"":638,""httpStatusCode"":200}","2026-06-29 13:47:15.481843+00","2026-06-29 13:47:15.481843+00"
"6ff25b69-47cf-4c87-bee8-9939e13ae6ed","log-attachments","logs/2026/06/29/e11d321f-213d-4fed-be23-cec1cf62cdc0.pdf","{""eTag"":""\""27f67baee5f03a475aeef79103677a8e\"""",""size"":163943,""mimetype"":""application/pdf"",""cacheControl"":""max-age=3600"",""lastModified"":""2026-06-29T13:47:26.000Z"",""contentLength"":163943,""httpStatusCode"":200}","2026-06-29 13:47:25.245972+00","2026-06-29 13:47:25.245972+00"
"87094048-21e6-4dd5-980d-730584e4b2a3","log-attachments","logs/2026/06/29/e9f33853-4efd-43ef-8b55-98b00b45c161.md","{""eTag"":""\""2fd46f97fb91074192a8c12e57260924\"""",""size"":844,""mimetype"":""text/markdown"",""cacheControl"":""max-age=3600"",""lastModified"":""2026-06-29T13:47:16.000Z"",""contentLength"":844,""httpStatusCode"":200}","2026-06-29 13:47:15.896993+00","2026-06-29 13:47:15.896993+00"
"3005c096-4ffd-4222-b21c-8ae3bb525143","log-attachments","logs/2026/07/10/69ba94b0-a2aa-4b10-a76e-a8a515c0bf71.png","{""eTag"":""\""46d3e6673e5a124c7e0612847611503f\"""",""size"":1470473,""mimetype"":""image/png"",""cacheControl"":""max-age=3600"",""lastModified"":""2026-07-10T13:47:11.000Z"",""contentLength"":1470473,""httpStatusCode"":200}","2026-07-10 13:47:10.432266+00","2026-07-10 13:47:10.432266+00"
"eb7a5875-8966-43a3-b3ad-957a3be82209","log-attachments","logs/2026/07/12/32fb3a40-6c4c-4d78-ac53-6018a3fc7a86.png","{""eTag"":""\""b6310eaa92b0351abcddef850cb5f1b0\"""",""size"":2186502,""mimetype"":""image/png"",""cacheControl"":""max-age=3600"",""lastModified"":""2026-07-11T20:09:35.000Z"",""contentLength"":2186502,""httpStatusCode"":200}","2026-07-11 20:09:34.633096+00","2026-07-11 20:09:34.633096+00"
"60370d4b-aa19-4ab7-8037-4d24a3886a92","log-attachments","logs/2026/07/12/579c1f41-12a9-40c2-a9a7-43582164992f.png","{""eTag"":""\""99d4250093aafd325a015f7311c93c75\"""",""size"":2145743,""mimetype"":""image/png"",""cacheControl"":""max-age=3600"",""lastModified"":""2026-07-12T14:16:18.000Z"",""contentLength"":2145743,""httpStatusCode"":200}","2026-07-12 14:16:18.003104+00","2026-07-12 14:16:18.003104+00"
"4442501c-2a33-4ba1-826a-107d2b822d67","log-attachments","logs/2026/07/12/60ee43b1-6b22-4572-bb09-311ddd6d1e0b.png","{""eTag"":""\""0151689bde650de36e6355142cf7275f\"""",""size"":2315691,""mimetype"":""image/png"",""cacheControl"":""max-age=3600"",""lastModified"":""2026-07-11T20:09:21.000Z"",""contentLength"":2315691,""httpStatusCode"":200}","2026-07-11 20:09:20.175766+00","2026-07-11 20:09:20.175766+00"
"bdf16b20-8815-4a92-981e-c2c1b5ba9010","log-attachments","logs/2026/07/12/7b19e4f1-ae9c-4b83-9928-b1ee6b85e655.png","{""eTag"":""\""76010ce1ed3b6b5e4c6f43dfc50e7dc4\"""",""size"":2152851,""mimetype"":""image/png"",""cacheControl"":""max-age=3600"",""lastModified"":""2026-07-11T20:08:26.000Z"",""contentLength"":2152851,""httpStatusCode"":200}","2026-07-11 20:08:25.615177+00","2026-07-11 20:08:25.615177+00"
"81758645-4a6e-478c-b905-cddc8fb09cc3","log-attachments","logs/2026/07/12/85f6a7a9-94e0-49ee-bed1-221f7d74f2c7.png","{""eTag"":""\""c758f644d5ff1e11c699b120a36c580c\"""",""size"":2128302,""mimetype"":""image/png"",""cacheControl"":""max-age=3600"",""lastModified"":""2026-07-12T14:16:23.000Z"",""contentLength"":2128302,""httpStatusCode"":200}","2026-07-12 14:16:22.148745+00","2026-07-12 14:16:22.148745+00"
"1d9e78b2-9617-411f-ade6-57518dc24f23","log-attachments","logs/2026/07/12/ec849026-89e8-4551-b8bb-18e56942f38f.png","{""eTag"":""\""d5bb9d219b2169f13f0c66301040cdda\"""",""size"":2285310,""mimetype"":""image/png"",""cacheControl"":""max-age=3600"",""lastModified"":""2026-07-11T20:09:03.000Z"",""contentLength"":2285310,""httpStatusCode"":200}","2026-07-11 20:09:02.766881+00","2026-07-11 20:09:02.766881+00"
"61dbf600-9eda-424a-97e7-4e6ca681ad92","log-attachments","logs/2026/07/15/8104288d-fd9a-4e20-9e4d-839ea1be6deb.png","{""eTag"":""\""feef827c857234b8b5053fce64e224ca\"""",""size"":1342705,""mimetype"":""image/png"",""cacheControl"":""max-age=3600"",""lastModified"":""2026-07-15T09:34:33.000Z"",""contentLength"":1342705,""httpStatusCode"":200}","2026-07-15 09:34:32.381577+00","2026-07-15 09:34:32.381577+00"
"ea46259e-0211-4391-b876-ceddc8061715","log-attachments","logs/2026/07/15/cbff1153-58fb-4c37-99fc-ae885efc5f14.png","{""eTag"":""\""feef827c857234b8b5053fce64e224ca\"""",""size"":1342705,""mimetype"":""image/png"",""cacheControl"":""max-age=3600"",""lastModified"":""2026-07-15T09:37:08.000Z"",""contentLength"":1342705,""httpStatusCode"":200}","2026-07-15 09:37:07.429983+00","2026-07-15 09:37:07.429983+00"
"5c714f52-52fd-4d90-8b2c-5bbb70df9c5b","log-attachments","logs/2026/07/16/695a2f97-2641-47af-a22d-f5b675cd36cb.png","{""eTag"":""\""a0879db44d731b72d912a15e9f8ebe33\"""",""size"":2024823,""mimetype"":""image/png"",""cacheControl"":""max-age=3600"",""lastModified"":""2026-07-16T13:21:31.000Z"",""contentLength"":2024823,""httpStatusCode"":200}","2026-07-16 13:21:30.649418+00","2026-07-16 13:21:30.649418+00"
"23723f15-d2c4-4ab8-998d-207e88dcffb3","log-attachments","logs/2026/07/16/6a0d41d1-12eb-4fed-8ed0-ea4a93d57898.png","{""eTag"":""\""0864cd39d7990c04a11de65bf33ad408\"""",""size"":1683926,""mimetype"":""image/png"",""cacheControl"":""max-age=3600"",""lastModified"":""2026-07-16T13:21:38.000Z"",""contentLength"":1683926,""httpStatusCode"":200}","2026-07-16 13:21:37.514884+00","2026-07-16 13:21:37.514884+00"
"9c978a28-dbef-4fde-9325-2a7ea4fbce49","log-attachments","logs/2026/07/16/6a8b7400-5b46-47f1-87d9-74e71e9d6681.png","{""eTag"":""\""0864cd39d7990c04a11de65bf33ad408\"""",""size"":1683926,""mimetype"":""image/png"",""cacheControl"":""max-age=3600"",""lastModified"":""2026-07-16T13:12:17.000Z"",""contentLength"":1683926,""httpStatusCode"":200}","2026-07-16 13:12:16.663995+00","2026-07-16 13:12:16.663995+00"
"1a19e68f-9a2d-4fee-8268-ca091e624bf4","log-attachments","logs/2026/07/16/7a33d12a-0fed-4e17-a52a-95788a14f76f.png","{""eTag"":""\""45bb5cbe10598c8a9bcbd1079e959fe4\"""",""size"":1926501,""mimetype"":""image/png"",""cacheControl"":""max-age=3600"",""lastModified"":""2026-07-16T13:21:35.000Z"",""contentLength"":1926501,""httpStatusCode"":200}","2026-07-16 13:21:34.096193+00","2026-07-16 13:21:34.096193+00"
"5c448aa9-c825-4db0-bd3f-03284be0109f","log-attachments","logs/2026/07/16/8592e658-a575-40d3-a362-cf29413a1270.png","{""eTag"":""\""1773c44079576612d8396fb7f81c89e8\"""",""size"":1127942,""mimetype"":""image/png"",""cacheControl"":""max-age=3600"",""lastModified"":""2026-07-15T16:11:24.000Z"",""contentLength"":1127942,""httpStatusCode"":200}","2026-07-15 16:11:23.489783+00","2026-07-15 16:11:23.489783+00"
"98dbffd7-19ac-49e6-812c-c476d05d400c","log-attachments","logs/2026/07/16/c672f2a6-7310-44d3-9310-9f64f15a1411.png","{""eTag"":""\""f59ee5e94a820476dbc24fa2fd6e21c4\"""",""size"":1192003,""mimetype"":""image/png"",""cacheControl"":""max-age=3600"",""lastModified"":""2026-07-15T16:11:21.000Z"",""contentLength"":1192003,""httpStatusCode"":200}","2026-07-15 16:11:20.186161+00","2026-07-15 16:11:20.186161+00"
"6b6e7db1-ac16-49ac-a05f-801f8df7214e","log-attachments","logs/2026/07/16/daab8c70-3005-485b-a2c8-5308dc779cd8.png","{""eTag"":""\""a0879db44d731b72d912a15e9f8ebe33\"""",""size"":2024823,""mimetype"":""image/png"",""cacheControl"":""max-age=3600"",""lastModified"":""2026-07-16T13:21:23.000Z"",""contentLength"":2024823,""httpStatusCode"":200}","2026-07-16 13:21:22.109806+00","2026-07-16 13:21:22.109806+00"
"42536012-6439-4e06-ad3a-cd7a9ffe0114","log-attachments","logs/2026/07/16/e123e89e-8760-4670-b1e9-1656a8a0421c.png","{""eTag"":""\""45bb5cbe10598c8a9bcbd1079e959fe4\"""",""size"":1926501,""mimetype"":""image/png"",""cacheControl"":""max-age=3600"",""lastModified"":""2026-07-16T13:12:17.000Z"",""contentLength"":1926501,""httpStatusCode"":200}","2026-07-16 13:12:17.061475+00","2026-07-16 13:12:17.061475+00"
"22ef133d-b035-4a2a-a485-f1466e234c1c","log-attachments","logs/2026/07/16/edc0c569-ab1e-4230-b8cd-84be092ffa33.png","{""eTag"":""\""a0879db44d731b72d912a15e9f8ebe33\"""",""size"":2024823,""mimetype"":""image/png"",""cacheControl"":""max-age=3600"",""lastModified"":""2026-07-16T13:12:17.000Z"",""contentLength"":2024823,""httpStatusCode"":200}","2026-07-16 13:12:16.140561+00","2026-07-16 13:12:16.140561+00"
"50582e27-5a06-4b93-b9f0-2e1a67d71b13","log-attachments","logs/2026/07/17/3295030b-8634-4503-94fb-9ae65c1f9b48.png","{""eTag"":""\""d314423f4f3d06709d9bf30aa62d6b9f\"""",""size"":1700305,""mimetype"":""image/png"",""cacheControl"":""max-age=3600"",""lastModified"":""2026-07-17T13:25:34.000Z"",""contentLength"":1700305,""httpStatusCode"":200}","2026-07-17 13:25:33.263942+00","2026-07-17 13:25:33.263942+00"
"5a87e028-88ea-433e-a608-a99ecb07d483","log-attachments","logs/2026/07/18/00c68894-03e5-4c9a-8400-06a041579800.png","{""eTag"":""\""b46a6a61736c0fdf4c1344cffef50112\"""",""size"":1999693,""mimetype"":""image/png"",""cacheControl"":""max-age=3600"",""lastModified"":""2026-07-18T13:14:17.000Z"",""contentLength"":1999693,""httpStatusCode"":200}","2026-07-18 13:14:16.781545+00","2026-07-18 13:14:16.781545+00"
"070c0793-f463-4207-82c9-84757c092ec0","log-attachments","logs/2026/07/18/0301ed64-6563-4579-ae39-ea41e779bb1e.png","{""eTag"":""\""a2317f0215866928fdd071f081bc66ca\"""",""size"":1742529,""mimetype"":""image/png"",""cacheControl"":""max-age=3600"",""lastModified"":""2026-07-18T13:14:26.000Z"",""contentLength"":1742529,""httpStatusCode"":200}","2026-07-18 13:14:25.505816+00","2026-07-18 13:14:25.505816+00"
"791ea870-9716-4322-b2f5-2e9ec6edf0ab","log-attachments","logs/2026/07/18/03230d8f-bd39-46b5-bffd-0edeab64aa87.png","{""eTag"":""\""69fd19adfc39ac0157b683f16fc0207d\"""",""size"":1433009,""mimetype"":""image/png"",""cacheControl"":""max-age=3600"",""lastModified"":""2026-07-18T13:14:35.000Z"",""contentLength"":1433009,""httpStatusCode"":200}","2026-07-18 13:14:34.068268+00","2026-07-18 13:14:34.068268+00"
"157e586b-c4f2-4797-8191-eeeec3d1002a","log-attachments","logs/2026/07/18/033c8019-219e-4fb7-aa64-cc180816d5ea.png","{""eTag"":""\""b1de31ded21d1fb7797bfb097f68d91f\"""",""size"":1680703,""mimetype"":""image/png"",""cacheControl"":""max-age=3600"",""lastModified"":""2026-07-18T13:15:06.000Z"",""contentLength"":1680703,""httpStatusCode"":200}","2026-07-18 13:15:06.052961+00","2026-07-18 13:15:06.052961+00"
"095ff8f6-891c-4f66-80e3-426cde9d72a6","log-attachments","logs/2026/07/18/06005f5b-81e6-439f-9b64-472b54c695d4.png","{""eTag"":""\""1439809edb814ede7fac35ec51583862\"""",""size"":1618645,""mimetype"":""image/png"",""cacheControl"":""max-age=3600"",""lastModified"":""2026-07-18T13:14:20.000Z"",""contentLength"":1618645,""httpStatusCode"":200}","2026-07-18 13:14:19.657211+00","2026-07-18 13:14:19.657211+00"
"a1e0eafd-0796-4cf0-a25a-e31cfbaf7da5","log-attachments","logs/2026/07/18/0d7f6bd1-59d8-46d3-8879-19cc1b97dab1.png","{""eTag"":""\""e65df74db3504845e741f12b99fd20dc\"""",""size"":1693128,""mimetype"":""image/png"",""cacheControl"":""max-age=3600"",""lastModified"":""2026-07-18T13:15:15.000Z"",""contentLength"":1693128,""httpStatusCode"":200}","2026-07-18 13:15:14.536292+00","2026-07-18 13:15:14.536292+00"
"a86132b1-aa8a-4186-9365-46e206f73741","log-attachments","logs/2026/07/18/176446f0-30be-47f2-9699-b621a91772e5.png","{""eTag"":""\""c5f960817e34b66fc51dd03de54392b7\"""",""size"":1653020,""mimetype"":""image/png"",""cacheControl"":""max-age=3600"",""lastModified"":""2026-07-18T13:14:29.000Z"",""contentLength"":1653020,""httpStatusCode"":200}","2026-07-18 13:14:28.257922+00","2026-07-18 13:14:28.257922+00"
"b8ec5966-8574-410c-8df6-74b5bb4db26e","log-attachments","logs/2026/07/18/1f3bda6e-3c26-4757-8c52-b0bf65c5c8d0.png","{""eTag"":""\""69ea801b072b74a3e051f72eeca9d4d0\"""",""size"":1827914,""mimetype"":""image/png"",""cacheControl"":""max-age=3600"",""lastModified"":""2026-07-18T13:14:44.000Z"",""contentLength"":1827914,""httpStatusCode"":200}","2026-07-18 13:14:43.877311+00","2026-07-18 13:14:43.877311+00"
"ebcadc39-27ba-4a1d-b622-529b8f99a224","log-attachments","logs/2026/07/18/20c4b716-579f-418c-b093-1393e15b0960.png","{""eTag"":""\""a0dd8edb28a9fea9b57e24d2cae446f9\"""",""size"":2115771,""mimetype"":""image/png"",""cacheControl"":""max-age=3600"",""lastModified"":""2026-07-18T13:15:04.000Z"",""contentLength"":2115771,""httpStatusCode"":200}","2026-07-18 13:15:03.246571+00","2026-07-18 13:15:03.246571+00"
"81244f74-5361-47b5-96b4-fc1394dfab74","log-attachments","logs/2026/07/18/353a169e-6abc-47f0-8b98-ff9f6b421b81.png","{""eTag"":""\""7abc99de6e645194f6d3d5406261c73b\"""",""size"":1771162,""mimetype"":""image/png"",""cacheControl"":""max-age=3600"",""lastModified"":""2026-07-18T13:14:31.000Z"",""contentLength"":1771162,""httpStatusCode"":200}","2026-07-18 13:14:31.00377+00","2026-07-18 13:14:31.00377+00"
"540df446-5404-42bd-87b7-be63d300f61a","log-attachments","logs/2026/07/18/4da5e05c-c324-4b91-b020-f051ad76230c.png","{""eTag"":""\""13d30eb6c3b9fc036686737acacd5c0b\"""",""size"":1804487,""mimetype"":""image/png"",""cacheControl"":""max-age=3600"",""lastModified"":""2026-07-18T13:15:23.000Z"",""contentLength"":1804487,""httpStatusCode"":200}","2026-07-18 13:15:22.688881+00","2026-07-18 13:15:22.688881+00"
"339ff4c3-0aba-4a3a-8194-e415d8e3ede0","log-attachments","logs/2026/07/18/4ed397c8-1c0e-4317-9cfb-697791ae21d6.png","{""eTag"":""\""bd386b45cf627b1e3fb66cbc0a78fdca\"""",""size"":2468168,""mimetype"":""image/png"",""cacheControl"":""max-age=3600"",""lastModified"":""2026-07-18T13:15:32.000Z"",""contentLength"":2468168,""httpStatusCode"":200}","2026-07-18 13:15:31.820342+00","2026-07-18 13:15:31.820342+00"
"232f3bff-25e2-42d1-82c7-cfaeddb4c255","log-attachments","logs/2026/07/18/5132839b-e54a-402a-9d76-c6f53bca20ce.png","{""eTag"":""\""26aab28a3956d1ecd019ec679e760e4c\"""",""size"":1662086,""mimetype"":""image/png"",""cacheControl"":""max-age=3600"",""lastModified"":""2026-07-18T13:15:18.000Z"",""contentLength"":1662086,""httpStatusCode"":200}","2026-07-18 13:15:17.4144+00","2026-07-18 13:15:17.4144+00"
"fd2959c5-0f3d-4d46-b7b1-5f92a93d8e4d","log-attachments","logs/2026/07/18/5eb79b07-6c8e-4c35-9ef2-3984832f99e3.png","{""eTag"":""\""39b75862e05e466915b5fe58e6b75a7c\"""",""size"":1771663,""mimetype"":""image/png"",""cacheControl"":""max-age=3600"",""lastModified"":""2026-07-18T13:15:20.000Z"",""contentLength"":1771663,""httpStatusCode"":200}","2026-07-18 13:15:20.017008+00","2026-07-18 13:15:20.017008+00"
"4a56e35f-77c1-4e0b-93a0-7ada33767ea3","log-attachments","logs/2026/07/18/6c25584e-b18c-4afb-bce7-88ad1b900dc7.png","{""eTag"":""\""dc33e7d04678cd66f2a4bf825cfe6a8b\"""",""size"":1961968,""mimetype"":""image/png"",""cacheControl"":""max-age=3600"",""lastModified"":""2026-07-18T13:14:51.000Z"",""contentLength"":1961968,""httpStatusCode"":200}","2026-07-18 13:14:50.471338+00","2026-07-18 13:14:50.471338+00"
"9ea9d47f-4bdf-4620-8fac-e8d7244dd9c7","log-attachments","logs/2026/07/18/72f18ef0-4c88-49a5-a87d-5a35170e7ad5.png","{""eTag"":""\""105d8e5a25c60ed7ea0733176a9e3b73\"""",""size"":2061787,""mimetype"":""image/png"",""cacheControl"":""max-age=3600"",""lastModified"":""2026-07-18T13:14:54.000Z"",""contentLength"":2061787,""httpStatusCode"":200}","2026-07-18 13:14:53.204586+00","2026-07-18 13:14:53.204586+00"
"4928a29a-38a7-4279-b484-8c7af3007225","log-attachments","logs/2026/07/18/77c1fd7a-b9d0-444f-b589-ce6361c9ba23.png","{""eTag"":""\""cd31a2db0f5e3f4e5cbaddcd0027f2e5\"""",""size"":2107042,""mimetype"":""image/png"",""cacheControl"":""max-age=3600"",""lastModified"":""2026-07-18T13:14:11.000Z"",""contentLength"":2107042,""httpStatusCode"":200}","2026-07-18 13:14:10.180512+00","2026-07-18 13:14:10.180512+00"
"51099928-3ce6-4a5d-a9da-a3a8b1495267","log-attachments","logs/2026/07/18/855a5eae-108b-4bc9-8668-2154529bb59c.png","{""eTag"":""\""3e29a21a62688c3b1c5f1008804da8f5\"""",""size"":2199371,""mimetype"":""image/png"",""cacheControl"":""max-age=3600"",""lastModified"":""2026-07-18T13:14:38.000Z"",""contentLength"":2199371,""httpStatusCode"":200}","2026-07-18 13:14:37.512336+00","2026-07-18 13:14:37.512336+00"
"b0de1ef6-ba94-4946-b0ec-68f038fe9a7b","log-attachments","logs/2026/07/18/8eda5c39-a05a-4605-a1e5-170e8a14da80.png","{""eTag"":""\""436ad841015e1cd117d299e9f7c3c4b3\"""",""size"":1793316,""mimetype"":""image/png"",""cacheControl"":""max-age=3600"",""lastModified"":""2026-07-18T13:15:00.000Z"",""contentLength"":1793316,""httpStatusCode"":200}","2026-07-18 13:15:00.007085+00","2026-07-18 13:15:00.007085+00"
"7eeab50d-ebf0-4fa2-a8c6-872b5b3ad1c8","log-attachments","logs/2026/07/18/a1e40341-cc08-46be-94cd-98ac355e8554.png","{""eTag"":""\""64341bde26edef2365e3406394135f01\"""",""size"":1972002,""mimetype"":""image/png"",""cacheControl"":""max-age=3600"",""lastModified"":""2026-07-18T13:14:07.000Z"",""contentLength"":1972002,""httpStatusCode"":200}","2026-07-18 13:14:06.425088+00","2026-07-18 13:14:06.425088+00"
"aaa3a8f9-ca1e-421f-a3b9-875b23192a75","log-attachments","logs/2026/07/18/a7e8d3af-4967-4775-a03f-b5d227873476.png","{""eTag"":""\""e2a9e37f6b414fa8583e09146d3153f9\"""",""size"":2051022,""mimetype"":""image/png"",""cacheControl"":""max-age=3600"",""lastModified"":""2026-07-18T13:14:14.000Z"",""contentLength"":2051022,""httpStatusCode"":200}","2026-07-18 13:14:13.752582+00","2026-07-18 13:14:13.752582+00"
"7af04b96-5f4c-45d3-a499-d11fc4448a63","log-attachments","logs/2026/07/18/aeb19bb5-db46-4ec4-8cf6-ffa96ea5f8ca.png","{""eTag"":""\""a29b32ad5e6db56e1292ca6c1c640873\"""",""size"":1685624,""mimetype"":""image/png"",""cacheControl"":""max-age=3600"",""lastModified"":""2026-07-18T13:14:23.000Z"",""contentLength"":1685624,""httpStatusCode"":200}","2026-07-18 13:14:22.596622+00","2026-07-18 13:14:22.596622+00"
"32211aff-284d-4d5e-baa3-116153080391","log-attachments","logs/2026/07/18/b73ff276-712b-41c6-a497-25468b8dd6ca.png","{""eTag"":""\""88a28c90a1ef85e39f8280ef35236e92\"""",""size"":2138042,""mimetype"":""image/png"",""cacheControl"":""max-age=3600"",""lastModified"":""2026-07-18T13:14:41.000Z"",""contentLength"":2138042,""httpStatusCode"":200}","2026-07-18 13:14:40.521225+00","2026-07-18 13:14:40.521225+00"
"94b3ab80-65ec-497f-9471-34c9381adf4d","log-attachments","logs/2026/07/18/bfabb86f-c76b-4219-afb7-ff9787114591.png","{""eTag"":""\""d328355ce23f06fb1f9f85e599f7573b\"""",""size"":1785918,""mimetype"":""image/png"",""cacheControl"":""max-age=3600"",""lastModified"":""2026-07-18T13:15:09.000Z"",""contentLength"":1785918,""httpStatusCode"":200}","2026-07-18 13:15:08.546326+00","2026-07-18 13:15:08.546326+00"
"909ead2f-5d63-4c09-bb5e-4d18451224d7","log-attachments","logs/2026/07/18/cb4b082b-d0e3-4728-b55c-33575de3ee30.png","{""eTag"":""\""f1b6de1d58f39a3e98ab85e1f4b14d0d\"""",""size"":1537643,""mimetype"":""image/png"",""cacheControl"":""max-age=3600"",""lastModified"":""2026-07-18T13:15:26.000Z"",""contentLength"":1537643,""httpStatusCode"":200}","2026-07-18 13:15:25.994417+00","2026-07-18 13:15:25.994417+00"
"09d74dc3-96ed-4603-be0f-925e050ae26c","log-attachments","logs/2026/07/18/d06a36a2-97c7-43ad-b366-9277aedaf44f.png","{""eTag"":""\""b7a699b2416169fc55876087494f577b\"""",""size"":2275424,""mimetype"":""image/png"",""cacheControl"":""max-age=3600"",""lastModified"":""2026-07-18T13:15:29.000Z"",""contentLength"":2275424,""httpStatusCode"":200}","2026-07-18 13:15:28.57699+00","2026-07-18 13:15:28.57699+00"
"7ca19f69-4103-4a2a-a269-33acb6529ad7","log-attachments","logs/2026/07/18/d65542a4-2461-4ccd-ae20-3a816fbf0ebe.png","{""eTag"":""\""c67fb8749f0285077156e1d4f04ef298\"""",""size"":1820772,""mimetype"":""image/png"",""cacheControl"":""max-age=3600"",""lastModified"":""2026-07-18T13:14:57.000Z"",""contentLength"":1820772,""httpStatusCode"":200}","2026-07-18 13:14:56.884086+00","2026-07-18 13:14:56.884086+00"
"9e1e8298-d449-46fb-9add-4085ddedbcab","log-attachments","logs/2026/07/18/e0393a04-253c-4aca-a52c-2a7400810ca3.png","{""eTag"":""\""10cee5f52779d33daebfe5b20e5129fb\"""",""size"":2217670,""mimetype"":""image/png"",""cacheControl"":""max-age=3600"",""lastModified"":""2026-07-18T13:16:03.000Z"",""contentLength"":2217670,""httpStatusCode"":200}","2026-07-18 13:16:03.014665+00","2026-07-18 13:16:03.014665+00"
"86ceddae-c932-4823-b111-95c5588c399a","log-attachments","logs/2026/07/18/edcca9d0-b6fe-48b7-ba0e-1e06d8c9774f.png","{""eTag"":""\""79ed29930871e49160c4be5479945418\"""",""size"":1741530,""mimetype"":""image/png"",""cacheControl"":""max-age=3600"",""lastModified"":""2026-07-18T13:14:48.000Z"",""contentLength"":1741530,""httpStatusCode"":200}","2026-07-18 13:14:47.333033+00","2026-07-18 13:14:47.333033+00"
"46d5a070-feb5-46de-8230-3910c54d864a","log-attachments","logs/2026/07/18/efbbd583-4926-46a2-a7fc-a5409f2ffa67.png","{""eTag"":""\""5052d9bea9f68e447184cf0293fab702\"""",""size"":1782048,""mimetype"":""image/png"",""cacheControl"":""max-age=3600"",""lastModified"":""2026-07-18T13:15:12.000Z"",""contentLength"":1782048,""httpStatusCode"":200}","2026-07-18 13:15:11.672787+00","2026-07-18 13:15:11.672787+00"
"888f8517-efc4-4748-8599-b08dab91cd9f","log-attachments","logs/2026/07/19/12440d4b-c95b-4bd5-9580-24e7300b98dd.png","{""eTag"":""\""3a47440ae66688206e1d2c1adf206300\"""",""size"":1788514,""mimetype"":""image/png"",""cacheControl"":""max-age=3600"",""lastModified"":""2026-07-19T14:29:05.000Z"",""contentLength"":1788514,""httpStatusCode"":200}","2026-07-19 14:29:04.167668+00","2026-07-19 14:29:04.167668+00"
"027cb8d2-acfd-4eb1-8bab-d70665f4f4c4","log-attachments","logs/2026/07/19/2164264c-c791-4961-ba3a-5435996b3c2d.png","{""eTag"":""\""4339fc8f378358c1fb6b5cb7bbcf5aa0\"""",""size"":1489038,""mimetype"":""image/png"",""cacheControl"":""max-age=3600"",""lastModified"":""2026-07-19T14:29:18.000Z"",""contentLength"":1489038,""httpStatusCode"":200}","2026-07-19 14:29:17.439834+00","2026-07-19 14:29:17.439834+00"
"b9810e26-8fff-476c-9e7a-f9429c1de1af","log-attachments","logs/2026/07/19/40fe55d1-3d49-484a-9be0-5d8dd807c1cc.png","{""eTag"":""\""c654121c25983097fcd6babcb24282d0\"""",""size"":1957291,""mimetype"":""image/png"",""cacheControl"":""max-age=3600"",""lastModified"":""2026-07-19T14:29:13.000Z"",""contentLength"":1957291,""httpStatusCode"":200}","2026-07-19 14:29:12.381172+00","2026-07-19 14:29:12.381172+00"
"36eb113d-734e-476d-8f0a-e0bed552a847","log-attachments","logs/2026/07/19/4b95ac3c-d3d2-4601-9312-27fc98ac402b.png","{""eTag"":""\""df61469168dfd89a9d23e94df6e90cc9\"""",""size"":1868744,""mimetype"":""image/png"",""cacheControl"":""max-age=3600"",""lastModified"":""2026-07-19T14:29:10.000Z"",""contentLength"":1868744,""httpStatusCode"":200}","2026-07-19 14:29:09.990561+00","2026-07-19 14:29:09.990561+00"
"508c02cd-f071-4a91-8963-97c5eed0e9ff","log-attachments","logs/2026/07/19/50ed832b-f837-485a-b8c2-915ba1300c20.png","{""eTag"":""\""e7e63d732b9a36750c88972a0f36ddfe\"""",""size"":1816658,""mimetype"":""image/png"",""cacheControl"":""max-age=3600"",""lastModified"":""2026-07-19T14:28:56.000Z"",""contentLength"":1816658,""httpStatusCode"":200}","2026-07-19 14:28:55.568129+00","2026-07-19 14:28:55.568129+00"
"981cf31c-cb98-479e-882f-903cea016891","log-attachments","logs/2026/07/19/5ba47aad-58ea-4c48-b332-6b7ed323b47a.png","{""eTag"":""\""f774b0ca9beb4d34af719e970d2b2c6e\"""",""size"":2062605,""mimetype"":""image/png"",""cacheControl"":""max-age=3600"",""lastModified"":""2026-07-19T14:28:49.000Z"",""contentLength"":2062605,""httpStatusCode"":200}","2026-07-19 14:28:48.367403+00","2026-07-19 14:28:48.367403+00"
"e31bb3ac-f5a4-43d1-8699-450f4f093fa5","log-attachments","logs/2026/07/19/741dac01-6450-4740-a1dc-06693f26134d.png","{""eTag"":""\""5f65bd2df746cefa54e25583a8e1f0bb\"""",""size"":1639758,""mimetype"":""image/png"",""cacheControl"":""max-age=3600"",""lastModified"":""2026-07-19T14:29:02.000Z"",""contentLength"":1639758,""httpStatusCode"":200}","2026-07-19 14:29:01.306607+00","2026-07-19 14:29:01.306607+00"
"599424d9-7430-4738-858e-4dadc112af3e","log-attachments","logs/2026/07/19/9ffa82e8-5599-44ea-9508-4589ce9f4676.png","{""eTag"":""\""c24f900e24eb16a89ff06ce759d8e230\"""",""size"":1990924,""mimetype"":""image/png"",""cacheControl"":""max-age=3600"",""lastModified"":""2026-07-19T14:28:52.000Z"",""contentLength"":1990924,""httpStatusCode"":200}","2026-07-19 14:28:51.319288+00","2026-07-19 14:28:51.319288+00"
"4151eb60-9912-4b6a-a5a1-86152bfcdcc3","log-attachments","logs/2026/07/19/a8dee65b-3adf-40c5-bdb1-75ce05b35328.png","{""eTag"":""\""ec5a49363e0d535983d07b6e8d2e61d3\"""",""size"":1471909,""mimetype"":""image/png"",""cacheControl"":""max-age=3600"",""lastModified"":""2026-07-19T14:29:16.000Z"",""contentLength"":1471909,""httpStatusCode"":200}","2026-07-19 14:29:15.286485+00","2026-07-19 14:29:15.286485+00"
"cd9cf1bf-4c41-41c2-bde5-722d9c10435d","log-attachments","logs/2026/07/19/bec05b34-2839-46fe-9614-b94b6bd855b4.png","{""eTag"":""\""b8bb7e2138a07aaa927540b3275f836c\"""",""size"":2185814,""mimetype"":""image/png"",""cacheControl"":""max-age=3600"",""lastModified"":""2026-07-19T14:28:46.000Z"",""contentLength"":2185814,""httpStatusCode"":200}","2026-07-19 14:28:45.32696+00","2026-07-19 14:28:45.32696+00"
"5a0f2c2b-7ed7-440a-aa36-b75a944c1731","log-attachments","logs/2026/07/19/c6f470b6-2be5-4b6e-b82d-eb8f48e53588.png","{""eTag"":""\""ab614c01e3e206d06a23f01c4aaa1b63\"""",""size"":1638457,""mimetype"":""image/png"",""cacheControl"":""max-age=3600"",""lastModified"":""2026-07-19T14:28:59.000Z"",""contentLength"":1638457,""httpStatusCode"":200}","2026-07-19 14:28:58.638523+00","2026-07-19 14:28:58.638523+00"
"a4207249-7366-49d0-8070-05bed48dc947","log-attachments","logs/2026/07/19/f7e447e5-ca5c-4076-9f34-9283a4ae64be.png","{""eTag"":""\""21c637d43f1d347dc8a48aa5c70ffaab\"""",""size"":1965307,""mimetype"":""image/png"",""cacheControl"":""max-age=3600"",""lastModified"":""2026-07-19T14:29:08.000Z"",""contentLength"":1965307,""httpStatusCode"":200}","2026-07-19 14:29:07.215597+00","2026-07-19 14:29:07.215597+00"
"a0432555-d241-4f69-8542-2effe3ceb810","log-attachments","logs/2026/07/19/fa7473ef-6f4d-4021-91ae-457cfd2f1c06.png","{""eTag"":""\""0932aac13984f9a66f669fbf8f17ff67\"""",""size"":2128420,""mimetype"":""image/png"",""cacheControl"":""max-age=3600"",""lastModified"":""2026-07-19T14:28:42.000Z"",""contentLength"":2128420,""httpStatusCode"":200}","2026-07-19 14:28:41.961533+00","2026-07-19 14:28:41.961533+00"
"22b92eec-c543-4ba4-bf55-b6fb4dfc391c","log-attachments","logs/2026/07/21/0cf6c40a-6b3b-4689-b2ca-515d35841f19.png","{""eTag"":""\""00a443a17234ad849bdaf4d5eb548f96\"""",""size"":1346524,""mimetype"":""image/png"",""cacheControl"":""max-age=3600"",""lastModified"":""2026-07-21T10:41:08.000Z"",""contentLength"":1346524,""httpStatusCode"":200}","2026-07-21 10:41:07.8871+00","2026-07-21 10:41:07.8871+00"
"eb60208a-734e-4d30-aef1-db253cf54cf4","log-attachments","logs/2026/07/21/21d8ef8d-c64f-4839-a19e-12a4728151c5.png","{""eTag"":""\""fa642322d60912cf796b60fe1feba2ee\"""",""size"":1276068,""mimetype"":""image/png"",""cacheControl"":""max-age=3600"",""lastModified"":""2026-07-21T10:41:29.000Z"",""contentLength"":1276068,""httpStatusCode"":200}","2026-07-21 10:41:28.271763+00","2026-07-21 10:41:28.271763+00"
"7740d5ba-e4ce-476c-8c94-98a5a5ee53be","log-attachments","logs/2026/07/21/25d24f87-324d-48bf-b6f3-bce4922e0b8b.png","{""eTag"":""\""11f8387444fd64805e639cbe524e15da\"""",""size"":1384294,""mimetype"":""image/png"",""cacheControl"":""max-age=3600"",""lastModified"":""2026-07-21T07:23:50.000Z"",""contentLength"":1384294,""httpStatusCode"":200}","2026-07-21 07:23:49.331305+00","2026-07-21 07:23:49.331305+00"
"6a1b460e-05da-42e1-aecc-52163679745d","log-attachments","logs/2026/07/21/276124b7-f147-4a32-98dc-79a98508b4c2.png","{""eTag"":""\""6694a6c5a2a371457273959015d16028\"""",""size"":1288114,""mimetype"":""image/png"",""cacheControl"":""max-age=3600"",""lastModified"":""2026-07-21T10:40:29.000Z"",""contentLength"":1288114,""httpStatusCode"":200}","2026-07-21 10:40:28.418195+00","2026-07-21 10:40:28.418195+00"
"747e15b3-8ea1-4017-b266-e3d190151b5c","log-attachments","logs/2026/07/21/3094eb63-d13e-486d-a3a7-e9f87c59f009.png","{""eTag"":""\""2692b1d6aa592aca563be4d79a7b9bdf\"""",""size"":1277259,""mimetype"":""image/png"",""cacheControl"":""max-age=3600"",""lastModified"":""2026-07-21T10:40:25.000Z"",""contentLength"":1277259,""httpStatusCode"":200}","2026-07-21 10:40:24.801517+00","2026-07-21 10:40:24.801517+00"
"94127bfd-da2a-42e9-ba95-ca42336a943d","log-attachments","logs/2026/07/21/5d0cc90e-29bc-4c4b-ab16-fd5637a9fa90.png","{""eTag"":""\""3db706bfc8b687a36c852122ad67ea4e\"""",""size"":1432417,""mimetype"":""image/png"",""cacheControl"":""max-age=3600"",""lastModified"":""2026-07-21T07:23:47.000Z"",""contentLength"":1432417,""httpStatusCode"":200}","2026-07-21 07:23:46.624612+00","2026-07-21 07:23:46.624612+00"
"545d3299-5f02-4ed9-95b5-21e7f54a3eb6","log-attachments","logs/2026/07/21/7e8f4fc0-cf6a-49b2-9055-ddff20085526.png","{""eTag"":""\""a55c0034028f1831349f260926ac8d63\"""",""size"":1230811,""mimetype"":""image/png"",""cacheControl"":""max-age=3600"",""lastModified"":""2026-07-21T10:41:40.000Z"",""contentLength"":1230811,""httpStatusCode"":200}","2026-07-21 10:41:39.734314+00","2026-07-21 10:41:39.734314+00"
"e5786beb-d302-408a-ac8c-5de76d8f87d2","log-attachments","logs/2026/07/21/7fd00a32-d440-4d44-ab62-20d88ecd38bf.png","{""eTag"":""\""4804d0e87d727b12477cb52aff0a71cd\"""",""size"":1410602,""mimetype"":""image/png"",""cacheControl"":""max-age=3600"",""lastModified"":""2026-07-21T10:40:57.000Z"",""contentLength"":1410602,""httpStatusCode"":200}","2026-07-21 10:40:56.109462+00","2026-07-21 10:40:56.109462+00"
"d516b0b1-1d32-4538-9f91-6dc2c1bdef8e","log-attachments","logs/2026/07/21/81981ab5-14bd-4816-afd3-cb3801caf063.png","{""eTag"":""\""3addc105bd8f62512278117f2aa2744a\"""",""size"":1236779,""mimetype"":""image/png"",""cacheControl"":""max-age=3600"",""lastModified"":""2026-07-21T10:40:31.000Z"",""contentLength"":1236779,""httpStatusCode"":200}","2026-07-21 10:40:30.975431+00","2026-07-21 10:40:30.975431+00"
"abbfd2d2-6e30-46a2-873f-f8022804596a","log-attachments","logs/2026/07/21/835a9fa4-57f4-4297-960b-3198c135af44.png","{""eTag"":""\""c62b6c8cf7c29bea2d961aae9b5d8935\"""",""size"":1425630,""mimetype"":""image/png"",""cacheControl"":""max-age=3600"",""lastModified"":""2026-07-21T10:40:59.000Z"",""contentLength"":1425630,""httpStatusCode"":200}","2026-07-21 10:40:59.017932+00","2026-07-21 10:40:59.017932+00"
"62472660-926c-4855-ad06-2ca08cba13bb","log-attachments","logs/2026/07/21/838240e4-7d74-4f09-a697-f15fe1a52b78.png","{""eTag"":""\""78ae351cc6f856b056d80c7212b6a67c\"""",""size"":1314516,""mimetype"":""image/png"",""cacheControl"":""max-age=3600"",""lastModified"":""2026-07-21T10:40:35.000Z"",""contentLength"":1314516,""httpStatusCode"":200}","2026-07-21 10:40:34.209134+00","2026-07-21 10:40:34.209134+00"
"f66e28b4-9d6e-45df-8f5d-620502893407","log-attachments","logs/2026/07/21/884dc540-01a5-4a55-aa44-8eefac498a62.png","{""eTag"":""\""1986ab26be6fa1bc915df29f3cd4c6fa\"""",""size"":1329930,""mimetype"":""image/png"",""cacheControl"":""max-age=3600"",""lastModified"":""2026-07-21T10:41:03.000Z"",""contentLength"":1329930,""httpStatusCode"":200}","2026-07-21 10:41:02.237181+00","2026-07-21 10:41:02.237181+00"
"87ff12a0-95e0-44f3-83c0-2dd2e6ad6129","log-attachments","logs/2026/07/21/a37fe24f-7244-405b-b393-8c36983a535e.png","{""eTag"":""\""25b7bbdcecfb616d2b0012e9edfec88a\"""",""size"":1392641,""mimetype"":""image/png"",""cacheControl"":""max-age=3600"",""lastModified"":""2026-07-21T10:41:05.000Z"",""contentLength"":1392641,""httpStatusCode"":200}","2026-07-21 10:41:04.749484+00","2026-07-21 10:41:04.749484+00"
"ddddcd12-d820-4cca-a8da-4110995e2c5a","log-attachments","logs/2026/07/21/a4ee9076-abd9-459e-863f-b97093754a83.png","{""eTag"":""\""6f9926cc5fa0e509330069673a374a52\"""",""size"":1277833,""mimetype"":""image/png"",""cacheControl"":""max-age=3600"",""lastModified"":""2026-07-21T10:41:11.000Z"",""contentLength"":1277833,""httpStatusCode"":200}","2026-07-21 10:41:10.801112+00","2026-07-21 10:41:10.801112+00"
"0795b5a2-091d-47e6-b51e-f3224ff9e54c","log-attachments","logs/2026/07/21/b29b2a1d-f859-4547-8f42-fd2a4164a5bd.png","{""eTag"":""\""bc76150f344c7a72be955f3fcaab7084\"""",""size"":1319992,""mimetype"":""image/png"",""cacheControl"":""max-age=3600"",""lastModified"":""2026-07-21T10:40:49.000Z"",""contentLength"":1319992,""httpStatusCode"":200}","2026-07-21 10:40:48.311412+00","2026-07-21 10:40:48.311412+00"
"fa4ca344-436e-4257-89e8-30d514518ff1","log-attachments","logs/2026/07/21/b596d1bf-c518-477f-a8a2-0202f6198b9c.png","{""eTag"":""\""62fa4ab9cab35572b75fbd0df0b32112\"""",""size"":1295776,""mimetype"":""image/png"",""cacheControl"":""max-age=3600"",""lastModified"":""2026-07-21T07:23:40.000Z"",""contentLength"":1295776,""httpStatusCode"":200}","2026-07-21 07:23:39.697486+00","2026-07-21 07:23:39.697486+00"
"1dd34c37-0212-4be2-8e7a-bb7cce28fc22","log-attachments","logs/2026/07/21/b9930574-168a-4d1b-a9b0-0b7231c21967.png","{""eTag"":""\""8ee094dff42dc700a967b4b5ce3ef0af\"""",""size"":1484522,""mimetype"":""image/png"",""cacheControl"":""max-age=3600"",""lastModified"":""2026-07-21T07:23:32.000Z"",""contentLength"":1484522,""httpStatusCode"":200}","2026-07-21 07:23:31.9362+00","2026-07-21 07:23:31.9362+00"
"2708d052-0360-4718-b2fe-bb23083e51a4","log-attachments","logs/2026/07/21/c155ad35-84c5-4d72-a441-07d6e14a9d36.png","{""eTag"":""\""cf5155a5281ea722aaf56af0d78546d6\"""",""size"":1318873,""mimetype"":""image/png"",""cacheControl"":""max-age=3600"",""lastModified"":""2026-07-21T10:41:15.000Z"",""contentLength"":1318873,""httpStatusCode"":200}","2026-07-21 10:41:14.474548+00","2026-07-21 10:41:14.474548+00"
"0eb3f362-9ad6-4f36-9fd0-cb646e958b04","log-attachments","logs/2026/07/21/c50d04af-d1e4-40f1-9203-547da38215ea.png","{""eTag"":""\""d8b744d248648d164573769185f66075\"""",""size"":1319967,""mimetype"":""image/png"",""cacheControl"":""max-age=3600"",""lastModified"":""2026-07-21T10:41:18.000Z"",""contentLength"":1319967,""httpStatusCode"":200}","2026-07-21 10:41:17.885949+00","2026-07-21 10:41:17.885949+00"
"6c3d4d5c-6a67-462f-8e49-94c171c36725","log-attachments","logs/2026/07/21/c62740c6-1246-4249-945f-464a0f1d87c2.png","{""eTag"":""\""e28cabc25b8f58bcd060875e464df97b\"""",""size"":1477669,""mimetype"":""image/png"",""cacheControl"":""max-age=3600"",""lastModified"":""2026-07-21T07:23:44.000Z"",""contentLength"":1477669,""httpStatusCode"":200}","2026-07-21 07:23:43.680772+00","2026-07-21 07:23:43.680772+00"
"e20c4191-7691-4a1d-bb4d-a16c00fda79a","log-attachments","logs/2026/07/21/cddbe3a4-8b9d-408c-806b-567c1a9460d2.png","{""eTag"":""\""0ce4e8b683aa0708f7685f9152737cc9\"""",""size"":1421961,""mimetype"":""image/png"",""cacheControl"":""max-age=3600"",""lastModified"":""2026-07-21T07:23:38.000Z"",""contentLength"":1421961,""httpStatusCode"":200}","2026-07-21 07:23:37.080383+00","2026-07-21 07:23:37.080383+00"
"d93c02dc-f81a-4ca7-a4ba-22a9011f49f6","log-attachments","logs/2026/07/21/d23ea0e9-d89e-404f-8c95-b27103043d4f.png","{""eTag"":""\""17b77e987e288546ddb2fb3ec24eeb26\"""",""size"":1281661,""mimetype"":""image/png"",""cacheControl"":""max-age=3600"",""lastModified"":""2026-07-21T10:41:26.000Z"",""contentLength"":1281661,""httpStatusCode"":200}","2026-07-21 10:41:25.622294+00","2026-07-21 10:41:25.622294+00"
"9724976c-6699-4ef8-8715-c74ee0c7bcf8","log-attachments","logs/2026/07/21/d6752a57-d066-4fbb-a31b-5532a7dd53b1.png","{""eTag"":""\""c565ff24df3c5dbeb0c38600b969bfd9\"""",""size"":1302503,""mimetype"":""image/png"",""cacheControl"":""max-age=3600"",""lastModified"":""2026-07-21T10:41:35.000Z"",""contentLength"":1302503,""httpStatusCode"":200}","2026-07-21 10:41:34.113786+00","2026-07-21 10:41:34.113786+00"
"648d85b5-a4e3-4d16-9816-9d8fcf2f40be","log-attachments","logs/2026/07/21/ea26312d-d7c1-44f2-abe6-db23131f1c11.png","{""eTag"":""\""099adc7e524dc0c3cc87c6429e8fb4e9\"""",""size"":1241106,""mimetype"":""image/png"",""cacheControl"":""max-age=3600"",""lastModified"":""2026-07-21T10:41:37.000Z"",""contentLength"":1241106,""httpStatusCode"":200}","2026-07-21 10:41:36.680755+00","2026-07-21 10:41:36.680755+00"
"d6f28f1f-f676-4bf3-aafd-4203384d9caa","log-attachments","logs/2026/07/21/f08d84d7-c9a5-4e36-8a13-c46440677678.png","{""eTag"":""\""49180eb8ec5be841840bf5fc150c80e6\"""",""size"":1121454,""mimetype"":""image/png"",""cacheControl"":""max-age=3600"",""lastModified"":""2026-07-21T10:41:43.000Z"",""contentLength"":1121454,""httpStatusCode"":200}","2026-07-21 10:41:43.025605+00","2026-07-21 10:41:43.025605+00"
"a5e9077b-5277-4838-9393-290318cc377e","log-attachments","logs/2026/07/21/f20222fc-c7ee-404c-8b5e-b9832d53a79a.png","{""eTag"":""\""4a03b9dd5d3fe7a3a0208c755c98ea82\"""",""size"":1430205,""mimetype"":""image/png"",""cacheControl"":""max-age=3600"",""lastModified"":""2026-07-21T07:23:35.000Z"",""contentLength"":1430205,""httpStatusCode"":200}","2026-07-21 07:23:34.398151+00","2026-07-21 07:23:34.398151+00"
"1b9c3622-1b79-42dc-9dc9-5b5f11f97e6d","log-attachments","logs/2026/07/21/fdc71148-2db7-430b-9370-bde66f54d4cc.png","{""eTag"":""\""3fe982479517b9221c9621ca26e71bc7\"""",""size"":1551836,""mimetype"":""image/png"",""cacheControl"":""max-age=3600"",""lastModified"":""2026-07-21T10:41:31.000Z"",""contentLength"":1551836,""httpStatusCode"":200}","2026-07-21 10:41:30.697394+00","2026-07-21 10:41:30.697394+00"
"4beff02c-a618-46b2-b4cb-699247dd1abd","log-attachments","logs/2026/07/23/1bf7cab9-02df-4803-b4c6-35f0a0578aeb.png","{""eTag"":""\""858625d4c88ef2be9ddb24cbb34d297e\"""",""size"":2361730,""mimetype"":""image/png"",""cacheControl"":""max-age=3600"",""lastModified"":""2026-07-22T18:22:32.000Z"",""contentLength"":2361730,""httpStatusCode"":200}","2026-07-22 18:22:31.614295+00","2026-07-22 18:22:31.614295+00"
"1c20612e-494e-401d-9f76-409167455178","log-attachments","logs/2026/07/23/1d885b24-7aa5-448f-b2ae-5fbbe06b48c5.png","{""eTag"":""\""ff7d373c8362f9366a99f32de6788df0\"""",""size"":2366201,""mimetype"":""image/png"",""cacheControl"":""max-age=3600"",""lastModified"":""2026-07-22T18:22:29.000Z"",""contentLength"":2366201,""httpStatusCode"":200}","2026-07-22 18:22:28.732993+00","2026-07-22 18:22:28.732993+00"
"7036c185-7e5d-40d1-b26e-d284f414b125","log-attachments","logs/2026/07/23/28e20312-3e47-42b5-8c9d-c232f350040a.png","{""eTag"":""\""f72b4df918ce92ced7b52dd7aca9d74e\"""",""size"":2340225,""mimetype"":""image/png"",""cacheControl"":""max-age=3600"",""lastModified"":""2026-07-22T18:22:34.000Z"",""contentLength"":2340225,""httpStatusCode"":200}","2026-07-22 18:22:33.687808+00","2026-07-22 18:22:33.687808+00"
"555f87ca-8c4f-430b-98b2-56aecaf84389","log-attachments","logs/2026/07/23/30859c39-4e1d-462e-9565-481760d83c0b.png","{""eTag"":""\""01f6cb26202828677f9e584e704f7a03\"""",""size"":2331506,""mimetype"":""image/png"",""cacheControl"":""max-age=3600"",""lastModified"":""2026-07-22T18:22:33.000Z"",""contentLength"":2331506,""httpStatusCode"":200}","2026-07-22 18:22:32.420792+00","2026-07-22 18:22:32.420792+00"
"067add4c-e772-4f57-9ce4-70ec8a404c59","log-attachments","logs/2026/07/23/3e4846cd-0cc1-4e22-91c7-61f3549ec22f.png","{""eTag"":""\""35b41f646981fa81da6b4dcc5745b4d1\"""",""size"":2288213,""mimetype"":""image/png"",""cacheControl"":""max-age=3600"",""lastModified"":""2026-07-22T18:22:33.000Z"",""contentLength"":2288213,""httpStatusCode"":200}","2026-07-22 18:22:32.825375+00","2026-07-22 18:22:32.825375+00"
"aba26548-72d3-4813-880c-9818d0fd9370","log-attachments","logs/2026/07/23/4b20cefe-f386-40c1-9bac-92cc6352f0c1.png","{""eTag"":""\""527c3c51344eabd1e7e1269fa9c22c55\"""",""size"":2353684,""mimetype"":""image/png"",""cacheControl"":""max-age=3600"",""lastModified"":""2026-07-22T18:22:32.000Z"",""contentLength"":2353684,""httpStatusCode"":200}","2026-07-22 18:22:31.147966+00","2026-07-22 18:22:31.147966+00"
"63632669-70a4-49fa-9988-7db01997f9a2","log-attachments","logs/2026/07/23/73be0f48-9125-4e37-9381-a76a7441b934.png","{""eTag"":""\""63082c2ce7c805d88df8431b7614c416\"""",""size"":2393752,""mimetype"":""image/png"",""cacheControl"":""max-age=3600"",""lastModified"":""2026-07-22T18:22:31.000Z"",""contentLength"":2393752,""httpStatusCode"":200}","2026-07-22 18:22:30.314401+00","2026-07-22 18:22:30.314401+00"
"9d32df70-597c-480a-a46b-144bdc8a3b3f","log-attachments","logs/2026/07/23/a4cfd6a2-189c-492e-b29f-af7633f843fe.png","{""eTag"":""\""b7f2f3667a4148e51fed80e1b8203a88\"""",""size"":2132999,""mimetype"":""image/png"",""cacheControl"":""max-age=3600"",""lastModified"":""2026-07-22T18:22:35.000Z"",""contentLength"":2132999,""httpStatusCode"":200}","2026-07-22 18:22:34.096836+00","2026-07-22 18:22:34.096836+00"
"e0b8b3fc-17b7-41b3-a4a5-fb7a43baca40","log-attachments","logs/2026/07/23/aad0ac0b-acb2-4a46-859e-2c18a39c01ea.png","{""eTag"":""\""040c801ff5cc421d0ccab78bb21e16f4\"""",""size"":2378539,""mimetype"":""image/png"",""cacheControl"":""max-age=3600"",""lastModified"":""2026-07-22T18:22:30.000Z"",""contentLength"":2378539,""httpStatusCode"":200}","2026-07-22 18:22:29.733092+00","2026-07-22 18:22:29.733092+00"
"1ba22aa0-4d27-4751-bd0c-04345a50dac6","log-attachments","logs/2026/07/23/c4d3cff4-a8fa-4db1-99d7-74319bc1a29a.png","{""eTag"":""\""ea9c3fd2ea19b021970974aeae8d2b48\"""",""size"":2354487,""mimetype"":""image/png"",""cacheControl"":""max-age=3600"",""lastModified"":""2026-07-22T18:22:32.000Z"",""contentLength"":2354487,""httpStatusCode"":200}","2026-07-22 18:22:32.031818+00","2026-07-22 18:22:32.031818+00"
"684ea916-3597-475d-90bb-02b516b2f30a","log-attachments","logs/2026/07/23/d09384c9-7e5a-40f2-bb50-c847261a098c.png","{""eTag"":""\""1b46d96ee4fc2431d3b85d73b74c1551\"""",""size"":2316966,""mimetype"":""image/png"",""cacheControl"":""max-age=3600"",""lastModified"":""2026-07-22T18:22:30.000Z"",""contentLength"":2316966,""httpStatusCode"":200}","2026-07-22 18:22:29.348901+00","2026-07-22 18:22:29.348901+00"
"b1022021-3e1a-4b53-bc37-e90ea6cd76cf","log-attachments","logs/2026/07/23/e09718a0-cb0f-4cdc-b3ae-e336d50f519d.png","{""eTag"":""\""41b657c794a628f5beea5c2f59306393\"""",""size"":1997119,""mimetype"":""image/png"",""cacheControl"":""max-age=3600"",""lastModified"":""2026-07-22T18:22:31.000Z"",""contentLength"":1997119,""httpStatusCode"":200}","2026-07-22 18:22:30.781412+00","2026-07-22 18:22:30.781412+00"
"8c1532ac-b3cb-4533-bba9-bea16806142c","log-attachments","logs/2026/07/23/ecea7a93-779b-491d-9177-5b1a2b1dbed7.png","{""eTag"":""\""84ba8eeacdb2a5dca4f2e3c592904141\"""",""size"":1952007,""mimetype"":""image/png"",""cacheControl"":""max-age=3600"",""lastModified"":""2026-07-22T18:22:34.000Z"",""contentLength"":1952007,""httpStatusCode"":200}","2026-07-22 18:22:33.171426+00","2026-07-22 18:22:33.171426+00"
"68436a7f-b1cd-4489-95ef-86d90faeb4cf","log-attachments","logs/2026/08/07/00ac411c-e0af-4861-9d58-41360c8208a9.png","{""eTag"":""\""3b9cd4c730b035261a015bcd72bfb35b\"""",""size"":1767170,""mimetype"":""image/png"",""cacheControl"":""max-age=3600"",""lastModified"":""2026-08-07T08:40:33.000Z"",""contentLength"":1767170,""httpStatusCode"":200}","2026-08-07 08:40:33.040941+00","2026-08-07 08:40:33.040941+00"
"17ba0668-18f1-4650-b316-e5f2a8df7e20","log-attachments","logs/2026/08/07/1c866de3-9d29-402f-aa08-fb0e35f0a1ec.png","{""eTag"":""\""fad59b15bb53d6d2bbebd6f955bf07d4\"""",""size"":1939258,""mimetype"":""image/png"",""cacheControl"":""max-age=3600"",""lastModified"":""2026-08-07T08:40:28.000Z"",""contentLength"":1939258,""httpStatusCode"":200}","2026-08-07 08:40:27.946507+00","2026-08-07 08:40:27.946507+00"
"6751b5fc-a153-4268-a942-0135fcdcb862","log-attachments","logs/2026/08/07/36e6569d-63fd-4520-b956-62729e8cb5a6.png","{""eTag"":""\""39e84b679e2ebc0abaaa4050e3426bb1\"""",""size"":1887838,""mimetype"":""image/png"",""cacheControl"":""max-age=3600"",""lastModified"":""2026-08-07T08:40:54.000Z"",""contentLength"":1887838,""httpStatusCode"":200}","2026-08-07 08:40:53.74429+00","2026-08-07 08:40:53.74429+00"
"ea4cd192-49b8-4806-bd22-a17d2e0bb4d8","log-attachments","logs/2026/08/07/429c97f1-eab4-4dca-91b9-4cce843c4b2b.png","{""eTag"":""\""a706022867e7a0b1ab6297abb48a9268\"""",""size"":1825627,""mimetype"":""image/png"",""cacheControl"":""max-age=3600"",""lastModified"":""2026-08-07T08:40:18.000Z"",""contentLength"":1825627,""httpStatusCode"":200}","2026-08-07 08:40:17.54329+00","2026-08-07 08:40:17.54329+00"
"6bb6aa26-2124-4d24-a8bb-791aa334fb1d","log-attachments","logs/2026/08/07/5ee68bff-5333-43a5-b705-e993ede0dfd7.png","{""eTag"":""\""1c16ba3ab59cfd149822c3d3bb88b51a\"""",""size"":2250946,""mimetype"":""image/png"",""cacheControl"":""max-age=3600"",""lastModified"":""2026-08-07T08:39:54.000Z"",""contentLength"":2250946,""httpStatusCode"":200}","2026-08-07 08:39:53.085112+00","2026-08-07 08:39:53.085112+00"
"7ede2e93-fc9f-499b-9ab8-fb1310b35003","log-attachments","logs/2026/08/07/60b8a50c-4da7-4d89-9c14-d39abbc149c9.png","{""eTag"":""\""7a8fa005ad763b1f5850b4a749af3a7d\"""",""size"":2278149,""mimetype"":""image/png"",""cacheControl"":""max-age=3600"",""lastModified"":""2026-08-07T08:39:59.000Z"",""contentLength"":2278149,""httpStatusCode"":200}","2026-08-07 08:39:58.956423+00","2026-08-07 08:39:58.956423+00"
"abdb27b2-99d1-438f-9aae-f8039850cdae","log-attachments","logs/2026/08/07/82bb6076-708e-472d-97aa-b630e5bafb7a.png","{""eTag"":""\""109bde2e55cda66b5186eeb6199da627\"""",""size"":1785789,""mimetype"":""image/png"",""cacheControl"":""max-age=3600"",""lastModified"":""2026-08-07T08:40:04.000Z"",""contentLength"":1785789,""httpStatusCode"":200}","2026-08-07 08:40:03.848588+00","2026-08-07 08:40:03.848588+00"
"0ac676a3-c036-4af1-82be-d133c718bfa4","log-attachments","logs/2026/08/07/8b3a1f44-2dc1-47a8-a8ed-d5cda131ea2f.png","{""eTag"":""\""7242bc221b4ca7c7c872baa34b80d84f\"""",""size"":1783330,""mimetype"":""image/png"",""cacheControl"":""max-age=3600"",""lastModified"":""2026-08-07T08:40:25.000Z"",""contentLength"":1783330,""httpStatusCode"":200}","2026-08-07 08:40:24.27988+00","2026-08-07 08:40:24.27988+00"
"5e353ea0-dede-4e01-b0f4-6a7ef69a4b30","log-attachments","logs/2026/08/07/93c45406-62ff-46cb-b2f3-d8c981268d79.png","{""eTag"":""\""ad053bdbbd584b1dd9867a18cf126ee9\"""",""size"":1810561,""mimetype"":""image/png"",""cacheControl"":""max-age=3600"",""lastModified"":""2026-08-07T08:40:08.000Z"",""contentLength"":1810561,""httpStatusCode"":200}","2026-08-07 08:40:07.080193+00","2026-08-07 08:40:07.080193+00"
"03d7682a-6f74-41d3-a97b-1af5ef400136","log-attachments","logs/2026/08/07/952b34b1-5f2e-4bd5-8794-be45246bebf2.png","{""eTag"":""\""e119274884e5496827af977f3168b928\"""",""size"":2249653,""mimetype"":""image/png"",""cacheControl"":""max-age=3600"",""lastModified"":""2026-08-07T08:39:49.000Z"",""contentLength"":2249653,""httpStatusCode"":200}","2026-08-07 08:39:48.711023+00","2026-08-07 08:39:48.711023+00"
"d91b71ae-2d09-441d-8a88-fc8f58895800","log-attachments","logs/2026/08/07/bb836005-9d93-4ba5-8527-310d544ae7aa.png","{""eTag"":""\""76d33e5d5280dc7733a0e815d1c22d6d\"""",""size"":1748735,""mimetype"":""image/png"",""cacheControl"":""max-age=3600"",""lastModified"":""2026-08-07T08:40:11.000Z"",""contentLength"":1748735,""httpStatusCode"":200}","2026-08-07 08:40:11.034527+00","2026-08-07 08:40:11.034527+00"
"f611b747-a3b8-44e4-959d-deb6d6ce5ffe","log-attachments","logs/2026/08/07/be83d578-76d1-4315-a01d-590114b9aac0.png","{""eTag"":""\""9e49e169ff3530a2962bd2f7779fac56\"""",""size"":1918636,""mimetype"":""image/png"",""cacheControl"":""max-age=3600"",""lastModified"":""2026-08-07T08:40:15.000Z"",""contentLength"":1918636,""httpStatusCode"":200}","2026-08-07 08:40:14.499813+00","2026-08-07 08:40:14.499813+00"
"21fcaf3d-cae7-4d93-a359-0351627aeb84","log-attachments","logs/2026/08/07/c7f87f3d-21f9-46b7-aab5-84278492a76c.png","{""eTag"":""\""63f67a49c6c76ddb8cac062f41390276\"""",""size"":1749362,""mimetype"":""image/png"",""cacheControl"":""max-age=3600"",""lastModified"":""2026-08-07T08:40:31.000Z"",""contentLength"":1749362,""httpStatusCode"":200}","2026-08-07 08:40:30.280553+00","2026-08-07 08:40:30.280553+00"
"f25f8f38-9a0f-4307-8cc9-a493f3a0dd9d","log-attachments","logs/2026/08/07/f19fc138-7803-400c-9cca-cef782ddb0a6.png","{""eTag"":""\""719a052a6b0f40a621f094e9fe519310\"""",""size"":1916959,""mimetype"":""image/png"",""cacheControl"":""max-age=3600"",""lastModified"":""2026-08-07T08:40:21.000Z"",""contentLength"":1916959,""httpStatusCode"":200}","2026-08-07 08:40:20.458376+00","2026-08-07 08:40:20.458376+00"
"1f686cfd-8fc3-45a2-a5da-bc180c61a2cb","log-attachments","logs/2026/08/08/03016d60-beb9-44f7-bcc9-8999a4230f43.png","{""eTag"":""\""bedf6938fc43cd8837c6cd24f796e282\"""",""size"":1414037,""mimetype"":""image/png"",""cacheControl"":""max-age=3600"",""lastModified"":""2026-08-08T12:51:05.000Z"",""contentLength"":1414037,""httpStatusCode"":200}","2026-08-08 12:51:04.731847+00","2026-08-08 12:51:04.731847+00"
"298d36dd-763d-4d7f-8bdb-273ecd4aefd0","log-attachments","logs/2026/08/08/0f5a5395-0659-4a40-8c87-2453353af674.png","{""eTag"":""\""bedf6938fc43cd8837c6cd24f796e282\"""",""size"":1414037,""mimetype"":""image/png"",""cacheControl"":""max-age=3600"",""lastModified"":""2026-08-08T12:55:37.000Z"",""contentLength"":1414037,""httpStatusCode"":200}","2026-08-08 12:55:36.602745+00","2026-08-08 12:55:36.602745+00"
"091b88ed-d57a-4a8c-890b-d3dd3323dfbd","log-attachments","logs/2026/08/08/1602b619-7c76-4594-bcbc-b2dcaa1f0fe4.png","{""eTag"":""\""2baf0c57c6e8d1558cd643f331471c44\"""",""size"":1185268,""mimetype"":""image/png"",""cacheControl"":""max-age=3600"",""lastModified"":""2026-08-08T12:53:24.000Z"",""contentLength"":1185268,""httpStatusCode"":200}","2026-08-08 12:53:23.472393+00","2026-08-08 12:53:23.472393+00"
"87dfe9b1-c550-4ce2-9df4-d2d0d7da309d","log-attachments","logs/2026/08/08/18eb1bdd-4453-4a81-9712-007146c5f7df.png","{""eTag"":""\""dd4da3abd7e9ba325331e5f578777d11\"""",""size"":1942784,""mimetype"":""image/png"",""cacheControl"":""max-age=3600"",""lastModified"":""2026-08-08T12:53:26.000Z"",""contentLength"":1942784,""httpStatusCode"":200}","2026-08-08 12:53:25.8265+00","2026-08-08 12:53:25.8265+00"
"88130e72-3726-4cee-babd-e30bef9ff2eb","log-attachments","logs/2026/08/08/1ad79ca9-9082-41af-a091-8b22284f55dd.png","{""eTag"":""\""4f20a3d8982c2fa200a38e8c9c47cc37\"""",""size"":1968637,""mimetype"":""image/png"",""cacheControl"":""max-age=3600"",""lastModified"":""2026-08-08T12:53:27.000Z"",""contentLength"":1968637,""httpStatusCode"":200}","2026-08-08 12:53:26.134808+00","2026-08-08 12:53:26.134808+00"
"38e2571e-4289-44ba-8531-1f32a1241845","log-attachments","logs/2026/08/08/1b7167d3-f198-49c7-bed1-508640f2967f.png","{""eTag"":""\""bedf6938fc43cd8837c6cd24f796e282\"""",""size"":1414037,""mimetype"":""image/png"",""cacheControl"":""max-age=3600"",""lastModified"":""2026-08-08T12:53:24.000Z"",""contentLength"":1414037,""httpStatusCode"":200}","2026-08-08 12:53:23.938766+00","2026-08-08 12:53:23.938766+00"
"619b90c4-701a-41c4-80d6-0c8457fac4af","log-attachments","logs/2026/08/08/32a6f8ac-74f8-47aa-8298-e89ce74ea941.png","{""eTag"":""\""553ad40869fd9335094c5e9650acf62c\"""",""size"":1865604,""mimetype"":""image/png"",""cacheControl"":""max-age=3600"",""lastModified"":""2026-08-08T12:51:06.000Z"",""contentLength"":1865604,""httpStatusCode"":200}","2026-08-08 12:51:05.293644+00","2026-08-08 12:51:05.293644+00"
"0309f1e3-7c4c-4557-838b-7bd150303159","log-attachments","logs/2026/08/08/33c414ae-4367-4caf-a904-b1fb94d38e93.png","{""eTag"":""\""8b8b1371c8f4405e0041c91bbf2ad2f0\"""",""size"":1914651,""mimetype"":""image/png"",""cacheControl"":""max-age=3600"",""lastModified"":""2026-08-08T12:51:07.000Z"",""contentLength"":1914651,""httpStatusCode"":200}","2026-08-08 12:51:06.401154+00","2026-08-08 12:51:06.401154+00"
"ca0c762b-ea6a-48a5-a268-21f40b4767f8","log-attachments","logs/2026/08/08/3ee984e8-b452-451c-a3a1-6709084491b5.png","{""eTag"":""\""e357863185dd91b33559e58da38618c3\"""",""size"":1856798,""mimetype"":""image/png"",""cacheControl"":""max-age=3600"",""lastModified"":""2026-08-08T12:53:25.000Z"",""contentLength"":1856798,""httpStatusCode"":200}","2026-08-08 12:53:24.95881+00","2026-08-08 12:53:24.95881+00"
"73d24729-5902-490b-b7b7-d7b3cc0e54c3","log-attachments","logs/2026/08/08/43d0092d-af2d-4dd9-a4b9-f1e0c6a298cd.png","{""eTag"":""\""7235281da950568038af00df4328dd55\"""",""size"":1282072,""mimetype"":""image/png"",""cacheControl"":""max-age=3600"",""lastModified"":""2026-08-08T12:55:17.000Z"",""contentLength"":1282072,""httpStatusCode"":200}","2026-08-08 12:55:16.88105+00","2026-08-08 12:55:16.88105+00"
"70f260fd-8c23-4cd7-b674-73d15b3c2226","log-attachments","logs/2026/08/08/4c240ffe-27a0-4c51-9fff-f82d80f411dd.png","{""eTag"":""\""7235281da950568038af00df4328dd55\"""",""size"":1282072,""mimetype"":""image/png"",""cacheControl"":""max-age=3600"",""lastModified"":""2026-08-08T12:51:08.000Z"",""contentLength"":1282072,""httpStatusCode"":200}","2026-08-08 12:51:07.908682+00","2026-08-08 12:51:07.908682+00"
"a28c58f7-ca45-46a2-86a8-e528782c4fa0","log-attachments","logs/2026/08/08/4ff4bf82-889c-47e8-b3bf-273ed51d11b3.png","{""eTag"":""\""553ad40869fd9335094c5e9650acf62c\"""",""size"":1865604,""mimetype"":""image/png"",""cacheControl"":""max-age=3600"",""lastModified"":""2026-08-08T12:53:25.000Z"",""contentLength"":1865604,""httpStatusCode"":200}","2026-08-08 12:53:24.251135+00","2026-08-08 12:53:24.251135+00"
"b935f91b-f834-4409-b695-998bb11b0ac1","log-attachments","logs/2026/08/08/6548c723-5010-45d5-89e1-0fc9d1509e2a.png","{""eTag"":""\""e357863185dd91b33559e58da38618c3\"""",""size"":1856798,""mimetype"":""image/png"",""cacheControl"":""max-age=3600"",""lastModified"":""2026-08-08T12:55:28.000Z"",""contentLength"":1856798,""httpStatusCode"":200}","2026-08-08 12:55:27.526684+00","2026-08-08 12:55:27.526684+00"
"b3a2d3c2-ac7b-4f33-8f92-972a35525118","log-attachments","logs/2026/08/08/7585bb1e-b34e-43f8-8760-ddefcbb07601.png","{""eTag"":""\""821c53d6fbfb8dd2d0eb3889502a14a5\"""",""size"":1983319,""mimetype"":""image/png"",""cacheControl"":""max-age=3600"",""lastModified"":""2026-08-08T12:55:20.000Z"",""contentLength"":1983319,""httpStatusCode"":200}","2026-08-08 12:55:19.680675+00","2026-08-08 12:55:19.680675+00"
"fde3f37e-8b05-4de5-be0a-dcb358153a38","log-attachments","logs/2026/08/08/8c99dde3-5621-4696-a253-2785545f9db6.png","{""eTag"":""\""553ad40869fd9335094c5e9650acf62c\"""",""size"":1865604,""mimetype"":""image/png"",""cacheControl"":""max-age=3600"",""lastModified"":""2026-08-08T12:55:34.000Z"",""contentLength"":1865604,""httpStatusCode"":200}","2026-08-08 12:55:33.318817+00","2026-08-08 12:55:33.318817+00"
"42e6d85e-65b6-47e1-bc62-27e6e273d54f","log-attachments","logs/2026/08/08/96600b7a-67a2-4c4d-8262-ad3896c90274.png","{""eTag"":""\""8b8b1371c8f4405e0041c91bbf2ad2f0\"""",""size"":1914651,""mimetype"":""image/png"",""cacheControl"":""max-age=3600"",""lastModified"":""2026-08-08T12:53:26.000Z"",""contentLength"":1914651,""httpStatusCode"":200}","2026-08-08 12:53:25.522531+00","2026-08-08 12:53:25.522531+00"
"9a11e364-3938-47e8-ba94-3b013f7f80ce","log-attachments","logs/2026/08/08/96c7040c-bedc-41e0-b2f0-43454dd192f6.png","{""eTag"":""\""821c53d6fbfb8dd2d0eb3889502a14a5\"""",""size"":1983319,""mimetype"":""image/png"",""cacheControl"":""max-age=3600"",""lastModified"":""2026-08-08T12:53:27.000Z"",""contentLength"":1983319,""httpStatusCode"":200}","2026-08-08 12:53:26.4974+00","2026-08-08 12:53:26.4974+00"
"fae143b1-63ae-4acb-ae91-527e1dc744cf","log-attachments","logs/2026/08/08/a0cb9439-d3c3-4303-b1fb-042aa3d0b489.png","{""eTag"":""\""2406cc7fd13bf86fe6aa42173e0f063a\"""",""size"":1844697,""mimetype"":""image/png"",""cacheControl"":""max-age=3600"",""lastModified"":""2026-08-08T12:53:25.000Z"",""contentLength"":1844697,""httpStatusCode"":200}","2026-08-08 12:53:24.613201+00","2026-08-08 12:53:24.613201+00"
"54246121-da3c-4e43-b46d-5d8a0d24deb5","log-attachments","logs/2026/08/08/ab86363c-35c2-4d23-a8a3-1440d20871d9.png","{""eTag"":""\""2baf0c57c6e8d1558cd643f331471c44\"""",""size"":1185268,""mimetype"":""image/png"",""cacheControl"":""max-age=3600"",""lastModified"":""2026-08-08T12:51:04.000Z"",""contentLength"":1185268,""httpStatusCode"":200}","2026-08-08 12:51:04.017858+00","2026-08-08 12:51:04.017858+00"
"f86e3ae0-a7e8-40aa-ba2e-9f5aac639251","log-attachments","logs/2026/08/08/b2081039-da04-4b65-8a68-34c0c7c687b4.png","{""eTag"":""\""2406cc7fd13bf86fe6aa42173e0f063a\"""",""size"":1844697,""mimetype"":""image/png"",""cacheControl"":""max-age=3600"",""lastModified"":""2026-08-08T12:51:06.000Z"",""contentLength"":1844697,""httpStatusCode"":200}","2026-08-08 12:51:05.676098+00","2026-08-08 12:51:05.676098+00"
"2cf777d5-bd1b-4eb7-8af4-8bac54be90ce","log-attachments","logs/2026/08/08/b7bfb298-336f-42f3-93e6-f43c794dab02.png","{""eTag"":""\""4f20a3d8982c2fa200a38e8c9c47cc37\"""",""size"":1968637,""mimetype"":""image/png"",""cacheControl"":""max-age=3600"",""lastModified"":""2026-08-08T12:51:08.000Z"",""contentLength"":1968637,""httpStatusCode"":200}","2026-08-08 12:51:07.101928+00","2026-08-08 12:51:07.101928+00"
"f102800f-8ff3-45d4-95a1-f193181ba04c","log-attachments","logs/2026/08/08/ba765a3f-a3a7-4a6b-adf4-15d4309721a3.png","{""eTag"":""\""dd4da3abd7e9ba325331e5f578777d11\"""",""size"":1942784,""mimetype"":""image/png"",""cacheControl"":""max-age=3600"",""lastModified"":""2026-08-08T12:51:07.000Z"",""contentLength"":1942784,""httpStatusCode"":200}","2026-08-08 12:51:06.754534+00","2026-08-08 12:51:06.754534+00"
"7528aa5c-71e2-4844-8491-0822be18c82d","log-attachments","logs/2026/08/08/bd5a1cc9-8173-453b-a078-4a109969d258.png","{""eTag"":""\""821c53d6fbfb8dd2d0eb3889502a14a5\"""",""size"":1983319,""mimetype"":""image/png"",""cacheControl"":""max-age=3600"",""lastModified"":""2026-08-08T12:51:08.000Z"",""contentLength"":1983319,""httpStatusCode"":200}","2026-08-08 12:51:07.423162+00","2026-08-08 12:51:07.423162+00"
"3679e033-a31c-4a0e-9168-4c7ba6b3d977","log-attachments","logs/2026/08/08/db25f443-f9da-4958-a98f-5901e290b559.png","{""eTag"":""\""2baf0c57c6e8d1558cd643f331471c44\"""",""size"":1185268,""mimetype"":""image/png"",""cacheControl"":""max-age=3600"",""lastModified"":""2026-08-08T12:55:15.000Z"",""contentLength"":1185268,""httpStatusCode"":200}","2026-08-08 12:55:14.532479+00","2026-08-08 12:55:14.532479+00"
"ee14a6c6-0765-4cc7-9e33-d870c94e6070","log-attachments","logs/2026/08/08/de4a7f5f-d8dd-440a-8e07-bde190c482bb.png","{""eTag"":""\""4f20a3d8982c2fa200a38e8c9c47cc37\"""",""size"":1968637,""mimetype"":""image/png"",""cacheControl"":""max-age=3600"",""lastModified"":""2026-08-08T12:55:23.000Z"",""contentLength"":1968637,""httpStatusCode"":200}","2026-08-08 12:55:22.304781+00","2026-08-08 12:55:22.304781+00"
"b361f663-6ba8-4d88-a94d-0009c8e165f6","log-attachments","logs/2026/08/08/dfbd080d-372e-44d2-838b-d0573aeadb5c.png","{""eTag"":""\""dd4da3abd7e9ba325331e5f578777d11\"""",""size"":1942784,""mimetype"":""image/png"",""cacheControl"":""max-age=3600"",""lastModified"":""2026-08-08T12:55:25.000Z"",""contentLength"":1942784,""httpStatusCode"":200}","2026-08-08 12:55:24.624779+00","2026-08-08 12:55:24.624779+00"
"efe650a8-f4bc-425a-a1c4-a5e380c9c881","log-attachments","logs/2026/08/08/e93e0193-b069-4dc1-8f7e-93ba2a7c48a4.png","{""eTag"":""\""2406cc7fd13bf86fe6aa42173e0f063a\"""",""size"":1844697,""mimetype"":""image/png"",""cacheControl"":""max-age=3600"",""lastModified"":""2026-08-08T12:55:31.000Z"",""contentLength"":1844697,""httpStatusCode"":200}","2026-08-08 12:55:30.647234+00","2026-08-08 12:55:30.647234+00"
"9b983bab-8459-4e4d-8d10-669fb405a248","log-attachments","logs/2026/08/08/ed871f67-5648-48ec-b457-3f78ff5e118b.png","{""eTag"":""\""e357863185dd91b33559e58da38618c3\"""",""size"":1856798,""mimetype"":""image/png"",""cacheControl"":""max-age=3600"",""lastModified"":""2026-08-08T12:51:06.000Z"",""contentLength"":1856798,""httpStatusCode"":200}","2026-08-08 12:51:06.037903+00","2026-08-08 12:51:06.037903+00"
"9ad19292-c899-4cfe-9b61-c5984ea21df0","log-attachments","logs/2026/08/08/f7eeb918-4d8c-4eaa-b488-7ec8e286ecb3.png","{""eTag"":""\""7235281da950568038af00df4328dd55\"""",""size"":1282072,""mimetype"":""image/png"",""cacheControl"":""max-age=3600"",""lastModified"":""2026-08-08T12:53:27.000Z"",""contentLength"":1282072,""httpStatusCode"":200}","2026-08-08 12:53:26.783019+00","2026-08-08 12:53:26.783019+00"
"7304657a-4590-464f-9017-ac7c159b8ec2","log-attachments","logs/2026/08/09/fefae962-161e-4a3c-b6fc-ba2126e43fc8.png","{""eTag"":""\""4bb88799197c7a311a661c0d6684e492\"""",""size"":1970809,""mimetype"":""image/png"",""cacheControl"":""max-age=3600"",""lastModified"":""2026-08-09T14:32:23.000Z"",""contentLength"":1970809,""httpStatusCode"":200}","2026-08-09 14:32:22.875638+00","2026-08-09 14:32:22.875638+00"
"216c7943-1bd7-460b-96f5-c545b21c66dc","log-attachments","logs/2026/08/10/08b85277-ae01-498d-8a61-708458b3db88.png","{""eTag"":""\""d888a578ef20527c323ebfe74c0a2fc4\"""",""size"":1492985,""mimetype"":""image/png"",""cacheControl"":""max-age=3600"",""lastModified"":""2026-08-10T13:33:21.000Z"",""contentLength"":1492985,""httpStatusCode"":200}","2026-08-10 13:33:20.602882+00","2026-08-10 13:33:20.602882+00"
"a3d386e0-1254-4bf8-bdb4-b1b434437caa","log-attachments","logs/2026/08/10/0e262ffb-cd40-4b6c-bc06-0dae193719bd.png","{""eTag"":""\""92a2382277ab634e91932cd82013f8fb\"""",""size"":1400316,""mimetype"":""image/png"",""cacheControl"":""max-age=3600"",""lastModified"":""2026-08-10T13:33:17.000Z"",""contentLength"":1400316,""httpStatusCode"":200}","2026-08-10 13:33:16.867346+00","2026-08-10 13:33:16.867346+00"
"945d8472-d891-4f85-b24b-6116dc4b4fc4","log-attachments","logs/2026/08/10/0e5dd383-318b-4a25-836e-e4bac42912a3.md","{""eTag"":""\""0823eabaead7f03a1f91333c90444a1d\"""",""size"":4719,""mimetype"":""text/markdown"",""cacheControl"":""max-age=3600"",""lastModified"":""2026-08-10T10:22:05.000Z"",""contentLength"":4719,""httpStatusCode"":200}","2026-08-10 10:22:04.88192+00","2026-08-10 10:22:04.88192+00"
"227aa135-acf1-4744-a463-539824a326c9","log-attachments","logs/2026/08/10/1251869a-41cf-4d98-8779-564416196849.png","{""eTag"":""\""e9b7f1c30ccb93e2d2e4fd8d6b769d6b\"""",""size"":1561294,""mimetype"":""image/png"",""cacheControl"":""max-age=3600"",""lastModified"":""2026-08-10T13:33:37.000Z"",""contentLength"":1561294,""httpStatusCode"":200}","2026-08-10 13:33:36.128588+00","2026-08-10 13:33:36.128588+00"
"a06cd94a-618f-4e96-951f-370ac1e83d91","log-attachments","logs/2026/08/10/127b0515-3e4b-4e0b-b8d2-c35bdfc966e3.png","{""eTag"":""\""8d9ceebaa1efe45897f94062c45c4b2e\"""",""size"":1517509,""mimetype"":""image/png"",""cacheControl"":""max-age=3600"",""lastModified"":""2026-08-10T13:33:31.000Z"",""contentLength"":1517509,""httpStatusCode"":200}","2026-08-10 13:33:30.656331+00","2026-08-10 13:33:30.656331+00"
"d54210d0-7df9-4da1-9ca5-c4d3e65fd67d","log-attachments","logs/2026/08/10/1c28396d-5351-4258-8382-064093a9007e.png","{""eTag"":""\""7326ab778a80e3ef2a4062432e581fd8\"""",""size"":1448912,""mimetype"":""image/png"",""cacheControl"":""max-age=3600"",""lastModified"":""2026-08-10T13:33:28.000Z"",""contentLength"":1448912,""httpStatusCode"":200}","2026-08-10 13:33:27.968666+00","2026-08-10 13:33:27.968666+00"
"a97eaf06-1a01-45e5-8c68-0162a73fef53","log-attachments","logs/2026/08/10/4117745a-d215-4b94-9f44-79d96673b65c.png","{""eTag"":""\""71e05fb894f9b89156dfdf83edee099e\"""",""size"":1608503,""mimetype"":""image/png"",""cacheControl"":""max-age=3600"",""lastModified"":""2026-08-10T13:33:26.000Z"",""contentLength"":1608503,""httpStatusCode"":200}","2026-08-10 13:33:25.623688+00","2026-08-10 13:33:25.623688+00"
"01bff4c8-51da-4bec-bade-1b90f1f79202","log-attachments","logs/2026/08/10/5762a3ca-dbf9-4177-b6e9-f89f89d78e69.png","{""eTag"":""\""7c0d68d42f2d1a245a3e71647b933e86\"""",""size"":1459306,""mimetype"":""image/png"",""cacheControl"":""max-age=3600"",""lastModified"":""2026-08-10T13:33:42.000Z"",""contentLength"":1459306,""httpStatusCode"":200}","2026-08-10 13:33:41.182201+00","2026-08-10 13:33:41.182201+00"
"fe6a4fb3-2de9-473a-a5c1-339170e2962e","log-attachments","logs/2026/08/10/5c59ee11-7ce6-42d7-af11-8b1393434ab5.png","{""eTag"":""\""65c668a542a17fb14c630d61c1fc6146\"""",""size"":1506839,""mimetype"":""image/png"",""cacheControl"":""max-age=3600"",""lastModified"":""2026-08-10T13:33:07.000Z"",""contentLength"":1506839,""httpStatusCode"":200}","2026-08-10 13:33:06.841711+00","2026-08-10 13:33:06.841711+00"
"413b40a6-b7e8-4766-a2e4-592c82120722","log-attachments","logs/2026/08/10/5c61acc3-a531-4f15-b30d-e286e5180e04.pdf","{""eTag"":""\""bd35b3b9c84efb90584c906c53cb3e33\"""",""size"":270381,""mimetype"":""application/pdf"",""cacheControl"":""max-age=3600"",""lastModified"":""2026-08-10T10:22:22.000Z"",""contentLength"":270381,""httpStatusCode"":200}","2026-08-10 10:22:21.973612+00","2026-08-10 10:22:21.973612+00"
"b38337bb-0e9c-4bf0-8248-6dba510a82e3","log-attachments","logs/2026/08/10/6e7b90a4-5e6f-4c76-8376-c7d0c765e325.png","{""eTag"":""\""4479b53386216bb7c77f5304c34995ca\"""",""size"":2052793,""mimetype"":""image/png"",""cacheControl"":""max-age=3600"",""lastModified"":""2026-08-09T15:36:49.000Z"",""contentLength"":2052793,""httpStatusCode"":200}","2026-08-09 15:36:48.104608+00","2026-08-09 15:36:48.104608+00"
"c6e8c7ba-506d-4151-8b82-185a52944fcf","log-attachments","logs/2026/08/10/79103cd2-7e38-421e-8d0e-958e6b73d44c.png","{""eTag"":""\""c8b25630ebaa10c986d16b1a00704138\"""",""size"":1535605,""mimetype"":""image/png"",""cacheControl"":""max-age=3600"",""lastModified"":""2026-08-10T13:33:33.000Z"",""contentLength"":1535605,""httpStatusCode"":200}","2026-08-10 13:33:32.783052+00","2026-08-10 13:33:32.783052+00"
"38c7874e-d5b0-4fbc-86fc-9ef18a71d685","log-attachments","logs/2026/08/10/8b83efd1-e284-4215-ac83-aab699aa945f.md","{""eTag"":""\""66c8ce07e155af3e391765a8886951b7\"""",""size"":11692,""mimetype"":""text/markdown"",""cacheControl"":""max-age=3600"",""lastModified"":""2026-08-10T10:21:59.000Z"",""contentLength"":11692,""httpStatusCode"":200}","2026-08-10 10:21:58.819788+00","2026-08-10 10:21:58.819788+00"
"c8593434-a6da-4583-a4a9-98b8004c6ce3","log-attachments","logs/2026/08/10/8f061463-d8d2-4f27-8f6f-1ecd675b4f26.png","{""eTag"":""\""db0d9cf761f1f4f9ca1eedf6b404f514\"""",""size"":1815829,""mimetype"":""image/png"",""cacheControl"":""max-age=3600"",""lastModified"":""2026-08-09T15:36:46.000Z"",""contentLength"":1815829,""httpStatusCode"":200}","2026-08-09 15:36:45.187967+00","2026-08-09 15:36:45.187967+00"
"6f57393c-6348-498f-9dbd-0d5ed107dfca","log-attachments","logs/2026/08/10/9083173c-1536-43c8-bd00-fa39e5376e2e.pdf","{""eTag"":""\""32ebc0fa7ae4f84e8cf2d4ecc0ed0ec7\"""",""size"":351307,""mimetype"":""application/pdf"",""cacheControl"":""max-age=3600"",""lastModified"":""2026-08-10T10:22:11.000Z"",""contentLength"":351307,""httpStatusCode"":200}","2026-08-10 10:22:10.864931+00","2026-08-10 10:22:10.864931+00"
"b6452d20-1a3d-476d-9b6e-577c71d7c4b8","log-attachments","logs/2026/08/10/9151817e-4e58-44b4-9566-76a92e064ab8.pdf","{""eTag"":""\""2417a7d5ce31a1b4d7c4fef11aa88367\"""",""size"":365953,""mimetype"":""application/pdf"",""cacheControl"":""max-age=3600"",""lastModified"":""2026-08-10T10:22:14.000Z"",""contentLength"":365953,""httpStatusCode"":200}","2026-08-10 10:22:13.716387+00","2026-08-10 10:22:13.716387+00"
"0d844c4f-2ff3-4554-9faf-0882a1aab2d7","log-attachments","logs/2026/08/10/96daa7f1-4b6c-4017-91e5-facd25731e47.png","{""eTag"":""\""53854a71d353fdc20e06f3cee5cde8cd\"""",""size"":1925042,""mimetype"":""image/png"",""cacheControl"":""max-age=3600"",""lastModified"":""2026-08-09T15:36:43.000Z"",""contentLength"":1925042,""httpStatusCode"":200}","2026-08-09 15:36:42.459628+00","2026-08-09 15:36:42.459628+00"
"5bd9a203-8b35-4437-827a-4136afabe77e","log-attachments","logs/2026/08/10/9a9fd84c-cb08-4428-8b2e-1cc832490268.png","{""eTag"":""\""b182540ef850aab73fc29a7abbd92c5e\"""",""size"":1895113,""mimetype"":""image/png"",""cacheControl"":""max-age=3600"",""lastModified"":""2026-08-09T15:36:33.000Z"",""contentLength"":1895113,""httpStatusCode"":200}","2026-08-09 15:36:32.664923+00","2026-08-09 15:36:32.664923+00"
"4c59bc77-d76c-4d31-97b6-f55bac4f524f","log-attachments","logs/2026/08/10/9dc33470-f381-4eb7-8a8e-6bc5252f09a1.png","{""eTag"":""\""49ea46f1e8e5d92efa693b44d4681bb1\"""",""size"":1541328,""mimetype"":""image/png"",""cacheControl"":""max-age=3600"",""lastModified"":""2026-08-10T13:33:39.000Z"",""contentLength"":1541328,""httpStatusCode"":200}","2026-08-10 13:33:38.753918+00","2026-08-10 13:33:38.753918+00"
"ddb25c0c-4baa-40e1-ac13-7d493756fe60","log-attachments","logs/2026/08/10/a37f312e-4c7b-4456-ac01-e79fd8dc9e68.png","{""eTag"":""\""edc2e7066d54c47596f8835d38c87899\"""",""size"":1796259,""mimetype"":""image/png"",""cacheControl"":""max-age=3600"",""lastModified"":""2026-08-09T15:36:36.000Z"",""contentLength"":1796259,""httpStatusCode"":200}","2026-08-09 15:36:35.416166+00","2026-08-09 15:36:35.416166+00"
"d77485d3-df17-4508-aea6-c500d30e4db9","log-attachments","logs/2026/08/10/bc3f27b0-6052-4599-b068-b8e610820f96.pdf","{""eTag"":""\""f1bc113eae3f4692355e0be46c2d27ec\"""",""size"":282087,""mimetype"":""application/pdf"",""cacheControl"":""max-age=3600"",""lastModified"":""2026-08-10T10:22:20.000Z"",""contentLength"":282087,""httpStatusCode"":200}","2026-08-10 10:22:19.310929+00","2026-08-10 10:22:19.310929+00"
"12da71f6-7c5d-4f40-af4e-07d30971f641","log-attachments","logs/2026/08/10/c2e6160c-4848-474f-b78c-4daca74820c4.png","{""eTag"":""\""5548bf8236e6738eaffa318beebf4f74\"""",""size"":1981055,""mimetype"":""image/png"",""cacheControl"":""max-age=3600"",""lastModified"":""2026-08-09T15:36:39.000Z"",""contentLength"":1981055,""httpStatusCode"":200}","2026-08-09 15:36:38.707044+00","2026-08-09 15:36:38.707044+00"
"4879089f-7122-4095-9e7d-c71ba96dcf34","log-attachments","logs/2026/08/10/c8dad08e-c274-4a50-a216-a53e85390053.png","{""eTag"":""\""9d7a2b73aa67f061497715a1e1c759ce\"""",""size"":1596580,""mimetype"":""image/png"",""cacheControl"":""max-age=3600"",""lastModified"":""2026-08-10T13:33:24.000Z"",""contentLength"":1596580,""httpStatusCode"":200}","2026-08-10 13:33:23.234404+00","2026-08-10 13:33:23.234404+00"
"b870e4c9-efbf-4980-a680-734d631460d2","log-attachments","logs/2026/08/10/d567e7df-3ead-4777-8012-88b2776b8a4d.md","{""eTag"":""\""11fff802fbc1386fc8d4c4e6a9db8009\"""",""size"":10025,""mimetype"":""text/markdown"",""cacheControl"":""max-age=3600"",""lastModified"":""2026-08-10T10:21:55.000Z"",""contentLength"":10025,""httpStatusCode"":200}","2026-08-10 10:21:54.991619+00","2026-08-10 10:21:54.991619+00"
"b3d9e50e-e54b-4264-b080-a354dfc4bc85","log-attachments","logs/2026/08/10/d889ace3-18f5-4498-a869-cbf17658d12b.pdf","{""eTag"":""\""8ca67f06cff33302600de4a65c522e70\"""",""size"":226398,""mimetype"":""application/pdf"",""cacheControl"":""max-age=3600"",""lastModified"":""2026-08-10T10:22:17.000Z"",""contentLength"":226398,""httpStatusCode"":200}","2026-08-10 10:22:16.429515+00","2026-08-10 10:22:16.429515+00"
"d163fa1a-39d8-4c3e-9997-b1d2e896a9fe","log-attachments","logs/2026/08/10/e2a2c53c-154e-4961-8c62-6ee93db2ac18.md","{""eTag"":""\""12dd9e2a631d3ef624262d5cc63ac179\"""",""size"":4132,""mimetype"":""text/markdown"",""cacheControl"":""max-age=3600"",""lastModified"":""2026-08-10T10:22:08.000Z"",""contentLength"":4132,""httpStatusCode"":200}","2026-08-10 10:22:07.500928+00","2026-08-10 10:22:07.500928+00"
"01547882-f4d0-4831-971d-e91ad34a02a0","log-attachments","logs/2026/08/10/f10e0f8a-e39d-4499-87e0-b74ed3dfba29.png","{""eTag"":""\""6791276fc39509d4f4513367226927e0\"""",""size"":1496236,""mimetype"":""image/png"",""cacheControl"":""max-age=3600"",""lastModified"":""2026-08-10T13:33:15.000Z"",""contentLength"":1496236,""httpStatusCode"":200}","2026-08-10 13:33:14.413577+00","2026-08-10 13:33:14.413577+00"
"168e984a-f470-4149-a78e-1714a05892b2","log-attachments","logs/2026/08/10/f6de25ac-aad3-4302-b1fc-31ae150bd96b.png","{""eTag"":""\""b5f5c30b66b3718e478a0dad56b19ae2\"""",""size"":1525563,""mimetype"":""image/png"",""cacheControl"":""max-age=3600"",""lastModified"":""2026-08-10T13:33:09.000Z"",""contentLength"":1525563,""httpStatusCode"":200}","2026-08-10 13:33:09.048932+00","2026-08-10 13:33:09.048932+00"
"a3aedb3e-7343-46ff-9955-c5aef7299c72","log-attachments","logs/2026/08/10/f90bd72b-39a8-4279-b253-910dcb157f90.png","{""eTag"":""\""4f6f2ca532a093df5a2c636bc58d5dcd\"""",""size"":1632696,""mimetype"":""image/png"",""cacheControl"":""max-age=3600"",""lastModified"":""2026-08-10T13:33:05.000Z"",""contentLength"":1632696,""httpStatusCode"":200}","2026-08-10 13:33:04.324693+00","2026-08-10 13:33:04.324693+00"
"2c1f1cf5-1652-44f7-a22b-c23572ef78e0","log-attachments","logs/2026/08/10/fb76163e-bcc6-433d-85ee-3ae1c31071e3.png","{""eTag"":""\""6aa8680813cb7ea57ea5ac1aee6e470e\"""",""size"":1540470,""mimetype"":""image/png"",""cacheControl"":""max-age=3600"",""lastModified"":""2026-08-10T13:33:12.000Z"",""contentLength"":1540470,""httpStatusCode"":200}","2026-08-10 13:33:11.602822+00","2026-08-10 13:33:11.602822+00"
"b162fd87-0a27-40bf-803b-2378d44b38ba","log-attachments","logs/2026/08/10/feca1e72-7c59-4e41-a51b-c79324e424ef.md","{""eTag"":""\""97ac73a29574bc6ae7ccd391d8c0721e\"""",""size"":2420,""mimetype"":""text/markdown"",""cacheControl"":""max-age=3600"",""lastModified"":""2026-08-10T10:22:02.000Z"",""contentLength"":2420,""httpStatusCode"":200}","2026-08-10 10:22:01.951611+00","2026-08-10 10:22:01.951611+00"
"61004d6b-bf42-4b08-a231-4aadd22fe656","log-attachments","logs/2026/08/11/0b357984-ae89-4f76-8a48-fd7e96d956d6.png","{""eTag"":""\""f16e6edb9b8534190189f4f846535be7\"""",""size"":861132,""mimetype"":""image/png"",""cacheControl"":""max-age=3600"",""lastModified"":""2026-08-11T08:15:52.000Z"",""contentLength"":861132,""httpStatusCode"":200}","2026-08-11 08:15:51.562637+00","2026-08-11 08:15:51.562637+00"
"901d27d8-eea9-439e-8b41-18aeeb60e1f4","log-attachments","logs/2026/08/11/14029b09-d845-4708-b60c-c99ca4f27835.png","{""eTag"":""\""f16e6edb9b8534190189f4f846535be7\"""",""size"":861132,""mimetype"":""image/png"",""cacheControl"":""max-age=3600"",""lastModified"":""2026-08-11T08:53:49.000Z"",""contentLength"":861132,""httpStatusCode"":200}","2026-08-11 08:53:48.098957+00","2026-08-11 08:53:48.098957+00"
"b95b6c68-d9e2-4da2-ae26-cbc4886c8faa","log-attachments","logs/2026/08/11/157696da-4974-4574-8d16-40761cfc1bec.png","{""eTag"":""\""e21ecfff53ae94bb3fd747cb7fa3bf10\"""",""size"":1228635,""mimetype"":""image/png"",""cacheControl"":""max-age=3600"",""lastModified"":""2026-08-11T08:54:32.000Z"",""contentLength"":1228635,""httpStatusCode"":200}","2026-08-11 08:54:31.437104+00","2026-08-11 08:54:31.437104+00"
"412c6512-2d6f-4030-8929-20ca49607bd1","log-attachments","logs/2026/08/11/2a8ddf4d-caee-4f9d-b1bf-c42cb91d1935.png","{""eTag"":""\""a3daf3c53a02ad10b9287bfc31cdb08e\"""",""size"":1481440,""mimetype"":""image/png"",""cacheControl"":""max-age=3600"",""lastModified"":""2026-08-11T08:54:16.000Z"",""contentLength"":1481440,""httpStatusCode"":200}","2026-08-11 08:54:15.409761+00","2026-08-11 08:54:15.409761+00"
"9afbb4f9-1206-4571-893d-8cb34d44d2d4","log-attachments","logs/2026/08/11/30acb924-ce2d-464f-b2b5-6cf979316b62.png","{""eTag"":""\""e63704d88e9a439ea2943473088896ee\"""",""size"":1312271,""mimetype"":""image/png"",""cacheControl"":""max-age=3600"",""lastModified"":""2026-08-11T08:53:54.000Z"",""contentLength"":1312271,""httpStatusCode"":200}","2026-08-11 08:53:53.584805+00","2026-08-11 08:53:53.584805+00"
"3b213ac4-0d7f-4929-a24a-7ab8675cb989","log-attachments","logs/2026/08/11/30c40c83-52ea-4fbd-a153-378e9906d652.png","{""eTag"":""\""4a1c526f4746dc4547f64bcbfcd17e37\"""",""size"":1128023,""mimetype"":""image/png"",""cacheControl"":""max-age=3600"",""lastModified"":""2026-08-11T08:54:29.000Z"",""contentLength"":1128023,""httpStatusCode"":200}","2026-08-11 08:54:28.552765+00","2026-08-11 08:54:28.552765+00"
"fff7c94e-5cf4-40c1-8ac2-9555594a4d98","log-attachments","logs/2026/08/11/5176828f-912e-40a5-9c89-5c613a76270c.png","{""eTag"":""\""b573482ddbdb18e4901f52315cd4fb9c\"""",""size"":1395936,""mimetype"":""image/png"",""cacheControl"":""max-age=3600"",""lastModified"":""2026-08-11T08:54:03.000Z"",""contentLength"":1395936,""httpStatusCode"":200}","2026-08-11 08:54:02.838387+00","2026-08-11 08:54:02.838387+00"
"0ae2ba2f-707d-46c1-be96-9ee7020d0df6","log-attachments","logs/2026/08/11/5c3e6829-5ccb-42f7-979e-d327fe35fea0.png","{""eTag"":""\""e2036d4337f470cfe975aa26a34f3af6\"""",""size"":1396059,""mimetype"":""image/png"",""cacheControl"":""max-age=3600"",""lastModified"":""2026-08-11T08:54:11.000Z"",""contentLength"":1396059,""httpStatusCode"":200}","2026-08-11 08:54:10.10075+00","2026-08-11 08:54:10.10075+00"
"eaaac81e-a381-41b0-a484-b66e2ec1a70d","log-attachments","logs/2026/08/11/6bbee7d1-22b9-4e39-a1cd-93570cf543e4.png","{""eTag"":""\""a8ab7c2d6853ad6e39bc9069e6ef5a9d\"""",""size"":1343989,""mimetype"":""image/png"",""cacheControl"":""max-age=3600"",""lastModified"":""2026-08-11T08:54:08.000Z"",""contentLength"":1343989,""httpStatusCode"":200}","2026-08-11 08:54:07.887669+00","2026-08-11 08:54:07.887669+00"
"41fe66a4-134e-407f-b6f6-9ac9eebb7cc4","log-attachments","logs/2026/08/11/8277833b-b26a-46d8-8abd-46e59002a41a.png","{""eTag"":""\""5ae43db9f7560924b71ecc2f8e04c1f8\"""",""size"":1338241,""mimetype"":""image/png"",""cacheControl"":""max-age=3600"",""lastModified"":""2026-08-11T08:54:26.000Z"",""contentLength"":1338241,""httpStatusCode"":200}","2026-08-11 08:54:26.006296+00","2026-08-11 08:54:26.006296+00"
"acb8dc6b-b6dc-4145-aa80-58934efed82b","log-attachments","logs/2026/08/11/8e9f9f5d-b9f8-4207-b238-097ce20e35bd.png","{""eTag"":""\""063618f2c201cd148662b22208b4a308\"""",""size"":1297021,""mimetype"":""image/png"",""cacheControl"":""max-age=3600"",""lastModified"":""2026-08-11T08:54:01.000Z"",""contentLength"":1297021,""httpStatusCode"":200}","2026-08-11 08:54:00.140355+00","2026-08-11 08:54:00.140355+00"
"7ab9d651-6666-42f7-83d5-55ac5b8c5c6d","log-attachments","logs/2026/08/11/8f06d323-662a-4381-956d-5b3d99e6a779.png","{""eTag"":""\""076d86de10015b8d207ab2067b7ce3e4\"""",""size"":1283769,""mimetype"":""image/png"",""cacheControl"":""max-age=3600"",""lastModified"":""2026-08-11T08:54:21.000Z"",""contentLength"":1283769,""httpStatusCode"":200}","2026-08-11 08:54:20.157451+00","2026-08-11 08:54:20.157451+00"
"fd88c3e4-48a0-4115-b6ce-75c9dcc770fd","log-attachments","logs/2026/08/11/99db8263-caaa-4652-8f19-a3602dfb2463.png","{""eTag"":""\""e8524d0b9ab1acb6d7325b2a12ded777\"""",""size"":1287344,""mimetype"":""image/png"",""cacheControl"":""max-age=3600"",""lastModified"":""2026-08-11T08:54:18.000Z"",""contentLength"":1287344,""httpStatusCode"":200}","2026-08-11 08:54:17.485694+00","2026-08-11 08:54:17.485694+00"
"93bf2b0f-c5af-47d6-88f4-9a8c86f7c9f5","log-attachments","logs/2026/08/11/a7e2468e-dd74-48b8-bcc6-c486bd6535fb.png","{""eTag"":""\""2c383bf94d401f3cf2aa3457255215a4\"""",""size"":1359589,""mimetype"":""image/png"",""cacheControl"":""max-age=3600"",""lastModified"":""2026-08-11T08:54:13.000Z"",""contentLength"":1359589,""httpStatusCode"":200}","2026-08-11 08:54:12.824034+00","2026-08-11 08:54:12.824034+00"
"967d0149-fb61-48bd-bc73-6d946d9cc6fe","log-attachments","logs/2026/08/11/bc280571-0251-454b-8a24-5f338e2ebe7f.png","{""eTag"":""\""6780ca17e419ec06cfcfa8e4d727e3c5\"""",""size"":1257565,""mimetype"":""image/png"",""cacheControl"":""max-age=3600"",""lastModified"":""2026-08-11T08:54:23.000Z"",""contentLength"":1257565,""httpStatusCode"":200}","2026-08-11 08:54:22.943439+00","2026-08-11 08:54:22.943439+00"
"b4e262f8-f5cc-412a-8678-9bb499f3ef06","log-attachments","logs/2026/08/11/d951ab96-d81b-43a9-8913-eb9abba43bb6.png","{""eTag"":""\""732b8215ff56f228fbdcf91b76e14b90\"""",""size"":1392969,""mimetype"":""image/png"",""cacheControl"":""max-age=3600"",""lastModified"":""2026-08-11T08:53:51.000Z"",""contentLength"":1392969,""httpStatusCode"":200}","2026-08-11 08:53:50.849961+00","2026-08-11 08:53:50.849961+00"
"08cb576d-edd4-4655-97a1-db041a347d3d","log-attachments","logs/2026/08/11/e4895d36-9a41-401a-a75e-56f417bd9a7b.png","{""eTag"":""\""90acb794342d8a0718b4983ec0096a41\"""",""size"":1347407,""mimetype"":""image/png"",""cacheControl"":""max-age=3600"",""lastModified"":""2026-08-11T08:54:06.000Z"",""contentLength"":1347407,""httpStatusCode"":200}","2026-08-11 08:54:05.667807+00","2026-08-11 08:54:05.667807+00"
"9578de29-fb33-4320-853c-c1875d0de246","log-attachments","logs/2026/08/12/12ddd0d8-8545-427c-8861-ea239b22069b.png","{""eTag"":""\""5fec0f65feab8f4e96db293e8a681cdd\"""",""size"":1935785,""mimetype"":""image/png"",""cacheControl"":""max-age=3600"",""lastModified"":""2026-08-12T10:07:31.000Z"",""contentLength"":1935785,""httpStatusCode"":200}","2026-08-12 10:07:30.69588+00","2026-08-12 10:07:30.69588+00"
"fd971968-3558-4850-a6f6-82d60e0566bc","log-attachments","logs/2026/08/12/15d15430-8f77-4a5e-a1c7-4250c732876b.png","{""eTag"":""\""de4eb9ef9fe3910a66f3aa2e1e8f9005\"""",""size"":1347658,""mimetype"":""image/png"",""cacheControl"":""max-age=3600"",""lastModified"":""2026-08-12T10:44:17.000Z"",""contentLength"":1347658,""httpStatusCode"":200}","2026-08-12 10:44:16.540358+00","2026-08-12 10:44:16.540358+00"
"8daa1e29-04fd-491e-8af7-7c4e4f1cb28b","log-attachments","logs/2026/08/12/1fd73022-93e2-4ac1-9bc2-2cd116f47147.png","{""eTag"":""\""22e8eb39431adb74fdc8921ec745a987\"""",""size"":1833669,""mimetype"":""image/png"",""cacheControl"":""max-age=3600"",""lastModified"":""2026-08-12T10:07:11.000Z"",""contentLength"":1833669,""httpStatusCode"":200}","2026-08-12 10:07:10.991403+00","2026-08-12 10:07:10.991403+00"
"7f57e228-82d7-4e32-ac88-6a66e1d2b643","log-attachments","logs/2026/08/12/201798e0-1a25-4ce4-85b2-3d756fefa035.png","{""eTag"":""\""ed68e7ff7618dc631ff46105dbb88b5d\"""",""size"":2128805,""mimetype"":""image/png"",""cacheControl"":""max-age=3600"",""lastModified"":""2026-08-12T10:07:41.000Z"",""contentLength"":2128805,""httpStatusCode"":200}","2026-08-12 10:07:40.315501+00","2026-08-12 10:07:40.315501+00"
"d572410f-a278-4581-bb8d-0d724b283fdc","log-attachments","logs/2026/08/12/658ef6ca-5009-4307-9214-91426df95a77.png","{""eTag"":""\""4b791a2789764c36196a3d5a6cf8561a\"""",""size"":1556949,""mimetype"":""image/png"",""cacheControl"":""max-age=3600"",""lastModified"":""2026-08-12T10:07:44.000Z"",""contentLength"":1556949,""httpStatusCode"":200}","2026-08-12 10:07:43.198378+00","2026-08-12 10:07:43.198378+00"
"ddd9eb7b-9fd9-4d71-97cf-95709ebb8ecf","log-attachments","logs/2026/08/12/6fe9cbd2-cd4a-4133-9eb5-576617430914.png","{""eTag"":""\""cd908535b14ce34763d593876237909c\"""",""size"":713707,""mimetype"":""image/png"",""cacheControl"":""max-age=3600"",""lastModified"":""2026-08-12T01:01:32.000Z"",""contentLength"":713707,""httpStatusCode"":200}","2026-08-12 01:01:31.689078+00","2026-08-12 01:01:31.689078+00"
"01dc681d-4059-42b2-a4a7-a008b9f91217","log-attachments","logs/2026/08/12/7c444b83-d29b-4974-9bba-825a6f277b72.png","{""eTag"":""\""6819fb7801186873a2df5a89b68684a0\"""",""size"":1669058,""mimetype"":""image/png"",""cacheControl"":""max-age=3600"",""lastModified"":""2026-08-12T10:07:24.000Z"",""contentLength"":1669058,""httpStatusCode"":200}","2026-08-12 10:07:23.431562+00","2026-08-12 10:07:23.431562+00"
"de32b053-7f65-4cb9-9f70-7076ade9f405","log-attachments","logs/2026/08/12/8fbdd3c3-5d4e-48aa-b307-348b3bb4175d.png","{""eTag"":""\""750d52562399691fb0c4df3a586f15b0\"""",""size"":1864701,""mimetype"":""image/png"",""cacheControl"":""max-age=3600"",""lastModified"":""2026-08-12T10:07:46.000Z"",""contentLength"":1864701,""httpStatusCode"":200}","2026-08-12 10:07:45.633655+00","2026-08-12 10:07:45.633655+00"
"f0832e8a-b81e-4bad-913b-07a66bd2e9c6","log-attachments","logs/2026/08/12/a0ffa627-1e32-4ec0-8ac8-fdc6595c1971.png","{""eTag"":""\""e7e95e987688e4018d0823a53e7e1ef6\"""",""size"":1167894,""mimetype"":""image/png"",""cacheControl"":""max-age=3600"",""lastModified"":""2026-08-12T10:07:34.000Z"",""contentLength"":1167894,""httpStatusCode"":200}","2026-08-12 10:07:33.425399+00","2026-08-12 10:07:33.425399+00"
"65dfd757-e288-4bb0-8f10-45246a751266","log-attachments","logs/2026/08/12/ba3cb18f-5d36-439a-bead-0ea6a975ae54.png","{""eTag"":""\""a38e97498216cc13dbc08b5c671ae791\"""",""size"":2368791,""mimetype"":""image/png"",""cacheControl"":""max-age=3600"",""lastModified"":""2026-08-12T10:07:39.000Z"",""contentLength"":2368791,""httpStatusCode"":200}","2026-08-12 10:07:38.303834+00","2026-08-12 10:07:38.303834+00"
"4e5176be-8a6e-4974-b6e4-d3ccc5d21158","log-attachments","logs/2026/08/12/c918167c-0316-4f8a-9e36-8e961460d828.png","{""eTag"":""\""01cb7a40a82588c10eb6f99649ff7e0a\"""",""size"":1908517,""mimetype"":""image/png"",""cacheControl"":""max-age=3600"",""lastModified"":""2026-08-12T10:07:29.000Z"",""contentLength"":1908517,""httpStatusCode"":200}","2026-08-12 10:07:28.261736+00","2026-08-12 10:07:28.261736+00"
"d6083198-29a0-4bbe-bfa1-b04dcd010297","log-attachments","logs/2026/08/12/ce3c7d99-a2af-4507-afed-eff3ec3dbd32.png","{""eTag"":""\""0cfad24453efb53fe45acd20ac3cb78f\"""",""size"":1635529,""mimetype"":""image/png"",""cacheControl"":""max-age=3600"",""lastModified"":""2026-08-12T10:07:19.000Z"",""contentLength"":1635529,""httpStatusCode"":200}","2026-08-12 10:07:18.324295+00","2026-08-12 10:07:18.324295+00"
"11b7c1a6-c340-4eeb-a329-eb8365e8bfa1","log-attachments","logs/2026/08/12/d097e8c7-9127-40b2-bfb8-063b8aeb18ff.png","{""eTag"":""\""34129b24d324f04b7198a16e804bed10\"""",""size"":1312984,""mimetype"":""image/png"",""cacheControl"":""max-age=3600"",""lastModified"":""2026-08-12T10:07:21.000Z"",""contentLength"":1312984,""httpStatusCode"":200}","2026-08-12 10:07:20.723865+00","2026-08-12 10:07:20.723865+00"
"a4fb1200-9679-4cd2-8e29-920cb72f8250","log-attachments","logs/2026/08/12/dee41f8c-aee5-4b0c-96f8-6f606d0d335c.png","{""eTag"":""\""c40aa0b4c38f4efc51ab86a370bff0b6\"""",""size"":3161214,""mimetype"":""image/png"",""cacheControl"":""max-age=3600"",""lastModified"":""2026-08-12T01:01:29.000Z"",""contentLength"":3161214,""httpStatusCode"":200}","2026-08-12 01:01:28.646993+00","2026-08-12 01:01:28.646993+00"
"c851cbda-0c1b-4466-a4ee-800df3a822e6","log-attachments","logs/2026/08/12/e0d98e8b-0791-4073-acb1-569a1eb83138.png","{""eTag"":""\""df8a3e2d10c9ca0689ce9134d0802c47\"""",""size"":1666707,""mimetype"":""image/png"",""cacheControl"":""max-age=3600"",""lastModified"":""2026-08-12T10:07:16.000Z"",""contentLength"":1666707,""httpStatusCode"":200}","2026-08-12 10:07:15.101642+00","2026-08-12 10:07:15.101642+00"
"edf262c1-5b29-4a98-aa5c-90a9caca599f","log-attachments","logs/2026/08/12/fd142195-823d-41d1-a2f0-9fb7a2cbd94e.png","{""eTag"":""\""6a272fb3ecbfecfe396e9845da5e4a95\"""",""size"":1766996,""mimetype"":""image/png"",""cacheControl"":""max-age=3600"",""lastModified"":""2026-08-12T10:07:48.000Z"",""contentLength"":1766996,""httpStatusCode"":200}","2026-08-12 10:07:47.783935+00","2026-08-12 10:07:47.783935+00"
"e756f959-cd12-4064-af4e-5db818c90865","log-attachments","logs/2026/08/13/8d5f3909-0247-4dd3-920e-ef624f4d3b77.png","{""eTag"":""\""bc154223a1a8a9f06fe4aab92ba05e9a\"""",""size"":3170577,""mimetype"":""image/png"",""cacheControl"":""max-age=3600"",""lastModified"":""2026-08-13T11:26:08.000Z"",""contentLength"":3170577,""httpStatusCode"":200}","2026-08-13 11:26:07.612512+00","2026-08-13 11:26:07.612512+00"
"6ced7d14-6253-4005-8260-7fec1b3741b0","log-attachments","logs/2026/08/13/ca41205f-2c9c-407b-9ba1-8d0197ff8594.jpg","{""eTag"":""\""29dc4178fbdab00cd95bcad7eb3e8f9f\"""",""size"":6466,""mimetype"":""image/jpeg"",""cacheControl"":""max-age=3600"",""lastModified"":""2026-08-13T11:14:48.000Z"",""contentLength"":6466,""httpStatusCode"":200}","2026-08-13 11:14:47.172226+00","2026-08-13 11:14:47.172226+00"
"34937ad7-9827-4482-b75c-5d28cb49ec25","log-attachments","logs/2026/08/13/d584b199-ab38-4333-a820-938238e4547c.png","{""eTag"":""\""2ce186200a9296635fe68e8ec94adff3\"""",""size"":605920,""mimetype"":""image/png"",""cacheControl"":""max-age=3600"",""lastModified"":""2026-08-13T11:26:10.000Z"",""contentLength"":605920,""httpStatusCode"":200}","2026-08-13 11:26:09.906228+00","2026-08-13 11:26:09.906228+00"
"43502273-5213-4b46-9042-afc777e20e92","log-attachments","logs/2026/08/14/1080e448-3a6a-44b5-b63d-5531b24d39f3.jpg","{""eTag"":""\""914115cd5ab5db1385c325a87f0a4467\"""",""size"":16732,""mimetype"":""image/jpeg"",""cacheControl"":""max-age=3600"",""lastModified"":""2026-08-14T08:11:55.000Z"",""contentLength"":16732,""httpStatusCode"":200}","2026-08-14 08:11:54.733128+00","2026-08-14 08:11:54.733128+00"
"9a9a9c83-c332-4687-ab6b-f1115532f3f0","log-attachments","logs/2026/08/14/2cd2e8cb-2bb4-4cef-b67a-7054cbb26ea3.png","{""eTag"":""\""96e2c152dc7c7e7207c5c1e244bea494\"""",""size"":2749750,""mimetype"":""image/png"",""cacheControl"":""max-age=3600"",""lastModified"":""2026-08-14T08:11:58.000Z"",""contentLength"":2749750,""httpStatusCode"":200}","2026-08-14 08:11:57.524663+00","2026-08-14 08:11:57.524663+00"
"81403a1e-ea9d-42c8-82ee-40e476fe52f9","log-attachments","logs/2026/08/14/71ca8c69-b9ae-41ed-9b1e-2a70183b69b2.png","{""eTag"":""\""e0a146a7057686607bf2181b8d8c0c82\"""",""size"":556230,""mimetype"":""image/png"",""cacheControl"":""max-age=3600"",""lastModified"":""2026-08-14T08:12:07.000Z"",""contentLength"":556230,""httpStatusCode"":200}","2026-08-14 08:12:06.261525+00","2026-08-14 08:12:06.261525+00"
"b61b6df8-e4a3-476f-ae6d-d73d00fe7737","log-attachments","logs/2026/08/14/79c7e05e-3af9-4a26-af06-e1a7edb9f0e3.png","{""eTag"":""\""8dd8f77f4fd6d4978e03fb172ea2d3bd\"""",""size"":1854532,""mimetype"":""image/png"",""cacheControl"":""max-age=3600"",""lastModified"":""2026-08-14T14:47:38.000Z"",""contentLength"":1854532,""httpStatusCode"":200}","2026-08-14 14:47:37.372059+00","2026-08-14 14:47:37.372059+00"
"db403949-c2d1-460c-b0d2-3b31a44738c1","log-attachments","logs/2026/08/14/88fa4c2a-a78b-4771-9341-4fd649170218.png","{""eTag"":""\""bf4f52928ccf24701cbfd223b06bad6e\"""",""size"":1930277,""mimetype"":""image/png"",""cacheControl"":""max-age=3600"",""lastModified"":""2026-08-14T14:47:40.000Z"",""contentLength"":1930277,""httpStatusCode"":200}","2026-08-14 14:47:39.902834+00","2026-08-14 14:47:39.902834+00"
"4db70ef2-e615-45b4-8f02-76493f344c6a","log-attachments","logs/2026/08/14/b6681fcc-2e2f-48df-bcb5-fdfd2bc618ea.png","{""eTag"":""\""13e059dd2fef432127190afa2d16672d\"""",""size"":1887362,""mimetype"":""image/png"",""cacheControl"":""max-age=3600"",""lastModified"":""2026-08-13T16:33:18.000Z"",""contentLength"":1887362,""httpStatusCode"":200}","2026-08-13 16:33:17.892494+00","2026-08-13 16:33:17.892494+00"
"85a1c5aa-c0a5-4b0c-9f14-639123fbf60c","log-attachments","logs/2026/08/14/b74f460a-ab48-4733-ba68-741a6eb643ce.png","{""eTag"":""\""040dc1253685eee027860780a49a0449\"""",""size"":1923276,""mimetype"":""image/png"",""cacheControl"":""max-age=3600"",""lastModified"":""2026-08-14T14:47:31.000Z"",""contentLength"":1923276,""httpStatusCode"":200}","2026-08-14 14:47:30.167832+00","2026-08-14 14:47:30.167832+00"
"aa2cbe2c-fb76-4da8-af1f-d3f6209d0a71","log-attachments","logs/2026/08/14/bb7f849f-4dac-4472-8a07-4cdd1c9cd37d.png","{""eTag"":""\""ae845a2859e936394f4026fe42fdb71b\"""",""size"":1906621,""mimetype"":""image/png"",""cacheControl"":""max-age=3600"",""lastModified"":""2026-08-13T16:33:15.000Z"",""contentLength"":1906621,""httpStatusCode"":200}","2026-08-13 16:33:14.625774+00","2026-08-13 16:33:14.625774+00"
"95dcab3f-2a28-4505-b353-243713d8434e","log-attachments","logs/2026/08/14/d0d87c08-3af5-4c1d-9de1-b90721baf6b5.png","{""eTag"":""\""2d18e146dcb333647b2eb57bfb5de647\"""",""size"":2277210,""mimetype"":""image/png"",""cacheControl"":""max-age=3600"",""lastModified"":""2026-08-13T16:33:02.000Z"",""contentLength"":2277210,""httpStatusCode"":200}","2026-08-13 16:33:01.166896+00","2026-08-13 16:33:01.166896+00"
"7c1a60bb-4e07-44f2-91fe-7061001cec92","log-attachments","logs/2026/08/14/dd5fac50-4d28-44f8-814c-885789311c85.png","{""eTag"":""\""6fe9b5421a0fd6778f9b1d7e5bdbb580\"""",""size"":585911,""mimetype"":""image/png"",""cacheControl"":""max-age=3600"",""lastModified"":""2026-08-14T08:12:04.000Z"",""contentLength"":585911,""httpStatusCode"":200}","2026-08-14 08:12:03.510544+00","2026-08-14 08:12:03.510544+00"
"f3ad631d-f8da-4beb-b945-edec56929e9a","log-attachments","logs/2026/08/14/eaba00df-5d5d-493b-955b-7aac70805652.png","{""eTag"":""\""f8cd46a6f1078455186adb700c8bdb3a\"""",""size"":1888613,""mimetype"":""image/png"",""cacheControl"":""max-age=3600"",""lastModified"":""2026-08-14T14:47:33.000Z"",""contentLength"":1888613,""httpStatusCode"":200}","2026-08-14 14:47:33.001527+00","2026-08-14 14:47:33.001527+00"
"dbb4c70b-5772-4ff5-adf8-06aa1f1e282b","log-attachments","logs/2026/08/14/f917c048-8e5c-447d-828b-48b145577e03.png","{""eTag"":""\""5898ca2a85fd3684294520ba52e37718\"""",""size"":1934446,""mimetype"":""image/png"",""cacheControl"":""max-age=3600"",""lastModified"":""2026-08-13T16:33:12.000Z"",""contentLength"":1934446,""httpStatusCode"":200}","2026-08-13 16:33:11.673156+00","2026-08-13 16:33:11.673156+00"
"364620ba-cf8f-48fb-bf31-7e57f1050e94","log-attachments","logs/2026/08/14/fb0c9692-be64-4e91-bbc0-762b4181431f.png","{""eTag"":""\""a7dab727bfcf36f79a327d308364fe9c\"""",""size"":1918273,""mimetype"":""image/png"",""cacheControl"":""max-age=3600"",""lastModified"":""2026-08-14T14:47:36.000Z"",""contentLength"":1918273,""httpStatusCode"":200}","2026-08-14 14:47:35.144357+00","2026-08-14 14:47:35.144357+00"
"5283a513-20d2-4fa0-a540-0a570048944f","log-attachments","logs/2026/08/15/02a51085-7afc-4841-8ab1-e151d2177251.png","{""eTag"":""\""bef227463a2a757f4b48ee71f8af9de5\"""",""size"":2144978,""mimetype"":""image/png"",""cacheControl"":""max-age=3600"",""lastModified"":""2026-08-15T06:39:32.000Z"",""contentLength"":2144978,""httpStatusCode"":200}","2026-08-15 06:39:31.965793+00","2026-08-15 06:39:31.965793+00"
"4d240854-c36c-4eea-b138-f53c7ab2aece","log-attachments","logs/2026/08/15/0ff61bb4-91df-42a4-96a4-e9d6dd62434c.png","{""eTag"":""\""bef227463a2a757f4b48ee71f8af9de5\"""",""size"":2144978,""mimetype"":""image/png"",""cacheControl"":""max-age=3600"",""lastModified"":""2026-08-15T06:40:59.000Z"",""contentLength"":2144978,""httpStatusCode"":200}","2026-08-15 06:40:58.593572+00","2026-08-15 06:40:58.593572+00"
"e98c3f81-edfc-48ab-a14a-3cb9eb35632e","log-attachments","logs/2026/08/15/216552ea-b284-4839-b022-d9d40c1a0c0b.png","{""eTag"":""\""d23a35bace363818fdb7680fc4dd91c6\"""",""size"":2265422,""mimetype"":""image/png"",""cacheControl"":""max-age=3600"",""lastModified"":""2026-08-15T06:41:02.000Z"",""contentLength"":2265422,""httpStatusCode"":200}","2026-08-15 06:41:01.595774+00","2026-08-15 06:41:01.595774+00"
"083d53a1-03c6-49ae-a63a-81b068715ff4","log-attachments","logs/2026/08/15/2176b9f7-8cb5-44d6-bc68-76ae0347ee90.png","{""eTag"":""\""3d0e8c09b0187d8117e11ab61fb45248\"""",""size"":2174172,""mimetype"":""image/png"",""cacheControl"":""max-age=3600"",""lastModified"":""2026-08-15T06:39:12.000Z"",""contentLength"":2174172,""httpStatusCode"":200}","2026-08-15 06:39:11.090202+00","2026-08-15 06:39:11.090202+00"
"395c24bc-0c82-48ff-8f6e-f71589b98d54","log-attachments","logs/2026/08/15/22608e9c-bb39-4a52-8a46-b6b016db81ed.png","{""eTag"":""\""a3548f349bbfc3d18e8c8f6208fd7b63\"""",""size"":2182597,""mimetype"":""image/png"",""cacheControl"":""max-age=3600"",""lastModified"":""2026-08-15T06:41:02.000Z"",""contentLength"":2182597,""httpStatusCode"":200}","2026-08-15 06:41:01.268767+00","2026-08-15 06:41:01.268767+00"
"15cd80dd-d14b-4473-aada-b7a0296efb25","log-attachments","logs/2026/08/15/330dd768-bd5a-4593-8bc3-4126ce6fadad.png","{""eTag"":""\""1fa289c4af7b61780c07eafc45b3a91b\"""",""size"":1949806,""mimetype"":""image/png"",""cacheControl"":""max-age=3600"",""lastModified"":""2026-08-14T15:04:43.000Z"",""contentLength"":1949806,""httpStatusCode"":200}","2026-08-14 15:04:43.001621+00","2026-08-14 15:04:43.001621+00"
"7e5cb7c8-ec27-4e08-adb9-76f134f749f1","log-attachments","logs/2026/08/15/34842ff7-1c40-4c91-b975-94d0359c354a.png","{""eTag"":""\""399f6c521005c5b7a06605577712aa42\"""",""size"":2196717,""mimetype"":""image/png"",""cacheControl"":""max-age=3600"",""lastModified"":""2026-08-15T06:39:23.000Z"",""contentLength"":2196717,""httpStatusCode"":200}","2026-08-15 06:39:22.878782+00","2026-08-15 06:39:22.878782+00"
"03bdc5af-1bf0-4a01-b405-b0035d045b18","log-attachments","logs/2026/08/15/45977281-4618-4b68-9a6b-fecdcb29cb20.png","{""eTag"":""\""d23a35bace363818fdb7680fc4dd91c6\"""",""size"":2265422,""mimetype"":""image/png"",""cacheControl"":""max-age=3600"",""lastModified"":""2026-08-15T06:43:57.000Z"",""contentLength"":2265422,""httpStatusCode"":200}","2026-08-15 06:43:56.412861+00","2026-08-15 06:43:56.412861+00"
"63153d17-2ef9-4c63-ac71-be0c97c147ab","log-attachments","logs/2026/08/15/4c8741f7-0d66-4edc-91ac-f3666fdfbcac.png","{""eTag"":""\""d23a35bace363818fdb7680fc4dd91c6\"""",""size"":2265422,""mimetype"":""image/png"",""cacheControl"":""max-age=3600"",""lastModified"":""2026-08-15T06:39:14.000Z"",""contentLength"":2265422,""httpStatusCode"":200}","2026-08-15 06:39:13.992497+00","2026-08-15 06:39:13.992497+00"
"1a0455b8-37ed-4ff5-ac66-8e2dc7fceb3b","log-attachments","logs/2026/08/15/4d9b0f97-054c-4d1e-ba82-587577f2e780.png","{""eTag"":""\""3d0e8c09b0187d8117e11ab61fb45248\"""",""size"":2174172,""mimetype"":""image/png"",""cacheControl"":""max-age=3600"",""lastModified"":""2026-08-15T06:41:02.000Z"",""contentLength"":2174172,""httpStatusCode"":200}","2026-08-15 06:41:01.918025+00","2026-08-15 06:41:01.918025+00"
"8e5a2c30-e16f-401b-9426-5049ff897e49","log-attachments","logs/2026/08/15/4ed95b83-0862-46dd-8906-43bd0c8d7c38.png","{""eTag"":""\""d263405bc83fe26e0559335a742ec30f\"""",""size"":2247498,""mimetype"":""image/png"",""cacheControl"":""max-age=3600"",""lastModified"":""2026-08-15T06:41:01.000Z"",""contentLength"":2247498,""httpStatusCode"":200}","2026-08-15 06:41:00.744885+00","2026-08-15 06:41:00.744885+00"
"edaf35ad-dbc7-4646-8bd7-be5436ab7f9d","log-attachments","logs/2026/08/15/53487638-8fdb-4608-a385-d3503ae3789d.png","{""eTag"":""\""a3548f349bbfc3d18e8c8f6208fd7b63\"""",""size"":2182597,""mimetype"":""image/png"",""cacheControl"":""max-age=3600"",""lastModified"":""2026-08-15T06:43:59.000Z"",""contentLength"":2182597,""httpStatusCode"":200}","2026-08-15 06:43:59.009725+00","2026-08-15 06:43:59.009725+00"
"aa07e0a4-efff-4b3a-8325-afc92fd63b3f","log-attachments","logs/2026/08/15/5437c91b-c60f-4d3d-b13f-1183d36c9c1c.png","{""eTag"":""\""3d0e8c09b0187d8117e11ab61fb45248\"""",""size"":2174172,""mimetype"":""image/png"",""cacheControl"":""max-age=3600"",""lastModified"":""2026-08-15T06:43:53.000Z"",""contentLength"":2174172,""httpStatusCode"":200}","2026-08-15 06:43:52.630342+00","2026-08-15 06:43:52.630342+00"
"9b3e6995-e8f5-4211-b8c3-ddda98ae2e96","log-attachments","logs/2026/08/15/843a17dc-6462-4b60-a792-4e3894b4cdbb.png","{""eTag"":""\""399f6c521005c5b7a06605577712aa42\"""",""size"":2196717,""mimetype"":""image/png"",""cacheControl"":""max-age=3600"",""lastModified"":""2026-08-15T06:41:01.000Z"",""contentLength"":2196717,""httpStatusCode"":200}","2026-08-15 06:41:00.161095+00","2026-08-15 06:41:00.161095+00"
"e76dd091-6543-4f09-be46-1bec7d158303","log-attachments","logs/2026/08/15/95c2ae7a-e700-4eb0-bb14-b53e668b878e.png","{""eTag"":""\""419f6ba7e3d373c7d5b3526734b68933\"""",""size"":2182251,""mimetype"":""image/png"",""cacheControl"":""max-age=3600"",""lastModified"":""2026-08-15T06:41:00.000Z"",""contentLength"":2182251,""httpStatusCode"":200}","2026-08-15 06:40:59.634778+00","2026-08-15 06:40:59.634778+00"
"ecd864e9-f9a5-4951-a593-41e7fe57885a","log-attachments","logs/2026/08/15/a39737e0-ac04-4316-95f9-72c02c831f4f.png","{""eTag"":""\""f817a9c050d36a7bd47f440072295989\"""",""size"":2209066,""mimetype"":""image/png"",""cacheControl"":""max-age=3600"",""lastModified"":""2026-08-15T06:39:29.000Z"",""contentLength"":2209066,""httpStatusCode"":200}","2026-08-15 06:39:28.358275+00","2026-08-15 06:39:28.358275+00"
"eaa5d63d-7fe8-49e4-9389-6fc45e3694fd","log-attachments","logs/2026/08/15/abe12462-9539-42e3-8569-7b64c5021dbc.png","{""eTag"":""\""bef227463a2a757f4b48ee71f8af9de5\"""",""size"":2144978,""mimetype"":""image/png"",""cacheControl"":""max-age=3600"",""lastModified"":""2026-08-15T06:44:13.000Z"",""contentLength"":2144978,""httpStatusCode"":200}","2026-08-15 06:44:12.94305+00","2026-08-15 06:44:12.94305+00"
"91801fcd-a3b3-4891-a451-27b3c1c9fc67","log-attachments","logs/2026/08/15/b487be30-9c3a-4b48-987d-4d51fc9a4993.png","{""eTag"":""\""f817a9c050d36a7bd47f440072295989\"""",""size"":2209066,""mimetype"":""image/png"",""cacheControl"":""max-age=3600"",""lastModified"":""2026-08-15T06:44:11.000Z"",""contentLength"":2209066,""httpStatusCode"":200}","2026-08-15 06:44:10.58979+00","2026-08-15 06:44:10.58979+00"
"a8eb2a89-8d81-4cd1-bb38-e33070a032c5","log-attachments","logs/2026/08/15/b6c2b4f0-a383-464c-b3ca-96dff3b70515.png","{""eTag"":""\""419f6ba7e3d373c7d5b3526734b68933\"""",""size"":2182251,""mimetype"":""image/png"",""cacheControl"":""max-age=3600"",""lastModified"":""2026-08-15T06:44:08.000Z"",""contentLength"":2182251,""httpStatusCode"":200}","2026-08-15 06:44:07.59784+00","2026-08-15 06:44:07.59784+00"
"68c049f6-6891-48db-a58c-fb1012a43f40","log-attachments","logs/2026/08/15/c7fcc092-016f-469b-b1d5-d193063ddaa6.png","{""eTag"":""\""d263405bc83fe26e0559335a742ec30f\"""",""size"":2247498,""mimetype"":""image/png"",""cacheControl"":""max-age=3600"",""lastModified"":""2026-08-15T06:39:20.000Z"",""contentLength"":2247498,""httpStatusCode"":200}","2026-08-15 06:39:19.709962+00","2026-08-15 06:39:19.709962+00"
"fde65c4a-ee19-40f7-bb97-a5b2c2c0291d","log-attachments","logs/2026/08/15/dbbacb78-7fef-41e2-9131-530712edb8a0.png","{""eTag"":""\""d263405bc83fe26e0559335a742ec30f\"""",""size"":2247498,""mimetype"":""image/png"",""cacheControl"":""max-age=3600"",""lastModified"":""2026-08-15T06:44:02.000Z"",""contentLength"":2247498,""httpStatusCode"":200}","2026-08-15 06:44:01.891755+00","2026-08-15 06:44:01.891755+00"
"ff8413f5-aad1-40d8-9e0f-7458c42dab84","log-attachments","logs/2026/08/15/e7b182db-daf1-478c-b25b-7ae2713c837b.png","{""eTag"":""\""419f6ba7e3d373c7d5b3526734b68933\"""",""size"":2182251,""mimetype"":""image/png"",""cacheControl"":""max-age=3600"",""lastModified"":""2026-08-15T06:39:27.000Z"",""contentLength"":2182251,""httpStatusCode"":200}","2026-08-15 06:39:26.083407+00","2026-08-15 06:39:26.083407+00"
"1bf67951-0188-4367-b3cd-6c01c643e48b","log-attachments","logs/2026/08/15/ea7aad3f-7705-4518-bdec-c03d53158771.png","{""eTag"":""\""399f6c521005c5b7a06605577712aa42\"""",""size"":2196717,""mimetype"":""image/png"",""cacheControl"":""max-age=3600"",""lastModified"":""2026-08-15T06:44:05.000Z"",""contentLength"":2196717,""httpStatusCode"":200}","2026-08-15 06:44:04.438994+00","2026-08-15 06:44:04.438994+00"
"a4f49267-ef2a-4732-8814-6f003a9b9891","log-attachments","logs/2026/08/15/f32fe9a0-68ee-4be9-a5ad-d02923790a2b.png","{""eTag"":""\""a3548f349bbfc3d18e8c8f6208fd7b63\"""",""size"":2182597,""mimetype"":""image/png"",""cacheControl"":""max-age=3600"",""lastModified"":""2026-08-15T06:39:17.000Z"",""contentLength"":2182597,""httpStatusCode"":200}","2026-08-15 06:39:17.026904+00","2026-08-15 06:39:17.026904+00"
"36add185-e813-41b4-a0a8-ca4f788713e1","log-attachments","logs/2026/08/15/fb8ffc62-ae1d-450e-bcb1-cd7c4b20ce07.png","{""eTag"":""\""f817a9c050d36a7bd47f440072295989\"""",""size"":2209066,""mimetype"":""image/png"",""cacheControl"":""max-age=3600"",""lastModified"":""2026-08-15T06:41:00.000Z"",""contentLength"":2209066,""httpStatusCode"":200}","2026-08-15 06:40:59.120592+00","2026-08-15 06:40:59.120592+00"
"071461ba-2e8e-4add-92a5-c0e348c441c2","log-attachments","logs/2026/08/16/29aa43db-275e-4307-b672-a2ef9a6cff58.png","{""eTag"":""\""375f808836e396c3d829538951db5827\"""",""size"":297277,""mimetype"":""image/png"",""cacheControl"":""max-age=3600"",""lastModified"":""2026-08-16T13:39:14.000Z"",""contentLength"":297277,""httpStatusCode"":200}","2026-08-16 13:39:13.96115+00","2026-08-16 13:39:13.96115+00"
"6443da2f-dd09-4750-ba3a-5a98d6608aa6","log-attachments","logs/2026/08/16/2a629dd9-f45f-4760-8e7b-8bbefdb9bd5b.png","{""eTag"":""\""d2a9e2164aabd55d954445ea07d18b9d\"""",""size"":1745890,""mimetype"":""image/png"",""cacheControl"":""max-age=3600"",""lastModified"":""2026-08-16T14:34:18.000Z"",""contentLength"":1745890,""httpStatusCode"":200}","2026-08-16 14:34:17.821247+00","2026-08-16 14:34:17.821247+00"
"d718dca7-ad37-4bd0-b880-54974fe97fd9","log-attachments","logs/2026/08/16/4212842e-f387-46b8-a25c-485e95938072.md","{""eTag"":""\""769437dc4f4d843db49b2e6f2b292b4e\"""",""size"":22493,""mimetype"":""text/markdown"",""cacheControl"":""max-age=3600"",""lastModified"":""2026-08-16T14:33:58.000Z"",""contentLength"":22493,""httpStatusCode"":200}","2026-08-16 14:33:57.864286+00","2026-08-16 14:33:57.864286+00"
"a0cd0601-a1b6-405b-8bbd-de503a36068a","log-attachments","logs/2026/08/16/47e529ae-db0b-407d-842c-2720d486d5b9.md","{""eTag"":""\""6c969671fddb19fdbf38d2a670c25c82\"""",""size"":46095,""mimetype"":""text/markdown"",""cacheControl"":""max-age=3600"",""lastModified"":""2026-08-16T13:25:10.000Z"",""contentLength"":46095,""httpStatusCode"":200}","2026-08-16 13:25:09.935285+00","2026-08-16 13:25:09.935285+00"
"40b1b713-8fb7-48ec-96d4-b515bd5df998","log-attachments","logs/2026/08/16/48cc8404-e883-462b-ba55-19239f3c8403.jpg","{""eTag"":""\""4a517d5a2cad80b94f9a201b6848d1ed\"""",""size"":46912,""mimetype"":""image/jpeg"",""cacheControl"":""max-age=3600"",""lastModified"":""2026-08-16T13:41:44.000Z"",""contentLength"":46912,""httpStatusCode"":200}","2026-08-16 13:41:43.634675+00","2026-08-16 13:41:43.634675+00"
"58e6f0b5-0f15-496e-a7e2-58bde98724f2","log-attachments","logs/2026/08/16/4c7d4a94-5d9e-4c0e-a632-eeb96c768678.pdf","{""eTag"":""\""7d37acda335194293137bc7fcb63f8cc\"""",""size"":1391084,""mimetype"":""application/pdf"",""cacheControl"":""max-age=3600"",""lastModified"":""2026-08-16T13:25:13.000Z"",""contentLength"":1391084,""httpStatusCode"":200}","2026-08-16 13:25:12.414389+00","2026-08-16 13:25:12.414389+00"
"34f311fd-e0d2-4c49-9d8b-43e76096bd86","log-attachments","logs/2026/08/16/4eeb3958-afbb-40cf-b81a-2ca9e9c35f96.png","{""eTag"":""\""ca2718c5f207199c5a6ea02fe24930f2\"""",""size"":1660901,""mimetype"":""image/png"",""cacheControl"":""max-age=3600"",""lastModified"":""2026-08-16T14:34:28.000Z"",""contentLength"":1660901,""httpStatusCode"":200}","2026-08-16 14:34:27.470146+00","2026-08-16 14:34:27.470146+00"
"7db8a95f-c30e-4e1e-a174-90e71952a1a1","log-attachments","logs/2026/08/16/67a8456e-a7fc-4200-ad6a-6eb467ddbfcf.png","{""eTag"":""\""e6d370882d4c9decf115e7cd6dc988df\"""",""size"":1469240,""mimetype"":""image/png"",""cacheControl"":""max-age=3600"",""lastModified"":""2026-08-16T14:34:12.000Z"",""contentLength"":1469240,""httpStatusCode"":200}","2026-08-16 14:34:11.10039+00","2026-08-16 14:34:11.10039+00"
"aba4fad4-de2f-4ac0-a1f6-3c8c47774fdc","log-attachments","logs/2026/08/16/73ee7a15-a026-4cf4-9127-c5bacd888080.png","{""eTag"":""\""ce0478d1864df547d922a33b91b01d5b\"""",""size"":1636502,""mimetype"":""image/png"",""cacheControl"":""max-age=3600"",""lastModified"":""2026-08-16T14:34:14.000Z"",""contentLength"":1636502,""httpStatusCode"":200}","2026-08-16 14:34:13.182315+00","2026-08-16 14:34:13.182315+00"
"85ecfd6f-c4e1-45fd-9044-d7ed1dff52cb","log-attachments","logs/2026/08/16/82435d95-83d2-46a9-9ad2-b011c7544c68.png","{""eTag"":""\""4eebf83f35bf36e467cc1b3851ac4c98\"""",""size"":1724264,""mimetype"":""image/png"",""cacheControl"":""max-age=3600"",""lastModified"":""2026-08-16T14:34:16.000Z"",""contentLength"":1724264,""httpStatusCode"":200}","2026-08-16 14:34:15.244299+00","2026-08-16 14:34:15.244299+00"
"7d81f564-158a-4487-afb9-0a0d22fd196b","log-attachments","logs/2026/08/16/89f24642-bc58-4361-95aa-bdd5d1047f03.png","{""eTag"":""\""d6d34bfb847ac1e0aa521bab6dd9f58c\"""",""size"":2498908,""mimetype"":""image/png"",""cacheControl"":""max-age=3600"",""lastModified"":""2026-08-16T13:38:42.000Z"",""contentLength"":2498908,""httpStatusCode"":200}","2026-08-16 13:38:42.064234+00","2026-08-16 13:38:42.064234+00"
"d3e95270-547b-423c-b887-a5d2201ca9dd","log-attachments","logs/2026/08/16/8aaad6ae-0b68-4f27-b549-ebb16454d185.png","{""eTag"":""\""2aa0f0d743314e5f05fd6826771b11bb\"""",""size"":1660309,""mimetype"":""image/png"",""cacheControl"":""max-age=3600"",""lastModified"":""2026-08-16T14:34:26.000Z"",""contentLength"":1660309,""httpStatusCode"":200}","2026-08-16 14:34:25.181146+00","2026-08-16 14:34:25.181146+00"
"66b7fc56-49d7-47c5-8a50-6a7dc09193cb","log-attachments","logs/2026/08/16/9403543f-9bda-47e3-9bd9-637c7a2f7f65.png","{""eTag"":""\""b522730a055ca44e2f137765c41b1393\"""",""size"":1496546,""mimetype"":""image/png"",""cacheControl"":""max-age=3600"",""lastModified"":""2026-08-16T14:34:38.000Z"",""contentLength"":1496546,""httpStatusCode"":200}","2026-08-16 14:34:37.136404+00","2026-08-16 14:34:37.136404+00"
"cb51f3f6-41b0-490d-b411-1b6ebfc671c7","log-attachments","logs/2026/08/16/981f82d4-fc34-41a1-99e5-34eccd0e79a9.png","{""eTag"":""\""21f2fdf3eec3d2278b23e4e86a1800fc\"""",""size"":1663681,""mimetype"":""image/png"",""cacheControl"":""max-age=3600"",""lastModified"":""2026-08-16T14:34:07.000Z"",""contentLength"":1663681,""httpStatusCode"":200}","2026-08-16 14:34:06.699283+00","2026-08-16 14:34:06.699283+00"
"3f26aa88-7391-4a51-85a8-dd9f1bd10df6","log-attachments","logs/2026/08/16/9e06e3da-ad1c-4ce4-9cbb-c91ab57fe629.png","{""eTag"":""\""08d954d328309d6944f83b146e352657\"""",""size"":1794675,""mimetype"":""image/png"",""cacheControl"":""max-age=3600"",""lastModified"":""2026-08-16T14:34:23.000Z"",""contentLength"":1794675,""httpStatusCode"":200}","2026-08-16 14:34:22.388844+00","2026-08-16 14:34:22.388844+00"
"ff9358e6-6753-4215-8469-0500bdd8ebd6","log-attachments","logs/2026/08/16/a58bc712-38a4-4740-becd-ec9ea49e2eda.pdf","{""eTag"":""\""6b6e3555076108014196c189350a8e89\"""",""size"":955557,""mimetype"":""application/pdf"",""cacheControl"":""max-age=3600"",""lastModified"":""2026-08-16T14:33:59.000Z"",""contentLength"":955557,""httpStatusCode"":200}","2026-08-16 14:33:58.249606+00","2026-08-16 14:33:58.249606+00"
"0cb0c517-a90b-4847-a68f-6f135eed4034","log-attachments","logs/2026/08/16/b51c007a-74c7-4a12-a829-2d3398627906.png","{""eTag"":""\""c5c2a0f3c415243a4d7851931f2d5352\"""",""size"":1742143,""mimetype"":""image/png"",""cacheControl"":""max-age=3600"",""lastModified"":""2026-08-16T14:34:32.000Z"",""contentLength"":1742143,""httpStatusCode"":200}","2026-08-16 14:34:31.897186+00","2026-08-16 14:34:31.897186+00"
"cc9e1d17-3f18-4774-bcf7-12f7451917eb","log-attachments","logs/2026/08/16/bff2c30c-c715-42b3-8eaa-f71cdc73116c.png","{""eTag"":""\""235fa7cda69f82b6703e964d0211509c\"""",""size"":1529773,""mimetype"":""image/png"",""cacheControl"":""max-age=3600"",""lastModified"":""2026-08-16T14:34:09.000Z"",""contentLength"":1529773,""httpStatusCode"":200}","2026-08-16 14:34:09.034009+00","2026-08-16 14:34:09.034009+00"
"8a8b0311-85b7-4386-ac0b-fb18df3bd709","log-attachments","logs/2026/08/16/cafa707c-45cc-4fd8-937e-f69487fd73cb.png","{""eTag"":""\""5ac56699b19e74c6a407371477c5ba97\"""",""size"":342135,""mimetype"":""image/png"",""cacheControl"":""max-age=3600"",""lastModified"":""2026-08-16T13:39:21.000Z"",""contentLength"":342135,""httpStatusCode"":200}","2026-08-16 13:39:20.412617+00","2026-08-16 13:39:20.412617+00"
"aa5c186d-24b0-4e48-ac61-730e039d746d","log-attachments","logs/2026/08/16/d030fa90-9b53-4c8b-962d-e6010f56ef79.png","{""eTag"":""\""f703c4903af359cfbe66f926fc2361c0\"""",""size"":1641436,""mimetype"":""image/png"",""cacheControl"":""max-age=3600"",""lastModified"":""2026-08-16T14:34:35.000Z"",""contentLength"":1641436,""httpStatusCode"":200}","2026-08-16 14:34:34.592779+00","2026-08-16 14:34:34.592779+00"
"e19fa709-f956-45a1-a534-c09e4b930bc5","log-attachments","logs/2026/08/16/d2e02399-d3a4-4b50-90af-cb460bc1d0ba.png","{""eTag"":""\""fba97998f37e526e70bd2d019dc6cd8f\"""",""size"":1783016,""mimetype"":""image/png"",""cacheControl"":""max-age=3600"",""lastModified"":""2026-08-16T14:34:30.000Z"",""contentLength"":1783016,""httpStatusCode"":200}","2026-08-16 14:34:29.756514+00","2026-08-16 14:34:29.756514+00"
"7515e165-de30-4a3a-b5f3-fdae936a1216","log-attachments","logs/2026/08/16/db930ebc-1e7c-4319-b22c-72f8af5dac42.png","{""eTag"":""\""06a08a180370c425894e0fc550d822a6\"""",""size"":626305,""mimetype"":""image/png"",""cacheControl"":""max-age=3600"",""lastModified"":""2026-08-16T13:38:54.000Z"",""contentLength"":626305,""httpStatusCode"":200}","2026-08-16 13:38:53.386083+00","2026-08-16 13:38:53.386083+00"
"be748683-c88a-4d77-9f53-564c22d964de","log-attachments","logs/2026/08/16/e9143abf-ba15-46df-a3b2-5643744559a5.png","{""eTag"":""\""fa13c55db2f2041b6f0f5945b0c4d253\"""",""size"":1798435,""mimetype"":""image/png"",""cacheControl"":""max-age=3600"",""lastModified"":""2026-08-16T14:34:20.000Z"",""contentLength"":1798435,""httpStatusCode"":200}","2026-08-16 14:34:20.052378+00","2026-08-16 14:34:20.052378+00"
"be52caf0-2672-40bc-ac46-2a9da97f3625","log-attachments","logs/2026/08/16/f08b6b24-3e13-4f25-bf2c-d9c27c363233.png","{""eTag"":""\""8ef25edbfcf4be603d70a3cd97e3e2a5\"""",""size"":359939,""mimetype"":""image/png"",""cacheControl"":""max-age=3600"",""lastModified"":""2026-08-16T13:39:18.000Z"",""contentLength"":359939,""httpStatusCode"":200}","2026-08-16 13:39:17.992281+00","2026-08-16 13:39:17.992281+00"
"28838856-0da6-4f8c-9f41-7d33c854fb28","log-attachments","logs/2026/08/16/f41dd193-53f8-45c2-a979-32c0a9d32813.png","{""eTag"":""\""be34849686f155fc2d50a54954037dab\"""",""size"":3053523,""mimetype"":""image/png"",""cacheControl"":""max-age=3600"",""lastModified"":""2026-08-16T13:38:40.000Z"",""contentLength"":3053523,""httpStatusCode"":200}","2026-08-16 13:38:39.505945+00","2026-08-16 13:38:39.505945+00"
"aaf5abed-d60d-4833-b557-77ab986f6072","log-attachments","logs/2026/08/16/ff8fbed4-3e5e-4cb8-a439-adafd1c5aad2.png","{""eTag"":""\""91fdb7b11500cf16c8355f50070bc24c\"""",""size"":373579,""mimetype"":""image/png"",""cacheControl"":""max-age=3600"",""lastModified"":""2026-08-16T13:38:57.000Z"",""contentLength"":373579,""httpStatusCode"":200}","2026-08-16 13:38:56.360598+00","2026-08-16 13:38:56.360598+00"
"d1010e6c-8dd0-491d-92ad-67d4647913da","log-attachments","logs/2026/08/17/0ca9b5e9-af93-461e-b53f-175e2fcccd8c.md","{""eTag"":""\""5975c9cc903a8e7ef1ce096eae98f0d5\"""",""size"":22625,""mimetype"":""text/markdown"",""cacheControl"":""max-age=3600"",""lastModified"":""2026-08-17T14:10:23.000Z"",""contentLength"":22625,""httpStatusCode"":200}","2026-08-17 14:10:22.248614+00","2026-08-17 14:10:22.248614+00"
"ea28cbe1-6538-483d-80ec-33818c96272b","log-attachments","logs/2026/08/17/202fa2db-a136-45a3-9e73-cdc6d9c2111a.png","{""eTag"":""\""8a3f40731d59e15777e8f0aa8c83f127\"""",""size"":880329,""mimetype"":""image/png"",""cacheControl"":""max-age=3600"",""lastModified"":""2026-08-17T14:10:08.000Z"",""contentLength"":880329,""httpStatusCode"":200}","2026-08-17 14:10:07.970103+00","2026-08-17 14:10:07.970103+00"
"397fc449-f5e4-478a-9c08-d1a20c08cebe","log-attachments","logs/2026/08/17/257ad70d-aca7-4794-880f-64349276ae36.md","{""eTag"":""\""943cf47a8f290bee9af81d99c7d370f2\"""",""size"":22375,""mimetype"":""text/markdown"",""cacheControl"":""max-age=3600"",""lastModified"":""2026-08-17T14:03:56.000Z"",""contentLength"":22375,""httpStatusCode"":200}","2026-08-17 14:03:55.999296+00","2026-08-17 14:03:55.999296+00"
"d293b3e4-7ac2-4f19-8f89-a0d895d80112","log-attachments","logs/2026/08/17/2be5b9c9-f259-4531-b997-6dc406525ee5.md","{""eTag"":""\""b9d9e19669a558527218e5259e289507\"""",""size"":16722,""mimetype"":""text/markdown"",""cacheControl"":""max-age=3600"",""lastModified"":""2026-08-16T21:59:54.000Z"",""contentLength"":16722,""httpStatusCode"":200}","2026-08-16 21:59:53.591229+00","2026-08-16 21:59:53.591229+00"
"69a2931e-86f1-4eed-ba59-8ab04b722723","log-attachments","logs/2026/08/17/2f72abca-f417-41b6-adf2-c8b1eee73a5a.md","{""eTag"":""\""e50283d3050f8d881397400195fea59a\"""",""size"":17722,""mimetype"":""text/markdown"",""cacheControl"":""max-age=3600"",""lastModified"":""2026-08-16T22:12:02.000Z"",""contentLength"":17722,""httpStatusCode"":200}","2026-08-16 22:12:01.397426+00","2026-08-16 22:12:01.397426+00"
"c9ad3907-9917-4fdf-9982-7c1419fd408c","log-attachments","logs/2026/08/17/3b917237-1e67-4474-ba1b-a3c394944af5.png","{""eTag"":""\""8a3f40731d59e15777e8f0aa8c83f127\"""",""size"":880329,""mimetype"":""image/png"",""cacheControl"":""max-age=3600"",""lastModified"":""2026-08-17T14:03:46.000Z"",""contentLength"":880329,""httpStatusCode"":200}","2026-08-17 14:03:46.056727+00","2026-08-17 14:03:46.056727+00"
"d96abe71-f696-4fcf-9498-d59611e45315","log-attachments","logs/2026/08/17/4bba46aa-8571-4152-b7db-afbc813090d5.pdf","{""eTag"":""\""dac08084dfecfa73cfa3954c6ccfd1b3\"""",""size"":1110928,""mimetype"":""application/pdf"",""cacheControl"":""max-age=3600"",""lastModified"":""2026-08-17T14:03:57.000Z"",""contentLength"":1110928,""httpStatusCode"":200}","2026-08-17 14:03:56.376052+00","2026-08-17 14:03:56.376052+00"
"b00647e1-1d05-418a-b946-e6d38286b480","log-attachments","logs/2026/08/17/4c49658b-77ab-4b0e-8296-e5fdba08676d.md","{""eTag"":""\""5975c9cc903a8e7ef1ce096eae98f0d5\"""",""size"":22625,""mimetype"":""text/markdown"",""cacheControl"":""max-age=3600"",""lastModified"":""2026-08-17T14:08:47.000Z"",""contentLength"":22625,""httpStatusCode"":200}","2026-08-17 14:08:46.562989+00","2026-08-17 14:08:46.562989+00"
"2c14fa80-a76f-406a-a7d2-bcf8b0611f3f","log-attachments","logs/2026/08/17/4e111a98-66e7-495c-891c-cd6901e10351.png","{""eTag"":""\""ff63346aca7a3bb0d1310d7fc8963548\"""",""size"":1024433,""mimetype"":""image/png"",""cacheControl"":""max-age=3600"",""lastModified"":""2026-08-17T14:10:10.000Z"",""contentLength"":1024433,""httpStatusCode"":200}","2026-08-17 14:10:10.012014+00","2026-08-17 14:10:10.012014+00"
"d7f38e9a-fbb0-4bb3-b622-ed04d69a8050","log-attachments","logs/2026/08/17/4edc1347-986b-4e26-b7a3-3d8b841815f3.md","{""eTag"":""\""e50283d3050f8d881397400195fea59a\"""",""size"":17722,""mimetype"":""text/markdown"",""cacheControl"":""max-age=3600"",""lastModified"":""2026-08-16T22:12:31.000Z"",""contentLength"":17722,""httpStatusCode"":200}","2026-08-16 22:12:30.851621+00","2026-08-16 22:12:30.851621+00"
"9c6ad608-a5a1-49eb-b1e2-d94e4809ef2b","log-attachments","logs/2026/08/17/5c731c7e-359c-469c-8a8c-a353233bd554.pdf","{""eTag"":""\""b6d09af45993c2586e9c3750028b2757\"""",""size"":1112549,""mimetype"":""application/pdf"",""cacheControl"":""max-age=3600"",""lastModified"":""2026-08-17T14:08:47.000Z"",""contentLength"":1112549,""httpStatusCode"":200}","2026-08-17 14:08:46.937504+00","2026-08-17 14:08:46.937504+00"
"ea374047-007f-45f0-928a-5a3fb9f39f69","log-attachments","logs/2026/08/17/60f8e75a-07c9-4173-9cea-4eef9ef618fa.pdf","{""eTag"":""\""b6d09af45993c2586e9c3750028b2757\"""",""size"":1112549,""mimetype"":""application/pdf"",""cacheControl"":""max-age=3600"",""lastModified"":""2026-08-17T14:10:25.000Z"",""contentLength"":1112549,""httpStatusCode"":200}","2026-08-17 14:10:24.582284+00","2026-08-17 14:10:24.582284+00"
"38eb391e-f5c9-400a-bde8-f6a218577388","log-attachments","logs/2026/08/17/6c8d184d-96c5-447c-b247-d43da2a6a682.png","{""eTag"":""\""ff63346aca7a3bb0d1310d7fc8963548\"""",""size"":1024433,""mimetype"":""image/png"",""cacheControl"":""max-age=3600"",""lastModified"":""2026-08-17T14:03:47.000Z"",""contentLength"":1024433,""httpStatusCode"":200}","2026-08-17 14:03:46.451134+00","2026-08-17 14:03:46.451134+00"
"5938b888-68ad-4c6f-8b6f-f89aab6cf097","log-attachments","logs/2026/08/17/6e7d8668-e48b-4229-a834-f3b020e23900.md","{""eTag"":""\""4c6cc612965c019fb6d04bcd24d67a6f\"""",""size"":30032,""mimetype"":""text/markdown"",""cacheControl"":""max-age=3600"",""lastModified"":""2026-08-16T21:44:34.000Z"",""contentLength"":30032,""httpStatusCode"":200}","2026-08-16 21:44:33.532715+00","2026-08-16 21:44:33.532715+00"
"97164d9e-ab31-4d3d-98bf-c7389d546a6f","log-attachments","logs/2026/08/17/708d3778-b086-4cb4-b674-f253109ea9e2.md","{""eTag"":""\""6b0273a6c0ece716626073bf1637f5b0\"""",""size"":23553,""mimetype"":""text/markdown"",""cacheControl"":""max-age=3600"",""lastModified"":""2026-08-16T21:31:04.000Z"",""contentLength"":23553,""httpStatusCode"":200}","2026-08-16 21:31:03.230522+00","2026-08-16 21:31:03.230522+00"
"0d0d6a49-5dec-4701-bff0-673ab5f6c4e1","log-attachments","logs/2026/08/17/70caf840-9861-408e-a190-d7e961ca0df6.md","{""eTag"":""\""b9d9e19669a558527218e5259e289507\"""",""size"":16722,""mimetype"":""text/markdown"",""cacheControl"":""max-age=3600"",""lastModified"":""2026-08-16T21:59:05.000Z"",""contentLength"":16722,""httpStatusCode"":200}","2026-08-16 21:59:04.383984+00","2026-08-16 21:59:04.383984+00"
"1a35473d-6a33-4c17-a47a-e6524e312065","log-attachments","logs/2026/08/17/8d4c827d-948c-4bd6-a169-b34119c8f1db.md","{""eTag"":""\""c7a59e9c6fa3eeac0a52663b5764da7b\"""",""size"":14503,""mimetype"":""text/markdown"",""cacheControl"":""max-age=3600"",""lastModified"":""2026-08-17T14:44:10.000Z"",""contentLength"":14503,""httpStatusCode"":200}","2026-08-17 14:44:09.150921+00","2026-08-17 14:44:09.150921+00"
"3767fe6a-d8c4-495a-b5bd-a71bf5121c8e","log-attachments","logs/2026/08/17/90155e14-6d0d-4626-bc35-faf9cd7d46b9.pdf","{""eTag"":""\""f6eda89e10de7e7a6ab9d9acb963a443\"""",""size"":804338,""mimetype"":""application/pdf"",""cacheControl"":""max-age=3600"",""lastModified"":""2026-08-16T21:59:54.000Z"",""contentLength"":804338,""httpStatusCode"":200}","2026-08-16 21:59:53.88279+00","2026-08-16 21:59:53.88279+00"
"68492190-154b-4df1-99a7-7abd8b8d569a","log-attachments","logs/2026/08/17/b6409ca0-b355-4118-9e09-874c968f1677.pdf","{""eTag"":""\""813386ff17672d1884dbf0b3479cd4c2\"""",""size"":986368,""mimetype"":""application/pdf"",""cacheControl"":""max-age=3600"",""lastModified"":""2026-08-16T22:03:57.000Z"",""contentLength"":986368,""httpStatusCode"":200}","2026-08-16 22:03:56.567322+00","2026-08-16 22:03:56.567322+00"
"bcd7e5ac-dff5-4097-8ed0-bdeb51a14db2","log-attachments","logs/2026/08/17/c91ed11d-fad7-4f1b-b15a-f44acd8355d6.md","{""eTag"":""\""065b6d6a54b3c616bdd27d1893e0784f\"""",""size"":19474,""mimetype"":""text/markdown"",""cacheControl"":""max-age=3600"",""lastModified"":""2026-08-16T22:04:19.000Z"",""contentLength"":19474,""httpStatusCode"":200}","2026-08-16 22:04:18.528699+00","2026-08-16 22:04:18.528699+00"
"79d9ce51-17b9-4ece-8f35-fc5f264cd9d4","log-attachments","logs/2026/08/17/cc1981d6-6978-43db-ae30-f2f491205064.md","{""eTag"":""\""065b6d6a54b3c616bdd27d1893e0784f\"""",""size"":19474,""mimetype"":""text/markdown"",""cacheControl"":""max-age=3600"",""lastModified"":""2026-08-16T22:03:57.000Z"",""contentLength"":19474,""httpStatusCode"":200}","2026-08-16 22:03:56.190974+00","2026-08-16 22:03:56.190974+00"
"f530ddcc-ee10-40b8-80dd-c04e4a375edf","log-attachments","logs/2026/08/17/ce2349b6-2bab-48d7-834a-af9a1bbb2e75.pdf","{""eTag"":""\""07c72fdc3f4de1faedf450179ad930e9\"""",""size"":973001,""mimetype"":""application/pdf"",""cacheControl"":""max-age=3600"",""lastModified"":""2026-08-16T22:12:32.000Z"",""contentLength"":973001,""httpStatusCode"":200}","2026-08-16 22:12:31.098223+00","2026-08-16 22:12:31.098223+00"
"622f1ef1-1e29-425f-9f23-108589285be4","log-attachments","logs/2026/08/17/ce456591-b5f8-42d4-8840-6f8dfec6c909.pdf","{""eTag"":""\""4513f568a8fc3ad53aba69ba9ea06ae1\"""",""size"":1086060,""mimetype"":""application/pdf"",""cacheControl"":""max-age=3600"",""lastModified"":""2026-08-16T21:44:34.000Z"",""contentLength"":1086060,""httpStatusCode"":200}","2026-08-16 21:44:33.964918+00","2026-08-16 21:44:33.964918+00"
"1cef311e-2030-4b24-8b90-0ee142dfc20f","log-attachments","logs/2026/08/17/d3fdf38c-7ff3-480f-a555-1ff7b8748c8b.png","{""eTag"":""\""73083e797cf1482f153debbc409f70ab\"""",""size"":4719119,""mimetype"":""image/png"",""cacheControl"":""max-age=3600"",""lastModified"":""2026-08-17T14:10:20.000Z"",""contentLength"":4719119,""httpStatusCode"":200}","2026-08-17 14:10:19.732141+00","2026-08-17 14:10:19.732141+00"
"58acdf8b-7ed2-4480-b20e-05c9991daa08","log-attachments","logs/2026/08/17/d4a28263-2a56-40d1-9345-94d954a8451b.pdf","{""eTag"":""\""798f77263e5cff2b69bba2787a172962\"""",""size"":728461,""mimetype"":""application/pdf"",""cacheControl"":""max-age=3600"",""lastModified"":""2026-08-17T14:44:10.000Z"",""contentLength"":728461,""httpStatusCode"":200}","2026-08-17 14:44:09.459066+00","2026-08-17 14:44:09.459066+00"
"b957414e-106f-4149-a802-acdb7e280dd7","log-attachments","logs/2026/08/17/d50a5f4d-725a-420e-b31d-97a61dfde0df.pdf","{""eTag"":""\""f6eda89e10de7e7a6ab9d9acb963a443\"""",""size"":804338,""mimetype"":""application/pdf"",""cacheControl"":""max-age=3600"",""lastModified"":""2026-08-16T21:59:05.000Z"",""contentLength"":804338,""httpStatusCode"":200}","2026-08-16 21:59:04.748527+00","2026-08-16 21:59:04.748527+00"
"81f99b47-cc6f-4408-b1b1-01a783a2cde7","log-attachments","logs/2026/08/17/d6c1cb0f-55de-4922-b356-8a16e5536983.pdf","{""eTag"":""\""07c72fdc3f4de1faedf450179ad930e9\"""",""size"":973001,""mimetype"":""application/pdf"",""cacheControl"":""max-age=3600"",""lastModified"":""2026-08-16T22:12:02.000Z"",""contentLength"":973001,""httpStatusCode"":200}","2026-08-16 22:12:01.704562+00","2026-08-16 22:12:01.704562+00"
"184316fd-1cb9-48e3-8f74-24b591ec7fdc","log-attachments","logs/2026/08/17/d7b31dc8-159e-453c-996f-3b295d2ad88e.pdf","{""eTag"":""\""61f30759bef20ddc36a34be55b6b032d\"""",""size"":1110403,""mimetype"":""application/pdf"",""cacheControl"":""max-age=3600"",""lastModified"":""2026-08-16T21:31:04.000Z"",""contentLength"":1110403,""httpStatusCode"":200}","2026-08-16 21:31:03.684881+00","2026-08-16 21:31:03.684881+00"
"5c23d223-3670-4ac7-8662-e56b828553af","log-attachments","logs/2026/08/17/de1af542-2b42-44d3-bee3-81e988dc1c79.png","{""eTag"":""\""73083e797cf1482f153debbc409f70ab\"""",""size"":4719119,""mimetype"":""image/png"",""cacheControl"":""max-age=3600"",""lastModified"":""2026-08-17T14:03:56.000Z"",""contentLength"":4719119,""httpStatusCode"":200}","2026-08-17 14:03:55.787138+00","2026-08-17 14:03:55.787138+00"
"cde228db-8dfb-49a3-bbf4-840ea9d8f754","log-attachments","logs/2026/08/17/ec58ba29-9846-4035-9224-6b795229bc33.pdf","{""eTag"":""\""813386ff17672d1884dbf0b3479cd4c2\"""",""size"":986368,""mimetype"":""application/pdf"",""cacheControl"":""max-age=3600"",""lastModified"":""2026-08-16T22:04:19.000Z"",""contentLength"":986368,""httpStatusCode"":200}","2026-08-16 22:04:18.969464+00","2026-08-16 22:04:18.969464+00"
"6563af88-1863-4e0f-893e-14ecfd108e9e","log-attachments","logs/2026/08/18/22b58a30-7cb8-432e-bb98-b151ec18290f.png","{""eTag"":""\""61cdc90099646b0d237964207393dd31\"""",""size"":4522006,""mimetype"":""image/png"",""cacheControl"":""max-age=3600"",""lastModified"":""2026-08-18T14:51:07.000Z"",""contentLength"":4522006,""httpStatusCode"":200}","2026-08-18 14:51:06.710815+00","2026-08-18 14:51:06.710815+00"
"79cec2af-9fed-476c-9cdb-9b207c4fe9af","log-attachments","logs/2026/08/18/290c7a17-0bb0-432b-99d9-8afb58f1d0ca.png","{""eTag"":""\""714507d82d67b1149cb6f12a77912f2f\"""",""size"":448417,""mimetype"":""image/png"",""cacheControl"":""max-age=3600"",""lastModified"":""2026-08-18T14:50:56.000Z"",""contentLength"":448417,""httpStatusCode"":200}","2026-08-18 14:50:55.972203+00","2026-08-18 14:50:55.972203+00"
"6fe7f827-6339-46d0-ba80-9c8bc688c13e","log-attachments","logs/2026/08/18/2cc70897-3465-4d9e-b207-36a9087e4fce.png","{""eTag"":""\""7a030c7b193b0b087226a242ed1a6625\"""",""size"":299980,""mimetype"":""image/png"",""cacheControl"":""max-age=3600"",""lastModified"":""2026-08-18T14:51:01.000Z"",""contentLength"":299980,""httpStatusCode"":200}","2026-08-18 14:51:01.026225+00","2026-08-18 14:51:01.026225+00"
"b1209c88-0bd4-42ee-8419-7c6668d986f2","log-attachments","logs/2026/08/18/385994f1-d82a-4a39-ae62-ae1a31555c2c.png","{""eTag"":""\""f6aba5c79e62978d5c45dd578ce02bdf\"""",""size"":1444263,""mimetype"":""image/png"",""cacheControl"":""max-age=3600"",""lastModified"":""2026-08-17T22:03:21.000Z"",""contentLength"":1444263,""httpStatusCode"":200}","2026-08-17 22:03:20.422146+00","2026-08-17 22:03:20.422146+00"
"211fa92a-43aa-4c91-b718-9126a8959fd6","log-attachments","logs/2026/08/18/4abb49a5-57c3-4c1f-9199-cb3fdc8ccda4.pdf","{""eTag"":""\""f6477ad93999fc8ae09ea04cf3473579\"""",""size"":488887,""mimetype"":""application/pdf"",""cacheControl"":""max-age=3600"",""lastModified"":""2026-08-17T22:03:27.000Z"",""contentLength"":488887,""httpStatusCode"":200}","2026-08-17 22:03:26.869338+00","2026-08-17 22:03:26.869338+00"
"fec43629-08f1-4103-af55-762d4f50f0a1","log-attachments","logs/2026/08/18/4d298c5d-39a0-4151-843a-53ea64a4d7d3.pdf","{""eTag"":""\""039d43161d5cdf91b652e6428bc4df7b\"""",""size"":1114768,""mimetype"":""application/pdf"",""cacheControl"":""max-age=3600"",""lastModified"":""2026-08-18T14:54:20.000Z"",""contentLength"":1114768,""httpStatusCode"":200}","2026-08-18 14:54:19.066698+00","2026-08-18 14:54:19.066698+00"
"ed77696c-4011-41f1-ac5e-167a6cc3b9a0","log-attachments","logs/2026/08/18/77a73400-4da9-42c2-940d-ff3017861f3d.png","{""eTag"":""\""b40e0b91519143892e4b079c9ca9d087\"""",""size"":340481,""mimetype"":""image/png"",""cacheControl"":""max-age=3600"",""lastModified"":""2026-08-18T14:50:59.000Z"",""contentLength"":340481,""httpStatusCode"":200}","2026-08-18 14:50:58.279189+00","2026-08-18 14:50:58.279189+00"
"bbf640e6-92ef-47ad-905e-f62c2cdd22e0","log-attachments","logs/2026/08/18/7ea702db-4429-437d-819e-5cd03c9499df.png","{""eTag"":""\""94ec8edd28ce21c85e3c20924cafd4a0\"""",""size"":1069714,""mimetype"":""image/png"",""cacheControl"":""max-age=3600"",""lastModified"":""2026-08-17T22:03:14.000Z"",""contentLength"":1069714,""httpStatusCode"":200}","2026-08-17 22:03:13.127326+00","2026-08-17 22:03:13.127326+00"
"3940b4d6-223d-4670-a4bf-054ecce64ff6","log-attachments","logs/2026/08/18/a7b39b25-be30-4579-9da7-6da986cd37d0.png","{""eTag"":""\""e4b3df262529661665dd97f48863e0ae\"""",""size"":1524627,""mimetype"":""image/png"",""cacheControl"":""max-age=3600"",""lastModified"":""2026-08-17T22:03:19.000Z"",""contentLength"":1524627,""httpStatusCode"":200}","2026-08-17 22:03:18.229457+00","2026-08-17 22:03:18.229457+00"
"590c06cd-79db-40f3-b846-5e6b01383d4c","log-attachments","logs/2026/08/18/a9e48c84-39fd-4d30-8f8b-e32a35727879.md","{""eTag"":""\""f5abf1fc3710abbba7b4fd7996454fd9\"""",""size"":28234,""mimetype"":""text/markdown"",""cacheControl"":""max-age=3600"",""lastModified"":""2026-08-18T14:51:16.000Z"",""contentLength"":28234,""httpStatusCode"":200}","2026-08-18 14:51:15.746767+00","2026-08-18 14:51:15.746767+00"
"8682bdb6-3806-45a9-ba2c-4c1f3f49a79d","log-attachments","logs/2026/08/18/b09c66a3-5ba7-4ad3-9f00-9b9a58b316aa.md","{""eTag"":""\""1fef2467c87953d71aede65b49e031d3\"""",""size"":7956,""mimetype"":""text/markdown"",""cacheControl"":""max-age=3600"",""lastModified"":""2026-08-17T22:03:24.000Z"",""contentLength"":7956,""httpStatusCode"":200}","2026-08-17 22:03:23.615361+00","2026-08-17 22:03:23.615361+00"
"919d1edf-935a-4ca8-b7a8-cc5fb1ba2ec0","log-attachments","logs/2026/08/18/ce4bc2fd-5abe-4f70-972c-1a962c3ada8b.png","{""eTag"":""\""630ef0e3cc21a13f925fe2679edb21cc\"""",""size"":1191704,""mimetype"":""image/png"",""cacheControl"":""max-age=3600"",""lastModified"":""2026-08-17T22:03:16.000Z"",""contentLength"":1191704,""httpStatusCode"":200}","2026-08-17 22:03:15.822168+00","2026-08-17 22:03:15.822168+00"
"2fc3113f-aefe-4b1a-bec4-3940dfe2bdd6","log-attachments","logs/2026/08/18/e82bd9c6-f51e-4a91-9d2a-bf8d1b4e9a1a.pdf","{""eTag"":""\""4f396fcb063d923795be3881b10ac485\"""",""size"":1116145,""mimetype"":""application/pdf"",""cacheControl"":""max-age=3600"",""lastModified"":""2026-08-18T14:51:19.000Z"",""contentLength"":1116145,""httpStatusCode"":200}","2026-08-18 14:51:18.517813+00","2026-08-18 14:51:18.517813+00"
"7d7bb662-8c1b-47ac-bd9e-2c61f3a81b87","log-attachments","logs/2026/08/18/e9d6cc93-4c6e-4bfb-97d2-7b498664358a.md","{""eTag"":""\""cfabfc4e07f8d28d49468b469fc2812b\"""",""size"":28454,""mimetype"":""text/markdown"",""cacheControl"":""max-age=3600"",""lastModified"":""2026-08-18T14:54:17.000Z"",""contentLength"":28454,""httpStatusCode"":200}","2026-08-18 14:54:16.275017+00","2026-08-18 14:54:16.275017+00"
"6673f1e4-8edd-43e3-bffd-a23aa9fed4c8","log-attachments","logs/2026/08/19/12da0f6e-49ac-4b0d-9617-ec8e6745401d.md","{""eTag"":""\""0bc2e0c98e12404a9693c6801da84d9c\"""",""size"":26776,""mimetype"":""text/markdown"",""cacheControl"":""max-age=3600"",""lastModified"":""2026-08-18T18:42:24.000Z"",""contentLength"":26776,""httpStatusCode"":200}","2026-08-18 18:42:23.567397+00","2026-08-18 18:42:23.567397+00"
"824db6d7-4310-4415-a0df-67544f340316","log-attachments","logs/2026/08/19/3369eff0-65e1-4aee-b562-9237f91f6697.pdf","{""eTag"":""\""f4ab66c1db560e226fc82528b0435d27\"""",""size"":16499001,""mimetype"":""application/pdf"",""cacheControl"":""max-age=3600"",""lastModified"":""2026-08-18T18:42:28.000Z"",""contentLength"":16499001,""httpStatusCode"":200}","2026-08-18 18:42:28.00023+00","2026-08-18 18:42:28.00023+00"
"0890d5e5-c740-4859-9984-8c3ba54dfcf0","log-attachments","logs/2026/08/19/3b1e7ee7-f5c4-4c67-988a-de4ed051f8f0.md","{""eTag"":""\""5975c9cc903a8e7ef1ce096eae98f0d5\"""",""size"":22625,""mimetype"":""text/markdown"",""cacheControl"":""max-age=3600"",""lastModified"":""2026-08-18T18:46:39.000Z"",""contentLength"":22625,""httpStatusCode"":200}","2026-08-18 18:46:38.596589+00","2026-08-18 18:46:38.596589+00"
"60f59e9b-fd99-4745-9d3c-08a881067653","log-attachments","logs/2026/08/19/507ee9d1-faae-47af-b3f7-4fae1df28cd2.png","{""eTag"":""\""e4d96f2120e04424845b2c6f0809e9e8\"""",""size"":1153536,""mimetype"":""image/png"",""cacheControl"":""max-age=3600"",""lastModified"":""2026-08-18T17:47:27.000Z"",""contentLength"":1153536,""httpStatusCode"":200}","2026-08-18 17:47:26.707581+00","2026-08-18 17:47:26.707581+00"
"9fd158a9-66a0-45f8-8c05-e1c6b901afc8","log-attachments","logs/2026/08/19/5b1d8a14-f480-4397-a803-3a459cd4085b.pdf","{""eTag"":""\""f4ab66c1db560e226fc82528b0435d27\"""",""size"":16499001,""mimetype"":""application/pdf"",""cacheControl"":""max-age=3600"",""lastModified"":""2026-08-18T18:48:15.000Z"",""contentLength"":16499001,""httpStatusCode"":200}","2026-08-18 18:48:14.401061+00","2026-08-18 18:48:14.401061+00"
"18ab234f-e04a-490a-8c3e-ee5e708cb22b","log-attachments","logs/2026/08/19/745db1b1-9018-4e82-ba01-7963facd30bb.png","{""eTag"":""\""9c919fbfa8c873f4d1df0fbee3132c64\"""",""size"":1748927,""mimetype"":""image/png"",""cacheControl"":""max-age=3600"",""lastModified"":""2026-08-19T12:37:51.000Z"",""contentLength"":1748927,""httpStatusCode"":200}","2026-08-19 12:37:50.101298+00","2026-08-19 12:37:50.101298+00"
"e107ab9e-8657-4ae7-819b-bf502fcad0f1","log-attachments","logs/2026/08/19/7e9dae90-56dd-45ea-9cc5-5e10200db83a.md","{""eTag"":""\""5554e3ae9ec98adb8163fb13f23ded09\"""",""size"":26568,""mimetype"":""text/markdown"",""cacheControl"":""max-age=3600"",""lastModified"":""2026-08-18T18:52:27.000Z"",""contentLength"":26568,""httpStatusCode"":200}","2026-08-18 18:52:26.562164+00","2026-08-18 18:52:26.562164+00"
"ce9b8b71-d93a-4ac1-9757-ee7e8d24241d","log-attachments","logs/2026/08/19/886911f3-1e09-478a-b571-64d4275a7d67.png","{""eTag"":""\""5aa1a5ed1875685402983171fa4fb3e8\"""",""size"":883257,""mimetype"":""image/png"",""cacheControl"":""max-age=3600"",""lastModified"":""2026-08-18T17:47:34.000Z"",""contentLength"":883257,""httpStatusCode"":200}","2026-08-18 17:47:33.10698+00","2026-08-18 17:47:33.10698+00"
"934230e8-1c0c-4132-8758-f55b1cb8bed1","log-attachments","logs/2026/08/19/8eee4547-8e13-4c29-a40a-a994e5a46bac.png","{""eTag"":""\""d40a99e96fae58f56b4e531c6ce501db\"""",""size"":1849935,""mimetype"":""image/png"",""cacheControl"":""max-age=3600"",""lastModified"":""2026-08-19T12:37:58.000Z"",""contentLength"":1849935,""httpStatusCode"":200}","2026-08-19 12:37:57.465916+00","2026-08-19 12:37:57.465916+00"
"2a6310f9-cf7c-4b2c-8d73-570b123d8d8f","log-attachments","logs/2026/08/19/96cce29c-98ab-4ba0-966d-6e251eca8fe2.png","{""eTag"":""\""b64db444c5e998b9bbdceb4ec5a22653\"""",""size"":1778622,""mimetype"":""image/png"",""cacheControl"":""max-age=3600"",""lastModified"":""2026-08-19T12:37:56.000Z"",""contentLength"":1778622,""httpStatusCode"":200}","2026-08-19 12:37:55.416883+00","2026-08-19 12:37:55.416883+00"
"65ea0c07-8aed-4de5-aeb0-7110bda5bc65","log-attachments","logs/2026/08/19/99c3a8f6-18ab-497b-83bf-a62f89421091.png","{""eTag"":""\""5bf7125e45e3a4d8c233ec315b446a17\"""",""size"":1669362,""mimetype"":""image/png"",""cacheControl"":""max-age=3600"",""lastModified"":""2026-08-19T12:37:54.000Z"",""contentLength"":1669362,""httpStatusCode"":200}","2026-08-19 12:37:53.5425+00","2026-08-19 12:37:53.5425+00"
"382659e3-bcfc-4bfb-8860-7e0bcc653fbc","log-attachments","logs/2026/08/19/b19fdbb3-a269-4769-a0cd-bdf250746bee.png","{""eTag"":""\""2f98767333a41635d6326f73b8aad0e9\"""",""size"":1721342,""mimetype"":""image/png"",""cacheControl"":""max-age=3600"",""lastModified"":""2026-08-18T17:47:23.000Z"",""contentLength"":1721342,""httpStatusCode"":200}","2026-08-18 17:47:22.889508+00","2026-08-18 17:47:22.889508+00"
"df878456-defb-453b-bcdc-6187b87130a6","log-attachments","logs/2026/08/19/b2c05d0f-2fd8-4784-818f-117baa7285ce.pdf","{""eTag"":""\""f4ab66c1db560e226fc82528b0435d27\"""",""size"":16499001,""mimetype"":""application/pdf"",""cacheControl"":""max-age=3600"",""lastModified"":""2026-08-18T18:40:55.000Z"",""contentLength"":16499001,""httpStatusCode"":200}","2026-08-18 18:40:55.123207+00","2026-08-18 18:40:55.123207+00"
"bc6e262a-c555-428f-bf23-ca5fe7a8b168","log-attachments","logs/2026/08/19/b379d8c9-1082-4fe2-9979-4186d9560ded.pdf","{""eTag"":""\""b7340b8a7a3b945ce1bc662fe0d54360\"""",""size"":13857385,""mimetype"":""application/pdf"",""cacheControl"":""max-age=3600"",""lastModified"":""2026-08-19T12:39:43.000Z"",""contentLength"":13857385,""httpStatusCode"":200}","2026-08-19 12:39:42.861588+00","2026-08-19 12:39:42.861588+00"
"53e40046-2b5e-4fc5-bc77-7cd8aa7c404c","log-attachments","logs/2026/08/19/b42b6c12-6c5d-4acd-a142-293b6bf7d3bd.png","{""eTag"":""\""bbb263a064a00ffbbd409d82c3a4c34c\"""",""size"":1201515,""mimetype"":""image/png"",""cacheControl"":""max-age=3600"",""lastModified"":""2026-08-18T17:47:36.000Z"",""contentLength"":1201515,""httpStatusCode"":200}","2026-08-18 17:47:35.203335+00","2026-08-18 17:47:35.203335+00"
"f382040c-4d7f-49e5-8a5f-75c66ec585bd","log-attachments","logs/2026/08/19/b4f648e5-c96a-4f97-b6a8-8960ed64a7a4.pdf","{""eTag"":""\""7eed80ba589c500adca8639837b31ab1\"""",""size"":16535005,""mimetype"":""application/pdf"",""cacheControl"":""max-age=3600"",""lastModified"":""2026-08-18T18:52:30.000Z"",""contentLength"":16535005,""httpStatusCode"":200}","2026-08-18 18:52:29.89043+00","2026-08-18 18:52:29.89043+00"
"7958d773-a233-4c24-8851-41d969965a23","log-attachments","logs/2026/08/19/b5298969-1cad-45b7-9aa9-fdb68d695777.png","{""eTag"":""\""c705af92ecb0abdab1ea84fcaee91447\"""",""size"":1681121,""mimetype"":""image/png"",""cacheControl"":""max-age=3600"",""lastModified"":""2026-08-19T12:37:53.000Z"",""contentLength"":1681121,""httpStatusCode"":200}","2026-08-19 12:37:52.094011+00","2026-08-19 12:37:52.094011+00"
"09d97569-6b98-4f19-82d9-01c8ece66cfd","log-attachments","logs/2026/08/19/bc84a03b-7803-4cc4-8730-b05495b9fe0f.png","{""eTag"":""\""1c7f8beb6d96725feab009d22f8afc5e\"""",""size"":1637497,""mimetype"":""image/png"",""cacheControl"":""max-age=3600"",""lastModified"":""2026-08-18T17:47:22.000Z"",""contentLength"":1637497,""httpStatusCode"":200}","2026-08-18 17:47:21.156321+00","2026-08-18 17:47:21.156321+00"
"2a85dba8-a8e8-4e89-a09a-00323a67d3ea","log-attachments","logs/2026/08/19/c02c7cb6-325a-4811-9b2f-56be786ed4c4.pdf","{""eTag"":""\""b6d09af45993c2586e9c3750028b2757\"""",""size"":1112549,""mimetype"":""application/pdf"",""cacheControl"":""max-age=3600"",""lastModified"":""2026-08-18T18:46:43.000Z"",""contentLength"":1112549,""httpStatusCode"":200}","2026-08-18 18:46:42.285425+00","2026-08-18 18:46:42.285425+00"
"349079a6-fad1-462c-8ab9-987b4bf81391","log-attachments","logs/2026/08/19/cccfe8dd-ad51-4734-833f-3379a26dbae4.md","{""eTag"":""\""0bc2e0c98e12404a9693c6801da84d9c\"""",""size"":26776,""mimetype"":""text/markdown"",""cacheControl"":""max-age=3600"",""lastModified"":""2026-08-18T18:40:49.000Z"",""contentLength"":26776,""httpStatusCode"":200}","2026-08-18 18:40:48.214668+00","2026-08-18 18:40:48.214668+00"
"cf6c69b8-4ade-45fa-8044-e16250eab82e","log-attachments","logs/2026/08/19/d188a8e2-0f9d-4c75-94e3-b708767be974.md","{""eTag"":""\""0bc2e0c98e12404a9693c6801da84d9c\"""",""size"":26776,""mimetype"":""text/markdown"",""cacheControl"":""max-age=3600"",""lastModified"":""2026-08-18T18:48:09.000Z"",""contentLength"":26776,""httpStatusCode"":200}","2026-08-18 18:48:08.34798+00","2026-08-18 18:48:08.34798+00"
"08e70353-944d-4e16-baa6-de61447781b0","log-attachments","logs/2026/08/19/e35b581e-3837-4879-bab4-d3d2ad10c89a.png","{""eTag"":""\""e4d96f2120e04424845b2c6f0809e9e8\"""",""size"":1153536,""mimetype"":""image/png"",""cacheControl"":""max-age=3600"",""lastModified"":""2026-08-18T17:47:30.000Z"",""contentLength"":1153536,""httpStatusCode"":200}","2026-08-18 17:47:29.078083+00","2026-08-18 17:47:29.078083+00"
"85764b23-8d62-4ae7-9e17-5fe3a9d77121","log-attachments","logs/2026/08/19/ed85cf25-e53f-4494-a5e9-76e4d2ccc5a0.png","{""eTag"":""\""71af4d6ab719d80feb720d07a88e7598\"""",""size"":1563436,""mimetype"":""image/png"",""cacheControl"":""max-age=3600"",""lastModified"":""2026-08-18T17:47:25.000Z"",""contentLength"":1563436,""httpStatusCode"":200}","2026-08-18 17:47:24.686431+00","2026-08-18 17:47:24.686431+00"
"c23997a7-5925-486f-8cb7-0f5cf6bcbbf0","log-attachments","logs/2026/08/19/f0308fad-c9c1-46fb-bdfa-64f94f04a7a9.md","{""eTag"":""\""0bc2e0c98e12404a9693c6801da84d9c\"""",""size"":26776,""mimetype"":""text/markdown"",""cacheControl"":""max-age=3600"",""lastModified"":""2026-08-18T18:53:44.000Z"",""contentLength"":26776,""httpStatusCode"":200}","2026-08-18 18:53:43.239356+00","2026-08-18 18:53:43.239356+00"
"4cb50bc7-f8f3-4433-8555-845b22c433c7","log-attachments","logs/2026/08/19/f2c9c461-c96c-4ef6-92a6-7928e8a9fa37.pdf","{""eTag"":""\""7a1124b3a0377716d9ecb5e1adee37ef\"""",""size"":16530180,""mimetype"":""application/pdf"",""cacheControl"":""max-age=3600"",""lastModified"":""2026-08-18T18:53:47.000Z"",""contentLength"":16530180,""httpStatusCode"":200}","2026-08-18 18:53:46.682701+00","2026-08-18 18:53:46.682701+00"
"9ff0f983-3bd9-4afb-930f-e057aab47b80","log-attachments","logs/2026/08/19/f60ebf35-6410-42a7-83f5-6f0bbc5347be.md","{""eTag"":""\""0d06121ad62fe2b4fe9ad05eacb275a2\"""",""size"":27008,""mimetype"":""text/markdown"",""cacheControl"":""max-age=3600"",""lastModified"":""2026-08-19T12:39:40.000Z"",""contentLength"":27008,""httpStatusCode"":200}","2026-08-19 12:39:39.759254+00","2026-08-19 12:39:39.759254+00"
"ad41c96d-eb8c-4faa-8c3b-2e28eb00baea","log-attachments","logs/2026/08/19/f9e57737-2c12-4cf2-ab8c-e0ef8e64b203.png","{""eTag"":""\""5b248d86db1c1e5b0f4a9fe31b56086b\"""",""size"":1416752,""mimetype"":""image/png"",""cacheControl"":""max-age=3600"",""lastModified"":""2026-08-18T17:47:32.000Z"",""contentLength"":1416752,""httpStatusCode"":200}","2026-08-18 17:47:31.328576+00","2026-08-18 17:47:31.328576+00"
"7a64dc40-a37c-46e2-8063-89618e7b8251","log-attachments","logs/2026/08/20/169babcc-d94e-44a2-95bf-589865abb47e.png","{""eTag"":""\""7a0236f22d6b1a793cf9660a83499ef9\"""",""size"":4030578,""mimetype"":""image/png"",""cacheControl"":""max-age=3600"",""lastModified"":""2026-08-20T14:16:44.000Z"",""contentLength"":4030578,""httpStatusCode"":200}","2026-08-20 14:16:43.689423+00","2026-08-20 14:16:43.689423+00"
"6e3cb64f-601b-4ef6-81b8-ce67d1bff376","log-attachments","logs/2026/08/20/1708c480-a38f-4be2-9db1-2fe12bc0e81f.md","{""eTag"":""\""06112e1fadf6738d880fdb3e34dfe1b0\"""",""size"":16675,""mimetype"":""text/markdown"",""cacheControl"":""max-age=3600"",""lastModified"":""2026-08-19T20:25:57.000Z"",""contentLength"":16675,""httpStatusCode"":200}","2026-08-19 20:25:56.471989+00","2026-08-19 20:25:56.471989+00"
"12fa1f82-1da3-468c-9080-a3d114aca480","log-attachments","logs/2026/08/20/4686dfff-6e59-4f28-9a5c-3b1b2b1756df.pdf","{""eTag"":""\""ad24d746aeb957e2cfc0cf2e0f3fe89f\"""",""size"":776858,""mimetype"":""application/pdf"",""cacheControl"":""max-age=3600"",""lastModified"":""2026-08-19T20:26:00.000Z"",""contentLength"":776858,""httpStatusCode"":200}","2026-08-19 20:25:59.106666+00","2026-08-19 20:25:59.106666+00"
"b3ed0213-0713-4727-b250-ff867c9be22a","log-attachments","logs/2026/08/20/4ead819e-f437-48b6-a85e-75810b4247b8.png","{""eTag"":""\""db13015c5a8894a9430feaf1302f6379\"""",""size"":1944335,""mimetype"":""image/png"",""cacheControl"":""max-age=3600"",""lastModified"":""2026-08-19T20:04:41.000Z"",""contentLength"":1944335,""httpStatusCode"":200}","2026-08-19 20:04:40.23013+00","2026-08-19 20:04:40.23013+00"
"db21807b-705c-4781-ab6c-657269df419c","log-attachments","logs/2026/08/20/60eca492-5915-43f5-b971-c1a2c3c91391.pdf","{""eTag"":""\""b28956991e7dc4b7657ff55f53e9d608\"""",""size"":738541,""mimetype"":""application/pdf"",""cacheControl"":""max-age=3600"",""lastModified"":""2026-08-19T20:07:37.000Z"",""contentLength"":738541,""httpStatusCode"":200}","2026-08-19 20:07:36.967566+00","2026-08-19 20:07:36.967566+00"
"9fe9f61f-e230-4f8c-9161-4c85905000f7","log-attachments","logs/2026/08/20/621a252f-3869-4350-8d63-06eda95dd582.md","{""eTag"":""\""1f06246eac1a25105fe3ce90a09ba61a\"""",""size"":16223,""mimetype"":""text/markdown"",""cacheControl"":""max-age=3600"",""lastModified"":""2026-08-19T20:07:34.000Z"",""contentLength"":16223,""httpStatusCode"":200}","2026-08-19 20:07:33.924083+00","2026-08-19 20:07:33.924083+00"
"54a5f7c4-e8bd-4da7-a80a-bd3b23025e09","log-attachments","logs/2026/08/20/8d8b31c3-1417-40a7-9000-ba5da97acf9e.png","{""eTag"":""\""afac8fb15bf5c6905d32d33f76d931e9\"""",""size"":791543,""mimetype"":""image/png"",""cacheControl"":""max-age=3600"",""lastModified"":""2026-08-20T14:16:35.000Z"",""contentLength"":791543,""httpStatusCode"":200}","2026-08-20 14:16:34.984422+00","2026-08-20 14:16:34.984422+00"
"ce4ac463-451d-4d1b-8c5b-e4d4065c209c","log-attachments","logs/2026/08/20/a0fbdc82-3302-42ca-9c77-2774acc21ff5.png","{""eTag"":""\""a42e525cc616dc60d6bd20f56717bd69\"""",""size"":1199102,""mimetype"":""image/png"",""cacheControl"":""max-age=3600"",""lastModified"":""2026-08-19T20:04:38.000Z"",""contentLength"":1199102,""httpStatusCode"":200}","2026-08-19 20:04:37.883451+00","2026-08-19 20:04:37.883451+00"
"2621589f-39a4-4bf3-857f-28800c978bf9","log-attachments","logs/2026/08/20/a421d49a-756a-4196-879c-b190c7540366.png","{""eTag"":""\""b09e01eee906bd39b3b1fa29e6bf973e\"""",""size"":649699,""mimetype"":""image/png"",""cacheControl"":""max-age=3600"",""lastModified"":""2026-08-20T14:16:37.000Z"",""contentLength"":649699,""httpStatusCode"":200}","2026-08-20 14:16:37.024937+00","2026-08-20 14:16:37.024937+00"
"7cca0bf6-0d5a-48cd-89a7-705947c63c94","log-attachments","logs/2026/08/20/d0506349-c183-493f-9f51-3a83721f13cb.pdf","{""eTag"":""\""819eb50ffeb913e0d5f34c41e2563d24\"""",""size"":776858,""mimetype"":""application/pdf"",""cacheControl"":""max-age=3600"",""lastModified"":""2026-08-19T20:34:29.000Z"",""contentLength"":776858,""httpStatusCode"":200}","2026-08-19 20:34:28.679787+00","2026-08-19 20:34:28.679787+00"
"c4b41325-345d-4846-8eca-bf40d02fc358","log-attachments","logs/2026/08/20/f059e7cc-df67-42ff-aa14-04d493972976.md","{""eTag"":""\""06112e1fadf6738d880fdb3e34dfe1b0\"""",""size"":16675,""mimetype"":""text/markdown"",""cacheControl"":""max-age=3600"",""lastModified"":""2026-08-19T20:34:26.000Z"",""contentLength"":16675,""httpStatusCode"":200}","2026-08-19 20:34:26.021017+00","2026-08-19 20:34:26.021017+00"
"78cd8044-c9bf-4e6b-97c2-ba8d44b64557","log-attachments","logs/2026/08/21/1ab493f8-0c9d-42cb-b7ef-5bee06d5eaec.pdf","{""eTag"":""\""f54301580f98fcfb7a473a0b578871b8\"""",""size"":5052942,""mimetype"":""application/pdf"",""cacheControl"":""max-age=3600"",""lastModified"":""2026-08-21T13:24:17.000Z"",""contentLength"":5052942,""httpStatusCode"":200}","2026-08-21 13:24:17.019789+00","2026-08-21 13:24:17.019789+00"
"0d869e93-e8a7-49fe-b210-ea1925ddd5db","log-attachments","logs/2026/08/21/1f0553fd-dfe1-4d7c-afef-d288a19aa1ba.pdf","{""eTag"":""\""fb8dc34a831f9c829376ce1be2405b9e\"""",""size"":5052984,""mimetype"":""application/pdf"",""cacheControl"":""max-age=3600"",""lastModified"":""2026-08-21T13:19:17.000Z"",""contentLength"":5052984,""httpStatusCode"":200}","2026-08-21 13:19:16.984494+00","2026-08-21 13:19:16.984494+00"
"ae414e63-4f0d-4c44-8100-8cafe967f910","log-attachments","logs/2026/08/21/45b6a7d3-89b7-497d-a180-c9cab89aaabc.pdf","{""eTag"":""\""dee85dd83473170a8b6ca5de8179c7c3\"""",""size"":5052953,""mimetype"":""application/pdf"",""cacheControl"":""max-age=3600"",""lastModified"":""2026-08-21T13:28:05.000Z"",""contentLength"":5052953,""httpStatusCode"":200}","2026-08-21 13:28:04.692524+00","2026-08-21 13:28:04.692524+00"
"96400580-8c0d-46d4-8db8-c3a74b804776","log-attachments","logs/2026/08/21/53c21591-6cd7-4038-9ad6-5edb7b9185c3.md","{""eTag"":""\""0b9d31d21d45cca41bdcfea8558f0d04\"""",""size"":24688,""mimetype"":""text/markdown"",""cacheControl"":""max-age=3600"",""lastModified"":""2026-08-21T07:24:13.000Z"",""contentLength"":24688,""httpStatusCode"":200}","2026-08-21 07:24:12.071957+00","2026-08-21 07:24:12.071957+00"
"28001491-b42a-4a82-b48d-37c79f2dfb47","log-attachments","logs/2026/08/21/5fbf88e3-cb80-4848-a4ad-dd35393745c2.pdf","{""eTag"":""\""dc29c460843e2ce708053dbfcfc98919\"""",""size"":5098852,""mimetype"":""application/pdf"",""cacheControl"":""max-age=3600"",""lastModified"":""2026-08-21T11:51:28.000Z"",""contentLength"":5098852,""httpStatusCode"":200}","2026-08-21 11:51:27.934084+00","2026-08-21 11:51:27.934084+00"
"94169604-3e31-489e-9e14-1271b635d42a","log-attachments","logs/2026/08/21/661c5533-22e2-437d-9c28-600031c3f2e9.pdf","{""eTag"":""\""a50ced429762fa64eee6c3d010f5141d\"""",""size"":5052954,""mimetype"":""application/pdf"",""cacheControl"":""max-age=3600"",""lastModified"":""2026-08-21T13:40:59.000Z"",""contentLength"":5052954,""httpStatusCode"":200}","2026-08-21 13:40:59.036933+00","2026-08-21 13:40:59.036933+00"
"7a2ca509-1236-46f6-a4e6-946426e73443","log-attachments","logs/2026/08/21/75627053-e181-41ef-b499-826a62264777.pdf","{""eTag"":""\""203cd1f57c8f56ed5763667cf9338d8d\"""",""size"":5052937,""mimetype"":""application/pdf"",""cacheControl"":""max-age=3600"",""lastModified"":""2026-08-21T12:19:15.000Z"",""contentLength"":5052937,""httpStatusCode"":200}","2026-08-21 12:19:14.714314+00","2026-08-21 12:19:14.714314+00"
"239a6590-1805-4446-9a76-141810a4921a","log-attachments","logs/2026/08/21/75e9f556-cdd5-48ad-8177-3f624050d58a.pdf","{""eTag"":""\""5c6523ba420ab8886a2d6aa75938c5a0\"""",""size"":5052982,""mimetype"":""application/pdf"",""cacheControl"":""max-age=3600"",""lastModified"":""2026-08-21T13:30:52.000Z"",""contentLength"":5052982,""httpStatusCode"":200}","2026-08-21 13:30:51.283132+00","2026-08-21 13:30:51.283132+00"
"e9ddce9d-b475-4244-900f-9880a6fd0d28","log-attachments","logs/2026/08/21/84d9b5cf-efcf-4af0-9387-d5a926d511db.pdf","{""eTag"":""\""26b8b599ad28d1948f2241e0863d88ee\"""",""size"":5052929,""mimetype"":""application/pdf"",""cacheControl"":""max-age=3600"",""lastModified"":""2026-08-21T12:12:41.000Z"",""contentLength"":5052929,""httpStatusCode"":200}","2026-08-21 12:12:40.808933+00","2026-08-21 12:12:40.808933+00"
"7b860ea5-3112-421a-88cf-decc2351b888","log-attachments","logs/2026/08/21/b5c11554-3395-4fa7-8c1f-22f65748b623.md","{""eTag"":""\""69bb0cca4998171ada5cdee4ec88ac8f\"""",""size"":24688,""mimetype"":""text/markdown"",""cacheControl"":""max-age=3600"",""lastModified"":""2026-08-20T21:38:41.000Z"",""contentLength"":24688,""httpStatusCode"":200}","2026-08-20 21:38:40.908863+00","2026-08-20 21:38:40.908863+00"
"7509ea35-2b72-43bc-80f0-bab33fc5e121","log-attachments","logs/2026/08/21/bd90bd8e-df81-4ef2-8105-5d918058e2c0.pdf","{""eTag"":""\""bd25848a4d67838c3a3237f2999923d4\"""",""size"":5095385,""mimetype"":""application/pdf"",""cacheControl"":""max-age=3600"",""lastModified"":""2026-08-21T12:10:34.000Z"",""contentLength"":5095385,""httpStatusCode"":200}","2026-08-21 12:10:33.868364+00","2026-08-21 12:10:33.868364+00"
"46589ff9-83ab-45a8-af28-13c7b28cb1c7","log-attachments","logs/2026/08/21/c075b493-7bc5-468e-9bcf-12a77dd29d8c.pdf","{""eTag"":""\""d386fd04a2964d1df01b5d4d069c7de9\"""",""size"":5198697,""mimetype"":""application/pdf"",""cacheControl"":""max-age=3600"",""lastModified"":""2026-08-21T07:24:13.000Z"",""contentLength"":5198697,""httpStatusCode"":200}","2026-08-21 07:24:12.71347+00","2026-08-21 07:24:12.71347+00"
"df517306-0cc0-48b2-9e8e-c3b473747150","log-attachments","logs/2026/08/21/c4e57471-0f23-488b-aee4-7ded514d6949.pdf","{""eTag"":""\""29e0bf3eb04a0313e47527814a047b84\"""",""size"":5052979,""mimetype"":""application/pdf"",""cacheControl"":""max-age=3600"",""lastModified"":""2026-08-21T13:14:05.000Z"",""contentLength"":5052979,""httpStatusCode"":200}","2026-08-21 13:14:04.183734+00","2026-08-21 13:14:04.183734+00"
"24fe0c4e-9c23-4772-a0a1-58a150841992","log-attachments","logs/2026/08/21/d623951c-344b-4531-8c4c-a6ab8dbb72e5.pdf","{""eTag"":""\""bec496d3c57cbd7818b1962f93c24bf3\"""",""size"":5052945,""mimetype"":""application/pdf"",""cacheControl"":""max-age=3600"",""lastModified"":""2026-08-21T13:21:35.000Z"",""contentLength"":5052945,""httpStatusCode"":200}","2026-08-21 13:21:34.297945+00","2026-08-21 13:21:34.297945+00"
"2c3be94f-68de-4bda-8a06-00b630d450cf","log-attachments","logs/2026/08/21/d78e701c-fb1e-4d4c-8a98-d041777db83c.pdf","{""eTag"":""\""203cd1f57c8f56ed5763667cf9338d8d\"""",""size"":5052937,""mimetype"":""application/pdf"",""cacheControl"":""max-age=3600"",""lastModified"":""2026-08-21T12:45:44.000Z"",""contentLength"":5052937,""httpStatusCode"":200}","2026-08-21 12:45:43.281+00","2026-08-21 12:45:43.281+00"
"0291191e-1e3e-49a8-8187-0b01ea967908","log-attachments","logs/2026/08/21/dbdd4956-e991-4d28-9390-3a1a51266f2d.pdf","{""eTag"":""\""d93b3d7b5caff0ff1887eff4d776c9c1\"""",""size"":5052981,""mimetype"":""application/pdf"",""cacheControl"":""max-age=3600"",""lastModified"":""2026-08-21T13:16:05.000Z"",""contentLength"":5052981,""httpStatusCode"":200}","2026-08-21 13:16:05.271948+00","2026-08-21 13:16:05.271948+00"
"97abf5ac-1158-4d48-9731-e838dc062e98","log-attachments","logs/2026/08/21/e783c9c4-adec-40e9-98e2-63de163b23df.pdf","{""eTag"":""\""d93b3d7b5caff0ff1887eff4d776c9c1\"""",""size"":5052981,""mimetype"":""application/pdf"",""cacheControl"":""max-age=3600"",""lastModified"":""2026-08-21T13:16:53.000Z"",""contentLength"":5052981,""httpStatusCode"":200}","2026-08-21 13:16:52.50488+00","2026-08-21 13:16:52.50488+00"
"005af011-a817-4543-b475-b6dd2abe486d","log-attachments","logs/2026/08/21/e9da1141-81a9-4dfd-bbf6-4925ff8347cf.pdf","{""eTag"":""\""896f795c1d7624ecac390d1831af952c\"""",""size"":24622,""mimetype"":""application/pdf"",""cacheControl"":""max-age=3600"",""lastModified"":""2026-08-21T12:16:26.000Z"",""contentLength"":24622,""httpStatusCode"":200}","2026-08-21 12:16:25.645766+00","2026-08-21 12:16:25.645766+00"
"6603d81e-836a-4224-96e9-edab08fb6e8d","log-attachments","logs/2026/08/21/ebde7fc7-c93c-4a41-aec1-a9888fece7fc.pdf","{""eTag"":""\""bf9502e594ce377afd6b626c384ddc76\"""",""size"":5095429,""mimetype"":""application/pdf"",""cacheControl"":""max-age=3600"",""lastModified"":""2026-08-21T11:56:35.000Z"",""contentLength"":5095429,""httpStatusCode"":200}","2026-08-21 11:56:34.463607+00","2026-08-21 11:56:34.463607+00"
"6eacde46-7d2c-4d4a-8cd7-c896126c3525","log-attachments","logs/2026/08/21/fcdcad60-8f4d-475b-8195-f8b9d0fe5ddd.pdf","{""eTag"":""\""4b7c4bc09e22fed92d0348356695adb8\"""",""size"":5197454,""mimetype"":""application/pdf"",""cacheControl"":""max-age=3600"",""lastModified"":""2026-08-20T21:38:45.000Z"",""contentLength"":5197454,""httpStatusCode"":200}","2026-08-20 21:38:44.243128+00","2026-08-20 21:38:44.243128+00"
"de8ab1d8-3e33-4971-8104-bbff85854f6a","log-attachments","logs/2026/08/22/021e0f3f-7f0b-4bc6-9ed5-df6666b57eed.png","{""eTag"":""\""d6f0369fe9caab10ce763a142f1e3dba\"""",""size"":1675950,""mimetype"":""image/png"",""cacheControl"":""max-age=3600"",""lastModified"":""2026-08-21T15:59:40.000Z"",""contentLength"":1675950,""httpStatusCode"":200}","2026-08-21 15:59:39.926519+00","2026-08-21 15:59:39.926519+00"
"8cee7bcd-4fd6-4090-92b9-83333211b9d9","log-attachments","logs/2026/08/22/0329757b-9fbe-4563-a070-7a9e1066757f.png","{""eTag"":""\""5f612d103a24c30f521c0cb7a1b1e709\"""",""size"":1472088,""mimetype"":""image/png"",""cacheControl"":""max-age=3600"",""lastModified"":""2026-08-21T16:11:25.000Z"",""contentLength"":1472088,""httpStatusCode"":200}","2026-08-21 16:11:24.296844+00","2026-08-21 16:11:24.296844+00"
"509348e4-2396-487f-8854-fcfe0422ac6b","log-attachments","logs/2026/08/22/0538cfe9-c958-4678-905f-4780727d4159.png","{""eTag"":""\""884304303e6708d7d8bca685daff53b3\"""",""size"":1465697,""mimetype"":""image/png"",""cacheControl"":""max-age=3600"",""lastModified"":""2026-08-21T16:48:48.000Z"",""contentLength"":1465697,""httpStatusCode"":200}","2026-08-21 16:48:47.623209+00","2026-08-21 16:48:47.623209+00"
"8716bfdb-8d58-45ac-ac23-ea8f63787551","log-attachments","logs/2026/08/22/05d3a87e-a5ab-4943-bd6b-0b4eff7657a5.png","{""eTag"":""\""884304303e6708d7d8bca685daff53b3\"""",""size"":1465697,""mimetype"":""image/png"",""cacheControl"":""max-age=3600"",""lastModified"":""2026-08-21T16:26:07.000Z"",""contentLength"":1465697,""httpStatusCode"":200}","2026-08-21 16:26:06.982336+00","2026-08-21 16:26:06.982336+00"
"1aeb38de-49a4-4af3-9a07-82afb41002ac","log-attachments","logs/2026/08/22/06601d42-d21d-4125-b9b1-6061cd88f1dd.png","{""eTag"":""\""884304303e6708d7d8bca685daff53b3\"""",""size"":1465697,""mimetype"":""image/png"",""cacheControl"":""max-age=3600"",""lastModified"":""2026-08-21T17:30:41.000Z"",""contentLength"":1465697,""httpStatusCode"":200}","2026-08-21 17:30:40.742013+00","2026-08-21 17:30:40.742013+00"
"d73d7f06-0522-40f0-bb60-5bb4454560bb","log-attachments","logs/2026/08/22/06eb2903-b387-40ae-b435-a8badeb65d05.png","{""eTag"":""\""2bfcd118717cfdd9cc739645fb0dd08a\"""",""size"":1524358,""mimetype"":""image/png"",""cacheControl"":""max-age=3600"",""lastModified"":""2026-08-21T17:18:48.000Z"",""contentLength"":1524358,""httpStatusCode"":200}","2026-08-21 17:18:47.412801+00","2026-08-21 17:18:47.412801+00"
"3bb29e4b-102e-4404-9c9a-e2ef2139b992","log-attachments","logs/2026/08/22/06f43f21-3ad1-408f-a245-35f24b1d1d82.png","{""eTag"":""\""2bfcd118717cfdd9cc739645fb0dd08a\"""",""size"":1524358,""mimetype"":""image/png"",""cacheControl"":""max-age=3600"",""lastModified"":""2026-08-21T17:30:40.000Z"",""contentLength"":1524358,""httpStatusCode"":200}","2026-08-21 17:30:39.552692+00","2026-08-21 17:30:39.552692+00"
"e32250e9-1da9-4d1e-88bc-755d871c1927","log-attachments","logs/2026/08/22/07cdf3a3-58d7-46e5-a9d0-6d67291ebb9a.png","{""eTag"":""\""2bfcd118717cfdd9cc739645fb0dd08a\"""",""size"":1524358,""mimetype"":""image/png"",""cacheControl"":""max-age=3600"",""lastModified"":""2026-08-21T16:25:16.000Z"",""contentLength"":1524358,""httpStatusCode"":200}","2026-08-21 16:25:15.605543+00","2026-08-21 16:25:15.605543+00"
"2766a4fc-64bd-45bc-872d-11030e379837","log-attachments","logs/2026/08/22/0823df1b-0578-4920-ab66-7f72e2b27011.png","{""eTag"":""\""414eb99ada2eb520a38e44a0bf43cbf4\"""",""size"":1556109,""mimetype"":""image/png"",""cacheControl"":""max-age=3600"",""lastModified"":""2026-08-21T16:11:32.000Z"",""contentLength"":1556109,""httpStatusCode"":200}","2026-08-21 16:11:31.121674+00","2026-08-21 16:11:31.121674+00"
"fd9c9e71-e96d-4142-ad7a-f9dbc8960e7c","log-attachments","logs/2026/08/22/0aba21ae-a87b-4773-bc3a-9393be5c4130.pdf","{""eTag"":""\""e58e9ec07dd16900dfba765b30bd5cf3-2\"""",""size"":18485347,""mimetype"":""application/pdf"",""cacheControl"":""max-age=3600"",""lastModified"":""2026-08-21T16:13:26.000Z"",""contentLength"":18485347,""httpStatusCode"":200}","2026-08-21 16:13:25.749131+00","2026-08-21 16:13:25.749131+00"
"8aec6b27-cd4f-468d-ac04-25ac063e8bce","log-attachments","logs/2026/08/22/0ad99689-589d-43f0-8450-1fd3739ee218.png","{""eTag"":""\""5f612d103a24c30f521c0cb7a1b1e709\"""",""size"":1472088,""mimetype"":""image/png"",""cacheControl"":""max-age=3600"",""lastModified"":""2026-08-21T17:18:47.000Z"",""contentLength"":1472088,""httpStatusCode"":200}","2026-08-21 17:18:46.941288+00","2026-08-21 17:18:46.941288+00"
"14757478-93fc-476d-b196-9987de27ace9","log-attachments","logs/2026/08/22/0f43765f-7bc3-4c70-908d-a425350b9a84.png","{""eTag"":""\""d6f0369fe9caab10ce763a142f1e3dba\"""",""size"":1675950,""mimetype"":""image/png"",""cacheControl"":""max-age=3600"",""lastModified"":""2026-08-21T16:26:08.000Z"",""contentLength"":1675950,""httpStatusCode"":200}","2026-08-21 16:26:07.573324+00","2026-08-21 16:26:07.573324+00"
"ab74f206-750a-4a32-b51e-f9ef3c028314","log-attachments","logs/2026/08/22/0f8b518e-8f5e-45a5-98d5-039cde8a2938.png","{""eTag"":""\""5f612d103a24c30f521c0cb7a1b1e709\"""",""size"":1472088,""mimetype"":""image/png"",""cacheControl"":""max-age=3600"",""lastModified"":""2026-08-21T16:48:46.000Z"",""contentLength"":1472088,""httpStatusCode"":200}","2026-08-21 16:48:45.93208+00","2026-08-21 16:48:45.93208+00"
"8bd7dc8a-53d2-463c-99bf-6c9fa059cc06","log-attachments","logs/2026/08/22/150a863c-73e7-446b-a3bd-7fb9f45baa30.png","{""eTag"":""\""5f612d103a24c30f521c0cb7a1b1e709\"""",""size"":1472088,""mimetype"":""image/png"",""cacheControl"":""max-age=3600"",""lastModified"":""2026-08-21T16:46:53.000Z"",""contentLength"":1472088,""httpStatusCode"":200}","2026-08-21 16:46:52.706784+00","2026-08-21 16:46:52.706784+00"
"bc4994d2-a1a7-4c89-98e8-97072feaab04","log-attachments","logs/2026/08/22/15efbadd-8ead-4f2d-b37f-e9f2379a20b0.png","{""eTag"":""\""2bfcd118717cfdd9cc739645fb0dd08a\"""",""size"":1524358,""mimetype"":""image/png"",""cacheControl"":""max-age=3600"",""lastModified"":""2026-08-21T16:11:27.000Z"",""contentLength"":1524358,""httpStatusCode"":200}","2026-08-21 16:11:26.470476+00","2026-08-21 16:11:26.470476+00"
"c86f8acb-6b59-43ca-9ce5-79af1389f045","log-attachments","logs/2026/08/22/162635f3-9e5e-4843-a689-1bcfe0145e98.png","{""eTag"":""\""eb8561c156d549349315cebc0d7a42d1\"""",""size"":1646491,""mimetype"":""image/png"",""cacheControl"":""max-age=3600"",""lastModified"":""2026-08-21T16:25:17.000Z"",""contentLength"":1646491,""httpStatusCode"":200}","2026-08-21 16:25:17.021782+00","2026-08-21 16:25:17.021782+00"
"326054d4-5c75-448a-9456-23093d0f0101","log-attachments","logs/2026/08/22/1c2d5f7d-87d1-4246-876c-64585f678656.png","{""eTag"":""\""eb8561c156d549349315cebc0d7a42d1\"""",""size"":1646491,""mimetype"":""image/png"",""cacheControl"":""max-age=3600"",""lastModified"":""2026-08-21T16:47:19.000Z"",""contentLength"":1646491,""httpStatusCode"":200}","2026-08-21 16:47:18.567685+00","2026-08-21 16:47:18.567685+00"
"a6fed9f4-ef8f-4cb4-9db9-5d9e721ac996","log-attachments","logs/2026/08/22/1ed6aeb8-eab8-4eeb-ac66-891876e3810d.png","{""eTag"":""\""eb8561c156d549349315cebc0d7a42d1\"""",""size"":1646491,""mimetype"":""image/png"",""cacheControl"":""max-age=3600"",""lastModified"":""2026-08-21T16:48:48.000Z"",""contentLength"":1646491,""httpStatusCode"":200}","2026-08-21 16:48:48.058767+00","2026-08-21 16:48:48.058767+00"
"645cc6c5-95c0-443a-b521-b67734f30f24","log-attachments","logs/2026/08/22/23d9365f-a79d-4757-812b-054875bc4c3d.png","{""eTag"":""\""414eb99ada2eb520a38e44a0bf43cbf4\"""",""size"":1556109,""mimetype"":""image/png"",""cacheControl"":""max-age=3600"",""lastModified"":""2026-08-21T16:25:17.000Z"",""contentLength"":1556109,""httpStatusCode"":200}","2026-08-21 16:25:16.296536+00","2026-08-21 16:25:16.296536+00"
"fdd0d89d-cf41-4e83-9fdb-6eb75cb95a6c","log-attachments","logs/2026/08/22/23f5cb7f-521a-4f99-8c05-a380f51f0c0f.png","{""eTag"":""\""d6f0369fe9caab10ce763a142f1e3dba\"""",""size"":1675950,""mimetype"":""image/png"",""cacheControl"":""max-age=3600"",""lastModified"":""2026-08-21T16:28:49.000Z"",""contentLength"":1675950,""httpStatusCode"":200}","2026-08-21 16:28:48.653916+00","2026-08-21 16:28:48.653916+00"
"286b711d-9351-48de-9244-960d25d8004f","log-attachments","logs/2026/08/22/297dc739-46da-4e7f-964d-47aab43da4bf.md","{""eTag"":""\""e31ed0bb32fe0d505ce2d3607024704c\"""",""size"":18670,""mimetype"":""text/markdown"",""cacheControl"":""max-age=3600"",""lastModified"":""2026-08-21T18:14:46.000Z"",""contentLength"":18670,""httpStatusCode"":200}","2026-08-21 18:14:45.866011+00","2026-08-21 18:14:45.866011+00"
"b73fe1f0-a297-4f81-9bd3-00fcc40c010d","log-attachments","logs/2026/08/22/29ac4874-dbef-40b5-b069-92f25d602ed8.pdf","{""eTag"":""\""e58e9ec07dd16900dfba765b30bd5cf3-2\"""",""size"":18485347,""mimetype"":""application/pdf"",""cacheControl"":""max-age=3600"",""lastModified"":""2026-08-21T15:55:03.000Z"",""contentLength"":18485347,""httpStatusCode"":200}","2026-08-21 15:55:03.193671+00","2026-08-21 15:55:03.193671+00"
"11f76fad-f025-4c19-9c7a-724311e18a6e","log-attachments","logs/2026/08/22/2e57376e-e0cb-4748-9d19-41ca6cec99ce.png","{""eTag"":""\""77ae8f25b87f79b573c0c433ff2c0051\"""",""size"":424688,""mimetype"":""image/png"",""cacheControl"":""max-age=3600"",""lastModified"":""2026-08-21T18:03:59.000Z"",""contentLength"":424688,""httpStatusCode"":200}","2026-08-21 18:03:58.641731+00","2026-08-21 18:03:58.641731+00"
"03217a18-4cea-4ddc-b8ab-9fee086730bd","log-attachments","logs/2026/08/22/2f2c5024-7425-467d-86d4-791eb5b848e9.png","{""eTag"":""\""d6f0369fe9caab10ce763a142f1e3dba\"""",""size"":1675950,""mimetype"":""image/png"",""cacheControl"":""max-age=3600"",""lastModified"":""2026-08-21T15:54:45.000Z"",""contentLength"":1675950,""httpStatusCode"":200}","2026-08-21 15:54:44.217818+00","2026-08-21 15:54:44.217818+00"
"6b0c0870-ab35-446e-917a-d4f94f3b4fb7","log-attachments","logs/2026/08/22/2f45a062-796f-4470-b8c6-efc672664a86.png","{""eTag"":""\""b2bd84aa64087b18cc0a9ef188b5b0f6\"""",""size"":1453991,""mimetype"":""image/png"",""cacheControl"":""max-age=3600"",""lastModified"":""2026-08-21T16:28:47.000Z"",""contentLength"":1453991,""httpStatusCode"":200}","2026-08-21 16:28:46.849997+00","2026-08-21 16:28:46.849997+00"
"762c8feb-c661-4803-9123-5092170ef8e1","log-attachments","logs/2026/08/22/30826b0c-04f6-4654-95f8-bfbc3ce22c6e.png","{""eTag"":""\""d6f0369fe9caab10ce763a142f1e3dba\"""",""size"":1675950,""mimetype"":""image/png"",""cacheControl"":""max-age=3600"",""lastModified"":""2026-08-21T17:18:49.000Z"",""contentLength"":1675950,""httpStatusCode"":200}","2026-08-21 17:18:49.03293+00","2026-08-21 17:18:49.03293+00"
"11430362-71c0-4551-aec9-eac31a139067","log-attachments","logs/2026/08/22/333b9dd3-d4b4-41da-94e9-a896c5dea0e9.png","{""eTag"":""\""b2bd84aa64087b18cc0a9ef188b5b0f6\"""",""size"":1453991,""mimetype"":""image/png"",""cacheControl"":""max-age=3600"",""lastModified"":""2026-08-21T17:30:40.000Z"",""contentLength"":1453991,""httpStatusCode"":200}","2026-08-21 17:30:39.908708+00","2026-08-21 17:30:39.908708+00"
"0263aba2-8dbb-4dc5-a97d-ff1fc9dc3631","log-attachments","logs/2026/08/22/34290899-f226-4486-9837-7969f97ffd50.png","{""eTag"":""\""884304303e6708d7d8bca685daff53b3\"""",""size"":1465697,""mimetype"":""image/png"",""cacheControl"":""max-age=3600"",""lastModified"":""2026-08-21T16:25:17.000Z"",""contentLength"":1465697,""httpStatusCode"":200}","2026-08-21 16:25:16.672584+00","2026-08-21 16:25:16.672584+00"
"2dd105af-dcc5-4a11-9fd3-d8c5e976b106","log-attachments","logs/2026/08/22/40de9c35-32c0-4eea-8ac5-b1d3315a46c1.png","{""eTag"":""\""d6f0369fe9caab10ce763a142f1e3dba\"""",""size"":1675950,""mimetype"":""image/png"",""cacheControl"":""max-age=3600"",""lastModified"":""2026-08-21T17:30:42.000Z"",""contentLength"":1675950,""httpStatusCode"":200}","2026-08-21 17:30:41.61374+00","2026-08-21 17:30:41.61374+00"
"44e1a623-2638-45c7-9ea3-9f73c1226fbc","log-attachments","logs/2026/08/22/40f199cc-8a55-42b3-b4ed-26965ce0a334.png","{""eTag"":""\""b25435f4325fc71abe5b81e9417fb501\"""",""size"":4163679,""mimetype"":""image/png"",""cacheControl"":""max-age=3600"",""lastModified"":""2026-08-21T18:13:38.000Z"",""contentLength"":4163679,""httpStatusCode"":200}","2026-08-21 18:13:38.006686+00","2026-08-21 18:13:38.006686+00"
"f3d8b716-3cf0-4d6e-a4b3-518abba6b8a4","log-attachments","logs/2026/08/22/45947999-da97-494a-a94f-c4162c967584.png","{""eTag"":""\""884304303e6708d7d8bca685daff53b3\"""",""size"":1465697,""mimetype"":""image/png"",""cacheControl"":""max-age=3600"",""lastModified"":""2026-08-21T16:46:55.000Z"",""contentLength"":1465697,""httpStatusCode"":200}","2026-08-21 16:46:54.27182+00","2026-08-21 16:46:54.27182+00"
"3e584746-e3d9-4d9f-adcc-1c5245f0e75f","log-attachments","logs/2026/08/22/45f1c14f-61d2-4c1f-9e3e-129fd67ec951.png","{""eTag"":""\""5f612d103a24c30f521c0cb7a1b1e709\"""",""size"":1472088,""mimetype"":""image/png"",""cacheControl"":""max-age=3600"",""lastModified"":""2026-08-21T17:30:18.000Z"",""contentLength"":1472088,""httpStatusCode"":200}","2026-08-21 17:30:17.110824+00","2026-08-21 17:30:17.110824+00"
"38ddd915-ffc1-4e0a-a834-687cf26fd47c","log-attachments","logs/2026/08/22/47e61fc7-fb2c-4fd9-9ebb-39d0b674f4a1.md","{""eTag"":""\""b494e5bf813c094ef8621fc943d6b152\"""",""size"":20706,""mimetype"":""text/markdown"",""cacheControl"":""max-age=3600"",""lastModified"":""2026-08-21T15:56:46.000Z"",""contentLength"":20706,""httpStatusCode"":200}","2026-08-21 15:56:45.504182+00","2026-08-21 15:56:45.504182+00"
"63c01e7f-876d-4362-b3c9-32e8684f865c","log-attachments","logs/2026/08/22/489c64cf-51f3-4bf1-8798-31baa00d1f03.png","{""eTag"":""\""414eb99ada2eb520a38e44a0bf43cbf4\"""",""size"":1556109,""mimetype"":""image/png"",""cacheControl"":""max-age=3600"",""lastModified"":""2026-08-21T15:59:35.000Z"",""contentLength"":1556109,""httpStatusCode"":200}","2026-08-21 15:59:34.186367+00","2026-08-21 15:59:34.186367+00"
"431bd831-7b86-4a90-aa97-bf907c7b8f41","log-attachments","logs/2026/08/22/4fc4054f-1db2-4cba-89cd-1ba9bc6753a4.pdf","{""eTag"":""\""2a7989dce2c212cb470f41142bd4e65d\"""",""size"":4775885,""mimetype"":""application/pdf"",""cacheControl"":""max-age=3600"",""lastModified"":""2026-08-21T18:18:53.000Z"",""contentLength"":4775885,""httpStatusCode"":200}","2026-08-21 18:18:52.62645+00","2026-08-21 18:18:52.62645+00"
"00d1c500-eafa-4d56-8b06-bfa2c3ae4078","log-attachments","logs/2026/08/22/58cfced5-ee20-47e9-aa4d-da144e7af22d.png","{""eTag"":""\""884304303e6708d7d8bca685daff53b3\"""",""size"":1465697,""mimetype"":""image/png"",""cacheControl"":""max-age=3600"",""lastModified"":""2026-08-21T17:30:19.000Z"",""contentLength"":1465697,""httpStatusCode"":200}","2026-08-21 17:30:18.87099+00","2026-08-21 17:30:18.87099+00"
"bc1a4b46-1552-400c-b412-c56952e06ed5","log-attachments","logs/2026/08/22/5d6e8dac-0250-4195-a5fd-f8e0f2e51c50.png","{""eTag"":""\""d6f0369fe9caab10ce763a142f1e3dba\"""",""size"":1675950,""mimetype"":""image/png"",""cacheControl"":""max-age=3600"",""lastModified"":""2026-08-21T17:30:20.000Z"",""contentLength"":1675950,""httpStatusCode"":200}","2026-08-21 17:30:19.804117+00","2026-08-21 17:30:19.804117+00"
"38768059-ac66-49ba-b27b-a7adf31da7b5","log-attachments","logs/2026/08/22/5fb8771d-6382-453e-9fe5-cf1d4d538f9d.png","{""eTag"":""\""884304303e6708d7d8bca685daff53b3\"""",""size"":1465697,""mimetype"":""image/png"",""cacheControl"":""max-age=3600"",""lastModified"":""2026-08-21T15:54:41.000Z"",""contentLength"":1465697,""httpStatusCode"":200}","2026-08-21 15:54:40.173496+00","2026-08-21 15:54:40.173496+00"
"74e9c3ed-8b3a-4d51-94d2-af650aaa25a3","log-attachments","logs/2026/08/22/61388a57-a750-45ea-b6a0-231739221e55.png","{""eTag"":""\""2bfcd118717cfdd9cc739645fb0dd08a\"""",""size"":1524358,""mimetype"":""image/png"",""cacheControl"":""max-age=3600"",""lastModified"":""2026-08-21T16:46:54.000Z"",""contentLength"":1524358,""httpStatusCode"":200}","2026-08-21 16:46:53.179989+00","2026-08-21 16:46:53.179989+00"
"60f8093b-65dc-4299-b11e-27ae513db935","log-attachments","logs/2026/08/22/631c1ffc-e50f-4ff0-a7ca-8602c4273ba5.pdf","{""eTag"":""\""f5a6d730675ded14cfcc77697e2ee044-2\"""",""size"":18481188,""mimetype"":""application/pdf"",""cacheControl"":""max-age=3600"",""lastModified"":""2026-08-21T17:31:44.000Z"",""contentLength"":18481188,""httpStatusCode"":200}","2026-08-21 17:31:43.899125+00","2026-08-21 17:31:43.899125+00"
"68c3b38a-dc9f-4663-894f-a269fdc060a2","log-attachments","logs/2026/08/22/69ca95d3-f5a8-42c9-b9b2-e50e1f203aa5.png","{""eTag"":""\""d6f0369fe9caab10ce763a142f1e3dba\"""",""size"":1675950,""mimetype"":""image/png"",""cacheControl"":""max-age=3600"",""lastModified"":""2026-08-21T16:48:49.000Z"",""contentLength"":1675950,""httpStatusCode"":200}","2026-08-21 16:48:48.889388+00","2026-08-21 16:48:48.889388+00"
"2f9ed108-4a01-46c4-a169-e58ae397d7ee","log-attachments","logs/2026/08/22/717d46ff-cc81-43d1-9329-074934190725.png","{""eTag"":""\""b2bd84aa64087b18cc0a9ef188b5b0f6\"""",""size"":1453991,""mimetype"":""image/png"",""cacheControl"":""max-age=3600"",""lastModified"":""2026-08-21T16:26:07.000Z"",""contentLength"":1453991,""httpStatusCode"":200}","2026-08-21 16:26:06.209886+00","2026-08-21 16:26:06.209886+00"
"5b626115-85af-44dd-82ef-720d7063198b","log-attachments","logs/2026/08/22/782742e7-e5ab-4b5e-ab10-aea86f217f8f.pdf","{""eTag"":""\""2a7989dce2c212cb470f41142bd4e65d\"""",""size"":4775885,""mimetype"":""application/pdf"",""cacheControl"":""max-age=3600"",""lastModified"":""2026-08-21T18:20:50.000Z"",""contentLength"":4775885,""httpStatusCode"":200}","2026-08-21 18:20:49.463175+00","2026-08-21 18:20:49.463175+00"
"ba416482-c32e-456d-a6cd-dc9db0ba687a","log-attachments","logs/2026/08/22/7a8522ff-36bc-44cb-9d02-9c0c4e6cf7fd.png","{""eTag"":""\""5f612d103a24c30f521c0cb7a1b1e709\"""",""size"":1472088,""mimetype"":""image/png"",""cacheControl"":""max-age=3600"",""lastModified"":""2026-08-21T16:47:17.000Z"",""contentLength"":1472088,""httpStatusCode"":200}","2026-08-21 16:47:16.381885+00","2026-08-21 16:47:16.381885+00"
"1e473473-0c44-4ec9-a261-e08efd5e7c14","log-attachments","logs/2026/08/22/7b5104a2-8bbf-470f-ab0c-aa9098265265.png","{""eTag"":""\""b25435f4325fc71abe5b81e9417fb501\"""",""size"":4163679,""mimetype"":""image/png"",""cacheControl"":""max-age=3600"",""lastModified"":""2026-08-21T18:03:59.000Z"",""contentLength"":4163679,""httpStatusCode"":200}","2026-08-21 18:03:58.266747+00","2026-08-21 18:03:58.266747+00"
"8d4c079a-4071-44bf-9a64-a0a2077bf154","log-attachments","logs/2026/08/22/7ccb6ad1-c555-42f4-aa9a-2db8ff4c7310.png","{""eTag"":""\""414eb99ada2eb520a38e44a0bf43cbf4\"""",""size"":1556109,""mimetype"":""image/png"",""cacheControl"":""max-age=3600"",""lastModified"":""2026-08-21T16:48:48.000Z"",""contentLength"":1556109,""httpStatusCode"":200}","2026-08-21 16:48:47.192396+00","2026-08-21 16:48:47.192396+00"
"3f02c5a2-6fc0-4423-a5d3-3c9e1a7c7270","log-attachments","logs/2026/08/22/7ed3b200-2692-4125-9dec-69479b12263e.md","{""eTag"":""\""b494e5bf813c094ef8621fc943d6b152\"""",""size"":20706,""mimetype"":""text/markdown"",""cacheControl"":""max-age=3600"",""lastModified"":""2026-08-21T16:13:22.000Z"",""contentLength"":20706,""httpStatusCode"":200}","2026-08-21 16:13:21.328563+00","2026-08-21 16:13:21.328563+00"
"86b3c60f-7406-422c-8d70-b6cea2e4bd3a","log-attachments","logs/2026/08/22/802b0eb6-40cd-493d-9665-eaa8c126f1b8.pdf","{""eTag"":""\""2a7989dce2c212cb470f41142bd4e65d\"""",""size"":4775885,""mimetype"":""application/pdf"",""cacheControl"":""max-age=3600"",""lastModified"":""2026-08-21T18:14:49.000Z"",""contentLength"":4775885,""httpStatusCode"":200}","2026-08-21 18:14:49.018748+00","2026-08-21 18:14:49.018748+00"
"6c8a02bc-504f-4328-be06-c85fd388201c","log-attachments","logs/2026/08/22/837d3afa-e668-4398-9b8e-b9d04cf90005.png","{""eTag"":""\""2bfcd118717cfdd9cc739645fb0dd08a\"""",""size"":1524358,""mimetype"":""image/png"",""cacheControl"":""max-age=3600"",""lastModified"":""2026-08-21T15:59:29.000Z"",""contentLength"":1524358,""httpStatusCode"":200}","2026-08-21 15:59:28.564873+00","2026-08-21 15:59:28.564873+00"
"2b25fe48-a9e0-4411-971d-3706c00b64f5","log-attachments","logs/2026/08/22/83eefea1-78b2-4843-968b-5ec0d5eab6e5.png","{""eTag"":""\""eb8561c156d549349315cebc0d7a42d1\"""",""size"":1646491,""mimetype"":""image/png"",""cacheControl"":""max-age=3600"",""lastModified"":""2026-08-21T16:11:36.000Z"",""contentLength"":1646491,""httpStatusCode"":200}","2026-08-21 16:11:35.279398+00","2026-08-21 16:11:35.279398+00"
"5755143f-1d72-458a-ae70-f0a399640933","log-attachments","logs/2026/08/22/8a05f7a8-5149-4a25-8f19-4b84dce48b0f.png","{""eTag"":""\""414eb99ada2eb520a38e44a0bf43cbf4\"""",""size"":1556109,""mimetype"":""image/png"",""cacheControl"":""max-age=3600"",""lastModified"":""2026-08-21T15:54:39.000Z"",""contentLength"":1556109,""httpStatusCode"":200}","2026-08-21 15:54:38.475503+00","2026-08-21 15:54:38.475503+00"
"1b6b0c73-ca4d-4082-937f-e4fc7607f18a","log-attachments","logs/2026/08/22/8aae95f8-fcce-4912-8934-b29905c2c355.png","{""eTag"":""\""2bfcd118717cfdd9cc739645fb0dd08a\"""",""size"":1524358,""mimetype"":""image/png"",""cacheControl"":""max-age=3600"",""lastModified"":""2026-08-21T16:47:17.000Z"",""contentLength"":1524358,""httpStatusCode"":200}","2026-08-21 16:47:16.706062+00","2026-08-21 16:47:16.706062+00"
"3fa7a07d-be74-480a-836e-dd84a7d5eef3","log-attachments","logs/2026/08/22/8e6664df-4020-4efd-8615-5df6f24874ec.png","{""eTag"":""\""414eb99ada2eb520a38e44a0bf43cbf4\"""",""size"":1556109,""mimetype"":""image/png"",""cacheControl"":""max-age=3600"",""lastModified"":""2026-08-21T17:30:19.000Z"",""contentLength"":1556109,""httpStatusCode"":200}","2026-08-21 17:30:18.534946+00","2026-08-21 17:30:18.534946+00"
"c61b86fb-cc99-429d-bf15-6802e794fc21","log-attachments","logs/2026/08/22/97a3132b-9e23-47ee-ab31-8de359f77ff6.md","{""eTag"":""\""b494e5bf813c094ef8621fc943d6b152\"""",""size"":20706,""mimetype"":""text/markdown"",""cacheControl"":""max-age=3600"",""lastModified"":""2026-08-21T17:31:41.000Z"",""contentLength"":20706,""httpStatusCode"":200}","2026-08-21 17:31:40.622113+00","2026-08-21 17:31:40.622113+00"
"a40290cd-1b16-4c82-8cfa-d5eb598d44ec","log-attachments","logs/2026/08/22/9956dfd7-e4de-4688-9a78-efe49f276fba.png","{""eTag"":""\""5f612d103a24c30f521c0cb7a1b1e709\"""",""size"":1472088,""mimetype"":""image/png"",""cacheControl"":""max-age=3600"",""lastModified"":""2026-08-21T16:26:06.000Z"",""contentLength"":1472088,""httpStatusCode"":200}","2026-08-21 16:26:05.628536+00","2026-08-21 16:26:05.628536+00"
"3df82f10-260a-4689-ba67-6aa02f9c52f0","log-attachments","logs/2026/08/22/99a47e04-9bf7-4de1-9330-3a3633b1bedb.png","{""eTag"":""\""2bfcd118717cfdd9cc739645fb0dd08a\"""",""size"":1524358,""mimetype"":""image/png"",""cacheControl"":""max-age=3600"",""lastModified"":""2026-08-21T16:28:47.000Z"",""contentLength"":1524358,""httpStatusCode"":200}","2026-08-21 16:28:46.312526+00","2026-08-21 16:28:46.312526+00"
"2d2af40b-31e2-4374-a9d3-58a9a6476265","log-attachments","logs/2026/08/22/9c0bd3df-6729-4711-b841-d8a6d95f51fc.png","{""eTag"":""\""eb8561c156d549349315cebc0d7a42d1\"""",""size"":1646491,""mimetype"":""image/png"",""cacheControl"":""max-age=3600"",""lastModified"":""2026-08-21T15:59:38.000Z"",""contentLength"":1646491,""httpStatusCode"":200}","2026-08-21 15:59:37.795281+00","2026-08-21 15:59:37.795281+00"
"958d43a1-dd39-4776-af4b-15938b98b912","log-attachments","logs/2026/08/22/9cbc608e-664f-4724-8e28-eba6291a5a8c.png","{""eTag"":""\""884304303e6708d7d8bca685daff53b3\"""",""size"":1465697,""mimetype"":""image/png"",""cacheControl"":""max-age=3600"",""lastModified"":""2026-08-21T17:18:49.000Z"",""contentLength"":1465697,""httpStatusCode"":200}","2026-08-21 17:18:48.450449+00","2026-08-21 17:18:48.450449+00"
"0387fbd3-5267-4f27-a515-51ff9c6fafb2","log-attachments","logs/2026/08/22/9cfcc781-570a-4907-bbe8-9bdc22be79ba.png","{""eTag"":""\""eb8561c156d549349315cebc0d7a42d1\"""",""size"":1646491,""mimetype"":""image/png"",""cacheControl"":""max-age=3600"",""lastModified"":""2026-08-21T17:30:20.000Z"",""contentLength"":1646491,""httpStatusCode"":200}","2026-08-21 17:30:19.367499+00","2026-08-21 17:30:19.367499+00"
"2af41c09-552c-4000-be24-07466c7242fe","log-attachments","logs/2026/08/22/9da41ccc-a542-4eb2-b4d1-7b531fdc38dc.jpg","{""eTag"":""\""3912493cba307be26f1c532476259b4d\"""",""size"":53584,""mimetype"":""image/jpeg"",""cacheControl"":""max-age=3600"",""lastModified"":""2026-08-21T18:05:29.000Z"",""contentLength"":53584,""httpStatusCode"":200}","2026-08-21 18:05:28.177782+00","2026-08-21 18:05:28.177782+00"
"a508d015-1bf4-4350-86b6-e938a494b0d0","log-attachments","logs/2026/08/22/9f8b8716-bd5c-4f0d-8798-824c07e0d9c8.png","{""eTag"":""\""b2bd84aa64087b18cc0a9ef188b5b0f6\"""",""size"":1453991,""mimetype"":""image/png"",""cacheControl"":""max-age=3600"",""lastModified"":""2026-08-21T16:48:47.000Z"",""contentLength"":1453991,""httpStatusCode"":200}","2026-08-21 16:48:46.787499+00","2026-08-21 16:48:46.787499+00"
"23b51e35-bef7-4fb5-bbfa-2a97c816c931","log-attachments","logs/2026/08/22/a155ef77-7d8f-46d5-b02c-990b5cbba91f.png","{""eTag"":""\""2bfcd118717cfdd9cc739645fb0dd08a\"""",""size"":1524358,""mimetype"":""image/png"",""cacheControl"":""max-age=3600"",""lastModified"":""2026-08-21T16:48:47.000Z"",""contentLength"":1524358,""httpStatusCode"":200}","2026-08-21 16:48:46.471491+00","2026-08-21 16:48:46.471491+00"
"a8a18181-b7bc-463a-9acd-e455ce960a83","log-attachments","logs/2026/08/22/a48b8454-e133-49ca-8bf3-67bcecae8f26.png","{""eTag"":""\""414eb99ada2eb520a38e44a0bf43cbf4\"""",""size"":1556109,""mimetype"":""image/png"",""cacheControl"":""max-age=3600"",""lastModified"":""2026-08-21T17:18:49.000Z"",""contentLength"":1556109,""httpStatusCode"":200}","2026-08-21 17:18:48.120887+00","2026-08-21 17:18:48.120887+00"
"21e9c6d9-76f3-41ce-9580-54ff18e29246","log-attachments","logs/2026/08/22/a4fd5457-f00b-49d3-a8c8-819d7da820e2.png","{""eTag"":""\""5f612d103a24c30f521c0cb7a1b1e709\"""",""size"":1472088,""mimetype"":""image/png"",""cacheControl"":""max-age=3600"",""lastModified"":""2026-08-21T16:28:46.000Z"",""contentLength"":1472088,""httpStatusCode"":200}","2026-08-21 16:28:45.816217+00","2026-08-21 16:28:45.816217+00"
"2c86c16d-650a-4ef7-a93a-fd29b2bd0d0c","log-attachments","logs/2026/08/22/a5e9a80e-6a10-4896-a6f5-f552099f4eb2.png","{""eTag"":""\""b2bd84aa64087b18cc0a9ef188b5b0f6\"""",""size"":1453991,""mimetype"":""image/png"",""cacheControl"":""max-age=3600"",""lastModified"":""2026-08-21T16:25:16.000Z"",""contentLength"":1453991,""httpStatusCode"":200}","2026-08-21 16:25:16.026921+00","2026-08-21 16:25:16.026921+00"
"e69f3332-9ace-4a86-aa2c-09eea66882c4","log-attachments","logs/2026/08/22/aa0fcbad-9de4-4e49-9a83-5bf5cdd4c50c.png","{""eTag"":""\""b2bd84aa64087b18cc0a9ef188b5b0f6\"""",""size"":1453991,""mimetype"":""image/png"",""cacheControl"":""max-age=3600"",""lastModified"":""2026-08-21T16:47:18.000Z"",""contentLength"":1453991,""httpStatusCode"":200}","2026-08-21 16:47:17.270143+00","2026-08-21 16:47:17.270143+00"
"68ddbca8-57d0-4aba-8dc6-487e7767df50","log-attachments","logs/2026/08/22/abbcf030-aae2-48fa-80be-ba6ab3d58a76.png","{""eTag"":""\""eb8561c156d549349315cebc0d7a42d1\"""",""size"":1646491,""mimetype"":""image/png"",""cacheControl"":""max-age=3600"",""lastModified"":""2026-08-21T15:54:43.000Z"",""contentLength"":1646491,""httpStatusCode"":200}","2026-08-21 15:54:42.369193+00","2026-08-21 15:54:42.369193+00"
"c5eca027-6ace-4098-9961-e7cc4755374a","log-attachments","logs/2026/08/22/abcf1074-39af-4bcd-a6ec-b29c16b607db.png","{""eTag"":""\""eb8561c156d549349315cebc0d7a42d1\"""",""size"":1646491,""mimetype"":""image/png"",""cacheControl"":""max-age=3600"",""lastModified"":""2026-08-21T16:28:49.000Z"",""contentLength"":1646491,""httpStatusCode"":200}","2026-08-21 16:28:48.141829+00","2026-08-21 16:28:48.141829+00"
"7ef36acf-ea4f-4fff-a981-33ca524a5853","log-attachments","logs/2026/08/22/adc262db-61fd-4539-a930-c2e039597d66.png","{""eTag"":""\""d6f0369fe9caab10ce763a142f1e3dba\"""",""size"":1675950,""mimetype"":""image/png"",""cacheControl"":""max-age=3600"",""lastModified"":""2026-08-21T16:47:19.000Z"",""contentLength"":1675950,""httpStatusCode"":200}","2026-08-21 16:47:18.906116+00","2026-08-21 16:47:18.906116+00"
"75400640-db2c-44e2-9fbf-f6b9cbe92f63","log-attachments","logs/2026/08/22/ae75f70f-42ea-4a03-9d9b-94e22bf4da81.png","{""eTag"":""\""eb8561c156d549349315cebc0d7a42d1\"""",""size"":1646491,""mimetype"":""image/png"",""cacheControl"":""max-age=3600"",""lastModified"":""2026-08-21T17:18:49.000Z"",""contentLength"":1646491,""httpStatusCode"":200}","2026-08-21 17:18:48.767208+00","2026-08-21 17:18:48.767208+00"
"7623df77-c277-476d-92d6-8ffcb13585b6","log-attachments","logs/2026/08/22/ae84f4a7-2222-499c-ba94-f48344392183.png","{""eTag"":""\""884304303e6708d7d8bca685daff53b3\"""",""size"":1465697,""mimetype"":""image/png"",""cacheControl"":""max-age=3600"",""lastModified"":""2026-08-21T15:59:36.000Z"",""contentLength"":1465697,""httpStatusCode"":200}","2026-08-21 15:59:35.848625+00","2026-08-21 15:59:35.848625+00"
"bae72be0-1bd5-49de-8f65-98e501fcdd16","log-attachments","logs/2026/08/22/afea7eee-255d-4f03-b299-4ddb9ba0101e.png","{""eTag"":""\""b2bd84aa64087b18cc0a9ef188b5b0f6\"""",""size"":1453991,""mimetype"":""image/png"",""cacheControl"":""max-age=3600"",""lastModified"":""2026-08-21T15:59:33.000Z"",""contentLength"":1453991,""httpStatusCode"":200}","2026-08-21 15:59:32.245618+00","2026-08-21 15:59:32.245618+00"
"1bfe8fb7-38da-4416-b764-beea51e045ce","log-attachments","logs/2026/08/22/b14a4a8a-db68-4d2b-8ca6-d0b33dcc4851.png","{""eTag"":""\""5f612d103a24c30f521c0cb7a1b1e709\"""",""size"":1472088,""mimetype"":""image/png"",""cacheControl"":""max-age=3600"",""lastModified"":""2026-08-21T16:25:16.000Z"",""contentLength"":1472088,""httpStatusCode"":200}","2026-08-21 16:25:15.15251+00","2026-08-21 16:25:15.15251+00"
"0ae678f1-5224-41dd-89a1-f9855f44acc3","log-attachments","logs/2026/08/22/b240378f-772a-4499-90df-4fafaa267047.png","{""eTag"":""\""414eb99ada2eb520a38e44a0bf43cbf4\"""",""size"":1556109,""mimetype"":""image/png"",""cacheControl"":""max-age=3600"",""lastModified"":""2026-08-21T16:26:07.000Z"",""contentLength"":1556109,""httpStatusCode"":200}","2026-08-21 16:26:06.51203+00","2026-08-21 16:26:06.51203+00"
"57000f88-4f4b-47f4-862f-9e93f4206351","log-attachments","logs/2026/08/22/b3601007-6a55-479d-a10c-f3a294a3ea05.png","{""eTag"":""\""b2bd84aa64087b18cc0a9ef188b5b0f6\"""",""size"":1453991,""mimetype"":""image/png"",""cacheControl"":""max-age=3600"",""lastModified"":""2026-08-21T17:18:48.000Z"",""contentLength"":1453991,""httpStatusCode"":200}","2026-08-21 17:18:47.702136+00","2026-08-21 17:18:47.702136+00"
"56da2993-f969-4fc4-9508-e1f36ea51c1c","log-attachments","logs/2026/08/22/b44049c8-77d0-4e30-b9d7-b83721d2dfe7.png","{""eTag"":""\""5f612d103a24c30f521c0cb7a1b1e709\"""",""size"":1472088,""mimetype"":""image/png"",""cacheControl"":""max-age=3600"",""lastModified"":""2026-08-21T15:54:31.000Z"",""contentLength"":1472088,""httpStatusCode"":200}","2026-08-21 15:54:30.767641+00","2026-08-21 15:54:30.767641+00"
"5880d18e-613f-42de-86d2-44d6e69bd7b0","log-attachments","logs/2026/08/22/baa498cd-2f7f-4c07-96d1-12f53d9155f5.png","{""eTag"":""\""414eb99ada2eb520a38e44a0bf43cbf4\"""",""size"":1556109,""mimetype"":""image/png"",""cacheControl"":""max-age=3600"",""lastModified"":""2026-08-21T16:47:18.000Z"",""contentLength"":1556109,""httpStatusCode"":200}","2026-08-21 16:47:17.71909+00","2026-08-21 16:47:17.71909+00"
"b8f82d91-28f8-4438-9611-4ab5d682f253","log-attachments","logs/2026/08/22/bb991caa-52de-4051-8f80-9664760c9ccf.md","{""eTag"":""\""1a3f0454607b360b87c43a1ee947e494\"""",""size"":20710,""mimetype"":""text/markdown"",""cacheControl"":""max-age=3600"",""lastModified"":""2026-08-21T15:54:59.000Z"",""contentLength"":20710,""httpStatusCode"":200}","2026-08-21 15:54:58.193498+00","2026-08-21 15:54:58.193498+00"
"90514a07-ad43-452a-a3c0-96b53a3c8243","log-attachments","logs/2026/08/22/bc1b5be4-afc6-4ae3-867b-905ee91430f8.png","{""eTag"":""\""b2bd84aa64087b18cc0a9ef188b5b0f6\"""",""size"":1453991,""mimetype"":""image/png"",""cacheControl"":""max-age=3600"",""lastModified"":""2026-08-21T17:30:18.000Z"",""contentLength"":1453991,""httpStatusCode"":200}","2026-08-21 17:30:17.850718+00","2026-08-21 17:30:17.850718+00"
"c38cebc2-ec73-437b-ba4e-382c0bd545db","log-attachments","logs/2026/08/22/bcd723e6-e01f-451f-a3f3-e080082ec3eb.png","{""eTag"":""\""77ae8f25b87f79b573c0c433ff2c0051\"""",""size"":424688,""mimetype"":""image/png"",""cacheControl"":""max-age=3600"",""lastModified"":""2026-08-21T18:13:37.000Z"",""contentLength"":424688,""httpStatusCode"":200}","2026-08-21 18:13:37.027801+00","2026-08-21 18:13:37.027801+00"
"0d397d94-d5fd-4501-9610-eb58dc67c474","log-attachments","logs/2026/08/22/bf4fe79a-530f-42de-a51f-da55f9ddc75f.png","{""eTag"":""\""884304303e6708d7d8bca685daff53b3\"""",""size"":1465697,""mimetype"":""image/png"",""cacheControl"":""max-age=3600"",""lastModified"":""2026-08-21T16:11:34.000Z"",""contentLength"":1465697,""httpStatusCode"":200}","2026-08-21 16:11:33.281026+00","2026-08-21 16:11:33.281026+00"
"a7a79cda-94fa-41e8-962b-e30da34406ce","log-attachments","logs/2026/08/22/c305b266-9dd6-4234-9a29-f432f82f6020.png","{""eTag"":""\""414eb99ada2eb520a38e44a0bf43cbf4\"""",""size"":1556109,""mimetype"":""image/png"",""cacheControl"":""max-age=3600"",""lastModified"":""2026-08-21T17:30:41.000Z"",""contentLength"":1556109,""httpStatusCode"":200}","2026-08-21 17:30:40.297991+00","2026-08-21 17:30:40.297991+00"
"37e4d717-e256-4bd0-8ec2-5630df7e9b61","log-attachments","logs/2026/08/22/c3442b0b-988a-4415-9365-34e5c6da1bd9.png","{""eTag"":""\""884304303e6708d7d8bca685daff53b3\"""",""size"":1465697,""mimetype"":""image/png"",""cacheControl"":""max-age=3600"",""lastModified"":""2026-08-21T16:47:18.000Z"",""contentLength"":1465697,""httpStatusCode"":200}","2026-08-21 16:47:17.987548+00","2026-08-21 16:47:17.987548+00"
"39e34a97-669b-4b09-b6f5-49cbc018124a","log-attachments","logs/2026/08/22/c7cf4b0b-60fd-4101-8e82-2f702f5f9693.jpg","{""eTag"":""\""3912493cba307be26f1c532476259b4d\"""",""size"":53584,""mimetype"":""image/jpeg"",""cacheControl"":""max-age=3600"",""lastModified"":""2026-08-21T18:13:38.000Z"",""contentLength"":53584,""httpStatusCode"":200}","2026-08-21 18:13:37.353743+00","2026-08-21 18:13:37.353743+00"
"bb7a75f0-cf13-4573-8423-7426e595e5ab","log-attachments","logs/2026/08/22/cd140bef-f54f-42b7-a783-ce2a1d5db5d5.png","{""eTag"":""\""414eb99ada2eb520a38e44a0bf43cbf4\"""",""size"":1556109,""mimetype"":""image/png"",""cacheControl"":""max-age=3600"",""lastModified"":""2026-08-21T16:28:48.000Z"",""contentLength"":1556109,""httpStatusCode"":200}","2026-08-21 16:28:47.374356+00","2026-08-21 16:28:47.374356+00"
"79a46fab-cba8-455f-926c-c4a0587aeb7a","log-attachments","logs/2026/08/22/d33822c1-5f0e-41b2-af8b-0e5d41b22d99.png","{""eTag"":""\""eb8561c156d549349315cebc0d7a42d1\"""",""size"":1646491,""mimetype"":""image/png"",""cacheControl"":""max-age=3600"",""lastModified"":""2026-08-21T16:26:08.000Z"",""contentLength"":1646491,""httpStatusCode"":200}","2026-08-21 16:26:07.237922+00","2026-08-21 16:26:07.237922+00"
"d0ec6aa3-3f29-444b-8337-17fef5f0450c","log-attachments","logs/2026/08/22/d434c720-8da7-4d86-9635-7f952f0a5ee9.png","{""eTag"":""\""5f612d103a24c30f521c0cb7a1b1e709\"""",""size"":1472088,""mimetype"":""image/png"",""cacheControl"":""max-age=3600"",""lastModified"":""2026-08-21T15:59:26.000Z"",""contentLength"":1472088,""httpStatusCode"":200}","2026-08-21 15:59:25.403552+00","2026-08-21 15:59:25.403552+00"
"93862bb2-f461-4e5b-8041-1417a211644c","log-attachments","logs/2026/08/22/d74adb5b-3457-4cd2-8db1-53f6271a26e0.png","{""eTag"":""\""d6f0369fe9caab10ce763a142f1e3dba\"""",""size"":1675950,""mimetype"":""image/png"",""cacheControl"":""max-age=3600"",""lastModified"":""2026-08-21T16:25:18.000Z"",""contentLength"":1675950,""httpStatusCode"":200}","2026-08-21 16:25:17.663358+00","2026-08-21 16:25:17.663358+00"
"253c6a2a-c61a-4caa-bd75-686fdf173a86","log-attachments","logs/2026/08/22/d8358afa-02c4-4a9d-b5b5-415e5d59614f.png","{""eTag"":""\""d6f0369fe9caab10ce763a142f1e3dba\"""",""size"":1675950,""mimetype"":""image/png"",""cacheControl"":""max-age=3600"",""lastModified"":""2026-08-21T16:11:38.000Z"",""contentLength"":1675950,""httpStatusCode"":200}","2026-08-21 16:11:37.437328+00","2026-08-21 16:11:37.437328+00"
"7c42f605-e79c-4940-a841-44bee4445b04","log-attachments","logs/2026/08/22/d883ce3c-8ead-4fa5-a233-36aa2c3517fa.md","{""eTag"":""\""e31ed0bb32fe0d505ce2d3607024704c\"""",""size"":18670,""mimetype"":""text/markdown"",""cacheControl"":""max-age=3600"",""lastModified"":""2026-08-21T18:18:51.000Z"",""contentLength"":18670,""httpStatusCode"":200}","2026-08-21 18:18:50.485781+00","2026-08-21 18:18:50.485781+00"
"d4e08bff-ef59-43c8-9295-f1851a9eb61d","log-attachments","logs/2026/08/22/dacb8958-5e82-4ea8-86de-c7e68c2045e2.png","{""eTag"":""\""b2bd84aa64087b18cc0a9ef188b5b0f6\"""",""size"":1453991,""mimetype"":""image/png"",""cacheControl"":""max-age=3600"",""lastModified"":""2026-08-21T16:11:30.000Z"",""contentLength"":1453991,""httpStatusCode"":200}","2026-08-21 16:11:29.06985+00","2026-08-21 16:11:29.06985+00"
"be5dcb70-6d8e-4a57-97ab-f06100cd22d4","log-attachments","logs/2026/08/22/e10ab0ec-3cbb-4aa6-9b73-2365bdc1aeba.md","{""eTag"":""\""e31ed0bb32fe0d505ce2d3607024704c\"""",""size"":18670,""mimetype"":""text/markdown"",""cacheControl"":""max-age=3600"",""lastModified"":""2026-08-21T18:20:47.000Z"",""contentLength"":18670,""httpStatusCode"":200}","2026-08-21 18:20:46.79931+00","2026-08-21 18:20:46.79931+00"
"fc3e9d53-8869-44c3-a58d-abd91f34611a","log-attachments","logs/2026/08/22/e1af5af9-b8ec-4267-a708-9f0d16dd5023.png","{""eTag"":""\""b2bd84aa64087b18cc0a9ef188b5b0f6\"""",""size"":1453991,""mimetype"":""image/png"",""cacheControl"":""max-age=3600"",""lastModified"":""2026-08-21T15:54:37.000Z"",""contentLength"":1453991,""httpStatusCode"":200}","2026-08-21 15:54:36.481652+00","2026-08-21 15:54:36.481652+00"
"febe4205-3e0b-43f1-971a-fce944fa0f6b","log-attachments","logs/2026/08/22/e405ea11-ad17-472d-96e6-50001cea2bf5.png","{""eTag"":""\""d6f0369fe9caab10ce763a142f1e3dba\"""",""size"":1675950,""mimetype"":""image/png"",""cacheControl"":""max-age=3600"",""lastModified"":""2026-08-21T16:46:56.000Z"",""contentLength"":1675950,""httpStatusCode"":200}","2026-08-21 16:46:55.202526+00","2026-08-21 16:46:55.202526+00"
"a32b2979-c0cc-4a10-abcd-39ce13cc741d","log-attachments","logs/2026/08/22/ecc8199a-931c-4569-ba94-7f8efcbd0d3f.png","{""eTag"":""\""2bfcd118717cfdd9cc739645fb0dd08a\"""",""size"":1524358,""mimetype"":""image/png"",""cacheControl"":""max-age=3600"",""lastModified"":""2026-08-21T15:54:34.000Z"",""contentLength"":1524358,""httpStatusCode"":200}","2026-08-21 15:54:33.982509+00","2026-08-21 15:54:33.982509+00"
"bff50514-1ab0-4a70-a9b7-77f090f555db","log-attachments","logs/2026/08/22/f05e0bf4-65ef-4f30-89ff-b4a647a1ccfe.png","{""eTag"":""\""414eb99ada2eb520a38e44a0bf43cbf4\"""",""size"":1556109,""mimetype"":""image/png"",""cacheControl"":""max-age=3600"",""lastModified"":""2026-08-21T16:46:54.000Z"",""contentLength"":1556109,""httpStatusCode"":200}","2026-08-21 16:46:53.894346+00","2026-08-21 16:46:53.894346+00"
"2ddf9f26-2368-45e4-b6ca-60fbcdc91144","log-attachments","logs/2026/08/22/f1ffe6e3-4c08-4983-9c8a-7ab46d46e879.png","{""eTag"":""\""884304303e6708d7d8bca685daff53b3\"""",""size"":1465697,""mimetype"":""image/png"",""cacheControl"":""max-age=3600"",""lastModified"":""2026-08-21T16:28:48.000Z"",""contentLength"":1465697,""httpStatusCode"":200}","2026-08-21 16:28:47.652068+00","2026-08-21 16:28:47.652068+00"
"f7d9b9d2-6af9-4b5c-9696-5d730595726c","log-attachments","logs/2026/08/22/f2b3cf27-5063-41a7-a641-3d51414bc258.png","{""eTag"":""\""eb8561c156d549349315cebc0d7a42d1\"""",""size"":1646491,""mimetype"":""image/png"",""cacheControl"":""max-age=3600"",""lastModified"":""2026-08-21T17:30:42.000Z"",""contentLength"":1646491,""httpStatusCode"":200}","2026-08-21 17:30:41.181287+00","2026-08-21 17:30:41.181287+00"
"86099a5c-9b89-469d-8f03-2d627664a08c","log-attachments","logs/2026/08/22/f348f801-278d-4ab7-a994-dfea402e7e82.png","{""eTag"":""\""2bfcd118717cfdd9cc739645fb0dd08a\"""",""size"":1524358,""mimetype"":""image/png"",""cacheControl"":""max-age=3600"",""lastModified"":""2026-08-21T16:26:06.000Z"",""contentLength"":1524358,""httpStatusCode"":200}","2026-08-21 16:26:05.938286+00","2026-08-21 16:26:05.938286+00"
"4c13b9ab-1e75-4dcd-85e6-835afc4990e0","log-attachments","logs/2026/08/22/f53d1fca-d835-4336-80c4-199d767006f2.png","{""eTag"":""\""b2bd84aa64087b18cc0a9ef188b5b0f6\"""",""size"":1453991,""mimetype"":""image/png"",""cacheControl"":""max-age=3600"",""lastModified"":""2026-08-21T16:46:54.000Z"",""contentLength"":1453991,""httpStatusCode"":200}","2026-08-21 16:46:53.598823+00","2026-08-21 16:46:53.598823+00"
"cc0d58e4-3f4d-4fd9-9ece-03624b21ec4e","log-attachments","logs/2026/08/22/f653d868-2a67-4217-bbf2-f87597c6a6f7.png","{""eTag"":""\""5f612d103a24c30f521c0cb7a1b1e709\"""",""size"":1472088,""mimetype"":""image/png"",""cacheControl"":""max-age=3600"",""lastModified"":""2026-08-21T17:30:40.000Z"",""contentLength"":1472088,""httpStatusCode"":200}","2026-08-21 17:30:39.254638+00","2026-08-21 17:30:39.254638+00"
"4e83a825-ea21-4125-8eda-814bfff23c15","log-attachments","logs/2026/08/22/ff47425e-4eac-4632-92fd-5a5fcf7a93c2.png","{""eTag"":""\""2bfcd118717cfdd9cc739645fb0dd08a\"""",""size"":1524358,""mimetype"":""image/png"",""cacheControl"":""max-age=3600"",""lastModified"":""2026-08-21T17:30:18.000Z"",""contentLength"":1524358,""httpStatusCode"":200}","2026-08-21 17:30:17.546821+00","2026-08-21 17:30:17.546821+00"
"081cd18b-9840-427a-bcf0-8ec5d9002846","log-attachments","logs/2026/08/22/ff6a9590-8606-417d-a78e-781204589142.png","{""eTag"":""\""eb8561c156d549349315cebc0d7a42d1\"""",""size"":1646491,""mimetype"":""image/png"",""cacheControl"":""max-age=3600"",""lastModified"":""2026-08-21T16:46:55.000Z"",""contentLength"":1646491,""httpStatusCode"":200}","2026-08-21 16:46:54.680652+00","2026-08-21 16:46:54.680652+00"
"1d7a5311-b909-43f3-8403-5e6899542cf6","log-attachments","logs/2026/08/23/0052b426-ccd0-40f2-9f4a-1113de51383f.png","{""eTag"":""\""2a80a1f4bf0dfb9655cf43f6eb468524\"""",""size"":1762524,""mimetype"":""image/png"",""cacheControl"":""max-age=3600"",""lastModified"":""2026-08-23T01:53:03.000Z"",""contentLength"":1762524,""httpStatusCode"":200}","2026-08-23 01:53:02.119819+00","2026-08-23 01:53:02.119819+00"
"a4c27c4a-8079-449e-97a9-0c2d5dbfb33f","log-attachments","logs/2026/08/23/02630026-d5a9-42ce-971d-0f05217aa584.png","{""eTag"":""\""2c75ea908dd6ab650c687aec4fcfb01e\"""",""size"":1818384,""mimetype"":""image/png"",""cacheControl"":""max-age=3600"",""lastModified"":""2026-08-22T16:40:41.000Z"",""contentLength"":1818384,""httpStatusCode"":200}","2026-08-22 16:40:40.947925+00","2026-08-22 16:40:40.947925+00"
"38aeca37-4f75-4aec-8095-f64d539230ce","log-attachments","logs/2026/08/23/07657745-cd07-4899-813d-7f8140ba254b.md","{""eTag"":""\""3b05b9c73ba62244fabdaea337bac7a5\"""",""size"":16719,""mimetype"":""text/markdown"",""cacheControl"":""max-age=3600"",""lastModified"":""2026-08-23T02:33:42.000Z"",""contentLength"":16719,""httpStatusCode"":200}","2026-08-23 02:33:41.720626+00","2026-08-23 02:33:41.720626+00"
"5cee4148-fe35-4c70-a09b-a6ea369ccd3a","log-attachments","logs/2026/08/23/0cda7194-5f85-480e-9b73-bf4dc956b530.png","{""eTag"":""\""b705520bb51485363cf60a63b698691a\"""",""size"":1867513,""mimetype"":""image/png"",""cacheControl"":""max-age=3600"",""lastModified"":""2026-08-22T15:36:25.000Z"",""contentLength"":1867513,""httpStatusCode"":200}","2026-08-22 15:36:24.569139+00","2026-08-22 15:36:24.569139+00"
"f68878ce-010f-4a72-b2d2-1b5d812c6360","log-attachments","logs/2026/08/23/1099cef7-c764-458f-aa99-1867de0b8334.png","{""eTag"":""\""2a80a1f4bf0dfb9655cf43f6eb468524\"""",""size"":1762524,""mimetype"":""image/png"",""cacheControl"":""max-age=3600"",""lastModified"":""2026-08-23T01:57:49.000Z"",""contentLength"":1762524,""httpStatusCode"":200}","2026-08-23 01:57:48.371993+00","2026-08-23 01:57:48.371993+00"
"de0aa213-7144-4f15-81f8-320c726769a3","log-attachments","logs/2026/08/23/112fdb17-2fc5-4fdb-b262-28cf6ed108b7.png","{""eTag"":""\""b705520bb51485363cf60a63b698691a\"""",""size"":1867513,""mimetype"":""image/png"",""cacheControl"":""max-age=3600"",""lastModified"":""2026-08-23T01:56:11.000Z"",""contentLength"":1867513,""httpStatusCode"":200}","2026-08-23 01:56:10.925738+00","2026-08-23 01:56:10.925738+00"
"3a1ec47b-2914-4d7a-b9a4-331cfcc67f64","log-attachments","logs/2026/08/23/12c87b2a-0aa8-4d73-976a-f9fe2d1ea7d3.png","{""eTag"":""\""2c75ea908dd6ab650c687aec4fcfb01e\"""",""size"":1818384,""mimetype"":""image/png"",""cacheControl"":""max-age=3600"",""lastModified"":""2026-08-23T02:32:27.000Z"",""contentLength"":1818384,""httpStatusCode"":200}","2026-08-23 02:32:26.302792+00","2026-08-23 02:32:26.302792+00"
"5c90cfbd-905d-4bbe-acfe-8c1145e49ea8","log-attachments","logs/2026/08/23/141e20a2-5813-4dc9-8096-a3eb56b2daec.png","{""eTag"":""\""170054ea1a22387ffdb99dd5daa17fb1\"""",""size"":594204,""mimetype"":""image/png"",""cacheControl"":""max-age=3600"",""lastModified"":""2026-08-23T03:01:27.000Z"",""contentLength"":594204,""httpStatusCode"":200}","2026-08-23 03:01:26.138842+00","2026-08-23 03:01:26.138842+00"
"48fb647b-8d12-4a25-b366-0750882d6f8a","log-attachments","logs/2026/08/23/173bbf40-59a8-464f-adca-800fe18ee240.png","{""eTag"":""\""c2b8e8f1ffcb31f8ad090dce1e653833\"""",""size"":1820424,""mimetype"":""image/png"",""cacheControl"":""max-age=3600"",""lastModified"":""2026-08-22T16:40:41.000Z"",""contentLength"":1820424,""httpStatusCode"":200}","2026-08-22 16:40:40.5592+00","2026-08-22 16:40:40.5592+00"
"ce21072e-96f9-4211-8d54-65ada21c5a9b","log-attachments","logs/2026/08/23/18c37659-8c7c-4b98-90ab-41034e2018d1.md","{""eTag"":""\""2f7a69325f8b257f0248eafe025bc6c2\"""",""size"":21883,""mimetype"":""text/markdown"",""cacheControl"":""max-age=3600"",""lastModified"":""2026-08-23T02:33:40.000Z"",""contentLength"":21883,""httpStatusCode"":200}","2026-08-23 02:33:40.00101+00","2026-08-23 02:33:40.00101+00"
"cf54ea60-129b-42fd-a0ea-0912119e2903","log-attachments","logs/2026/08/23/19061281-023a-4154-91e8-b70be3059a5b.png","{""eTag"":""\""2c75ea908dd6ab650c687aec4fcfb01e\"""",""size"":1818384,""mimetype"":""image/png"",""cacheControl"":""max-age=3600"",""lastModified"":""2026-08-23T01:58:43.000Z"",""contentLength"":1818384,""httpStatusCode"":200}","2026-08-23 01:58:43.021389+00","2026-08-23 01:58:43.021389+00"
"f8329d32-9a83-496f-a2b2-75aa9d9b4975","log-attachments","logs/2026/08/23/1a570595-9e50-487d-875e-ee2967c18933.png","{""eTag"":""\""2a80a1f4bf0dfb9655cf43f6eb468524\"""",""size"":1762524,""mimetype"":""image/png"",""cacheControl"":""max-age=3600"",""lastModified"":""2026-08-22T15:36:25.000Z"",""contentLength"":1762524,""httpStatusCode"":200}","2026-08-22 15:36:24.963466+00","2026-08-22 15:36:24.963466+00"
"7905f77e-8eca-48ed-94e2-b2db90baaaed","log-attachments","logs/2026/08/23/1c7f534a-834c-4033-b40b-5eb123205358.png","{""eTag"":""\""2c75ea908dd6ab650c687aec4fcfb01e\"""",""size"":1818384,""mimetype"":""image/png"",""cacheControl"":""max-age=3600"",""lastModified"":""2026-08-23T00:28:38.000Z"",""contentLength"":1818384,""httpStatusCode"":200}","2026-08-23 00:28:37.510579+00","2026-08-23 00:28:37.510579+00"
"c189b6d4-ea1a-4aab-a3c5-e23ed5546f11","log-attachments","logs/2026/08/23/21eb1476-2633-4149-be35-f56bac6ba505.png","{""eTag"":""\""2c75ea908dd6ab650c687aec4fcfb01e\"""",""size"":1818384,""mimetype"":""image/png"",""cacheControl"":""max-age=3600"",""lastModified"":""2026-08-23T01:53:04.000Z"",""contentLength"":1818384,""httpStatusCode"":200}","2026-08-23 01:53:03.633179+00","2026-08-23 01:53:03.633179+00"
"9779389f-f769-4359-a170-d4d53e4dcd15","log-attachments","logs/2026/08/23/250f9a6e-a245-47e0-b392-18832634bab6.png","{""eTag"":""\""c2b8e8f1ffcb31f8ad090dce1e653833\"""",""size"":1820424,""mimetype"":""image/png"",""cacheControl"":""max-age=3600"",""lastModified"":""2026-08-23T01:56:12.000Z"",""contentLength"":1820424,""httpStatusCode"":200}","2026-08-23 01:56:12.042561+00","2026-08-23 01:56:12.042561+00"
"5864b718-b22a-44ce-bc85-0d4c3b24258d","log-attachments","logs/2026/08/23/2af9b81e-3725-422d-8a64-e360f2d41691.png","{""eTag"":""\""e95182f838edcd4c7948e621268207d6\"""",""size"":1820055,""mimetype"":""image/png"",""cacheControl"":""max-age=3600"",""lastModified"":""2026-08-23T02:32:26.000Z"",""contentLength"":1820055,""httpStatusCode"":200}","2026-08-23 02:32:25.194642+00","2026-08-23 02:32:25.194642+00"
"d1879f76-16a8-45ab-bd62-74847ed02e9c","log-attachments","logs/2026/08/23/2d34d283-2cf0-4870-b30e-db556969b09e.png","{""eTag"":""\""2c75ea908dd6ab650c687aec4fcfb01e\"""",""size"":1818384,""mimetype"":""image/png"",""cacheControl"":""max-age=3600"",""lastModified"":""2026-08-23T01:56:13.000Z"",""contentLength"":1818384,""httpStatusCode"":200}","2026-08-23 01:56:12.536591+00","2026-08-23 01:56:12.536591+00"
"aeff6b57-c94c-4c11-8f0e-37ae0b5a7e9f","log-attachments","logs/2026/08/23/305ac14e-99db-48f4-99ca-120f2528977f.png","{""eTag"":""\""2c75ea908dd6ab650c687aec4fcfb01e\"""",""size"":1818384,""mimetype"":""image/png"",""cacheControl"":""max-age=3600"",""lastModified"":""2026-08-23T02:28:05.000Z"",""contentLength"":1818384,""httpStatusCode"":200}","2026-08-23 02:28:04.288205+00","2026-08-23 02:28:04.288205+00"
"711d970c-da9d-42bf-bcbd-5ebb1906c46c","log-attachments","logs/2026/08/23/32fa88e5-f0b4-43f0-8bd8-bc24ffd14ecd.png","{""eTag"":""\""b705520bb51485363cf60a63b698691a\"""",""size"":1867513,""mimetype"":""image/png"",""cacheControl"":""max-age=3600"",""lastModified"":""2026-08-23T02:02:17.000Z"",""contentLength"":1867513,""httpStatusCode"":200}","2026-08-23 02:02:16.9673+00","2026-08-23 02:02:16.9673+00"
"0cc50975-ee63-459e-a4da-d83e8e2e4988","log-attachments","logs/2026/08/23/35dcbbd3-2978-4c7a-b267-20237be47bb0.png","{""eTag"":""\""2c75ea908dd6ab650c687aec4fcfb01e\"""",""size"":1818384,""mimetype"":""image/png"",""cacheControl"":""max-age=3600"",""lastModified"":""2026-08-23T02:21:26.000Z"",""contentLength"":1818384,""httpStatusCode"":200}","2026-08-23 02:21:25.346763+00","2026-08-23 02:21:25.346763+00"
"1398f6e9-2eff-4b88-baaa-d20bcd11526f","log-attachments","logs/2026/08/23/3817313e-2dde-45b4-aae9-685b2fcb3179.png","{""eTag"":""\""b705520bb51485363cf60a63b698691a\"""",""size"":1867513,""mimetype"":""image/png"",""cacheControl"":""max-age=3600"",""lastModified"":""2026-08-23T02:33:13.000Z"",""contentLength"":1867513,""httpStatusCode"":200}","2026-08-23 02:33:12.123783+00","2026-08-23 02:33:12.123783+00"
"978ad56b-d079-4af6-9498-6bbd62ddc52b","log-attachments","logs/2026/08/23/3847997b-32ce-44fb-abbc-674726cd2747.png","{""eTag"":""\""b705520bb51485363cf60a63b698691a\"""",""size"":1867513,""mimetype"":""image/png"",""cacheControl"":""max-age=3600"",""lastModified"":""2026-08-23T02:17:20.000Z"",""contentLength"":1867513,""httpStatusCode"":200}","2026-08-23 02:17:19.700848+00","2026-08-23 02:17:19.700848+00"
"e48fb370-146c-48d9-91b0-b59abcef4284","log-attachments","logs/2026/08/23/38e875a8-af76-43af-a1e7-4bb663a08621.md","{""eTag"":""\""ff35f06b63bee1911b04c087b2adbf79\"""",""size"":34772,""mimetype"":""text/markdown"",""cacheControl"":""max-age=3600"",""lastModified"":""2026-08-23T03:14:24.000Z"",""contentLength"":34772,""httpStatusCode"":200}","2026-08-23 03:14:23.572871+00","2026-08-23 03:14:23.572871+00"
"e929f3b5-62c1-47ac-b3d9-dac99ccefae2","log-attachments","logs/2026/08/23/39dcf899-2228-4da7-a90b-2934b6276e63.png","{""eTag"":""\""e95182f838edcd4c7948e621268207d6\"""",""size"":1820055,""mimetype"":""image/png"",""cacheControl"":""max-age=3600"",""lastModified"":""2026-08-23T00:28:37.000Z"",""contentLength"":1820055,""httpStatusCode"":200}","2026-08-23 00:28:36.654523+00","2026-08-23 00:28:36.654523+00"
"841e8d57-bf53-4983-bb1d-15ae7de0b99f","log-attachments","logs/2026/08/23/3b626632-2958-4f69-b14e-c533e9a67d8c.png","{""eTag"":""\""2c75ea908dd6ab650c687aec4fcfb01e\"""",""size"":1818384,""mimetype"":""image/png"",""cacheControl"":""max-age=3600"",""lastModified"":""2026-08-23T02:33:14.000Z"",""contentLength"":1818384,""httpStatusCode"":200}","2026-08-23 02:33:13.879486+00","2026-08-23 02:33:13.879486+00"
"edf49809-8f14-485b-a533-728177ce0218","log-attachments","logs/2026/08/23/3b890cb0-68bf-4ab5-971d-e2287cfcb7cc.png","{""eTag"":""\""70ded41661eef92abb85bb6481d8d969\"""",""size"":1869746,""mimetype"":""image/png"",""cacheControl"":""max-age=3600"",""lastModified"":""2026-08-23T01:56:13.000Z"",""contentLength"":1869746,""httpStatusCode"":200}","2026-08-23 01:56:13.039506+00","2026-08-23 01:56:13.039506+00"
"0cc67501-2d4d-4a2f-8f25-5a6eb1e220cc","log-attachments","logs/2026/08/23/3ba97b17-0e64-435d-8ad9-54cf2d9356c1.md","{""eTag"":""\""0e2f124041af908cf5567f774991527c\"""",""size"":19647,""mimetype"":""text/markdown"",""cacheControl"":""max-age=3600"",""lastModified"":""2026-08-22T15:44:57.000Z"",""contentLength"":19647,""httpStatusCode"":200}","2026-08-22 15:44:56.515482+00","2026-08-22 15:44:56.515482+00"
"ea706c67-3dc1-4e35-897a-a222d81e73c0","log-attachments","logs/2026/08/23/3ca1a712-b97a-4873-8da6-a98143d9cab9.png","{""eTag"":""\""2a80a1f4bf0dfb9655cf43f6eb468524\"""",""size"":1762524,""mimetype"":""image/png"",""cacheControl"":""max-age=3600"",""lastModified"":""2026-08-23T01:56:12.000Z"",""contentLength"":1762524,""httpStatusCode"":200}","2026-08-23 01:56:11.226882+00","2026-08-23 01:56:11.226882+00"
"4dc31f5d-0684-4f2b-8afe-38eeda78b589","log-attachments","logs/2026/08/23/3deb0ba4-bbde-4776-a7db-72593b93395e.pdf","{""eTag"":""\""025d3bf78437af41d25e3dab49f75925\"""",""size"":5939735,""mimetype"":""application/pdf"",""cacheControl"":""max-age=3600"",""lastModified"":""2026-08-23T03:14:26.000Z"",""contentLength"":5939735,""httpStatusCode"":200}","2026-08-23 03:14:26.184766+00","2026-08-23 03:14:26.184766+00"
"93ff14da-9bac-41f0-acf7-b04759d134ec","log-attachments","logs/2026/08/23/4519f23a-03fa-4359-bced-4e9784916945.png","{""eTag"":""\""b705520bb51485363cf60a63b698691a\"""",""size"":1867513,""mimetype"":""image/png"",""cacheControl"":""max-age=3600"",""lastModified"":""2026-08-23T02:28:03.000Z"",""contentLength"":1867513,""httpStatusCode"":200}","2026-08-23 02:28:02.254432+00","2026-08-23 02:28:02.254432+00"
"44a5a3db-faa1-4464-8934-f574b57f912c","log-attachments","logs/2026/08/23/486745ad-d0cb-48c0-a427-5899d4e757b6.png","{""eTag"":""\""2a80a1f4bf0dfb9655cf43f6eb468524\"""",""size"":1762524,""mimetype"":""image/png"",""cacheControl"":""max-age=3600"",""lastModified"":""2026-08-23T01:58:42.000Z"",""contentLength"":1762524,""httpStatusCode"":200}","2026-08-23 01:58:41.946297+00","2026-08-23 01:58:41.946297+00"
"8a6998ba-2b35-43de-95bd-09eacf5a669f","log-attachments","logs/2026/08/23/491d2282-81a8-4555-a172-6f11d7b40673.png","{""eTag"":""\""2a80a1f4bf0dfb9655cf43f6eb468524\"""",""size"":1762524,""mimetype"":""image/png"",""cacheControl"":""max-age=3600"",""lastModified"":""2026-08-23T02:32:25.000Z"",""contentLength"":1762524,""httpStatusCode"":200}","2026-08-23 02:32:24.769279+00","2026-08-23 02:32:24.769279+00"
"7e83e24e-ef32-4b23-91ad-6f8672893cf1","log-attachments","logs/2026/08/23/4b0d898f-7ad5-4e12-9052-360d4f20a2c0.png","{""eTag"":""\""e95182f838edcd4c7948e621268207d6\"""",""size"":1820055,""mimetype"":""image/png"",""cacheControl"":""max-age=3600"",""lastModified"":""2026-08-23T01:58:43.000Z"",""contentLength"":1820055,""httpStatusCode"":200}","2026-08-23 01:58:42.249732+00","2026-08-23 01:58:42.249732+00"
"27d3eab1-8c81-42eb-b030-cf40d6c4397c","log-attachments","logs/2026/08/23/4f69f288-2d16-4b4e-a6ae-3770a5eb1e69.png","{""eTag"":""\""2a80a1f4bf0dfb9655cf43f6eb468524\"""",""size"":1762524,""mimetype"":""image/png"",""cacheControl"":""max-age=3600"",""lastModified"":""2026-08-23T01:53:25.000Z"",""contentLength"":1762524,""httpStatusCode"":200}","2026-08-23 01:53:24.623573+00","2026-08-23 01:53:24.623573+00"
"1e2e32f7-4d5e-4b16-9833-61f6154ded3e","log-attachments","logs/2026/08/23/524e5e3e-565c-4eaa-8da9-cd297dda2ca9.png","{""eTag"":""\""2a80a1f4bf0dfb9655cf43f6eb468524\"""",""size"":1762524,""mimetype"":""image/png"",""cacheControl"":""max-age=3600"",""lastModified"":""2026-08-23T02:28:03.000Z"",""contentLength"":1762524,""httpStatusCode"":200}","2026-08-23 02:28:02.69452+00","2026-08-23 02:28:02.69452+00"
"b7dc2708-3e48-4c70-af44-093de2f5374f","log-attachments","logs/2026/08/23/548f89e8-e46a-44ab-9f65-6046f9aff1cb.pdf","{""eTag"":""\""bf8edd606a3a3173c7817c1223710d0d\"""",""size"":1293409,""mimetype"":""application/pdf"",""cacheControl"":""max-age=3600"",""lastModified"":""2026-08-23T03:11:38.000Z"",""contentLength"":1293409,""httpStatusCode"":200}","2026-08-23 03:11:37.906869+00","2026-08-23 03:11:37.906869+00"
"2aa4d085-835a-4349-aa5a-811ec321d75d","log-attachments","logs/2026/08/23/56944561-12b3-4d8c-8092-ebb75b031370.png","{""eTag"":""\""2a80a1f4bf0dfb9655cf43f6eb468524\"""",""size"":1762524,""mimetype"":""image/png"",""cacheControl"":""max-age=3600"",""lastModified"":""2026-08-23T00:28:37.000Z"",""contentLength"":1762524,""httpStatusCode"":200}","2026-08-23 00:28:36.240475+00","2026-08-23 00:28:36.240475+00"
"9c413bd2-ba07-4575-a4af-994f938aa3cd","log-attachments","logs/2026/08/23/5a04e891-109a-4cb2-941e-8eb47e880125.png","{""eTag"":""\""70ded41661eef92abb85bb6481d8d969\"""",""size"":1869746,""mimetype"":""image/png"",""cacheControl"":""max-age=3600"",""lastModified"":""2026-08-23T02:28:05.000Z"",""contentLength"":1869746,""httpStatusCode"":200}","2026-08-23 02:28:04.717925+00","2026-08-23 02:28:04.717925+00"
"725073a5-473d-40ab-8766-c08a06216ede","log-attachments","logs/2026/08/23/5ef07c97-b567-44a9-955c-4610a52cac6d.png","{""eTag"":""\""70ded41661eef92abb85bb6481d8d969\"""",""size"":1869746,""mimetype"":""image/png"",""cacheControl"":""max-age=3600"",""lastModified"":""2026-08-23T01:58:44.000Z"",""contentLength"":1869746,""httpStatusCode"":200}","2026-08-23 01:58:43.265582+00","2026-08-23 01:58:43.265582+00"
"b9a7b3a1-10fc-4089-95c9-8f0c50f3e523","log-attachments","logs/2026/08/23/5fc3ca5e-50df-4153-9ecc-653fe99832c3.md","{""eTag"":""\""fab1f3ed2b59933990d3c285ce238107\"""",""size"":27836,""mimetype"":""text/markdown"",""cacheControl"":""max-age=3600"",""lastModified"":""2026-08-23T03:11:36.000Z"",""contentLength"":27836,""httpStatusCode"":200}","2026-08-23 03:11:35.814534+00","2026-08-23 03:11:35.814534+00"
"c0fec317-e38f-4992-aedc-d42ce8a5552b","log-attachments","logs/2026/08/23/62131c27-84c2-4c2f-8a2c-2508baebd347.png","{""eTag"":""\""b705520bb51485363cf60a63b698691a\"""",""size"":1867513,""mimetype"":""image/png"",""cacheControl"":""max-age=3600"",""lastModified"":""2026-08-23T01:53:02.000Z"",""contentLength"":1867513,""httpStatusCode"":200}","2026-08-23 01:53:01.584251+00","2026-08-23 01:53:01.584251+00"
"ba0b8b2e-dea2-4064-81e0-a99fd8402366","log-attachments","logs/2026/08/23/6294824f-d6b9-47fd-863f-7b50b29613c9.png","{""eTag"":""\""c2b8e8f1ffcb31f8ad090dce1e653833\"""",""size"":1820424,""mimetype"":""image/png"",""cacheControl"":""max-age=3600"",""lastModified"":""2026-08-23T02:17:21.000Z"",""contentLength"":1820424,""httpStatusCode"":200}","2026-08-23 02:17:20.889122+00","2026-08-23 02:17:20.889122+00"
"061e5cae-034b-4832-8255-2241a7660ca1","log-attachments","logs/2026/08/23/651e0b83-2f1b-429c-8b94-4055a47b6054.png","{""eTag"":""\""70ded41661eef92abb85bb6481d8d969\"""",""size"":1869746,""mimetype"":""image/png"",""cacheControl"":""max-age=3600"",""lastModified"":""2026-08-22T16:40:42.000Z"",""contentLength"":1869746,""httpStatusCode"":200}","2026-08-22 16:40:41.476822+00","2026-08-22 16:40:41.476822+00"
"aa351a8a-489a-4d43-95dc-c68d51eeed3d","log-attachments","logs/2026/08/23/661cb98e-3ff3-43bd-8eef-603b04daf1dc.png","{""eTag"":""\""c2b8e8f1ffcb31f8ad090dce1e653833\"""",""size"":1820424,""mimetype"":""image/png"",""cacheControl"":""max-age=3600"",""lastModified"":""2026-08-23T01:58:43.000Z"",""contentLength"":1820424,""httpStatusCode"":200}","2026-08-23 01:58:42.55187+00","2026-08-23 01:58:42.55187+00"
"1668a7ab-8931-4e16-8d65-04072cd343e5","log-attachments","logs/2026/08/23/67f30058-2a6c-40e3-b4f0-65ead14bff28.png","{""eTag"":""\""c2b8e8f1ffcb31f8ad090dce1e653833\"""",""size"":1820424,""mimetype"":""image/png"",""cacheControl"":""max-age=3600"",""lastModified"":""2026-08-22T16:41:03.000Z"",""contentLength"":1820424,""httpStatusCode"":200}","2026-08-22 16:41:02.619345+00","2026-08-22 16:41:02.619345+00"
"71dd9791-5bde-42d7-8997-d077c0d641cb","log-attachments","logs/2026/08/23/68689717-b3c6-45fe-9c97-43424a862f79.png","{""eTag"":""\""70ded41661eef92abb85bb6481d8d969\"""",""size"":1869746,""mimetype"":""image/png"",""cacheControl"":""max-age=3600"",""lastModified"":""2026-08-23T01:57:50.000Z"",""contentLength"":1869746,""httpStatusCode"":200}","2026-08-23 01:57:49.972875+00","2026-08-23 01:57:49.972875+00"
"17da385b-75a0-44a5-a942-b9331c03e928","log-attachments","logs/2026/08/23/6ba57ca8-3c78-4d55-9138-ae67dde7b065.png","{""eTag"":""\""e95182f838edcd4c7948e621268207d6\"""",""size"":1820055,""mimetype"":""image/png"",""cacheControl"":""max-age=3600"",""lastModified"":""2026-08-23T01:56:12.000Z"",""contentLength"":1820055,""httpStatusCode"":200}","2026-08-23 01:56:11.520512+00","2026-08-23 01:56:11.520512+00"
"34f507fc-7682-4f5d-a4b7-0cb6d5bbca95","log-attachments","logs/2026/08/23/6e867244-fac5-48aa-a97f-78b0556ecbe8.pdf","{""eTag"":""\""4f67215b921cad83f25c47b3a476dd65\"""",""size"":5817741,""mimetype"":""application/pdf"",""cacheControl"":""max-age=3600"",""lastModified"":""2026-08-23T03:04:08.000Z"",""contentLength"":5817741,""httpStatusCode"":200}","2026-08-23 03:04:07.37728+00","2026-08-23 03:04:07.37728+00"
"322cbde1-6282-471b-90c8-f2872af6e185","log-attachments","logs/2026/08/23/6f07d97f-36ab-4e73-9b2d-c5d3cbd4dad9.png","{""eTag"":""\""e95182f838edcd4c7948e621268207d6\"""",""size"":1820055,""mimetype"":""image/png"",""cacheControl"":""max-age=3600"",""lastModified"":""2026-08-23T01:57:49.000Z"",""contentLength"":1820055,""httpStatusCode"":200}","2026-08-23 01:57:48.665004+00","2026-08-23 01:57:48.665004+00"
"e6b81cd3-a4e5-457b-aac7-b7ae47ae0ca3","log-attachments","logs/2026/08/23/703c66b0-71b9-4f13-8440-b3cc7ab3b935.png","{""eTag"":""\""b705520bb51485363cf60a63b698691a\"""",""size"":1867513,""mimetype"":""image/png"",""cacheControl"":""max-age=3600"",""lastModified"":""2026-08-23T02:21:24.000Z"",""contentLength"":1867513,""httpStatusCode"":200}","2026-08-23 02:21:23.905963+00","2026-08-23 02:21:23.905963+00"
"7ad0974b-596e-46f1-adcb-ca6d4d4c38ab","log-attachments","logs/2026/08/23/731166a4-bbb8-42cb-bb39-514df7bd645d.png","{""eTag"":""\""e95182f838edcd4c7948e621268207d6\"""",""size"":1820055,""mimetype"":""image/png"",""cacheControl"":""max-age=3600"",""lastModified"":""2026-08-23T01:53:03.000Z"",""contentLength"":1820055,""httpStatusCode"":200}","2026-08-23 01:53:02.590943+00","2026-08-23 01:53:02.590943+00"
"203d5f91-0c5b-44f1-9580-4283a526edb7","log-attachments","logs/2026/08/23/79e7b49c-bfd5-44e9-826e-0a8273073eee.png","{""eTag"":""\""c2b8e8f1ffcb31f8ad090dce1e653833\"""",""size"":1820424,""mimetype"":""image/png"",""cacheControl"":""max-age=3600"",""lastModified"":""2026-08-23T02:33:14.000Z"",""contentLength"":1820424,""httpStatusCode"":200}","2026-08-23 02:33:13.49569+00","2026-08-23 02:33:13.49569+00"
"8addde65-a9e2-4289-9441-25c1d2da6aa5","log-attachments","logs/2026/08/23/803e323b-bf98-47f3-9f61-a5e1a2340079.png","{""eTag"":""\""2a80a1f4bf0dfb9655cf43f6eb468524\"""",""size"":1762524,""mimetype"":""image/png"",""cacheControl"":""max-age=3600"",""lastModified"":""2026-08-23T02:21:25.000Z"",""contentLength"":1762524,""httpStatusCode"":200}","2026-08-23 02:21:24.368896+00","2026-08-23 02:21:24.368896+00"
"2e3e3fab-6f9d-4188-bd3c-49642ebce560","log-attachments","logs/2026/08/23/8263d652-c67d-477b-adf7-a928433ddc8d.png","{""eTag"":""\""e95182f838edcd4c7948e621268207d6\"""",""size"":1820055,""mimetype"":""image/png"",""cacheControl"":""max-age=3600"",""lastModified"":""2026-08-22T16:41:03.000Z"",""contentLength"":1820055,""httpStatusCode"":200}","2026-08-22 16:41:02.148804+00","2026-08-22 16:41:02.148804+00"
"d2352014-bc07-470f-b13a-87921a19ca53","log-attachments","logs/2026/08/23/837af7e2-61b1-4636-914f-25b28c662d7b.png","{""eTag"":""\""c2b8e8f1ffcb31f8ad090dce1e653833\"""",""size"":1820424,""mimetype"":""image/png"",""cacheControl"":""max-age=3600"",""lastModified"":""2026-08-23T01:53:04.000Z"",""contentLength"":1820424,""httpStatusCode"":200}","2026-08-23 01:53:03.071476+00","2026-08-23 01:53:03.071476+00"
"c67c9fab-c21b-4d45-b782-936b1b5bcb16","log-attachments","logs/2026/08/23/86b49f8e-d958-4512-b4d6-eb0d51666639.png","{""eTag"":""\""c2b8e8f1ffcb31f8ad090dce1e653833\"""",""size"":1820424,""mimetype"":""image/png"",""cacheControl"":""max-age=3600"",""lastModified"":""2026-08-23T02:21:25.000Z"",""contentLength"":1820424,""httpStatusCode"":200}","2026-08-23 02:21:24.97202+00","2026-08-23 02:21:24.97202+00"
"559e4c5c-2a11-439b-b51d-28cbcf454acc","log-attachments","logs/2026/08/23/8a553db3-e6d9-4fd0-923f-dc65ba196d64.pdf","{""eTag"":""\""02d0389ed9a89ad9a5ed15da9232f70e-2\"""",""size"":17821359,""mimetype"":""application/pdf"",""cacheControl"":""max-age=3600"",""lastModified"":""2026-08-23T02:33:41.000Z"",""contentLength"":17821359,""httpStatusCode"":200}","2026-08-23 02:33:41.447157+00","2026-08-23 02:33:41.447157+00"
"a4519287-807d-4ba4-92d1-22a27c222e84","log-attachments","logs/2026/08/23/8ab5573e-ad62-4e77-a274-d1a41bef726f.png","{""eTag"":""\""b705520bb51485363cf60a63b698691a\"""",""size"":1867513,""mimetype"":""image/png"",""cacheControl"":""max-age=3600"",""lastModified"":""2026-08-23T02:32:25.000Z"",""contentLength"":1867513,""httpStatusCode"":200}","2026-08-23 02:32:24.294231+00","2026-08-23 02:32:24.294231+00"
"6b65bb0c-2d4c-4461-9929-338b8579e210","log-attachments","logs/2026/08/23/8d734140-8985-4430-a11e-4e7b430c7a41.png","{""eTag"":""\""b705520bb51485363cf60a63b698691a\"""",""size"":1867513,""mimetype"":""image/png"",""cacheControl"":""max-age=3600"",""lastModified"":""2026-08-23T01:57:48.000Z"",""contentLength"":1867513,""httpStatusCode"":200}","2026-08-23 01:57:47.962637+00","2026-08-23 01:57:47.962637+00"
"595056bc-b60a-4493-ada0-0d38dcbb8125","log-attachments","logs/2026/08/23/90cc2b97-220d-4f3e-af36-06cadfe88db7.md","{""eTag"":""\""858f5864c8721cf095eb399bbfba2618\"""",""size"":21951,""mimetype"":""text/markdown"",""cacheControl"":""max-age=3600"",""lastModified"":""2026-08-22T16:40:39.000Z"",""contentLength"":21951,""httpStatusCode"":200}","2026-08-22 16:40:38.727954+00","2026-08-22 16:40:38.727954+00"
"97cf6cb7-1ca2-492e-ac9f-e97077a31aee","log-attachments","logs/2026/08/23/92d620bf-bb4b-4a76-91bc-da336deb9df7.png","{""eTag"":""\""2c75ea908dd6ab650c687aec4fcfb01e\"""",""size"":1818384,""mimetype"":""image/png"",""cacheControl"":""max-age=3600"",""lastModified"":""2026-08-23T02:17:22.000Z"",""contentLength"":1818384,""httpStatusCode"":200}","2026-08-23 02:17:21.464589+00","2026-08-23 02:17:21.464589+00"
"98f8effe-a79d-40eb-8e25-2597df5ee0e3","log-attachments","logs/2026/08/23/9322d828-b451-4e2f-b840-5f58c2026520.png","{""eTag"":""\""70ded41661eef92abb85bb6481d8d969\"""",""size"":1869746,""mimetype"":""image/png"",""cacheControl"":""max-age=3600"",""lastModified"":""2026-08-23T02:21:26.000Z"",""contentLength"":1869746,""httpStatusCode"":200}","2026-08-23 02:21:25.651727+00","2026-08-23 02:21:25.651727+00"
"1c2a0c46-317d-4a25-bd40-40f5d91e3544","log-attachments","logs/2026/08/23/93aee891-68c4-4ecf-9cc5-1ba5d8d4e275.png","{""eTag"":""\""2a80a1f4bf0dfb9655cf43f6eb468524\"""",""size"":1762524,""mimetype"":""image/png"",""cacheControl"":""max-age=3600"",""lastModified"":""2026-08-23T02:02:18.000Z"",""contentLength"":1762524,""httpStatusCode"":200}","2026-08-23 02:02:17.374175+00","2026-08-23 02:02:17.374175+00"
"6466367b-502d-4c67-a6cd-63be5b0503f2","log-attachments","logs/2026/08/23/94bfae25-2561-42db-bfc0-04447761f44e.png","{""eTag"":""\""e95182f838edcd4c7948e621268207d6\"""",""size"":1820055,""mimetype"":""image/png"",""cacheControl"":""max-age=3600"",""lastModified"":""2026-08-22T16:40:41.000Z"",""contentLength"":1820055,""httpStatusCode"":200}","2026-08-22 16:40:40.06811+00","2026-08-22 16:40:40.06811+00"
"3d9a83fd-d65e-4187-a0f7-084389d13c41","log-attachments","logs/2026/08/23/97ffd948-a47b-4255-9953-82ef81c50d82.png","{""eTag"":""\""70ded41661eef92abb85bb6481d8d969\"""",""size"":1869746,""mimetype"":""image/png"",""cacheControl"":""max-age=3600"",""lastModified"":""2026-08-23T01:53:27.000Z"",""contentLength"":1869746,""httpStatusCode"":200}","2026-08-23 01:53:26.318941+00","2026-08-23 01:53:26.318941+00"
"30e409d3-5a95-4890-88b7-a1ee134c95dd","log-attachments","logs/2026/08/23/99d53495-0e98-448c-99a9-03c3a5d41dd3.png","{""eTag"":""\""2c75ea908dd6ab650c687aec4fcfb01e\"""",""size"":1818384,""mimetype"":""image/png"",""cacheControl"":""max-age=3600"",""lastModified"":""2026-08-22T15:36:27.000Z"",""contentLength"":1818384,""httpStatusCode"":200}","2026-08-22 15:36:26.260805+00","2026-08-22 15:36:26.260805+00"
"3409e161-ad9c-4759-a67c-1cd2d3d4590b","log-attachments","logs/2026/08/23/9c56515b-96d1-48ef-92df-c6c539cdd145.png","{""eTag"":""\""70ded41661eef92abb85bb6481d8d969\"""",""size"":1869746,""mimetype"":""image/png"",""cacheControl"":""max-age=3600"",""lastModified"":""2026-08-23T02:02:19.000Z"",""contentLength"":1869746,""httpStatusCode"":200}","2026-08-23 02:02:18.941706+00","2026-08-23 02:02:18.941706+00"
"870b9e06-c88c-49fd-9b3d-249c734767f3","log-attachments","logs/2026/08/23/9e2a1f7a-6f57-4280-805c-4a9dd00bee01.png","{""eTag"":""\""70ded41661eef92abb85bb6481d8d969\"""",""size"":1869746,""mimetype"":""image/png"",""cacheControl"":""max-age=3600"",""lastModified"":""2026-08-22T16:41:04.000Z"",""contentLength"":1869746,""httpStatusCode"":200}","2026-08-22 16:41:03.283225+00","2026-08-22 16:41:03.283225+00"
"8ffb8de1-73a8-42b8-9353-4ef93e7ba55d","log-attachments","logs/2026/08/23/a6ebff77-7327-4bbb-9181-da7de7b05bc0.png","{""eTag"":""\""2c75ea908dd6ab650c687aec4fcfb01e\"""",""size"":1818384,""mimetype"":""image/png"",""cacheControl"":""max-age=3600"",""lastModified"":""2026-08-22T16:41:03.000Z"",""contentLength"":1818384,""httpStatusCode"":200}","2026-08-22 16:41:02.920496+00","2026-08-22 16:41:02.920496+00"
"8b1ed506-2ee0-441d-8131-b8791657086a","log-attachments","logs/2026/08/23/a8862f09-c6bb-4a42-932b-748bb0d4f4e8.png","{""eTag"":""\""70ded41661eef92abb85bb6481d8d969\"""",""size"":1869746,""mimetype"":""image/png"",""cacheControl"":""max-age=3600"",""lastModified"":""2026-08-23T00:28:38.000Z"",""contentLength"":1869746,""httpStatusCode"":200}","2026-08-23 00:28:37.962694+00","2026-08-23 00:28:37.962694+00"
"77df097d-2256-4bb2-9ca8-86fe02832bb1","log-attachments","logs/2026/08/23/a9f3ea6c-cacd-4703-8b78-4ff4b2478cd3.png","{""eTag"":""\""e95182f838edcd4c7948e621268207d6\"""",""size"":1820055,""mimetype"":""image/png"",""cacheControl"":""max-age=3600"",""lastModified"":""2026-08-23T02:02:18.000Z"",""contentLength"":1820055,""httpStatusCode"":200}","2026-08-23 02:02:17.825383+00","2026-08-23 02:02:17.825383+00"
"6181ec0a-344c-4569-908d-3c909f4f9f54","log-attachments","logs/2026/08/23/aac2308e-243a-41af-bafb-a7fc683818e1.png","{""eTag"":""\""e95182f838edcd4c7948e621268207d6\"""",""size"":1820055,""mimetype"":""image/png"",""cacheControl"":""max-age=3600"",""lastModified"":""2026-08-23T02:17:21.000Z"",""contentLength"":1820055,""httpStatusCode"":200}","2026-08-23 02:17:20.556243+00","2026-08-23 02:17:20.556243+00"
"d37c195c-f102-4b71-b4d3-95ced28a970a","log-attachments","logs/2026/08/23/ab14629a-7cd4-4d8d-b04e-deb753e486d8.md","{""eTag"":""\""2c54b1d5a22709e232fb86fb28b6d3d8\"""",""size"":25499,""mimetype"":""text/markdown"",""cacheControl"":""max-age=3600"",""lastModified"":""2026-08-23T03:04:04.000Z"",""contentLength"":25499,""httpStatusCode"":200}","2026-08-23 03:04:03.951525+00","2026-08-23 03:04:03.951525+00"
"4e3c4058-4657-4b3c-a9bd-8dc707d6524d","log-attachments","logs/2026/08/23/ab3b69c2-0759-4c22-8155-8499c9ad3fdf.png","{""eTag"":""\""2a80a1f4bf0dfb9655cf43f6eb468524\"""",""size"":1762524,""mimetype"":""image/png"",""cacheControl"":""max-age=3600"",""lastModified"":""2026-08-22T16:40:40.000Z"",""contentLength"":1762524,""httpStatusCode"":200}","2026-08-22 16:40:39.776115+00","2026-08-22 16:40:39.776115+00"
"707003b5-cf9c-4602-abf7-54d7e29a3af7","log-attachments","logs/2026/08/23/ac33e1d8-2750-4e44-8a9c-41ee97046713.png","{""eTag"":""\""e95182f838edcd4c7948e621268207d6\"""",""size"":1820055,""mimetype"":""image/png"",""cacheControl"":""max-age=3600"",""lastModified"":""2026-08-23T02:33:13.000Z"",""contentLength"":1820055,""httpStatusCode"":200}","2026-08-23 02:33:13.01101+00","2026-08-23 02:33:13.01101+00"
"cc762837-b2ca-4286-a71b-66eca0adf1b7","log-attachments","logs/2026/08/23/af4dbcd7-1c1e-4809-b142-79ca51dc8199.png","{""eTag"":""\""b705520bb51485363cf60a63b698691a\"""",""size"":1867513,""mimetype"":""image/png"",""cacheControl"":""max-age=3600"",""lastModified"":""2026-08-23T01:58:42.000Z"",""contentLength"":1867513,""httpStatusCode"":200}","2026-08-23 01:58:41.5194+00","2026-08-23 01:58:41.5194+00"
"f6b6d28b-6ceb-45ca-a83c-b7161c406d83","log-attachments","logs/2026/08/23/afe09a86-8225-407d-88ae-a208cd22bcd9.pdf","{""eTag"":""\""02d0389ed9a89ad9a5ed15da9232f70e-2\"""",""size"":17821359,""mimetype"":""application/pdf"",""cacheControl"":""max-age=3600"",""lastModified"":""2026-08-23T00:29:04.000Z"",""contentLength"":17821359,""httpStatusCode"":200}","2026-08-23 00:29:03.833003+00","2026-08-23 00:29:03.833003+00"
"e033f475-6462-4bfa-a055-f3f260297f44","log-attachments","logs/2026/08/23/b31bd6cd-2fdf-4d2d-96c5-543b839ca96e.png","{""eTag"":""\""245c2eef58ced5d42cb542d434647211\"""",""size"":4755934,""mimetype"":""image/png"",""cacheControl"":""max-age=3600"",""lastModified"":""2026-08-23T03:01:27.000Z"",""contentLength"":4755934,""httpStatusCode"":200}","2026-08-23 03:01:26.663665+00","2026-08-23 03:01:26.663665+00"
"11a9ce3b-129e-4069-9825-f795a672982b","log-attachments","logs/2026/08/23/b7747bf2-d821-436d-8508-c2a5b76d7333.png","{""eTag"":""\""e95182f838edcd4c7948e621268207d6\"""",""size"":1820055,""mimetype"":""image/png"",""cacheControl"":""max-age=3600"",""lastModified"":""2026-08-23T01:53:26.000Z"",""contentLength"":1820055,""httpStatusCode"":200}","2026-08-23 01:53:25.104391+00","2026-08-23 01:53:25.104391+00"
"f6955431-6272-4b6e-8274-d70fe7ac1e13","log-attachments","logs/2026/08/23/b7e39a56-4e45-41a7-ae97-644f6ef32caf.png","{""eTag"":""\""70ded41661eef92abb85bb6481d8d969\"""",""size"":1869746,""mimetype"":""image/png"",""cacheControl"":""max-age=3600"",""lastModified"":""2026-08-22T15:36:27.000Z"",""contentLength"":1869746,""httpStatusCode"":200}","2026-08-22 15:36:26.81721+00","2026-08-22 15:36:26.81721+00"
"0fcfcbc1-23cc-4090-89fb-6508d06c1c4c","log-attachments","logs/2026/08/23/bdca3187-92fd-49c5-b5bf-30764a0dc31d.png","{""eTag"":""\""c2b8e8f1ffcb31f8ad090dce1e653833\"""",""size"":1820424,""mimetype"":""image/png"",""cacheControl"":""max-age=3600"",""lastModified"":""2026-08-23T01:53:26.000Z"",""contentLength"":1820424,""httpStatusCode"":200}","2026-08-23 01:53:25.475495+00","2026-08-23 01:53:25.475495+00"
"b2817800-e67c-4132-ba19-175c9848fccc","log-attachments","logs/2026/08/23/c047a9db-78cb-46cc-ae77-ffe9e1c7abab.png","{""eTag"":""\""70ded41661eef92abb85bb6481d8d969\"""",""size"":1869746,""mimetype"":""image/png"",""cacheControl"":""max-age=3600"",""lastModified"":""2026-08-23T02:32:27.000Z"",""contentLength"":1869746,""httpStatusCode"":200}","2026-08-23 02:32:26.947345+00","2026-08-23 02:32:26.947345+00"
"dffc6cf9-62ff-4b41-80c7-b6e2f54a776c","log-attachments","logs/2026/08/23/c0ab37ff-70cb-4399-9bc1-06f06b5f83a4.png","{""eTag"":""\""2c75ea908dd6ab650c687aec4fcfb01e\"""",""size"":1818384,""mimetype"":""image/png"",""cacheControl"":""max-age=3600"",""lastModified"":""2026-08-23T01:57:50.000Z"",""contentLength"":1818384,""httpStatusCode"":200}","2026-08-23 01:57:49.480629+00","2026-08-23 01:57:49.480629+00"
"7210a6a4-a221-48f7-8208-d7186304070e","log-attachments","logs/2026/08/23/c0df20df-6b4f-4e37-be71-efbe002723a6.png","{""eTag"":""\""c2b8e8f1ffcb31f8ad090dce1e653833\"""",""size"":1820424,""mimetype"":""image/png"",""cacheControl"":""max-age=3600"",""lastModified"":""2026-08-23T02:02:19.000Z"",""contentLength"":1820424,""httpStatusCode"":200}","2026-08-23 02:02:18.262751+00","2026-08-23 02:02:18.262751+00"
"2818358b-4ad0-4768-b95c-32060cc3cfef","log-attachments","logs/2026/08/23/c22ba636-5bff-4baf-a4a8-1f4dd59775c8.png","{""eTag"":""\""c2b8e8f1ffcb31f8ad090dce1e653833\"""",""size"":1820424,""mimetype"":""image/png"",""cacheControl"":""max-age=3600"",""lastModified"":""2026-08-23T02:28:04.000Z"",""contentLength"":1820424,""httpStatusCode"":200}","2026-08-23 02:28:03.868537+00","2026-08-23 02:28:03.868537+00"
"249c8ea1-cc5a-48ac-b617-0ab7ba71abc5","log-attachments","logs/2026/08/23/c3459555-b84e-4100-9679-df50d52c8355.png","{""eTag"":""\""2c75ea908dd6ab650c687aec4fcfb01e\"""",""size"":1818384,""mimetype"":""image/png"",""cacheControl"":""max-age=3600"",""lastModified"":""2026-08-23T02:02:19.000Z"",""contentLength"":1818384,""httpStatusCode"":200}","2026-08-23 02:02:18.62568+00","2026-08-23 02:02:18.62568+00"
"86b0e512-b5e9-473e-88b0-d7b49e453092","log-attachments","logs/2026/08/23/c754cc8c-036b-467e-a005-abcfbd26c5f3.png","{""eTag"":""\""c2b8e8f1ffcb31f8ad090dce1e653833\"""",""size"":1820424,""mimetype"":""image/png"",""cacheControl"":""max-age=3600"",""lastModified"":""2026-08-23T01:57:49.000Z"",""contentLength"":1820424,""httpStatusCode"":200}","2026-08-23 01:57:48.952714+00","2026-08-23 01:57:48.952714+00"
"0dfc4227-fb38-410b-84b7-5ea65ece605d","log-attachments","logs/2026/08/23/c83bde02-1cf6-431b-8a83-74b69225adf0.png","{""eTag"":""\""c2b8e8f1ffcb31f8ad090dce1e653833\"""",""size"":1820424,""mimetype"":""image/png"",""cacheControl"":""max-age=3600"",""lastModified"":""2026-08-23T00:28:38.000Z"",""contentLength"":1820424,""httpStatusCode"":200}","2026-08-23 00:28:37.151757+00","2026-08-23 00:28:37.151757+00"
"b03f18c8-5b1a-4b04-b873-5ce3b648fda3","log-attachments","logs/2026/08/23/c92f7aff-f921-431c-96a9-e4c4ae211455.png","{""eTag"":""\""e95182f838edcd4c7948e621268207d6\"""",""size"":1820055,""mimetype"":""image/png"",""cacheControl"":""max-age=3600"",""lastModified"":""2026-08-23T02:21:25.000Z"",""contentLength"":1820055,""httpStatusCode"":200}","2026-08-23 02:21:24.664998+00","2026-08-23 02:21:24.664998+00"
"ba4b315b-3b68-48f0-b2e9-1584cba2564d","log-attachments","logs/2026/08/23/c9850e4f-9b4b-4e68-b169-376977aee48c.png","{""eTag"":""\""e95182f838edcd4c7948e621268207d6\"""",""size"":1820055,""mimetype"":""image/png"",""cacheControl"":""max-age=3600"",""lastModified"":""2026-08-23T02:28:04.000Z"",""contentLength"":1820055,""httpStatusCode"":200}","2026-08-23 02:28:03.188565+00","2026-08-23 02:28:03.188565+00"
"e6069c57-57d2-44ba-97a4-54f5339eb16f","log-attachments","logs/2026/08/23/cb37c0ae-9faf-40bd-b7ae-73a89c51b616.png","{""eTag"":""\""70ded41661eef92abb85bb6481d8d969\"""",""size"":1869746,""mimetype"":""image/png"",""cacheControl"":""max-age=3600"",""lastModified"":""2026-08-23T02:17:22.000Z"",""contentLength"":1869746,""httpStatusCode"":200}","2026-08-23 02:17:21.775442+00","2026-08-23 02:17:21.775442+00"
"80ce4e75-1409-41da-bda4-941df5b69138","log-attachments","logs/2026/08/23/cbbc2340-ab38-4eb7-ae1b-c2c6a9a9a4eb.png","{""eTag"":""\""2a80a1f4bf0dfb9655cf43f6eb468524\"""",""size"":1762524,""mimetype"":""image/png"",""cacheControl"":""max-age=3600"",""lastModified"":""2026-08-23T02:33:13.000Z"",""contentLength"":1762524,""httpStatusCode"":200}","2026-08-23 02:33:12.672585+00","2026-08-23 02:33:12.672585+00"
"3b04ec32-a978-4ae8-a43b-a45e6da06c4f","log-attachments","logs/2026/08/23/cd450da9-5e3c-4547-9ef3-60dd5db14135.png","{""eTag"":""\""70ded41661eef92abb85bb6481d8d969\"""",""size"":1869746,""mimetype"":""image/png"",""cacheControl"":""max-age=3600"",""lastModified"":""2026-08-23T02:33:15.000Z"",""contentLength"":1869746,""httpStatusCode"":200}","2026-08-23 02:33:14.279243+00","2026-08-23 02:33:14.279243+00"
"26843b3e-3678-4c7f-b633-f37d0b36d35c","log-attachments","logs/2026/08/23/ce4e15a7-5f4e-4a59-a052-4ce2e0bfa840.png","{""eTag"":""\""b705520bb51485363cf60a63b698691a\"""",""size"":1867513,""mimetype"":""image/png"",""cacheControl"":""max-age=3600"",""lastModified"":""2026-08-23T00:28:36.000Z"",""contentLength"":1867513,""httpStatusCode"":200}","2026-08-23 00:28:35.715139+00","2026-08-23 00:28:35.715139+00"
"5fb3016e-f915-412c-bc25-26edf6833eb6","log-attachments","logs/2026/08/23/d1d01eb1-4d56-4836-9bf0-a28a3d31bde6.md","{""eTag"":""\""858f5864c8721cf095eb399bbfba2618\"""",""size"":21951,""mimetype"":""text/markdown"",""cacheControl"":""max-age=3600"",""lastModified"":""2026-08-22T16:41:30.000Z"",""contentLength"":21951,""httpStatusCode"":200}","2026-08-22 16:41:29.679951+00","2026-08-22 16:41:29.679951+00"
"274fdf01-01ed-44c4-b044-ec7363bd5218","log-attachments","logs/2026/08/23/d3911a1e-088b-4aed-9ae9-9f9177390073.md","{""eTag"":""\""858f5864c8721cf095eb399bbfba2618\"""",""size"":21951,""mimetype"":""text/markdown"",""cacheControl"":""max-age=3600"",""lastModified"":""2026-08-23T00:29:00.000Z"",""contentLength"":21951,""httpStatusCode"":200}","2026-08-23 00:28:59.952047+00","2026-08-23 00:28:59.952047+00"
"c427915c-1de7-429b-a89c-d7cccbeb5b74","log-attachments","logs/2026/08/23/d60b1360-cd7d-4e90-95e7-81cc41e58abf.png","{""eTag"":""\""2a80a1f4bf0dfb9655cf43f6eb468524\"""",""size"":1762524,""mimetype"":""image/png"",""cacheControl"":""max-age=3600"",""lastModified"":""2026-08-22T16:41:02.000Z"",""contentLength"":1762524,""httpStatusCode"":200}","2026-08-22 16:41:01.815127+00","2026-08-22 16:41:01.815127+00"
"882883ac-cce1-4e4f-957d-379539689f42","log-attachments","logs/2026/08/23/d6c0ab69-6252-47dd-8792-bb15c2b1e9ab.png","{""eTag"":""\""10b110ed9daeb7facfd31997dc80c1dd\"""",""size"":452645,""mimetype"":""image/png"",""cacheControl"":""max-age=3600"",""lastModified"":""2026-08-23T03:01:26.000Z"",""contentLength"":452645,""httpStatusCode"":200}","2026-08-23 03:01:25.83823+00","2026-08-23 03:01:25.83823+00"
"33f95b40-3a56-47d0-a15f-36ebc2572f08","log-attachments","logs/2026/08/23/e0dedaaf-60ee-4a6e-a8ec-e5755e3d3104.pdf","{""eTag"":""\""614cfe388bf4451e9c8fec2f48e7a501-2\"""",""size"":17791601,""mimetype"":""application/pdf"",""cacheControl"":""max-age=3600"",""lastModified"":""2026-08-22T15:45:00.000Z"",""contentLength"":17791601,""httpStatusCode"":200}","2026-08-22 15:45:00.181506+00","2026-08-22 15:45:00.181506+00"
"d208990e-fd98-4bcc-b88a-16096ff200cc","log-attachments","logs/2026/08/23/e0e16738-fccd-4f37-97c4-9cc53e32ab86.png","{""eTag"":""\""2c75ea908dd6ab650c687aec4fcfb01e\"""",""size"":1818384,""mimetype"":""image/png"",""cacheControl"":""max-age=3600"",""lastModified"":""2026-08-23T01:53:26.000Z"",""contentLength"":1818384,""httpStatusCode"":200}","2026-08-23 01:53:25.821709+00","2026-08-23 01:53:25.821709+00"
"0f1d1883-3f53-482e-966d-23a0fd786d0b","log-attachments","logs/2026/08/23/e2879aa3-24e1-4ec0-9602-287a7c7c5694.pdf","{""eTag"":""\""02d0389ed9a89ad9a5ed15da9232f70e-2\"""",""size"":17821359,""mimetype"":""application/pdf"",""cacheControl"":""max-age=3600"",""lastModified"":""2026-08-22T16:41:34.000Z"",""contentLength"":17821359,""httpStatusCode"":200}","2026-08-22 16:41:33.858918+00","2026-08-22 16:41:33.858918+00"
"51e762f8-fb5e-4c6b-afc5-25f94ad2d615","log-attachments","logs/2026/08/23/e4afc977-ee6e-4183-9ef5-9db0fe012d9c.png","{""eTag"":""\""2a80a1f4bf0dfb9655cf43f6eb468524\"""",""size"":1762524,""mimetype"":""image/png"",""cacheControl"":""max-age=3600"",""lastModified"":""2026-08-23T02:17:21.000Z"",""contentLength"":1762524,""httpStatusCode"":200}","2026-08-23 02:17:20.12447+00","2026-08-23 02:17:20.12447+00"
"a4c72124-e5f4-4467-aca8-8f959ef5069f","log-attachments","logs/2026/08/23/ea2f3ebc-4298-4a9a-888b-6065df15acdc.png","{""eTag"":""\""c2b8e8f1ffcb31f8ad090dce1e653833\"""",""size"":1820424,""mimetype"":""image/png"",""cacheControl"":""max-age=3600"",""lastModified"":""2026-08-23T02:32:26.000Z"",""contentLength"":1820424,""httpStatusCode"":200}","2026-08-23 02:32:25.878271+00","2026-08-23 02:32:25.878271+00"
"bbf356c1-90a6-4ef9-9102-ea33bf8b8566","log-attachments","logs/2026/08/23/eacb7664-f4a1-46d2-92cd-2309841ed096.png","{""eTag"":""\""b705520bb51485363cf60a63b698691a\"""",""size"":1867513,""mimetype"":""image/png"",""cacheControl"":""max-age=3600"",""lastModified"":""2026-08-22T16:41:02.000Z"",""contentLength"":1867513,""httpStatusCode"":200}","2026-08-22 16:41:01.377452+00","2026-08-22 16:41:01.377452+00"
"a4dd0d56-bbb1-4f47-95d0-6d04a00f25fb","log-attachments","logs/2026/08/23/ec90437f-08aa-46ec-8d45-8461516c5c75.md","{""eTag"":""\""0e2f124041af908cf5567f774991527c\"""",""size"":19647,""mimetype"":""text/markdown"",""cacheControl"":""max-age=3600"",""lastModified"":""2026-08-22T15:43:58.000Z"",""contentLength"":19647,""httpStatusCode"":200}","2026-08-22 15:43:57.719203+00","2026-08-22 15:43:57.719203+00"
"1ffd7ead-ff8b-41e9-888a-00c01b7b9e49","log-attachments","logs/2026/08/23/ecbc17dd-adee-4eb0-b46e-55fff7837840.png","{""eTag"":""\""b705520bb51485363cf60a63b698691a\"""",""size"":1867513,""mimetype"":""image/png"",""cacheControl"":""max-age=3600"",""lastModified"":""2026-08-23T01:53:25.000Z"",""contentLength"":1867513,""httpStatusCode"":200}","2026-08-23 01:53:24.07347+00","2026-08-23 01:53:24.07347+00"
"e74f5fe7-6aba-4b3b-a38a-5a277548b94b","log-attachments","logs/2026/08/23/f2cf7077-219f-437a-85bd-75e398675ce9.png","{""eTag"":""\""b705520bb51485363cf60a63b698691a\"""",""size"":1867513,""mimetype"":""image/png"",""cacheControl"":""max-age=3600"",""lastModified"":""2026-08-22T16:40:40.000Z"",""contentLength"":1867513,""httpStatusCode"":200}","2026-08-22 16:40:39.187758+00","2026-08-22 16:40:39.187758+00"
"e28ff6c2-8fab-46a0-8874-bf149fe29011","log-attachments","logs/2026/08/23/f483206e-9a96-4e1b-ac08-659cd8d96794.pdf","{""eTag"":""\""614cfe388bf4451e9c8fec2f48e7a501-2\"""",""size"":17791601,""mimetype"":""application/pdf"",""cacheControl"":""max-age=3600"",""lastModified"":""2026-08-22T15:44:01.000Z"",""contentLength"":17791601,""httpStatusCode"":200}","2026-08-22 15:44:01.113209+00","2026-08-22 15:44:01.113209+00"
"a7773cc4-7567-4209-a9b3-bed47a7c9208","log-attachments","logs/2026/08/23/f6caeac7-4102-4950-b2fd-f0200c75ea22.png","{""eTag"":""\""c2b8e8f1ffcb31f8ad090dce1e653833\"""",""size"":1820424,""mimetype"":""image/png"",""cacheControl"":""max-age=3600"",""lastModified"":""2026-08-22T15:36:26.000Z"",""contentLength"":1820424,""httpStatusCode"":200}","2026-08-22 15:36:25.834588+00","2026-08-22 15:36:25.834588+00"
"14357dd0-1340-4316-a066-2e4d69687628","log-attachments","logs/2026/08/23/f6dd4df6-8704-4b19-bc62-560e02668989.png","{""eTag"":""\""e95182f838edcd4c7948e621268207d6\"""",""size"":1820055,""mimetype"":""image/png"",""cacheControl"":""max-age=3600"",""lastModified"":""2026-08-22T15:36:26.000Z"",""contentLength"":1820055,""httpStatusCode"":200}","2026-08-22 15:36:25.42071+00","2026-08-22 15:36:25.42071+00"
"393efc70-c158-40ab-9740-3f9a0fa2f281","log-attachments","logs/2026/08/23/fa5254ef-3228-487c-8be1-0a0f681c29c2.png","{""eTag"":""\""70ded41661eef92abb85bb6481d8d969\"""",""size"":1869746,""mimetype"":""image/png"",""cacheControl"":""max-age=3600"",""lastModified"":""2026-08-23T01:53:04.000Z"",""contentLength"":1869746,""httpStatusCode"":200}","2026-08-23 01:53:04.039317+00","2026-08-23 01:53:04.039317+00"
"c6bfc457-0204-40d0-8423-149506d6e2dd","log-attachments","logs/2026/08/24/0423e91d-e87f-4124-8f82-76f9d8ba15b6.png","{""eTag"":""\""f328069053401ba3acebe4f0dce04a7c\"""",""size"":682773,""mimetype"":""image/png"",""cacheControl"":""max-age=3600"",""lastModified"":""2026-08-24T14:53:34.000Z"",""contentLength"":682773,""httpStatusCode"":200}","2026-08-24 14:53:33.548222+00","2026-08-24 14:53:33.548222+00"
"e65db744-1bcc-4905-89d3-0d64ce352516","log-attachments","logs/2026/08/24/10b44a50-a018-4558-960c-0a66b8255a59.png","{""eTag"":""\""6e29208c96d534d3f01c07a0b47cbed6\"""",""size"":2326910,""mimetype"":""image/png"",""cacheControl"":""max-age=3600"",""lastModified"":""2026-08-24T12:37:46.000Z"",""contentLength"":2326910,""httpStatusCode"":200}","2026-08-24 12:37:45.758434+00","2026-08-24 12:37:45.758434+00"
"b69efc13-15b7-4e01-a092-c373b8d2238f","log-attachments","logs/2026/08/24/1d1ba55b-5661-4446-badb-d276ed8c8c8e.pdf","{""eTag"":""\""025d3bf78437af41d25e3dab49f75925\"""",""size"":5939735,""mimetype"":""application/pdf"",""cacheControl"":""max-age=3600"",""lastModified"":""2026-08-24T12:38:56.000Z"",""contentLength"":5939735,""httpStatusCode"":200}","2026-08-24 12:38:55.895283+00","2026-08-24 12:38:55.895283+00"
"9a5ca369-50de-4dee-9855-35bc5009f576","log-attachments","logs/2026/08/24/2892a98c-ab4a-41b7-a703-aa4cfb6937cc.pdf","{""eTag"":""\""c1d4a7fbf6f2119497c49633464c9ce9\"""",""size"":14544223,""mimetype"":""application/pdf"",""cacheControl"":""max-age=3600"",""lastModified"":""2026-08-24T12:46:28.000Z"",""contentLength"":14544223,""httpStatusCode"":200}","2026-08-24 12:46:27.545221+00","2026-08-24 12:46:27.545221+00"
"c3643545-d681-431b-977b-601fc86b012d","log-attachments","logs/2026/08/24/37c37af2-7859-4fd2-acdf-5821b2777cb7.md","{""eTag"":""\""d6234a2fa27f5c5869f3ea4b600c9646\"""",""size"":21805,""mimetype"":""text/markdown"",""cacheControl"":""max-age=3600"",""lastModified"":""2026-08-24T12:46:11.000Z"",""contentLength"":21805,""httpStatusCode"":200}","2026-08-24 12:46:10.916505+00","2026-08-24 12:46:10.916505+00"
"4a4dfe7f-58aa-45c2-b083-d678b4e43641","log-attachments","logs/2026/08/24/4cb266f8-623e-434d-a2fd-b63f27c3a779.pdf","{""eTag"":""\""4eb47b41b64804c15eca4c5193e2219f\"""",""size"":4567213,""mimetype"":""application/pdf"",""cacheControl"":""max-age=3600"",""lastModified"":""2026-08-24T14:54:56.000Z"",""contentLength"":4567213,""httpStatusCode"":200}","2026-08-24 14:54:55.32515+00","2026-08-24 14:54:55.32515+00"
"01702155-cae5-4ab2-b85f-47e278cecd99","log-attachments","logs/2026/08/24/50edc8d2-d690-4f8d-9030-9545b55749dd.md","{""eTag"":""\""a671fbde372e0434aab98ff991f7c8c6\"""",""size"":15435,""mimetype"":""text/markdown"",""cacheControl"":""max-age=3600"",""lastModified"":""2026-08-24T14:54:53.000Z"",""contentLength"":15435,""httpStatusCode"":200}","2026-08-24 14:54:52.359588+00","2026-08-24 14:54:52.359588+00"
"c038ba64-fd62-435f-ad39-5673a73435cc","log-attachments","logs/2026/08/24/53be06b8-887f-4ba1-b8ca-d71ecf496652.pdf","{""eTag"":""\""b5e3317c4b93abeb1b3a95be25155e00\"""",""size"":14572480,""mimetype"":""application/pdf"",""cacheControl"":""max-age=3600"",""lastModified"":""2026-08-24T12:46:15.000Z"",""contentLength"":14572480,""httpStatusCode"":200}","2026-08-24 12:46:14.328419+00","2026-08-24 12:46:14.328419+00"
"5ed9bc4c-7b18-4bca-a6da-6b81036dca0e","log-attachments","logs/2026/08/24/5b007aed-19bd-41aa-9798-ee92cfa68841.pdf","{""eTag"":""\""dcf72f32f025f0edaee91544c79d2dfd\"""",""size"":4579706,""mimetype"":""application/pdf"",""cacheControl"":""max-age=3600"",""lastModified"":""2026-08-24T14:55:01.000Z"",""contentLength"":4579706,""httpStatusCode"":200}","2026-08-24 14:55:00.572052+00","2026-08-24 14:55:00.572052+00"
"69953d2a-3af4-4500-941a-b225e09571a5","log-attachments","logs/2026/08/24/75ab1d4b-3cc1-4caa-ac9a-782603f10763.png","{""eTag"":""\""bfcc06283c332782810c175597140604\"""",""size"":1981383,""mimetype"":""image/png"",""cacheControl"":""max-age=3600"",""lastModified"":""2026-08-24T12:37:45.000Z"",""contentLength"":1981383,""httpStatusCode"":200}","2026-08-24 12:37:44.888599+00","2026-08-24 12:37:44.888599+00"
"33bc7fe9-daae-403d-8790-243ad9a2f896","log-attachments","logs/2026/08/24/885e16ae-4f86-4140-8162-86cf54bd262e.md","{""eTag"":""\""863e0c5290d3c816fe6692ea25f9adf3\"""",""size"":21766,""mimetype"":""text/markdown"",""cacheControl"":""max-age=3600"",""lastModified"":""2026-08-24T12:38:52.000Z"",""contentLength"":21766,""httpStatusCode"":200}","2026-08-24 12:38:51.068386+00","2026-08-24 12:38:51.068386+00"
"4b5b2fa3-c00d-4f90-a827-108508620174","log-attachments","logs/2026/08/24/a31decee-c958-4bff-b555-776db7b49219.png","{""eTag"":""\""074e7086061c95778109ae875d0615db\"""",""size"":1977852,""mimetype"":""image/png"",""cacheControl"":""max-age=3600"",""lastModified"":""2026-08-24T12:37:45.000Z"",""contentLength"":1977852,""httpStatusCode"":200}","2026-08-24 12:37:44.533772+00","2026-08-24 12:37:44.533772+00"
"9473d6d5-0dfd-4283-89dd-ca1dcfa41ba3","log-attachments","logs/2026/08/24/a3584dc1-b214-4c02-9dd2-fd156cbbf360.png","{""eTag"":""\""285040239f1ab92cb996eee49ae79cc0\"""",""size"":1994793,""mimetype"":""image/png"",""cacheControl"":""max-age=3600"",""lastModified"":""2026-08-24T12:37:46.000Z"",""contentLength"":1994793,""httpStatusCode"":200}","2026-08-24 12:37:45.311418+00","2026-08-24 12:37:45.311418+00"
"195657d7-27c4-4f9d-a9f5-77de6dcf5f4b","log-attachments","logs/2026/08/24/ba912caf-5ae4-4671-bcd7-134c20c9731e.md","{""eTag"":""\""9c8f91cb9e3705f9fe165b726da7de21\"""",""size"":18877,""mimetype"":""text/markdown"",""cacheControl"":""max-age=3600"",""lastModified"":""2026-08-24T14:54:58.000Z"",""contentLength"":18877,""httpStatusCode"":200}","2026-08-24 14:54:57.471194+00","2026-08-24 14:54:57.471194+00"
"13aa2a29-cfaf-452e-a6b1-59071a0e449d","log-attachments","logs/2026/08/24/cf488c71-3299-4562-aa5a-6a692469edec.png","{""eTag"":""\""f2900d2112180865ce9b9b9666a4063a\"""",""size"":4088483,""mimetype"":""image/png"",""cacheControl"":""max-age=3600"",""lastModified"":""2026-08-24T14:53:35.000Z"",""contentLength"":4088483,""httpStatusCode"":200}","2026-08-24 14:53:34.12787+00","2026-08-24 14:53:34.12787+00"
"d99be792-f5f1-4197-a5fe-87884d015fba","log-attachments","logs/2026/08/24/fb0a8b26-d575-4970-b0af-56f145ef8359.md","{""eTag"":""\""907f265b687c4dc0a0497c10decaf286\"""",""size"":21283,""mimetype"":""text/markdown"",""cacheControl"":""max-age=3600"",""lastModified"":""2026-08-24T12:46:24.000Z"",""contentLength"":21283,""httpStatusCode"":200}","2026-08-24 12:46:23.739946+00","2026-08-24 12:46:23.739946+00"
"dcadcba2-820a-42e6-bb9d-6c5e5b89ff4d","log-attachments","logs/2026/08/25/30b42d15-5736-44c7-be5e-7546a74ff446.md","{""eTag"":""\""df153991a4ba9f3f52755affe80264f6\"""",""size"":12820,""mimetype"":""text/markdown"",""cacheControl"":""max-age=3600"",""lastModified"":""2026-08-24T19:28:43.000Z"",""contentLength"":12820,""httpStatusCode"":200}","2026-08-24 19:28:43.025533+00","2026-08-24 19:28:43.025533+00"
"f771a7f7-2cdc-4715-9138-dd3c3bd95844","log-attachments","logs/2026/08/25/7552c8bf-19f8-4e64-b257-01f2fc0c2dec.png","{""eTag"":""\""074e7086061c95778109ae875d0615db\"""",""size"":1977852,""mimetype"":""image/png"",""cacheControl"":""max-age=3600"",""lastModified"":""2026-08-24T19:41:08.000Z"",""contentLength"":1977852,""httpStatusCode"":200}","2026-08-24 19:41:08.000671+00","2026-08-24 19:41:08.000671+00"
"8343bc94-e377-483d-8211-a731190d9b7e","log-attachments","logs/2026/08/25/7b215759-8df0-4dd8-b9f6-94ebd6dda7c2.png","{""eTag"":""\""1e0771d64f775e3c7895486822077b41\"""",""size"":598502,""mimetype"":""image/png"",""cacheControl"":""max-age=3600"",""lastModified"":""2026-08-24T15:40:51.000Z"",""contentLength"":598502,""httpStatusCode"":200}","2026-08-24 15:40:50.964147+00","2026-08-24 15:40:50.964147+00"
"8cce50d7-f370-4c87-ac31-72fe71e1048d","log-attachments","logs/2026/08/25/7d414d18-a9ca-4cf7-9bb7-5d9643353ce6.png","{""eTag"":""\""6e29208c96d534d3f01c07a0b47cbed6\"""",""size"":2326910,""mimetype"":""image/png"",""cacheControl"":""max-age=3600"",""lastModified"":""2026-08-24T19:41:10.000Z"",""contentLength"":2326910,""httpStatusCode"":200}","2026-08-24 19:41:09.270593+00","2026-08-24 19:41:09.270593+00"
"3eb84ddf-449a-4c16-bee4-e93dccaa9c32","log-attachments","logs/2026/08/25/8163f527-0567-416c-9f35-8e495e0f3650.jpg","{""eTag"":""\""d71c5851204a5527e5e42cc877309917\"""",""size"":19624,""mimetype"":""image/jpeg"",""cacheControl"":""max-age=3600"",""lastModified"":""2026-08-24T15:40:52.000Z"",""contentLength"":19624,""httpStatusCode"":200}","2026-08-24 15:40:51.463893+00","2026-08-24 15:40:51.463893+00"
"078a8c49-db56-413f-8a23-466a93544cb7","log-attachments","logs/2026/08/25/8d315d61-b861-4b7f-8c61-4284d1a379e2.png","{""eTag"":""\""530b727b895ac1728349d9b78b5f9bb0\"""",""size"":4509754,""mimetype"":""image/png"",""cacheControl"":""max-age=3600"",""lastModified"":""2026-08-24T15:40:52.000Z"",""contentLength"":4509754,""httpStatusCode"":200}","2026-08-24 15:40:51.947685+00","2026-08-24 15:40:51.947685+00"
"b540f6d3-7497-4ccd-961d-61a175a95fe1","log-attachments","logs/2026/08/25/923c2deb-1664-4d88-8d58-4ce12fafedd4.md","{""eTag"":""\""e8f4b7328111dd9806cdef23d4fb5912\"""",""size"":25956,""mimetype"":""text/markdown"",""cacheControl"":""max-age=3600"",""lastModified"":""2026-08-24T15:41:20.000Z"",""contentLength"":25956,""httpStatusCode"":200}","2026-08-24 15:41:20.030428+00","2026-08-24 15:41:20.030428+00"
"b1904c60-de8b-44c6-9e8b-a19012ba09a4","log-attachments","logs/2026/08/25/a01818d8-65a7-4975-9cee-31ffeb5270a4.png","{""eTag"":""\""285040239f1ab92cb996eee49ae79cc0\"""",""size"":1994793,""mimetype"":""image/png"",""cacheControl"":""max-age=3600"",""lastModified"":""2026-08-24T19:41:09.000Z"",""contentLength"":1994793,""httpStatusCode"":200}","2026-08-24 19:41:08.834799+00","2026-08-24 19:41:08.834799+00"
"7a5ee48e-8520-42a8-8da3-87d98e6950ef","log-attachments","logs/2026/08/25/a3be91d3-0bdb-468c-bb15-ee6440738e8d.pdf","{""eTag"":""\""ecb2044e87cf9918560c882dd2bc993f\"""",""size"":6601789,""mimetype"":""application/pdf"",""cacheControl"":""max-age=3600"",""lastModified"":""2026-08-24T15:41:23.000Z"",""contentLength"":6601789,""httpStatusCode"":200}","2026-08-24 15:41:22.913745+00","2026-08-24 15:41:22.913745+00"
"a2986a46-7bca-4643-849f-88e7bd235fd1","log-attachments","logs/2026/08/25/a7e711e6-127b-43f6-9357-6860a6b4a4b0.md","{""eTag"":""\""04106fd0cc6cc2df3d474a84a03d28dc\"""",""size"":13522,""mimetype"":""text/markdown"",""cacheControl"":""max-age=3600"",""lastModified"":""2026-08-24T19:42:25.000Z"",""contentLength"":13522,""httpStatusCode"":200}","2026-08-24 19:42:24.888936+00","2026-08-24 19:42:24.888936+00"
"b8f6ed7b-bd85-4e63-a283-241fee0f69c1","log-attachments","logs/2026/08/25/a893b0de-f579-4d76-a647-e0cfc2cdaa17.png","{""eTag"":""\""e26e8b0120b560d3125ef23c0a11563a\"""",""size"":699354,""mimetype"":""image/png"",""cacheControl"":""max-age=3600"",""lastModified"":""2026-08-24T15:40:52.000Z"",""contentLength"":699354,""httpStatusCode"":200}","2026-08-24 15:40:51.265122+00","2026-08-24 15:40:51.265122+00"
"6e458ffd-9278-4e5f-be48-621f68642bef","log-attachments","logs/2026/08/25/aaf599ee-7374-4422-909c-0fdbf088c0fd.pdf","{""eTag"":""\""135d204f6a4c97d00cff804f301c4d48\"""",""size"":6637287,""mimetype"":""application/pdf"",""cacheControl"":""max-age=3600"",""lastModified"":""2026-08-24T15:41:32.000Z"",""contentLength"":6637287,""httpStatusCode"":200}","2026-08-24 15:41:31.282433+00","2026-08-24 15:41:31.282433+00"
"7bbab666-195a-4308-8001-fab87349dec5","log-attachments","logs/2026/08/25/b57a1208-977b-481c-9711-ff67e5193042.png","{""eTag"":""\""bfcc06283c332782810c175597140604\"""",""size"":1981383,""mimetype"":""image/png"",""cacheControl"":""max-age=3600"",""lastModified"":""2026-08-24T19:41:09.000Z"",""contentLength"":1981383,""httpStatusCode"":200}","2026-08-24 19:41:08.381294+00","2026-08-24 19:41:08.381294+00"
"2fe98365-4430-4da4-a878-c98c45f7109a","log-attachments","logs/2026/08/25/bd743723-b8be-4c1a-81c9-5c047e1b04ad.md","{""eTag"":""\""fff591eee44b55319e0621e38bbbf976\"""",""size"":26030,""mimetype"":""text/markdown"",""cacheControl"":""max-age=3600"",""lastModified"":""2026-08-24T19:28:53.000Z"",""contentLength"":26030,""httpStatusCode"":200}","2026-08-24 19:28:52.591231+00","2026-08-24 19:28:52.591231+00"
"c988898b-d8a0-494d-9a39-d32022789217","log-attachments","logs/2026/08/25/be731bd1-4601-46ee-81ed-1899018809ed.png","{""eTag"":""\""e734435c8cb994bc0b79bb2c76789470\"""",""size"":816573,""mimetype"":""image/png"",""cacheControl"":""max-age=3600"",""lastModified"":""2026-08-24T15:40:51.000Z"",""contentLength"":816573,""httpStatusCode"":200}","2026-08-24 15:40:50.723661+00","2026-08-24 15:40:50.723661+00"
"5e3b081e-c674-464c-8a67-61bb12a926d4","log-attachments","logs/2026/08/25/e4e5c087-63d3-4321-8f22-02ef20b85ea5.md","{""eTag"":""\""907f265b687c4dc0a0497c10decaf286\"""",""size"":21283,""mimetype"":""text/markdown"",""cacheControl"":""max-age=3600"",""lastModified"":""2026-08-24T19:42:26.000Z"",""contentLength"":21283,""httpStatusCode"":200}","2026-08-24 19:42:25.066787+00","2026-08-24 19:42:25.066787+00"
"d24cb8c7-f9be-4a4b-bbac-65ffd43cc5af","log-attachments","logs/2026/08/25/fd138e7d-0552-4fbe-87af-08a9711a2871.md","{""eTag"":""\""b6e05dc3054e0c25e1ce7893b07eccf4\"""",""size"":24747,""mimetype"":""text/markdown"",""cacheControl"":""max-age=3600"",""lastModified"":""2026-08-24T15:41:26.000Z"",""contentLength"":24747,""httpStatusCode"":200}","2026-08-24 15:41:25.410635+00","2026-08-24 15:41:25.410635+00"
"8359f6d0-82ff-4107-b206-549735c2c3d6","log-attachments","logs/2026/08/26/01edd592-5a72-4bfc-91ae-810f7c45588a.png","{""eTag"":""\""e734435c8cb994bc0b79bb2c76789470\"""",""size"":816573,""mimetype"":""image/png"",""cacheControl"":""max-age=3600"",""lastModified"":""2026-08-25T22:48:40.000Z"",""contentLength"":816573,""httpStatusCode"":200}","2026-08-25 22:48:39.826478+00","2026-08-25 22:48:39.826478+00"
"b4541995-af07-4ae7-b51e-433274f53a46","log-attachments","logs/2026/08/26/04b85fc4-5abe-4dcf-a310-a4d90f69b460.png","{""eTag"":""\""5a4f4aaa485df304d88adc6e8ffbabad\"""",""size"":1543039,""mimetype"":""image/png"",""cacheControl"":""max-age=3600"",""lastModified"":""2026-08-25T19:39:22.000Z"",""contentLength"":1543039,""httpStatusCode"":200}","2026-08-25 19:39:21.850699+00","2026-08-25 19:39:21.850699+00"
"dd7dd889-88ce-46d4-b7fa-5cf4f0dd1016","log-attachments","logs/2026/08/26/060ba9b5-3996-4619-b785-c1d579573c52.md","{""eTag"":""\""e8f4b7328111dd9806cdef23d4fb5912\"""",""size"":25956,""mimetype"":""text/markdown"",""cacheControl"":""max-age=3600"",""lastModified"":""2026-08-25T22:47:21.000Z"",""contentLength"":25956,""httpStatusCode"":200}","2026-08-25 22:47:20.890145+00","2026-08-25 22:47:20.890145+00"
"a15e6ff1-9bce-4840-afdc-48659e125ee6","log-attachments","logs/2026/08/26/0c2ddec4-0c0f-4e78-ac34-7241804cd8a0.png","{""eTag"":""\""e26e8b0120b560d3125ef23c0a11563a\"""",""size"":699354,""mimetype"":""image/png"",""cacheControl"":""max-age=3600"",""lastModified"":""2026-08-25T23:23:40.000Z"",""contentLength"":699354,""httpStatusCode"":200}","2026-08-25 23:23:39.151079+00","2026-08-25 23:23:39.151079+00"
"01ae3d06-c79e-4a4e-beb6-691b47ad0493","log-attachments","logs/2026/08/26/0d24df2f-b49c-494e-b9d0-0b4ad687ec47.pdf","{""eTag"":""\""135d204f6a4c97d00cff804f301c4d48\"""",""size"":6637287,""mimetype"":""application/pdf"",""cacheControl"":""max-age=3600"",""lastModified"":""2026-08-25T22:47:23.000Z"",""contentLength"":6637287,""httpStatusCode"":200}","2026-08-25 22:47:22.662199+00","2026-08-25 22:47:22.662199+00"
"060aa6d9-78b6-42b8-a97b-e7c93991ba24","log-attachments","logs/2026/08/26/0d7649df-8017-401a-ad82-383d6d1aba86.pdf","{""eTag"":""\""20c07c27063645441b7dcb0a31a0399d\"""",""size"":814556,""mimetype"":""application/pdf"",""cacheControl"":""max-age=3600"",""lastModified"":""2026-08-25T22:44:52.000Z"",""contentLength"":814556,""httpStatusCode"":200}","2026-08-25 22:44:51.447718+00","2026-08-25 22:44:51.447718+00"
"69641e55-2ba3-499c-9328-9c641390935a","log-attachments","logs/2026/08/26/0fdf8bb8-e79f-41bb-83fd-17290a442705.pdf","{""eTag"":""\""e49de93addf2cf71066d03ddc33cada0\"""",""size"":6724769,""mimetype"":""application/pdf"",""cacheControl"":""max-age=3600"",""lastModified"":""2026-08-25T22:47:24.000Z"",""contentLength"":6724769,""httpStatusCode"":200}","2026-08-25 22:47:23.275611+00","2026-08-25 22:47:23.275611+00"
"96aa9ed6-1274-49bd-ae8f-e48d5aa2c96f","log-attachments","logs/2026/08/26/10c812b1-c68c-4953-81b0-5f5931634ead.png","{""eTag"":""\""e734435c8cb994bc0b79bb2c76789470\"""",""size"":816573,""mimetype"":""image/png"",""cacheControl"":""max-age=3600"",""lastModified"":""2026-08-25T23:23:39.000Z"",""contentLength"":816573,""httpStatusCode"":200}","2026-08-25 23:23:38.590629+00","2026-08-25 23:23:38.590629+00"
"91497e7b-d224-4467-9c80-0081deecb0cc","log-attachments","logs/2026/08/26/1507b97b-72ec-4d2d-9ac8-fa21e5d62852.md","{""eTag"":""\""e8f4b7328111dd9806cdef23d4fb5912\"""",""size"":25956,""mimetype"":""text/markdown"",""cacheControl"":""max-age=3600"",""lastModified"":""2026-08-25T22:44:49.000Z"",""contentLength"":25956,""httpStatusCode"":200}","2026-08-25 22:44:48.203689+00","2026-08-25 22:44:48.203689+00"
"e9cfc69e-ac0d-48bb-8f89-1e61e5e9dde6","log-attachments","logs/2026/08/26/15ef2f1b-d5dd-44fd-9a54-5bf99e3bd7e0.md","{""eTag"":""\""f5baf03559af25e6f25774f690984f89\"""",""size"":6343,""mimetype"":""text/markdown"",""cacheControl"":""max-age=3600"",""lastModified"":""2026-08-25T22:23:46.000Z"",""contentLength"":6343,""httpStatusCode"":200}","2026-08-25 22:23:45.602571+00","2026-08-25 22:23:45.602571+00"
"bcc01f6d-4649-4edd-a95b-423c5198c359","log-attachments","logs/2026/08/26/1a088aca-0144-42d1-a7c8-bc093dc9778b.pdf","{""eTag"":""\""ecb2044e87cf9918560c882dd2bc993f\"""",""size"":6601789,""mimetype"":""application/pdf"",""cacheControl"":""max-age=3600"",""lastModified"":""2026-08-25T22:47:22.000Z"",""contentLength"":6601789,""httpStatusCode"":200}","2026-08-25 22:47:21.629452+00","2026-08-25 22:47:21.629452+00"
"2247c783-2268-4228-b5a9-23edce3658e6","log-attachments","logs/2026/08/26/221b31de-ed7b-44db-8d63-31e619d9ea7c.pdf","{""eTag"":""\""135d204f6a4c97d00cff804f301c4d48\"""",""size"":6637287,""mimetype"":""application/pdf"",""cacheControl"":""max-age=3600"",""lastModified"":""2026-08-25T22:48:59.000Z"",""contentLength"":6637287,""httpStatusCode"":200}","2026-08-25 22:48:58.166278+00","2026-08-25 22:48:58.166278+00"
"becf01d2-356a-4b5b-b365-1d48aef1a720","log-attachments","logs/2026/08/26/232442a5-fdad-435d-a101-55d60d06bb15.md","{""eTag"":""\""767743bdf86504d17a17b7ade5545c69\"""",""size"":4744,""mimetype"":""text/markdown"",""cacheControl"":""max-age=3600"",""lastModified"":""2026-08-26T03:08:48.000Z"",""contentLength"":4744,""httpStatusCode"":200}","2026-08-26 03:08:47.5961+00","2026-08-26 03:08:47.5961+00"
"02b8b0ed-b157-424c-9f5a-febc98aaef1f","log-attachments","logs/2026/08/26/26de105f-a2e3-4f0d-998f-550cfc2bf8b7.md","{""eTag"":""\""0fc3affd9fd32fbfef09958dc11f5c8f\"""",""size"":3662,""mimetype"":""text/markdown"",""cacheControl"":""max-age=3600"",""lastModified"":""2026-08-26T03:12:31.000Z"",""contentLength"":3662,""httpStatusCode"":200}","2026-08-26 03:12:30.23408+00","2026-08-26 03:12:30.23408+00"
"7e7e40bd-126a-45ab-913b-27fbc082b77e","log-attachments","logs/2026/08/26/27a9015f-5261-4f08-97b4-4a30f9e6303d.md","{""eTag"":""\""bc5249504a44f1df7cbfa2d4534d96eb\"""",""size"":37115,""mimetype"":""text/markdown"",""cacheControl"":""max-age=3600"",""lastModified"":""2026-08-26T03:08:48.000Z"",""contentLength"":37115,""httpStatusCode"":200}","2026-08-26 03:08:47.405448+00","2026-08-26 03:08:47.405448+00"
"f16941f2-ba74-4d6f-8eda-5bc277abc4f0","log-attachments","logs/2026/08/26/2896eb83-1f5a-45dd-9e2b-8862eec3b3b6.png","{""eTag"":""\""1e0771d64f775e3c7895486822077b41\"""",""size"":598502,""mimetype"":""image/png"",""cacheControl"":""max-age=3600"",""lastModified"":""2026-08-25T23:23:39.000Z"",""contentLength"":598502,""httpStatusCode"":200}","2026-08-25 23:23:38.862163+00","2026-08-25 23:23:38.862163+00"
"8cbc1b85-bae0-4bd6-9f1f-c8d7c97b8e50","log-attachments","logs/2026/08/26/30f1f490-4ef5-4143-aeb3-a1205d2ac8de.pdf","{""eTag"":""\""20c07c27063645441b7dcb0a31a0399d\"""",""size"":814556,""mimetype"":""application/pdf"",""cacheControl"":""max-age=3600"",""lastModified"":""2026-08-25T22:44:45.000Z"",""contentLength"":814556,""httpStatusCode"":200}","2026-08-25 22:44:44.246988+00","2026-08-25 22:44:44.246988+00"
"f80a4657-f0ac-4d02-b32d-a5a4924f4a24","log-attachments","logs/2026/08/26/32357a59-8dcf-445f-ae95-14b61c68cfee.md","{""eTag"":""\""4ff589118376f79384b0b54b20cd7b33\"""",""size"":3291,""mimetype"":""text/markdown"",""cacheControl"":""max-age=3600"",""lastModified"":""2026-08-25T19:55:06.000Z"",""contentLength"":3291,""httpStatusCode"":200}","2026-08-25 19:55:05.743921+00","2026-08-25 19:55:05.743921+00"
"8a4b6897-28d8-44e5-8780-1b779c847899","log-attachments","logs/2026/08/26/3431d8d1-bcee-4799-bf5e-c2d78f235ecb.png","{""eTag"":""\""530b727b895ac1728349d9b78b5f9bb0\"""",""size"":4509754,""mimetype"":""image/png"",""cacheControl"":""max-age=3600"",""lastModified"":""2026-08-25T23:23:40.000Z"",""contentLength"":4509754,""httpStatusCode"":200}","2026-08-25 23:23:39.807991+00","2026-08-25 23:23:39.807991+00"
"b69d7d0b-6c4c-47db-bb5f-359afea4862a","log-attachments","logs/2026/08/26/34d75414-96d8-43e2-96e9-e1d4984d1eef.png","{""eTag"":""\""e26e8b0120b560d3125ef23c0a11563a\"""",""size"":699354,""mimetype"":""image/png"",""cacheControl"":""max-age=3600"",""lastModified"":""2026-08-25T22:44:14.000Z"",""contentLength"":699354,""httpStatusCode"":200}","2026-08-25 22:44:13.780287+00","2026-08-25 22:44:13.780287+00"
"420b1c3f-f58b-48cd-ab94-6c1648798714","log-attachments","logs/2026/08/26/36c65330-4249-4424-92e3-2b74c3a927f3.png","{""eTag"":""\""04d2c3bbfb18deb22c58fc896c6c71f9\"""",""size"":653880,""mimetype"":""image/png"",""cacheControl"":""max-age=3600"",""lastModified"":""2026-08-26T03:13:57.000Z"",""contentLength"":653880,""httpStatusCode"":200}","2026-08-26 03:13:56.644543+00","2026-08-26 03:13:56.644543+00"
"1fda0f31-a601-4d0f-9c34-f95024fb0b71","log-attachments","logs/2026/08/26/38761cdb-b096-4eaf-bf9f-b86240ad5807.pdf","{""eTag"":""\""ecb2044e87cf9918560c882dd2bc993f\"""",""size"":6601789,""mimetype"":""application/pdf"",""cacheControl"":""max-age=3600"",""lastModified"":""2026-08-25T22:48:58.000Z"",""contentLength"":6601789,""httpStatusCode"":200}","2026-08-25 22:48:57.317079+00","2026-08-25 22:48:57.317079+00"
"26abf9f2-ff38-44c7-9255-6b93926f0ae5","log-attachments","logs/2026/08/26/38fcfa94-cca3-4bef-8ad5-3a3a1cb7a845.md","{""eTag"":""\""4cea5fd7a58c13f49758c9c47b98e0fd\"""",""size"":11229,""mimetype"":""text/markdown"",""cacheControl"":""max-age=3600"",""lastModified"":""2026-08-25T19:53:07.000Z"",""contentLength"":11229,""httpStatusCode"":200}","2026-08-25 19:53:06.595218+00","2026-08-25 19:53:06.595218+00"
"8ab0c1b8-83a4-43c1-bd9c-43bbd8add307","log-attachments","logs/2026/08/26/39a1ea0f-77bd-4262-b3b4-5c3d2c6390c0.png","{""eTag"":""\""1e0771d64f775e3c7895486822077b41\"""",""size"":598502,""mimetype"":""image/png"",""cacheControl"":""max-age=3600"",""lastModified"":""2026-08-25T22:43:22.000Z"",""contentLength"":598502,""httpStatusCode"":200}","2026-08-25 22:43:21.803285+00","2026-08-25 22:43:21.803285+00"
"44f4abb8-4dff-454d-ad97-8610c50b8951","log-attachments","logs/2026/08/26/3c199882-36b4-4444-8431-8a08897c4437.md","{""eTag"":""\""e2ec58898cff16721a5b71acd286cdc3\"""",""size"":19546,""mimetype"":""text/markdown"",""cacheControl"":""max-age=3600"",""lastModified"":""2026-08-25T22:44:52.000Z"",""contentLength"":19546,""httpStatusCode"":200}","2026-08-25 22:44:51.059713+00","2026-08-25 22:44:51.059713+00"
"3e230e1a-547e-48f7-a6ef-5fcc1b7af626","log-attachments","logs/2026/08/26/3c747286-7f8d-4e56-8078-38935d9d7947.md","{""eTag"":""\""4cea5fd7a58c13f49758c9c47b98e0fd\"""",""size"":11229,""mimetype"":""text/markdown"",""cacheControl"":""max-age=3600"",""lastModified"":""2026-08-25T19:55:06.000Z"",""contentLength"":11229,""httpStatusCode"":200}","2026-08-25 19:55:05.061056+00","2026-08-25 19:55:05.061056+00"
"df84d934-64b1-4389-a922-4c5acace65e2","log-attachments","logs/2026/08/26/3e1b9856-81f2-4b4b-99d5-f97cdf1999c9.pdf","{""eTag"":""\""135d204f6a4c97d00cff804f301c4d48\"""",""size"":6637287,""mimetype"":""application/pdf"",""cacheControl"":""max-age=3600"",""lastModified"":""2026-08-25T22:44:42.000Z"",""contentLength"":6637287,""httpStatusCode"":200}","2026-08-25 22:44:41.997412+00","2026-08-25 22:44:41.997412+00"
"0c471b78-1ce5-4044-9618-7920f4e91a38","log-attachments","logs/2026/08/26/3eb993d2-8b7d-4520-ae8d-891e06957290.md","{""eTag"":""\""87425615d9b8f071e82a6fcbb77800f6\"""",""size"":7850,""mimetype"":""text/markdown"",""cacheControl"":""max-age=3600"",""lastModified"":""2026-08-25T19:53:09.000Z"",""contentLength"":7850,""httpStatusCode"":200}","2026-08-25 19:53:08.089167+00","2026-08-25 19:53:08.089167+00"
"a68f7783-d5cc-40b0-bf3c-1114b6ec71ff","log-attachments","logs/2026/08/26/418b996f-5117-4576-9bec-18fa5659bfdd.pdf","{""eTag"":""\""135d204f6a4c97d00cff804f301c4d48\"""",""size"":6637287,""mimetype"":""application/pdf"",""cacheControl"":""max-age=3600"",""lastModified"":""2026-08-25T22:44:50.000Z"",""contentLength"":6637287,""httpStatusCode"":200}","2026-08-25 22:44:49.969658+00","2026-08-25 22:44:49.969658+00"
"d00d7f7d-599d-4c13-89c9-81cea31c8d8d","log-attachments","logs/2026/08/26/4d7132a0-fb1c-4877-88a1-fce07f296672.png","{""eTag"":""\""e734435c8cb994bc0b79bb2c76789470\"""",""size"":816573,""mimetype"":""image/png"",""cacheControl"":""max-age=3600"",""lastModified"":""2026-08-25T22:43:22.000Z"",""contentLength"":816573,""httpStatusCode"":200}","2026-08-25 22:43:21.455438+00","2026-08-25 22:43:21.455438+00"
"fccd0061-33aa-4265-a517-4db17fc44a34","log-attachments","logs/2026/08/26/4d9a84e4-1526-42ae-809a-99ad424d7832.png","{""eTag"":""\""e26e8b0120b560d3125ef23c0a11563a\"""",""size"":699354,""mimetype"":""image/png"",""cacheControl"":""max-age=3600"",""lastModified"":""2026-08-25T22:46:58.000Z"",""contentLength"":699354,""httpStatusCode"":200}","2026-08-25 22:46:57.252626+00","2026-08-25 22:46:57.252626+00"
"f29e46b2-e765-436a-8f59-4fba8bbb59be","log-attachments","logs/2026/08/26/4f131e4e-0aec-494c-b70f-12cb47330ab0.pdf","{""eTag"":""\""ecb2044e87cf9918560c882dd2bc993f\"""",""size"":6601789,""mimetype"":""application/pdf"",""cacheControl"":""max-age=3600"",""lastModified"":""2026-08-26T00:48:58.000Z"",""contentLength"":6601789,""httpStatusCode"":200}","2026-08-26 00:48:58.006493+00","2026-08-26 00:48:58.006493+00"
"83310f65-8406-4980-ae52-6491818dce34","log-attachments","logs/2026/08/26/50deb274-b136-4500-9d71-6c1e62b41834.md","{""eTag"":""\""8a0f2553492c4584fab600dbbd588284\"""",""size"":12330,""mimetype"":""text/markdown"",""cacheControl"":""max-age=3600"",""lastModified"":""2026-08-25T22:24:07.000Z"",""contentLength"":12330,""httpStatusCode"":200}","2026-08-25 22:24:06.811487+00","2026-08-25 22:24:06.811487+00"
"8b1c2b5c-2dfc-492c-88f5-4b91fe9f2cec","log-attachments","logs/2026/08/26/528bb5fb-5d6f-47ac-9cf3-b65f1001d65d.md","{""eTag"":""\""77e57adc4d3569c9e94b226cdb0dc3c7\"""",""size"":11474,""mimetype"":""text/markdown"",""cacheControl"":""max-age=3600"",""lastModified"":""2026-08-25T19:40:56.000Z"",""contentLength"":11474,""httpStatusCode"":200}","2026-08-25 19:40:55.275871+00","2026-08-25 19:40:55.275871+00"
"40d83538-54f7-4a53-b0e0-b3963c6f9c9f","log-attachments","logs/2026/08/26/590172b3-e5f4-4210-81b8-25c9bba184f6.pdf","{""eTag"":""\""135d204f6a4c97d00cff804f301c4d48\"""",""size"":6637287,""mimetype"":""application/pdf"",""cacheControl"":""max-age=3600"",""lastModified"":""2026-08-26T00:48:59.000Z"",""contentLength"":6637287,""httpStatusCode"":200}","2026-08-26 00:48:59.111706+00","2026-08-26 00:48:59.111706+00"
"042a2e3c-aa1f-4f60-bb59-15643c9dc227","log-attachments","logs/2026/08/26/59379354-b259-4a4c-a55f-990550999e1e.md","{""eTag"":""\""1f50f724cb6faf929dd0158c13bcda85\"""",""size"":12049,""mimetype"":""text/markdown"",""cacheControl"":""max-age=3600"",""lastModified"":""2026-08-25T19:55:05.000Z"",""contentLength"":12049,""httpStatusCode"":200}","2026-08-25 19:55:04.89525+00","2026-08-25 19:55:04.89525+00"
"b2667775-0498-4560-9100-7e93ef8bf38a","log-attachments","logs/2026/08/26/5d3ee942-3bc8-40ba-b23a-16eada8e3038.md","{""eTag"":""\""e2ec58898cff16721a5b71acd286cdc3\"""",""size"":19546,""mimetype"":""text/markdown"",""cacheControl"":""max-age=3600"",""lastModified"":""2026-08-25T22:47:24.000Z"",""contentLength"":19546,""httpStatusCode"":200}","2026-08-25 22:47:23.45819+00","2026-08-25 22:47:23.45819+00"
"b00f1826-5559-4aed-ae98-b4af6d0a9116","log-attachments","logs/2026/08/26/5f132002-ef10-444c-a7ad-bf934d38b481.png","{""eTag"":""\""5dbe8ccf0cfa10946cf816909611dc35\"""",""size"":726112,""mimetype"":""image/png"",""cacheControl"":""max-age=3600"",""lastModified"":""2026-08-26T03:13:57.000Z"",""contentLength"":726112,""httpStatusCode"":200}","2026-08-26 03:13:56.433387+00","2026-08-26 03:13:56.433387+00"
"40041d0a-563f-4496-839f-0cab1099473f","log-attachments","logs/2026/08/26/6369a876-57bd-4ebb-b154-ef469f621f70.md","{""eTag"":""\""e8f4b7328111dd9806cdef23d4fb5912\"""",""size"":25956,""mimetype"":""text/markdown"",""cacheControl"":""max-age=3600"",""lastModified"":""2026-08-25T22:48:57.000Z"",""contentLength"":25956,""httpStatusCode"":200}","2026-08-25 22:48:56.605145+00","2026-08-25 22:48:56.605145+00"
"f4603ca6-3715-4d45-b47f-f2035165c97b","log-attachments","logs/2026/08/26/64cca1c2-5924-4cc0-881a-5db385413212.pdf","{""eTag"":""\""e49de93addf2cf71066d03ddc33cada0\"""",""size"":6724769,""mimetype"":""application/pdf"",""cacheControl"":""max-age=3600"",""lastModified"":""2026-08-25T22:49:00.000Z"",""contentLength"":6724769,""httpStatusCode"":200}","2026-08-25 22:48:59.137867+00","2026-08-25 22:48:59.137867+00"
"1f4416df-5c9f-4892-b452-2cd4594824b3","log-attachments","logs/2026/08/26/667ddeae-2b62-4955-bc2c-c35a1a8f30fa.pdf","{""eTag"":""\""ecb2044e87cf9918560c882dd2bc993f\"""",""size"":6601789,""mimetype"":""application/pdf"",""cacheControl"":""max-age=3600"",""lastModified"":""2026-08-25T22:44:49.000Z"",""contentLength"":6601789,""httpStatusCode"":200}","2026-08-25 22:44:49.011019+00","2026-08-25 22:44:49.011019+00"
"58384b1a-1f4d-4268-bc32-d97350b3b027","log-attachments","logs/2026/08/26/67bd34f7-b87a-4bcf-97fb-bed8dd6961e4.md","{""eTag"":""\""e8f4b7328111dd9806cdef23d4fb5912\"""",""size"":25956,""mimetype"":""text/markdown"",""cacheControl"":""max-age=3600"",""lastModified"":""2026-08-25T22:44:39.000Z"",""contentLength"":25956,""httpStatusCode"":200}","2026-08-25 22:44:38.508156+00","2026-08-25 22:44:38.508156+00"
"6adfdfd3-5740-43d7-84a9-1d5c2b2394aa","log-attachments","logs/2026/08/26/688e1474-d4fe-437b-ab80-ad40ac915e83.pdf","{""eTag"":""\""e60da44a77630c9f83f2a7c27a0b1d5a\"""",""size"":589783,""mimetype"":""application/pdf"",""cacheControl"":""max-age=3600"",""lastModified"":""2026-08-25T19:53:09.000Z"",""contentLength"":589783,""httpStatusCode"":200}","2026-08-25 19:53:08.481467+00","2026-08-25 19:53:08.481467+00"
"1705c92b-b3de-4c00-b51b-a84426e2a420","log-attachments","logs/2026/08/26/6f294e8f-2802-467a-9bfd-7ef2db25a8cc.md","{""eTag"":""\""1f50f724cb6faf929dd0158c13bcda85\"""",""size"":12049,""mimetype"":""text/markdown"",""cacheControl"":""max-age=3600"",""lastModified"":""2026-08-25T19:53:07.000Z"",""contentLength"":12049,""httpStatusCode"":200}","2026-08-25 19:53:06.312933+00","2026-08-25 19:53:06.312933+00"
"22208e15-61b4-47bd-b82b-2f7b0705c61c","log-attachments","logs/2026/08/26/711aaf9d-7f00-40f5-a7f6-255d8fa9fc46.pdf","{""eTag"":""\""546ed684cd344f818a0449454e887182\"""",""size"":392933,""mimetype"":""application/pdf"",""cacheControl"":""max-age=3600"",""lastModified"":""2026-08-25T19:53:08.000Z"",""contentLength"":392933,""httpStatusCode"":200}","2026-08-25 19:53:07.857293+00","2026-08-25 19:53:07.857293+00"
"305e1610-0c3b-4c02-a4ad-4d58b3df7075","log-attachments","logs/2026/08/26/74b4b33e-ca2b-4f9a-9315-b38b97d6e127.md","{""eTag"":""\""32f4227b7c92fb870ecaf0b3fbf37f69\"""",""size"":16355,""mimetype"":""text/markdown"",""cacheControl"":""max-age=3600"",""lastModified"":""2026-08-26T03:12:30.000Z"",""contentLength"":16355,""httpStatusCode"":200}","2026-08-26 03:12:30.045294+00","2026-08-26 03:12:30.045294+00"
"71221171-58b0-49de-8797-6bed4dd9097b","log-attachments","logs/2026/08/26/77a7f380-8922-48b8-820c-8fbdf611f81b.pdf","{""eTag"":""\""e49de93addf2cf71066d03ddc33cada0\"""",""size"":6724769,""mimetype"":""application/pdf"",""cacheControl"":""max-age=3600"",""lastModified"":""2026-08-25T22:44:51.000Z"",""contentLength"":6724769,""httpStatusCode"":200}","2026-08-25 22:44:50.873831+00","2026-08-25 22:44:50.873831+00"
"3ca9b871-d3b7-49ff-91d7-d17c9d4de5fd","log-attachments","logs/2026/08/26/7ade48ab-aa46-47c4-a8a0-5bc12b1550cb.md","{""eTag"":""\""7aa3767c4b5674fe316f9707f9f2879c\"""",""size"":3175,""mimetype"":""text/markdown"",""cacheControl"":""max-age=3600"",""lastModified"":""2026-08-25T22:24:08.000Z"",""contentLength"":3175,""httpStatusCode"":200}","2026-08-25 22:24:07.359683+00","2026-08-25 22:24:07.359683+00"
"3a83f725-accd-46b2-be59-194b7ebb351a","log-attachments","logs/2026/08/26/7b42d8f8-f55c-40d2-97a6-d4f583458164.md","{""eTag"":""\""b67458e426de061ee42cbf829a1f4245\"""",""size"":5850,""mimetype"":""text/markdown"",""cacheControl"":""max-age=3600"",""lastModified"":""2026-08-26T03:12:31.000Z"",""contentLength"":5850,""httpStatusCode"":200}","2026-08-26 03:12:30.385112+00","2026-08-26 03:12:30.385112+00"
"a994e61b-4c0b-44b0-b01f-9141ecb77ed2","log-attachments","logs/2026/08/26/7cced06e-6fad-4242-9ad1-cf30b69c6001.png","{""eTag"":""\""1e0771d64f775e3c7895486822077b41\"""",""size"":598502,""mimetype"":""image/png"",""cacheControl"":""max-age=3600"",""lastModified"":""2026-08-25T22:48:41.000Z"",""contentLength"":598502,""httpStatusCode"":200}","2026-08-25 22:48:40.116018+00","2026-08-25 22:48:40.116018+00"
"46cf767b-9992-40bb-b9b3-b0617eb34d1b","log-attachments","logs/2026/08/26/7e0ec638-6777-4bdf-b013-466a4c040c30.pdf","{""eTag"":""\""546ed684cd344f818a0449454e887182\"""",""size"":392933,""mimetype"":""application/pdf"",""cacheControl"":""max-age=3600"",""lastModified"":""2026-08-25T19:55:06.000Z"",""contentLength"":392933,""httpStatusCode"":200}","2026-08-25 19:55:06.021681+00","2026-08-25 19:55:06.021681+00"
"a197a0cb-8029-40ee-99ab-e1b0e6fe1a23","log-attachments","logs/2026/08/26/7fc7016f-1331-4f27-94a4-d8a0decdc0dc.pdf","{""eTag"":""\""135d204f6a4c97d00cff804f301c4d48\"""",""size"":6637287,""mimetype"":""application/pdf"",""cacheControl"":""max-age=3600"",""lastModified"":""2026-08-26T00:46:33.000Z"",""contentLength"":6637287,""httpStatusCode"":200}","2026-08-26 00:46:32.76101+00","2026-08-26 00:46:32.76101+00"
"692e12bd-e38d-4451-9474-b25484a5d8ec","log-attachments","logs/2026/08/26/80d02876-c3a3-478c-8f11-3c5c8eaa3cff.md","{""eTag"":""\""80021b9f922f24986756f931c35b6ac7\"""",""size"":8188,""mimetype"":""text/markdown"",""cacheControl"":""max-age=3600"",""lastModified"":""2026-08-25T19:53:07.000Z"",""contentLength"":8188,""httpStatusCode"":200}","2026-08-25 19:53:06.89938+00","2026-08-25 19:53:06.89938+00"
"c3870c48-372f-4d0c-af01-5f190a8aa322","log-attachments","logs/2026/08/26/816c2234-c59b-4cbb-9ffb-46ec27223a1a.pdf","{""eTag"":""\""ecb2044e87cf9918560c882dd2bc993f\"""",""size"":6601789,""mimetype"":""application/pdf"",""cacheControl"":""max-age=3600"",""lastModified"":""2026-08-26T00:46:32.000Z"",""contentLength"":6601789,""httpStatusCode"":200}","2026-08-26 00:46:31.914057+00","2026-08-26 00:46:31.914057+00"
"2e944f4d-1c09-4813-99e6-8af56998a5b2","log-attachments","logs/2026/08/26/83285b1c-9686-4a4e-92f4-b1cd23dae9e8.md","{""eTag"":""\""80021b9f922f24986756f931c35b6ac7\"""",""size"":8188,""mimetype"":""text/markdown"",""cacheControl"":""max-age=3600"",""lastModified"":""2026-08-25T19:55:06.000Z"",""contentLength"":8188,""httpStatusCode"":200}","2026-08-25 19:55:05.240469+00","2026-08-25 19:55:05.240469+00"
"c2969334-d3b1-461e-b290-425930aa3558","log-attachments","logs/2026/08/26/8519c6bb-ae18-4257-a7be-a58dbeafaf21.md","{""eTag"":""\""b6e05dc3054e0c25e1ce7893b07eccf4\"""",""size"":24747,""mimetype"":""text/markdown"",""cacheControl"":""max-age=3600"",""lastModified"":""2026-08-26T00:46:33.000Z"",""contentLength"":24747,""httpStatusCode"":200}","2026-08-26 00:46:32.101413+00","2026-08-26 00:46:32.101413+00"
"736241fd-22e7-4c32-8871-00dc752de3ec","log-attachments","logs/2026/08/26/85925fc6-a63e-4a40-91cd-081faa19a8fc.jpg","{""eTag"":""\""d71c5851204a5527e5e42cc877309917\"""",""size"":19624,""mimetype"":""image/jpeg"",""cacheControl"":""max-age=3600"",""lastModified"":""2026-08-25T23:23:40.000Z"",""contentLength"":19624,""httpStatusCode"":200}","2026-08-25 23:23:39.305768+00","2026-08-25 23:23:39.305768+00"
"09acb6b1-6630-4f1d-a38b-3da801bfd8fb","log-attachments","logs/2026/08/26/859f0878-fe27-42c5-8a5c-0d7b3edbbd2a.md","{""eTag"":""\""30a7c6fa36b5d2c7752285bd94fba90f\"""",""size"":6602,""mimetype"":""text/markdown"",""cacheControl"":""max-age=3600"",""lastModified"":""2026-08-25T22:24:08.000Z"",""contentLength"":6602,""httpStatusCode"":200}","2026-08-25 22:24:07.864411+00","2026-08-25 22:24:07.864411+00"
"b9704f48-a7c1-4dde-b2cc-4963a846d7d1","log-attachments","logs/2026/08/26/8a993cd6-9c2f-4206-b894-687472885504.pdf","{""eTag"":""\""e60da44a77630c9f83f2a7c27a0b1d5a\"""",""size"":589783,""mimetype"":""application/pdf"",""cacheControl"":""max-age=3600"",""lastModified"":""2026-08-25T19:55:07.000Z"",""contentLength"":589783,""httpStatusCode"":200}","2026-08-25 19:55:06.546841+00","2026-08-25 19:55:06.546841+00"
"bc4229ad-514c-4e17-b047-b8575ee7de1d","log-attachments","logs/2026/08/26/8b5691f1-58b0-4df2-b352-7db14ffb724a.md","{""eTag"":""\""b6e05dc3054e0c25e1ce7893b07eccf4\"""",""size"":24747,""mimetype"":""text/markdown"",""cacheControl"":""max-age=3600"",""lastModified"":""2026-08-26T00:48:59.000Z"",""contentLength"":24747,""httpStatusCode"":200}","2026-08-26 00:48:58.394998+00","2026-08-26 00:48:58.394998+00"
"6319b93d-1a5c-410a-b8b1-cc7d58d39267","log-attachments","logs/2026/08/26/90fff473-1648-42d1-aafe-0098fead90be.png","{""eTag"":""\""1e0771d64f775e3c7895486822077b41\"""",""size"":598502,""mimetype"":""image/png"",""cacheControl"":""max-age=3600"",""lastModified"":""2026-08-25T22:44:14.000Z"",""contentLength"":598502,""httpStatusCode"":200}","2026-08-25 22:44:13.442306+00","2026-08-25 22:44:13.442306+00"
"1743b830-d261-4eb8-a3e3-1b9682eaad4a","log-attachments","logs/2026/08/26/917ef406-e609-497a-a5c2-117babb81b78.md","{""eTag"":""\""e2ec58898cff16721a5b71acd286cdc3\"""",""size"":19546,""mimetype"":""text/markdown"",""cacheControl"":""max-age=3600"",""lastModified"":""2026-08-25T22:44:44.000Z"",""contentLength"":19546,""httpStatusCode"":200}","2026-08-25 22:44:43.799356+00","2026-08-25 22:44:43.799356+00"
"9cbd960f-e4b0-4a0b-83a0-3a0eb257c66f","log-attachments","logs/2026/08/26/9961d731-477c-4537-8aff-9f006bfff3bc.md","{""eTag"":""\""a9be0a42a464934d50b8e296d778411e\"""",""size"":35601,""mimetype"":""text/markdown"",""cacheControl"":""max-age=3600"",""lastModified"":""2026-08-25T22:48:59.000Z"",""contentLength"":35601,""httpStatusCode"":200}","2026-08-25 22:48:58.433699+00","2026-08-25 22:48:58.433699+00"
"eba99d63-bd64-4eef-8cb7-45de3826427d","log-attachments","logs/2026/08/26/9b4aa24b-5ae0-4a8c-8fd4-bd14a4d6cde3.jpg","{""eTag"":""\""d71c5851204a5527e5e42cc877309917\"""",""size"":19624,""mimetype"":""image/jpeg"",""cacheControl"":""max-age=3600"",""lastModified"":""2026-08-25T22:43:23.000Z"",""contentLength"":19624,""httpStatusCode"":200}","2026-08-25 22:43:22.288074+00","2026-08-25 22:43:22.288074+00"
"970808e0-1fdd-4d7e-87a6-4e4d52429018","log-attachments","logs/2026/08/26/9c5a34ce-27ce-46a0-b0c1-d7c2cd60c78b.md","{""eTag"":""\""e8f4b7328111dd9806cdef23d4fb5912\"""",""size"":25956,""mimetype"":""text/markdown"",""cacheControl"":""max-age=3600"",""lastModified"":""2026-08-26T00:48:58.000Z"",""contentLength"":25956,""httpStatusCode"":200}","2026-08-26 00:48:57.253779+00","2026-08-26 00:48:57.253779+00"
"ff2c64f8-75d3-4fd7-bd47-b544bcabfcf1","log-attachments","logs/2026/08/26/9ce5af1e-4e34-43e1-953c-c232b3ae477d.md","{""eTag"":""\""91783327ba0bf5c676f2e27d8bea3ffa\"""",""size"":5101,""mimetype"":""text/markdown"",""cacheControl"":""max-age=3600"",""lastModified"":""2026-08-26T03:08:48.000Z"",""contentLength"":5101,""httpStatusCode"":200}","2026-08-26 03:08:47.769218+00","2026-08-26 03:08:47.769218+00"
"9d4890c1-a3f6-46d7-b6e4-e195a8fd51d7","log-attachments","logs/2026/08/26/9f83f38f-1019-47d3-b450-008a797319f5.md","{""eTag"":""\""4ff589118376f79384b0b54b20cd7b33\"""",""size"":3291,""mimetype"":""text/markdown"",""cacheControl"":""max-age=3600"",""lastModified"":""2026-08-25T19:53:08.000Z"",""contentLength"":3291,""httpStatusCode"":200}","2026-08-25 19:53:07.532118+00","2026-08-25 19:53:07.532118+00"
"730e19a8-e592-4c09-9309-92815b09baf9","log-attachments","logs/2026/08/26/a6342924-593b-414f-86be-82af02ef0bc2.png","{""eTag"":""\""214f9eb71633fcab39dd1ac4945d1c8d\"""",""size"":1333987,""mimetype"":""image/png"",""cacheControl"":""max-age=3600"",""lastModified"":""2026-08-25T19:39:23.000Z"",""contentLength"":1333987,""httpStatusCode"":200}","2026-08-25 19:39:22.47825+00","2026-08-25 19:39:22.47825+00"
"9d0a4bf4-3142-4f15-8b58-4c5446a1bace","log-attachments","logs/2026/08/26/b347f8be-aece-440f-a09e-8481c5fad129.png","{""eTag"":""\""4912702d3c5fc72cca085502a571f8bd\"""",""size"":4419761,""mimetype"":""image/png"",""cacheControl"":""max-age=3600"",""lastModified"":""2026-08-26T03:13:57.000Z"",""contentLength"":4419761,""httpStatusCode"":200}","2026-08-26 03:13:57.095931+00","2026-08-26 03:13:57.095931+00"
"eb1dc3d6-6039-4983-88ed-0e95760ef333","log-attachments","logs/2026/08/26/b40521a6-cec4-4c2c-b57a-3558d8427467.md","{""eTag"":""\""b6e05dc3054e0c25e1ce7893b07eccf4\"""",""size"":24747,""mimetype"":""text/markdown"",""cacheControl"":""max-age=3600"",""lastModified"":""2026-08-25T22:44:41.000Z"",""contentLength"":24747,""httpStatusCode"":200}","2026-08-25 22:44:40.507582+00","2026-08-25 22:44:40.507582+00"
"f3e1036c-a55d-4a42-ac56-2643b405e57b","log-attachments","logs/2026/08/26/b694cd54-196d-44a1-91f0-9e20ec8e30b0.jpg","{""eTag"":""\""d71c5851204a5527e5e42cc877309917\"""",""size"":19624,""mimetype"":""image/jpeg"",""cacheControl"":""max-age=3600"",""lastModified"":""2026-08-25T22:48:41.000Z"",""contentLength"":19624,""httpStatusCode"":200}","2026-08-25 22:48:40.596949+00","2026-08-25 22:48:40.596949+00"
"44eec9b8-7715-4fd7-9cfa-57e12f87aef0","log-attachments","logs/2026/08/26/ba82c0bb-82a9-4c01-b376-872f438ded0a.md","{""eTag"":""\""5bfb4c2c7d8bfb4d20d8cd13f0dab9a0\"""",""size"":36894,""mimetype"":""text/markdown"",""cacheControl"":""max-age=3600"",""lastModified"":""2026-08-26T00:49:00.000Z"",""contentLength"":36894,""httpStatusCode"":200}","2026-08-26 00:48:59.41852+00","2026-08-26 00:48:59.41852+00"
"e63d9a6f-29dd-4157-aed8-077ce458b1d1","log-attachments","logs/2026/08/26/bdc79514-ad04-444d-883c-a1d43c50589a.png","{""eTag"":""\""e734435c8cb994bc0b79bb2c76789470\"""",""size"":816573,""mimetype"":""image/png"",""cacheControl"":""max-age=3600"",""lastModified"":""2026-08-25T22:44:14.000Z"",""contentLength"":816573,""httpStatusCode"":200}","2026-08-25 22:44:13.121363+00","2026-08-25 22:44:13.121363+00"
"69816ad8-fdd8-4d5c-8507-82815c48fec0","log-attachments","logs/2026/08/26/be5d6bf5-88e1-416c-8504-f6a5ab17ea53.png","{""eTag"":""\""1e0771d64f775e3c7895486822077b41\"""",""size"":598502,""mimetype"":""image/png"",""cacheControl"":""max-age=3600"",""lastModified"":""2026-08-25T22:46:57.000Z"",""contentLength"":598502,""httpStatusCode"":200}","2026-08-25 22:46:56.88937+00","2026-08-25 22:46:56.88937+00"
"4120110b-a426-44e8-a566-9cb49a4f66ab","log-attachments","logs/2026/08/26/c89c2a25-d80b-4bc9-9767-e80fc1b475ee.png","{""eTag"":""\""e26e8b0120b560d3125ef23c0a11563a\"""",""size"":699354,""mimetype"":""image/png"",""cacheControl"":""max-age=3600"",""lastModified"":""2026-08-25T22:48:41.000Z"",""contentLength"":699354,""httpStatusCode"":200}","2026-08-25 22:48:40.440282+00","2026-08-25 22:48:40.440282+00"
"6cbe952c-5a1a-4508-b859-eba40851596f","log-attachments","logs/2026/08/26/ccd3b5c4-1759-4265-8bf7-066ba2b46a0c.jpg","{""eTag"":""\""d71c5851204a5527e5e42cc877309917\"""",""size"":19624,""mimetype"":""image/jpeg"",""cacheControl"":""max-age=3600"",""lastModified"":""2026-08-25T22:46:58.000Z"",""contentLength"":19624,""httpStatusCode"":200}","2026-08-25 22:46:57.501203+00","2026-08-25 22:46:57.501203+00"
"a10ed0a1-894b-4b79-872e-72571f22d3e6","log-attachments","logs/2026/08/26/ce32530c-9de5-4030-9d1e-fcb9271c867d.md","{""eTag"":""\""b6e05dc3054e0c25e1ce7893b07eccf4\"""",""size"":24747,""mimetype"":""text/markdown"",""cacheControl"":""max-age=3600"",""lastModified"":""2026-08-25T22:48:58.000Z"",""contentLength"":24747,""httpStatusCode"":200}","2026-08-25 22:48:57.501046+00","2026-08-25 22:48:57.501046+00"
"cbe01384-eafa-4e88-809d-cbb4b3a468df","log-attachments","logs/2026/08/26/cfcef8f4-51e1-41c6-9ab3-bf0baff2743e.md","{""eTag"":""\""b6e05dc3054e0c25e1ce7893b07eccf4\"""",""size"":24747,""mimetype"":""text/markdown"",""cacheControl"":""max-age=3600"",""lastModified"":""2026-08-25T22:47:22.000Z"",""contentLength"":24747,""httpStatusCode"":200}","2026-08-25 22:47:21.955484+00","2026-08-25 22:47:21.955484+00"
"80d297cb-7648-4e4d-bcaa-3a6bf576f128","log-attachments","logs/2026/08/26/d1f8df11-5b1b-4669-9fa9-b04bb45f1ad5.png","{""eTag"":""\""e734435c8cb994bc0b79bb2c76789470\"""",""size"":816573,""mimetype"":""image/png"",""cacheControl"":""max-age=3600"",""lastModified"":""2026-08-25T22:46:57.000Z"",""contentLength"":816573,""httpStatusCode"":200}","2026-08-25 22:46:56.578707+00","2026-08-25 22:46:56.578707+00"
"b8ba54dc-1b2b-4cfb-93f4-8e5ffad3452e","log-attachments","logs/2026/08/26/d20cc776-b024-494e-9030-7886e0cc7dfa.md","{""eTag"":""\""767743bdf86504d17a17b7ade5545c69\"""",""size"":4744,""mimetype"":""text/markdown"",""cacheControl"":""max-age=3600"",""lastModified"":""2026-08-26T00:46:34.000Z"",""contentLength"":4744,""httpStatusCode"":200}","2026-08-26 00:46:33.217668+00","2026-08-26 00:46:33.217668+00"
"3a87fd89-abd7-4967-bcbc-882de09e501f","log-attachments","logs/2026/08/26/d2116ad6-cd3f-4463-aea1-f011eaea0c52.png","{""eTag"":""\""e26e8b0120b560d3125ef23c0a11563a\"""",""size"":699354,""mimetype"":""image/png"",""cacheControl"":""max-age=3600"",""lastModified"":""2026-08-25T22:43:23.000Z"",""contentLength"":699354,""httpStatusCode"":200}","2026-08-25 22:43:22.108124+00","2026-08-25 22:43:22.108124+00"
"af53215c-6245-4aa2-991f-c1376ee04416","log-attachments","logs/2026/08/26/d30dfdb8-7c7c-420d-a94d-ecd1b44af7d0.md","{""eTag"":""\""b6e05dc3054e0c25e1ce7893b07eccf4\"""",""size"":24747,""mimetype"":""text/markdown"",""cacheControl"":""max-age=3600"",""lastModified"":""2026-08-25T22:44:50.000Z"",""contentLength"":24747,""httpStatusCode"":200}","2026-08-25 22:44:49.260299+00","2026-08-25 22:44:49.260299+00"
"a9f97d19-332b-446f-8ed1-b82984742ea0","log-attachments","logs/2026/08/26/d54438ef-7e4b-4cbb-a80c-d60c1e9e4e77.md","{""eTag"":""\""f5baf03559af25e6f25774f690984f89\"""",""size"":6343,""mimetype"":""text/markdown"",""cacheControl"":""max-age=3600"",""lastModified"":""2026-08-25T22:24:08.000Z"",""contentLength"":6343,""httpStatusCode"":200}","2026-08-25 22:24:07.142107+00","2026-08-25 22:24:07.142107+00"
"27788e27-f071-4137-86a7-84ad8f5fa831","log-attachments","logs/2026/08/26/d8f6489e-0792-47d7-8bfc-bf0d48c257af.pdf","{""eTag"":""\""20c07c27063645441b7dcb0a31a0399d\"""",""size"":814556,""mimetype"":""application/pdf"",""cacheControl"":""max-age=3600"",""lastModified"":""2026-08-25T22:47:24.000Z"",""contentLength"":814556,""httpStatusCode"":200}","2026-08-25 22:47:23.777628+00","2026-08-25 22:47:23.777628+00"
"843d68b6-425e-4576-9216-ba6d9e3233de","log-attachments","logs/2026/08/26/dbd980ab-95b9-4df9-8f39-e147e973e55b.md","{""eTag"":""\""87425615d9b8f071e82a6fcbb77800f6\"""",""size"":7850,""mimetype"":""text/markdown"",""cacheControl"":""max-age=3600"",""lastModified"":""2026-08-25T19:55:07.000Z"",""contentLength"":7850,""httpStatusCode"":200}","2026-08-25 19:55:06.199233+00","2026-08-25 19:55:06.199233+00"
"d563243c-e93e-488f-a661-1031eb408ddc","log-attachments","logs/2026/08/26/e0710e87-5ad1-4c3d-9c34-fcfe11d67a25.md","{""eTag"":""\""767743bdf86504d17a17b7ade5545c69\"""",""size"":4744,""mimetype"":""text/markdown"",""cacheControl"":""max-age=3600"",""lastModified"":""2026-08-26T00:49:00.000Z"",""contentLength"":4744,""httpStatusCode"":200}","2026-08-26 00:48:59.604711+00","2026-08-26 00:48:59.604711+00"
"2b5fa3e0-f486-4b35-b36a-b609f9cc4504","log-attachments","logs/2026/08/26/e0951bf5-a909-4f30-b544-1993bac63e2a.md","{""eTag"":""\""91783327ba0bf5c676f2e27d8bea3ffa\"""",""size"":5101,""mimetype"":""text/markdown"",""cacheControl"":""max-age=3600"",""lastModified"":""2026-08-26T00:46:34.000Z"",""contentLength"":5101,""httpStatusCode"":200}","2026-08-26 00:46:33.401226+00","2026-08-26 00:46:33.401226+00"
"cdc88297-2e03-443f-ab5b-564c39e650d5","log-attachments","logs/2026/08/26/e5d88108-a144-4ecd-aaa4-1aea3451c51d.pdf","{""eTag"":""\""ecb2044e87cf9918560c882dd2bc993f\"""",""size"":6601789,""mimetype"":""application/pdf"",""cacheControl"":""max-age=3600"",""lastModified"":""2026-08-25T22:44:41.000Z"",""contentLength"":6601789,""httpStatusCode"":200}","2026-08-25 22:44:40.22858+00","2026-08-25 22:44:40.22858+00"
"c941479b-5ecc-47dc-ada4-f52a5a0fd0f3","log-attachments","logs/2026/08/26/e638cb94-56e8-4962-b8e9-0f9b23d4fba7.jpg","{""eTag"":""\""d71c5851204a5527e5e42cc877309917\"""",""size"":19624,""mimetype"":""image/jpeg"",""cacheControl"":""max-age=3600"",""lastModified"":""2026-08-25T22:44:15.000Z"",""contentLength"":19624,""httpStatusCode"":200}","2026-08-25 22:44:14.11947+00","2026-08-25 22:44:14.11947+00"
"ead4ba45-bd5c-4be3-af66-4120975a7eb9","log-attachments","logs/2026/08/26/e976169d-b77c-4316-be0f-3d0f760abf05.pdf","{""eTag"":""\""e61569e4aee0c0941a2eab67f5705bd7\"""",""size"":580674,""mimetype"":""application/pdf"",""cacheControl"":""max-age=3600"",""lastModified"":""2026-08-25T19:53:08.000Z"",""contentLength"":580674,""httpStatusCode"":200}","2026-08-25 19:53:07.245134+00","2026-08-25 19:53:07.245134+00"
"6209f0e3-db96-49c4-94ad-550fd13976e4","log-attachments","logs/2026/08/26/edaf32c0-5805-4e89-8a52-9dc05279745d.md","{""eTag"":""\""a9be0a42a464934d50b8e296d778411e\"""",""size"":35601,""mimetype"":""text/markdown"",""cacheControl"":""max-age=3600"",""lastModified"":""2026-08-25T22:44:51.000Z"",""contentLength"":35601,""httpStatusCode"":200}","2026-08-25 22:44:50.178872+00","2026-08-25 22:44:50.178872+00"
"1786c29d-d5ff-400a-b7c3-c4fe1f201bd0","log-attachments","logs/2026/08/26/ef4c54bb-898e-4de5-a414-87d941a2f51f.md","{""eTag"":""\""a9be0a42a464934d50b8e296d778411e\"""",""size"":35601,""mimetype"":""text/markdown"",""cacheControl"":""max-age=3600"",""lastModified"":""2026-08-25T22:44:43.000Z"",""contentLength"":35601,""httpStatusCode"":200}","2026-08-25 22:44:42.286498+00","2026-08-25 22:44:42.286498+00"
"e763b913-d530-4af0-b33e-2ab71852b2b2","log-attachments","logs/2026/08/26/f0533fae-fd29-4b5a-81d8-d1de720bd6f0.pdf","{""eTag"":""\""20c07c27063645441b7dcb0a31a0399d\"""",""size"":814556,""mimetype"":""application/pdf"",""cacheControl"":""max-age=3600"",""lastModified"":""2026-08-25T22:49:00.000Z"",""contentLength"":814556,""httpStatusCode"":200}","2026-08-25 22:48:59.696912+00","2026-08-25 22:48:59.696912+00"
"c59b8856-bdc0-4a34-8307-73b05e5c2527","log-attachments","logs/2026/08/26/f818876d-9edc-47d0-aef6-1fba0330615e.md","{""eTag"":""\""e2ec58898cff16721a5b71acd286cdc3\"""",""size"":19546,""mimetype"":""text/markdown"",""cacheControl"":""max-age=3600"",""lastModified"":""2026-08-25T22:49:00.000Z"",""contentLength"":19546,""httpStatusCode"":200}","2026-08-25 22:48:59.336686+00","2026-08-25 22:48:59.336686+00"
"0a36c32a-e1f1-4027-89d1-bce56c179e1f","log-attachments","logs/2026/08/26/f9bed789-d5be-463e-a4c3-5966c4a6c8cc.pdf","{""eTag"":""\""e49de93addf2cf71066d03ddc33cada0\"""",""size"":6724769,""mimetype"":""application/pdf"",""cacheControl"":""max-age=3600"",""lastModified"":""2026-08-25T22:44:44.000Z"",""contentLength"":6724769,""httpStatusCode"":200}","2026-08-25 22:44:43.605527+00","2026-08-25 22:44:43.605527+00"
"202b24fe-b9e5-44e9-9fe4-8e52f569af27","log-attachments","logs/2026/08/26/fb75088a-4371-4565-a44d-736df705450d.md","{""eTag"":""\""e8f4b7328111dd9806cdef23d4fb5912\"""",""size"":25956,""mimetype"":""text/markdown"",""cacheControl"":""max-age=3600"",""lastModified"":""2026-08-26T00:46:32.000Z"",""contentLength"":25956,""httpStatusCode"":200}","2026-08-26 00:46:31.290436+00","2026-08-26 00:46:31.290436+00"
"d7d9245a-894c-493b-95b4-01aa1e1bfd1c","log-attachments","logs/2026/08/26/fc9a73ac-3a59-40e5-ae43-547af74350ab.md","{""eTag"":""\""91783327ba0bf5c676f2e27d8bea3ffa\"""",""size"":5101,""mimetype"":""text/markdown"",""cacheControl"":""max-age=3600"",""lastModified"":""2026-08-26T00:49:00.000Z"",""contentLength"":5101,""httpStatusCode"":200}","2026-08-26 00:48:59.801383+00","2026-08-26 00:48:59.801383+00"
"45c03c0f-f368-48d4-b993-e316b30e48e1","log-attachments","logs/2026/08/26/fdd75152-6bd6-47c1-99e4-173c8a6d4d29.md","{""eTag"":""\""e9d3092e91c7a105692cd42a83442d43\"""",""size"":25132,""mimetype"":""text/markdown"",""cacheControl"":""max-age=3600"",""lastModified"":""2026-08-26T03:12:30.000Z"",""contentLength"":25132,""httpStatusCode"":200}","2026-08-26 03:12:29.888902+00","2026-08-26 03:12:29.888902+00"
"b14d6865-b17a-46c8-a9d5-b736063d5547","log-attachments","logs/2026/08/26/fffb4936-d8ee-4e1d-8e97-e07b1c425392.pdf","{""eTag"":""\""e61569e4aee0c0941a2eab67f5705bd7\"""",""size"":580674,""mimetype"":""application/pdf"",""cacheControl"":""max-age=3600"",""lastModified"":""2026-08-25T19:55:06.000Z"",""contentLength"":580674,""httpStatusCode"":200}","2026-08-25 19:55:05.562224+00","2026-08-25 19:55:05.562224+00"
"21bf3635-d4f9-41a1-b6b6-ab4bf68d18f4","log-attachments","logs/2026/08/28/3072e39c-19d0-40cc-a8d9-49d13db128a8.md","{""eTag"":""\""ee68732f82b25adc85e84043305040a9\"""",""size"":9384,""mimetype"":""text/markdown"",""cacheControl"":""max-age=3600"",""lastModified"":""2026-08-28T02:47:10.000Z"",""contentLength"":9384,""httpStatusCode"":200}","2026-08-28 02:47:10.037819+00","2026-08-28 02:47:10.037819+00"
"07dbc6f8-bdeb-47ee-9cf1-e111806955a3","log-attachments","logs/2026/08/28/4cc53122-6837-4952-a1bf-022678123d14.png","{""eTag"":""\""6688b788aed682588b287ebd9066ae79\"""",""size"":4403612,""mimetype"":""image/png"",""cacheControl"":""max-age=3600"",""lastModified"":""2026-08-28T02:46:34.000Z"",""contentLength"":4403612,""httpStatusCode"":200}","2026-08-28 02:46:33.392418+00","2026-08-28 02:46:33.392418+00"
"3761e4e5-339c-4f47-80cd-435212b79b56","log-attachments","logs/2026/08/28/5ce479b1-2af8-481f-be4b-eec116ffe4e6.png","{""eTag"":""\""cb046b9af1203ce74dcd555d3540bc5e\"""",""size"":666727,""mimetype"":""image/png"",""cacheControl"":""max-age=3600"",""lastModified"":""2026-08-28T02:46:33.000Z"",""contentLength"":666727,""httpStatusCode"":200}","2026-08-28 02:46:32.588916+00","2026-08-28 02:46:32.588916+00"
"6fd5b611-5bfd-4228-99df-e1af6d02a6ff","log-attachments","logs/2026/08/28/5ffa1b4b-7409-49d8-a023-e966876cd224.md","{""eTag"":""\""03a71764959d45bd5bf9f576bddad90c\"""",""size"":32384,""mimetype"":""text/markdown"",""cacheControl"":""max-age=3600"",""lastModified"":""2026-08-28T02:47:10.000Z"",""contentLength"":32384,""httpStatusCode"":200}","2026-08-28 02:47:09.687767+00","2026-08-28 02:47:09.687767+00"
"7d5da5e8-56df-49f5-9ebc-5a3555a6eba4","log-attachments","logs/2026/08/28/d963ce01-a914-45b6-8586-7fc54e277b5f.md","{""eTag"":""\""74e72ebac049a3df6e058d51b87fd832\"""",""size"":16335,""mimetype"":""text/markdown"",""cacheControl"":""max-age=3600"",""lastModified"":""2026-08-28T02:47:10.000Z"",""contentLength"":16335,""httpStatusCode"":200}","2026-08-28 02:47:09.855839+00","2026-08-28 02:47:09.855839+00"
"a64521a8-db64-481a-9438-139571c09bce","log-attachments","logs/2026/08/28/e5b47bc9-e1e6-4be4-8686-540176a6e3d6.png","{""eTag"":""\""8e0cf52544f2e6d09c8cc5adeecec637\"""",""size"":657258,""mimetype"":""image/png"",""cacheControl"":""max-age=3600"",""lastModified"":""2026-08-28T02:46:33.000Z"",""contentLength"":657258,""httpStatusCode"":200}","2026-08-28 02:46:32.940757+00","2026-08-28 02:46:32.940757+00"
"1ee1375c-df95-49a0-9108-36f26218ee36","log-attachments","logs/2026/08/29/07389298-4c92-4510-82a2-92a74fcdd6ef.md","{""eTag"":""\""a1dbfb63fa26ee347b73b1e5525005f9\"""",""size"":18713,""mimetype"":""text/markdown"",""cacheControl"":""max-age=3600"",""lastModified"":""2026-08-28T16:34:16.000Z"",""contentLength"":18713,""httpStatusCode"":200}","2026-08-28 16:34:15.753361+00","2026-08-28 16:34:15.753361+00"
"30c539a7-5ad6-4816-82de-f3971d6bac9c","log-attachments","logs/2026/08/29/178f2d67-e7da-46c7-916a-038105a924a6.png","{""eTag"":""\""cadfdd00ee1828a0ae54b2bffb51217e\"""",""size"":1790018,""mimetype"":""image/png"",""cacheControl"":""max-age=3600"",""lastModified"":""2026-08-28T16:34:00.000Z"",""contentLength"":1790018,""httpStatusCode"":200}","2026-08-28 16:33:59.439953+00","2026-08-28 16:33:59.439953+00"
"f38c474a-c3cc-471a-8020-a327cbcf0e64","log-attachments","logs/2026/08/29/1f7e59d7-1025-4d41-af08-762785e2730f.png","{""eTag"":""\""7fc6fe8f6a4a80bd6827cb08d86ec3e1\"""",""size"":3906283,""mimetype"":""image/png"",""cacheControl"":""max-age=3600"",""lastModified"":""2026-08-29T14:53:00.000Z"",""contentLength"":3906283,""httpStatusCode"":200}","2026-08-29 14:52:59.947632+00","2026-08-29 14:52:59.947632+00"
"c86e75fb-4771-4f06-b298-5e417966f7ba","log-attachments","logs/2026/08/29/4d388dd1-d181-4fc4-a788-ae8381b54c15.png","{""eTag"":""\""4cbde915241d4d7259262c087e2b6e56\"""",""size"":1937428,""mimetype"":""image/png"",""cacheControl"":""max-age=3600"",""lastModified"":""2026-08-28T16:33:59.000Z"",""contentLength"":1937428,""httpStatusCode"":200}","2026-08-28 16:33:58.872418+00","2026-08-28 16:33:58.872418+00"
"020f3fde-5b4f-4290-ac93-4831491a5e96","log-attachments","logs/2026/08/29/6e7d7e0f-2f1d-4ce1-a35d-73e25cb6d947.png","{""eTag"":""\""b6eb3fefaceccabc4338e1724aa2a4b8\"""",""size"":1589800,""mimetype"":""image/png"",""cacheControl"":""max-age=3600"",""lastModified"":""2026-08-28T16:34:00.000Z"",""contentLength"":1589800,""httpStatusCode"":200}","2026-08-28 16:33:59.88693+00","2026-08-28 16:33:59.88693+00"
"ffa678f7-1cda-4847-bb97-c71a517db50f","log-attachments","logs/2026/08/29/77dd06b9-94b4-4e86-9321-0f4e4ea3db14.png","{""eTag"":""\""1f82db4b717843811013058c215dac30\"""",""size"":405944,""mimetype"":""image/png"",""cacheControl"":""max-age=3600"",""lastModified"":""2026-08-29T14:53:00.000Z"",""contentLength"":405944,""httpStatusCode"":200}","2026-08-29 14:52:59.160973+00","2026-08-29 14:52:59.160973+00"
"a656b032-25d4-4ade-aac4-b021fe626625","log-attachments","logs/2026/08/29/7ce3706c-663d-40dc-8922-468bee69a9f6.jpg","{""eTag"":""\""d015717446157424fef64813fdcbe376\"""",""size"":151834,""mimetype"":""image/jpeg"",""cacheControl"":""max-age=3600"",""lastModified"":""2026-08-29T14:53:00.000Z"",""contentLength"":151834,""httpStatusCode"":200}","2026-08-29 14:52:59.400231+00","2026-08-29 14:52:59.400231+00"
"2875e468-09f1-4708-859e-cc478ee4056f","log-attachments","logs/2026/08/29/83daf678-8ff9-4d6e-9701-43cb9819b5cc.md","{""eTag"":""\""9b007d7ea9cdc2a22e73f40c159bb6a8\"""",""size"":7547,""mimetype"":""text/markdown"",""cacheControl"":""max-age=3600"",""lastModified"":""2026-08-29T14:53:20.000Z"",""contentLength"":7547,""httpStatusCode"":200}","2026-08-29 14:53:19.120974+00","2026-08-29 14:53:19.120974+00"
"71de76c3-bc32-4cdb-8f04-37ef243e99f1","log-attachments","logs/2026/08/29/8d5ff420-e5f4-43ee-9291-4010edfa16d8.md","{""eTag"":""\""6f0217f72d0f6b636f170e2d150b5e51\"""",""size"":7654,""mimetype"":""text/markdown"",""cacheControl"":""max-age=3600"",""lastModified"":""2026-08-29T14:53:20.000Z"",""contentLength"":7654,""httpStatusCode"":200}","2026-08-29 14:53:19.316164+00","2026-08-29 14:53:19.316164+00"
"d9941721-3090-479a-9ab8-77917ffb9a04","log-attachments","logs/2026/08/29/b3b9c582-ff63-4549-a84e-877484951cff.png","{""eTag"":""\""8f1ca5873d7a882fa10bf121ef0a9a05\"""",""size"":3005199,""mimetype"":""image/png"",""cacheControl"":""max-age=3600"",""lastModified"":""2026-08-28T16:34:01.000Z"",""contentLength"":3005199,""httpStatusCode"":200}","2026-08-28 16:34:01.017291+00","2026-08-28 16:34:01.017291+00"
"5272a8d9-73ce-4fd2-bb0f-8a7d5ccec10a","log-attachments","logs/2026/08/29/b863004c-a6b0-4e9c-9e03-f0afc709cab0.md","{""eTag"":""\""e46727b40557c6c4e2692d52780a90cd\"""",""size"":16928,""mimetype"":""text/markdown"",""cacheControl"":""max-age=3600"",""lastModified"":""2026-08-29T14:53:19.000Z"",""contentLength"":16928,""httpStatusCode"":200}","2026-08-29 14:53:18.827224+00","2026-08-29 14:53:18.827224+00"
"8408d3fd-7da5-49c3-99b2-a0735adb9582","log-attachments","logs/2026/08/29/baf65e30-673a-4e67-baae-23cf92e877ce.md","{""eTag"":""\""6b2548a78de289666a452fb5acdd07f3\"""",""size"":2841,""mimetype"":""text/markdown"",""cacheControl"":""max-age=3600"",""lastModified"":""2026-08-28T16:34:16.000Z"",""contentLength"":2841,""httpStatusCode"":200}","2026-08-28 16:34:15.96721+00","2026-08-28 16:34:15.96721+00"
"05c655cd-ff2e-444c-99ab-23c4d61e503a","log-attachments","logs/2026/08/29/bc84b36a-3e70-4e67-92e1-e7551ef6f8e8.png","{""eTag"":""\""c81db69b4d42dad8a6f6b09558d09e23\"""",""size"":1936814,""mimetype"":""image/png"",""cacheControl"":""max-age=3600"",""lastModified"":""2026-08-28T16:33:59.000Z"",""contentLength"":1936814,""httpStatusCode"":200}","2026-08-28 16:33:58.487078+00","2026-08-28 16:33:58.487078+00"
"699899bc-d33a-4322-afa4-09d64cdd797c","log-attachments","logs/2026/08/29/d0ac9765-d86a-4e57-aeb3-c14ee6b63219.png","{""eTag"":""\""a7de68de4fb7c64b12bda878fc02bd4e\"""",""size"":2919840,""mimetype"":""image/png"",""cacheControl"":""max-age=3600"",""lastModified"":""2026-08-28T16:34:01.000Z"",""contentLength"":2919840,""httpStatusCode"":200}","2026-08-28 16:34:00.437516+00","2026-08-28 16:34:00.437516+00"
"cbef4417-84de-4eac-bb1a-93bacd4df27c","log-attachments","logs/2026/08/29/d797b042-d46e-4845-acc7-f51165551367.md","{""eTag"":""\""4175b41ae33eb800b94f843dae03fd85\"""",""size"":7287,""mimetype"":""text/markdown"",""cacheControl"":""max-age=3600"",""lastModified"":""2026-08-28T16:34:17.000Z"",""contentLength"":7287,""httpStatusCode"":200}","2026-08-28 16:34:16.193251+00","2026-08-28 16:34:16.193251+00"
"3b2d4bd6-16bf-44ee-b142-a1a19b66f412","log-attachments","logs/2026/08/30/163f352c-8b9d-4957-95b5-9fac68a34d4f.md","{""eTag"":""\""9b007d7ea9cdc2a22e73f40c159bb6a8\"""",""size"":7547,""mimetype"":""text/markdown"",""cacheControl"":""max-age=3600"",""lastModified"":""2026-08-29T15:01:34.000Z"",""contentLength"":7547,""httpStatusCode"":200}","2026-08-29 15:01:33.78401+00","2026-08-29 15:01:33.78401+00"
"d12d5568-979b-4328-8d80-08b260bb6f5e","log-attachments","logs/2026/08/30/3c977fdc-6aa1-4f37-839b-d625698d1c15.jpg","{""eTag"":""\""d015717446157424fef64813fdcbe376\"""",""size"":151834,""mimetype"":""image/jpeg"",""cacheControl"":""max-age=3600"",""lastModified"":""2026-08-29T16:06:49.000Z"",""contentLength"":151834,""httpStatusCode"":200}","2026-08-29 16:06:48.95298+00","2026-08-29 16:06:48.95298+00"
"e56ffd0a-5c97-4062-89c4-8efdc08a07cc","log-attachments","logs/2026/08/30/45a7de86-8c4e-45aa-aa73-3871047109ed.md","{""eTag"":""\""0783e97f4a5839298ae06799e26bfce4\"""",""size"":29596,""mimetype"":""text/markdown"",""cacheControl"":""max-age=3600"",""lastModified"":""2026-08-29T16:07:08.000Z"",""contentLength"":29596,""httpStatusCode"":200}","2026-08-29 16:07:07.814898+00","2026-08-29 16:07:07.814898+00"
"d06116ec-1191-43d7-a981-8bcaeb1c5895","log-attachments","logs/2026/08/30/54f40954-82f0-4295-aae7-fda6ba4cf87f.md","{""eTag"":""\""64daa9de993e98a1c30212fbc39f616b\"""",""size"":16921,""mimetype"":""text/markdown"",""cacheControl"":""max-age=3600"",""lastModified"":""2026-08-29T16:07:02.000Z"",""contentLength"":16921,""httpStatusCode"":200}","2026-08-29 16:07:01.803521+00","2026-08-29 16:07:01.803521+00"
"5c4a6e16-cc8c-49ba-97ef-4d45f83845ba","log-attachments","logs/2026/08/30/a116a70a-582c-4ff9-b345-ce01449171e1.md","{""eTag"":""\""2baf92d694a32064e34f20778f99c641\"""",""size"":9806,""mimetype"":""text/markdown"",""cacheControl"":""max-age=3600"",""lastModified"":""2026-08-29T16:07:11.000Z"",""contentLength"":9806,""httpStatusCode"":200}","2026-08-29 16:07:10.498755+00","2026-08-29 16:07:10.498755+00"
"48e74a8f-540d-4d88-aefa-f91f29a7e4d3","log-attachments","logs/2026/08/30/a7d2086a-4157-4880-84b2-a367cb89d36d.png","{""eTag"":""\""7fc6fe8f6a4a80bd6827cb08d86ec3e1\"""",""size"":3906283,""mimetype"":""image/png"",""cacheControl"":""max-age=3600"",""lastModified"":""2026-08-29T15:01:20.000Z"",""contentLength"":3906283,""httpStatusCode"":200}","2026-08-29 15:01:19.264015+00","2026-08-29 15:01:19.264015+00"
"bf3c8efd-e64f-40d1-ab02-52a080b634bb","log-attachments","logs/2026/08/30/b0faaa66-1101-4b00-b2cf-13c7e0bd9a9a.png","{""eTag"":""\""7fc6fe8f6a4a80bd6827cb08d86ec3e1\"""",""size"":3906283,""mimetype"":""image/png"",""cacheControl"":""max-age=3600"",""lastModified"":""2026-08-29T16:06:53.000Z"",""contentLength"":3906283,""httpStatusCode"":200}","2026-08-29 16:06:52.729945+00","2026-08-29 16:06:52.729945+00"
"6232cf08-1f69-45a2-b576-d33d471046e0","log-attachments","logs/2026/08/30/ccb75717-3c13-4562-a5ee-16d7d335b3a5.md","{""eTag"":""\""e2ba1e0d5aed1211b1b4b0ae2f4299e4\"""",""size"":14466,""mimetype"":""text/markdown"",""cacheControl"":""max-age=3600"",""lastModified"":""2026-08-29T16:07:14.000Z"",""contentLength"":14466,""httpStatusCode"":200}","2026-08-29 16:07:13.300065+00","2026-08-29 16:07:13.300065+00"
"2373cd02-f33e-47cc-af42-e69fa951fcca","log-attachments","logs/2026/08/30/cce3496c-692a-4f26-8a0e-29824bdc60e0.md","{""eTag"":""\""cbae7e1daf10e5b0b8784ec4782e67cb\"""",""size"":16921,""mimetype"":""text/markdown"",""cacheControl"":""max-age=3600"",""lastModified"":""2026-08-29T15:01:34.000Z"",""contentLength"":16921,""httpStatusCode"":200}","2026-08-29 15:01:33.569419+00","2026-08-29 15:01:33.569419+00"
"cbc24f6b-6795-41d3-8517-94e348f8a668","log-attachments","logs/2026/08/30/df4b5cd1-1335-47f4-ae91-274c6ac9c65b.png","{""eTag"":""\""1f82db4b717843811013058c215dac30\"""",""size"":405944,""mimetype"":""image/png"",""cacheControl"":""max-age=3600"",""lastModified"":""2026-08-29T16:06:48.000Z"",""contentLength"":405944,""httpStatusCode"":200}","2026-08-29 16:06:47.41363+00","2026-08-29 16:06:47.41363+00"
"abec9155-a006-4387-b882-e18a4df9508e","log-attachments","logs/2026/08/30/e3574d26-f42c-4865-8491-3b1dacd34e36.jpg","{""eTag"":""\""d015717446157424fef64813fdcbe376\"""",""size"":151834,""mimetype"":""image/jpeg"",""cacheControl"":""max-age=3600"",""lastModified"":""2026-08-29T15:01:19.000Z"",""contentLength"":151834,""httpStatusCode"":200}","2026-08-29 15:01:18.839292+00","2026-08-29 15:01:18.839292+00"
"1f5af99c-97c4-41b2-a182-a99d67299ea7","log-attachments","logs/2026/08/30/e45d494a-5f2f-47db-b81e-59f83bbe5bbf.md","{""eTag"":""\""6f0217f72d0f6b636f170e2d150b5e51\"""",""size"":7654,""mimetype"":""text/markdown"",""cacheControl"":""max-age=3600"",""lastModified"":""2026-08-29T15:01:34.000Z"",""contentLength"":7654,""httpStatusCode"":200}","2026-08-29 15:01:33.98048+00","2026-08-29 15:01:33.98048+00"
"fdccc62c-af78-4986-80fb-fada35c2c471","log-attachments","logs/2026/08/30/e9a2efac-704d-4b3b-bfeb-87ce2e32fd47.md","{""eTag"":""\""9b007d7ea9cdc2a22e73f40c159bb6a8\"""",""size"":7547,""mimetype"":""text/markdown"",""cacheControl"":""max-age=3600"",""lastModified"":""2026-08-29T16:07:04.000Z"",""contentLength"":7547,""httpStatusCode"":200}","2026-08-29 16:07:03.95099+00","2026-08-29 16:07:03.95099+00"
"b523a4a0-73b5-4ebc-ac28-aa959d2eda9a","log-attachments","logs/2026/08/30/ee94e123-433e-44d5-a6a0-590fd3623222.md","{""eTag"":""\""6f0217f72d0f6b636f170e2d150b5e51\"""",""size"":7654,""mimetype"":""text/markdown"",""cacheControl"":""max-age=3600"",""lastModified"":""2026-08-29T16:07:06.000Z"",""contentLength"":7654,""httpStatusCode"":200}","2026-08-29 16:07:05.896101+00","2026-08-29 16:07:05.896101+00"
"677a995a-45ac-4b78-8c12-bd97e614e68d","log-attachments","logs/2026/08/30/f3eab621-0657-4ad7-845c-51151c8102a7.png","{""eTag"":""\""1f82db4b717843811013058c215dac30\"""",""size"":405944,""mimetype"":""image/png"",""cacheControl"":""max-age=3600"",""lastModified"":""2026-08-29T15:01:19.000Z"",""contentLength"":405944,""httpStatusCode"":200}","2026-08-29 15:01:18.547558+00","2026-08-29 15:01:18.547558+00"
