id,title,content,tags,created_at,user_id,updated_at,comment_count,view_count,like_count,last_activity_at,hot_score,deleted_at,deleted_by,deleted_reason,is_deleted,account_key,source_id,source_date,legacy_id,is_hidden,duplicate_of,deleted_scope,delete_note,table_data,attachments,links,import_source,source_filename
bc334e29-f914-4e08-b413-9ee578b74d32,「巻き込む（まきこむ）」,"「巻き込む（まきこむ）」とは、何かを巻いて中に入れること、または望まない人間関係や事件・紛争などの状況に引き入れる・巻き添えにするという意味で使われますが、ポジティブに「人を巻き込む（=参加・協力させる）」といった文脈でも使われる多義的な言葉です。主に悪い事態に使うことが多いですが、現代では良い目的のために「人を巻き込む力（人を動かす力）」というポジティブな意味合いでも使われます。 
主な意味と使い方
【悪い意味】事件・争いなどに引き入れる
例文: 「事故に巻き込まれた」「紛争に巻き込む」
類語: 巻き添えにする、引き入れる
【良い意味】活動や仕事に協力・参加させる
例文: 「プロジェクトに仲間を巻き込む」「彼の熱意で皆を巻き込んだ」
類語: 誘う、参加させる、引き入れる 
類語・言い換え表現
悪い文脈で: 巻き添えにする、引き込む
良い文脈で: 誘う、招く、引き入れる、関与させる、チーム牽引力、人を動かす力 
ポイント
「巻き込む」は「自分だけではなく、他者もその状況・活動の範囲内に入れる」というニュアンスが強い言葉です。
単に「誘う」だけでなく、「相手の意図とは別に、その流れの中に組み込む」という含みを持つことがあります。

https://mazii.net/ko-KR/search/word/jako/%E5%B7%BB%E3%81%8D%E8%BE%BC%E3%82%80

◆ 말려들게 하다.
◆ 감아서 안으로 넣다.

機械に巻き込まれる
기계에 말려들어 가다

渦に巻き込まれる
소용돌이에 휘말리다

車輪に巻き込まれた
차바퀴에 말려들어 갔다

◆ 끌어들이다; 연루되게 하다; 연좌(連坐)시키다.

事件に巻き込む
사건에 끌어들이다

紛争に巻き込まれる
분쟁에 말려들다

市民を巻き込んだ政争
시민을 끌어들인 정쟁","[""import"",""japanese""]",2026-02-22 09:19:19.328049+00,e1848554-ffae-479c-a8cd-4c0d77b7bed2,2026-03-19 15:55:50.007522+00,0,0,0,2026-03-19 15:55:50.007522+00,0,null,null,null,false,null,null,null,null,true,07318039-7962-4d9b-81da-38757bb94e41,null,null,"{""tables"":{""1"":{""rows"":[],""columns"":[]}}}",null,[],null,null
bc815ce9-4cee-46f7-9c6e-3ed6bcb8c908,実装(じっそう),"✅ 実装(じっそう) 뜻(핵심)

実装 = 기능을 실제로 구현해서 동작하게 만드는 것

한국어로 딱 대응시키면:

구현

(기능) 개발

코드로 만들어서 실제로 동작하게 함

즉, 머릿속 설계나 계획이 아니라
**“실제로 코드로 만들어서 돌아가게 한 상태”**를 말해.

예시로 감 잡기
1) “추가기능 구현했습니다”

追加機能を実装しました。
= 추가 기능을 구현했습니다.

2) “삭제기능 구현”

削除機能を実装しました。
= 삭제 기능을 구현했습니다.

“일본에만 있는 표현인가?”
결론: ❌ 일본만의 단어는 아님

원래 한자 의미 그대로야:

実 = 실제

装 = 장착/붙임(구현)

그래서 “실제로 붙여 넣었다 → 실제로 동작하게 만들었다” 느낌.

다만 개발 문화에서 ‘実装’이라는 말을 일본이 특히 자주 써.
한국은 상황에 따라 “개발/구현/만듦” 이런 식으로 섞어 말하는데,
일본은 개발 문서/면접에서도 実装을 거의 공식 용어처럼 쓴다고 보면 돼.

설계(設計) vs 구현(実装) 차이

이 차이를 이해하면 완벽해져.

設計(せっけい) = 설계 (어떻게 만들지 구조/계획)

実装(じっそう) = 구현 (코드로 실제로 만듦)

예)

設計しました → 구조를 정했다

実装しました → 진짜로 코드 작성해서 동작한다

추가로 같이 많이 나오는 표현

実装する = 구현하다

実装しました = 구현했습니다

実装方針 = 구현 방침

実装例 = 구현 예시

未実装 = 아직 구현 안 됨","[""import"",""japanese""]",2026-02-22 09:19:19.328049+00,e1848554-ffae-479c-a8cd-4c0d77b7bed2,2026-03-19 15:55:50.007522+00,0,0,0,2026-03-19 15:55:50.007522+00,0,null,null,null,false,null,null,null,null,true,4904e5d6-5dff-4153-8fdd-156836d7e76e,null,null,"{""tables"":{""1"":{""rows"":[],""columns"":[]}}}",null,[],null,null
c04c17f6-36e9-4705-abfd-d586afb81278,일본 중소기업과 스타트업의 “관리되는 야근”인지 “방치되는 야근”인지 구분하는 질문/체크리스트,"좋아. 바로 “면접에서 그대로 읽어도 되는 수준”으로 중소기업 버전 / 스타트업 버전 두 세트 만들어줄게.
(너 목적: 정시퇴근 기반 + 장기적으로 프리/노마드 준비를 깔끔하게 확인)

핵심 차이는 이거야:

중소기업: 분위기/예의/조직문화 중요 → 부드럽고 신중하게 묻기

스타트업: 실전/속도/현실 중요 → 구체적으로, 숫자로, 시스템으로 묻기

✅ 1) 중소기업 버전 (부드럽고 안정지향 질문 세트)
시작 멘트 (정중/안정형)

長く安定して働きたいと考えておりますので、働き方についていくつか確認させてください。
(오랫동안 안정적으로 일하고 싶어서 근무 방식에 대해 몇 가지 확인드리고 싶습니다.)

A. 잔업(야근) 평균/문화 확인
Q1) 월 평균 잔업

月平均の残業時間はどれくらいでしょうか？
(월 평균 야근 시간은 어느 정도인가요?)

Q2) 정시퇴근 분위기

定時で退勤される方も多いでしょうか？
(정시에 퇴근하시는 분들도 많은 편인가요?)

✅ 중소기업에선 “많습니다/적당히 있습니다” 같은 답이 나오면 정상.

B. 야근 발생 원인(업무량/시기) 확인
Q3) 야근이 생기는 타이밍

残業が発生するのは、どのような時期が多いでしょうか？
(야근이 발생하는 시기는 주로 언제인가요?)

Q4) 업무 일정 운영 스타일

業務スケジュールはどのように管理されていますか？
(업무 일정은 어떤 식으로 관리되나요?)

C. 보상/규정 확인 (중요하지만 부드럽게)
Q5) 잔업수당/대체휴무

残業代の支給や代休制度について教えていただけますか？
(야근 수당 지급이나 대체휴무 제도에 대해 알려주실 수 있을까요?)

Q6) “みなし残業(포괄임금)” 여부

固定残業（みなし残業）の制度はありますか？
(포괄임금(고정 잔업) 제도가 있나요?)

D. 유연근무/재택(가능하면)
Q7) 재택/플렉스 운영

リモートワークやフレックス制度の運用状況を教えてください。
(재택근무나 플렉스 운영 상황을 알려주세요.)

마무리 멘트 (호감형)

無理なく長期的に成果を出したいと思っておりますので、確認させていただきました。ありがとうございます。
(무리 없이 장기적으로 성과를 내고 싶어서 확인드렸습니다. 감사합니다.)

✅ 2) 스타트업 버전 (실전형/구체적/숫자 중심)
시작 멘트 (스타트업스럽게)

パフォーマンスを安定して出すために、開発体制と働き方を具体的に確認させてください。
(안정적으로 성과를 내기 위해 개발 체계와 근무 방식을 구체적으로 확인드리고 싶습니다.)

A. 근무시간/야근을 “숫자”로 뽑아내는 질문
Q1) 팀의 월 평균 잔업 (필수)

配属予定チームの月平均残業時間はどれくらいですか？
(배치 예정 팀의 월 평균 야근 시간은 어느 정도인가요?)

Q2) 최근 3개월 기준으로 묻기 (회피 불가)

直近3ヶ月だと、残業はどれくらいの水準でしたか？
(최근 3개월 기준으로는 야근이 어느 수준이었나요?)

✅ 스타트업에서는 “최근 수치”를 물어야 진짜가 나옴.

B. “야근이 왜 발생하는가” (회사 운영 수준 파악)
Q3) 야근 발생 원인 TOP3

残業の主な原因は何でしょうか？（例：リリース前、仕様変更、障害対応など）
(야근의 주된 원인은 무엇인가요? 예: 릴리즈 전, 요구사항 변경, 장애 대응 등)

Q4) 일정이 터질 때 대응 방식

スケジュールが厳しい場合、スコープ調整は行われますか？
(일정이 빡빡할 때 스코프 조정은 하나요?)

✅ 좋은 스타트업 = 스코프 컷/우선순위 조정 있음
⚠️ 위험 = “다 같이 밤새워요”

C. 인원 부족 여부 확인 (너가 제일 중요하게 보는 지점)
Q5) 개발 인력 충원 상황

現状、開発人数は足りていますか？採用計画はどうなっていますか？
(현재 개발 인원은 충분한가요? 채용 계획은 어떻게 되나요?)

Q6) 한 사람이 맡는 범위

エンジニア1人あたりの担当範囲は広いですか？（フロント・バック・インフラ等）
(엔지니어 1인당 담당 범위가 넓은 편인가요? 프론트/백/인프라 등)

D. 야근이 “관리되는가” 판별 질문
Q7) 야근 상한/관리 방법

残業時間の上限管理はどうされていますか？
(야근 시간 상한 관리는 어떻게 하나요?)

Q8) 온콜/장애 대응

オンコールはありますか？頻度とローテーション体制を教えてください。
(온콜이 있나요? 빈도와 로테이션 체계를 알려주세요.)

E. 재택/플렉스 “진짜로 쓰는지” 확인
Q9) 재택/플렉스 실운영

リモート／フレックスは制度としてありますか？実際の利用率はどれくらいですか？
(재택/플렉스가 제도로 있나요? 실제 사용률은 어느 정도인가요?)

F. 보상/정산 (블랙 여부 확인)
Q10) 수당/대휴

残業代は全額支給ですか？代休も取れますか？
(야근 수당은 전액 지급인가요? 대체휴무도 쓸 수 있나요?)

Q11) “みなし残業”이면 몇 시간인지

みなし残業の場合、何時間分が含まれていますか？
(포괄임금이면 몇 시간분이 포함되어 있나요?)

마무리 멘트 (프로형)

長期的にパフォーマンスを維持したいので、運用面まで具体的に確認しました。
(장기적으로 퍼포먼스를 유지하고 싶어서 운영 측면까지 구체적으로 확인했습니다.)

✅ “답변”으로 판별하는 빠른 기준
🟢 감당 가능한 야근 확률 높음

팀 평균 잔업이 10~20h

“릴리즈 전 1~2주” 같은 명확한 패턴

“우선순위/스코프 조정”이 가능

수당/대휴 규정 명확

재택/플렉스 실사용

🔴 감당 불가 확률 높음 (피하는 게 좋음)

“사람마다 달라요”만 반복

“많긴 한데 어쩔 수 없죠”

“열정/각오” 같은 감성으로 덮음

온콜이 사실상 상시

“제도는 있는데 쓰는 사람 없음”","[""import"",""coding""]",2026-02-22 09:19:19.328049+00,e1848554-ffae-479c-a8cd-4c0d77b7bed2,2026-03-19 15:55:50.007522+00,0,0,0,2026-03-19 15:55:50.007522+00,0,null,null,null,false,null,null,null,null,true,c3a68ee2-7743-4f08-ab1d-6db64abc6d40,null,null,"{""tables"":{""1"":{""rows"":[],""columns"":[]}}}",null,[],null,null
c128754a-a32f-496a-b5bd-88ae40f4fee8,「手広く（てびろく）」,"「手広く（てびろく）」とは、仕事や事業、交友関係などが様々な分野にわたって広範囲に及んでいる様子を表す言葉で、「幅広く」「多岐にわたって」行うことを意味します。特にビジネスで「手広く商売をする」のように使われ、多くの分野で事業展開している状態を示します。 
意味・使い方
広範囲に及ぶこと: 一つのことだけでなく、多くの事柄に関わっている状態。
多角的な活動: 複数の異なる分野で事業や活動を行っている様子。 
例文
「彼は不動産からITまで、手広く事業を展開している」。
「最近は、趣味の範囲も手広くなってきた」。 
類語・言い換え
幅広く
広範囲にわたって
多岐にわたって
多角的に 
関連語
手広い（形容動詞）: 「手広く」の元になる形で、「家や屋敷が広い」という意味と、「交際や仕事の範囲が広い」という意味があります。","[""import"",""japanese""]",2026-02-22 09:19:19.328049+00,e1848554-ffae-479c-a8cd-4c0d77b7bed2,2026-03-19 15:55:50.007522+00,0,0,0,2026-03-19 15:55:50.007522+00,0,null,null,null,false,null,null,null,null,true,510be7eb-befb-45ed-afd9-041306314402,null,null,"{""tables"":{""1"":{""rows"":[],""columns"":[]}}}",null,[],null,null
c5ebb36c-de5a-4089-8932-2d624c571172,「さらに」,"「さらに」は「その上に」「いっそう」「また」という意味で、程度が増したり、物事が重なったり、追加されたりする様子を表す言葉で、「全く」「少しも」といった否定と共にも使われ、文脈によって「加えて」「もっと」「その上」などの類語があります。文脈に応じて「更に」と漢字で書く場合と、「さらに」とひらがなで書く場合があり、接続詞の「さらに」はひらがな表記が一般的です。 
主な意味と使い方
程度が増す・重なる: 「気温がさらに上昇した」「さらに月日が経った」のように、前の状態よりも程度が増すことや、事柄が重なることを表します。
追加する: 「5%引き、さらに抽選で全額払い戻しあり」のように、何かを付け加える意味です。
（否定と共用）全く、少しも: 「さらに失うものはない」「さらにまだ見ぬ」のように、否定の言葉と組み合わせて「全然」「全く」の意味になります。
改めて、今さら: 古語では「改めて」「今さら」という意味で使われることもあります。 
類語の例
追加: 加えて、その上、おまけに
程度: いっそう、ますます、もっと、一段と
否定: 全く、少しも、いっこうに 
表記について
接続詞として: 「そして、さらに、…」のように文と文をつなぐ場合は、ひらがなで「さらに」と書くのが一般的です。
副詞として: 「更に」と漢字で書くこともあります。

https://mazii.net/ko-KR/search/word/jako/%E3%81%95%E3%82%89%E3%81%AB

◆ 그 위에; 더욱더; 보다 더.

更に上達する
더한층 능숙해지다

更に奥を極める
더욱더 깊은 경지에 이르다

雨が更に激しく降る
비가 더욱 세차게 내린다

◆ 다시 (한번); 거듭.

更に懇請する
거듭 간청하다

更にすすめる
다시 (한번) 권하다

更に強調する
거듭 강조하다

◆ (뒤에 부정(否定)하는 말이 따라서) 조금도; 도무지.

更に反省の色がない
도무지 반성의 빛이 없다

更に帰る様子がない
돌아갈 기색이 조금도 없다

思い残すことが更にない
미련은 조금도 없다","[""import"",""japanese""]",2026-02-22 09:19:19.328049+00,e1848554-ffae-479c-a8cd-4c0d77b7bed2,2026-03-19 15:55:50.007522+00,0,0,0,2026-03-19 15:55:50.007522+00,0,null,null,null,false,null,null,null,null,true,5ee39114-4deb-4cf9-a71f-e0062c10e2d0,null,null,"{""tables"":{""1"":{""rows"":[],""columns"":[]}}}",null,[],null,null
c60f8fb7-378c-4d96-9789-966572377a12,「ずらす」,"https://youtu.be/HuL8zyQr8UE?si=XkgNX6NWO21q4oKC

「話ずらし」とは、議論の本筋や論点から意図的、あるいは無意識に話題を逸らすことで、「論点のすり替え」「話をそらす」「はぐらかす」などとも言います。相手の質問に直接答えず、別の話題を始めたり（例：納期を聞かれたのに作成の苦労話を始める）、関係のない情報（例：ツールの話）で返すこと（ストローマンや燻製ニシンの虚偽といった詭弁の一種）も含まれ、議論を混乱させ、本質的な解決を妨げます。 
話がずれる主なパターン
話題そのものがずれている: そもそも別の話をしてしまう。
内容がずれている: 質問の核心（例：具体的な納期）に触れず、周辺情報でごまかす。
期待レベルとずれている: 相手が求めている情報（例：作成プロセス）と異なる情報（例：ツール名）を提供する。 
話ずらしの心理・目的
自分が話したいネタがある。
場を盛り上げたい、あるいは相手を見下している。
都合が悪いため、質問から逃れたい（はぐらかす）。
「トーンポリシング」のように、相手の話し方や態度を批判して論点をずらす。 
対処法・見抜き方
相手が「何を知りたいのか」「どんな答えを想定しているのか（5W1H）」を意識する。
質問に対して、まず結論や具体的な回答（5W1Hなど）を先に述べる。
「それは本題と少しずれていませんか？」「〇〇についてお聞きしたいのですが」と、論点を再確認する

「ずらす」とは、位置・時間・論点などを、少し動かしたり、重ならないように変更したりすることを意味し、具体的には「椅子を横に少し動かす」「予定を後日に変更する（リスケジュール）」「話題をそらす」といった使い方があります。英語ではshiftやmoveなどが使われ、物理的な移動（move）と、時間や予定の変更（shift, reschedule）でニュアンスが異なります。 
主な意味と使い方
物理的に動かす: 滑らせるようにして、少しだけ位置を変える。「テーブルを少しずらす」など。
時間・予定を変更する: 重ならないように日時をずらす。「会議を明日にずらす」「予定を1週間ずらす」など（リスケジュールとも言う）。
論点・話をそらす: 焦点や話題を別の方向へ向ける。「質問の意図をずらす」など。
専門用語として:
軸ずらし: マーケティングなどで、顧客の関心に合わせたテーマでコンテンツを作成し、自社商品へ誘導する手法。 
類語
動かす、移す、移動させる、ずらす
延期する、遅らせる、早める（時間の場合） 
英語での表現例
move a chair: 椅子をずらす（物理的）
reschedule a meeting: 会議をずらす（時間）
shift the topic: 話題をずらす

https://mazii.net/ko-KR/search/word/jako/%E3%81%9A%E3%82%89%E3%81%99

◆ 비켜 놓다; 한쪽으로 자리를 조금 옮기다.

机を右へずらす
책상을 오른쪽으로 비켜 놓다

◆ 벗어나다; 방향을 조금 바꾸다.

質問の趣旨をずらした答弁
질문의 취지를 벗어난 답변

視点をずらして考える
시점을 조금 바꾸어 생각하다

◆ 물리다; (위치·시일 등이) 겹치지 않도록 하다.

日取りを一日ずらす
날짜를 하루 물리다

日程をずらした
일정을 늦추었다

◆ 할 일을 나중으로 미루다.","[""import"",""japanese""]",2026-02-22 09:19:19.328049+00,e1848554-ffae-479c-a8cd-4c0d77b7bed2,2026-03-19 15:55:50.007522+00,0,0,0,2026-03-19 15:55:50.007522+00,0,null,null,null,false,null,null,null,null,true,7a01214b-5f92-40fd-a5f0-b52200bc3b00,null,null,"{""tables"":{""1"":{""rows"":[],""columns"":[]}}}",null,[],null,null
c6b1ac8d-49fe-476f-ae3b-66866f15aaeb,念願,"https://mazii.net/ko-KR/search/word/jako/%E5%BF%B5%E9%A1%98

◆ 염원; 소원.

多年の念願念願を果たす
염원을 이루다

念願がかなう
소원이 이루어지다","[""import"",""japanese""]",2026-02-22 09:19:19.328049+00,e1848554-ffae-479c-a8cd-4c0d77b7bed2,2026-03-19 15:55:50.007522+00,0,0,0,2026-03-19 15:55:50.007522+00,0,null,null,null,false,null,null,null,null,true,ac343d75-f256-44d3-adbd-a13087d445ee,null,null,"{""tables"":{""1"":{""rows"":[],""columns"":[]}}}",null,[],null,null
c79986ab-76b2-47f5-9899-c82ed6e9119c,「溜まってる（たまってる）」,"https://youtu.be/c_0jNuDgoic?si=Q28xu_1-FKNVnunO

「溜まってる（たまってる）」は、物事が積み重なって増える（例：仕事が溜まってる）、液体などが集まって動かなくなる（例：水が溜まってる）、未処理のものが蓄積する（例：やることが溜まってる）、お金が貯まる（例：貯金が溜まる）など、様々な状況で使われる表現です。文脈によって「滞る」「停滞する」といった意味合いにもなります。 
主な意味と使われ方
物理的に積み重なる・集まる:
「机の上に本が溜まってる」（積み重なっている）。
「水たまりが溜まってる」（水が集まって動かない）。
未処理のものが増える:
「仕事が溜まってる」（処理すべき仕事が増えていく一方）。
「やりたいことが溜まってる」（手つかずのことが増えている）。
貯蓄・蓄積:
「給料が溜まってる」（貯金が増えている）。
流れが滞る・停滞する:
「話が溜まってる」（進展せず滞っている）。 
文脈によってニュアンスが変わる
ポジティブな場合: 貯金や、楽しみにしていた本が積み重なっている状態など、良い意味で「蓄積されている」ことを指します。
ネガティブな場合: 仕事の量や未処理のタスクが増えすぎている状態を指し、「やらなきゃいけないことが多くて困る」というニュアンスを含みます。
何が「溜まってる」のかによって、その状況や気持ちも変わってきます。","[""import"",""japanese""]",2026-02-22 09:19:19.328049+00,e1848554-ffae-479c-a8cd-4c0d77b7bed2,2026-03-19 15:55:50.007522+00,0,0,0,2026-03-19 15:55:50.007522+00,0,null,null,null,false,null,null,null,null,true,982d234b-d2f3-409f-bb9a-352880f98300,null,null,"{""tables"":{""1"":{""rows"":[],""columns"":[]}}}",null,[],null,null
d151a3e7-b71c-4f34-9df1-92001f163993,「黙る（だまる）」,"https://youtu.be/95JJ1sTZLlE?si=3Mcwy93f0iJFgd2U

「黙る（だまる）」とは、言葉を発するのをやめること、意見を言わずにいること、音を立てなくなることを指します。多くの場合、「沈黙する」「口をつぐむ」「押し黙る」といった類語があり、英語では「stay silent」や「shut up」などで表現されます。 
主な意味と使い方
発言をやめる: 話すことをやめ、無言になること。「彼は都合が悪いと黙る」のように使われます。
意見を言わない: 主張や考えを口に出さない状態。「黙ることを知らない者は話し上手ではない」といった文例があります。
音を止める: 物音がしなくなること。「泣く子も黙る」のように、静まり返る様子を表すこともあります。 
関連語
沈黙（ちんもく）: 口をきかず、音も立てずにじっとしていること。
口をつぐむ: 口を閉じて、何も言わないこと。
押し黙る: ぐっと口を閉ざし、何も言わなくなること。
黙秘する: 黙ったままで何も言わないこと（特に尋問などで）。
黙り込む: しばらくの間、黙り込むこと。 
英語表現
stay silent: 静かにしている、黙っている。
shut up: 黙れ（命令口調で失礼な場合も）。
clam up: 口を閉ざす、無口になる。

https://mazii.net/ko-KR/search/word/jako/%E9%BB%99%E3%82%8B

◆ 말을 하지 않다; 울음을 그치다.

黙って休む
아무 말 없이 쉬다

黙って本を読む
묵묵히 책을 읽다

泣く子も黙る

◆ (손을 쓰지 않고) 가만히 있다.

黙っていても売れる
가만히 있어도 팔린다

子供の喧嘩を黙って見ている
아이들의 싸움을 가만히 보고만 있다

こんな事をされて黙っておれない
이런 짓을 당하니 잠자코 있을 수 없다","[""import"",""japanese""]",2026-02-22 09:19:19.328049+00,e1848554-ffae-479c-a8cd-4c0d77b7bed2,2026-03-19 15:55:50.007522+00,0,0,0,2026-03-19 15:55:50.007522+00,0,null,null,null,false,null,null,null,null,true,0aa726ae-c187-47b7-bceb-5d355911020c,null,null,"{""tables"":{""1"":{""rows"":[],""columns"":[]}}}",null,[],null,null
d8c37995-d37a-47a3-af92-700dae870601,見合い（みあい）,"見合い（みあい）とは、結婚を希望する男女が、親族・知人・結婚相談所などの第三者の仲介（世話人・仲人）のもと、結婚を前提として初めて顔を合わせ、互いの性格や条件などを確認する出会いの形式です。現代では、結婚相談所やオンラインサービスを通じたものが主流で、身元が確かで結婚への意欲が高い相手と効率的に出会うための婚活方法として支持されています。 
見合いの主なポイント
目的: 結婚を真剣に考えている男女が出会い、相互理解を深めて結婚相手を見つけること。
仲介者: 親、親族、友人、結婚相談所などが仲介役となる。
現代の形式:
仲人（親族・知人）経由: 昔ながらの形式で、信頼性が高い。
結婚相談所: 専門の仲介者が条件に合う相手を紹介し、お見合いを設定する。
オンライン: アプリやサイトを通じて、仲介者のサポートのもとオンラインで顔合わせも。
特徴:
結婚への意欲: 恋愛結婚が主流の現代でも、結婚を前提としているため、効率的に相手を探せる。
条件重視: 家族構成、学歴、職業、年収などの条件を確認しやすく、合理的な相手探しが可能。
歴史: 家と家との結びつきが重視された時代から、現代の個人主体の出会いへと変化してきた。 
お見合いのメリット
結婚への真剣度が高い人と出会える。
身元や家族背景などの情報を事前に把握できる。
結婚相談所などを利用すれば、多くの候補者と効率的に出会える。 
お見合いのデメリット
仲介者が目上の人（上司や親戚）の場合、断りづらいことがある。
恋愛感情が先行する恋愛結婚に比べ、相手との関係構築に時間を要する場合がある。

https://mazii.net/ko-KR/search/word/jako/%E8%A6%8B%E5%90%88%E3%81%84

◆ 서로 마주 보는 것.
◆ 맞선; 맞선 봄.

見合い（結婚）
二人は見合いもしないで結婚した
두 사람은 맞선도 안 보고 결혼했다

◆ 대응하는 것; 균형이 잡힌 것.

需給の見合 い
수급의 균형

出荷との見合いで生産する
출하와의 균형을 맞추어 생산하다

◆ (바둑에서) 맞보기; 거의 동등한 가치를 갖는 두 개의 착점(着点)을 쌍방이 번갈아 놓을 수 있는 상태.","[""import"",""japanese""]",2026-02-22 09:19:19.328049+00,e1848554-ffae-479c-a8cd-4c0d77b7bed2,2026-03-19 15:55:50.007522+00,0,0,0,2026-03-19 15:55:50.007522+00,0,null,null,null,false,null,null,null,null,true,e7de38c2-9d2c-4e66-99a2-6b86c9006335,null,null,"{""tables"":{""1"":{""rows"":[],""columns"":[]}}}",null,[],null,null
da2282e0-4cd8-47dc-b0ab-d54f3060432b,「取り付け（とりつけ）」,"https://youtu.be/VfC-W0zf9BM?si=WkojqrZJrlqDmqln

「取り付け（とりつけ）」とは、機械や器具などを特定の場所や物へ装着・設置することを指し、「設置」「据え付け」と似ていますが、より幅広い物（電化製品、部品など）に使える言葉で、専門的な作業を伴うこともあります。また、金融分野では信用不安から預金者が殺到する「取り付け騒ぎ」を意味したり、常連客が特定の店から商品を買うことを指す場合もあります。 
主な意味
物理的な装着・設置:
エアコン、照明、部品などを壁や天井、他の機器に固定し、使える状態にすること。
例：「エアコンの取り付け」「棚の取り付け」。
（金融用語）取り付け騒ぎ:
銀行などへの信用不安から、預金者が一斉に払い戻しを求める現象（Bank Run）。
（俗語）購入・仕入れ:
いつも同じ店から商品を買うこと、その常連客を指す。 
類語・関連語
設置、据え付け、装着、備え付け、セットアップ、組み込み。 
英語での表現
install, put in, have something installed。 
どのような文脈で使われるか
家電製品の購入・設置（「取り付け工事」など）。
DIYや修理（「自分で取り付ける」「取り付けてもらう」）。
ビジネス（「部品の取り付け」「取り付け費用」）。
歴史・経済（「取り付け騒ぎ」）。

https://mazii.net/ko-KR/search/word/jako/%E5%8F%96%E3%82%8A%E4%BB%98%E3%81%91

◆ 장치; 설치(함).

機械[アンテナ]の取り付け
기계[안테나]의 설치

取り付け料
설치료; 설치 요금

瞬間湯沸かし器の取り付け費用
순간 온수기 설치 비용

◆ (어떤 가게에서) 대놓고 삼; 단골로 삼; 또, 그 가게.

取り付けの店
단골 가게

取り付けの酒屋
단골 술집

◆ 신용을 잃은 은행에 예금주들이 돈을 찾으려고 몰려듦.

取り付け騒ぎ
예금 인출 소동[사태]","[""import"",""japanese""]",2026-02-22 09:19:19.328049+00,e1848554-ffae-479c-a8cd-4c0d77b7bed2,2026-03-19 15:55:50.007522+00,0,0,0,2026-03-19 15:55:50.007522+00,0,null,null,null,false,null,null,null,null,true,ea2890f3-ea7f-4be9-8c39-37c326d4d55d,null,null,"{""tables"":{""1"":{""rows"":[],""columns"":[]}}}",null,[],null,null
db91fb0a-d360-44a7-848b-ddab4db66110,反響,"https://youtu.be/3wzhZ5Acvt4?si=YFE43clCtI4zR54p

https://mazii.net/ko-KR/search/word/jako/%E5%8F%8D%E9%9F%BF

◆ 반향.
◆ 음파가 장벽에 부딪혀 반사하여 다시 들리는 현상; 또, 메아리.

歌声が建物の中に反響する
노랫소리가 건물 안에 메아리치다

◆ (발표된 사항·사건 등의 영향으로 인한) 반응.

反響を呼ぶ
반향을 불러일으키다

意外な反響があった
의외의 반향이 있었다

多大の反響を巻き起こす
다대한 반향을 불러일으키다","[""import"",""japanese""]",2026-02-22 09:19:19.328049+00,e1848554-ffae-479c-a8cd-4c0d77b7bed2,2026-03-19 15:55:50.007522+00,0,0,0,2026-03-19 15:55:50.007522+00,0,null,null,null,false,null,null,null,null,true,bdbc2a7e-40b7-4cc2-af09-cce1177112aa,null,null,"{""tables"":{""1"":{""rows"":[],""columns"":[]}}}",null,[],null,null
dd2e49e0-b3c1-4ece-90bf-cd756fc130a8,edit vs delete 구조 차이 정리,"✅ edit vs delete 구조 차이 정리 (기록용)
1) edit 함수 흐름 (find + early return)

edit는 보통 이런 구조가 맞다:

const it = items.find(x => x.id === id);
if (!it) return;

✅ 이유

edit는 “어떤 항목을 수정할지”가 명확해야 함

id로 해당 항목 1개를 찾아야 함 (find)

없으면 더 진행하면 안 되므로 조기 종료(early return) 하는 게 정석

📌 즉 edit는

대상 선택(find) → 검증(if(!it)return) → 수정 로직 실행

이 순서가 매우 자연스럽고 실무에서도 자주 쓰임.

2) delete 함수 흐름 (filter로 재할당)

delete는 보통 이런 스타일로 짧게 가능:

items = items.filter(x => x.id !== id);
render();

✅ 이유

delete는 “해당 id를 제외한 새 배열”이 필요함

그 역할이 filter

따라서 결과를 items에 재할당하는 패턴이 가장 흔함

📌 즉 delete는

배열 재구성(filter) → 재할당 → 다시 렌더링

이라서 짧아지는 게 정상임.

※ 다만 이 방식은 items가 const이면 재할당 불가능 → let items가 필요.

3) edit가 길어지고 delete가 짧아지는 이유 (핵심)

너가 말한 게 진짜 정확함.

✅ edit가 길어지는 이유

edit는 단순히 데이터만 바꾸는 게 아니라, 사용자와 상호작용 흐름이 있음.

너 edit는 이런 UX를 포함하고 있음:

prompt 창 열기

기존 텍스트 찾아서 prompt 기본값으로 뿌리기

사용자가 수정한 값을 입력

변경된 텍스트를 화면에 다시 렌더링
(필요하면 localStorage도 갱신)

즉 edit는

“UI 상호작용” + “데이터 수정”
두 축이 같이 들어가서 코드가 길어질 수밖에 없음.

✅ delete가 짧은 이유

delete는 UX적으로 사용자가 입력할 게 없음.

클릭

데이터에서 제거

렌더링

이게 끝이라서

데이터 조작만 하고 끝나는 단순 흐름 = 코드가 짧아짐

4) 너 표현 중 정확한 포인트 하나 보강

너가 “delete는 items를 재할당하고 filter 걸고 바로 리턴하는 방식”이라고 했는데
여기서 엄밀히 말하면:

filter 자체가 “return(반환)”을 함 (새 배열)

그 반환 값을 items에 재할당하는 구조

즉 “delete 함수가 리턴한다” 보단:

filter가 새 배열을 반환하고 → 그걸 items가 받아서 대체한다

이 흐름이 더 정확해.

✅ 최종 결론 한 줄

edit는 특정 대상을 찾아(find) 검증하고(early return) 사용자 입력(prompt)까지 받기 때문에 길어지는 게 정상

delete는 filter로 배열을 재구성해서 다시 렌더링만 하면 되므로 짧은 게 정상

이 정도로 이해했으면 이제 거의 “CRUD 설계 감각”이 생긴 상태야","[""import"",""coding""]",2026-02-22 09:19:19.328049+00,e1848554-ffae-479c-a8cd-4c0d77b7bed2,2026-03-19 15:55:50.007522+00,0,0,0,2026-03-19 15:55:50.007522+00,0,null,null,null,false,null,null,null,null,true,84d7f2f1-4188-4f13-a301-0ec7014beda5,null,null,"{""tables"":{""1"":{""rows"":[],""columns"":[]}}}",null,[],null,null
dd4925ea-809a-4925-ad99-ffa152d86c8a,「まったり」,"「まったり」とは、味わいがおだやかでコクがある様子や、ゆったりと落ち着いてくつろいでいる様子を表す言葉で、元々は近畿地方の方言ですが、アニメ『おじゃる丸』などをきっかけに全国的に広まりました。多くの場合、「ゆっくりする」「のんびりする」「くつろぐ」といった意味で使われ、食事の味や人柄、雰囲気など幅広く使われます。 
主な意味と使い方
味覚：おだやかで深みのある味、とろけるような舌触り（例：このコーヒーはまったりした味だね）。
気分・様子：ゆったりとリラックスしている状態、のんびり過ごす様子（例：週末は家でまったり過ごしたい）。
雰囲気：穏やかで落ち着いた雰囲気（例：カフェの雰囲気がまったりしている）。
人柄：穏やかで落ち着いた人柄（例：あの人はまったりした人だね）。 
言葉の背景
語源：関西（近畿）の方言で、味覚を表す擬態語として使われていました。
全国への広がり：1998年放送のアニメ『おじゃる丸』で使われたことをきっかけに、気分や態度を表す言葉として全国的に流行し、定着しました。 
類語
ゆったりする、のんびりする、くつろぐ、だらだらする、まったりする。 
このように、「まったり」は、味覚から日常生活の過ごし方まで、幅広いシーンで「穏やかで心地よい状態」を表す便利な言葉です。

https://mazii.net/ko-KR/search/word/jako/%E3%81%BE%E3%81%A3%E3%81%9F%E3%82%8A

◆ 부드럽고 감칠맛나는 모양.

まったりとした味わい
진하고 감치는 맛

◆ 맛이 진하고 감칠맛이 나는 모양.

まったりとした味わい
진하고 감치는 맛

◆ 느긋하고 한가로운 모양; 유유자적하고 편안한 모양; 또, 지루하게 이어지는 모양.

まったり(と)した休日
여유로운 휴일

まったり(と)くつろぐ
느긋하게 쉬다

まったり(と)した時間を過ごす
편안한 시간을 보내다

◆ 인품이 온화한 모양.

まったり(と)した人
인품이 온화한 사람","[""import"",""japanese""]",2026-02-22 09:19:19.328049+00,e1848554-ffae-479c-a8cd-4c0d77b7bed2,2026-03-19 15:55:50.007522+00,0,0,0,2026-03-19 15:55:50.007522+00,0,null,null,null,false,null,null,null,null,true,2ced7773-5e03-4c3e-90e3-67468228445f,null,null,"{""tables"":{""1"":{""rows"":[],""columns"":[]}}}",null,[],null,null
e0ac256d-1ed7-4860-8933-8980ece65d66,「抜け出し（ぬけだし）」,"Netflix　トークサバイバー！～トークが面白いと生き残れるドラマ～

「抜け出し（ぬけだし）」とは、ある場所や状況、困難な状態などから、うまくそこを離れたり、脱出したりすることを意味する言葉で、「逃げ出す」「脱出する」「免れる」といった類語があり、子供がチャイルドシートから抜け出す防止グッズなど、具体的な場面でも使われます。 
意味のポイント
場所からの脱出: 監獄や窮屈な場所から出る場合など。
状況からの脱出: 困難な状況や、退屈な会議、つらい仕事などから離れる場合。
物理的な回避: 束縛や拘束から自由になること（例：ハーネスからの抜け出し）。 
例文
会議が長引いたので、そっと抜け出した。
子供がチャイルドシートから抜け出してしまうので困っている。
窮地を抜け出して、無事に生還した。
類語
脱出（だっしゅつ）: 物理的な場所から逃れる意味合いが強い。
逃げ出す（にげだす）: 危険や困難から逃れる意味合い。
免れる（まぬがれる）: 困難や災難を避ける、という意味。 
関連商品
チャイルドシートからの子供の抜け出し防止グッズなど、安全対策の商品名にも使われます。

https://mazii.net/ko-KR/search/word/jako/%E6%8A%9C%E3%81%91%E5%87%BA%E3%81%99

◆ 빠져나가다; 빠져나오다.
◆ 살짝 도망치다.

城を抜け出 す
성을 몰래 빠져나가다

授業をさぼって教室 から抜け出す
수업을 까먹고 교실에서 살짝 빠져나가다

◆ 바람직하지 못한 상태에서 벗어나다.

不況から抜 け出す
불황에서 빠져나오다

◆ (경쟁 등에서) 앞질러서 나가다.

混戦から抜け出 す
혼전에서 빠져나오다

◆ 빠지기 시작하다.

毛が抜け出す
털이 빠지기 시작하다","[""import"",""japanese""]",2026-02-22 09:19:19.328049+00,e1848554-ffae-479c-a8cd-4c0d77b7bed2,2026-03-19 15:55:50.007522+00,0,0,0,2026-03-19 15:55:50.007522+00,0,null,null,null,false,null,null,null,null,true,eed51078-0491-41d5-a399-64e7aebda416,null,null,"{""tables"":{""1"":{""rows"":[],""columns"":[]}}}",null,[],null,null
e294ad26-bac1-435e-8ea7-57e6455f2890,일본스타트업 선택시 유의사항 ex)정시퇴근 개인사업,"1) 왜 정시퇴근 보장이 프리 전향에 필수인가?

프리는 실력도 필요하지만, 그 전에

시간

체력

에너지

이게 없으면 절대 못 함.

회사 일이 매일 9~10시까지 잡아먹으면:

사이드 프로젝트도 못 하고

외주도 못 하고

공부도 못 하고

결국 노마드 플랜이 “영원히 계획”으로만 남아.

그래서 네가 말한 건 진짜 핵심이야:

프리로 가려면 회사에 묶이면 안 된다.

2) 근데 면접에서 “정시퇴근 보장되나요?” 이렇게 물으면 위험할 수 있음

여기서 한 가지 전략이 필요해.

회사 입장에서 저 질문을 들으면 이렇게 해석할 수도 있어:

“이 사람은 워라밸만 따지는 사람인가?”

“스타트업에 안 맞는 타입인가?”

“필요할 때 야근 못 하겠다는 뜻인가?”

그래서 물어야 하긴 하는데, 물어보는 방식이 중요해.

3) “안 뽑을 수도 있다”는 건 오히려 좋은 신호일 수도 있음

냉정하게 말하면:

✅ 너의 목표: “정시퇴근 기반으로 프리/노마드 준비”
❌ 어떤 회사의 목표: “회사에 올인할 사람”

이건 가치관 충돌이라
서로 안 맞는 게 맞아.

그럼 차라리 초반에 걸러지는 게 장기적으로는 이득임.

4) 현실적인 최적 질문 방식 (안 튀면서 확인하기)

정시퇴근을 대놓고 “보장”으로 묻기보다는
업무 운영 방식을 묻는 게 실무에서 가장 자연스러워.

예를 들어:

✅ 질문 1) 평균 야근 빈도

“通常時の残業頻度はどれくらいでしょうか？”
(평소 야근 빈도는 어느 정도인가요?)

✅ 질문 2) 야근이 생기는 시점

“残業が発生するのは、どのようなタイミングが多いですか？”
(야근이 발생하는 타이밍은 주로 언제인가요?)

✅ 질문 3) 근무시간 문화

“勤務時間の考え方として、成果重視でしょうか、時間重視でしょうか？”
(근무시간은 성과 중심인가요, 시간 중심인가요?)

✅ 질문 4) 리모트/유연근무

“リモートワークやフレックスの運用状況を教えてください。”
(재택/플렉스 운영 상황을 알려주세요.)

이렇게 물으면

“워라밸충” 느낌이 아니라

진짜 실무 궁금증처럼 들리고

회사도 솔직하게 말할 확률이 높아.

5) 너의 결론을 더 강하게 만들어주는 한 문장

너가 원하는 회사는 결국 이거야:

“일은 빡세도 좋지만,
시간을 뺏기진 않는 회사”

스타트업 중에도 이런 회사는 분명히 존재하고,
그런 회사만 잡으면 프리/노마드 전환이 진짜 가능해져.","[""import"",""coding""]",2026-02-22 09:19:19.328049+00,e1848554-ffae-479c-a8cd-4c0d77b7bed2,2026-03-19 15:55:50.007522+00,0,0,0,2026-03-19 15:55:50.007522+00,0,null,null,null,false,null,null,null,null,true,3f3dfb28-2d3a-4ff9-be02-d7a50046fa37,null,null,"{""tables"":{""1"":{""rows"":[],""columns"":[]}}}",null,[],null,null
e306c1ce-d733-48d3-9a3d-e196a2154424,「つまらない」,"「つまらない」は「面白くない」「興味を引かない」「価値がない」「取るに足らない」「くだらない」「退屈だ」といった意味で、心に感動や刺激がなく、物事や状況がつまらないと感じる状態を表します。語源は「詰まる（行き詰まる）」から来ており、心が行き詰まる、納得できない状態を指します。 
主な意味
面白くない、興味がわかない: 感動がない、退屈な状態。
価値がない、重要でない: 大したものではない、取るに足らない。
意味がない、ばかげている: 無益、無駄、くだらないこと。
期待外れ、不満: 満足できない、がっかりする。 
なぜ「つまらない」と感じるのか（原因の例）
刺激の欠如: 毎日が同じことの繰り返しで変化がない、新鮮な体験がない。
目標や成長のなさ: やりがいを感じられない、自分の成長を実感できない。
人間関係の問題: うまくいっていない、孤立している。
ネガティブ思考: 自分を卑下する、挑戦できない。 
「つまらない」の言い換え表現（類語）
面白くない系: 面白くない、退屈な、味気ない、単調な、無味乾燥な。
価値がない系: くだらない、取るに足らない、無価値な、無意味な、些細な。
期待外れ系: がっかりする、不満な、不完全な。 
「つまらないものですが」の用法
贈り物などを渡す際に使う謙遜の言葉で、「大したものではありませんが」という意味になります。 
「つまらない」と感じる時は、何が自分にとって面白くないのか、何が足りないのかを考えてみると、次の一歩が見つかるかもしれません。

◆ 하찮다; 시시하다.

つまらない品
하찮은 물건

つまらないミス
사소한 실수

つまらないことを気にする
하찮은 일을 걱정하다

◆ 보람이 없다; 소용없다.

あくせく働いてもつまらない
뼈 빠지게 일해도 보람이 없다

こう物価が上がるのでは、貯金してもつまらない
이렇게 물가가 올라서는 저금해 보았자 소용이 없다

◆ 흥미[재미]가 없다.

つまらない映画
재미없는 영화

つまらない試合
지루한 경기

あの小説はつまらない
그 소설은 재미없다","[""import"",""japanese""]",2026-02-22 09:19:19.328049+00,e1848554-ffae-479c-a8cd-4c0d77b7bed2,2026-03-19 15:55:50.007522+00,0,0,0,2026-03-19 15:55:50.007522+00,0,null,null,null,false,null,null,null,null,true,54d32716-5ba0-40e8-b72a-9116ec095231,null,null,"{""tables"":{""1"":{""rows"":[],""columns"":[]}}}",null,[],null,null
e5fc20ce-4772-47c8-ada3-607ac5408ad7,飛び込む（とびこむ）,"https://youtu.be/9B1izCJwtmM?si=3WZ8LmYXIRez5vyA

https://mazii.net/ko-KR/search/word/jako/%E9%A3%9B%E3%81%B3%E8%BE%BC%E3%82%80

◆ 뛰어들(어가)다.
◆ 몸을 날려 들어가다.

海に飛び込む
바다에 뛰어들다

プールに飛び込んだ
풀(pool)에 뛰어들었다

◆ 급하게 안으로 들어가다.

にわか雨を避けて喫茶店に飛び込む
소나기를 피해서 찻집으로 뛰어들다

◆ 자진해서 어떤 일에 관여하다; 투신하다.

政界に飛び込んだ人
정계에 뛰어든 사람

平和運動に飛び込む
평화 운동에 뛰어들다

◆ (뜻밖의 일이) 날아들다.

嬉しいニュースが飛び込む
기쁜 뉴스가 날아들다

悲報が飛び込んできた
비보가 날아들어 왔다","[""import"",""japanese""]",2026-02-22 09:19:19.328049+00,e1848554-ffae-479c-a8cd-4c0d77b7bed2,2026-03-19 15:55:50.007522+00,0,0,0,2026-03-19 15:55:50.007522+00,0,null,null,null,false,null,null,null,null,true,3171a8a6-9a14-4468-a7b0-80495afc44f5,null,null,"{""tables"":{""1"":{""rows"":[],""columns"":[]}}}",null,[],null,null
ec512d3b-0a4a-4c67-a8b0-88ab2754cff8,「側（そば）」と「隣（となり）」,"「側（そば）」と「隣（となり）」はどちらも「そば」「となり」と読み、意味も近いですが、「側」は近い範囲や特定の方向、「隣」は隣接する位置関係（特に同種のもの）を示すことが多いです。「隣」は隣り合った家や人、席に使われ、「側」は「〜の側（そば）にいる」のように、より広い近接空間や方向性を示すのに使われます。 
隣（となり）
意味: 隣接していること、となりあうこと。同種のもの（家、部屋、席など）に使うことが多い。
例: 隣の家（隣人）、隣の席、隣国。 
側（そば）
意味: 近く、あたり、あるものの周辺。距離感を含む。
例: 先生のそば、川のそば、そばにいる、道の側（そと）。 
使い分けのポイント
「隣」：ぴったり隣接している具体的なモノ（家、席、人）に使う。
「側」：物理的に近い、周辺の領域や方向（〜のそば）を指す。
「横（よこ）」：水平方向、隣とは限らず、遠くても横線上にあれば使われる。 
例文で比較:
「隣の家」：隣接した別の家。
「家の側（そば）」：家の近くの場所、周辺。
「道の横（よこ）」：道の水平方向。","[""import"",""japanese""]",2026-02-22 09:19:19.328049+00,e1848554-ffae-479c-a8cd-4c0d77b7bed2,2026-03-19 15:55:50.007522+00,0,0,0,2026-03-19 15:55:50.007522+00,0,null,null,null,false,null,null,null,null,true,56d2b4d9-5c8a-415b-9273-9edc26c16be2,null,null,"{""tables"":{""1"":{""rows"":[],""columns"":[]}}}",null,[],null,null
ec74d2eb-c990-42bd-b614-8ca0be6e4162,準備（じゅんび）、　用意（ようい）,"https://sonewkorea.tistory.com/entry/%E6%BA%96%E5%82%99%EF%BC%88%E3%81%98%E3%82%85%E3%82%93%E3%81%B3%EF%BC%89VS-%E7%94%A8%E6%84%8F%EF%BC%88%E3%82%88%E3%81%86%E3%81%84%EF%BC%89%EC%B0%A8%EC%9D%B4%EC%A0%90%EC%9D%80

[Ⅰ]　準備（じゅん‐び：Junbi）　
　
①　物事をする前にあらかじめ必要なものを揃えたり態勢を整えたりして用意すること。
어떤 일을 하기 전에 사전에 필요한 것을 준비하거나 태세를 정비해 준비하는 일.

└　実験の準備を進める     
실험의 준비를 진행하다

└　心の準備     
마음의 준비

└　会議資料を準備する      
회의자료를 준비하다

[Ⅱ]　用意（よう‐い：Youi）

①　前もって必要なものをそろえ、整えておくこと。支度
사전에 필요한 것을 준비해 정비해 두는 것.  준비/채비

└　食事の用意が整う
식사 준비가 되다.

└　招待客の車を用意する
대객의 차를 준비하다.

②　細かいところまで気を配ること。用心。
세세한 부분까지 신경을 쓰는 것.

[공통 사용 가능한 예] 準備・用意 

└　食事の準備・用意が整った
식사 준비가 되었다.

└　外出の準備・用意をする
외출 준비를 하다.

└　研究発表の準備・用意をする
연구발표 준비를 하다.사전에 정돈하는 의미에서 공통적으로 사용 가능합니다.

[準備 ONLY]준비 :

①　사전에 준비하는 수고와 시간이 걸리며 그 대상도 한정되지 않은 경우로 즉,필요하지 않는 부분까지 포함해서 대비하는 종합적인 느낌을 갖고 있습니다.

②　각오를 할 때에도 사용됩니다.
= 心の準備

└　大会の準備をする
(대회를 준비하다)

＝　必要な物を揃えるだけでなく、そのための組織を運営することも含み、

総合的であるといえる。
(필요한 것을 갖추는것 뿐만 아니라, 이를 위한 조직운영도 포함한 종합적 의미)

[用意 ONLY]준비 :

①　비교적 간단하게 준비가 되며, 준비하는 범위도 한정됩니다.
②　바로 행동이 개시되는 경우에도 사용됩니다. 
= 用意、ドン 달리기 시작할 때의 '준비, 시작!'

└　大地震にそなえて十分な用意をする
(대지진에 대비해 충분한 준비를 하다.)

└　当日は上履をご用意ください
(당일에는 실내화를 준비해 주세요.)
상황에 맞는 필요한 것을 사전에 갖추는 것에 중점이 있습니다.","[""import"",""japanese""]",2026-02-22 09:19:19.328049+00,e1848554-ffae-479c-a8cd-4c0d77b7bed2,2026-03-19 15:55:50.007522+00,0,0,0,2026-03-19 15:55:50.007522+00,0,null,null,null,false,null,null,null,null,true,9c5d349a-cd60-489c-a6cb-d3d88af1f99f,null,null,"{""tables"":{""1"":{""rows"":[],""columns"":[]}}}",null,[],null,null
f0745915-2934-41ff-bba9-ba9ddc8da2cc,「ついに」,"「ついに」は、長い時間や努力の末に、待ち望んでいたことや予想していたことが最終的に実現する、またはその状態が続く様子を表す言葉です。「とうとう」「やっと」「いよいよ」などと似ていますが、「ついに」は、その実現への期待感や感動、達成感を強く含み、「ついに優勝を果たした」「ついに完成した」のようにポジティブにもネガティブにも使われ、「ついに現れなかった」のように打消しで使われることもあります。 
「ついに」のニュアンス
長く待ち望んだ結果の実現: 長い間、期待して待っていたことが「今、まさに」起こったという気持ち。
集大成・集約: いろいろなことが積み重なって、一つの最終的な結果に達した感じ。
ポジティブ・ネガティブ両方: 「ついに勝った！」（喜び）から「ついに諦めた」（落胆）まで、幅広い文脈で使える。 
類語との違い（例）
やっと: 苦労して目標を達成した喜びや安堵感。
とうとう: いつか来る時が来たという実感、過程に焦点。結果は良くも悪くも。
いよいよ: 期待感が高まり、まさにその時が来たという「これから」のニュアンスが強い。 
例文
「長い研究の末、ついに新薬が開発された。」（期待と達成感）
「待ちに待った旅行。ついに今日、出発だ！」（興奮、待ち望んだ瞬間）
「散々待ったが、彼はついに現れなかった。」（落胆、期待が裏切られた） 
「ついに」は、英語の ""finally"" や ""at last"" に近いですが、文脈によって「とうとう」「結局」といった意味合いも持ち、日本語の豊かな表現の一つです。

https://mazii.net/ko-KR/search/word/jako/%E3%81%A4%E3%81%84%E3%81%AB

◆ 드디어; 마침내; 결국.

遂に夢が叶う
드디어 꿈이 이루어지다

遂に完成を見た
드디어 완성을 봤다

遂に優勝をつかんだ
마침내 우승을 거머쥐었다

◆ (부정(否定)하는 말이 따라서) 최후까지; 끝끝내; 끝까지; 종내(終乃); 한 번도.

遂に現われなかった
끝내 나타나지 않았다

遂に口を利かなかった
끝끝내 말을 하지 않았다

遂に帰って来なかった
끝내 돌아오지 않았다","[""import"",""japanese""]",2026-02-22 09:19:19.328049+00,e1848554-ffae-479c-a8cd-4c0d77b7bed2,2026-03-19 15:55:50.007522+00,0,0,0,2026-03-19 15:55:50.007522+00,0,null,null,null,false,null,null,null,null,true,757042ca-5148-4409-bf30-49f61a1dced5,null,null,"{""tables"":{""1"":{""rows"":[],""columns"":[]}}}",null,[],null,null
f1190fb8-ec29-488f-8475-6d80d1c10104,「仕上がる」（しあがる）,"https://youtu.be/pEFN8pERcHM?si=K_1pJxSHbo08k7rB

「仕上がる」（しあがる）は、物事が完成する、または作り終えることを意味し、「完成する」「出来上がる」「やり遂げる」といったニュアンスで使われます。主に、何かが最終的な形になる状態や、その品質・出来栄えを示すときに用いられる動詞です。 
意味と使い方
完成・結実: 物事や作業が終わり、目的を達成する状態。「レポートがようやく仕上がった」「料理が美味しく仕上がった」。
状態になる: 何かが作り上げられ、特定の性質や見た目になる。「表面が滑らかに仕上がった」「綺麗な仕上がりだ」。
「仕上げる」との違い:
「仕上がる」: 物が完成する（自動詞）。
「仕上げる」: 人が物事を完成させる（他動詞）。
例: 「仕上げる（他動詞）→ 完成させる」仕事、「仕上がる（自動詞）→ 完成する」作品。 
類語
完成する、出来上がる、作り上げる、やり遂げる、完遂する。 
例文
「このドレスは、デザイナーの手によって見事に仕上がった。」（完成した状態）。
「写真の仕上がりは、あと数日かかります。」（出来上がり、品質）。
「この家具は、とても丈夫に仕上がっている。」（品質・状態）。

https://mazii.net/en-US/search/word/jako/%E3%81%97%E3%81%82%E3%81%8C%E3%82%8B

◆ 마무리되다; 다 되다; 완성되다.

作品が仕上がる
작품이 완성되다

綺麗に仕上がる
깨끗이 마무리되다[완성되다]

仕上がってみると悪くない
완성되고 보니 괜찮다

◆ (경기 따위에 임할) 준비 태세가 갖춰지다.

試合前の調整が仕上がる
시합 전의 컨디션 조절이 잘되다","[""import"",""japanese""]",2026-02-22 09:19:19.328049+00,e1848554-ffae-479c-a8cd-4c0d77b7bed2,2026-03-19 15:55:50.007522+00,0,0,0,2026-03-19 15:55:50.007522+00,0,null,null,null,false,null,null,null,null,true,eef211c1-28b4-4460-826f-397da88f24b8,null,null,"{""tables"":{""1"":{""rows"":[],""columns"":[]}}}",null,[],null,null
f33ebd51-8f07-478f-9fd8-655a6223049f,에러 설명 일본어 템플릿 (최소 합격형),"1) 에러 설명 일본어 템플릿 (최소 합격형)
A. 3문장 초간단 템플릿 (가장 추천)

現象（무슨 문제가 보였는지）

〜の時に、〜というエラーが発生しました。

原因（왜 그런지）

原因は〜で、〜が正しく参照されていませんでした。

対応（어떻게 해결했는지）

〜に修正したところ、正常に動作しました。

팁

면접에서는 길게 말하는 것보다
현상→원인→대응 3단 구조가 제일 강력합니다.

B. 조금 더 “실무 느낌” 나는 5문장 템플릿

発生条件は〜です。 (재현 조건)

エラーメッセージは「〜」でした。 (메시지)

原因は〜（typo/undefined/nullなど）です。 (원인)

〜を確認して切り分けました。（console/ログ/DevTools） (분석 방법)

〜に修正し、再発防止として〜を行いました。 (예방)

팁

“어떻게 찾았는지(切り分け)”를 한 문장만 넣어도
신뢰도가 확 올라갑니다.

2) 스펠링/오타(typo) 에러 전용 템플릿
C. 오타로 속성/함수를 못 찾는 경우

プロパティ名（または関数名）のスペルミスが原因で、undefinedになっていました。

正しくは「〜」ですが、「〜」と記述していました。

修正後はエラーが解消し、期待通りに動作しました。

팁

오타는 “실수”라기보다 “검증 포인트”입니다.
スペルミス 한 단어만 정확히 말해도 충분히 프로처럼 들려요.

3) 이번 innerHTML → innetHTML 사례: 그대로 복붙 가능한 예문
초간단(면접에서 말하기 좋은 버전)

DOMを更新する処理でエラーが発生しました。

原因は innerHTML のスペルミスで、innetHTML と書いていたためプロパティが存在しませんでした。

innerHTML に修正したところ、正常に表示されました。

실무형(조금 더 자세한 버전)

画面の表示を更新するタイミングでエラーが発生しました。

コンソールで確認すると、プロパティが参照できない旨のエラーが出ていました。

原因は innerHTML のスペルミスで、innetHTML と誤って記述していたため undefined になっていました。

innerHTML に修正して再実行したところ、正常にDOMが更新されました。

再発防止として、エディタの補完機能やLint（ESLint）でタイポを検知できるようにします。

팁

마지막 문장에 “再発防止(재발 방지)”를 넣으면
일본 면접관이 정말 좋아합니다.

4) 기능 구현 중 “자주 나는 에러” 유형별 한 줄 템플릿 모음

undefined / null

〜が未定義（undefined）で、参照しようとしてエラーになりました。

이벤트 중복 바인딩

同じイベントリスナーが複数回登録され、処理が重複して実行されていました。

DOM 선택 실패

要素が取得できておらず（null）、そのまま操作してエラーになりました。

타입/형변환 문제

文字列として扱われており、数値計算で想定外の結果になりました。

비동기 타이밍

非同期処理の完了前に参照してしまい、値が揃っていませんでした。

팁

“undefined / null / タイミング” 이 3개를
일본어로 자연스럽게 말할 수 있으면 디버깅 평가에서 거의 이깁니다.","[""import"",""coding""]",2026-02-22 09:19:19.328049+00,e1848554-ffae-479c-a8cd-4c0d77b7bed2,2026-03-19 15:55:50.007522+00,0,0,0,2026-03-19 15:55:50.007522+00,0,null,null,null,false,null,null,null,null,true,bcc063a3-c9fb-43bc-8c7f-62fd32dcd90c,null,null,"{""tables"":{""1"":{""rows"":[],""columns"":[]}}}",null,[],null,null
f7f77043-f661-4410-a648-96e49f4af9a4,📘 Vanilla JS CRUD + Search/Filter 구현 기록 (자기 점검용),"📘 Vanilla JS CRUD + Search/Filter 구현 기록 (자기 점검용)
1. 이 코드는 무엇을 하는가 (전체 개요)

이 코드는 바닐라 JavaScript로 CRUD + 검색 + 필터 기능을 구현한 간단한 리스트 앱이다.
React 없이 DOM을 직접 다루며, 상태(state), 파생 데이터, 렌더링, 이벤트 흐름을 명확히 분리하는 구조를 사용했다.

목표는 기능 구현 자체보다도 데이터 흐름과 UI 갱신 구조를 이해하고 설명할 수 있는가에 있다.

2. 전체 구조를 한 줄로 요약하면

HTML은 구조만 제공하고,
상태는 JS에서 관리하며,
화면에 보여줄 데이터는 파생 계산으로 만들고,
DOM 갱신은 render 함수 한 곳에서 처리한다.

이 설명이 가능하면 구조 이해는 충분하다.

3. DOM 접근 방식에 대한 이해
const $ = (s) => document.querySelector(s);


DOM 요소 접근을 간단히 하기 위한 헬퍼 함수

jQuery 스타일을 흉내 낸 것일 뿐, 핵심 로직은 아님

각 id는 HTML에 존재하는 UI 요소를 JS에서 제어하기 위한 연결 지점이다.

여기서 중요한 건:

HTML 구조와 JS 로직을 분리했다는 점

JS는 HTML을 “조작”하는 역할만 맡는다

4. 상태(state)에 대한 이해
let items = []; // source of truth


items는 이 앱의 유일한 데이터 원본

화면에 보이는 내용은 항상 이 배열을 기준으로 만들어진다

DOM에서 직접 데이터를 읽지 않는다

👉 상태는 JS에, 화면은 상태의 결과물이라는 인식이 핵심이다.

5. 검색 / 필터 로직의 위치와 역할
const visibleItems = () => { ... }


이 함수는:

현재 상태(items)

현재 UI 상태(q.value, filter.value)

를 바탕으로
👉 “지금 화면에 보여줘야 할 데이터만 계산” 한다.

중요한 점:

이 함수는 DOM을 건드리지 않는다

순수하게 “계산”만 담당한다

즉,

검색/필터는 렌더링 문제가 아니라 데이터 계산 문제라는 구분을 하고 있다.

이 설명이 가능하면 충분하다.

6. render 함수의 존재 이유
const render = () => { ... }


DOM 갱신을 이 함수 한 곳에서만 처리

상태가 바뀌면 항상 render()를 다시 호출

이 구조의 의도는:

DOM 조작이 여기저기 흩어지는 것을 방지

React의 “state 변경 → 자동 리렌더” 개념을 바닐라로 직접 구현한 것

👉 왜 render를 따로 만들었는지 설명 가능하면 충분하다.

7. escapeHtml 함수의 역할 이해
const escapeHtml = (s) => ...


사용자 입력을 innerHTML로 출력하기 때문에

HTML 태그가 실행되는 것을 막기 위한 최소한의 안전 처리

중요한 건:

왜 여기서 필요했는지

출력 직전에만 사용한다는 점

구현 세부를 외울 필요는 없다.

8. CRUD 중 Create (추가) 로직
form.addEventListener(""submit"", ...)


이 로직의 흐름은:

사용자 입력을 받는다

새로운 아이템 객체를 만든다

상태(items)를 변경한다

render()를 호출해 화면을 갱신한다

👉 이 흐름을 말로 설명할 수 있으면 충분하다.

9. Search / Filter 이벤트 처리 방식
q.addEventListener(""input"", render);
filter.addEventListener(""change"", render);


검색어/필터가 바뀌면

상태는 그대로 두고

화면만 다시 계산해서 그린다

즉,

검색/필터는 상태 변경이 아니라 “보여주는 방식”의 변경이다.

이 구분이 핵심이다.

10. Update / Delete를 이벤트 위임으로 처리한 이유
list.addEventListener(""click"", ...)


리스트 아이템이 동적으로 생성되므로

각 버튼마다 이벤트를 붙이지 않고

부모 요소에서 이벤트를 한 번에 처리

여기서:

dataset.id는 HTML에 저장해 둔 식별자를 읽기 위한 수단

getAttribute/dataset의 내부 원리까지 설명할 필요는 없음

👉 “왜 여기서 id가 필요했는지”만 설명 가능하면 충분하다.

11. 이 수준이면 신입 기준으로 충분한가?
✅ 충분하다

이 코드와 구조를 기준으로 다음을 설명할 수 있다면:

데이터 흐름 (state → derive → render)

검색/필터가 어디서 처리되는지

왜 render를 분리했는지

이벤트 위임을 쓴 이유

에러가 나면 어디부터 의심할지

👉 신입 코딩테스트 / 과제 기준으로 충분한 수준이다.

12. 지금 단계에서 더 깊이 들어갈 필요가 없는 이유

DOM API 내부 구현

attribute vs property 차이

성능 최적화

라이브러리 내부 동작

이건 시니어 영역이고,
지금 파면 오히려 혼란만 커진다.","[""import"",""coding""]",2026-02-22 09:19:19.328049+00,e1848554-ffae-479c-a8cd-4c0d77b7bed2,2026-03-19 15:55:50.007522+00,0,0,0,2026-03-19 15:55:50.007522+00,0,null,null,null,false,null,null,null,null,true,2b1fcc04-b04a-40c9-98e5-c6d919a720b5,null,null,"{""tables"":{""1"":{""rows"":[],""columns"":[]}}}",null,[],null,null
fa2d661a-5eaa-44cd-b408-b069c8aef364,「謙虚（けんきょ）」,"https://youtu.be/9B1izCJwtmM?si=20bTMrGG6AIX9Wde

「謙虚（けんきょ）」とは、自分の能力や立場を過大評価せず、控えめで素直な態度で人に接すること、また、他者の意見や存在を尊重し、常に学び成長しようとする姿勢を指します。自己を謙遜し、感謝の気持ちを持ち、自分にも改善の余地があると自覚できることが特徴で、良好な人間関係や自己成長に不可欠とされます。 
謙虚の主な意味と特徴
控えめで素直な態度: 自分の実力をひけらかさず、傲慢にならないこと。「能ある鷹は爪を隠す」のよう。
他者への尊重と学習: 他人の意見や助言を素直に受け入れ、常に自分を向上させようとする。
感謝の気持ち: 成果は自分一人の力ではなく、周囲のおかげと捉え、感謝を忘れない。
自己認識: 自分の能力や間違いを正しく認識し、改善点を見つけて努力する。 
謙虚と関連する言葉
謙遜（けんそん）: 自分の能力や価値をわざと低く言う行為。謙虚は本質的な態度であり、謙遜はその表現の一つ。
控えめ（ひかえめ）、慎ましい（つつましい）: 謙虚の類語で、目立たないように振る舞う様子。 
ビジネスシーンでの重要性
人間関係の円滑化: 謙虚な姿勢は、周囲からの信頼を得やすく、協力関係を築きやすい。
自己成長の促進: 自分の課題を認識し、他者から学ぶことで、ビジネスパーソンとしての成長を促す。
採用時の評価: 企業が人材に求める重要な資質の一つとされています。

https://mazii.net/ko-KR/search/word/jako/%E8%AC%99%E8%99%9A

◆ 겸허.

謙虚
な態度
겸허한 태도

謙虚に反省する
겸허히 반성하다

他人の意見を謙虚に聞く
남의 의견을 겸허하게 듣다

https://www.kpedia.jp/s/3/%EA%B2%B8%ED%97%88%ED%95%98%EB%8B%A4

＜겸허하다の韓国語例文＞

・자연의 이치와 세상의 이치를 겸허하게 받아들이다.
自然の理知と世界の理知を謙虚に受け入れる。

・생로병사를 이야기할 때는 겸허한 마음이 필요합니다.
生老病死を語るときは謙虚な心が必要です。

・그는 다재다능한 재능을 가지면서 겸허해요.
彼は多芸多才な才能を持ちながら、謙虚です。

・아무리 꾸며도 미인이 될 수 없다는 걸 겸허히 받아들였다.
いくら装っても美人にはなれない事を謙虚に受け入れた。

・그는 겸허하게 다른 사람의 의견을 반영시키고 있어요.
彼は謙虚に他人の意見を反映させています。

・그의 겸허한 태도는 많은 사람들에게 호감을 받고 있습니다.
彼の謙虚な態度は多くの人に好感を持たれています。

・그는 겸허하게 자신의 의견을 말합니다.
彼は謙虚に自分の意見を述べます。

・그는 리더로서 겸허하게 행동합니다.
彼はリーダーとして謙虚に振る舞います。

・그녀는 겸허하게 비판을 받아들였습니다.
彼女は謙虚に批判を受け止めました。

・그는 겸허하게 자신의 실수를 인정했습니다.
彼は謙虚に自分の間違いを認めました。

・효율적으로 일을 진행하고 싶다면 겸허한 자세가 중요합니다.
効率的に仕事を進めたいなら、謙虚な姿勢が重要です。

・겸허한 자세로 대하다.
謙虚な姿勢で接する。

・자신의 잘못을 겸허히 인정하는 그는 아주 좋은 사람이야.
自身の過ちを謙虚に認める彼はとても良い人だ。

・겸허한 태도로 사람을 대하도록 유의하다.
謙虚な態度で人に接するように心がける。

・그는 자신에게 엄격하고 겸허하다.
彼は自身には厳格で謙虚である。

・그녀는 매우 겸허하다.
彼女はとても謙虚だ。

・아무리 머리가 좋은 사람이라도 겸허한 사람은 이길 수 없다.
どんなに頭のいい人でも、謙虚な人にはかないません。

・좀 더 겸허해지는 것이 좋을 거야
もっと謙虚になった方がいいよ。

・겸허하게 반성하다.
謙虚に反省する。

・겸허하게 남의 의견을 듣다.
謙虚に他人の意見を聞く。

・그는 항상 겸허한 자세로 사람을 대하였다.
彼はいつも謙虚な姿勢で人に接する。

・그는 항상 겸허히 다른 사람의 의견을 존중해요.
彼はいつも謙虚に他人の意見を尊重します。

・그 선수는 경기 후에 겸허히 패배를 받아들였어요.
その選手は試合後に謙虚に敗北を受け入れました。

・그녀는 항상 겸허히 자신의 실수를 인정해요.
彼は成功をもっても謙虚に振る舞います。

・그 정치인은 겸허히 선거전을 치렀습니다.
その政治家は謙虚に選挙戦を戦いました。

・신인으로서 그녀는 겸허히 조언을 받아들였습니다.
新人として、彼女は謙虚にアドバイスを受け入れました。

・그는 항상 겸허히 자신의 성공을 말합니다.
彼は常に謙虚に自分の成功を語ります。

・그는 경험이 풍부하면서도 겸허히 계속 배웁니다.
彼は経験豊富ながらも謙虚に学び続けます。

・상사나 선배에게 겸허히 대하다.
上司や先輩には謙虚に接する。

・잘못을 겸허히 인정하다.
過ちを謙虚に認める。

・겸허히 반성하다.
謙虚に反省する。

・자연계의 놀라움은 우리를 겸허하게 합니다.
自然界の驚きは、私たちを謙虚にします。

・겸허함이 몸에 배었다.
謙虚さが身についてきた。

・저의 잘못을 겸허히 반성하며 사죄를 드리고자 합니다.
私の間違いを謙虚に反省し、謝罪を申し上げようと思います。

・국민의 비판을 겸허히 달게 받겠습니다.
国民の批判を謙虚に受け止めます。","[""import"",""japanese""]",2026-02-22 09:19:19.328049+00,e1848554-ffae-479c-a8cd-4c0d77b7bed2,2026-03-19 15:55:50.007522+00,0,0,0,2026-03-19 15:55:50.007522+00,0,null,null,null,false,null,null,null,null,true,829b13db-1001-433c-9a57-a9067455083c,null,null,"{""tables"":{""1"":{""rows"":[],""columns"":[]}}}",null,[],null,null
fbe978f2-b814-48d7-87a9-02a9cddd5129,「勘弁（かんべん）」,"「勘弁（かんべん）」とは、相手の過ちや要求を許すこと、見逃すことを意味し、「勘弁してください」のように使われますが、元々は仏教用語で「よく考えて見極めること」を指し、そこから転じて「許す」という意味になった言葉です。類語には「勘弁して」の「勘」が「調べる」、「弁」が「見分ける」という意味があり、これらが組み合わさって「見極めて許す」というニュアンスが生まれました。 
主な意味と使い方
許しを請う、許してほしい: 「もうしないから勘弁してほしい」「勘弁してください」。
勘弁できない: 許しがたい、我慢できないという気持ちを表す。「もう勘弁ならない」。
（人や状況を）許す、見逃す: 「このくらいで勘弁してやろう」。
（仕事や役割などを）免除してほしい: 「PTA役員は勘弁してほしい」。
（相手の迷惑行為などを）やめてほしい: 「長すぎるスピーチは勘弁してほしい」。 
語源
元は禅宗の言葉で、修行者の悟りの深さを見極める「問答（勘弁）」を指した。
そこから、見極めた上で許す（「勘弁ならぬ」は「許せない」）という形で意味が転じ、現代の「許してください」という意味になった。 
類語
堪忍（かんにん）、赦免（しゃめん）、容赦（ようしゃ）、お許し。

◆ (과실 등을) 용서함; 인내함; 해야 할 일을 면해 줌.

勘弁して下さい
용서해 주십시오

もう勘弁出来ない
이제 용서할 수 없다

今回だけは勘弁してやる
이번만은 용서해 주겠다

◆ 사물의 선악을 충분히 생각하여 분별함.
◆ 변통에 능함; 계산에 밝음.

https://mazii.net/ko-KR/search/word/jako/%E5%8B%98%E5%BC%81","[""import"",""japanese""]",2026-02-22 09:19:19.328049+00,e1848554-ffae-479c-a8cd-4c0d77b7bed2,2026-03-19 15:55:50.007522+00,0,0,0,2026-03-19 15:55:50.007522+00,0,null,null,null,false,null,null,null,null,true,1226de02-1a42-48b1-b669-722300727403,null,null,"{""tables"":{""1"":{""rows"":[],""columns"":[]}}}",null,[],null,null
01b9f1b0-524b-4c72-8a18-f7aa6c638f38,「せめて」,"「せめて」は、理想通りにはいかなくても、最低限これだけは実現したい、あるいはしてほしいという気持ちを表す副詞で、「少なくとも」「～くらいは」「せめてもの」といった意味合いで使われます。期待や願望が込められ、状況が不十分な中で妥協点や最小限の要求を述べる際に用いられることが多いです。 
主な意味と使い方
最低限の要求・希望: 望む結果が得られない状況で、それだけでも達成したい、与えてほしいと願う気持ち。
例: 「せめて一言謝ってほしい」（少なくとも謝罪してほしい）。
例: 「せめて週末ぐらいは休みたい」（最低でも週末は休みたい）。
感情的なニュアンス: 主観的・感情的に最低限のものを求める際に使われ、「少なくとも」よりも強い願望が込められる。
語源: 動詞「責（せ）める」に由来し、「（最低限これだけは）責任をもって（やる/する）」というニュアンスを持つ。 
類語・関連表現
少なくとも: より客観的・論理的に最低限の条件を述べる場合に使われる。
****せめての: 「せめて」の連体形。「せめての心遣い」「せめての望み」のように名詞を修飾する。 
具体例
「せめて30分だけでも話せたら嬉しい」
「ご飯は残してもいいから、せめて刺身だけは全部食べて」（最低限これだけは食べてほしい）","[""import"",""japanese""]",2026-02-22 09:19:19.524032+00,e1848554-ffae-479c-a8cd-4c0d77b7bed2,2026-03-19 15:55:50.007522+00,0,0,0,2026-03-19 15:55:50.007522+00,0,null,null,null,false,null,null,null,null,true,fca07984-7ce7-40ce-9d07-f30b13ceb45c,null,null,"{""tables"":{""1"":{""rows"":[],""columns"":[]}}}",null,[],null,null
01c84d37-634e-4ec5-9061-e4d477599d96,「憧れ（あこがれ）」,"「憧れ（あこがれ）、（동경、그리움）」とは、理想とする人や物事に対して強く心を惹かれ、その存在や状態を自分も手に入れたいと願う気持ちを指します。自己成長の原動力にもなり、尊敬や目標達成への意欲、時には「こうなりたい」という願望を伴う感情です。 
「憧れ」の主な特徴
理想像への傾倒: 才能、成功、美しさ、生き方など、優れた点を持つ対象に惹かれる感情。
自己との比較: 対象を理想としつつ、自分との違い（欠けている部分）を感じ、それを埋めたいと願う心理が働く。
原動力: 憧れは「自分もこうなりたい」「もっと良くなりたい」という向上心や目標設定につながる。 
類語・関連表現
尊敬: 相手の能力や人格を高く評価し、敬意を抱くこと。
目標: 目指すべき到達点や目標。
願望・欲望: その状態になりたい、手に入れたいという欲求。
ロールモデル: 模範となる人物。 
使われる場面
自己紹介・志望動機: 「〇〇さんの〇〇な部分に憧れており、私もそうなりたい」。
恋愛・人間関係: 「あの人のような素敵な人に憧れる」。
作品・ライフスタイル: 「あの街での暮らしに憧れる」。 
「憧れ」はポジティブな感情であり、人生を豊かにし、成長を促す大切な心の動きです。","[""import"",""japanese""]",2026-02-22 09:19:19.524032+00,e1848554-ffae-479c-a8cd-4c0d77b7bed2,2026-03-19 15:55:50.007522+00,0,0,0,2026-03-19 15:55:50.007522+00,0,null,null,null,false,null,null,null,null,true,2870eada-e3bb-42f4-8677-3569e62f9221,null,null,"{""tables"":{""1"":{""rows"":[],""columns"":[]}}}",null,[],null,null
03cbf15b-1d12-492c-94fb-3349b41918ae,切り抜き動画（きりぬきどうが、英: Video clip、または英: Short-form content),"切り抜き動画（きりぬきどうが、英: Video clip、または英: Short-form content)は、元となる動画の一部だけを抜粋し、作成・投稿した動画である。単に「切り抜き」などとも呼ばれる。

通常、動画をそのまま投稿する転載とは区別される。","[""import"",""japanese""]",2026-02-22 09:19:19.524032+00,e1848554-ffae-479c-a8cd-4c0d77b7bed2,2026-03-19 15:55:50.007522+00,0,0,0,2026-03-19 15:55:50.007522+00,0,null,null,null,false,null,null,null,null,true,7255281d-30c1-4f41-858b-f0e7ad870eee,null,null,"{""tables"":{""1"":{""rows"":[],""columns"":[]}}}",null,[],null,null
0a7e25a1-7c76-440b-b200-48d24687192f,「例えば」（たとえば）,"「例えば」（たとえば）は、具体的な例を挙げて説明する際に使う接続詞で、「〜のように」「〜みたいな」といった意味合いを持ち、野球やテニスのような球技が好き、と例示したり、仮定の話をする際にも使われます（例：もしもここが外国なら）。英語では ""for example"" (e.g.) がこれにあたりますが、口語では ""like"" も使われます。 
「例えば」の主な使い方
具体例を示す：一般論の後に具体的な事例を提示する。「球技、例えば野球やテニスが好きだ」。
比喩・たとえ話：何かを他のものにたとえる。「君の勉強は、例えば春の雪のようで…」。
仮定の話：もしもの状況を想定する。「例えばここが外国なら、言葉が通じないだろう」。 
類語・言い換え
例を挙げると
一例を挙げると
具体的には
〜のような（口語） 
英語での表現
for example (e.g.)：フォーマルな場面や書き言葉で広く使われる。
like：日常会話で「〜みたいな」「〜とか」というニュアンスで使われる。 
例文
「好きな飲み物は何ですか？ 例えば、コーヒーや紅茶が好きです。」
「彼は色々なことができる。例えば、ピアノも弾けるし、絵も描ける。」","[""import"",""japanese""]",2026-02-22 09:19:19.524032+00,e1848554-ffae-479c-a8cd-4c0d77b7bed2,2026-03-19 15:55:50.007522+00,0,0,0,2026-03-19 15:55:50.007522+00,0,null,null,null,false,null,null,null,null,true,a378df5a-22c3-4b2f-be74-6bf9232c88a8,null,null,"{""tables"":{""1"":{""rows"":[],""columns"":[]}}}",null,[],null,null
0aa7d396-5d7d-41cf-9355-503f63a1e2f1,「奪ってる（うばってる）」,"「奪ってる（うばってる）」とは、「無理やり力ずくで、または不当に、何か（物、権利、自由、時間など）を取り上げている状態」を意味し、「奪う」の進行形・継続形で、「強奪する」「横取りする」「略奪する」といったニュアンスを持つ言葉です。文字通り物理的なものを奪う場合だけでなく、時間、機会、権利、精神的なものなど、抽象的なものを奪う状況にも使われます。 
具体的な意味と使われ方
物理的なもの: 「（強盗が）現金を奪ってる」。
権利・自由: 「公正な賃金や権利を労働者から奪ってる」。
時間・機会: 「彼の貴重な時間を奪ってるな」。
比喩的な表現: 「彼の心（愛情）を奪ってる」 (魅了して自分のものにしている)。 
類語・関連語
強奪する、略奪する、横取りする、取り上げる、剥奪する、奪い取る。 
文脈によって「奪う」対象やニュアンスが変わるため、どのような状況で使われているかを確認すると、より正確な意味が理解できます。

빼앗다,훔치다","[""import"",""japanese""]",2026-02-22 09:19:19.524032+00,e1848554-ffae-479c-a8cd-4c0d77b7bed2,2026-03-19 15:55:50.007522+00,0,0,0,2026-03-19 15:55:50.007522+00,0,null,null,null,false,null,null,null,null,true,74ef3a5b-966b-4b57-9379-722a9d104f0e,null,null,"{""tables"":{""1"":{""rows"":[],""columns"":[]}}}",null,[],null,null
0df8a41b-8edc-41e9-8eba-ec004b2d7653,「前向き（まえむき）」,"「前向き（まえむき）」とは、物事に対して積極的・建設的な姿勢を指し、ポジティブに考えたり、未来志向で行動したりする様子を表します。物理的に「正面を向く」ことと、精神的に「前向きな態度や考え方」の2つの意味があり、後者は「ポジティブ思考」「楽観的」などと言い換えられます。 
主な意味と使い方
積極的な姿勢: 物事のいい面を見たり、困難でも解決策を探したりする姿勢。「前向きに検討します」は「前向きに（積極的に）よく調べて考える」という意味で、ビジネスでは「保留」を意味する場合もあります。
ポジティブな思考: 過去ではなく未来の目標や、不足ではなく与えられたものに目を向ける考え方。
行動力: グズグズせず、すぐに行動に移そうとする様子。 
類語・関連表現
ポジティブ、肯定的、建設的
楽観的、プラス思考
意欲的、やる気が出る
前進思考、実行力がある 
例文
「困難な状況でも前向きな面を見つけようとする」
「前向きに考えれば、この問題も解決できる」
「プロジェクトに前向きな姿勢で取り組む」 
「前向き」は、単に物理的に前を向くだけでなく、心の持ち方や行動のあり方を示す言葉として広く使われています。","[""import"",""japanese""]",2026-02-22 09:19:19.524032+00,e1848554-ffae-479c-a8cd-4c0d77b7bed2,2026-03-19 15:55:50.007522+00,0,0,0,2026-03-19 15:55:50.007522+00,0,null,null,null,false,null,null,null,null,true,4e11a03a-95b8-47ff-bd39-1d191874ec22,null,null,"{""tables"":{""1"":{""rows"":[],""columns"":[]}}}",null,[],null,null
0fc276b9-def7-404f-bbb7-fc119cb6c7f3,Official髭男dism - Pretender,"너와의 러브 스토리
君とのラブストーリー

그것은 예상대로
それは予想通り

만약 시작되면 혼자 연극이다
いざ始まればひとり芝居だ

계속 곁에 있어
ずっとそばにいたって

결국 그냥 관객이다.
結局ただの観客だ
감정이 없는 아임솔리
感情のないアイムソーリー

언제나처럼
それはいつも通り

익숙해지면 나쁘지는 않지만
慣れてしまえば悪くはないけど

너와의 로맨스는 인생 무늬
君とのロマンスは人生柄

계속하지 않을 것을 알았다.
続きはしないことを知った
더 다른 설정으로
もっと違う設定で

더 다른 관계로
もっと違う関係で

만날 수 있는 세계선
出会える世界線

선택할 수 있으면 좋았습니다.
選べたらよかった

더 다른 성격으로
もっと違う性格で

더 다른 가치관에서
もっと違う価値観で

사랑을 전할 수 있으면 좋겠다.
愛を伝えられたらいいな

그렇게 바라도 낭비이기 때문에
そう願っても無駄だから
구바이
グッバイ

너의 운명의 인간은 나가 아니야
君の運命のヒトは僕じゃない

힘들지만 부인할 수 없다.
辛いけど否めない

하지만 벗어나기 어렵다.
でも離れ難いのさ

그 머리를 만진 것만으로
その髪に触れただけで

아프거나 아니
痛いや いやでも

달콤한 아니 아니
甘いな いやいや
구바이
グッバイ

그럼 내게 너는 뭐야?
それじゃ僕にとって君は何？

대답을 모른다
答えは分からない

이해하고 싶지 않아.
分かりたくもないのさ

단 하나의 확실한 것이 있다면
たったひとつ確かなことがあるとするのならば

너는 아름다워
君は綺麗だ
누군가가 위대하게
誰かが偉そうに

말하는 연애의 논리
語る恋愛の論理

하나로서 핀과 함께
何ひとつとしてピンとこなくて

비행기 창에서 내려다 보았습니다.
飛行機の窓から見下ろした

모르는 도시의 야경 같다
知らない街の夜景みたいだ
더 다른 설정으로
もっと違う設定で

더 다른 관계로
もっと違う関係で

만날 수 있는 세계선
出会える世界線

선택할 수 있으면 좋았습니다.
選べたらよかった

매우 순수한 마음으로
いたって純な心で

실현된 사랑을 껴안고
叶った恋を抱きしめて

좋아하거나 무책임하게 말할 수 있으면 좋겠다.
好きだとか無責任に言えたらいいな

그렇게 바라도 허무하다
そう願っても虚しいのさ
구바이
グッバイ

잡은 손 너머로 끝선
繋いだ手の向こうにエンドライン

늘릴 때마다
引き伸ばすたびに

끓는 미래에는
疼きだす未来には

넌 없어
君はいない

그 사실에 Cry
その事実に Cry

그건 괴롭다.
そりゃ苦しいよな
구바이
グッバイ

너의 운명의 인간은 나가 아니야
君の運命のヒトは僕じゃない

힘들지만 부인할 수 없다.
辛いけど否めない

하지만 벗어나기 어렵다.
でも離れ難いのさ

그 머리를 만진 것만으로
その髪に触れただけで

아프거나 아니
痛いや いやでも

달콤한 아니 아니
甘いな いやいや
구바이
グッバイ

그럼 내게 너는 뭐야?
それじゃ僕にとって君は何？

대답을 모른다
答えは分からない

이해하고 싶지 않아.
分かりたくもないのさ

단 하나의 확실한 것이 있다면
たったひとつ確かなことがあるとするのならば

너는 아름다워
君は綺麗だ
그것도 이것도 로맨스가 정한다면
それもこれもロマンスの定めなら

나쁘지 않아.
悪くないよな

영원도 약속도 없지만
永遠も約束もないけれど

매우 아름답다.
とても綺麗だ","[""import"",""japanese""]",2026-02-22 09:19:19.524032+00,e1848554-ffae-479c-a8cd-4c0d77b7bed2,2026-03-19 15:55:50.007522+00,0,0,0,2026-03-19 15:55:50.007522+00,0,null,null,null,false,null,null,null,null,true,58201195-4b3b-4740-ae7c-10f3bba8ea38,null,null,"{""tables"":{""1"":{""rows"":[],""columns"":[]}}}",null,[],null,null
1004ef41-59d4-4449-b05e-ffb7fc3205cd,「むなしい（虚しい・空しい）」,"「むなしい（虚しい・空しい）」とは、中身がなく空っぽであること、努力や結果が無駄で意味がないこと、はかなくて頼りないことなどを表し、「虚無感」「空虚感」「やりきれない」「心にぽっかり穴が開いたよう」といった感情や状態を指します。具体的には「空しい努力」「虚しい名声」「心が虚しくなる」「虚しい気分」のように使われ、人生や物事の価値を見出せないネガティブな気持ちを表現する際に用いられます。 
「むなしい」の主な意味
中身がない・空っぽであること（虚しい）：
実質がなく、うわべだけである状態（例：大臣の虚しい答弁、虚しい名声）。
心が満たされず、空っぽでうつろな感じ（例：心が虚しくなる、虚無感）。
無意味・無益であること（空しい）：
努力が報われず、効果がないこと（例：空しい努力、善戦むなしく敗退）。
はかない・頼りないこと：
かりそめで、すぐに消え去ってしまうような様子（例：空しい夢）。 
関連する言葉
虚無感（きょむかん）： 人生や世の中に意味や価値を見出せない状態。
空虚（くうきょ）： 中身がなく、心にぽっかり穴が開いたような感覚。
はかない： すぐに消えたり、なくなったりする様子。
やりきれない： どうしようもなくつらく、悲しい気持ち。 
これらの言葉は、文脈や感情のニュアンスによって使い分けられます。

https://youtu.be/9-1NU3rHUVM?si=q2K2r-eyTo4ZcBhR","[""import"",""japanese""]",2026-02-22 09:19:19.524032+00,e1848554-ffae-479c-a8cd-4c0d77b7bed2,2026-03-19 15:55:50.007522+00,0,0,0,2026-03-19 15:55:50.007522+00,0,null,null,null,false,null,null,null,null,true,7a33ec61-face-408e-ae14-242dd1f97440,null,null,"{""tables"":{""1"":{""rows"":[],""columns"":[]}}}",null,[],null,null
10a1a2c0-9ec4-4e1b-8e86-79f77f90f143,気になる漢字語記録,"臨時（りんじ）：임시
強要（きょうよう）：강요
疑問（ぎもん）：의문","[""import"",""japanese""]",2026-02-22 09:19:19.524032+00,e1848554-ffae-479c-a8cd-4c0d77b7bed2,2026-03-19 15:55:50.007522+00,0,0,0,2026-03-19 15:55:50.007522+00,0,null,null,null,false,null,null,null,null,true,8680120c-6857-467c-9092-d98caf2edad3,null,null,"{""tables"":{""1"":{""rows"":[],""columns"":[]}}}",null,[],null,null
14febdbd-eb6b-4095-82f2-91ae14592a19,「とにかく」,"「とにかく」は「何はともあれ」「いずれにしても」「まずは」という意味で、他の事情を差し置いて、まずは一つの事柄に集中したり、行動に移したりすることを促す言葉です。漢字では「兎に角」と書きますが、これは「兎角（とかく）」という仏教用語「兎角亀毛（現実にはありえないこと）」の当て字で、本来は「うさぎに角はない」のように、現実にはないものを指す言葉に由来しています。 
「とにかく」の主な使い方とニュアンス
優先順位をつけ、行動を促すとき: 多くの選択肢や事情がある中で、まずはこれ！というものを強調します。「とにかく勉強をがんばりなさい」「とにかくやってみよう」のように使います。
結論をまとめるとき: 話が長くなった後や、複数の事柄をまとめて「結局はこうだ」と結論づける際にも使われます。「とにかく、面白かったよ！」。
「とりあえず」との違い: 「とりあえず」が「今のところはこれで」という一時的な処理や開始を意味するのに対し、「とにかく」は「他のことはさておき、これだけは！」という強い意志や結論を伴うことが多いです。 
例文
「雨が降ってるけど、とにかく行こう！」（他のことは気にせず、まずは行く）
「問題は山積みだけど、とにかく今できることから始めよう。」（優先順位をつけて行動開始） 
語源（豆知識）
「兎に角」の「兎角（とかく）」は、現実には存在しないものの例えである「兎角亀毛（とかくきもう）」という仏教用語から来ており、うさぎに角がないように、という意味で当て字として使われるようになりました。 
「とにかく」は、状況を打開したり、行動を起こしたりする際の、力強い一言として日常的に使われる便利な言葉です。

어쨌든","[""import"",""japanese""]",2026-02-22 09:19:19.524032+00,e1848554-ffae-479c-a8cd-4c0d77b7bed2,2026-03-19 15:55:50.007522+00,0,0,0,2026-03-19 15:55:50.007522+00,0,null,null,null,false,null,null,null,null,true,3ca73ea7-7180-4c40-951e-34f5a69160ed,null,null,"{""tables"":{""1"":{""rows"":[],""columns"":[]}}}",null,[],null,null
2688e6bf-7b52-47c5-91c5-f3c94a46d9d7,「生まれ変わる（うまれかわる）」,"「生まれ変わる」とは、死後に魂が別の生命として再びこの世に現れる（輪廻転生）こと、または人の性格や態度、物事が根本的に変化・改善されることを指し、文脈によって「再出発」「心機一転」「再生」といった意味合いで使われます。宗教的な意味合い（輪廻転生）から、比喩的な意味（生まれ変わったような気分）まで幅広く使われる表現です。 
主な意味
輪廻転生（りんねてんせい）: 仏教などで信じられる考え方で、死んだ魂が何度も生まれ変わりを繰り返すこと。
例: 「来世は鳥に生まれ変わりたい」。
心機一転・人格の変化: 人の性格や考え方、態度が大きく変わること。
例: 「彼は改心して働き者に生まれ変わった」。
物事の再生・改善: 組織や製品などが新しく生まれ変わったり、改善されたりすること。
例: 「この組織はトップの交代で生まれ変わった」。 
関連する言葉
再出発（さいしゅっぱつ）: 新しい人生や事業を始めること。
心機一転（しんきいってん）: 気持ちを新たにすること。
転生（てんしょう）:生まれ変わること、特に輪廻転生を指す。 
英語での表現
be reborn (生まれ変わる)
be born again (再び生まれる)
be reformed (改革される、改善される)

be born again
make a fresh start in life","[""import"",""japanese""]",2026-02-22 09:19:19.524032+00,e1848554-ffae-479c-a8cd-4c0d77b7bed2,2026-03-19 15:55:50.007522+00,0,0,0,2026-03-19 15:55:50.007522+00,0,null,null,null,false,null,null,null,null,true,e8b4d690-05a6-40d5-9f09-f8c7b3953549,null,null,"{""tables"":{""1"":{""rows"":[],""columns"":[]}}}",null,[],null,null
294b961d-a7e5-4a06-9115-fa55b7fcfddd,「羨ましい（うらやましい）」,"「羨ましい（うらやましい）」とは、他人の状況や才能、持ち物などを見て「自分もそうだったらいいな」「いいな」と、うらやましく思う気持ちを表す言葉で、「憧れる」「妬ましい（ねたましい）」といったニュアンスを持ち、必ずしも悪い感情だけでなく、ポジティブな意味合いで使われることも多いです。 
意味と使い方
他人の良い状態を願う: 他人の良い部分を自分のことのように感じ、「自分もそうなりたい」と思う気持ち。
ポジティブな場合: 「すごいね！羨ましい！」「旅行に行くなんて羨ましい！」のように、相手の幸せを素直に喜ぶ気持ち。
ネガティブな場合: 他人の恵まれた状況を憎らしく思う「妬ましい」に近い意味合いで使われることもあります（古くからの意味合い）。 
類語・関連表現
憧れる（あこがれる）: ポジティブな羨望。
妬ましい（ねたましい）/ 嫉妬（しっと）: 相手の持っているものを奪いたい、という気持ち。
（英語で）Jealous / Envy: どちらも「羨ましい」ですが、Jealousは「嫉妬」、Envyは「羨望」に近いニュアンスで使い分けられます。 
具体例
「ヨーロッパ旅行、羨ましい！」（ヨーロッパに行けていいな、という気持ち）。
「彼みたいに才能があったら羨ましいな。」（彼のような才能が欲しいな、という気持ち）。","[""import"",""japanese""]",2026-02-22 09:19:19.524032+00,e1848554-ffae-479c-a8cd-4c0d77b7bed2,2026-03-19 15:55:50.007522+00,0,0,0,2026-03-19 15:55:50.007522+00,0,null,null,null,false,null,null,null,null,true,3833ce2d-a94d-4578-9332-888cf58019b8,null,null,"{""tables"":{""1"":{""rows"":[],""columns"":[]}}}",null,[],null,null
2971b132-b9bd-48c7-8570-be6d8dce788a,「口答え（くちごたえ）」,"「口答え（くちごたえ）」とは、目上の人や親、上司などに対して、逆らって言い返すこと、反論することを意味します。単に意見を言うだけでなく、批判的なニュアンスや、素直に聞かない態度が含まれ、相手の指示や言葉に対し否定的な反応を返す様子を指すことが多いです。 
主な意味と使われ方
目上の人への反発: 親や先生、上司に対して逆らって言い返す行為。
批判的な返答: 投げかけられた言葉にネガティブな反応や批判的な発言で返すこと。
言い換え: 「口返答（くちがえし）」「反論（はんろん）」「抗弁（こうべん）」など。
英語表現: ""talk back""、""sass""（生意気な態度で）など。 
親子の関係での「口答え」
子どもが口答えする行動は、自分の意見を持ち始めた成長の証と捉えられることもあります。
親が子どもの言い分を共感的に聞き、感情的にならずに冷静に伝えることが、関係改善のポイントとされています。 
例文
「彼は上司に口答えをして、後で反省した」。
「子どもが反抗期で、親の言うことに口答えばかりするようになった」。

https://youtu.be/oNF-yAYO5-M?si=ZLWNtbMshkbWPmJJ","[""import"",""japanese""]",2026-02-22 09:19:19.524032+00,e1848554-ffae-479c-a8cd-4c0d77b7bed2,2026-03-19 15:55:50.007522+00,0,0,0,2026-03-19 15:55:50.007522+00,0,null,null,null,false,null,null,null,null,true,fa611284-abb0-4445-9abc-e22937729d7e,null,null,"{""tables"":{""1"":{""rows"":[],""columns"":[]}}}",null,[],null,null
2bfc6779-d7e5-479e-9138-b55ef4866d78,「内緒（ないしょ）」,"「内緒（ないしょ）」とは、人に知られないように、内々で秘密にしておくこと、またはその内容を指します。秘密(ひみつ)と似ていますが、「内緒」はより親しい間柄で使われる口語的で日常的なニュアンスが強く、「秘密」は公的・フォーマルな場面でも使われる、より広範囲で硬い表現です。 
意味と使い方
意味: 公表せず、内々にすること。秘密の話。
例文:
「これは内緒だよ」（これは秘密だよ、誰にも言わないでね、というニュアンス）。
「妻に内緒のへそくり」（妻には言わずに隠している貯金）。
「内緒で基地を作る」（人知れず秘密の場所を作る）。 
「秘密（ひみつ）」との違い
内緒: 親しい間柄、日常会話で使う。口語的。例：「内緒話」。
秘密: 公的な場面でも使われる。文語的・硬い印象。例：「機密情報」。 
類語・関連表現
内密（ないみつ）: 「内緒」とほぼ同義で、特にビジネスなどで「ご内密にお願いします」のように丁寧に使われる。
オフレコ: 記録・公表しない約束で話すこと。
ここだけの話: 親しい間でのみ共有する話。","[""import"",""japanese""]",2026-02-22 09:19:19.524032+00,e1848554-ffae-479c-a8cd-4c0d77b7bed2,2026-03-19 15:55:50.007522+00,0,0,0,2026-03-19 15:55:50.007522+00,0,null,null,null,false,null,null,null,null,true,7b65875d-83f3-42e8-a581-062f237350ef,null,null,"{""tables"":{""1"":{""rows"":[],""columns"":[]}}}",null,[],null,null
2c60eda9-c72b-47cd-8bf5-aeb853e5fa01,「派手（はで）」,"「派手（はで）」とは、姿・形・色彩などが華やかで人目を引く様子や、態度・行動が大げさで目立つ様子を表す言葉で、「華やか」「豪華」「目立つ」といった意味合いを持ち、対義語は「地味」です。外見だけでなく、出来事や行動に対しても使われ、「派手な喧嘩」「派手な演出」のように表現され、英語では「flashy」「showy」などが該当します。 
意味と使い方
外見・色彩: 鮮やかで目立つ色使いや装飾、華美な様子。「派手な着物」「派手なメイク」。
行動・態度: 大げさで人目を引く言動。「派手なパフォーマンス」「派手に泣く」。
出来事: 規模が大きく、目立つようなこと。「派手なイベント」「派手な結婚式」。 
類語
華やか、華美、煌びやか、豪華、絢爛（ごうかけんらん）、キラキラした。 
英語表現
Flashy: キラキラして目立つ、けばけばしい感じ。
Showy: 人目を引くように見せる、派手で目立つ様子。
Gaudy: けばけばしい、安っぽい派手さ。 
語源（豆知識）
元々は三味線の演奏で、繊細かつ活発な「破手（はで）」という曲風を指し、そこから「目立って華やかなこと」という意味が広まったとされます。","[""import"",""japanese""]",2026-02-22 09:19:19.524032+00,e1848554-ffae-479c-a8cd-4c0d77b7bed2,2026-03-19 15:55:50.007522+00,0,0,0,2026-03-19 15:55:50.007522+00,0,null,null,null,false,null,null,null,null,true,789f019f-aef9-4aea-a08c-4bf3940c461c,null,null,"{""tables"":{""1"":{""rows"":[],""columns"":[]}}}",null,[],null,null
2caad9c6-216f-4e4a-b9d8-6482cee7540c,「吟じます（ぎんじます）」,"「吟じます」は、主に詩歌に節をつけて歌うこと（詩吟）や、お笑い芸人「天津木村」の代表的なギャグ（エロ詩吟）で使われる言葉で、「詩を詠んで、それを歌います」という、やや古風で情緒的な響きを持つ表現です。詩吟では、詩の内容に感情を込めて声に出して表現する意味で使われ、天津木村の芸では、詩吟のリズムに乗せて下ネタを言う際に「吟じます！」と宣言する形で有名になりました。 
「吟じる」の基本的な意味
詩歌に節をつけて歌うこと：元々は詩を声に出して作る行為や、それを歌うことを指しました。
詩を作ること：現代でも、詩作そのものを「詩を吟じる」と表現することがあります。 
お笑い芸「天津木村」の場合
エロ詩吟：天津木村は、詩吟の師範代の資格を持ち、この芸でブレークしました。
決め台詞：「『吟じますっ！』のセリフで始まる」と紹介されるように、詩吟のリズムに乗せて下ネタを言う際の導入の言葉として使われます。 
文脈によって「詩を詠みます、歌います」という情緒的な意味合いと、「（お笑い芸として）披露します」という軽妙な意味合いの両方で使われます。","[""import"",""japanese""]",2026-02-22 09:19:19.524032+00,e1848554-ffae-479c-a8cd-4c0d77b7bed2,2026-03-19 15:55:50.007522+00,0,0,0,2026-03-19 15:55:50.007522+00,0,null,null,null,false,null,null,null,null,true,b10f1262-608e-426b-a8a6-4aead88505d2,null,null,"{""tables"":{""1"":{""rows"":[],""columns"":[]}}}",null,[],null,null
2ee31810-42db-45c3-b81c-647e5d99513a,「坊主（ぼうず）」,"「坊主（ぼうず）」は元々寺の住職や僧侶を指す言葉で、「坊さんの主」が語源ですが、室町時代以降は一般の僧侶の総称となり、転じて髪を剃った頭（坊主頭・丸刈り）や、男の子の愛称（坊や）、さらには僧形（そうぎょう）の雑役係（茶坊主など）も指すようになりました。現代では、僧侶だけでなく、髪型の一種である「坊主頭」の意味合いが強く、清潔感や男らしさ、手入れのしやすさから人気のあるヘアスタイルです。 
「坊主」の主な意味
僧侶（そうりょ）：本来は「坊（寺の建物）の主（あるじ）」を意味する尊称で、住職を指しました。
髪型（坊主頭・丸刈り）：頭髪を短く刈りそろえた髪型。男性ホルモンとの関連や、清潔感、手入れのしやすさから人気があります。
男の子の愛称：幼い頃に髪を剃っていたことから、「坊や」と同様に男の子を指す愛称としても使われます。
特定の役割の人物：武家などで僧形で雑務をこなした人（茶坊主、太鼓坊主など）。
宣教師（歴史的）：キリスト教伝来当初、宣教師を指す言葉として「南蛮坊主」と呼ぶこともありました。 
現代における「坊主」の使われ方
ヘアスタイルとして：男性の髪型で「おしゃれ坊主」など、短髪のスタイルを指すことが多いです。
俗語として：親しみを込めて「坊主」や「お坊さん」と呼んだり、子供を指したりします。 
このように、「坊主」は歴史的・文化的な背景から多様な意味を持つ言葉です。","[""import"",""japanese""]",2026-02-22 09:19:19.524032+00,e1848554-ffae-479c-a8cd-4c0d77b7bed2,2026-03-19 15:55:50.007522+00,0,0,0,2026-03-19 15:55:50.007522+00,0,null,null,null,false,null,null,null,null,true,ce67c190-47dc-44cd-b598-c7249a70f173,null,null,"{""tables"":{""1"":{""rows"":[],""columns"":[]}}}",null,[],null,null
32097029-42fa-4ea2-8afd-8c07ea8faa3a,「焦る（あせる）」,"「焦る（あせる）」とは、物事が思うように進まなかったり、時間や状況に追われたりして、落ち着きを失い、そわそわしたり、イライラしたり、慌てたりする状態を指します。危険や失敗が迫る感覚からくることもあり、英語では panic, hurry, rushed, freaked out など状況によって表現が変わりますが、基本は心が動揺し、落ち着かなくなることです。 
「焦る」の主な意味・ニュアンス
時間的プレッシャー: 締め切りに追われる、時間がない、などで慌てる（例：残り1分で焦る）。
心理的な動揺: 予期せぬ事態で心が乱れる、狼狽する（例：転びそうになって焦った）。
いらだち・そわそわ: 思うように進まないことへの苛立ち、落ち着きがない状態（例：気ばかり焦ってうまくできない）。
切迫感: 危険や失敗が迫っているように感じて慌てること。 
「焦る」の類語・関連表現
焦燥感（しょうそうかん）: 焦りやいらだち、落ち着かない気持ちが強くなった状態。
ジリジリする: 精神的に追い詰められていらだつ様子。
イライラする: 不満や不快感からくる落ち着きのなさ。 
対処法
客観視する: 「自分は今、焦っているな」と自覚する。
休息をとる: 疲れていると焦りやすいため、まずは休む。
波に乗る: 状況が悪い時は無理せず、焦らず現状維持を心がける。 
「焦る」は日常的によく使われる言葉ですが、状況によっては「慌てる」や「いらだつ」といった、より具体的な感情と近い意味合いで使われます。

https://mazii.net/ko-KR/search/word/jako/%E7%84%A6%E3%82%8B

◆ 초조해하다; 안달[애타]하다; 조바심하다; 조급하게 굴다.

勝ちを焦る
조급하게 승리를 서두르다

焦っても仕様がない
안달해 봤자 소용없다[별수 없다]

焦れば焦るほどうまくいかない
조급하게 굴면 굴수록 (일이) 잘 안된다

https://news.yahoo.co.jp/expert/articles/9a51fbcb9b50a1710f7bfeb535b02ce7a8a8dae7

「焦る」、「焦った」は英語でなんというでしょうか？

今日は「焦る」、「焦った」を表現できる英語表現をご紹介します！

panic
一番わかりやすいのは""panic""だと思います。パニックになる、という意味で焦る、と伝えたい時に使えます。

I was so panicked because I forgot to bring all the material for presentation.
プレゼン資料忘れてすっごく焦った！

freak out
""freak out""は「パニくる」「びっくりする」「ビビる」という意味。

The news freaked me out.
そのニュースでパニクってしまった。

I haven’t finished my essay. I'm freaking out!
論文が終わってない。焦ってる！

in a hurry / rush
時間がなくて急いでいる、と伝えたい時は""in a hurry/rush""で表現することができます。

I was in a hurry because I was almost late.

遅刻しそうだったので急いでいた。

my mind go blank
頭が真っ白になっちゃったと言いたいときは""my mind went blank""を使うことができます。

I was so nervous. My mind went blank.
超緊張しちゃって。頭が真っ白になっちゃったんだよ。

I don’t remember what I said throughout the presentation.

My mind went blank.
プレゼンテーションで何を言っていたか覚えていない。

頭が空っぽになっちゃった。

最後に
他にも映画で学べる表現を勉強したい方はこちらをどうぞ！

また、インスタグラムでも使える英語を発信しています♪","[""import"",""japanese""]",2026-02-22 09:19:19.524032+00,e1848554-ffae-479c-a8cd-4c0d77b7bed2,2026-03-19 15:55:50.007522+00,0,0,0,2026-03-19 15:55:50.007522+00,0,null,null,null,false,null,null,null,null,true,f4340de5-fca0-40f4-80b4-541866bc7f71,null,null,"{""tables"":{""1"":{""rows"":[],""columns"":[]}}}",null,[],null,null
32afce88-f95f-4a47-8f3b-f3d4cea5cd9c,「ご褒美（ごほうび）」,"「ご褒美」とは、目標達成や努力をねぎらい、自分へのご褒美として与える金品・体験・時間のことで、モチベーション維持やストレス解消に繋がり、「欲しかったものを買う」「美味しいものを食べる」「旅行に行く」「リラックスする」など、「ご褒美」のアイデアは様々で、自分への労いとして大切にされています。 
「ご褒美」の具体的な例
物: 欲しかったバッグ、ジュエリー、時計、コスメ、普段は買わない上質なもの。
食事・飲食: 高級レストランでの食事、旬のフルーツ、好きなお酒。
体験・リフレッシュ: スパ・エステ、森林浴、映画・コンサート鑑賞、家事代行の利用、スマホをオフにして没頭する時間。
旅行: ホテルステイや小旅行。 
「ご褒美」のポイントと効果
タイミング: 目標達成直後や大きな山を越えた時など、行動と喜びをリンクさせるのが理想。
頻度: 1ヶ月に1回、2〜3ヶ月に1回など、自分なりのルールを決めることで、日々の活力になる。
効果: モチベーションアップ、ストレス緩和、リフレッシュ、次への意欲向上など。 
英語での表現
a treat for myself / a reward for myself（自分へのご褒美）。 
「ご褒美」は、日々の頑張りを認め、自分を大切にするための素敵な習慣です。","[""import"",""japanese""]",2026-02-22 09:19:19.524032+00,e1848554-ffae-479c-a8cd-4c0d77b7bed2,2026-03-19 15:55:50.007522+00,0,0,0,2026-03-19 15:55:50.007522+00,0,null,null,null,false,null,null,null,null,true,bef72994-d505-4919-bb06-7a6faeeafc80,null,null,"{""tables"":{""1"":{""rows"":[],""columns"":[]}}}",null,[],null,null
34614bcb-e03c-4cb5-a4c6-5cd8218b6ff9,「生意気（なまいき）」,"「生意気（なまいき）」とは、自分の年齢・能力・立場をわきまえずに、出しゃばったり、偉そうな態度をとったり、知ったかぶりをしたりする様子を指し、「おこがましい」「身のほど知らず」といった意味合いで使われる言葉です。類語には「小生意気」「こざかしい」「しゃらくさい」などがあり、年下の子が大人びた言動をする時にも使われます（例: 「マセガキ」）。 
「生意気」の主な意味
身分不相応な言動: 自分の実力や立場を超えて、偉そうに振る舞ったり、出過ぎたことを言ったりすること。
知ったかぶり: 実際には知らないのに、知っているかのように振る舞うこと。
不遜な態度: 相手を軽んじたり、敬意を欠いたりする態度。
年長者への反抗的な態度: 年下の者が、年上の者に対して尊大な態度をとる場合。 
例文
「あの子はまだ高校生なのに、先生に生意気な口をきいた」。
「彼は生意気な態度で会議に臨んだ」。 
関連表現
生意気な奴: 生意気な人。
生意気な女: 他人を気にせず、自分の思い通りに行動する女性。
生意気(曲): 中山美穂の楽曲名。","[""import"",""japanese""]",2026-02-22 09:19:19.524032+00,e1848554-ffae-479c-a8cd-4c0d77b7bed2,2026-03-19 15:55:50.007522+00,0,0,0,2026-03-19 15:55:50.007522+00,0,null,null,null,false,null,null,null,null,true,539659b9-7236-47d6-8482-43dd703d3ccd,null,null,"{""tables"":{""1"":{""rows"":[],""columns"":[]}}}",null,[],null,null
34efae9a-7f2b-48b4-bf2e-b3ca98febb16,「鈍い（にぶい）」,"「鈍い（にぶい）」とは、切れ味が悪い、頭の回転が遅い、感覚が鋭くない、動きがもたつく、色がはっきりしないなど、物事の反応や状態が冴えない、冴えわたっていない様子を表す形容詞です。具体的には「鈍い刃物」「鈍い痛み」「鈍感」「鈍い光」「鈍い反応」のように使われます。 
主な意味と用例
切れ味・鋭さがない: 刃物がよく切れない、光がぼやけている。
例：この包丁は鈍いから研ぎ直さないと。
頭の働き・反応が悪い: 気が利かない、理解が遅い、動きがのろい。
例：彼は本当に頭が鈍いな（＝頭が悪い、理解が遅い）。
例：反応が鈍い（＝すぐには反応しない）。
感覚・痛みなどがはっきりしない: 刺激に気づきにくい、痛みがじんわりと続く。
例：鈍痛（にぶつう）、鈍い光、鈍い音。
進み具合が悪い: 作業などが滞っている。
例：仕事の進捗が鈍い。 
類語・関連語
切れ味: 切れ味/悪い、切れ/悪い、切れ/鈍い
感覚・反応: 鈍感、のろい、ぼんやり
動き: もたつく、遅い、のろい
色・光: ぼやける、くすむ、冴えない
「鈍」という漢字について
「鈍」は金と音を表す「屯」を組み合わせた会意文字で、もともとは切れ味の悪い刀剣を表す言葉として使われました。この意味から派生して、様々な「鈍い」状態を表すようになりました。

무디다, 둔하다, 
굼뜨다, 느리다, 
(빛, 감각 등이) 희미하다.

https://youtu.be/aHA9_MbatJg?si=HGoNJFvuwGQNEvE3","[""import"",""japanese""]",2026-02-22 09:19:19.524032+00,e1848554-ffae-479c-a8cd-4c0d77b7bed2,2026-03-19 15:55:50.007522+00,0,0,0,2026-03-19 15:55:50.007522+00,0,null,null,null,false,null,null,null,null,true,ea3e3355-2a39-40e2-b2ce-22af284ba758,null,null,"{""tables"":{""1"":{""rows"":[],""columns"":[]}}}",null,[],null,null
384f7491-0c9d-43a0-bcd1-247a4f1bda40,「そらしたり」,"「そらしたり」は、「そらす」（逸らす、外す、逃がす）という動詞の「〜たり」形（例：〜したり、〜したりする）で、視線をそらしたり、問題をそらしたりする、（鷹などを）逃がしたり、（話を）はぐらかしたりといった、複数の行為や状態を列挙する際に使われます。文脈によって「目をそらしたり」「話をそらしたり」のように使われ、目を逸らす、注意をそらす、（意図的に）外す、逃がすといった意味合いがあります。 
主な意味と使い方
視線をそらす（目をそらす）:
じっと見つめずに、視線を別の方向へ向けること。
例：「恥ずかしくて、彼女は目をそらしたりした。」
注意や話題をそらす（はぐらかす）:
核心に触れさせないように、話をそらしたり、ごまかしたりする。
例：「追及をかわすように、彼は話をそらしたりした。」
（捕獲したものを）逃がす:
鷹狩りなどで、捕らえた獲物を逃がしてしまうこと。
例：「手入れを怠って、鷹をそらしたりしてしまった。」
意図的に外す:
狙いを外す、的をそらす、といった意味。
例：「わざと狙いをそらしたりして、相手を油断させる。」 
「そらしたり」の文法的な形
「そらす」という動詞の連用形「そらしまして」から「ま」が省略された「そらして」に「たり」が付いた形です。
「〜たり、〜たり」と複数回使われ、一連の動作や状態を例示する（〜したり、〜したりする）際に使われます。 
類語・関連表現
はぐらかす
いなす
目をそらす
肩透かしを食らわす","[""import"",""japanese""]",2026-02-22 09:19:19.524032+00,e1848554-ffae-479c-a8cd-4c0d77b7bed2,2026-03-19 15:55:50.007522+00,0,0,0,2026-03-19 15:55:50.007522+00,0,null,null,null,false,null,null,null,null,true,79299863-2eb5-46e4-95bd-d5864ce3567a,null,null,"{""tables"":{""1"":{""rows"":[],""columns"":[]}}}",null,[],null,null
394fe0fc-c56b-4dea-ab48-8eb434be952c,「冷める（さめる）」,"「冷める（さめる）」は、熱いものが冷たくなる（温度が下がる）ことと、感情や熱意が薄れる（熱が冷める、興味がなくなる）ことの2つの主な意味があり、「コーヒーが冷めた」「恋心が冷めた」のように使われます。物理的な温度が下がる際は「冷える」と混同されがちですが、「冷める」は一度熱を持ったものが自ら熱を失うニュアンスで、「冷える」は常温のものが低温になる、または身体が冷える場合に使われることが多いです。 
主な意味と使い方
物理的な温度が下がる（熱がなくなる）
例：「熱いお茶が冷めてしまった。」
例：「料理が冷める前に食べよう。」
nihongojikan.jp
感情や関心が薄れる
例：「彼の態度に冷めてしまった。」
例：「最初は好きだったけど、だんだん気持ちが冷めてきた。」
jplt-dialogplus.com
「冷める」と「冷える」の違い
冷める（さめる）:
一度熱くなったものが、自ら熱を失って冷たくなる（熱が下がる）。
感情や熱意が薄れる（熱が冷める）。
nihongojikan.jp
冷える（ひえる）:
元々熱くないものが低温になる。
手足やお腹など、身体が冷たくなる（体が冷える）。
nihongojikan.jp 
関連する言葉
冷める：気分が落ち着く、関心がなくなる（沈静、薄らぐ）。
冷める：愛想が尽きる、嫌いになる。","[""import"",""japanese""]",2026-02-22 09:19:19.524032+00,e1848554-ffae-479c-a8cd-4c0d77b7bed2,2026-03-19 15:55:50.007522+00,0,0,0,2026-03-19 15:55:50.007522+00,0,null,null,null,false,null,null,null,null,true,36d3b846-70e5-4310-90c8-e9cc07771d35,null,null,"{""tables"":{""1"":{""rows"":[],""columns"":[]}}}",null,[],null,null
3a767b93-10ac-428c-b266-5cc5f33a8f06,「深さ（ふかさ）」,"「深さ（ふかさ）」とは、物事の「深い」という状態やその度合いを指し、物理的な距離（水深、地中深さ）だけでなく、知性や感情、内容の豊かさ（深み）など、抽象的な意味でも使われます。具体的には、海洋の深度、地下の深さ、奥行きなどを数値や程度で表す際に用いられ、類語に「深度」「奥行き」「深み」などがあります。 
「深さ」の主な意味と使い方
物理的な深さ:
水深（例: 川の深さ）
地中や空間の奥行き（例: 地下40mより深い大深度地下）
測定可能な具体的な度合い（例: マリアナ海溝の深さは約10,920m）
抽象的な深さ（深み）:
知性や思想の豊かさ、内容の奥深さ（例: 彼の言葉に深みがある）
感情や芸術作品の訴えかける力（例: この絵画には深みがある） 
「深さ」と「深み」の違い
深さ（ふかさ）: 客観的・物理的で数値で測れるような度合い。
深み（ふかみ）: 主観的で、心に響くような内容の豊かさや奥行き。 
類語・関連語
深度 (しんど): 物理的な深さを測る際に使われる専門用語。
奥行き (おくゆき): 空間の前後方向の広がり。
奥深さ (おくぶかさ): 内容の豊かさ、複雑さ

깊이

深さが五フィートに達する：깊이가 5피트에 달하다.

Depth、profundity

その湖 みずうみの深さはどのくらいですか。
What is the depth of the lake?

われわれはその川の深さを測った。
We measured the depth of the river.

誰しもこの深淵の深さや広さを言い当てることはできないであろう。
It is likely that nobody can accurately estimate the depth and breadth of thisravine.

容積を計算するためには縦と横と深さをかければよい。
To calculate the capacity, multiply the length by the width by the depth.

直径１メートル、深さ２メートルの穴を掘るのに、約２時間半かかりました。
It took me about two and a half hours to dig a hole one meter in diameter andtwo meters in depth.","[""import"",""japanese""]",2026-02-22 09:19:19.524032+00,e1848554-ffae-479c-a8cd-4c0d77b7bed2,2026-03-19 15:55:50.007522+00,0,0,0,2026-03-19 15:55:50.007522+00,0,null,null,null,false,null,null,null,null,true,6331340a-c7c4-4e9b-9f96-d8d941a26e9b,null,null,"{""tables"":{""1"":{""rows"":[],""columns"":[]}}}",null,[],null,null
3c2426f1-20e1-4583-8218-fe1d76ff5fab,「受け狙ってる（うけねらってる）」,"「受け狙ってる」とは、相手（聞き手や観客）に気に入られたり、ウケたり（面白がられたり、共感されたり）することを目的に、意図的に発言や行動をしている状態を指します。「うけを狙う」「ウケ狙い」とも言い、面白おかしいことや、相手の好みに合わせた言動で、評価や人気を得ようとするニュアンスがあります。 
具体的な意味と使い方
「うける（受ける）」の意味: 相手に面白がられる、笑ってもらえる、共感される、支持される、好評を得る、という意味です。
「狙ってる」: その行動（発言やパフォーマンス）の目的が「受けること」にある、と明確に示します。
例文:
「あの芸人、さっきのネタは明らかに受け狙ってたけど、ちょっと滑ったな。」
「プレゼンの冒頭で変なジョークを言ったけど、あれは受け狙いです。」
「（誰かの奇抜な行動を見て）あいつ、またウケ狙いしてるよ。」 
類語・関連表現
ウケ狙い
迎合（げいごう）
受け狙いの（うけねらいの）
奇をてらった（きをてらった） 
要するに、「ウケる（受ける）ことを目的として、そのための行動をしている」状態を表す言葉です。

英語

笑いや注目を集めようとする場合
""Trying to be funny"": 「わざと面白くしようとしている」「ウケ狙い」のニュアンス。
例: Were you trying to be funny just now?（今、ウケ狙ってたでしょ？）
""Trying to get attention"" / ""Trying to be the center of attention"": 注目を集めようとする、目立とうとする。
""Trying to impress (someone)"": （誰かに）気に入られようと、良く見せようとする。 
恋愛関係で狙う場合
""Have one's eyes on (someone)"": （恋愛対象として）目を付けている、狙っている。
例: He has his eyes on you.（彼は君のこと狙ってるよ。）
""Chasing (someone)"": 追いかけている、アプローチしている。
例: I'm chasing her.（彼女を狙ってるんだ。）
""Trying to ask (someone) out"": デートに誘おうとしている。 
目標や物を狙う場合
""Aim for (something)"" / ""Aiming for (something)"": （目標、地位、成功など）を狙う。
例: He's aiming for the CEO position.（彼はCEOの座を狙っている。）
""Eye (something)"" / ""Eyeing (something)"": （特定の物や地位）に目を付ける、狙う。
例: He's eyeing that new car.（あの新しい車を狙ってる。）
""Set one's sights on (something)"": ～を目標に定める、狙う。 
まとめ
「受け狙い」は、「面白いことを言って笑わせようとする」意味合いが強いので、""trying to be funny"" が最も近い表現ですが、文脈に応じて他の表現も使い分けましょう。","[""import"",""japanese""]",2026-02-22 09:19:19.524032+00,e1848554-ffae-479c-a8cd-4c0d77b7bed2,2026-03-19 15:55:50.007522+00,0,0,0,2026-03-19 15:55:50.007522+00,0,null,null,null,false,null,null,null,null,true,4576a0ef-be73-4c35-bf95-c0da5e69eecb,null,null,"{""tables"":{""1"":{""rows"":[],""columns"":[]}}}",null,[],null,null
3d6705f3-9ae0-444a-b694-42f142426db0,落とす（おとす）,"「落とす（おとす）」は、「物を重みで下へ移動させる（落とす、ドロップする）」、「紛失する（なくす）」、「信用や地位を下げる」、「（データなどを）ダウンロードする」、「（メイクや汚れを）除去する」、「（試験で）不合格にする」など、文脈によって非常に多くの意味を持つ他動詞です。物理的な落下だけでなく、抽象的な事柄（信用、順位、スピード）にも使われ、IT用語で「ダウンロードする」の意味でも使われます。 
主な意味と例文
物理的に落とす
財布を落とす（紛失する）
水を落とす（流す、注ぐ）
飛ぶ鳥も落とす勢い（非常に強い力で）
抽象的なものを落とす
信用を落とす（失墜させる）
順位を落とす（下げる）
声を落とす（小さくする）
品質を落とす（下げる）
削除・除去する
名簿から落とす（削除する、除外する）
メイクを落とす（洗い流す、除去する）
試験・選考などで不合格にする
志願者を落とす（不合格にする、落選させる）
IT用語（俗語）
ファイルを落とす（ダウンロードする） 
自動詞「落ちる（おちる）」との違い
落とす（おとす）: 他動詞（～を落とす、目的語をとる）。自分で意図して行う動作。
落ちる（おちる）: 自動詞（～が落ちる、主語が落ちる）。自然に起こる状態や、意図しない結果。 
送り仮名
「落とす」が一般的ですが、「落す」と送り仮名を省略する表記も慣用的に使われます（例：落石）。","[""import"",""japanese""]",2026-02-22 09:19:19.524032+00,e1848554-ffae-479c-a8cd-4c0d77b7bed2,2026-03-19 15:55:50.007522+00,0,0,0,2026-03-19 15:55:50.007522+00,0,null,null,null,false,null,null,null,null,true,9dc0c297-0c57-462a-b900-856ad259f020,null,null,"{""tables"":{""1"":{""rows"":[],""columns"":[]}}}",null,[],null,null
3dcfbc83-1a1f-4244-98e0-871569c90f5b,「いかがでしょか」,"「いかがでしょか」は「どうですか？」の丁寧な表現で、相手に意見・感想・提案・状況などを尋ねる際に使います。ビジネスシーンで提案後に相手の反応を見たり、商品の導入を勧めたりする際に頻繁に使われ、相手への配慮や敬意を示しつつ、柔らかく問いかける万能なフレーズです。 
「いかがでしょうか」のポイント
意味: 「どうですか？」「どうでしょう？」の丁寧語。
使い方:
提案・確認: 「こちらの資料でいかがでしょうか？」「お時間よろしいでしょうか（ご都合いかがでしょうか）」など。
感想を尋ねる: 「お味はいかがでしょうか？」
漢字表記: 「如何でしょうか」と書くこともありますが、ビジネスメールなどでは誤解を避けるため、ひらがなで「いかがでしょうか」と書くのが一般的です。
注意点: 相手に判断を委ねるニュアンスが強く、多用しすぎると「自分で決められない人」という印象を与えるリスクもあります。より具体的な質問（「何かご不明な点はありますか？」など）に言い換えることも有効です。 
類語・関連表現
「どうでしょうか」: 「いかがでしょうか」より少しくだけた表現。
「ご都合いかがでしょうか」: 相手のスケジュールや都合を尋ねる、より丁寧な表現。
「いかがいたしましょうか」: 自分がどうすべきか、相手の指示を仰ぐ謙譲表現。","[""import"",""japanese""]",2026-02-22 09:19:19.524032+00,e1848554-ffae-479c-a8cd-4c0d77b7bed2,2026-03-19 15:55:50.007522+00,0,0,0,2026-03-19 15:55:50.007522+00,0,null,null,null,false,null,null,null,null,true,a5e96287-9cf2-462b-bb5a-025490f5f271,null,null,"{""tables"":{""1"":{""rows"":[],""columns"":[]}}}",null,[],null,null
413e0c28-d1f8-42e3-b066-fd8988190016,「叶える（かなえる）」,"「叶える（かなえる）」とは、願いや夢、希望などを実現させる、現実のものにするという意味の動詞で、「夢を叶える」「願いを叶える」のように使われ、英語では「fulfill」や「make come true」に相当します。目標達成、約束の履行、希望の実現といった文脈で用いられ、「実現する」「成就させる」などが類義語です。 
意味と使い方
基本的な意味: 抱いていた望みが、現実になるようにする行為。
例文:
「彼女は、歌手になる夢を叶えた。」
「先生は、生徒の願いを叶えてあげた。」
「約束を叶える（果たす）。」
類義語: 実現する、成就させる、現実のものにする、実行する、満たす。 
関連する言葉
叶う (かなう): 「叶える」の自動詞形で、「願いが叶う」のように、希望が現実になること自体を指します。
「叶える」の英語表現:
fulfill: 義務や約束、希望などを満たす・果たす。
make (a dream) come true: 夢を現実にする。 
「叶える」という言葉が持つニュアンス
単に「実現する」だけでなく、他者の希望を助けたり、積極的に行動して望みを形にしたりするというニュアンスが含まれることが多いです。
ポジティブで希望に満ちた状況で使われる、温かい響きを持つ言葉です。

叶う：이루어지다、희망대로 되다、할 수 있다

叶わぬ恋：이룰 수 없는 사랑
長年の望が叶う：오랜 소망이 이루어지다","[""import"",""japanese""]",2026-02-22 09:19:19.524032+00,e1848554-ffae-479c-a8cd-4c0d77b7bed2,2026-03-19 15:55:50.007522+00,0,0,0,2026-03-19 15:55:50.007522+00,0,null,null,null,false,null,null,null,null,true,47cff8e3-d8fd-4f2f-8e0e-7fa1240aecc5,null,null,"{""tables"":{""1"":{""rows"":[],""columns"":[]}}}",null,[],null,null
4180ebf6-364b-4cb6-b0b2-8fdac9005c90,「見覚え（みおぼえ）」,"「見覚え（みおぼえ）」とは、以前に見たことがあり、記憶に残っていること、またはその様子を指します。「見覚えがある」で「以前見たことがある気がする」「既視感がある」という意味で使われ、「見覚えのない」は「初めて見る」「見慣れない」という意味になります。 
詳しい意味
以前に見たことのある記憶: 「この景色に見覚えがある」「あの人に、どこかで会ったような見覚えがある」のように使います。
『見覚える（みおぼえる）』という動詞から派生: 忘れないように目印をつける「目覚え（めおぼえ）」と近い意味合いもありますが、通常は名詞の「見覚え」で使われます。 
例文
「この建物、見覚えがあるけど、どこで見たんだろう？」
「その顔には見覚えがないな。初めて会う人かな？」
類語・関連語
既視感（きしかん）: まさにこの「見覚えがある」状態を指す言葉で、一度も経験したことのない状況なのに、以前にも同じ経験をしたことがあるように感じる感覚です。
familiar (ファミリア): 英語で「見覚えがある」「おなじみの」といった意味で、""That looks familiar.""（それに見覚えがある）のように使われます。","[""import"",""japanese""]",2026-02-22 09:19:19.524032+00,e1848554-ffae-479c-a8cd-4c0d77b7bed2,2026-03-19 15:55:50.007522+00,0,0,0,2026-03-19 15:55:50.007522+00,0,null,null,null,false,null,null,null,null,true,0519c74b-c420-49ff-8116-5d65469dd2b0,null,null,"{""tables"":{""1"":{""rows"":[],""columns"":[]}}}",null,[],null,null
41ca642b-4e18-40ce-8daf-2d473c1edd82,「踏んで（ふんで）」,"「踏んで」は動詞「踏む」（ふむ）の命令形や依頼形（「～してください」の「～て」の形）で、「足で上から押さえる」「（比喩的に）無視する・軽んじる」「地雷・バグを踏む」などの意味があり、文脈によって「地面を踏んで進む」「期待を裏切らないで（踏み切って）」など、具体的な行動から比喩的な意味まで幅広く使われます。 
主な意味と使い方
物理的に踏む
例：「この道、ちゃんと踏んで（足跡つけて）行こう」
例：「この石を踏んで（足がかりにして）登る」
比喩的に「無視する」「軽んじる」
例：「約束を踏んで（破って）しまった」
例：「彼の気持ちを踏んで（顧みず）行動した」
IT用語・隠語で「バグに遭遇する」
例：「新しいシステムで、また踏んで（バグを踏んで）しまったよ」
「～を踏まえて」（前提として考慮する）
例：「これまでの経験を踏んで（考慮して）、判断する」 
文脈が重要
「踏んで」だけでは意味が定まらないため、どのような状況で使われているかによって解釈が変わります。
もし、具体的な文脈があれば教えていただけると、より的確な回答ができます。

밟다

「踏む」の英語は文脈で異なり、「step on」（何かを踏む）、「step on someone's foot」（人の足を踏む）、「apply」（アクセル・ブレーキ）、「go through」（手続き）などがあり、「trample on」は踏みつける、踏みにじる（権利など）という強い意味です。 
具体的な表現と例文
step on / step on ~'s foot: 最も一般的で、足で何かを踏む、人の足を踏む。
I stepped on a banana.（バナナを踏んだ）
You stepped on my foot!（私の足を踏んだ！）
trample on: 踏みつける、踏みにじる（権利など）。
Their rights were trampled on.（彼らの権利は踏みにじられた）
apply (the brake/accelerator): アクセルやブレーキを踏む（操作する）。
I applied the brake.（ブレーキを踏んだ）
go through: 手続きなどを踏む（経験する、実行する）。
We need to go through a series of formalities.（一連の手続きを踏む必要がある）
stamp one's feet: 地団駄を踏む、足を踏み鳴らす。
He stamped his feet in frustration.（彼は悔しさで地団駄を踏んだ）
tread on someone's toes: （比喩的に）人の領域を侵す、（文字通り）人のつま先を踏む。 
状況に応じた使い分け
物理的に何かを踏む: step on。
アクセル・ブレーキを踏む: apply。
権利などを踏みにじる: trample on。
経験や手順を踏む: go through, have experience。
悔しくて足を踏み鳴らす: stamp one's feet。","[""import"",""japanese""]",2026-02-22 09:19:19.524032+00,e1848554-ffae-479c-a8cd-4c0d77b7bed2,2026-03-19 15:55:50.007522+00,0,0,0,2026-03-19 15:55:50.007522+00,0,null,null,null,false,null,null,null,null,true,ef16c956-c205-47ea-80c2-45e54465b619,null,null,"{""tables"":{""1"":{""rows"":[],""columns"":[]}}}",null,[],null,null
41d90f4f-92f5-4dfd-a08d-a07252d0ae94,「切り替え（きりかえ）」,"「切り替え（きりかえ）」とは、ある状態や物事を別のものに変えることで、文脈によって「スイッチの切り替え」「気持ちの切り替え」「モードの変更」「洋裁でのデザイン」など、物理的・精神的・技術的な様々な意味で使われ、英語では「switch」「shift」「change」「toggle」などに対応します。 
主な意味と使い方
物理的な操作:
「ギアの切り替え」：自動車などでギアを変えること。
「テレビ/ビデオの切り替えボタン」：入力信号を切り替えるボタン。
「コードページ切り替え」：コンピューターで文字コードを変えること。
精神的・状況の変化:
「気持ちを切り替える」：気分や集中する対象を別のものに変える（心機一転、気分転換）。
「頭の切り替えが早い」：状況に応じて素早く対応を変えること。
デザイン・裁縫:
「生地の切り替え」：異なる素材や色の布を縫い合わせてデザインすること（ドッキングとは異なる）。
農業:
「切り替え畑（きりかえばた）」：土地利用を変える畑。 
漢字の使い分け（「切替」と「切り替え」）
国語辞典では同義語とされており、一般的にどちらを使っても問題ありません。
「切替（きりかえ）」：手で操作するニュアンスが強く、スイッチや機械操作によく使われる。
「切り換え（きりかえ）」：より一般的で、抽象的なものにも使われる。 
「切り替え」は文脈によって意味が大きく変わるため、何（What）をどのように（How）変えるのかを意識すると理解しやすくなります。","[""import"",""japanese""]",2026-02-22 09:19:19.524032+00,e1848554-ffae-479c-a8cd-4c0d77b7bed2,2026-03-19 15:55:50.007522+00,0,0,0,2026-03-19 15:55:50.007522+00,0,null,null,null,false,null,null,null,null,true,406f5954-e779-4c6d-b8d1-d628fa019169,null,null,"{""tables"":{""1"":{""rows"":[],""columns"":[]}}}",null,[],null,null
45e72c26-a5dd-4625-99af-a34e084b113d,冷たい（つめたい）,"冷たい、という言葉は様々な意味合いで使われます。どのような意味で使われていますか？
もし、「寒い」や「温度が低い」という意味であれば、以下のような情報が考えられます。
天気に関する情報: 現在の天気予報や気温に関する情報をお探しですか？ Google で現在の気温を検索
物理的な冷たさ: 冷たい飲み物や食べ物、冷やす方法などをお探しですか？
比喩的な意味: 「冷たい態度」や「冷たい視線」のように、人の感情や態度を表す意味でお使いでしょうか？","[""import"",""japanese""]",2026-02-22 09:19:19.524032+00,e1848554-ffae-479c-a8cd-4c0d77b7bed2,2026-03-19 15:55:50.007522+00,0,0,0,2026-03-19 15:55:50.007522+00,0,null,null,null,false,null,null,null,null,true,38059b7a-efbe-4a25-928c-b58ba4396502,null,null,"{""tables"":{""1"":{""rows"":[],""columns"":[]}}}",null,[],null,null
46b34eb3-554d-4d3f-90a3-98032229915f,お年玉（おとしだま、御年玉）,"お年玉（おとしだま、御年玉）は、新年を祝うために贈られる金品のこと。単に年玉（としだま）ともいう。現代では特に子供に金銭を与える習慣及びその金銭の意で用いられている。歳暮と異なり、目上の者が目下の者に贈るのが特徴[1]。反対に、目下の者が目上の者に贈る場合はお年賀（御年賀）という。

https://youtu.be/pi-R2O8cI_w?si=W2LHZ8KF9Ec1sC9d

https://ja.wikipedia.org/wiki/%E3%81%8A%E5%B9%B4%E7%8E%89","[""import"",""japanese""]",2026-02-22 09:19:19.524032+00,e1848554-ffae-479c-a8cd-4c0d77b7bed2,2026-03-19 15:55:50.007522+00,0,0,0,2026-03-19 15:55:50.007522+00,0,null,null,null,false,null,null,null,null,true,0e74c6bf-dc6c-4f69-8016-258505cf6c42,null,null,"{""tables"":{""1"":{""rows"":[],""columns"":[]}}}",null,[],null,null
46f6ef3b-5f69-409a-97d7-30effe207217,「褒める」,"「褒める」とは、人の行動や行いを「素晴らしい」「良い」と評価し、称賛することです。相手の承認欲求を満たし、自信やモチベーションを高める効果があり、人間関係を良好にするための重要なコミュニケーション手段であり、具体的な行動やプロセスを的確に伝えることで、より効果的になります。 
褒めることの重要性
相手の成長促進: 部下や子供の成長を促し、積極的な行動を促します。
信頼関係の構築: 相手を認め、信頼関係を深めることができます。
心理的効果: 承認欲求を満たし、幸福感を与え、ポジティブな行動を強化します。 
上手に褒めるためのコツ
具体的に褒める: 「すごい」だけでなく、「〇〇の点が素晴らしい」と、何が良かったのかを具体的に伝える。
行動やプロセスを褒める: 結果だけでなく、そこに至るまでの努力や工夫を評価する。
タイミングと頻度: 適切なタイミングで、適度な頻度で褒める（例：大きな成果や、日常のささやかな工夫など）。
間接的に褒める（ウィンザー効果）: 本人がいない場所で褒めると、第三者からの評価として伝わり、より信頼感が増す。
質問形式で褒める: 「どうしたらそんなに上手くできるの？」と質問形式にすると、謙遜されずに受け入れられやすい。 
「褒める」と「誉める」
意味は同じですが、公用文やビジネス文書では常用漢字である「褒める」を使うのが一般的です。 
褒めることは、相手への敬意と理解を示す行為であり、コミュニケーションを活性化させ、より良い関係性を築くための強力なツールです。","[""import"",""japanese""]",2026-02-22 09:19:19.524032+00,e1848554-ffae-479c-a8cd-4c0d77b7bed2,2026-03-19 15:55:50.007522+00,0,0,0,2026-03-19 15:55:50.007522+00,0,null,null,null,false,null,null,null,null,true,4bd2d5eb-c7f3-4148-972c-091774b460e2,null,null,"{""tables"":{""1"":{""rows"":[],""columns"":[]}}}",null,[],null,null
4708b3df-bfbb-428c-b567-02ad21d2c969,「怒鳴り（どなり）」,"「怒鳴り（どなり）」とは、怒りや感情が高ぶって大声を出すこと、またはその声自体を指し、強い不満や警告、叱責の意図を持ち、「大声をあげる」「声を荒げる」「怒号する」などの類語があり、相手への威圧やストレスを与える行為ですが、緊急時の制止など状況によっては必要な場合もあるものの、子供の脳発達への悪影響が指摘され、パワハラにも繋がりうるため、冷静な対応が求められます。 
意味と類語
意味: 怒りや興奮で、普段よりずっと大きな声で話したり叫んだりすること。
類語: 大声を出す、声を荒げる、叫ぶ、怒鳴りつける、怒号する、わめく、絶叫する、吠える。
関連語: 罵声（ばせい） - 口汚くののしる声。 
「怒鳴る」ことの背景と影響
親の心理: 過去の傷つき体験の処理不足や、子どもの発達段階への知識不足が原因で怒鳴ってしまうことがある。
子どもの影響: 脳の発達に影響し、不安感の増大、コミュニケーション能力の低下、心身の不調を引き起こす可能性がある。
パワハラとの関連: 職場などで繰り返し行われる場合、パワハラに該当する可能性がある。
「怒鳴る」ことの是非:
必ずしも悪ではない場合: 子どもの安全確保など緊急時に、危険を知らせるために大きな声を出すのは必要な対処。
問題となる場合: 感情的に、一方的に、相手を脅すように怒鳴る行為は問題。 
怒鳴りを減らす・防ぐには
親・大人側:
冷静になる時間を作る: 怒りを感じたらすぐに反応せず、一度落ち着いてから伝える。
過去の経験と向き合う: 自分の感情の源泉を見つめ直す。
子どもの発達段階を知る: 反抗期など、成長過程の理解を深める。
ポジティブな面に注目する: 「できていないこと」より「できていること」に目を向ける。
怒鳴られた側（子ども・部下など）:
相手の言動の裏を読む: 相手が何を伝えたいのか、なぜ怒鳴っているのかを冷静に考える。
状況に応じて対応する: 危険な場合は避難し、職場なら上司や第三者に相談する。 
まとめ
怒鳴る行為は、感情のコントロールの失敗やストレスの表れであることが多く、相手に深刻な影響を与える可能性があります。しかし、その背景には様々な事情があり、緊急時の対応や、怒りの感情を適切に表現する方法を学ぶことが重要です。

https://youtu.be/RSPk7eaRXJU?si=L-8ejxY8G8JMUzPN","[""import"",""japanese""]",2026-02-22 09:19:19.524032+00,e1848554-ffae-479c-a8cd-4c0d77b7bed2,2026-03-19 15:55:50.007522+00,0,0,0,2026-03-19 15:55:50.007522+00,0,null,null,null,false,null,null,null,null,true,963fa3bf-446c-4977-8f7e-734633adac34,null,null,"{""tables"":{""1"":{""rows"":[],""columns"":[]}}}",null,[],null,null
473368db-8f0a-42e9-8089-afcd12e848ab,「正しい（ただしい）」,"「正しい」とは、事実や真実に合っていること、決まりや道徳にかなっていること、間違っていない状態を指し、具体的には「正解」「適切」「妥当」「真実」といった意味合いで使われ、英語では「right」「correct」「accurate」など、状況によって使い分けられます。 
「正しい」の主な意味
事実との一致: 事柄の本質や事実に合っていること。「数学の答えが正しい」「事実に基づいている」。
規範・規則への適合: 法律、道徳、ルール、常識などに沿っていること。「正しい行い」「正しい手順」。
的確さ: 表現や判断が正確で、間違っていないこと。「正しい判断」「正しい情報」。
適切さ: 状況や目的に合致していること。「適切な対応」。 
英語での表現例
Right: 倫理的な正しさや、決定・選択が適切である場合。「That was the right decision.（それは正しい決断だった）」。
Correct: 事実や基準に合致している、間違いがない場合。「Is that correct?（それは正しいですか？）」。
Accurate: 非常に正確で、詳細まで一致している場合。「accurate data（正確なデータ）」。 
類語・言い換え表現
間違っていない、当たっている、正解だ（一般的な状況）
妥当な、至当な、適切な（判断や状況に対して）
正式には、正確には、実際には（補足情報として）","[""import"",""japanese""]",2026-02-22 09:19:19.524032+00,e1848554-ffae-479c-a8cd-4c0d77b7bed2,2026-03-19 15:55:50.007522+00,0,0,0,2026-03-19 15:55:50.007522+00,0,null,null,null,false,null,null,null,null,true,869d481f-2d84-411f-822a-7e365daece81,null,null,"{""tables"":{""1"":{""rows"":[],""columns"":[]}}}",null,[],null,null
5ab855a1-70a0-47af-a352-2323cbe4820e,「突き通し（つきとおし）」,"「突き通し（つきとおし）」は「突き刺す」「貫く」という意味の動詞「突き通す」の名詞形や、「（意見や信念などを）最後まで主張し続ける」という意味、または「（物理的に）突き抜ける」こと、さらに「お通し（突き出し）」を指す場合もあり、文脈によって「貫徹」「貫通」「貫く」「刺し通す」といった類義語で言い換えられます。 
主な意味
物理的な貫通・貫通：
鋭いもので突き刺し、向こう側まで通すこと（刺通す）。
何かを突き抜けて進むこと（突き抜ける、通り抜ける）。
精神・思想の貫徹：
自分の考え、意見、信念などを最後まで曲げずに主張し続けること（貫徹する、徹する、押し通す）。
（料理用語）お通し：
居酒屋などで、注文とは別に最初に出される小皿料理（関東では「お通し」、関西では「突き出し」）。 
例文
「剣で敵の体を突き通した。」（貫通）
「彼は自分の信念を最後まで突き通した。」（貫徹）
「この道はトンネルを突き通している。」（通り抜ける）
「とりあえず、突き通し（お通し）でも頼みますか。」（料理） 
関連する言葉
突き出す: 関西で「お通し」を指す言葉で、「突き出すように提供する」ことに由来。
貫く: 同じ意味でよく使われる動詞。

관통하다
Penetrate,Pierce through,Run through,Transfixion","[""import"",""japanese""]",2026-02-22 09:19:19.524032+00,e1848554-ffae-479c-a8cd-4c0d77b7bed2,2026-03-19 15:55:50.007522+00,0,0,0,2026-03-19 15:55:50.007522+00,0,null,null,null,false,null,null,null,null,true,fad97fea-0d31-4959-bef6-0f0cf45d28e4,null,null,"{""tables"":{""1"":{""rows"":[],""columns"":[]}}}",null,[],null,null
5abad2ba-cc29-445f-9b85-c25ad0489090,容積（ようせき）,容積（ようせき）とは、水や砂などの物質が容器の中にどれだけ入るかを示す空間の大きさ（容量）のことで、「縦×横×高さ」で求められ、主にL（リットル）やmL（ミリリットル）などの単位が使われますが、容器の厚みを考慮して内側の寸法（内のり）で計算するのが特徴です。これは、物体そのものの空間の大きさを示す「体積」と区別される概念です。 容積のポイント 意味: 容器が持つ「収容能力」や「容量」のこと。計算: 容器の内側の長さ（縦、横、高さ）を使って計算する。単位: L（リットル）、mL（ミリリットル）、cm³（立方センチメートル）、m³（立方メートル）などが使われる。体積との違い:容積: 容器の中に入る量（例：ペットボトルの中身の量）。体積: 物体そのものが占める空間の大きさ（例：ペットボトル本体の大きさ）。具体例: 厚さのある箱の場合、外側の体積と、中身が入る容積は異なる。 例：ます（箱）の容積を求める ますの内側の縦、横、深さ（高さ）を測る。それらを掛け算する（例：内側が縦6cm、横6cm、深さ4cmなら \(6\times 6\times 4=144\)）。単位をつけて「\(144cm^{3}\)」や「\(144mL\)」（\(1cm^{3}=1mL\)なので）と表す。,"[""import"",""japanese""]",2026-02-22 09:19:19.524032+00,e1848554-ffae-479c-a8cd-4c0d77b7bed2,2026-03-19 15:55:50.007522+00,0,0,0,2026-03-19 15:55:50.007522+00,0,null,null,null,false,null,null,null,null,true,5d4fd993-f8ae-4628-b7d5-bbbf494f2be6,null,null,"{""tables"":{""1"":{""rows"":[],""columns"":[]}}}",null,[],null,null
5adfcdd4-221b-42d0-8577-038614047cdf,「首輪（くびわ）」,"「首輪（くびわ）」は首に装着する輪状のものを指し、主にペット（犬・猫など）の識別・誘導用としてリード（引き綱）と併用されますが、人間がファッションやアクセサリーとして身につけるもの、またSMプレイなど特定の用途もあります。ペット用には革製やナイロン製など様々な素材や機能（無駄吠え防止、訓練用など）があり、ハーネス（胴輪）との違いや正しい装着方法（首の特定の位置に合わせる）が重要視されます。 
ペット（犬・猫）の首輪
役割: 迷子札の装着、リードの接続による行動制限・誘導、しつけ。
種類:
フラットカラー: 最も一般的で、バックルで留めるタイプ。素材やデザインが豊富。
チョークカラー/チェーンカラー: 訓練用で、引っ張ると締まるタイプ。
しつけ用: 無駄吠え防止機能（ビープ音、振動、電気ショック）付きなど。
装着のポイント: 顎の真下・耳の真下あたり（第一頸椎）に、指が2本入る程度（約2〜3cm）の隙間を空けて装着するのが理想的。 
人間の首輪
用途:
ファッション/アクセサリー: チョーカーなど。
SM・BDSM: 支配・被支配の関係性を示すアイテムとして。
刑罰: 過去の刑罰具として。 
英語表現
Collar (カラー): 犬・猫の首輪、洋服の襟、首飾りなど。 
その他
ハーネス (胴輪): 首ではなく胴体（胸や肩）に装着するもので、首への負担を減らしたい場合や、首輪を抜けてしまう犬に用いられます。","[""import"",""japanese""]",2026-02-22 09:19:19.524032+00,e1848554-ffae-479c-a8cd-4c0d77b7bed2,2026-03-19 15:55:50.007522+00,0,0,0,2026-03-19 15:55:50.007522+00,0,null,null,null,false,null,null,null,null,true,32a8ede9-79ca-4ead-849d-d19edd411d7b,null,null,"{""tables"":{""1"":{""rows"":[],""columns"":[]}}}",null,[],null,null
5de73082-6dec-4603-b70f-5dc7d7855f00,深さ（ふかさ）,"「深さ（ふかさ）」とは、物事がどれだけ深く、奥まっているか、またはその度合いを示す言葉で、物理的な場所（海の深さ、穴の深さなど）や、比喩的な意味（考えの深さ、感情の深さなど）で使われ、「奥行き」「深度」「深み」といった類語があります。文脈によって客観的な数値（深度）と、主観的な感じ方（深み）に使い分けられるのが特徴です。 
主な意味と使い方
物理的な深さ（客観的・数値的）:
海、川、穴などの水面や表面から底までの垂直距離（例：水深、深度）。
「この川の深さはどれくらいですか？」のように数値で測れるもの。
比喩的な深さ（主観的・感覚的）:
物事の奥ゆかしさ、複雑さ、感情の豊かさなど（例：味わい深い、心に響く）。
「この絵画には深みがある」「彼の言葉に深みを感じる」のように、感じ方や解釈が人によって異なる場合。
関連する言葉:
奥行き（おくゆき）: 前後、左右、上下方向への広がりや深さ。
深度（しんど）: 特に深海や地質などで使われる客観的な深さ。
深み（ふかみ）: 比喩的な意味での深さ（例：味の深み、心の深み）。 
具体例
例1（物理）: マリアナ海溝の深さは約11,000メートルに達する。
例2（比喩）: 彼の人生経験が、彼の仕事の深みを生み出している。","[""import"",""japanese""]",2026-02-22 09:19:19.524032+00,e1848554-ffae-479c-a8cd-4c0d77b7bed2,2026-03-19 15:55:50.007522+00,0,0,0,2026-03-19 15:55:50.007522+00,0,null,null,null,false,null,null,null,null,true,12c8edd0-cfcd-48ec-ba89-f0180f1f049f,null,null,"{""tables"":{""1"":{""rows"":[],""columns"":[]}}}",null,[],null,null
6001aa25-821d-44c9-b354-651b449f8fc9,「掛け合わせ（かけあわせ）」,"「掛け合わせ」とは、複数の色を重ねて新しい色を作る印刷技術（CMYKなど）や、異なる要素（生物、キーワードなど）を組み合わせて新しいものを作り出すことを指し、文脈によって「交配」「混合」「組み合わせ」といった意味で使われますが、特に印刷やSEO（検索エンジン最適化）の分野で用いられることが多いです。 
印刷・デザイン分野
色の表現: CMYK（シアン、マゼンタ、イエロー、ブラック）などのインクを重ねて、写真やイラストの多彩な色を表現する方法です（例: 赤はマゼンタとイエローの掛け合わせ）。
注意点: インクの総量が増え、乾きが悪くなったり裏移りしたりする場合があります。 
生物学・園芸分野
交配（交雑）: 異なる種類の動植物を人為的に受精・受粉させて、新しい品種や子孫を作ることです（例: 品種改良）。 
SEO・マーケティング分野
キーワードの組み合わせ: 軸となるキーワード（例: 「ダイエット」）と補助的なキーワード（例: 「方法」「口コミ」）を組み合わせて、より具体的な検索意図に合ったキーワード（「ダイエット 方法」「ダイエット 口コミ」）を作り出す手法です。 
その他
釣り: 魚がエサに食いついた瞬間に素早くアワセ（竿を引く動作）を入れることも「掛け合わせ」と呼びます。
製本: 異なるサイズの組版を同じ印刷面に配置して印刷することも指します。 
このように、「掛け合わせ」は「複数の要素を組み合わせて、より多様な表現や効果を生み出す」という共通のニュアンスを持っています。","[""import"",""japanese""]",2026-02-22 09:19:19.524032+00,e1848554-ffae-479c-a8cd-4c0d77b7bed2,2026-03-19 15:55:50.007522+00,0,0,0,2026-03-19 15:55:50.007522+00,0,null,null,null,false,null,null,null,null,true,e93c66a6-68ba-47da-8e09-7a6aa17c719e,null,null,"{""tables"":{""1"":{""rows"":[],""columns"":[]}}}",null,[],null,null
61d7edb8-e5f7-40ca-b37d-7731684c0b59,「絡み方（からみかた）」,"「絡み方」は文脈によって「織物の技法（絡み織）」や「人間関係・コミュニケーションの仕方（〇〇絡み）」を指し、「糸の絡ませ方」や「（良い・悪い）関係の築き方」というニュアンスで使われ、関連性や関与の仕方を意味します。具体的な意味は「どう絡ませるか」「どう関わるか」で変わり、織物なら技法、人間関係なら交流のスタイルを指します。 
主な意味
織物の技術（絡み織）: 2本の経糸（たていと）をねじり合わせながら横糸と織り込む技法で、目が粗く通気性が良いのが特徴です（例：絽や紗）。
人間関係・コミュニケーション: 「〇〇絡み」という形で使われ、「〇〇な感じで交流する」「〇〇な関係性」という意味になります。ポジティブな関係（「友達絡み」）から、ネガティブな関係（「面倒な絡み」）まで幅広く使われます。 
使い方（例文）
織物: 「この生地は絡み織の独特な風合いが魅力だ」。
人間関係: 「最近、彼とは飲み会でよく絡むようになった（よく話すようになった）」。
関係性: 「あの会社との絡み方を考え直さないと」。 
類語
関連、関係、関与、タッチ（人間関係・状況）
綟り織（もじりおり）（織物の技法） 
文脈に応じて、「どのように関わるか」という具体的な方法や、その関係性・状態そのものを指す言葉として「絡み方」が使われます。","[""import"",""japanese""]",2026-02-22 09:19:19.524032+00,e1848554-ffae-479c-a8cd-4c0d77b7bed2,2026-03-19 15:55:50.007522+00,0,0,0,2026-03-19 15:55:50.007522+00,0,null,null,null,false,null,null,null,null,true,be1c6747-0e2e-4d9d-b09b-d45c7c426dc2,null,null,"{""tables"":{""1"":{""rows"":[],""columns"":[]}}}",null,[],null,null
654457ae-c5cb-4476-bea8-0b06c69460b6,「だいぶ」,"https://youtu.be/YZUij1EaHJw?si=z2x6sI5w2LQVdte0

「だいぶ」は程度が相当大きいことや、変化が進んでいる様子を表す副詞で、「かなり」「ずいぶん」「思ったより」といった意味を持ち、「だいぶ良くなった」「だいぶ時間がかかる」のように使われ、「大分」と漢字で書くこともありますが、副詞としてはひらがなで表記されることが多いです。 
意味と使い方
程度が甚だしい・相当なもの：量や程度がかなり多い、または激しい状態。
例：「本をだいぶ買った」「今日はだいぶ寒い」。
変化の度合いが大きい：何かが進行して、その程度が進んでいる様子。
例：「病気がだいぶ良くなった」「日本の生活にだいぶ慣れてきた」。 
「ずいぶん」との違い
「だいぶ」：現在の程度や進行状況を表すことが多い。
「ずいぶん」：話し手の評価や驚き、予想よりも大きいというニュアンスを含むことが多い。 
漢字表記
副詞の「だいぶ」はひらがなで書くのが一般的ですが、「大分（だいぶ）」と漢字で書くこともあります。 
例文
「このコートはだいぶすり切れている。」
「留学の準備はだいぶ進みました。」
「この車もだいぶくたびれてきた。」

https://mazii.net/ko-KR/search/word/jako/%E3%81%A0%E3%81%84%E3%81%B6

◆ 상당히; 어지간히; 꽤.

大分病気が悪い
상당히 병이 심하다

英語が大分うまくなった
영어가 꽤 능숙해졌다

貯金が大分 たまった
저금한 돈이 꽤 모였다

◆ (수량∙정도 등이) 상당한 것; 또, 그런 모양.

距離は歩いて大分になる
거리는 걸어서 꽤 된다

大分の無沙汰をした
꽤 오랫동안 소식을 전하지 못했다","[""import"",""japanese""]",2026-02-22 09:19:19.524032+00,e1848554-ffae-479c-a8cd-4c0d77b7bed2,2026-03-19 15:55:50.007522+00,0,0,0,2026-03-19 15:55:50.007522+00,0,null,null,null,false,null,null,null,null,true,c25f8966-8554-49eb-9d08-759f362ba140,null,null,"{""tables"":{""1"":{""rows"":[],""columns"":[]}}}",null,[],null,null
6570cb00-d208-4531-9b1e-6e4340d91bce,気になる日本語単語,突飛（とっぴ）：뜻밖임; 엉뚱함; (이상) 야릇함.,"[""import"",""japanese""]",2026-02-22 09:19:19.524032+00,e1848554-ffae-479c-a8cd-4c0d77b7bed2,2026-03-19 15:55:50.007522+00,0,0,0,2026-03-19 15:55:50.007522+00,0,null,null,null,false,null,null,null,null,true,84fb7954-eb8c-4fbc-8e44-d905f10b7abc,null,null,"{""tables"":{""1"":{""rows"":[],""columns"":[]}}}",null,[],null,null
66d4a5d5-4dda-43d2-8ab2-d06647ee476e,「頭が上がる（あたまがあがる）」,"https://youtu.be/45-Pa81ELyY?si=rbPCO9sG6S5PhqVA

「頭が上がる」は、主に「相手の恩義や力に負い目を感じて対等に振る舞えない」という意味で使われ、「頭が上がらない」と打消しで使うのが一般的ですが、文字通り「枕から頭を起こす」「顔を上げる」物理的な動作を指す場合もありますが、慣用句としては前者（対等に振る舞えない）の意味が主流です。 
主な意味と使い方
対等に振る舞えない（最も一般的）
相手に借りがある、世話になった、弱みを握られているなどの理由で、遠慮したり引け目を感じたりして、対等な立場で向き合えない状態を指します。
例文：「あの先生には、昔からお世話になっているので、頭が上がらないよ」。
ポイント：「～には頭が上がらない」と、打消しの表現で使われることが多いです。
（病気などで）枕から頭を起こす
体が弱って寝ている状態から、首を上げて顔を上げようとする様子。
例文：「熱で伏せっていたが、今は少し頭が上がってきた」。
（顔などを）上に向ける
文字通り、顔や頭を上の方へ持ち上げる動作。
例文：「空を見上げて頭を上げる」。 
混同しやすい表現
「頭が高い」： 相手の権威を無視して、ぞんざいな態度をとること（「頭が高い」は「おごり高ぶっている」ような意味で、「頭が上がらない」とは逆の意味です）。
「頭が下がる」： 相手の行為や能力に深く感銘を受け、尊敬や感謝の気持ちを表す表現（「頭が上がらない」とは似ていますが、こちらは肯定的な意味で使われます）。 
「頭が上がる」は、文脈によって意味が変わりますが、「頭が上がらない」の形で「相手に気後れして対等になれない」という意味で使われることがほとんどです。

https://blog.naver.com/iroha-eju/222182494680

頭が上がらない
은혜를 입어서 또는 약점을 잡혀서 대등하게, 동등하게 행동할수없다

ここまで育ててくれた親には頭が上がらない。
지금까지 키워주신 부모님에게는 머리가 올라가지않는다
->감사하다는 마음이 크다는 의미에서 사용됨

浮気をばれてから、妻には頭が上がらない。
바람핀게 걸린 이후로는 부인에게 머리가 올라가지않는다
->미안하다는 마음이 크다는 의미에서 사용됨

https://cafe.daum.net/japanese1961/Q4m/83

・頭が上がらない：相手に負い目があったり、権威に圧迫されたりして、対等に振舞えない。

子どもの時から世話になっているので、あの人にはどうも頭が上がらない。
 아이 때부터 신세를 지고 있기 때문에, 그 사람에게는 아무래도 기를 못 편다.

総理大臣でも、小学校のときの先生に会うと頭が上がらないそうです。
 総理大臣(국무총리)라도, 초등학교 선생님을 만나면 꼼짝 못한다고 합니다.

若くグラマーな、その２度目の女房に、専務が頭が上がらないのは有名な話だ。
 젊고 글래머인, 그 두 번 째 마누라에게, 전무가 설설 기는 것은 유명한 이야기다.","[""import"",""japanese""]",2026-02-22 09:19:19.524032+00,e1848554-ffae-479c-a8cd-4c0d77b7bed2,2026-03-19 15:55:50.007522+00,0,0,0,2026-03-19 15:55:50.007522+00,0,null,null,null,false,null,null,null,null,true,eee75a47-ab60-4b0c-9b6f-bf3777a86712,null,null,"{""tables"":{""1"":{""rows"":[],""columns"":[]}}}",null,[],null,null
66fd37ca-4d1a-4383-9967-4fcf76a1c163,「奢る（おごる）」,"「奢る（おごる、사치하다、한턱내다.）」には「分不相応に贅沢をする」意味と、「自分の金で他人に飲食などを振る舞う（ご馳走する）」意味があり、後者は「上司がおごってくれる」のように肯定的に使われる一方、前者は「おごった態度」のように傲慢さを示す場合に使われ、漢字は文脈で区別されますが、「奢る」は主に「ご馳走する」意味で、「驕る」は「思い上がる」意味で使われることが多いです。 
主な意味と使い方
（他動詞） 自分の金銭で、他人に飲食代などを支払ってあげること。
例：「今日は私が奢るよ」「部長が昼飯を奢ってくれた」。
（自動詞） 必要以上に贅沢をする。ぜいたくな暮らしぶり。
例：「口がおごっている（美食家で贅沢なものを好む）」「おごった暮らし」。 
関連する「おごる」と漢字
奢る（おごる）: 贅沢をする、ご馳走する。
驕る（おごる）: 才能や権力などを鼻にかけ、思い上がって傲慢な態度を取る。「驕慢（きょうまん）」の「驕」。
侈る（おごる）: むだ遣いをする、贅沢をする。「奢侈（しゃし）」の「侈」。 
英語での表現例
I'll get it / I'll treat you!: 「私が払うよ」「ご馳走するよ」というカジュアルな表現。","[""import"",""japanese""]",2026-02-22 09:19:19.524032+00,e1848554-ffae-479c-a8cd-4c0d77b7bed2,2026-03-19 15:55:50.007522+00,0,0,0,2026-03-19 15:55:50.007522+00,0,null,null,null,false,null,null,null,null,true,4790190e-0f94-4907-8f36-1751e673c49a,null,null,"{""tables"":{""1"":{""rows"":[],""columns"":[]}}}",null,[],null,null
6944e157-a62b-4aee-9085-2411bf56df68,「呼び捨て（よびすて）」,"「呼び捨て（よびすて）」とは、相手の名前（名字や下の名前）に「さん」「ちゃん」「くん」などの敬称をつけずに、名前だけをそのまま呼ぶこと（例：「田中」を「田中」、「太郎」を「太郎」）で、親密さやフランクさの表現、あるいは失礼にあたる場合（特に目上の人や職場）など、関係性によって意味合いが大きく変わる言葉の習慣です。親しい友人や恋人同士では好意や距離の近さを表す一方で、職場や目上の人に対してはパワハラや威圧的と受け取られることもあります。 
呼び捨ての意味と使われ方
親密さ・好意の表現: 恋人や親しい友人に対し、「特別感」や「距離が縮まった」と感じさせる効果があります。
関係性の変化: 「くん・ちゃん」付けから呼び捨てに変わることで、関係が深まったサインとして捉えられることがあります。
「さん」付けとの対比: 「さん付け」が丁寧でよそよそしいと感じられるのに対し、呼び捨てはよりオープンなコミュニケーションを促します。
心理的効果: 相手に「頼もしい」「男らしい」といった印象を与えることもあります。 
呼び捨てが問題になるケース
職場での上下関係: 上司が部下を呼び捨てにすると、「軽んじられている」「威圧的」と感じられ、パワハラと受け取られる可能性があります。
学校での指導: いじめ防止のため、小学校で「さん付け」指導が広がり、「呼び捨て」や「あだ名」が禁止されるケースもあります。 
まとめ
呼び捨ては、関係性や状況によって「親愛」「親密さ」の象徴にも「失礼」「威圧」の象徴にもなり得るため、相手との関係性や文化をよく考えて使うべき表現です。","[""import"",""japanese""]",2026-02-22 09:19:19.524032+00,e1848554-ffae-479c-a8cd-4c0d77b7bed2,2026-03-19 15:55:50.007522+00,0,0,0,2026-03-19 15:55:50.007522+00,0,null,null,null,false,null,null,null,null,true,316d2863-309d-46ac-8406-c9f38e981262,null,null,"{""tables"":{""1"":{""rows"":[],""columns"":[]}}}",null,[],null,null
6b3cf959-31f9-4f8c-a5b5-1d589af3ec84,「走り切れ（はしりきれ）」,"「走り切れ（はしりきれ）」は、「走って最後までやり遂げる」「困難な状況を走り抜ける」という意味の命令形や呼びかけで、マラソン完走や、比喩的に「困難な道のりを乗り越える」といった文脈で使われ、「抜ける」との違いは「切る」が「完了」「100%達成」に、「抜ける」が「危険や障害を通り抜ける」ニュアンスが強いです。 
意味と使い方
完走・達成: 長距離を休まずに最後まで走り切ること、目標を達成することを指します。
比喩表現: 困難や苦労を乗り越えて、ある状況を最後までやり遂げる、という意味でも使われます。 
「走り切る」と「走り抜ける」の違い
走り切る (Hashirikiru): 「切る」は「完全に終える」「完了する」というニュアンスが強く、マラソンを「完走する」「目標を100%達成する」という文脈で使われます。
走り抜ける (Hashirinukeru): 「抜ける」は「障害や危険な場所を通り抜ける」という意味合いが強く、危険地帯を走り抜けたり、困った状況から抜け出したりする際に使われます。 
例文
「目標のフルマラソンを走り切れ！」（完走を応援する）
「どんな困難も、諦めずに走り切れば道は開ける。」（比喩的な意味） 
練習のコツ（マラソンなど）
休憩を挟みながら、目標距離を分割して練習する。
フォームを意識し、体幹トレーニングを取り入れる。","[""import"",""japanese""]",2026-02-22 09:19:19.524032+00,e1848554-ffae-479c-a8cd-4c0d77b7bed2,2026-03-19 15:55:50.007522+00,0,0,0,2026-03-19 15:55:50.007522+00,0,null,null,null,false,null,null,null,null,true,550e1a09-11f8-4506-bfe2-e3ca8005efe3,null,null,"{""tables"":{""1"":{""rows"":[],""columns"":[]}}}",null,[],null,null
6b621ab1-494e-4245-a3d6-1816fdeebe52,「結び（むすび）」,"「結び（むすび）」は、ひもを結ぶ行為やその部分、人と人との縁、物事の終わり（結末）、おむすび（握り飯）、数学の和集合など、文脈によって多様な意味を持つ言葉で、語源は「産み出す力（ムスヒ）」にあり、創造や関係性の成立を表す深い意味があります。 
主な意味
物理的な結び: ひもやロープを絡ませて繋ぐことや、その結び目（例: もやい結び、よろい結び）。
関係性の結び: 人と人との縁を結ぶこと、関係を成立させること（例: 縁結び、夫婦の契り）。
終わりの結び: 文章や相撲の取り組みなどの結び（終わり、結末） (例: 結びの言葉)。
食べ物: おむすび（握り飯）の別称。
数学: 和集合（2つ以上の集合をまとめること）。
神道: 「産霊（むすひ）」として、万物を生み出す神秘的な力、神霊の働き。 
語源と深い意味
語源: 日本神話に由来し、「ムス（産む）」と「ヒ（霊力）」が合わさった「ムスヒ（産霊）」から来ています。
創造: 結びつくことで新しいものが生まれる、創造する力。
つながり: 離れているものを繋ぎ、関係性を生み出す力。 
このように、「結び」は単なる行為だけでなく、創造、関係性、始まりと終わり、そして神秘的な力といった多岐にわたる概念を包括する言葉です。","[""import"",""japanese""]",2026-02-22 09:19:19.524032+00,e1848554-ffae-479c-a8cd-4c0d77b7bed2,2026-03-19 15:55:50.007522+00,0,0,0,2026-03-19 15:55:50.007522+00,0,null,null,null,false,null,null,null,null,true,fdbdbddf-e922-4c78-85e4-192245ac4e63,null,null,"{""tables"":{""1"":{""rows"":[],""columns"":[]}}}",null,[],null,null
6c19fa0a-bc62-46f1-bca2-658a29a437bc,「支える（ささえる）」,"https://youtu.be/giBJo6q04qo?si=LtXOznF--euihDtl

「支える（ささえる）」は、物理的に支える（柱で梁を支える）、精神的・経済的に支援する（家族を支える、声援に支えられる）、ある状態を維持する（生活を支える）、防ぎとめる（攻撃を支える）など、様々な意味を持つ動詞です。状況に応じて「サポートする」「応援する」「保つ」「守る」などと言い換えられ、英語では主に「Support」が該当します。 
主な意味
物理的に支える: 倒れないように何かをあてがって支えること。「太い柱で梁を支える」。
精神的・経済的に支援する: 励ましたり、経済的に援助したりすること。「家族の生活を支える」「応援に支えられる」。
状態を維持する: ある状態が崩れないように持ちこたえさせること。「生活を支える」「文化を支える」。
防ぎとめる: 敵の攻撃などを防ぎ止めること。「敵の攻撃を食い止める」。 
類語・関連語
支援・応援: サポートする、後押しする、支援する、応援する、励ます、力添えする。
維持・保護: 保つ、持ちこたえる、守る、保護する、擁護する。
防ぐ: 食い止める、受け止める。 
例文
「彼は家族を支えるために懸命に働く。」（経済的支援）
「皆の温かい声援に支えられ、最後まで頑張れた。」（精神的支援）
「この橋は、何本もの柱で支えられている。」（物理的支え）

https://mazii.net/ko-KR/search/word/jako/%E6%94%AF%E3%81%88%E3%82%8B

◆ 막히다; 메다.（つかえる）

車が支える
차의 진행이 막히다

言葉が支える
말이 막히다

返事に支える
대답이 막히다

◆ 받히다.

頭が天井に支える
머리가 천장에 받히다[걸리다]

仕事が支えている
일이 밀려 있다

◆ (이미 다른 사람이) 사용 중이다.（つかえる）

電話が支えている
전화를 (다른 사람이) 사용 중이다

◆ 더듬거리다.（つかえる）

支え支え物を言う
더듬더듬 말을 하다

◆ (痞える) 가슴·목 등이 막힌 느낌이 들다; 메다.（つかえる）

胸が支える
가슴이 메다

◆ (‘手を支える’의 꼴로) 예로서 손을 바닥에 짚다.
◆ (‘肩が支える’의 꼴로) 어깨가 결리다; 뻐근하다.

☆ 하1단 타동사

◆ 버티다.
◆ 떠받치다.
（ささえる）

杖で体を支える
지팡이로 몸을 받치다

同僚に支えられて歩く
동료의 부축을 받아 걷다

倒れそうな塀を丸太で支えた
넘어질 듯한 담을 통나무로 떠받쳤다

◆ 유지하다; 지탱하다.（ささえる）

家計を支える
가계를 유지하다

一家の暮らしを支えている
일가의 생계를 지탱하고 있다

◆ 원조하다; 지원하다.（ささえる）

中小企業を支える
중소기업을 지원하다

たくさんの人に支えられてここまで来た
많은 사람의 도움으로 여기까지 왔다

研究者の活発な活動を支えた
연구자의 활발한 활동을 지원했다

◆ 방지하다; 막아 내다.（ささえる）

敵の攻撃を支える
적의 공격을 막아 내다","[""import"",""japanese""]",2026-02-22 09:19:19.524032+00,e1848554-ffae-479c-a8cd-4c0d77b7bed2,2026-03-19 15:55:50.007522+00,0,0,0,2026-03-19 15:55:50.007522+00,0,null,null,null,false,null,null,null,null,true,5ce16909-ff1d-459c-ae3c-f376a9c9226b,null,null,"{""tables"":{""1"":{""rows"":[],""columns"":[]}}}",null,[],null,null
7480f879-5dca-40e2-a017-9e5c3194d61e,引っ張り（ひっぱり）,"引張り（ひっぱり）とは

車輛などを牽引すること。
引張力 - 金属などの素材に荷重をかけて、その荷重の軸方向に材料を引き伸ばすこと。応力、張力も参照。
野球用語については打撃 (野球)#技術と戦術を参照。

잡아당김、거리에서 손님을 끄는 매춘부、가창(街娼).

Pulling、stretching、tension

https://ja.wikipedia.org/wiki/%E5%BC%95%E5%BC%B5%E3%82%8A
https://mazii.net/ko-KR/search/word/jako/%E3%81%B2%E3%81%A3%E3%81%B1%E3%82%8A
https://mazii.net/ko-KR/search/word/jaen/%E5%BC%95%E3%81%A3%E5%BC%B5%E3%82%8A","[""import"",""japanese""]",2026-02-22 09:19:19.524032+00,e1848554-ffae-479c-a8cd-4c0d77b7bed2,2026-03-19 15:55:50.007522+00,0,0,0,2026-03-19 15:55:50.007522+00,0,null,null,null,false,null,null,null,null,true,b0a247e0-d750-42cc-971a-9fb7cafc11eb,null,null,"{""tables"":{""1"":{""rows"":[],""columns"":[]}}}",null,[],null,null
75f03dd5-1275-4c06-8923-bb0c524a496e,「特技、上手」の違いは,"「特技、上手」は、「自分が得意なこと、人より少し優れていると感じること」を指し、就職活動などでアピールする際は、具体的にどんなスキルか、どう努力して身につけたか、それによってどんな強みがあるかを伝えるのがポイントで、料理、語学、プログラミング、楽器演奏、意外なこと（人の顔と名前を覚えるなど）まで幅広くアピールできます。 
特技の例
スキル系: フラッシュ暗算、語学、習字、パソコン操作、動画編集、イラスト。
行動・習慣系: 早起き、節約、料理、ヘアメイク、筋トレ、ラテアート。
対人・思考系: 人の顔と名前を覚える、雑学、騒がしい場所でも集中できる、プレゼント選びが上手。
身体系: リフティング、ゴルフ、剣道。 
アピールする際のポイント
自己評価でOK: 他人の評価は気にせず、自分が「得意」と感じれば特技になります。
具体的に: 「スポーツ」ではなく「サッカーでリフティングが200回できる」のように具体的に。
エピソードを添える: なぜ得意になったのか、どんな努力をしたのかを話すと説得力が増します。
他のエピソードと被らないように: 自己PRやガクチカで話した内容と重複しないように注意。 
特技がないと感じる場合
身近なことで見つける: 「他の人より整理整頓が上手」「電車の乗り換え案内を完璧に覚えられる」など、些細なことでもOK。
努力の過程をアピール: 資格勉強やオンライン講座受講も立派な「学ぶ姿勢」の特技になります。","[""import"",""japanese""]",2026-02-22 09:19:19.524032+00,e1848554-ffae-479c-a8cd-4c0d77b7bed2,2026-03-19 15:55:50.007522+00,0,0,0,2026-03-19 15:55:50.007522+00,0,null,null,null,false,null,null,null,null,true,114b0e20-3579-4864-a31b-3949bc9df04b,null,null,"{""tables"":{""1"":{""rows"":[],""columns"":[]}}}",null,[],null,null
7a823b31-0d3e-40d6-b96e-e942f8aa4d98,「巻き返す（まきかえす）」,"「巻き返す」とは、劣勢や不利な状況から、勢いを盛り返して反撃・逆転することを指し、物理的に巻物を逆に巻く意味から転じて使われ、「反撃する」「盛り返す」「逆転する」「名誉挽回する」「捲土重来する」などの類語があります。例えば、試合で負けていたチームが後半で猛烈に追い上げて逆転するような状況で使われます。 
主な意味と使い方
劣勢からの反撃・逆転:
一番よく使われる意味で、不利な状況をひっくり返すこと。
例：「サッカーの試合で、後半に一気に巻き返した」 コトバンク。
例：「株価が下落していたが、企業努力でなんとか巻き返しを図る」 類語辞典。
物理的に元に戻す（あまり使われない）:
広げたものを元の状態に巻き戻すこと。
例：「使った画用紙を元通りに巻き返す」 コトバンク。 
類語・言い換え表現
反撃する、逆襲する: 敵に攻め返すこと。
盛り返す、挽回（ばんかい）する: 落ちた勢いを回復させること。
逆転する、ひっくり返す: 形勢や勝負の流れを変えること。
捲土重来（けんどちょうらい）する: 一度敗れた者が、再び勢いを盛り返して戻ってくること（四字熟語）。
名誉挽回（めいよばんかい）する: 失敗して失った名誉を回復すること。
リベンジする: 復讐や再挑戦で雪辱を果たすこと。 
使われるシーン
スポーツ（劣勢からの逆転勝利）
ビジネス（業績不振からの回復）
政治（失地回復、政策の転換）
個人的な挑戦（失敗からの再起）
「巻き返す」は、困難な状況を乗り越えて再起する力強さを表す言葉です。","[""import"",""japanese""]",2026-02-22 09:19:19.524032+00,e1848554-ffae-479c-a8cd-4c0d77b7bed2,2026-03-19 15:55:50.007522+00,0,0,0,2026-03-19 15:55:50.007522+00,0,null,null,null,false,null,null,null,null,true,6e47ad4b-d8b4-4aac-a147-c0bf5823148e,null,null,"{""tables"":{""1"":{""rows"":[],""columns"":[]}}}",null,[],null,null
7aed32e8-d86b-455e-8943-934c0e6ef990,「拭いている（ふいている）」,"「拭いている」は、「拭く（ふく）」という動詞の現在進行形・継続形（〜ている形）で、「何かを拭く動作をしている最中」や「拭くという状態が続いている」ことを意味し、「拭く」「拭う」「こする」「ぬぐう」といった動作（例：汗を拭いている、テーブルを拭いている、涙を拭っている、汚点を拭い去る）を表します。 
意味と使われ方
動作の最中: 「今、まさに拭いているところだよ」
習慣・状態: 「いつもここで手を拭いている」
関連する言葉
拭く (ふく): 一般的に「拭く」は布などでこすって汚れや水分を取ること。「拭う（ぬぐう）」は、涙や汗、恥などを拭い去る、という意味合いで使われることもあります。
「拭」の漢字: 「拭く」「拭う」の他にも、「拭（しょく）」などの読み方があります。 
例文
「彼女はハンカチで涙を拭いている。」 (涙を拭う動作の最中)
「テーブルの上の水を拭いているところです。」 (拭く動作の最中)","[""import"",""japanese""]",2026-02-22 09:19:19.524032+00,e1848554-ffae-479c-a8cd-4c0d77b7bed2,2026-03-19 15:55:50.007522+00,0,0,0,2026-03-19 15:55:50.007522+00,0,null,null,null,false,null,null,null,null,true,291ff788-2e14-419a-812e-7fa2ec861532,null,null,"{""tables"":{""1"":{""rows"":[],""columns"":[]}}}",null,[],null,null
7e0c7ddd-9421-4526-859a-b74d813a86e8,「生み出し（うみだし）」,"「生み出し（うみだし）」とは、「産む」や「作り出す」という意味で、子や卵を産むこと、または新しいアイデアや物事を創造・開発することを指し、類義語には「創造する」「作り出す」「開発する」「創出する」などがあります。文脈によって「引き起こす」「もたらす」といったニュアンスでも使われます。 
主な意味と使い方
生物を産む: 「母馬が子を生み出す」のように、命を誕生させること。
新しいものを創造する: 「新しい着想を生み出す」のように、これまでにないものを考え出す、作り出すこと。
結果や状況を引き起こす: 「混乱を生み出す」のように、ある事柄から別の事柄を発生させること。 
類語・言い換え
作り出す、創り出す: 新しいものを作る。
創造する、創出する: ゼロから新しいものを生み出す。
開発する: 試行錯誤して新しい製品などを生み出す。
引き起こす、招く: ある事柄を発生させる。 
例文
「革新的なアイデアを生み出す。」(新しいアイデアを創造する)
「多くの感動を生み出す作品。」(多くの感動をもたらす)

Netflix　クレヨンしんちゃん:オラたちの恐竜日記","[""import"",""japanese""]",2026-02-22 09:19:19.524032+00,e1848554-ffae-479c-a8cd-4c0d77b7bed2,2026-03-19 15:55:50.007522+00,0,0,0,2026-03-19 15:55:50.007522+00,0,null,null,null,false,null,null,null,null,true,0c6e864c-e600-4f78-a582-7460b0c5fbf0,null,null,"{""tables"":{""1"":{""rows"":[],""columns"":[]}}}",null,[],null,null
7e4144e3-6972-4990-b712-01be7ff535a4,「持ち直す（もちなおす）」,"「持ち直す（もちなおす）」とは、一度悪化したり、不利になったりした状況や状態が、再び良い方向へ回復する、好転する、または立て直すという意味で、健康、経済、気力など様々な文脈で使われます。具体的には、病気が快方に向かう、株価が下落後に上昇する、失敗から気力を回復するなどの状況で使われ、「復活」「回復」「再起」といった類語があります。 
使われる主な文脈と例文
健康状態の回復:
「熱は下がった。これで持ち直したようだ。」
経済・ビジネス:
「厳しい状況だったが、新商品のヒットで業績が持ち直した。」
気力・精神状態:
「失敗して落ち込んでいたが、友人の励ましで気を取り直して持ち直した。」（「気を取り直す」と近い意味）
類語（言い換え）
回復する、復帰する: 病気や状態が元に戻る。
復活する、甦る（よみがえる）: 衰えたものが再び盛んになる。
再起する（さいきする）: 失敗後に再び立ち上がること。
好転する（こうてんする）: 状況が良くなる。
立て直す（たてなおす）: 不振の組織や状況を回復させる。 
ポイント
「持ち直す」は、「一度下がり（悪化し）」「そこから上向きに転じる」という動きを含みます。
「持ち直す」の「持ち」は「持つ」の「もつ」で、「（状態を）持ち上げる」「（良い状態を）保つ」ニュアンスがあります。","[""import"",""japanese""]",2026-02-22 09:19:19.524032+00,e1848554-ffae-479c-a8cd-4c0d77b7bed2,2026-03-19 15:55:50.007522+00,0,0,0,2026-03-19 15:55:50.007522+00,0,null,null,null,false,null,null,null,null,true,bd873306-983b-4faa-9155-ea5adfeb6ada,null,null,"{""tables"":{""1"":{""rows"":[],""columns"":[]}}}",null,[],null,null
7fbf50b1-3117-4c74-b310-2f1f11070c6d,嫉妬（しっと）,"嫉妬（しっと）とは、他人が自分より優れている、あるいは愛情や関心を独占していると感じたときに抱く、羨望や恨み、ねたみなどのネガティブな感情です。人間の自然な感情の一つですが、強すぎると自己肯定感の低さや不安から、人間関係を悪化させることもあり、前向きな動機付けに転換する「上手な付き合い方」が大切です。 
嫉妬の主な種類
羨望（Envy）：他人が持つ才能、成功、持ち物などを「自分も欲しい」と願う気持ち。
ジェラシー（Jealousy）：愛する人（パートナーなど）の愛情が自分以外へ向くことへの不安や恐れ、独占欲からくる感情。 
嫉妬が生じやすい状況
恋愛関係（パートナーが他の異性と親しくする）
友人関係（友人が他の人と親しくする、成功する）
職場や学校での成功、評価
他人の才能や容姿、財産など 
嫉妬を感じやすい人の特徴（原因）
自分に自信がない、自己評価が低い
寂しがり屋で、愛着への不安が強い
過去に裏切られた経験がある
独占欲が強い、疑い深い 
嫉妬との向き合い方（対処法）
自分の感情を認識し、言語化する：何に対して嫉妬しているのかを明確にする。
根本原因を探る：自信のなさや不安が背景にある場合が多いので、自己肯定感を高める努力をする。
前向きな行動に変える：嫉妬心を「自分も頑張ろう」というモチベーションや向上心に変える。
パートナーと正直に話し合う：不安な気持ちを伝え、信頼関係を深める。
他のことに熱中する：趣味や仕事など、夢中になれるものを見つける。 
嫉妬は誰にでもある感情ですが、その感情に飲み込まれず、自分を成長させるきっかけとして建設的に捉えることが、健全な人間関係や自己成長につながります。","[""import"",""japanese""]",2026-02-22 09:19:19.524032+00,e1848554-ffae-479c-a8cd-4c0d77b7bed2,2026-03-19 15:55:50.007522+00,0,0,0,2026-03-19 15:55:50.007522+00,0,null,null,null,false,null,null,null,null,true,7aa1663c-3f7f-4a52-aab3-83a9968bc04f,null,null,"{""tables"":{""1"":{""rows"":[],""columns"":[]}}}",null,[],null,null
83d67496-4199-46a6-b0bb-44ffb9e2ab0f,「早送り（はやおくり）」,"「早送り」とは、映像や音声を通常よりも速い速度で再生し、短い時間で長い内容を見たり聞いたりする技術や操作のことです。動画再生アプリでは画面のダブルタップや長押し、PCではショートカットキー（→, Ctrl+Fなど）、動画編集ソフトでは速度調整スライダーやコマンドで設定でき、YouTubeなどでは再生速度を2倍、3倍などに変更する機能としても提供されています。 
主な早送り方法
YouTubeアプリ（スマホ）:
画面右側を2回連続でタップ: 10秒ずつ早送り。
画面を長押しして右にスライド: 長押ししている間だけ速く再生。
PC（ブラウザ・アプリ）:
右矢印キー (→): 10秒早送り。
Ctrl + Shift + F (または Ctrl + →): 早送り/倍速再生。
動画編集ソフト (Filmora, Premiere Proなど):
タイムラインのクリップを選択し、「速度」ツールでスライダーを調整する。
「速度・デュレーション」設定で倍率（例: 200%）を入力する。 
早送りの目的・効果
時間短縮: 長い動画や番組の要点を素早く確認する。
躍動感の演出: 映像に動きやテンポを加える（特に動画編集時）。
スキップ: 不要な部分を飛ばす。 
これらの方法で、視聴したいコンテンツに合わせて効率的に情報を得たり、表現を豊かにしたりすることができます。

Fast forward (e.g. VCR, tape deck, etc.)
빨리감기","[""import"",""japanese""]",2026-02-22 09:19:19.524032+00,e1848554-ffae-479c-a8cd-4c0d77b7bed2,2026-03-19 15:55:50.007522+00,0,0,0,2026-03-19 15:55:50.007522+00,0,null,null,null,false,null,null,null,null,true,75e3853f-6d96-4a05-9b7f-9bcea5651434,null,null,"{""tables"":{""1"":{""rows"":[],""columns"":[]}}}",null,[],null,null
8591db2f-fe42-4c8e-814e-01a77383b913,「愚痴（ぐち）」「文句（もんく）」「苦情（くじょう）」の違いは,"「愚痴（ぐち）」「文句（もんく）」「苦情（くじょう）」は、不満や不平を表明する言葉ですが、ニュアンスが異なります。「愚痴」は個人的な不平不満や弱音、「文句」は不満や不平を具体的な対象に言うこと、「苦情」は商品・サービスへの不快感を表明し、改善や補償を求める場合に使い分けられます。 
ニュアンスの比較
愚痴 (Guchi)
意味: 自分の不運や不満、心の内の不平を、主に親しい人などに漏らすこと。弱音に近い。
例: 「仕事が忙しくて大変なんだよ（愚痴をこぼす）」
文句 (Monku)
意味: 不平や不満、不服を言うこと。対象がはっきりしていることが多い。
例: 「（店員に）この味はひどい！」「（上司に）配慮が足りない！」
苦情 (Kujou)
意味: 商品やサービスに対する不快感、不満を表明すること。多くの場合、改善要求や損害の補償を伴う（クレームに近い）。
例: 「この製品はすぐに壊れた。交換してほしい（苦情を申し立てる）」 
3つの言葉の使い分け
個人的な不満を言うなら「愚痴」。
相手への不満を具体的に言うなら「文句」。
サービスや商品に対して不満を伝え、改善を求めるなら「苦情」。 
これらの言葉は、似ているようで対象や目的、深刻度が異なります。文脈に応じて適切な言葉を選ぶことが大切です。

https://m.blog.naver.com/jlpt_jpt_eju/222400164674","[""import"",""japanese""]",2026-02-22 09:19:19.524032+00,e1848554-ffae-479c-a8cd-4c0d77b7bed2,2026-03-19 15:55:50.007522+00,0,0,0,2026-03-19 15:55:50.007522+00,0,null,null,null,false,null,null,null,null,true,8a401f86-4bf8-4161-9cc6-52b5a0ffd118,null,null,"{""tables"":{""1"":{""rows"":[],""columns"":[]}}}",null,[],null,null
8aa690d2-0a25-46b3-8343-6abbf01cf7a3,「誓います（ちかいます）」,"「誓います（ちかいます）」は、何かを約束したり、決意を表明したりする際に使う丁寧な表現で、特に結婚式で「はい、誓います」と答える場面や、法廷での宣誓、心に固く決める場合などに使われ、英語では ""I do,"" ""I pledge,"" ""I vow"" などと訳され、「神にかけて誓う」「生涯愛することを誓う」のように使われます。 
「誓います」が使われる主な場面と意味
結婚式：新郎新婦が司式者の問いかけに対し、「はい、誓います」と答えることで、永遠の愛や誠実さを約束します（例：「あなたを一生愛することを誓います」）。
法廷・儀式：聖書などに手を置き、「私がそれをやったのではないと神にかけて誓います」のように、真実を述べることを神聖なものに保証してもらいます。
個人的な決意：心の中で「これから英語を勉強することを誓います」のように、強い決意を表明する際にも使われます。
会社への忠誠：会社に対して「私はこの会社に忠誠を誓います」のように、忠実であることを表明します。 
英語での表現例
I do：結婚式でよく使われる「誓います」。
I pledge/I vow：より強い約束や誓約を表します。 
類語
決意する、心に決める、決心する：より一般的な決意表明。
宣誓する、盟う（ちかう）、契る（ちぎる）：誓うことに関連する言葉。 
「誓います」という言葉は、単なる「約束します」よりも重く、神聖さや強い決意、相手への真剣な気持ちが込められた表現です。

https://youtu.be/RP7yT7INjAc?si=L0o3w-56yJCHPPQY","[""import"",""japanese""]",2026-02-22 09:19:19.524032+00,e1848554-ffae-479c-a8cd-4c0d77b7bed2,2026-03-19 15:55:50.007522+00,0,0,0,2026-03-19 15:55:50.007522+00,0,null,null,null,false,null,null,null,null,true,2ec92796-d36b-4d4d-ad70-88fedc226d2a,null,null,"{""tables"":{""1"":{""rows"":[],""columns"":[]}}}",null,[],null,null
8b1d9caf-1abe-4c68-97f2-7715c18cbe32,「酸っぱい（すっぱい）」,"「酸っぱい（すっぱい）：시다,시큼하다」とは、レモンや梅干しのような、酸味のある味や風味を表す言葉で、唾液腺を刺激し、口の中に広がる感覚です。食べ物が古くなったり、発酵したりした状態、あるいは状況が悪い（景気が悪いなど）、うんざりするといった比喩的な意味で使われることもあります。英語ではsour, tangy, tart, acidicなど、ニュアンスによって使い分けられます。 
味覚としての「酸っぱい」
代表例: レモン、梅干し、ヨーグルト、お酢、シークヮーサーなど。
感覚のメカニズム: 舌の特定の味細胞が酸（水素イオン）を感知する味覚で、唾液の分泌を促します。 
比喩的な意味での「酸っぱい」
古くなる・終わる: 盛りの時期を過ぎて、終わりに近い状態（例: 「役者は酸っぱくてもいい」）。
調子が悪い: 景気や状況が悪いこと（例: 「景気がすっぱくなる」）。
うんざりする: 同じことを何度も言われて嫌になること（例: 「口をすっぱくして言う」）。 
口の中が酸っぱいと感じる原因（病気の可能性） 
むし歯・歯周病: 細菌が食べかすを分解して酸を作り出す。
胃食道逆流症（逆流性食道炎）: 胃酸が逆流してくる症状（「酸っぱい水がこみ上げてくる」）。
唾液の減少: ストレスや乾燥、加齢などで唾液が減り、口の中が酸っぱく感じることがある。 
英語での表現例
Sour: 一般的な酸味（レモンなど）。
Tangy: 舌を刺激するような、香りの良い酸味（スパイス料理など）。
Tart: 酸味が控えめで、甘みも混じる（未熟なフルーツ、ヨーグルトなど）。
Acidic: ワインやコーヒーの酸味、化学的な酸性度。","[""import"",""japanese""]",2026-02-22 09:19:19.524032+00,e1848554-ffae-479c-a8cd-4c0d77b7bed2,2026-03-19 15:55:50.007522+00,0,0,0,2026-03-19 15:55:50.007522+00,0,null,null,null,false,null,null,null,null,true,0d90fc15-1d52-47a4-8ec1-6f6d9b5f508f,null,null,"{""tables"":{""1"":{""rows"":[],""columns"":[]}}}",null,[],null,null
8cae75d9-010f-464a-92fa-307a64179593,キレる,"キレるとは、主に対人関係などにおいて昂ぶった怒りの感情が、我慢の限界を超えて一気に露わになる様子を表す、日本の俗語。「切れる」と表記されることもある。

同義の言葉には「激昂」「激高」などがある。

https://youtu.be/hLfuMyaSINA?si=DVF-6AEm8TwvMnsR","[""import"",""japanese""]",2026-02-22 09:19:19.524032+00,e1848554-ffae-479c-a8cd-4c0d77b7bed2,2026-03-19 15:55:50.007522+00,0,0,0,2026-03-19 15:55:50.007522+00,0,null,null,null,false,null,null,null,null,true,cdef1695-dc1c-4f3e-b603-b7afcc41ddc5,null,null,"{""tables"":{""1"":{""rows"":[],""columns"":[]}}}",null,[],null,null
8daf9152-c5df-4c50-9024-0ebf033ae742,「傷つける」（きずつける）,"「傷つける」（きずつける）とは、肉体的な怪我を負わせること、または精神的に深くダメージを与え、心を痛めることの2つの主な意味があり、「傷つく」（きずつく）の他動詞形で、相手に危害を加える行為全般を指します。これは「けがをさせる」「痛めつける」「精神的に追い詰める」「心を深く傷つける」「（自傷行為として）自分自身を傷つける」といった様々な状況で使われ、言葉や行動、暴力など様々な形で発生します。 
意味と使い方
肉体的な傷
物理的にケガをさせる、外傷を与えること。
例：「ナイフで人を傷つける」「暴行で相手を傷つける」
精神的な傷
相手の心を深く傷つけ、悲しみや苦痛を与えること。
例：「心ない言葉で友人を傷つける」「彼の裏切りは私を深く傷つけた」
言い換え表現：打ちのめす、心を痛める、ダメージを与える、踏みにじるなど。
自分自身を傷つける（自傷行為）
つらい感情から逃れるために、意図的に自分の体を傷つける行為（リストカットなど）。
例：「ストレスで自分を傷つけてしまう」 
関連する言葉・表現
傷つく（きずつく）: 「傷つける」の受け身・自動詞形で、自分が傷を負うこと。
傷つける（相手に）: 痛めつける、危害を加える、負傷させる。
傷つけられる: 自分が傷つけられること（受け身）。
傷つける（自分に）: 自傷行為、自己破壊。 
「傷つける」は非常に幅広く使われるため、文脈によって肉体的か精神的か、また誰が誰に対して行ったのかを判断することが重要です。","[""import"",""japanese""]",2026-02-22 09:19:19.524032+00,e1848554-ffae-479c-a8cd-4c0d77b7bed2,2026-03-19 15:55:50.007522+00,0,0,0,2026-03-19 15:55:50.007522+00,0,null,null,null,false,null,null,null,null,true,2afe9f66-d02c-4fa5-bb1b-76151a9e60fa,null,null,"{""tables"":{""1"":{""rows"":[],""columns"":[]}}}",null,[],null,null
96115c24-58f9-4ca9-bb2f-9e70f5cecbba,「特技（とくぎ）」、「上手（じょうず）」、「苦手（にがて）」、「下手（へた）」は,"「特技（とくぎ）」、「上手（じょうず）」、「苦手（にがて）」、「下手（へた）」は、人の能力や技能を表現する際によく使われる言葉です。それぞれの意味と使い分けは以下の通りです。 
1. 特技（とくぎ）
意味：
その人が特に得意としている技能や技術。専門的なスキルや、他の人よりも際立って優れている点、個人的な得意技を指します。 
使い方：
私の特技はピアノです。
何か特技はありますか？
2. 上手（じょうず）
意味：
ある程度の技能や能力があり、物事をうまくこなせること。一般的なレベルを超えていたり、標準以上にできたりする場合に使われます。
使い方：
彼は料理が上手です。
日本語を話すのが上手ですね。
3. 苦手（にがて）
意味：
ある物事や状況に対して、うまくできない、好きではない、嫌だと感じる気持ち。能力的な問題だけでなく、心理的な抵抗感を含む場合も多いです。 
使い方：
私は人前で話すのが苦手です。
数学が苦手になりました。
4. 下手（へた）
意味：
技能や能力が劣っている、うまくできないこと。客観的に見て標準以下の出来栄えである場合に用いられます。「苦手」よりも、純粋な能力不足に焦点を当てた、直接的な表現です。
使い方：
私は絵を描くのが下手です。
彼は歌が下手だ。","[""import"",""japanese""]",2026-02-22 09:19:19.524032+00,e1848554-ffae-479c-a8cd-4c0d77b7bed2,2026-03-19 15:55:50.007522+00,0,0,0,2026-03-19 15:55:50.007522+00,0,null,null,null,false,null,null,null,null,true,e83b30dc-9f53-4edd-a0ce-c9276e3b78cd,null,null,"{""tables"":{""1"":{""rows"":[],""columns"":[]}}}",null,[],null,null
96f8d47e-b928-42d5-a995-b3bf8725f86f,「シラフ」,"「シラフ」とは、お酒に酔っていない状態を指す言葉で、「素面（しらふ）」と書き、真剣な態度や正気の状態を表すこともあります。また、最近では「ソバーキュリアス」のように、お酒を飲まないライフスタイルや、お酒を飲まない好奇心旺盛な人を指す文脈で使われたり、ラッパーの名前としても存在します。 
意味と使い方
「素面（しらふ）」: 酔っていない状態。「素面で話す」「すっかり素面に戻る」のように使います。
対義語: 泥酔（でいすい）、酩酊（めいてい）など。
英語: 「sober」が「シラフ」に相当します。 
現代的な使い方
ソバーキュリアス: お酒を飲める人があえて飲まないライフスタイルや、その人を指す言葉（sober + curious）。
アーティスト名: 島根県出身のラッパー「シラフ」さんなど、個人名としても使われます。 
まとめ
基本的には「お酒に酔っていない状態」ですが、文脈によって「真面目な状態」や「お酒を飲まないライフスタイル」を指すこともあります。","[""import"",""japanese""]",2026-02-22 09:19:19.524032+00,e1848554-ffae-479c-a8cd-4c0d77b7bed2,2026-03-19 15:55:50.007522+00,0,0,0,2026-03-19 15:55:50.007522+00,0,null,null,null,false,null,null,null,null,true,5d2eb262-acc9-4aa1-aa93-f6f7f9c30266,null,null,"{""tables"":{""1"":{""rows"":[],""columns"":[]}}}",null,[],null,null
9db0f8ac-159e-4f45-a574-d2ac1eec806d,狙い（ねらい）,"「狙い（ねらい）」とは、目標に当てようとすること（照準を合わせる行為）や、達成しようとする意図・目的・目当てを指し、目的よりも具体的・短期的で、何を達成したいかという具体的な「意図」や「目当て」を意味します。文脈により「狙い所（ねらいどころ）」のように「的」や「良い機会」を指す場合もあり、漢字で書くこともありますが、意図や企画の文脈ではひらがなで書く方が自然な場合も多いです。 
主な意味と使い方
**目標に当てる行為: 弓や鉄砲で的を射るように、目標を定め、そこに当てようとすること。
例：「狙いを定める」「狙いをつけて撃つ」
**意図・目的・目当て: ある行動の裏にある、達成したい具体的な目標や意図。
例：「この企画の狙いは顧客層の拡大だ」「作者の狙いを読み解く」
****狙い所（ねらいどころ）**: 狙うべき重要な点、または良い機会や時期。
例：「ここが狙い目だ」「好機を狙う」 
目的・目標との違い
目的: 長期的なゴールや大局的な方針（例：会社の存続）。
目標: 目的を達成するための具体的な数値や状態（例：来期売上120%達成）。
狙い: 目標達成のための具体的な「意図」や「手段」（例：あの層に絞って広告を打つ）。 
類語
意図、目当て、目的、企図、思案、本旨
（行為として）照準を合わせる、的を絞る、ロックオンする 
英語での表現例
Have a point (狙いがある)
Take aim / aim (狙いを付ける)
On-target (狙いどおりの)","[""import"",""japanese""]",2026-02-22 09:19:19.524032+00,e1848554-ffae-479c-a8cd-4c0d77b7bed2,2026-03-19 15:55:50.007522+00,0,0,0,2026-03-19 15:55:50.007522+00,0,null,null,null,false,null,null,null,null,true,5c892f3f-12b2-4c04-89d7-781ce1d30e5c,null,null,"{""tables"":{""1"":{""rows"":[],""columns"":[]}}}",null,[],null,null
a345240b-93c6-4f0b-861a-82776c61b5d3,「擬音」,"「擬音」とは、音や声、物事の状態などを言葉で模倣して表現する「オノマトペ」の一部で、特に「ワンワン（犬の鳴き声）」や「ザーザー（雨の音）」のように「実際に聞こえる音」を表す言葉を指し、演劇やアニメ、漫画などで表現を豊かにするために使われます。これには「擬態語（キラキラ、ニコニコなど）」と区別されることが多いですが、広義ではオノマトペ全体を指すこともあります。 
擬音語（ぎおんご）の例
動物の鳴き声: 「ワンワン」「ニャーニャー」「メーメー」
自然の音: 「ザーザー」「ゴロゴロ」「パラパラ」
物音・動作音: 「ドタン」「ガチャン」「バタン」「ガンガン」
人の声・心音: 「ドキドキ」「ハクハク」「ゲラゲラ」 
擬音語と関連する言葉
擬態語（ぎたいご）: 音ではなく、物事の様子や状態を表現する言葉。「キラキラ」「ふわふわ」「ぐっすり」など。
擬声語（ぎせいご）: 擬音語の中でも、特に動物の鳴き声や人の声など、生き物の声に近い音を表す言葉。「ワンワン」など。
オノマトペ: 擬音語と擬態語を合わせた総称。日本語の特徴の一つで、豊かな表現を生み出します。 
擬音の使われ方
演劇・映画: 効果音（SE）として、太鼓や様々な道具を使って音を出す（例：歌舞伎の大太鼓）。
漫画・アニメ: 擬音語を効果的に使い、臨場感やキャラクターの感情を表現する。
日常会話: 日本語では非常に多く使われ、会話や文章を生き生きとさせる。","[""import"",""japanese""]",2026-02-22 09:19:19.524032+00,e1848554-ffae-479c-a8cd-4c0d77b7bed2,2026-03-19 15:55:50.007522+00,0,0,0,2026-03-19 15:55:50.007522+00,0,null,null,null,false,null,null,null,null,true,a920eab4-e0f7-4041-9c17-744a602ad975,null,null,"{""tables"":{""1"":{""rows"":[],""columns"":[]}}}",null,[],null,null
a3af430d-0933-48dc-8b8c-80f4c4940598,「賛美（さんび）」,"「賛美（さんび）」とは、神や偉大な存在、優れた人物などを心から褒め称え、たたえることを指し、特にキリスト教の文脈では神への感謝や信仰を歌い上げる「賛美歌」として広く用いられますが、一般的には「褒め称える」「称賛する」といった意味で使われる言葉です。 

https://youtu.be/RP7yT7INjAc?si=bcUBZtCxwKZaVmCj","[""import"",""japanese""]",2026-02-22 09:19:19.524032+00,e1848554-ffae-479c-a8cd-4c0d77b7bed2,2026-03-19 15:55:50.007522+00,0,0,0,2026-03-19 15:55:50.007522+00,0,null,null,null,false,null,null,null,null,true,8482ef02-7545-4538-a7b5-14503e46d362,null,null,"{""tables"":{""1"":{""rows"":[],""columns"":[]}}}",null,[],null,null
a73c6693-5c40-459b-9c4a-e5bbc0cc9c36,「まもなく」,"「まもなく」は「間もなく」と書き、「もうすぐ、すぐに、程なく」といった意味で、時間的にあまり間を置かずに何かが起こることを表します。電車のアナウンスやビジネスシーンでよく使われる丁寧な表現で、硬い状況で使われることが多く、未来の出来事に対して使われますが、過去や現在の状況を説明する際にも使えます（例：回復する間もなく別の風邪をひいた）。 
使い方とニュアンス
時間的な近さ: 「すぐ」よりも少しだけ時間的な余裕がある場合や、丁寧さが必要な場面で使われます。
フォーマルな場面: アナウンス（「まもなく発車いたします」）、ニュース、スピーチ、ビジネスなどで好まれます。
例:
「まもなく会議が始まります」
「まもなく春が来ます」
「まもなくお客様が到着されます」 
類語
もうすぐ: 「まもなく」と似ていますが、より口語的で親しい間柄で使われます。
近日中に: 「まもなく」と同じく、近い将来を指す表現です。
程なく: 「まもなく」と同じく、すぐに、という意味合いで使われます。 
英語での表現
soon, shortly, before long, in a short time, in a little while など。 
飲食店名としての例
「新大久保 まもなく釜山駅」 のように、お店の名前にも使われています。","[""import"",""japanese""]",2026-02-22 09:19:19.524032+00,e1848554-ffae-479c-a8cd-4c0d77b7bed2,2026-03-19 15:55:50.007522+00,0,0,0,2026-03-19 15:55:50.007522+00,0,null,null,null,false,null,null,null,null,true,2d85a4e3-f2fa-4d63-9eaa-a5676538b825,null,null,"{""tables"":{""1"":{""rows"":[],""columns"":[]}}}",null,[],null,null
ab293439-ba04-4ca0-9b78-9c6974ecf7e7,「芝居（しばい）」,"「芝居（しばい）」とは、演劇・演技・劇場そのものを指す言葉で、元々は「芝生の上で観る」ことから、見物席やその場所自体を指し、やがてそこで演じられる芸能（特に演劇）や演技そのものを意味するようになりました。歌舞伎などの舞台芸術から、人を騙すための演技（「ひと芝居打つ」）まで、幅広い意味で使われます。 
語源と意味の変遷
元来: 寺社境内などで猿楽などの芸能が行われた際、観客が芝生に座って鑑賞したことから、「芝生（しばふ）に居る（いる）」が「芝居（しばい）」となり、見物席を指した。
発展: 見物席から、劇場全体、そしてそこで行われる演劇や演技そのものを指す言葉へと意味が広がった。
現代: 「芝居を観る」のように、歌舞伎や現代演劇など、演技を含む舞台表現全般を指すのが一般的。 
関連する表現
芝居を打つ: 芝居を興行する、芝居を仕掛ける、という意味。
ひと芝居打つ: 詐欺やいたずらで人を騙すために演技をする、という意味。
地芝居（じしばい）: 地元の人々が準備から演技まですべてを行う本格的な伝統芸能（歌舞伎、能、獅子舞など）。 
現代の使われ方
単に演劇を指すだけでなく、物語の筋、演出、登場人物の感情表現、役者の技術など、舞台芸術の世界全体を包括する言葉として使われています。

https://youtu.be/HuL8zyQr8UE?si=E1ractx--3w9BHxS","[""import"",""japanese""]",2026-02-22 09:19:19.524032+00,e1848554-ffae-479c-a8cd-4c0d77b7bed2,2026-03-19 15:55:50.007522+00,0,0,0,2026-03-19 15:55:50.007522+00,0,null,null,null,false,null,null,null,null,true,81a314a8-b729-4a37-bd47-435d7ad9132b,null,null,"{""tables"":{""1"":{""rows"":[],""columns"":[]}}}",null,[],null,null
ac1053da-4064-474f-85f7-43f9adc8970e,「仕組み（しくみ）」,"「仕組み（しくみ）」とは、物事が成り立つための基本的な構造、原理、または手順を指し、機械の動作原理から組織の運営方法、自然現象の法則まで幅広く使われ、「システム」「メカニズム」「構造」「計画」といった意味合いで、「誰がやっても同じ結果を出せるように標準化・設計された方法」（仕組み化）を指すビジネス用語としても重要です。 
「仕組み」の主な意味と使われ方
構造・メカニズム: 機械のギアの噛み合わせや、生物の体の構造など、部品が連動して機能する原理。
システム・プロセス: 組織が目標を達成するための運営方法、業務の流れ、ルールなど。
工夫・計画: 物事をうまく運ぶために、意図的に作り上げられた計画や仕掛け（例：小説の伏線）。 
ビジネスにおける「仕組み化」
目的: 特定の人に依存せず（属人化を防ぎ）、誰でも、いつ、どこでやっても同じ品質と成果が出せる状態を作ること。
具体例: 詳細なマニュアル作成、業務の自動化、SaaSツールの導入など。
メリット: ムダの削減、品質の安定、技術継承の促進、生産性向上など。 
類語・言い換え
システム、メカニズム、構造、プロセス、フレームワーク、機構、体系、設計。 
例
「時計の仕組みがわからない」→ 内部の構造や動作原理。
「会社の仕組みを変える」→ 業務プロセスや組織運営の方法。
「営業の仕組み化」→ 属人的な営業手法をマニュアル化し、誰でもできるようにする。 
「仕組み」を理解することで、物事の本質を把握し、より効率的・効果的な改善（仕組み化）が可能になります。","[""import"",""japanese""]",2026-02-22 09:19:19.524032+00,e1848554-ffae-479c-a8cd-4c0d77b7bed2,2026-03-19 15:55:50.007522+00,0,0,0,2026-03-19 15:55:50.007522+00,0,null,null,null,false,null,null,null,null,true,22988156-0b6d-4fdc-b7d8-f3364bc93bb7,null,null,"{""tables"":{""1"":{""rows"":[],""columns"":[]}}}",null,[],null,null
af63ecd6-99f5-4d88-ad26-e047b4197a45,「認める（みとめる）」,"「認める」は主に「みとめる」と読み、相手の権利や主張を「受け入れる」「許可する」「正しいと判断する」（承認、許可、受諾）意味と、事実や存在を「見分ける」「気づく」（認識、発見、観察）意味がありますが、文脈によっては「したためる」と読み、「手紙などを丁寧に書き記す」という意味も持ちます。
相手の才能や意見を肯定する時（承認）、間違いを認める時（告白）、許可を出す時（許可）、自分の非を認識する時（自覚）など、多様な場面で使われる動詞です。
 
主な意味と読み方
みとめる (mitomeru):
承認・許可: 相手の主張や要求を「受け入れる」「許可する」。「承認する」「公認する」「容認する」などの類語があります。例：「彼の意見を認める」「申請を認可する」。
認識・発見: ある物事の存在や事実を「見分ける」「気づく」「理解する」。例：「才能を認める」「異状を認める（認識する）」。
告白・自認: 自分の過ちや事実を「認める」「告白する」。例：「罪を認める」。
したためる (shitatameru):
書き記す: 丁寧に心構えを整えて手紙などを「書き表す」。例：「便りを認める（＝手紙を書く）」。 
読み方のポイント
「便り（手紙）」に関する文脈なら「したためる」が正解。
「権利」「承認」「許可」「認識」など、受け入れる・判断する文脈なら「みとめる」。
文脈で意味が変わり、「みとめる」と「したためる」は同じ漢字で表記されるため注意が必要です。","[""import"",""japanese""]",2026-02-22 09:19:19.524032+00,e1848554-ffae-479c-a8cd-4c0d77b7bed2,2026-03-19 15:55:50.007522+00,0,0,0,2026-03-19 15:55:50.007522+00,0,null,null,null,false,null,null,null,null,true,ffa42d38-c07c-45e1-8163-51ff84ec0c55,null,null,"{""tables"":{""1"":{""rows"":[],""columns"":[]}}}",null,[],null,null
bc4eb38d-b448-422c-9203-1002e0e53220,tuki - 最低界隈,"最低界隈
최저집단

満員電車触んなって きしょすぎな意味わからんおっさん
만인덴샤 사완낫테 키쇼스기나 이미 와카란 옷상
만원 전철에서 만지지 마, 징그러워 의미를 모르겠는 아저씨

制服スカート寒さ我慢 生きにくさですら慣れる練習？
세이후쿠 스카-토 사무사 가만 이키니쿠사데스라 나레루 렌슈-?
교복 치마의 추위도 참고, 살기 힘든 것조차 익숙해지는 연습?

アガらないね終わってんね 給料バイトよりちょいマシ？
아가라나이네 오왓텐네 큐-료 바이토요리 쵸이 마시?
기분 안 뜨네, 글렀네, 월급은 알바보다 조금 나은 정도?

人手が欲しい少子化だし 育てる未来見えんのこっち
히토데가 호시이 쇼-시카다시 소다테루 미라이 미엔노 콧치
일손이 부족해 저출산이라니, 미래를 키울 앞날이 안 보이는 건 이쪽이라고

日々日々困惑 矛盾に不純に横着
히비히비 콘와쿠 무쥰니 후쥰니 오-챠쿠
매일매일 혼란스러워, 모순에, 불순에, 뺀질거리고

不正に税金めにめに 夢見ろって？現実はバグ
후세-니 제-킨 메니메니 유메미롯테? 겐지츠와 바구
부정하게 쓴 세금 잘만 보이네, 꿈을 꾸라고? 현실은 버그투성이

推しのライブ いつも当たらんのエグい
오시노 라이부 이츠모 아타란노 에구이
최애의 라이브, 맨날 떨어지는 거 너무해

Gimme, gimme 落 BeReal で報告
기미, 기미 토라쿠 비리아루데 호-코쿠
Gimme, gimme 광탈했다고 BeReal에 보고

Wi-Fi あっても心の中圏外
와이파이 앗테모 코코로노 나카 켄가이
Wi-Fi는 터져도 마음속은 먹통

笑顔の下ではずっと不在通知
에가오노 시타데와 즛토 후자이 츠-치
웃는 얼굴 밑엔 끝없는 부재중 알림

うざい無理 歪な世界だ
우자이 무리 이비츠나 세카이다
짜증 나, 무리야, 비뚤어진 세상이야

将来いつかはママになってみたい とかなんとか思ってたっけ
쇼-라이 이츠카와 마마니 낫테미타이 토카 난토카 오못테탓케
나중에 언젠가는 엄마가 되어보고 싶다 같은 생각을 했었나

アプデ待ちの世の中どうにかして
아푸데 마치노 요노나카 도-니카시테
업데이트 대기 중인 이 세상, 어떻게 좀 해봐

最低界隈 最低界隈
사이테-카이와이 사이테-카이와이
최저집단, 최저집단

あいどんのー本当奥歯がたがた言わしたろかい
아이돈노 혼토 오쿠바 가타가타 이와시타로카이
'I DON'T KNOW' 진짜, 어금니 꽉 물게 해줄까

最低界隈 最低界隈
사이테-카이와이 사이테-카이와이
최저집단, 최저집단

夢は何？ラブみラブみ『奪われない事』
유메와 나니? 라부미 라부미 우바와레나이 코토
꿈이 뭐냐고? 완전 러브, 바로 『빼앗기지 않는 것』

テステスマイクテスト 私絶対的に私です
테스테스 마이쿠테스토 와타시 젯타이테키니 와타시데스
테스트, 마이크 테스트, 나는 절대적으로 나야

SNS でレス 誰のせいでもないのは嘘です
에스에누에스데 레스 다레노 세-데모 나이노와 우소데스
SNS 댓글, 누구의 탓도 아니라는 건 거짓말이야

テステスマイクテスト 私絶対的に私です
테스테스 마이쿠테스토 와타시 젯타이테키니 와타시데스
테스트, 마이크 테스트, 나는 절대적으로 나야

SNS でレス さささ最低界隈です
에스에누에스데 레스 사사사 사이테-카이와이데스
SNS 댓글, 여긴 최최최 최저 집단입니다

お小遣いじゃ足りないんです でもって何もかも高い問題
오코즈카이쟈 타리나인데스 데못테 나니모카모 타카이 몬다이
용돈만으론 부족해요, 게다가 뭐든지 비싼 게 문제

不測の事態流行ってんね なんかそれすらもバズなコンテンツ
후소쿠노 지타이 하얏텐네 난카 소레스라모 바즈나 콘텐츠
예상치 못한 일들이 유행이네, 왠지 그것마저도 핫한 콘텐츠

流行り現実逃避 将来は苦渋の選択
하야리 겐지츠토-히 쇼-라이와 쿠쥬-노 센타쿠
유행은 현실도피, 미래는 고통스러운 선택

勉学励んでめにめに 払えって現実はバグ
벤가쿠 하겐데 메니메니 하라엣테 겐지츠와 바구
공부나 하라고 눈에 불을 켜네, 돈 내라는 현실은 버그투성이

今日のメイクまつげ上がらんのエグい
쿄-노 메이쿠 마츠게 아가란노 에구이
오늘 화장, 속눈썹 안 올라가는 거 장난 아냐

日々日々模索 唯一無二かわいい
히비히비 모사쿠 유이이츠무니 카와이이
매일매일 찾아 헤매, 독보적인 귀여움을

結局もうどうかわかんないよ経済
켓쿄쿠 모- 도-카 와칸나이요 케-자이
결국 이젠 어떻게 될지 모르겠어, 경제는

学んでおけば良かった免罪符って 売れんだって高値で捌け
마난데오케바 요캇타 멘자이훗테 우렌닷테 타카네데 사바케
'배워뒀으면 좋았을걸'이란 면죄부, 잘 팔린다며 비싸게 넘겨버려

将来いつか富豪になってみたい とかなんとか思ってたっけ
쇼-라이 이츠카 후고-니 낫테미타이 토카 난토카 오못테탓케
나중에 언젠가는 부자가 되어보고 싶다 같은 생각을 했었나

アプデ待ちな世の中どうにかして
아푸데 마치나 요노나카 도-니카시테
업데이트 대기 중인 이 세상, 어떻게 좀 해봐

最低界隈 最低界隈
사이테-카이와이 사이테-카이와이
최저집단, 최저집단

あいどんのー本当奥歯がたがた言わしたろかい
아이돈노 혼토 오쿠바 가타가타 이와시타로카이
'I DON‘T KNOW 진짜, 어금니 꽉 물게 해줄까

最低界隈 最低界隈
사이테-카이와이 사이테-카이와이
최저집단, 최저집단

夢は何？ラブみラブみ『奪われない事』
유메와 나니? 라부미 라부미 우바와레나이 코토
꿈이 뭐냐고? 완전 러브, 바로 『빼앗기지 않는 것』

テステスマイクテスト 私絶対的に私です
테스테스 마이쿠테스토 와타시 젯타이테키니 와타시데스
테스트, 마이크 테스트, 나는 절대적으로 나야

SNS でレス これに生産性など皆無です
에스에누에스데 레스 코레니 세-산세-나도 카이무데스
SNS 댓글, 이런 짓에 생산성 따윈 눈곱만큼도 없어

テステスマイクテスト 私絶対的に私です
테스테스 마이쿠테스토 와타시 젯타이테키니 와타시데스
테스트, 마이크 테스트, 나는 절대적으로 나야

SNS でレス さささ最低界隈です
에스에누에스데 레스 사사사 사이테-카이와이데스
SNS 댓글, 여긴 최최최 최저 집단입니다

嫌んなってポイってして 感情はプラスチック
이얀낫테 포잇테 시테 칸죠-와 푸라스칫쿠
싫증 나서 휙 던져버린 감정은 플라스틱

体内漂って溜まっていきます
타이나이 타다욧테 타맛테이키마스
몸속을 떠다니며 쌓여만 가네

最低な気分なら最低でいい
사이테-나 키분나라 사이테-데 이이
기분이 최악이면 최악인 채로 괜찮아

黙っている方が不健康です
다맛테이루 호-가 후켄코-데스
입 다물고 있는 게 더 안 좋아

言いたいことは全部言って 出来る事あれば全部やって
이이타이 코토와 젠부 잇테 데키루 코토 아레바 젠부 얏테
하고 싶은 말은 전부 하고, 할 수 있는 일 있으면 전부 하라고

独り独りがそうやって 繋がって歌え
히토리 히토리가 소-얏테 츠나갓테 우타에
한 사람 한 사람이 그렇게 이어져서 노래해

此処に居る 此処に居る 物言わぬ屍じゃないわ
코코니 이루 코코니 이루 모노이와누 시카바네쟈 나이와
여기에 있어, 여기에 있어, 말 없는 시체가 아니라고

テステスマイクテスト 私絶対的に私です
테스테스 마이쿠테스토 와타시 젯타이테키니 와타시데스
테스트, 마이크 테스트, 나는 절대적으로 나야

SNS でレス これに生産性など皆無です
에스에누에스데 레스 코레니 세-산세-나도 카이무데스
SNS 댓글, 이런 짓에 생산성 따윈 눈곱만큼도 없어

テステスマイクテスト 私絶対的に私です
테스테스 마이쿠테스토 와타시 젯타이테키니 와타시데스
테스트, 마이크 테스트, 나는 절대적으로 나야

SNS でレス さささ最低界隈です
에스에누에스데 레스 사사사 사이테-카이와이데스
SNS 댓글, 여긴 최최최 최저 집단입니다","[""import"",""japanese""]",2026-02-22 09:19:19.524032+00,e1848554-ffae-479c-a8cd-4c0d77b7bed2,2026-03-19 15:55:50.007522+00,0,0,0,2026-03-19 15:55:50.007522+00,0,null,null,null,false,null,null,null,null,true,cf8d59cc-4fd2-4f93-b835-d78a882fdf81,null,null,"{""tables"":{""1"":{""rows"":[],""columns"":[]}}}",null,[],null,null
be55f944-b439-4e2a-9563-77fb5af6f94c,とりあえず,"「とりあえず」は「まず第一に」「さしあたって」「一時的に」という意味の副詞で、他のことは後回しにして目の前のことや差し迫ったことを先に片付ける際に使います。日常会話では「とりあえずビール！」のように気軽に使われますが、ビジネスシーンでは「間に合わせ」「いい加減」といったネガティブな印象を与える可能性があり、「ひとまず」「当面は」などへの言い換えが推奨されます。 
「とりあえず」の主な意味と使い方
優先順位をつける: 他の多くの事柄を置いて、そのことだけを優先して行う意味。「（他のことは後にして）とりあえずこれを先にやろう」。
一時的な対応: 根本的な解決ではなく、一時しのぎや仮の措置として行う意味。「とりあえず応急処置だけしておく」。
気軽さ・迷い: 良い考えが浮かばない時や、深く考えずに最初の行動として選ぶニュアンス。「他に良い考えがないから、とりあえずこれにしとく」。 
ビジネスシーンでの注意点と類語
注意: 「とりあえず作った」という表現は、「ろくに考えず作った」と取られかねず、相手に不快感を与えることがあります。
言い換え表現:
「ひとまず」: 「とりあえず」よりも丁寧で、一時的な対応を示す際に使いやすい。
「当面は」「さしあたり」: 「今のところは」「当面の間」という意味で、中長期的な視点も含む。
「まずは」「最初（に）」: 優先順位を明確にする場合。 
「とりあえず」の語源
元々は「取りも敢えず（とりもあへず）」という言葉で、「（他に取るべきものがなく）たちどころに」「すぐに」という瞬間性や性急さを表していました。 
状況に応じて「とりあえず」のニュアンスを理解し、相手に誤解を与えないように「ひとまず」などの言葉を使い分けるのがポイントです。","[""import"",""japanese""]",2026-02-22 09:19:19.524032+00,e1848554-ffae-479c-a8cd-4c0d77b7bed2,2026-03-19 15:55:50.007522+00,0,0,0,2026-03-19 15:55:50.007522+00,0,null,null,null,false,null,null,null,null,true,71643bf5-6b72-431b-8f48-529be82ee894,null,null,"{""tables"":{""1"":{""rows"":[],""columns"":[]}}}",null,[],null,null