id,title,content,tags,created_at,user_id,updated_at,comment_count,view_count,like_count,last_activity_at,hot_score,deleted_at,deleted_by,deleted_reason,is_deleted,account_key,source_id,source_date,legacy_id,is_hidden,duplicate_of,deleted_scope,delete_note,table_data,attachments,links,import_source,source_filename
e11615f6-7c28-458d-9526-80dfaba0c082,うるおう,"**# 일본어 문장 분석**

> ****출처****

>

> ****영상**** : [大人限定のリゾート！カンクンで過去1のホテルに出会っちゃいました！|人生初オールインクルーシブ🇲🇽]\(https\://youtu.be/xWAP6p__jLo?si=RGTghSQwZyOliDNt)

>

> - ****분석 구간:**** 12:51 /~ 13:08

> ****첨부****

>

> [[attach:d3430307-a9b8-42c1-a5bf-7562ed362b71]]
> [[attach:3d2caa51-63cf-4693-a6ac-0e9b6db05d15]]
> [[attach:44ba6335-ef1a-4343-97eb-37b50afe9939]]
> [[attach:9fd83377-d0db-4eae-a166-b2fb6c268cc7]]
> [[attach:9649d7bf-6e57-4fe2-8520-326e2b83c587]]
> [[attach:24dde7e2-db84-4ca8-8949-e192679e2ef6]]
> [[attach:b1cf0aac-45b0-47dd-82fd-341bdcba0cd3]]
> [[attach:ef91e3d6-eb2b-4fbb-8eed-e97aa326b18f]]
> [[attach:e7e58cfe-e82d-4092-b7b3-a1a80758eed5]]

---

## 상황
화자가 고급 호텔 객실에서 제공되는 생수를 병에서 따라 마셔 보며

이야기하는 장면입니다. 병 입구의 필름을 벗기고, 분위기에 맞춰 와인잔에

물을 따른 뒤 ""고급 호텔에서 마시는 그냥 물""이라는 식으로 장난스럽게

소개합니다.

****상황 설명****

화자는 호텔에서 제공되는 물 자체가 특별한 맛이 있는 것은 아니라는 점을

알고 있습니다. 그래서 일부러 멋진 와인잔에 따라 마시고 ""고급 호텔에서

마시는 물""이라고 분위기를 잡은 다음, 결국 맛은 평범한 물이라고 웃으며

정리합니다. 전체적으로 진지한 시음이 아니라 호텔 분위기를 즐기는 가벼운

농담에 가깝습니다.

> ****팁****

>

> 이 장면은 단어 뜻만 보기보다 ****無駄に****, ****ただの****,

> ****当たり前に****처럼 화자의 평가가 들어가는 표현에 주목하면 말투의

> 재미가 잘 살아납니다.

---

## 원문
こういうフィルムって取るの難しい。

無駄にオシャレなワイングラスで飲みます。

これが高級ホテルで飲む、ただの水だ！

乾杯。あ～うるおう。

まぁ、味は当たり前に普通の水です。

> ****팁****

>

> 사용자가 적어 준 `無断にオシャレな`는 캡처 자막상

> ****無駄にオシャレな****입니다. 여기서는 ""쓸데없이/괜히 멋진""이라는 뜻의

> ****無駄に****가 문맥에도 자연스럽습니다.

---

## 자연스러운 번역
이런 필름은 떼기가 어렵네.

괜히 멋진 와인잔에 따라서 마셔 보겠습니다.

이게 바로 고급 호텔에서 마시는, 그냥 물이다!

건배. 아~ 촉촉해진다.

뭐, 맛은 당연히 그냥 평범한 물이에요.

> ****팁****

>

> `無駄に`를 단순히 ""낭비하게""라고 옮기면 어색합니다. 이 장면에서는

> ""굳이"", ""괜히"", ""쓸데없이"" 정도의 장난스러운 자기평가가

> 자연스럽습니다.

---

## 핵심 포인트
---

> ****팁****

>

> 이 대사의 핵심은 ""고급스러운 분위기""와 ""결국 그냥 물""의 대비입니다.

> ****オシャレ・高級ホテル****와 ****ただの水・普通の水****를 한 묶음으로

> 대비해서 기억하면 좋습니다.

---

## 문장별 분석
### 1. こういうフィルムって取るの難しい。
#### 해석
****자연스러운 번역****

이런 필름은 떼기가 어렵네.

****직역****

이런 필름이라는 건 떼는 것이 어렵다.

****뉘앙스****

생수병 입구에 붙은 밀봉 필름을 떼면서 느낀 불편함을 즉석에서 말하는

표현입니다. `って`를 사용해 ""이런 필름 말이야""처럼 가볍게 화제를

꺼냅니다.

> ****팁****

>

> `って`를 무조건 인용의 ""라고""로 해석하지 말고, 여기서는 **회화체 화제

> 제시 = ～は**에 가깝다고 보면 빠릅니다.

---

#### 문장 구조
> ****팁****

>

> `取るの難しい`는 회화에서 조사 `が`가 생략된 것으로 보고

> `取るのが難しい`로 복원하면 구조가 바로 보입니다.

---

#### 핵심 단어
##### 取る（とる）
****기본 의미:**** 잡다, 취하다, 떼다, 제거하다

이 문장에서는 필름을 ****떼다/제거하다****라는 의미로 사용됩니다.

`フィルムを取る`

→ 필름을 떼다

`汚れを取る`

→ 때·오염을 제거하다

> ****팁****

>

> `取る`는 뜻이 매우 넓으므로 ""잡다"" 하나로 외우기보다 목적어와 함께

> 기억하는 편이 좋습니다.

---

#### 핵심 문법
##### ～って
****형태****

`명사 + って`

****의미****

- ~는 말이야, ~라는 건

- 회화에서 화제를 가볍게 제시

****원문에서****

`こういうフィルムって`

→ 이런 필름은 말이야

`は`보다 구어적이고, 눈앞의 대상을 즉석에서 화제로 꺼내는 느낌이

있습니다.

****예문****

`このアプリって便利だね。`

→ 이 앱은 편리하네.

`夏って暑いよね。`

→ 여름은 덥지.

> ****팁****

>

> `って`는 인용뿐 아니라 ****화제 제시****에도 매우 자주 쓰입니다. 뒤에

> 평가가 나오면 먼저 ""~는 말이야""로 읽어 보세요.

##### 동사 사전형 + の（が）難しい
****형태****

`동사 사전형 + の + が + 難しい`

****의미****

~하는 것이 어렵다

****원문에서****

`取るの難しい`

→ 떼기가 어렵다

회화에서는 `が`가 자연스럽게 생략될 수 있습니다.

> ****팁****

>

> 듣기에서는 `Vるの難しい`가 들리면 머릿속에서 `Vるのが難しい`로 복원해

> 보세요.

---

#### 회화 포인트
`取るのが難しい`

→ `取るの難しい`

조사 `が`를 생략해 훨씬 가볍고 즉흥적인 말투가 됩니다.

> ****팁****

>

> 일상 회화에서는 문법적으로 예상되는 조사가 자주 생략됩니다. ""빠진 말이

> 무엇인지"" 복원하는 연습이 듣기에 효과적입니다.

---

### 2. 無駄にオシャレなワイングラスで飲みます。
#### 해석
****자연스러운 번역****

괜히 멋진 와인잔으로 마셔 보겠습니다.

****직역****

쓸데없이 멋진 와인잔으로 마십니다.

****뉘앙스****

물 한 잔을 마시면서 굳이 고급스러운 와인잔을 사용하는 상황을 스스로

재미있게 표현합니다. `無駄に`에는 와인잔이 실제로 나쁘다는 비판보다 ""물

마시는데 너무 분위기 잡는 것 같다""는 셀프 태클이 담겨 있습니다.

> ****팁****

>

> 여기서 `無駄に`는 부정적으로 세게 번역하기보다 **괜히 / 굳이 /

> 쓸데없이 멋진** 정도로 문맥에 맞게 조절하세요.

---

#### 문장 구조
> ****팁****

>

> `で`가 장소인지 수단인지 헷갈리면 ""무엇으로 마시는가?""라고 질문해

> 보세요. 여기서는 도구를 나타냅니다.

---

#### 핵심 단어
##### 無駄（むだ）
****기본 의미:**** 헛됨, 낭비, 쓸데없음

`無駄に + 형용동사/형용 표현`처럼 쓰이면 ""필요 이상으로, 괜히""라는

뉘앙스를 만들 수 있습니다.

`無駄に広い`

→ 쓸데없이 넓다 / 괜히 넓다

`無駄に豪華だ`

→ 쓸데없이 호화롭다

> ****팁****

>

> `無駄に + 긍정적인 형용` 조합은 실제 회화에서 장난스러운 평가를 만들

> 때 유용합니다.

##### オシャレ（おしゃれ）
****기본 의미:**** 멋짐, 세련됨, 패셔너블함

이 문장에서는 와인잔의 디자인과 분위기가 **세련되고 고급스러워

보인다**는 의미입니다.

`オシャレな店`

→ 세련된 가게

> ****팁****

>

> 옷차림뿐 아니라 카페, 인테리어, 소품, 그릇 등에도 폭넓게 씁니다.

---

#### 핵심 문법
##### 명사 + で
****형태****

`도구·수단을 나타내는 명사 + で`

****의미****

~으로, ~을 사용해서

****원문에서****

`ワイングラスで飲みます`

→ 와인잔으로 마십니다

****예문****

`箸で食べます。`

→ 젓가락으로 먹습니다.

`スマホで撮ります。`

→ 스마트폰으로 찍습니다.

> ****팁****

>

> `で`는 장소뿐 아니라 ****행위의 수단·도구****도 나타냅니다.

---

### 3. これが高級ホテルで飲む、ただの水だ！
#### 해석
****자연스러운 번역****

이게 바로 고급 호텔에서 마시는, 그냥 물이다!

****직역****

이것이 고급 호텔에서 마시는 그저 물이다!

****뉘앙스****

`高級ホテル`라는 거창한 배경을 먼저 내세운 뒤 `ただの水`라고

떨어뜨리면서 웃음을 만드는 문장입니다. `これが`에는 ""바로 이것이""처럼

보여 주는 느낌이 있습니다.

> ****팁****

>

> 이 문장은 ****高級ホテル ↔ ただの水****의 대비를 살려 번역해야 재미가

> 살아납니다.

---

#### 문장 구조
> ****팁****

>

> `飲む` 뒤에 바로 `ただの水`가 이어지므로 `高級ホテルで飲む` 전체가

> 뒤의 명사구를 꾸민다고 보면 됩니다.

---

#### 핵심 단어
##### 高級（こうきゅう）
****기본 의미:**** 고급, 높은 등급

`高級ホテル`

→ 고급 호텔

`高級レストラン`

→ 고급 레스토랑

> ****팁****

>

> `高級`은 가격뿐 아니라 품질·등급·격이 높다는 느낌을 함께 줍니다.

##### ただの
****기본 의미:**** 그저 ~에 불과한, 그냥 ~

`ただの水`

→ 그냥 물

`ただの冗談`

→ 그냥 농담

> ****팁****

>

> `ただ`와 `ただの`를 구별하세요. 명사를 직접 꾸밀 때는

> `ただの + 명사`가 자주 쓰입니다.

---

#### 핵심 문법
##### 동사 보통형 + 명사
****형태****

`동사 보통형 + 명사`

****의미****

~하는 명사

****원문에서****

`高級ホテルで飲む、ただの水`

→ 고급 호텔에서 마시는 그냥 물

****예문****

`昨日買った本`

→ 어제 산 책

`毎朝飲むコーヒー`

→ 매일 아침 마시는 커피

> ****팁****

>

> 일본어의 명사 수식절에는 한국어의 ""~하는""에 해당하는 별도 관형사가

> 없습니다. 동사 보통형이 그대로 명사 앞에 옵니다.

---

### 4. 乾杯。あ～うるおう。
#### 해석
****자연스러운 번역****

건배. 아~ 촉촉해진다.

****뉘앙스****

혼자 물을 마시면서도 와인을 마시는 것처럼 `乾杯`라고 말해 분위기를

연출합니다. 물을 마신 직후의 `うるおう`는 ""수분이 채워진다"", ""갈증이

풀린다"" 정도의 느낌을 다소 과장되고 귀엽게 표현한 말입니다.

> ****팁****

>

> `うるおう`를 피부에만 쓰는 단어로 한정하지 마세요. 목·몸이 수분을 얻는

> 느낌에도 쓸 수 있습니다.

---

#### 문장 구조
> ****팁****

>

> 짧은 문장에서는 문법 구조보다 감탄사의 억양과 말하는 타이밍이 실제

> 뉘앙스를 크게 좌우합니다.

---

#### 핵심 단어
##### 潤う（うるおう）
****기본 의미:**** 수분을 머금다, 촉촉해지다, 윤택해지다

이 장면에서는 물을 마셔 몸이나 목에 ****수분이 채워지는 느낌****입니다.

`喉が潤う`

→ 목이 촉촉해지다 / 갈증이 가시다

`肌が潤う`

→ 피부가 촉촉해지다

> ****팁****

>

> 영상에서는 한자로 쓰지 않고 `うるおう`라고 적는 경우가 많지만 기본

> 동사는 ****潤う****입니다.

---

#### 회화 포인트
주어가 전혀 나오지 않지만 장면상 ""(물을 마시니 몸/목이) 촉촉해진다""라고

자연스럽게 이해됩니다.

> ****팁****

>

> 일본어는 눈앞의 상황으로 알 수 있는 주어를 적극적으로 생략합니다.

> 한국어 번역에서도 억지로 ""내 목이""를 넣지 않는 편이 자연스럽습니다.

---

### 5. まぁ、味は当たり前に普通の水です。
#### 해석
****자연스러운 번역****

뭐, 맛은 당연히 그냥 평범한 물이에요.

****직역****

뭐, 맛은 당연하게 평범한 물입니다.

****뉘앙스****

앞에서 고급 호텔, 와인잔, 건배까지 분위기를 한껏 잡았지만 실제 맛은

특별하지 않다는 결론입니다. `まぁ`가 앞의 장난을 정리하면서 현실적인

평가로 돌아오는 완충 역할을 합니다.

> ****팁****

>

> `まぁ`를 항상 ""음...""으로만 번역하지 말고, 문맥에 따라 ""뭐"", ""그래도"",

> ""아무튼""처럼 자연스럽게 조절하세요.

---

#### 문장 구조
> ****팁****

>

> 문법적으로 복잡한 문장이라기보다 `まぁ`와 `当たり前に`가 화자의 태도를

> 어떻게 보여 주는지가 핵심입니다.

---

#### 핵심 단어
##### 当たり前（あたりまえ）
****기본 의미:**** 당연함, 마땅함

`当たり前だ`

→ 당연하다

`当たり前のこと`

→ 당연한 일

`当たり前に`

→ 당연히, 자연스럽게

> ****팁****

>

> `当然`보다 `当たり前`가 일상 회화에서 훨씬 친근하게 들리는 경우가

> 많습니다.

##### 普通（ふつう）
****기본 의미:**** 보통, 평범함

`普通の水`

→ 평범한 물

`普通においしい`

→ 그냥/꽤 맛있다

> ****팁****

>

> 회화의 `普通に`는 문맥에 따라 ""평범하게""가 아니라 ""그냥"", ""의외로

> 꽤""처럼 해석되는 경우도 있으니 고정 번역을 피하세요.

---

#### 핵심 문법
##### 형용동사 어간 + に
****형태****

`형용동사 어간 + に + 서술어`

****의미****

~하게, ~한 상태로

****원문에서****

`当たり前に普通の水です`

→ 당연히 평범한 물이에요

여기서는 `当たり前に`가 뒤의 판단 전체에 ""예상대로 당연히""라는 화자의

평가를 더합니다.

> ****팁****

>

> 형태상 `に`가 보이면 먼저 부사화 가능성을 확인하되, 실제 한국어에서는

> 자연스럽게 ""당연히""처럼 옮기면 됩니다.

---

## 표현 비교
---

> ****팁****

>

> `ただの水`는 ""결국 물일 뿐""이라는 ****한정·축소****, `普通の水`는 ""특별한

> 맛이 없는 평범한 물""이라는 ****성질 평가****에 초점을 둔다고 구별하면

> 쉽습니다.

---

## 전체 문장 다시 보기
### 일본어
こういうフィルムって取るの難しい。

無駄にオシャレなワイングラスで飲みます。

これが高級ホテルで飲む、ただの水だ！

乾杯。あ～うるおう。

まぁ、味は当たり前に普通の水です。

### 자연스러운 한국어
이런 필름은 떼기가 어렵네.

괜히 멋진 와인잔에 따라서 마셔 보겠습니다.

이게 바로 고급 호텔에서 마시는, 그냥 물이다!

건배. 아~ 촉촉해진다.

뭐, 맛은 당연히 그냥 평범한 물이에요.

> ****팁****

>

> 전체 흐름은 **병을 열기 → 분위기 잡기 → 고급 호텔이라는 점 강조하기 →

> 건배하고 마시기 → 결국 평범한 물이라고 결론 내리기**입니다. 문법을

> 따로 외우기보다 이 흐름과 표현을 연결해 기억하세요.

---

## 복습 정리
### 핵심 문법
> ****팁****

>

> 우선순위를 둔다면 `って`의 화제 제시 용법과 `取るの（が）難しい`의

> 조사 생략을 먼저 익히세요. 실제 영상 듣기에서 바로 체감할 수 있는 회화

> 포인트입니다.

---

### 핵심 단어
> ****팁****

>

> 단어를 단독으로 외우기보다 `無駄に＋형용 표현`, `ただの＋명사`,

> `普通の＋명사`, `～が潤う`처럼 실제 결합 형태로 기억하면 말할 때 훨씬

> 쉽게 꺼낼 수 있습니다.

---

### 회화 흐름
`こういうフィルムって取るの難しい`

병을 열면서 눈앞의 불편함을 즉석에서 말함

↓

`無駄にオシャレなワイングラスで飲みます`

굳이 멋진 와인잔을 사용하며 분위기를 잡음

↓

`これが高級ホテルで飲む、ただの水だ！`

고급스러운 배경과 ""그냥 물""을 대비시켜 농담함

↓

`乾杯。あ～うるおう`

건배하고 마신 뒤 수분이 채워지는 느낌을 표현함

↓

`まぁ、味は当たり前に普通の水です`

결국 맛은 예상대로 평범한 물이라고 현실적인 결론을 내림

> ****팁****

>

> 문법을 하나씩 분리해서 보는 것과 별개로, 마지막에는 화자가 **불편함 →

> 분위기 연출 → 농담 → 시음 → 현실적인 평가** 순서로 말하고 있다는

> 흐름까지 연결해서 복습합니다.

---

### 한 줄 요약
> **이 장면은 `～って`, 조사 생략, `無駄に`, `ただの`, `当たり前に` 같은

> 자연스러운 회화 표현을 통해 ""고급 호텔에서 멋진 잔으로 마셔도 결국

> 평범한 물""이라는 장난스러운 대비를 보여 주는 대사입니다.**",[],2026-08-23 02:28:13.025174+00,e1848554-ffae-479c-a8cd-4c0d77b7bed2,2026-08-23 02:39:55.914983+00,0,2,0,2026-08-23 02:39:55.914983+00,0,null,null,null,false,null,null,null,null,false,null,null,null,null,"[{""id"":""17d71f9c-cbcc-4d4f-8aa5-1e43614297c4"",""name"":""20260823_001629.png"",""path"":""logs/2026/08/23/4519f23a-03fa-4359-bced-4e9784916945.png"",""size"":1867513,""bucket"":""log-attachments"",""mimeType"":""image/png"",""publicUrl"":""https://vqlawpnnmtequmbdvfcr.supabase.co/storage/v1/object/public/log-attachments/logs/2026/08/23/4519f23a-03fa-4359-bced-4e9784916945.png""},{""id"":""d3430307-a9b8-42c1-a5bf-7562ed362b71"",""name"":""20260823_001629.png"",""path"":""logs/2026/08/23/3817313e-2dde-45b4-aae9-685b2fcb3179.png"",""size"":1867513,""bucket"":""log-attachments"",""mimeType"":""image/png"",""publicUrl"":""https://vqlawpnnmtequmbdvfcr.supabase.co/storage/v1/object/public/log-attachments/logs/2026/08/23/3817313e-2dde-45b4-aae9-685b2fcb3179.png""},{""id"":""3d2caa51-63cf-4693-a6ac-0e9b6db05d15"",""name"":""20260823_001756.png"",""path"":""logs/2026/08/23/cbbc2340-ab38-4eb7-ae1b-c2c6a9a9a4eb.png"",""size"":1762524,""bucket"":""log-attachments"",""mimeType"":""image/png"",""publicUrl"":""https://vqlawpnnmtequmbdvfcr.supabase.co/storage/v1/object/public/log-attachments/logs/2026/08/23/cbbc2340-ab38-4eb7-ae1b-c2c6a9a9a4eb.png""},{""id"":""44ba6335-ef1a-4343-97eb-37b50afe9939"",""name"":""20260823_001923.png"",""path"":""logs/2026/08/23/ac33e1d8-2750-4e44-8a9c-41ee97046713.png"",""size"":1820055,""bucket"":""log-attachments"",""mimeType"":""image/png"",""publicUrl"":""https://vqlawpnnmtequmbdvfcr.supabase.co/storage/v1/object/public/log-attachments/logs/2026/08/23/ac33e1d8-2750-4e44-8a9c-41ee97046713.png""},{""id"":""9fd83377-d0db-4eae-a166-b2fb6c268cc7"",""name"":""20260823_002023.png"",""path"":""logs/2026/08/23/79e7b49c-bfd5-44e9-826e-0a8273073eee.png"",""size"":1820424,""bucket"":""log-attachments"",""mimeType"":""image/png"",""publicUrl"":""https://vqlawpnnmtequmbdvfcr.supabase.co/storage/v1/object/public/log-attachments/logs/2026/08/23/79e7b49c-bfd5-44e9-826e-0a8273073eee.png""},{""id"":""9649d7bf-6e57-4fe2-8520-326e2b83c587"",""name"":""20260823_002114.png"",""path"":""logs/2026/08/23/3b626632-2958-4f69-b14e-c533e9a67d8c.png"",""size"":1818384,""bucket"":""log-attachments"",""mimeType"":""image/png"",""publicUrl"":""https://vqlawpnnmtequmbdvfcr.supabase.co/storage/v1/object/public/log-attachments/logs/2026/08/23/3b626632-2958-4f69-b14e-c533e9a67d8c.png""},{""id"":""24dde7e2-db84-4ca8-8949-e192679e2ef6"",""name"":""20260823_002229.png"",""path"":""logs/2026/08/23/cd450da9-5e3c-4547-9ef3-60dd5db14135.png"",""size"":1869746,""bucket"":""log-attachments"",""mimeType"":""image/png"",""publicUrl"":""https://vqlawpnnmtequmbdvfcr.supabase.co/storage/v1/object/public/log-attachments/logs/2026/08/23/cd450da9-5e3c-4547-9ef3-60dd5db14135.png""},{""id"":""b1cf0aac-45b0-47dd-82fd-341bdcba0cd3"",""name"":""20260823- 大人限定のリゾート！カンクンで過去1のホテルに出会っちゃいました！人生初オールインクルーシブ.md"",""path"":""logs/2026/08/23/18c37659-8c7c-4b98-90ab-41034e2018d1.md"",""size"":21883,""bucket"":""log-attachments"",""mimeType"":""text/markdown; charset=utf-8"",""publicUrl"":""https://vqlawpnnmtequmbdvfcr.supabase.co/storage/v1/object/public/log-attachments/logs/2026/08/23/18c37659-8c7c-4b98-90ab-41034e2018d1.md""},{""id"":""ef91e3d6-eb2b-4fbb-8eed-e97aa326b18f"",""name"":""20260823- 大人限定のリゾート！カンクンで過去1のホテルに出会っちゃいました！人生初オールインクルーシブ.pdf"",""path"":""logs/2026/08/23/8a553db3-e6d9-4fd0-923f-dc65ba196d64.pdf"",""size"":17821359,""bucket"":""log-attachments"",""mimeType"":""application/pdf"",""publicUrl"":""https://vqlawpnnmtequmbdvfcr.supabase.co/storage/v1/object/public/log-attachments/logs/2026/08/23/8a553db3-e6d9-4fd0-923f-dc65ba196d64.pdf""},{""id"":""e7e58cfe-e82d-4092-b7b3-a1a80758eed5"",""name"":""20260823- 大人限定のリゾート！カンクンで過去1のホテルに出会っちゃいました！人生初オールインクルーシブ2.md"",""path"":""logs/2026/08/23/07657745-cd07-4899-813d-7f8140ba254b.md"",""size"":16719,""bucket"":""log-attachments"",""mimeType"":""text/markdown; charset=utf-8"",""publicUrl"":""https://vqlawpnnmtequmbdvfcr.supabase.co/storage/v1/object/public/log-attachments/logs/2026/08/23/07657745-cd07-4899-813d-7f8140ba254b.md""}]",[],null,null
ef015355-c932-44e5-a00d-e9f24feffb31,自民、沖縄県政奪還へ総力戦　幹部投入、政党色に配慮も,"# 일본어 뉴스 분석

> **출처**

> 時事通信
> [残業「月45時間以内」に抑える一律指導を見直しへ　健康確保措置を重点的に確認　9月から　厚生労働省](https://news.yahoo.co.jp/articles/159f49741fc2b95108a9b25f7f9a187e270529db)

> **첨부**

> [[attach:c06f666a-0c69-45a8-88e0-fa5f66179d18]]
> [[attach:ed8c0947-7495-4209-9d69-10861892105e]]
> [[attach:14cbd491-d088-4f2a-80f3-6e7b5a824162]]
> [[attach:e5274573-7e5d-4ac5-a5da-9b647d8619dc]]
> [[attach:543aa056-2cde-4638-84ef-f15ada7fd146]]
> [[attach:d4203524-7905-46f4-a1d4-fb86c7cbc57e]]
> [[attach:33d5764e-c3ca-415b-a89e-77e1b4e4c59a]]

---

## 뉴스 개요

**한 줄 요약**

9월 13일 투·개표되는 오키나와현 지사 선거를 앞두고 자민당이 12년 만의 현정 탈환을 목표로 당 간부들을 대거 투입하고 있다. 다만 자민당이 추천하는 고자 겐타 후보가 여러 야당의 추천도 받고 있어, 보수색이 강한 다카이치 정권의 색채가 지나치게 드러나지 않도록 조절하는 전략을 취하고 있다.

**핵심 주제**

- **주체** — 자민당, 고자 겐타(古謝玄太) 후보
- **대상·쟁점** — 2026년 오키나와현 지사 선거와 12년 만의 현정 탈환
- **배경** — 2022년 선거에서 자민당 측이 현직 다마키 데니 지사에게 패배
- **핵심 행동·변화** — 자민당 지도부의 잇따른 오키나와 방문과 조직적인 선거 지원
- **선거 전략** — 고자 후보는 경제정책을 전면에 내세우고, 진영은 자민당의 정당색을 의도적으로 약화
- **핵심 변수** — 공명당 지지층의 이탈 가능성과 다카이치 사나에 총리의 현지 지원 여부

> **팁**
>
> 이 기사는 단순히 `自民党が古謝氏を応援する`라는 이야기가 아닙니다. **총력 지원하면서도 자민당의 색채는 약하게 보이게 한다**는 다소 역설적인 선거 전략이 핵심입니다. 이 관점을 잡고 읽으면 기사 전체가 훨씬 쉽게 연결됩니다.

---

## 원문

### 제목

自民、沖縄県政奪還へ総力戦　幹部投入、政党色に配慮も

### 본문

沖縄県知事選（27日告示、9月13日投開票）で、自民党は12年ぶりの県政奪還を目指し、総力戦を展開する方針だ。

【写真】沖縄県知事選の公約を発表する古謝玄太

党幹部らが続々と沖縄入りし、推薦した新人で前那覇市副市長の古謝玄太氏（42）の勝利に全力を挙げる。古謝氏が国民民主党など野党の推薦も受けていることも踏まえ「高市カラー」が出過ぎないよう配慮もしている。

「全力で古謝氏の公約実現を応援する。全部実現する」。浦添市内で開かれた20日の古謝氏の決起大会で、自民の西村康稔選対委員長が訴えた。この後、登壇した古謝氏は米軍普天間飛行場（宜野湾市）の名護市辺野古への移設問題には触れず、「県民所得を倍増させる」と経済政策をアピールした。

高市早苗首相（党総裁）は4日の自民役員会で執行部に「沖縄県知事選を頼む」とてこ入れを要請。西村氏は4月以降、6回にわたり沖縄入りし、県連幹部や支援団体との打ち合わせを重ねている。

小林鷹之政調会長は24～25日の日程で地元企業を回り、萩生田光一幹事長代行も近く現地入りする。党本部は21日、所属国会議員に対し、沖縄在住者の支持者名簿の提供を求める文書を出した。

前回の2022年知事選では、主要野党が加わる政治勢力「オール沖縄」の支援を受けた現職の玉城デニー知事（66）に自民は敗北。今回、中道改革連合は自主投票を決め、公明党は古謝氏を県本部推薦とした。玉城氏は高い知名度を誇るが、辺野古沖の「平和学習」で女子高校生が死亡した事故で批判も招いた。自民重鎮は「互角に戦える」とみている。

古謝陣営は政党色を薄め、幅広い層から支持を集める戦略を取る。自民幹部は業界団体などを回る活動が中心。保守色が強い高市政権のカラーを強めれば、公明票が離れかねないためだ。

一方、自民内には「政党色を出さないやり方では勝てない」（関係者）と異論もある。古謝氏を推す自民、日本維新の会、国民民主、参政党などの政党幹部が沖縄でそろって支持を訴えるよう求めた。

首相が選挙期間中に沖縄入りするかどうかも焦点となる。首相は石川県知事選（3月8日投開票）の応援で現地入りしたが、支援候補は敗北した。自民幹部は「石川に続いて負ければ首相の求心力が低下する」と否定的だ。

> **팁**
>
> 정치 기사에서는 `奪還・総力戦・てこ入れ・求心力`처럼 일상회화보다 정치 보도에서 훨씬 자주 쓰이는 어휘에 표시하면서 읽는 것이 좋습니다.

---

## 자연스러운 전체 번역

### 제목

**자민당, 오키나와 현정 탈환 위해 총력전…간부 투입하면서도 정당색은 신중히**

### 본문

오키나와현 지사 선거(27일 고시, 9월 13일 투·개표)에서 자민당은 **12년 만의 현정 탈환을 목표로 총력전을 펼칠 방침이다.**

【사진】오키나와현 지사 선거 공약을 발표하는 고자 겐타

당 간부들이 잇따라 오키나와를 방문해 자민당이 추천한 신인으로 전 나하시 부시장인 고자 겐타 씨(42)의 승리를 위해 총력을 기울인다. 고자 씨가 국민민주당 등 야당의 추천도 받고 있다는 점을 고려해 **‘다카이치 색채’가 지나치게 드러나지 않도록 신경 쓰고 있다.**

“고자 씨의 공약 실현을 전력으로 지원하겠다. 전부 실현하겠다.” 우라소에시에서 20일 열린 고자 씨의 결의대회에서 자민당 니시무라 야스토시 선거대책위원장은 이같이 호소했다. 이어 연단에 오른 고자 씨는 미군 후텐마 비행장(기노완시)의 나고시 헤노코 이전 문제에 대해서는 언급하지 않고, “현민 소득을 두 배로 늘리겠다”며 경제정책을 강조했다.

다카이치 사나에 총리(당 총재)는 4일 자민당 임원회의에서 집행부에 “오키나와현 지사 선거를 부탁한다”며 **지원을 강화할 것을 요청했다.** 니시무라 위원장은 4월 이후 여섯 차례에 걸쳐 오키나와를 방문해 현련 간부 및 지원단체와 협의를 거듭하고 있다.

고바야시 다카유키 정조회장은 24~25일 일정으로 현지 기업들을 방문하고, 하기우다 고이치 간사장 대행도 조만간 현지를 방문한다. 당 본부는 21일 소속 국회의원들에게 오키나와 거주 지지자 명단을 제공해 달라는 문서를 보냈다.

지난 2022년 지사 선거에서는 주요 야당이 참여하는 정치세력 ‘올 오키나와’의 지원을 받은 현직 다마키 데니 지사(66)에게 자민당이 패했다. 이번에는 중도개혁연합이 자율투표를 결정했고, 공명당은 고자 씨를 현 본부 차원에서 추천했다. 다마키 씨는 높은 인지도를 자랑하지만 헤노코 앞바다에서 진행된 ‘평화학습’ 도중 여고생이 사망한 사고로 비판을 받기도 했다. 자민당 중진은 **“대등하게 싸울 수 있다”**고 보고 있다.

고자 후보 진영은 **정당색을 약화해 폭넓은 계층으로부터 지지를 모으는 전략**을 취하고 있다. 자민당 간부들은 업계 단체 등을 찾아다니는 활동에 주력한다. 보수색이 강한 다카이치 정권의 색채를 강화할 경우 공명당 지지표가 이탈할 수도 있기 때문이다.

한편 자민당 내부에서는 “정당색을 드러내지 않는 방식으로는 이길 수 없다”(관계자)는 이견도 나온다. 고자 씨를 지지하는 자민당, 일본유신회, 국민민주당, 참정당 등의 정당 간부들이 오키나와에 함께 모여 지지를 호소해야 한다는 요구가 나왔다.

총리가 선거 기간 중 오키나와를 방문할지 여부도 관심사다. 총리는 이시카와현 지사 선거(3월 8일 투·개표) 지원을 위해 현지를 방문했지만, 지원 후보는 패배했다. 자민당 간부는 **“이시카와에 이어 또 패배한다면 총리의 구심력이 떨어진다”**며 총리의 오키나와 방문에 부정적인 입장이다.

> **팁**
>
> `高市カラー`를 단순히 ‘다카이치 컬러’라고 직역하면 의미가 잘 전달되지 않습니다. 정치 기사에서 `○○カラー`는 그 정치인 특유의 **정치적 성향·노선·이미지**를 의미하는 경우가 많습니다.

---

## 핵심 내용

- **12년 만의 현정 탈환** — 자민당은 오키나와현 지사 선거에서 고자 겐타 후보를 지원하며 12년 만의 현정 탈환을 노리고 있다.
- **당 지도부 총동원** — 니시무라 선대위원장을 비롯해 고바야시 정조회장, 하기우다 간사장 대행 등 당 지도부가 오키나와 지원에 나선다.
- **경제정책 전면 배치** — 고자 후보는 정치적으로 민감한 헤노코 이전 문제를 언급하지 않고 ‘현민 소득 두 배’를 내세웠다.
- **정당색 약화 전략** — 고자 후보가 자민당뿐 아니라 여러 정당의 지원을 받는 만큼 특정 정당의 후보라는 인상을 약화하려 한다.
- **공명당 표가 변수** — 보수색이 강한 다카이치 정권의 이미지가 강해지면 공명당 지지층이 이탈할 가능성을 경계하고 있다.
- **자민당 내부의 이견** — 반대로 정당색을 지나치게 숨기면 조직력을 제대로 활용하지 못해 선거에서 이기기 어렵다는 의견도 있다.
- **총리의 오키나와 방문 여부** — 다카이치 총리가 직접 지원에 나섰다가 패배할 경우 정치적 구심력이 약해질 수 있다는 우려가 제기된다.

> **팁**
>
> 이 기사의 대립 구조는 `総力戦 ↔ 政党色を薄める`입니다. 즉 **자민당 조직은 최대한 활용하되 겉으로 보이는 자민당 이미지는 조절한다**는 전략을 이해하는 것이 핵심입니다.

---

## 핵심 문장 분석

### 1. 県政奪還を目指し、総力戦を展開する

**원문**

`自民党は12年ぶりの県政奪還を目指し、総力戦を展開する方針だ。`

**해석**

자민당은 12년 만의 현정 탈환을 목표로 총력전을 펼칠 방침이다.

#### 문장 구조

`自民党は / 12年ぶりの県政奪還を目指し / 総力戦を展開する / 方針だ`

- **自民党は** `주제` — 자민당은
- **12年ぶりの県政奪還を目指し** `목적` — 12년 만의 현정 탈환을 목표로 하고
- **総力戦を展開する** `행동` — 총력전을 전개한다
- **方針だ** `방침` — ~할 방침이다

#### 핵심 표현

##### ～を目指す

**의미**

‘~을 목표로 하다’, ‘~을 지향하다’라는 뜻입니다.

**원문에서**

`県政奪還を目指し`  
→ 현정 탈환을 목표로 하고

**뉘앙스·용법**

정책·선거·기업 목표·스포츠 등에서 앞으로 달성하려는 목표를 제시할 때 매우 자주 사용됩니다.

**예문**

`政府は2030年までの実現を目指している。`  
→ 정부는 2030년까지의 실현을 목표로 하고 있다.

##### 総力戦を展開する

**의미**

보유한 역량을 총동원하여 대응하거나 경쟁한다는 뜻입니다.

**원문에서**

`総力戦を展開する方針だ`  
→ 총력전을 펼칠 방침이다.

**뉘앙스·용법**

원래 전쟁과 관련된 표현이지만 선거·기업 경쟁·재난 대응 등에서도 비유적으로 사용됩니다.

> **팁**
>
> 뉴스에서 `展開する`를 보면 무조건 ‘전개하다’라고 옮기지 마세요. `選挙戦を展開する`는 **선거전을 펼치다**, `事業を展開する`는 **사업을 벌이다/전개하다**처럼 목적어와 함께 익히는 것이 좋습니다.

---

### 2. ～ことも踏まえ、～ないよう配慮する

**원문**

`古謝氏が国民民主党など野党の推薦も受けていることも踏まえ「高市カラー」が出過ぎないよう配慮もしている。`

**해석**

고자 씨가 국민민주당 등 야당의 추천도 받고 있다는 점을 고려해 ‘다카이치 색채’가 지나치게 드러나지 않도록 신경 쓰고 있다.

#### 문장 구조

`古謝氏が～推薦も受けていることも踏まえ / 「高市カラー」が / 出過ぎないよう / 配慮もしている`

- **～ことも踏まえ** `배경·판단 근거` — ~라는 점도 고려하여
- **高市カラーが** `주어` — 다카이치 정권의 색채가
- **出過ぎないよう** `목적·방지` — 지나치게 드러나지 않도록
- **配慮している** `행동` — 배려하고 있다 / 신경 쓰고 있다

#### 핵심 표현

##### ～を踏まえる

**의미**

어떤 사실·상황·결과 등을 **근거 또는 전제로 삼아 판단하다**라는 의미입니다.

**원문에서**

`野党の推薦も受けていることも踏まえ`  
→ 야당의 추천도 받고 있다는 점을 고려해

**뉘앙스·용법**

뉴스, 보고서, 비즈니스 문서에서 매우 자주 등장합니다. 단순히 ‘생각하다’보다 **이미 존재하는 사실을 고려하여 다음 판단을 내린다**는 느낌이 강합니다.

**예문**

`専門家の意見を踏まえて、政府が最終判断する。`  
→ 전문가의 의견을 바탕으로 정부가 최종 판단한다.

> **팁**
>
> `踏まえる`는 반드시 기억해 둘 만한 뉴스 어휘입니다. `結果を踏まえる`, `状況を踏まえる`, `意見を踏まえる`처럼 **명사 + を踏まえる** 형태로 묶어서 외우세요.

---

### 3. てこ入れを要請する

**원문**

`高市早苗首相（党総裁）は4日の自民役員会で執行部に「沖縄県知事選を頼む」とてこ入れを要請。`

**해석**

다카이치 사나에 총리는 4일 자민당 임원회의에서 집행부에 “오키나와현 지사 선거를 부탁한다”며 지원 강화를 요청했다.

#### 문장 구조

`高市早苗首相は / 執行部に / 「沖縄県知事選を頼む」と / てこ入れを要請`

- **高市早苗首相は** `주체` — 다카이치 총리는
- **執行部に** `상대` — 집행부에
- **～と** `인용` — ~라고 하며
- **てこ入れを要請** `행동` — 지원·강화를 요청

#### 핵심 표현

##### てこ入れ

**의미**

부진하거나 힘이 부족한 대상에 인력·자금·정책 등을 추가로 투입해 **강화하거나 활성화하는 것**을 뜻합니다.

**원문에서**

`てこ入れを要請`  
→ 지원 강화를 요청

**뉘앙스·용법**

선거뿐 아니라 경제정책이나 기업 실적에서도 많이 나옵니다.

**예문**

`政府は地方経済のてこ入れを図る。`  
→ 정부는 지방경제 활성화를 꾀한다.

> **팁**
>
> `てこ`는 본래 ‘지렛대’입니다. 지렛대를 이용해 무거운 것을 움직이는 이미지에서 **외부의 힘을 넣어 상황을 개선한다 → 지원·강화한다**로 기억하면 쉽습니다.

---

### 4. ～かねない

**원문**

`保守色が強い高市政権のカラーを強めれば、公明票が離れかねないためだ。`

**해석**

보수색이 강한 다카이치 정권의 색채를 강화하면 공명당 지지표가 이탈할 수도 있기 때문이다.

#### 문장 구조

`高市政権のカラーを強めれば / 公明票が / 離れかねない / ためだ`

- **～を強めれば** `조건` — ~을 강화하면
- **公明票が** `주어` — 공명당 지지표가
- **離れかねない** `우려되는 결과` — 이탈할 우려가 있다
- **ためだ** `이유 설명` — ~하기 때문이다

#### 핵심 표현

##### ～かねない

**의미**

‘~할 수도 있다’, 특히 **바람직하지 않은 일이 발생할 우려가 있다**는 뜻입니다.

**원문에서**

`公明票が離れかねない`  
→ 공명당 지지표가 이탈할 우려가 있다.

**뉘앙스·용법**

단순 가능성인 `かもしれない`보다 **부정적인 결과에 대한 우려·경고**가 강합니다.

**예문**

`対応が遅れれば、問題がさらに深刻化しかねない。`  
→ 대응이 늦어지면 문제가 더욱 심각해질 우려가 있다.

> **팁**
>
> `～かねない = 나쁜 결과가 일어날 가능성`으로 기억하면 빠릅니다. 뉴스에서 위험성이나 우려를 설명할 때 특히 자주 등장합니다.

---

### 5. 求心力が低下する

**원문**

`自民幹部は「石川に続いて負ければ首相の求心力が低下する」と否定的だ。`

**해석**

자민당 간부는 “이시카와에 이어 패배한다면 총리의 구심력이 떨어진다”며 부정적인 입장이다.

#### 문장 구조

`自民幹部は / 「石川に続いて負ければ / 首相の求心力が低下する」と / 否定的だ`

- **石川に続いて** `연속성` — 이시카와에 이어
- **負ければ** `조건` — 패배한다면
- **求心力が低下する** `결과` — 구심력이 저하된다
- **～と否定的だ** `평가·입장` — ~라며 부정적이다

#### 핵심 표현

##### 求心力

**의미**

본래 중심으로 끌어당기는 힘이라는 뜻으로, 정치에서는 지도자가 사람들을 결집시키고 따르게 하는 **정치적 장악력·리더십·영향력**을 뜻합니다.

**원문에서**

`首相の求心力が低下する`  
→ 총리의 정치적 구심력이 약화된다.

**예문**

`選挙での敗北により、党首の求心力が低下した。`  
→ 선거 패배로 당 대표의 구심력이 약화됐다.

> **팁**
>
> 일본 정치 기사에서 `求心力`은 매우 중요한 단어입니다. 반대 방향인 `求心力が高まる`보다 `求心力が低下する・求心力を失う` 같은 형태가 특히 자주 등장합니다.

---

## 뉴스 표현 정리

- **～を目指す** — ~을 목표로 하다  
  → 정책이나 선거의 목표를 제시할 때 자주 사용

- **総力戦を展開する** — 총력전을 펼치다  
  → 조직의 역량을 총동원하는 상황을 표현

- **～を踏まえる** — ~을 고려하다, ~을 바탕으로 하다  
  → 기존 사실이나 상황을 판단의 근거로 삼을 때 사용

- **てこ入れを図る／要請する** — 지원·강화를 꾀하다/요청하다  
  → 부진한 정책·경제·선거 등을 강화할 때 사용

- **～にわたり** — ~에 걸쳐  
  → 횟수·기간·범위를 나타내는 격식 있는 뉴스 표현

- **支持を集める** — 지지를 모으다  
  → 선거·정치 기사에서 매우 빈번하게 사용

- **～かねない** — ~할 우려가 있다  
  → 부정적인 결과의 가능성을 나타냄

- **焦点となる** — 초점이 되다, 관심사가 되다  
  → 앞으로 주목해야 할 쟁점을 제시할 때 사용

- **求心力が低下する** — 구심력이 약화되다  
  → 정치 지도자의 영향력 약화를 설명할 때 사용

> **팁**
>
> 정치 뉴스를 꾸준히 읽는다면 `焦点となる → ～かねない → 求心力が低下する`처럼 **쟁점 → 우려 → 정치적 영향**을 나타내는 표현들을 묶어서 기억하면 활용도가 높습니다.

---

## 핵심 어휘

- **県政奪還** `けんせいだっかん` — 현정 탈환
- **総力戦** `そうりょくせん` — 총력전
- **推薦** `すいせん` — 추천
- **配慮する** `はいりょする` — 배려하다, 고려하다
- **決起大会** `けっきたいかい` — 결의대회, 출정식 성격의 집회
- **移設** `いせつ` — 이전 설치
- **執行部** `しっこうぶ` — 집행부
- **てこ入れ** `てこいれ` — 지원 강화, 활성화를 위한 개입
- **自主投票** `じしゅとうひょう` — 자율투표
- **重鎮** `じゅうちん` — 중진
- **互角** `ごかく` — 호각, 대등함
- **保守色** `ほしゅしょく` — 보수적 색채
- **異論** `いろん` — 이론, 다른 의견
- **焦点** `しょうてん` — 초점, 쟁점
- **求心力** `きゅうしんりょく` — 구심력, 지도자의 정치적 장악력

> **팁**
>
> 이번 기사에서는 `奪還する`, `推薦を受ける`, `支持を集める`, `異論がある`, `求心力が低下する`처럼 **명사와 함께 쓰이는 동사까지 하나의 단위로** 기억하는 것을 추천합니다.

---

## 뉴스 제목 읽기

**제목**

自民、沖縄県政奪還へ総力戦　幹部投入、政党色に配慮も

**자연스러운 해석**

**자민당, 오키나와 현정 탈환 위해 총력전…간부 투입하면서도 정당색은 신중히**

**일반 문장으로 복원**

`自民党は沖縄県政の奪還に向けて総力戦を展開し、党幹部を投入する一方、政党色が強く出過ぎないよう配慮もしている。`

→ 자민당은 오키나와 현정 탈환을 위해 총력전을 펼치며 당 간부들을 투입하는 한편, 정당색이 지나치게 강하게 드러나지 않도록 신경 쓰고 있다.

**생략된 요소**

- `自民` → 정식 명칭 `自民党`
- `沖縄県政奪還へ` → `沖縄県政の奪還に向けて`
- `総力戦` 뒤의 `を展開する`
- `幹部投入` → `幹部を投入する`
- `政党色に配慮も` → `政党色にも配慮している`

**제목체 특징**

- 조사 `の・を`가 적극적으로 생략됨
- `奪還・総力戦・投入・配慮`라는 한자 명사를 연속 배치
- `へ` 하나로 ‘~을 향해/~을 목표로’라는 방향성을 압축
- 마지막 `も`를 사용해 **“총력전을 벌이는 한편 이런 고려까지 하고 있다”**는 추가적인 뉘앙스를 전달
- 완전한 문장 대신 핵심 정치 키워드를 전면에 배치

> **팁**
>
> `自民、沖縄県政奪還へ総力戦`이 처음에는 어렵게 보여도 조사를 복원하면  
> `自民党は / 沖縄県政の奪還に向けて / 総力戦を展開する`  
> 가 됩니다. 일본 뉴스 제목은 **명사 사이에 숨어 있는 조사와 동사를 복원하는 연습**이 특히 중요합니다.

---

## 복습 정리

### 이번 뉴스 한 줄 요약

자민당은 12년 만의 오키나와 현정 탈환을 위해 고자 겐타 후보에게 조직력을 집중하고 있지만, 폭넓은 지지와 공명당 표를 확보하기 위해 **다카이치 정권을 비롯한 자민당의 정당색은 오히려 약화하는 전략**을 취하고 있다.

### 꼭 기억할 표현

- **～を踏まえる** — ~을 고려하다, ~을 바탕으로 하다
- **総力戦を展開する** — 총력전을 펼치다
- **てこ入れを図る** — 지원·강화를 꾀하다
- **～かねない** — ~할 우려가 있다
- **焦点となる** — 초점·쟁점이 되다
- **求心力が低下する** — 정치적 구심력이 약화되다

### 꼭 기억할 어휘

- **奪還** `だっかん` — 탈환
- **総力戦** `そうりょくせん` — 총력전
- **てこ入れ** `てこいれ` — 지원 강화
- **異論** `いろん` — 다른 의견, 이견
- **求心力** `きゅうしんりょく` — 구심력, 정치적 장악력

### 내용 흐름

`自民党、12年ぶりの県政奪還を目指す`  
자민당이 12년 만의 오키나와 현정 탈환을 목표로 함

↓

`党幹部が続々と沖縄入り`  
당 지도부가 잇따라 오키나와에 들어가 조직적으로 지원

↓

`古謝氏は経済政策をアピール`  
고자 후보는 헤노코 문제보다 경제정책을 전면에 내세움

↓

`政党色を薄め、幅広い支持を狙う`  
자민당색을 약화해 공명당 등을 포함한 폭넓은 지지층을 공략

↓

`首相の沖縄入りも焦点に`  
다카이치 총리의 직접 지원 여부와 선거 패배 시 구심력 저하가 새로운 변수로 부상

> **팁**
>
> 이번 기사를 복습할 때는 세부 인물 이름을 모두 외우기보다 **`奪還を目指す → てこ入れ → 政党色を薄める → ～かねない → 求心力`**의 흐름을 기억하세요. 정치 뉴스에서 반복적으로 만날 수 있는 표현들이 한 번에 연결됩니다.

### 한 줄 요약

> **이번 기사에서는 정치 뉴스의 핵심 표현인 `～を踏まえる`, `てこ入れ`, `～かねない`, `求心力`을 실제 선거 전략의 맥락과 함께 익히는 것이 가장 중요한 학습 포인트입니다.**","[""日本語"",""単語"",""文章分析"",""yahoo news"",""時事通信"",""自民党""]",2026-08-23 03:02:03.722159+00,e1848554-ffae-479c-a8cd-4c0d77b7bed2,2026-08-26 04:03:43.051122+00,0,4,0,2026-08-26 04:03:43.051122+00,0,null,null,null,false,null,null,null,null,false,null,null,null,null,"[{""id"":""c06f666a-0c69-45a8-88e0-fa5f66179d18"",""name"":""20260823_114300.png"",""path"":""logs/2026/08/23/d6c0ab69-6252-47dd-8792-bb15c2b1e9ab.png"",""size"":452645,""bucket"":""log-attachments"",""mimeType"":""image/png"",""publicUrl"":""https://vqlawpnnmtequmbdvfcr.supabase.co/storage/v1/object/public/log-attachments/logs/2026/08/23/d6c0ab69-6252-47dd-8792-bb15c2b1e9ab.png""},{""id"":""ed8c0947-7495-4209-9d69-10861892105e"",""name"":""20260823_114334.png"",""path"":""logs/2026/08/23/141e20a2-5813-4dc9-8096-a3eb56b2daec.png"",""size"":594204,""bucket"":""log-attachments"",""mimeType"":""image/png"",""publicUrl"":""https://vqlawpnnmtequmbdvfcr.supabase.co/storage/v1/object/public/log-attachments/logs/2026/08/23/141e20a2-5813-4dc9-8096-a3eb56b2daec.png""},{""id"":""14cbd491-d088-4f2a-80f3-6e7b5a824162"",""name"":""screencapture-news-yahoo-co-jp-articles-159f49741fc2b95108a9b25f7f9a187e270529db-2026-08-23-11_45_41.png"",""path"":""logs/2026/08/23/b31bd6cd-2fdf-4d2d-96c5-543b839ca96e.png"",""size"":4755934,""bucket"":""log-attachments"",""mimeType"":""image/png"",""publicUrl"":""https://vqlawpnnmtequmbdvfcr.supabase.co/storage/v1/object/public/log-attachments/logs/2026/08/23/b31bd6cd-2fdf-4d2d-96c5-543b839ca96e.png""},{""id"":""e5274573-7e5d-4ac5-a5da-9b647d8619dc"",""name"":""20260823- 自民、沖縄県政奪還へ総力戦　幹部投入、政党色に配慮も.md"",""path"":""logs/2026/08/23/ab14629a-7cd4-4d8d-b04e-deb753e486d8.md"",""size"":25499,""bucket"":""log-attachments"",""mimeType"":""text/markdown; charset=utf-8"",""publicUrl"":""https://vqlawpnnmtequmbdvfcr.supabase.co/storage/v1/object/public/log-attachments/logs/2026/08/23/ab14629a-7cd4-4d8d-b04e-deb753e486d8.md""},{""id"":""543aa056-2cde-4638-84ef-f15ada7fd146"",""name"":""20260823- 自民、沖縄県政奪還へ総力戦　幹部投入、政党色に配慮も.pdf"",""path"":""logs/2026/08/23/6e867244-fac5-48aa-a97f-78b0556ecbe8.pdf"",""size"":5817741,""bucket"":""log-attachments"",""mimeType"":""application/pdf"",""publicUrl"":""https://vqlawpnnmtequmbdvfcr.supabase.co/storage/v1/object/public/log-attachments/logs/2026/08/23/6e867244-fac5-48aa-a97f-78b0556ecbe8.pdf""},{""id"":""d4203524-7905-46f4-a1d4-fb86c7cbc57e"",""name"":""20260823- 自民、沖縄県政奪還へ総力戦　幹部投入、政党色に配慮も2-table.md"",""path"":""logs/2026/08/23/38e875a8-af76-43af-a1e7-4bb663a08621.md"",""size"":34772,""bucket"":""log-attachments"",""mimeType"":""text/markdown; charset=utf-8"",""publicUrl"":""https://vqlawpnnmtequmbdvfcr.supabase.co/storage/v1/object/public/log-attachments/logs/2026/08/23/38e875a8-af76-43af-a1e7-4bb663a08621.md""},{""id"":""33d5764e-c3ca-415b-a89e-77e1b4e4c59a"",""name"":""20260823- 自民、沖縄県政奪還へ総力戦　幹部投入、政党色に配慮も2-table.pdf"",""path"":""logs/2026/08/23/3deb0ba4-bbde-4776-a7db-72593b93395e.pdf"",""size"":5939735,""bucket"":""log-attachments"",""mimeType"":""application/pdf"",""publicUrl"":""https://vqlawpnnmtequmbdvfcr.supabase.co/storage/v1/object/public/log-attachments/logs/2026/08/23/3deb0ba4-bbde-4776-a7db-72593b93395e.pdf""}]",[],null,null
0ef3a346-f863-4724-a4e1-87fe6516406d,吐き気がする,"# 일본어 문장 분석

> **출처**
>
> **영상** : [劇場版「鬼滅の刃」無限城編 第一章 猗窩座再来](https://www.netflix.com/watch/82723106?trackId=264243021&tctx=1%2C2%2C8264fe21-6026-4df4-be0f-1fe84fe1b48d%2CeyJwYWdlSWQiOiJQU18zYjNhMGY4Zi04NGU1LTRmNTYtYmQzYi0zNTRhZTE3Yzg5ODBfTDFfTjExIiwic2VjdGlvbklkIjoiYmYxYzZjNzItMjYzZC00MzliLTg4OGYtOGQ1MzRmMTMzNmE3IiwiaWR4IjotOTk5fQ%3D%3D%2CPS_3b3a0f8f-84e5-4f56-bd3b-354ae17c8980_L1_N11%2C%2C%2C%2C82723106%2CVideo%3A82723106%2CminiDpPlayButton)

- **분석 구간:**17:35 ~17:41

> **첨부**
>
> [[attach:28d18a9f-0c07-4f6f-8537-faa797303363]]
> [[attach:f59b7428-5fce-4ca3-8d51-8de2e1401f5c]]
> [[attach:9015ab41-712f-4738-90d6-6ff1b994a489]]
> [[attach:56338ae0-7632-4433-8f26-e10236480015]]
> [[attach:5e49acd0-966e-44d4-af16-8a4cb1559999]]
> [[attach:2d8c71ad-8760-4754-9416-92759cbe8a86]]

---

## 상황

연못 위에 놓인 통로에서 두 인물이 서로 대치하며 대화를 나누는 장면입니다. 한쪽 인물이 상대방의 행동이나 태도를 강하게 비난하자, 상대방 역시 그 공격적인 말투를 지적하며 맞받아칩니다.

**상황 설명**

첫 번째 화자는 상대를 단순히 비판하는 수준을 넘어 `正気とは思いませんね`, `頭大丈夫でしょうか`, `吐き気がする`처럼 상당히 공격적인 표현을 연달아 사용합니다.

이에 두 번째 화자는 내용 자체를 반박하기보다는 `初対面なのに`라고 말하면서, 처음 만난 사람에게 지나치게 날카롭게 말하는 상대의 태도를 문제 삼습니다.

> **팁**
>
> 이 장면은 문법 자체보다 **화자의 말투 변화**를 함께 보는 것이 중요합니다. 첫 화자는 정중형 `～ませんね`, `～でしょうか`를 사용하지만 실제 태도는 전혀 공손하지 않습니다. 일본어에서는 정중체가 반드시 친절함을 의미하지 않으며, 오히려 차갑고 냉소적인 공격에 사용되기도 합니다.

---

## 원문

胡蝶しのぶ（こちょうしのぶ）：

正気とは思いませんね。

あなた、頭大丈夫でしょうか？

本当に吐き気がする。

童磨（どうま）：
え？ 初対面なのに、ずいぶんとげとげしいな。

> **팁**
>
> 받아 적으신 문장 가운데 `とけとけしい`는 문맥상 **`とげとげしい`**로 보는 것이 자연스럽습니다.
>
> `とげとげしい`는 원래 가시가 돋친 듯하다는 이미지에서 나온 말로, 사람의 말투나 태도가 **날카롭고 공격적이다**라는 뜻입니다.
>
> 또한 `本当の吐き気がする`보다는 문법적으로 **`本当に吐き気がする`**가 자연스럽습니다. 실제 발화가 `ほんと、吐き気がする`였을 가능성도 있습니다.

---

## 자연스러운 번역

제정신이라고는 생각되지 않네요.

당신, 머리는 괜찮은 건가요?

정말 구역질 나네요.

어? 처음 만난 사이인데도 꽤 날카롭게 말하네.

> **팁**
>
> `頭大丈夫でしょうか？`를 문자 그대로 머리가 괜찮습니까?라고 옮기면 의미가 잘 드러나지 않습니다. 여기서는 상대의 **정신 상태나 판단력을 비꼬는 말**이므로 한국어의 머리 괜찮아요?, 제정신이에요? 정도로 이해하는 것이 자연스럽습니다.

---

## 핵심 포인트

- **正気とは思わない** — 제정신이라고 생각하지 않다
  → 상대의 행동이나 판단이 정상적이지 않다고 강하게 비판하는 표현입니다.

- **頭大丈夫？** — 머리 괜찮아?
  → 실제 머리의 부상을 묻는 경우도 있지만, 이 장면에서는 제정신이냐?라는 공격적인 의미입니다.

- **吐き気がする** — 구역질이 나다
  → 실제 신체 증상뿐 아니라 상대에 대한 강한 혐오감을 나타낼 때도 사용합니다.

- **とげとげしい** — 날카롭다, 가시 돋치다
  → 말투·태도·분위기가 공격적이고 신경질적인 상태를 묘사합니다.

> **팁**
>
> 이 장면의 표현들은 사전적 뜻보다 **대인관계에서의 공격성 정도**를 함께 기억하는 것이 좋습니다. `正気とは思わない → 頭大丈夫？ → 吐き気がする` 순으로 갈수록 상대를 직접적으로 공격하는 느낌이 강해집니다.

---

## 문장별 분석

### 1. 正気とは思いませんね。

#### 해석

**자연스러운 번역**

제정신이라고는 생각되지 않네요.

**직역**

제정신이라고는 생각하지 않네요.

**뉘앙스**

`正気ではない`라고 직접 단정하지 않고 `正気とは思いません`이라고 표현했습니다.

형식적으로는 자신의 판단을 말하는 구조이기 때문에 단정성이 조금 완화되지만, 실제 의미는 상대방의 행동을 보면서 **정상적인 사고를 하고 있다고는 도저히 생각할 수 없다**고 비난하는 것입니다.

마지막의 `ね` 역시 친근한 공감을 구하는 `ね`라기보다는 자신의 판단을 확인하듯 덧붙이는 느낌입니다.

> **팁**
>
> `～とは思わない`를 볼 때는 `と`를 단순 인용 조사로만 보지 말고, **그렇게는 생각하지 않는다**라는 하나의 덩어리로 익혀 두는 것이 좋습니다.

---

#### 문장 구조

`正気 / とは / 思いません / ね`

- **正気** `명사` — 정상적인 정신 상태, 제정신
- **と** `인용 조사` — 생각의 내용을 표시
- **は** `대조·강조` — 적어도 그렇게는이라는 뉘앙스
- **思いません** `동사 思う의 정중 부정형` — 생각하지 않습니다
- **ね** `종조사` — 자신의 판단을 덧붙여 확인하는 말끝

> **팁**
>
> 특히 `とは`를 하나의 의미 단위로 묶어서 `正気とは / 思いません`으로 끊어 읽으면 이해하기 쉽습니다.

---

#### 핵심 단어

##### 正気（しょうき）

**기본 의미:** 제정신, 정상적인 정신 상태

이 문장에서는 상대의 판단이나 행동이 정상적이지 않다는 의미로 사용됩니다.

`正気に戻る`
→ 제정신으로 돌아오다

`正気を失う`
→ 제정신을 잃다

> **팁**
>
> `元気`와 소리가 비슷하지만 전혀 다른 단어입니다. `正気`는 정신적 정상 상태, `元気`는 건강하고 활기찬 상태를 나타냅니다.

---

#### 핵심 문법

##### ～とは思わない

**형태**

`보통형 + とは思わない`

명사의 경우:

`명사 + だ + とは思わない`

문맥에 따라 `だ`가 생략되기도 합니다.

**의미**

- ～라고는 생각하지 않는다
- ～일 것이라고는 생각하지 않는다

**원문에서**

`正気とは思いませんね。`
→ 제정신이라고는 생각되지 않네요.

`は`가 들어가면서 단순한 `と思いません`보다 **그렇게까지는 생각하지 않는다 / 적어도 그렇게 보이지는 않는다**라는 대조적 느낌이 생깁니다.

**예문**

`彼が嘘をついているとは思わない。`
→ 그가 거짓말을 하고 있다고는 생각하지 않는다.

`こんなに難しいとは思わなかった。`
→ 이렇게 어려울 줄은 몰랐다.

> **팁**
>
> `とは思わなかった`는 드라마와 회화에서 매우 자주 나옵니다. 예상 밖의 일을 보고 이럴 줄은 몰랐어라는 의미로 통째로 익혀 두면 좋습니다.

---

#### 회화 포인트

정중형인 `思いません`을 사용하고 있지만 실제 말투는 정중하지 않습니다.

`正気じゃないですね。`
→ 좀 더 직접적으로 제정신이 아니네요.

`正気とは思いませんね。`
→ 제정신이라고는 생각되지 않네요.

두 번째 표현이 형태상 간접적이기 때문에 오히려 **차갑게 평가하는 느낌**이 강해질 수 있습니다.

> **팁**
>
> 일본어에서는 존댓말과 친절함을 동일하게 생각하면 안 됩니다. 적대적인 상황에서도 `です・ます`체를 사용하여 차갑게 상대를 깎아내리는 경우가 많습니다.

---

### 2. あなた、頭大丈夫でしょうか？

#### 해석

**자연스러운 번역**

당신, 머리는 괜찮은 건가요?

문맥에 따라:

제정신이세요?

**직역**

당신, 머리는 괜찮은 것일까요?

**뉘앙스**

실제로 상대의 머리 상태나 부상을 걱정하는 질문이 아니라, 상대방의 생각이나 행동을 보고 **머리가 제대로 돌아가고 있느냐**고 비꼬는 표현입니다.

`でしょうか`라는 공손한 의문형을 사용하기 때문에 표면적으로는 정중하지만, 문맥상 상당한 빈정거림을 포함합니다.

> **팁**
>
> `大丈夫？`는 무조건 괜찮아?가 아닙니다. 무엇이 `大丈夫`인지 문맥에서 반드시 확인해야 합니다. `頭大丈夫？`라면 상황에 따라 머리 안 다쳤어?도 되고 제정신이야?도 됩니다.

---

#### 문장 구조

`あなた / 頭 / 大丈夫 / でしょうか`

- **あなた** `대명사` — 당신
- **頭** `명사` — 머리; 문맥상 사고 능력·정신 상태
- **大丈夫** `ナ형용사적 표현` — 괜찮다, 문제없다
- **でしょうか** `정중한 의문 표현` — ～일까요?, ～인가요?

> **팁**
>
> 회화에서는 조사가 빠져 `頭は大丈夫でしょうか`가 `頭大丈夫でしょうか`처럼 들리는 일이 흔합니다. 따라서 받아쓰기할 때 조사가 들리지 않는다고 해서 반드시 문법 오류라고 판단할 필요는 없습니다.

---

#### 핵심 단어

##### 頭（あたま）

**기본 의미:** 머리

문맥에 따라 두뇌, 사고 능력까지 의미가 확장됩니다.

`頭がいい`
→ 머리가 좋다, 영리하다

`頭がおかしい`
→ 정신이 이상하다

> **팁**
>
> 한국어의 머리가 좋다, 머리가 이상하다와 비슷하게 일본어 `頭`도 물리적인 신체 부위에서 사고 능력으로 의미가 확장됩니다.

---

#### 핵심 문법

##### ～でしょうか

**형태**

`명사・ナ형용사 + でしょうか`

`イ형용사・동사 보통형 + でしょうか`

**의미**

정중하게 질문하거나 추측을 확인합니다.

**원문에서**

`頭大丈夫でしょうか？`
→ 머리는 괜찮으신가요?

하지만 이 장면에서는 진짜 걱정이 아니라 **비꼬는 질문**입니다.

> **팁**
>
> 문법책에서 `でしょうか = 정중한 질문`이라고 외우는 것만으로는 부족합니다. 실제 회화에서는 억양과 상황에 따라 냉소, 의심, 책망까지 표현할 수 있습니다.

---

### 3. 本当に吐き気がする。

#### 해석

**자연스러운 번역**

정말 구역질 나.

또는 문맥을 강하게 살리면:

진짜 역겨워.

**뉘앙스**

`吐き気がする`는 본래 실제로 메스꺼움을 느끼는 신체 증상을 나타내지만, 여기서는 상대의 행동이나 존재에 대한 **극도의 혐오감**을 표현하는 말로 이해할 수 있습니다.

> **팁**
>
> 신체 감각을 나타내는 표현이 감정 표현으로 확장되는 경우가 많습니다. 한국어의 토할 것 같다, 역겨워와 매우 비슷합니다.

---

#### 문장 구조

`本当に / 吐き気が / する`

- **本当に** `부사` — 정말로
- **吐き気** `명사` — 구역질, 메스꺼움
- **が** `격조사` — 감각·증상의 주체를 표시
- **する** `동사` — 나다, 느껴지다

> **팁**
>
> 여기서 `する`를 하다라고 직역하면 안 됩니다. 감각·소리·냄새와 결합하는 `する`는 **～이 나다 / ～이 느껴지다**로 해석합니다.

---

#### 핵심 단어

##### 吐き気（はきけ）

**기본 의미:** 메스꺼움, 구역질

`吐き気がする`
→ 구역질이 나다

`吐き気を催す`
→ 구역질이 나다, 메스꺼움을 느끼다

> **팁**
>
> `吐く`가 토하다라는 동사이고, `吐き気`는 토할 것 같은 느낌을 뜻합니다. `吐き気がする`를 하나의 묶음으로 외우는 것이 좋습니다.

---

#### 핵심 문법

##### 감각 명사 + がする

**형태**

`냄새・소리・맛・느낌 등을 나타내는 명사 + がする`

**의미**

～이 나다 / ～이 느껴지다

**예문**

`変な匂いがする。`
→ 이상한 냄새가 난다.

`外から音がする。`
→ 밖에서 소리가 난다.

> **팁**
>
> `気がする`와 혼동하지 않는 것이 중요합니다. `気がする`는 ～인 것 같다라는 느낌·판단이고, `吐き気がする`는 실제 `吐き気`라는 명사가 주어가 된 구조입니다.

---

### 4. え？ 初対面なのに、ずいぶんとげとげしいな。

#### 해석

**자연스러운 번역**

어? 처음 만난 사이인데도 꽤 날카롭게 말하네.

화자의 말투를 조금 더 살리면:

어? 초면인데 말 한번 되게 까칠하게 하네.

**직역**

어? 처음 대면한 사이인데도 꽤 가시 돋쳐 있네.

**뉘앙스**

상대가 처음 보는 사람에게 지나치게 공격적으로 말한다는 점을 지적하고 있습니다.

`なのに`는 기대와 현실의 어긋남을 나타냅니다.

즉,

처음 만난 사이라면 보통 이렇게까지 공격적으로 말하지 않을 텐데
→ 그런데 상당히 날카롭게 말한다

라는 사고 흐름입니다.

`ずいぶん`은 단순히 매우라는 정도 표현이 아니라, 화자가 **예상 이상이라고 느끼는 놀람이나 평가**도 포함합니다.

> **팁**
>
> 이 문장의 핵심은 `初対面なのに`입니다. 뒤의 말을 보기 전에 초면인데도…라고 생각하면 화자가 무엇을 이상하게 여기는지 쉽게 예측할 수 있습니다.

---

#### 문장 구조

`え？ / 初対面なのに / ずいぶん / とげとげしい / な`

- **え？** `감탄사` — 어?, 응?
- **初対面** `명사` — 첫 대면, 초면
- **なのに** `역접 표현` — ～인데도, ～임에도
- **ずいぶん** `부사` — 상당히, 꽤, 예상 이상으로
- **とげとげしい** `イ형용사` — 가시 돋친, 날카로운
- **な** `종조사` — 감상·판단을 혼잣말처럼 나타냄

> **팁**
>
> `初対面なのに / ずいぶんとげとげしいな`의 두 덩어리로 먼저 나누면 매우 쉽습니다. 앞은 기대 조건, 뒤는 실제 평가입니다.

---

#### 핵심 단어

##### 初対面（しょたいめん）

**기본 의미:** 처음 만남, 초면

`初対面の人`
→ 처음 만난 사람

`初対面で失礼なことを言う`
→ 초면에 실례되는 말을 하다

> **팁**
>
> 한국어의 초면과 거의 같은 감각으로 사용할 수 있습니다. `初対面なのに` 자체가 초면인데도라는 매우 자연스러운 회화 표현입니다.

##### とげとげしい

**기본 의미:** 가시 돋친, 날카로운, 공격적인

사람의 말투·태도·분위기가 부드럽지 않고 상대를 찌르는 것 같은 상태를 나타냅니다.

`とげとげしい言い方`
→ 가시 돋친 말투

`とげとげしい態度`
→ 날카롭고 공격적인 태도

> **팁**
>
> 어원 이미지를 그대로 기억하면 쉽습니다. `とげ（棘）`가 가시이므로 `とげとげしい`는 말과 태도에 가시가 잔뜩 돋아 있는 느낌입니다.

##### ずいぶん

**기본 의미:** 상당히, 꽤

단순한 정도뿐 아니라 예상보다 크다는 화자의 평가가 섞이는 경우가 많습니다.

`ずいぶん変わったね。`
→ 정말 많이 변했네.

`ずいぶん早いね。`
→ 꽤 빠르네 / 생각보다 빠르네.

> **팁**
>
> `とても`는 비교적 중립적인 매우인 반면 `ずいぶん`에는 생각보다 꽤라는 주관적 평가가 자주 들어갑니다.

---

#### 핵심 문법

##### 명사 + なのに

**형태**

`명사 + なのに`

`ナ형용사 + なのに`

`イ형용사 + のに`

`동사 보통형 + のに`

**의미**

～인데도 / ～임에도 불구하고

**원문에서**

`初対面なのに`
→ 초면인데도

보통 처음 만난 사람에게는 어느 정도 예의를 갖출 것이라는 기대와 실제 상황이 어긋났음을 나타냅니다.

**예문**

`初対面なのに、昔からの友達みたいに話してくる。`
→ 초면인데도 예전부터 알고 지낸 친구처럼 말을 걸어온다.

`子供なのに、すごくしっかりしている。`
→ 어린아이인데도 굉장히 야무지다.

> **팁**
>
> `のに`를 단순히 그런데도라고 암기하기보다 **원래라면 A일 텐데 실제로는 B다**라는 기대 위반 구조로 이해하면 훨씬 잘 기억됩니다.

---

#### 회화 포인트

`ずいぶんとげとげしいな`의 `な`는 상대에게 정보를 요구하는 표현이 아니라 화자가 상황을 보고 평가를 내리는 말끝입니다.

`とげとげしいですね。`
→ 날카롭네요.

`とげとげしいな。`
→ 참 날카롭네 / 되게 까칠하네.

후자가 훨씬 독백·평가적인 느낌이 강합니다.

> **팁**
>
> 애니메이션이나 드라마에서 남성 화자의 `～な`가 들리면 무조건 금지형으로 해석하면 안 됩니다. 문장 끝의 `な`는 감탄·평가를 나타내는 종조사인 경우가 매우 많습니다.

---

## 표현 비교

- **正気ではない** — 제정신이 아니다
  → 직접적으로 상대가 정상적이지 않다고 단정합니다.

- **正気とは思わない** — 제정신이라고는 생각하지 않는다
  → 판단의 형태를 취하지만 실제로는 상당히 냉정한 비판입니다.

- **とげとげしい** — 가시 돋치고 공격적이다
  → 말투·태도 자체가 날카로운 상태를 묘사합니다.

- **きつい** — 세다, 심하다, 독하다
  → 말이나 성격이 강하다는 넓은 의미로 사용할 수 있으며 `とげとげしい`보다 범위가 넓습니다.

> **팁**
>
> 사람의 말투를 표현할 때는 `きつい → とげとげしい`처럼 구별해 두면 좋습니다. `きつい言い方`은 표현이 세다는 뜻이고, `とげとげしい言い方`은 상대를 찌르는 듯한 공격적인 분위기까지 포함합니다.

---

## 전체 문장 다시 보기

### 일본어

正気とは思いませんね。

あなた、頭大丈夫でしょうか？

本当に吐き気がする。

え？ 初対面なのに、ずいぶんとげとげしいな。

### 자연스러운 한국어

제정신이라고는 생각되지 않네요.

당신, 머리는 괜찮은 건가요?

정말 구역질 나네요.

어? 처음 만난 사이인데도 참 날카롭게 말하네.

> **팁**
>
> 전체 흐름은 **상대의 정신 상태 비판 → 직접적인 비꼼 → 혐오감 표현 → 상대가 그 공격적인 말투를 지적**하는 구조입니다. 개별 문장을 외우기보다 이 감정의 흐름과 함께 기억하면 실제 회화에서 훨씬 오래 남습니다.

---

## 복습 정리

### 핵심 문법

- **～とは思わない** — ～라고는 생각하지 않는다
  → `と + は`의 대조·강조를 함께 파악합니다.

- **～でしょうか** — ～일까요?, ～인가요?
  → 정중형이라도 문맥상 빈정거림이 될 수 있습니다.

- **명사 + なのに** — ～인데도
  → 기대와 현실의 어긋남을 나타냅니다.

- **명사 + がする** — ～이 나다, ～이 느껴지다
  → 냄새·소리·감각 표현과 자주 결합합니다.

> **팁**
>
> 이번 장면에서는 `なのに`와 `とは思わない`를 우선적으로 복습하는 것이 좋습니다. 둘 다 단순 번역보다 **화자의 기대·판단을 드러내는 기능**이 중요합니다.

---

### 핵심 단어

- **正気** `しょうき` — 제정신
- **頭** `あたま` — 머리, 사고 능력
- **吐き気** `はきけ` — 구역질, 메스꺼움
- **初対面** `しょたいめん` — 초면, 처음 만남
- **とげとげしい** — 가시 돋친, 날카로운
- **ずいぶん** — 상당히, 생각보다 꽤

> **팁**
>
> 단어를 `正気に戻る`, `吐き気がする`, `初対面なのに`, `とげとげしい言い方`처럼 실제 결합 형태로 외우면 회화에서 바로 사용할 수 있습니다.

---

### 회화 흐름

`正気とは思いませんね`
상대의 정신 상태를 부정적으로 평가

↓

`頭大丈夫でしょうか？`
비꼬는 질문으로 공격 강도를 높임

↓

`本当に吐き気がする`
강한 혐오감을 직접 표현

↓

`初対面なのに、ずいぶんとげとげしいな`
상대가 그 공격적인 태도 자체를 지적

> **팁**
>
> 이 흐름을 통째로 기억하면 일본어에서 **정중한 문장 형식과 실제 감정이 서로 다를 수 있다**는 점을 자연스럽게 익힐 수 있습니다.

---

### 한 줄 요약

> **`正気とは思わない`, `頭大丈夫？`, `吐き気がする`로 강하게 상대를 비난하고, 이에 상대가 `初対面なのにずいぶんとげとげしい`라며 초면치고 지나치게 공격적인 말투라고 지적하는 장면입니다.**
","[""日本語"",""単語"",""文章分析"",""netflix"",""劇場版「鬼滅の刃」無限城編 第一章 猗窩座再来"",""胡蝶しのぶ"",""童磨""]",2026-08-24 12:41:26.142125+00,e1848554-ffae-479c-a8cd-4c0d77b7bed2,2026-08-24 19:43:46.346397+00,0,3,0,2026-08-24 19:43:46.346397+00,0,null,null,null,false,null,null,null,null,false,null,null,null,null,"[{""id"":""28d18a9f-0c07-4f6f-8537-faa797303363"",""name"":""20260824_204336.png"",""path"":""logs/2026/08/25/7552c8bf-19f8-4e64-b257-01f2fc0c2dec.png"",""size"":1977852,""bucket"":""log-attachments"",""mimeType"":""image/png"",""publicUrl"":""https://vqlawpnnmtequmbdvfcr.supabase.co/storage/v1/object/public/log-attachments/logs/2026/08/25/7552c8bf-19f8-4e64-b257-01f2fc0c2dec.png""},{""id"":""f59b7428-5fce-4ca3-8d51-8de2e1401f5c"",""name"":""20260824_204542.png"",""path"":""logs/2026/08/25/b57a1208-977b-481c-9711-ff67e5193042.png"",""size"":1981383,""bucket"":""log-attachments"",""mimeType"":""image/png"",""publicUrl"":""https://vqlawpnnmtequmbdvfcr.supabase.co/storage/v1/object/public/log-attachments/logs/2026/08/25/b57a1208-977b-481c-9711-ff67e5193042.png""},{""id"":""9015ab41-712f-4738-90d6-6ff1b994a489"",""name"":""20260824_204605.png"",""path"":""logs/2026/08/25/a01818d8-65a7-4975-9cee-31ffeb5270a4.png"",""size"":1994793,""bucket"":""log-attachments"",""mimeType"":""image/png"",""publicUrl"":""https://vqlawpnnmtequmbdvfcr.supabase.co/storage/v1/object/public/log-attachments/logs/2026/08/25/a01818d8-65a7-4975-9cee-31ffeb5270a4.png""},{""id"":""56338ae0-7632-4433-8f26-e10236480015"",""name"":""20260824_204629.png"",""path"":""logs/2026/08/25/7d414d18-a9ca-4cf7-9bb7-5d9643353ce6.png"",""size"":2326910,""bucket"":""log-attachments"",""mimeType"":""image/png"",""publicUrl"":""https://vqlawpnnmtequmbdvfcr.supabase.co/storage/v1/object/public/log-attachments/logs/2026/08/25/7d414d18-a9ca-4cf7-9bb7-5d9643353ce6.png""},{""id"":""5e49acd0-966e-44d4-af16-8a4cb1559999"",""name"":""20260823-鬼滅の刃無限城編2-table-JLPT.md"",""path"":""logs/2026/08/25/a7e711e6-127b-43f6-9357-6860a6b4a4b0.md"",""size"":13522,""bucket"":""log-attachments"",""mimeType"":""text/markdown; charset=utf-8"",""publicUrl"":""https://vqlawpnnmtequmbdvfcr.supabase.co/storage/v1/object/public/log-attachments/logs/2026/08/25/a7e711e6-127b-43f6-9357-6860a6b4a4b0.md""},{""id"":""2d8c71ad-8760-4754-9416-92759cbe8a86"",""name"":""20260823-鬼滅の刃無限城編2-table-とげとげしい.md"",""path"":""logs/2026/08/25/e4e5c087-63d3-4321-8f22-02ef20b85ea5.md"",""size"":21283,""bucket"":""log-attachments"",""mimeType"":""text/markdown; charset=utf-8"",""publicUrl"":""https://vqlawpnnmtequmbdvfcr.supabase.co/storage/v1/object/public/log-attachments/logs/2026/08/25/e4e5c087-63d3-4321-8f22-02ef20b85ea5.md""}]",[],null,null
8337df22-6202-4950-b5d9-922cc2b33e65,自動車保険料、5％値上げ　損保ジャパン、27年1月,"# 일본어 뉴스 분석

> **출처**
>
> 共同通信  
> [自動車保険料、5％値上げ　損保ジャパン、27年1月](https://news.yahoo.co.jp/articles/533f1fde5170ea237c2f479980328ef7d11dd2da)

> **첨부**
>
> [[attach:3c5f5602-0b71-448c-9747-fd88b606ee81]]
> [[attach:770138ff-6c64-462b-bc0b-803c2c39daea]]
> [[attach:9ba4a70f-3892-4790-bb8a-5df1dd5ceac7]]
> [[attach:66acdcc4-fdd3-4981-b1fb-b3198af98743]]
> [[attach:1eecc208-9b17-4b97-8313-aca60171715f]]
> [[attach:1d85eeaf-54e7-409b-b41e-bf1cc4dd35ba]]

---

## 뉴스 개요

**한 줄 요약**

손해보험재팬이 수리비와 인건비 상승으로 자동차보험 수지가 악화되자 2027년 1월부터 자동차보험료를 평균 약 5% 인상합니다. 올해 7월의 평균 약 1.8% 인상에 이은 추가 인상이며, 다른 대형 손해보험사들도 보험료 인상에 나서고 있습니다.

**핵심 주제**

- **주체** — 손해보험재팬(損害保険ジャパン)
- **대상·쟁점** — 자동차보험료 인상
- **배경** — 인플레이션과 인건비 상승에 따른 수리비 급등 및 보험금 지급 증가
- **핵심 행동·변화** — 2027년 1월부터 자동차보험료를 평균 약 5% 인상
- **목표·영향** — 적자가 예상되는 자동차보험 수지 개선
- **향후 전망·대응** — 다른 대형 손해보험사들도 보험료를 인상할 방침

> **팁**
>
> 이 기사는 `비용 상승 → 보험금 지급 증가 → 보험 수지 악화 → 보험료 인상`이라는 인과관계를 먼저 잡으면 전체 내용을 쉽게 이해할 수 있습니다.

---

## 원문

### 제목

自動車保険料、5％値上げ　損保ジャパン、27年1月

### 본문

損害保険大手の損害保険ジャパンが自動車保険料を2027年1月から平均約5％引き上げることが24日、分かった。今年7月に平均約1.8％引き上げたが、修理費用の高騰で保険金の支払いが増加しているため、さらなる値上げに踏み切る。

インフレや人件費の上昇で同社の26年4～6月の修理費単価は前年同期比で7.9％増加。同社関係者によると、27年3月期通期の自動車保険の収支は赤字予想で、値上げにより収支の改善を図る。

自動車保険を巡っては他の損保大手も値上げする方針で、東京海上日動火災保険が10月に平均約6.5％引き上げる。

---

## 자연스러운 전체 번역

### 제목

자동차보험료 5% 인상…손해보험재팬, 2027년 1월부터

### 본문

대형 손해보험사인 손해보험재팬이 2027년 1월부터 자동차보험료를 평균 약 5% 인상할 방침인 것으로 24일 확인됐다. 올해 7월에도 평균 약 1.8% 인상했지만, 수리비 급등으로 보험금 지급이 늘고 있어 추가 인상을 단행한다.

인플레이션과 인건비 상승으로 이 회사의 2026년 4~6월 수리비 단가는 전년 같은 기간보다 7.9% 증가했다. 회사 관계자에 따르면 2027년 3월기 전체 기간의 자동차보험 수지는 적자가 예상되며, 보험료 인상을 통해 수지 개선을 꾀한다.

자동차보험을 둘러싸고 다른 대형 손해보험사들도 보험료를 인상할 방침이다. 도쿄해상일동화재보험은 10월에 평균 약 6.5% 인상한다.

> **팁**
>
> `値上げに踏み切る`는 단순히 “가격을 올리다”보다 **“인상을 단행하다”**, `改善を図る`는 **“개선을 꾀하다”** 정도로 옮기면 뉴스 기사체에 자연스럽습니다.

---

## 핵심 내용

- **인상 시점** — 손해보험재팬은 2027년 1월부터 자동차보험료를 인상합니다.
- **인상 폭** — 평균 약 5%입니다.
- **직전 인상** — 2026년 7월에도 평균 약 1.8% 인상했습니다.
- **주요 원인** — 수리비 급등으로 보험금 지급이 증가하고 있습니다.
- **비용 상승** — 2026년 4~6월 수리비 단가는 전년 동기 대비 7.9% 증가했습니다.
- **수지 전망** — 2027년 3월기 전체 자동차보험 수지는 적자가 예상됩니다.
- **업계 동향** — 도쿄해상일동화재보험도 10월에 평균 약 6.5% 인상합니다.

> **팁**
>
> 경제 뉴스의 숫자는 각각 따로 외우기보다 `1.8% 기존 인상 → 수리비 7.9% 상승 → 5% 추가 인상`처럼 원인과 결과를 연결해 기억하는 것이 좋습니다.

---

## 핵심 문장 분석

> 모든 문장보다 다른 뉴스에서도 다시 활용할 수 있는 표현이 포함된 세 문장을 선별했습니다.

### 1. さらなる値上げに踏み切る

**원문**

今年7月に平均約1.8％引き上げたが、修理費用の高騰で保険金の支払いが増加しているため、さらなる値上げに踏み切る。

**해석**

올해 7월 평균 약 1.8% 인상했지만, 수리비 급등으로 보험금 지급이 늘고 있어 추가 인상을 단행한다.

#### 문장 구조

`今年7月に平均約1.8％引き上げたが / 修理費用の高騰で / 保険金の支払いが増加しているため / さらなる値上げに踏み切る`

- **今年7月に平均約1.8％引き上げたが** `전제·역접` — 올해 7월 평균 약 1.8% 인상했지만
- **修理費用の高騰で** `원인` — 수리비 급등으로
- **保険金の支払いが増加しているため** `이유` — 보험금 지급이 증가하고 있기 때문에
- **さらなる値上げに踏み切る** `결론·행동` — 추가 인상을 단행한다

#### 핵심 표현

##### ～に踏み切る

**의미**

검토나 망설임을 거친 뒤 어떤 조치나 행동을 실제로 실행하기로 결정하다. 문맥에 따라 **~을 단행하다, ~에 나서다**로 번역합니다.

**원문에서**

`さらなる値上げに踏み切る`  
→ 추가 인상을 단행하다

**뉘앙스·용법**

단순한 `する`보다 결정에 부담이나 판단이 있었음을 암시합니다. 가격 인상, 금리 인상, 구조조정, 정책 시행처럼 중요한 결정을 보도할 때 자주 사용됩니다.

**예문**

`政府は追加の経済対策に踏み切った。`  
→ 정부는 추가 경제 대책을 단행했다.

> **팁**
>
> `踏み切る`를 사전적 의미인 “발을 내딛다”로 해석하지 말고 뉴스에서는 `決断して実行する`라는 이미지로 기억하세요.

---

### 2. 収支の改善を図る

**원문**

同社関係者によると、27年3月期通期の自動車保険の収支は赤字予想で、値上げにより収支の改善を図る。

**해석**

회사 관계자에 따르면 2027년 3월기 전체 기간의 자동차보험 수지는 적자가 예상되며, 보험료 인상을 통해 수지 개선을 꾀한다.

#### 문장 구조

`同社関係者によると / 27年3月期通期の自動車保険の収支は赤字予想で / 値上げにより / 収支の改善を図る`

- **同社関係者によると** `정보 출처` — 회사 관계자에 따르면
- **27年3月期通期の自動車保険の収支は赤字予想で** `배경` — 자동차보험 수지는 적자가 예상되며
- **値上げにより** `수단` — 보험료 인상을 통해
- **収支の改善を図る** `목적` — 수지 개선을 꾀한다

#### 핵심 표현

##### ～を図る

**의미**

어떤 목표가 이루어지도록 **꾀하다, 도모하다, 추진하다**라는 의미입니다.

**원문에서**

`収支の改善を図る`  
→ 수지 개선을 꾀하다

**뉘앙스·용법**

기업·경제·정책 기사에서 매우 자주 사용되는 표현입니다. `改善を図る`, `強化を図る`, `効率化を図る`처럼 명사와 결합하는 경우가 많습니다.

**예문**

`業務の効率化を図る。`  
→ 업무 효율화를 꾀하다.

> **팁**
>
> `図る`를 단독으로 외우기보다 `改善を図る`, `強化を図る`, `効率化を図る` 세 덩어리로 익혀 두면 경제 뉴스를 읽을 때 활용도가 높습니다.

---

### 3. 自動車保険を巡っては

**원문**

自動車保険を巡っては他の損保大手も値上げする方針で、東京海上日動火災保険が10月に平均約6.5％引き上げる。

**해석**

자동차보험을 둘러싸고 다른 대형 손해보험사들도 보험료를 인상할 방침이며, 도쿄해상일동화재보험은 10월에 평균 약 6.5% 인상한다.

#### 문장 구조

`自動車保険を巡っては / 他の損保大手も値上げする方針で / 東京海上日動火災保険が10月に平均約6.5％引き上げる`

- **自動車保険を巡っては** `화제 설정` — 자동차보험을 둘러싸고는
- **他の損保大手も値上げする方針で** `업계 동향` — 다른 대형 손해보험사들도 인상할 방침이며
- **東京海上日動火災保険が10月に平均約6.5％引き上げる** `구체 사례` — 도쿄해상일동화재보험이 10월 평균 약 6.5% 인상한다

#### 핵심 표현

##### ～を巡って

**의미**

어떤 사안이나 문제를 **둘러싸고, 그것과 관련하여**라는 의미입니다.

**원문에서**

`自動車保険を巡っては`  
→ 자동차보험을 둘러싸고는

**뉘앙스·용법**

논쟁이 있는 경우뿐 아니라 특정 사안을 중심으로 여러 기업·기관·인물의 움직임을 소개할 때도 사용합니다. 단순한 `～について`보다 여러 주체의 동향이 얽혀 있다는 느낌이 강합니다.

**예문**

`制度改正を巡って議論が続いている。`  
→ 제도 개정을 둘러싸고 논의가 계속되고 있다.

> **팁**
>
> `～について`가 단순히 “~에 대해서”라면 `～を巡って`는 **그 사안을 중심으로 여러 움직임이나 입장이 전개되는 상황**을 떠올리면 구별하기 쉽습니다.

---

## 뉴스 표현 정리

- **～ことが分かった** — ~인 것으로 밝혀졌다·확인됐다  
  → 새롭게 확인된 사실을 전달하는 보도 문장에서 자주 사용됩니다.

- **～に踏み切る** — ~을 단행하다·~에 나서다  
  → 검토하던 중요한 조치를 실제로 실행하기로 결정할 때 사용합니다.

- **前年同期比で～増加** — 전년 동기 대비 ~ 증가  
  → 기업 실적이나 통계 수치를 비교할 때 자주 등장합니다.

- **～によると** — ~에 따르면  
  → 기사에서 정보의 출처를 밝힐 때 사용하는 기본 표현입니다.

- **～を図る** — ~을 꾀하다·도모하다  
  → 개선·강화·효율화 등 목표 달성을 추진할 때 사용합니다.

- **～を巡って** — ~을 둘러싸고  
  → 특정 사안을 중심으로 여러 주체의 움직임이나 논의를 소개할 때 사용합니다.

> **팁**
>
> 이 기사에서는 특히 `踏み切る → 図る → 巡って` 세 표현이 다른 경제·정책 기사에서도 재사용될 가능성이 높습니다.

---

## 핵심 어휘

- **損害保険** `そんがいほけん` — 손해보험
- **保険料** `ほけんりょう` — 보험료
- **引き上げる** `ひきあげる` — 인상하다, 끌어올리다
- **修理費用** `しゅうりひよう` — 수리 비용
- **高騰** `こうとう` — 급등
- **保険金** `ほけんきん` — 보험금
- **人件費** `じんけんひ` — 인건비
- **単価** `たんか` — 단가
- **前年同期比** `ぜんねんどうきひ` — 전년 동기 대비
- **通期** `つうき` — 전체 회계기간
- **収支** `しゅうし` — 수지, 수입과 지출의 균형
- **赤字** `あかじ` — 적자
- **方針** `ほうしん` — 방침

> **팁**
>
> 단어는 `保険料を引き上げる`, `修理費用が高騰する`, `前年同期比で増加する`, `収支の改善を図る`, `～する方針だ`처럼 실제 결합 형태로 익히세요.

---

## 뉴스 제목 읽기

**제목**

自動車保険料、5％値上げ　損保ジャパン、27年1月

**자연스러운 해석**

자동차보험료 5% 인상…손해보험재팬, 2027년 1월부터

**일반 문장으로 복원**

`損保ジャパンは、2027年1月から自動車保険料を平均約5％値上げする。`

**생략된 요소**

- `損保ジャパン` 뒤의 조사 `は`가 생략되어 있습니다.
- `自動車保険料` 뒤의 목적격 조사 `を`가 생략되어 있습니다.
- `27年1月`에는 본문의 내용을 기준으로 `から`가 생략되어 있습니다.
- 제목 전체에서 `値上げする`의 일반적인 문장 구조가 `5％値上げ`라는 명사 중심 표현으로 압축되어 있습니다.

**제목체 특징**

- 조사 `は・を・から`를 생략해 길이를 줄였습니다.
- 가장 중요한 변화인 `5％値上げ`를 제목 앞부분에 배치했습니다.
- 기업명 `損保ジャパン`과 시행 시점 `27年1月`을 쉼표로 분리해 압축적으로 제시했습니다.
- 본문의 `平均約5％`는 제목에서 `5％`로 간략화되어 있습니다.

> **팁**
>
> 제목이 어렵다면 `損保ジャパンは / 自動車保険料を / 5％値上げする / 27年1月から`처럼 조각을 만든 뒤 평범한 어순으로 다시 연결해 보세요.

---

## 복습 정리

### 이번 뉴스 한 줄 요약

손해보험재팬은 수리비와 인건비 상승으로 자동차보험 수지가 악화되자 2027년 1월부터 보험료를 평균 약 5% 추가 인상하며, 다른 대형 손해보험사들도 보험료 인상에 나서고 있습니다.

### 꼭 기억할 표현

- **～に踏み切る** — ~을 단행하다
- **～を図る** — ~을 꾀하다·도모하다
- **～を巡って** — ~을 둘러싸고
- **～によると** — ~에 따르면
- **前年同期比で～増加** — 전년 동기 대비 ~ 증가

### 꼭 기억할 어휘

- **高騰** `こうとう` — 급등
- **人件費** `じんけんひ` — 인건비
- **前年同期比** `ぜんねんどうきひ` — 전년 동기 대비
- **収支** `しゅうし` — 수지
- **通期** `つうき` — 전체 회계기간

### 내용 흐름

`修理費用の高騰・人件費の上昇`  
수리비와 인건비가 상승

↓

`保険金の支払いが増加`  
보험금 지급이 증가

↓

`自動車保険の収支は赤字予想`  
자동차보험 수지가 적자로 예상됨

↓

`さらなる値上げに踏み切る`  
2027년 1월 평균 약 5% 추가 인상을 단행

↓

`収支の改善を図る・他の損保大手も値上げへ`  
수지 개선을 추진하고 다른 대형 손해보험사들도 보험료 인상에 나섬

> **팁**
>
> 마지막에는 숫자보다 `高騰 → 支払い増加 → 赤字予想 → 値上げ → 改善を図る`라는 일본어 흐름을 통째로 떠올려 보세요. 기사 논리와 표현을 동시에 복습할 수 있습니다.

### 한 줄 요약

> **이 기사에서는 `値上げに踏み切る`, `収支の改善を図る`, `～を巡って`처럼 경제 뉴스에서 반복되는 표현을 보험료 인상의 원인과 결과 흐름 속에서 익히는 것이 핵심입니다.**","[""日本語"",""単語"",""文章分析"",""yahoo news"",""共同通信"",""自動車保険料""]",2026-08-24 14:55:38.217545+00,e1848554-ffae-479c-a8cd-4c0d77b7bed2,2026-08-26 00:52:25.437727+00,0,3,0,2026-08-26 00:52:25.437727+00,0,null,null,null,false,null,null,null,null,false,null,null,null,null,"[{""id"":""3c5f5602-0b71-448c-9747-fd88b606ee81"",""name"":""20260824_233556.png"",""path"":""logs/2026/08/24/0423e91d-e87f-4124-8f82-76f9d8ba15b6.png"",""size"":682773,""bucket"":""log-attachments"",""mimeType"":""image/png"",""publicUrl"":""https://vqlawpnnmtequmbdvfcr.supabase.co/storage/v1/object/public/log-attachments/logs/2026/08/24/0423e91d-e87f-4124-8f82-76f9d8ba15b6.png""},{""id"":""770138ff-6c64-462b-bc0b-803c2c39daea"",""name"":""screencapture-news-yahoo-co-jp-articles-533f1fde5170ea237c2f479980328ef7d11dd2da-2026-08-24-23_36_13.png"",""path"":""logs/2026/08/24/cf488c71-3299-4562-aa5a-6a692469edec.png"",""size"":4088483,""bucket"":""log-attachments"",""mimeType"":""image/png"",""publicUrl"":""https://vqlawpnnmtequmbdvfcr.supabase.co/storage/v1/object/public/log-attachments/logs/2026/08/24/cf488c71-3299-4562-aa5a-6a692469edec.png""},{""id"":""9ba4a70f-3892-4790-bb8a-5df1dd5ceac7"",""name"":""20260824- 自動車保険料、5％値上げ　損保ジャパン、27年1月1-no-table.md"",""path"":""logs/2026/08/24/50edc8d2-d690-4f8d-9030-9545b55749dd.md"",""size"":15435,""bucket"":""log-attachments"",""mimeType"":""text/markdown; charset=utf-8"",""publicUrl"":""https://vqlawpnnmtequmbdvfcr.supabase.co/storage/v1/object/public/log-attachments/logs/2026/08/24/50edc8d2-d690-4f8d-9030-9545b55749dd.md""},{""id"":""66acdcc4-fdd3-4981-b1fb-b3198af98743"",""name"":""20260824- 自動車保険料、5％値上げ　損保ジャパン、27年1月1-no-table.pdf"",""path"":""logs/2026/08/24/4cb266f8-623e-434d-a2fd-b63f27c3a779.pdf"",""size"":4567213,""bucket"":""log-attachments"",""mimeType"":""application/pdf"",""publicUrl"":""https://vqlawpnnmtequmbdvfcr.supabase.co/storage/v1/object/public/log-attachments/logs/2026/08/24/4cb266f8-623e-434d-a2fd-b63f27c3a779.pdf""},{""id"":""1eecc208-9b17-4b97-8313-aca60171715f"",""name"":""20260824- 自動車保険料、5％値上げ　損保ジャパン、27年1月2-table.md"",""path"":""logs/2026/08/24/ba912caf-5ae4-4671-bcd7-134c20c9731e.md"",""size"":18877,""bucket"":""log-attachments"",""mimeType"":""text/markdown; charset=utf-8"",""publicUrl"":""https://vqlawpnnmtequmbdvfcr.supabase.co/storage/v1/object/public/log-attachments/logs/2026/08/24/ba912caf-5ae4-4671-bcd7-134c20c9731e.md""},{""id"":""1d85eeaf-54e7-409b-b41e-bf1cc4dd35ba"",""name"":""20260824- 自動車保険料、5％値上げ　損保ジャパン、27年1月2-table.pdf"",""path"":""logs/2026/08/24/5b007aed-19bd-41aa-9798-ee92cfa68841.pdf"",""size"":4579706,""bucket"":""log-attachments"",""mimeType"":""application/pdf"",""publicUrl"":""https://vqlawpnnmtequmbdvfcr.supabase.co/storage/v1/object/public/log-attachments/logs/2026/08/24/5b007aed-19bd-41aa-9798-ee92cfa68841.pdf""}]",[],null,null
15931351-2b68-4a8f-b312-0f4ac9ded03e,韓国、パン・ラーメン相次ぎ値上げ…「原価上昇でやむを得ず」vs「なぜ秋夕直前に」,"# 일본어 콘텐츠 분석 — GENERAL

> **출처**

> 中央日報日本語版
> [韓国、パン・ラーメン相次ぎ値上げ…「原価上昇でやむを得ず」vs「なぜ秋夕直前に」](https://news.yahoo.co.jp/articles/5dead65ba0f87b292b69a176a43a91e8069fa207)

> **첨부**
>
> [[attach:ddc73f55-5dd7-42e5-8223-5554b8c176e4]]
> [[attach:5793d8c0-8dce-4a07-a7fb-6352684d14a2]]
> [[attach:9b755565-2327-46a7-9e51-e6f0a7ecf8fe]]
> [[attach:2cd931f3-7331-4b35-b4da-89769ef09ddc]]
> [[attach:88503123-3d30-4186-922b-c4bec4a075cc]]
> [[attach:3dd46c98-edda-4034-997b-1da9d876049f]]
> [[attach:ebbd72a2-9aeb-4563-992a-21765cf4c4ff]]
> [[attach:b3ac97f9-5196-4809-8213-cc861c724af4]]
> [[attach:d04bbb40-d503-4d86-a3bb-0bef33112961]]
> [[attach:cb6bc9a0-ff6f-40fb-96d7-514b1900a993]]
> [[attach:07e5feb9-ff97-4178-b8d1-df6890afd3c7]]
> [[attach:ab313058-869e-4c21-970d-f4fdea512233]]

[📝 JLPT 문제 풀기](20260825-韓国、パン・ラーメン相次ぎ値上げ…「原価上昇でやむを得ず」vs「なぜ秋夕直前に」JLPT.md)  
[✅ JLPT 정답·해설 보기](20260825-韓国、パン・ラーメン相次ぎ値上げ…「原価上昇でやむを得ず」vs「なぜ秋夕直前に」JLPT-ANSWER.md)

## 개요·상황

**한 줄 요약**

추석을 약 한 달 앞두고 한국의 주요 식품업체들이 빵·라면·만두 등 가격을 잇따라 인상하고 있다. 업체들은 원재료·포장재·환율 상승을 이유로 들지만, 소비자단체와 소비자들은 실제 원가 부담과 인상 시점·대상 상품의 적절성에 의문을 제기하고 있다.

### 핵심 주제

| 구분               | 내용                                                    |
| ------------------ | ------------------------------------------------------- |
| **주체**           | 오뚜기·팔도·삼립·파리바게뜨·농심·CJ제일제당·뚜레쥬르 등 |
| **대상·쟁점**      | 빵·라면·만두·음료 등 주요 식품의 연쇄 가격 인상         |
| **배경**           | 원재료·나프타 가격 및 환율 상승, 연초 가격 인하         |
| **핵심 행동·변화** | 업체별 약 5~9% 수준의 가격 인상 실시·예고               |
| **목표·영향**      | 비용 반영이라는 기업 설명과 체감물가 부담 확대          |
| **향후 전망·대응** | 소비자단체가 선제적 가격 반영 및 정책 효과 점검 요구    |

> **팁**
>
> 표에서는 기업 측 설명과 소비자 측 반론을 한눈에 비교할 수 있도록 각 칸을 짧게 유지하는 것이 좋습니다.

---

## 원문

### 제목

韓国、パン・ラーメン相次ぎ値上げ…「原価上昇で<a id=""return-jp-yamuoezu""></a><a href=""#expr-yamuoezu""><u>やむを得ず</u></a>」vs「なぜ秋夕直前に」

### 본문

秋夕（チュソク、9月25日）を約1カ月後に控え、食品メーカーが<a id=""return-jp-aitsugu""></a><a href=""#expr-aitsugu""><u>相次いで</u></a><a id=""return-jp-noridasu""></a><a href=""#expr-noridasu""><u>値上げに乗り出し</u></a>、主要食品の価格が次々と上昇している。

23日、流通業界によると、オットゥギは来月7日からカップ麺・マンドゥ（餃子）の価格を6～7％引き上げる。八道（パルド）も来月1日から一部のカップ麺と飲料の出荷価格を平均5％、三立（サムリプ）もパン約50種類の価格を平均9％引き上げる。「正統ボルムダル」の価格（コンビニ販売価格基準）は1800ウォンから2000ウォンに、「ハーシーチョコサンド」は2200ウォンから2400ウォンに値上げされる。

パリバゲットも25日からパン類86種類、ケーキ・デザート類41種類など計127品目の価格を平均5％引き上げる。パリバゲットは「昨年2月以来、1年6カ月ぶりの値上げとなる。原材料費や各種経費の<a id=""return-jp-tomonai""></a><a href=""#expr-tomonai""><u>上昇に伴い</u></a>、やむを得ず価格を調整することになった」と明らかにした。

これに先立ち、農心（ノンシム）は今月1日からカップ麺・スナック菓子など43種類の価格を平均5．8％引き上げた。CJ第一製糖は「ヘッパン」・マンドゥ・焼き魚など27種類の価格を先月30日から平均8％引き上げ、CJフードビルのベーカリーブランド「トゥレジュール」も先月31日からパン・ケーキなど76種類の価格を平均8．2％引き上げた。

食品メーカー各社は、中東での戦争など国内外の情勢を受け、卵・粗糖・小麦・パーム油といった原材料だけでなく、包装材に必要なナフサまで価格が急騰し、為替レートも急上昇したことで、各種コストが大幅に増えたと<a id=""return-jp-kuchi""></a><a href=""#expr-kuchi""><u>口をそろえる</u></a>。

年初に政府が掲げた物価安定基調に沿って価格を引き下げた影響もある。実際、農心、CJ第一製糖、オットゥギ、八道などは4～5カ月前、ラーメン・菓子・小麦粉・食用油の価格を引き下げた。メーカー側は、人為的に抑えていた価格を元に戻しただけで、値上げしたように見える「価格スプリング」効果だと主張している。

◇「値下げ時は不人気商品、値上げ時は人気商品」との指摘も

例えば、A商品は今月、価格が100ウォン（9％）上がったが、値下げ前の3月と同じ価格だ。匿名を求めた流通業界関係者は「韓国では高物価・高金利の影響で消費者がまず食費から切り詰めているうえ、人口も減っており、食品の消費量そのものが減少傾向にある」とし、「それでもKフードの人気のおかげで全体の業績は何とか持ちこたえている状況だが、関税など現地の状況がいつ、どのように変わるか分からず不安だ」と話した。

しかし、消費者の反応は冷ややかだ。原価上昇が実際の業績に表れていない<a id=""return-jp-kakawarazu""></a><a href=""#expr-kakawarazu""><u>にもかかわらず</u></a>、その負担を<a id=""return-jp-tenka""></a><a href=""#expr-tenka""><u>消費者に転嫁している</u></a>という。一例として、農心の場合、今年上半期の売上原価率（売上高に占める費用の割合）は69．4％で、むしろ前年同期（70．5％）より低下した。プルムウォンも今年上半期の売上原価率（75．3％）は前年同期（75．6％）とほぼ同じ水準だった。

値下げする際には非主力商品を対象とし、値上げする際には消費者が多く購入する主力商品の価格を引き上げているとの指摘も出ている。韓国国内で市場シェアの高い商品の価格が上がれば、消費者にとって体感物価の負担はさらに大きくなる。会社員のチョンさんは「家族行事などで食品の購入が増える秋夕を前に値上げされ、今から気が重い」と話した。

韓国消費者団体協議会は「原材料や副資材の価格上昇が企業にとって負担となっているのは事実だが、メーカーが現在のコスト負担ではなく、今後予想される原価上昇分をあらかじめ<a id=""return-jp-orikomu""></a><a href=""#expr-orikomu""><u>価格に織り込み</u></a>、<a id=""return-jp-shueki""></a><a href=""#expr-shueki""><u>収益性を確保する</u></a>ために値上げに乗り出したのではないかと強く疑われる」とし、「政府も、割当関税など企業に提供したコスト負担軽減策が、実際に消費者物価の安定につながっているのか点検する必要がある」と指摘した。

---

## 자연스러운 전체 번역

### 제목

한국, 빵·라면 <a id=""return-ko-aitsugu""></a><a href=""#expr-aitsugu""><u>잇따라</u></a> 가격 인상…“원가 상승으로 불가피” vs “왜 추석 직전에”

### 본문

추석(9월 25일)을 약 한 달 앞두고 식품업체들이 잇따라 <a id=""return-ko-noridasu""></a><a href=""#expr-noridasu""><u>가격 인상에 나서면서</u></a> 주요 식품 가격이 연이어 오르고 있다.

23일 유통업계에 따르면 오뚜기는 다음 달 7일부터 컵라면과 만두 가격을 6~7% 인상한다. 팔도도 다음 달 1일부터 일부 컵라면과 음료의 출고가를 평균 5%, 삼립도 빵 약 50종의 가격을 평균 9% 올린다. ‘정통 보름달’ 가격(편의점 판매가 기준)은 1,800원에서 2,000원으로, ‘허쉬 초코샌드’는 2,200원에서 2,400원으로 오른다.

파리바게뜨도 25일부터 빵류 86종, 케이크·디저트류 41종 등 총 127개 품목의 가격을 평균 5% 인상한다. 파리바게뜨는 “지난해 2월 이후 1년 6개월 만의 가격 인상이다. 원재료비와 각종 경비 <a id=""return-ko-tomonai""></a><a href=""#expr-tomonai""><u>상승에 따라</u></a> <a id=""return-ko-yamuoezu""></a><a href=""#expr-yamuoezu""><u>불가피하게</u></a> 가격을 조정하게 됐다”고 밝혔다.

이에 앞서 농심은 이달 1일부터 컵라면·스낵 등 43종의 가격을 평균 5.8% 올렸다. CJ제일제당은 ‘햇반’·만두·구운 생선 등 27종의 가격을 지난달 30일부터 평균 8% 인상했고, CJ푸드빌의 베이커리 브랜드 ‘뚜레쥬르’도 지난달 31일부터 빵·케이크 등 76종의 가격을 평균 8.2% 올렸다.

식품업체들은 중동 전쟁 등 국내외 정세의 영향으로 계란·원당·밀·팜유 같은 원재료뿐 아니라 포장재에 필요한 나프타 가격까지 급등했고 환율도 크게 올라 각종 비용이 대폭 늘었다고 <a id=""return-ko-kuchi""></a><a href=""#expr-kuchi""><u>입을 모은다</u></a>.

연초 정부가 내세운 물가 안정 기조에 맞춰 가격을 내렸던 영향도 있다. 실제로 농심, CJ제일제당, 오뚜기, 팔도 등은 4~5개월 전 라면·과자·밀가루·식용유 가격을 인하했다. 업체 측은 인위적으로 눌러 두었던 가격을 원래 수준으로 되돌렸을 뿐인데 가격을 올린 것처럼 보이는 ‘가격 스프링’ 효과라고 주장한다.

◇ “가격 내릴 때는 비인기 상품, 올릴 때는 인기 상품”이라는 지적도

예를 들어 A상품은 이달 가격이 100원(9%) 올랐지만, 인하 전인 3월과 같은 가격이다. 익명을 요구한 유통업계 관계자는 “한국에서는 고물가·고금리 영향으로 소비자들이 우선 식비부터 줄이고 있는 데다 인구도 감소하고 있어 식품 소비량 자체가 감소 추세에 있다”며 “그래도 K푸드의 인기 덕분에 전체 실적은 어떻게든 버티고 있는 상황이지만, 관세 등 현지 상황이 언제 어떻게 바뀔지 몰라 불안하다”고 말했다.

하지만 소비자 반응은 싸늘하다. 원가 상승이 실제 실적에 나타나지 <a id=""return-ko-kakawarazu""></a><a href=""#expr-kakawarazu""><u>않았는데도</u></a> 그 부담을 <a id=""return-ko-tenka""></a><a href=""#expr-tenka""><u>소비자에게 전가하고</u></a> 있다는 것이다. 한 예로 농심의 경우 올해 상반기 매출원가율(매출액에서 비용이 차지하는 비율)은 69.4%로, 오히려 전년 동기(70.5%)보다 낮아졌다. 풀무원도 올해 상반기 매출원가율(75.3%)은 전년 동기(75.6%)와 거의 같은 수준이었다.

가격을 내릴 때는 비주력 상품을 대상으로 하고, 가격을 올릴 때는 소비자들이 많이 구매하는 주력 상품의 가격을 인상한다는 지적도 나온다. 한국 내 시장점유율이 높은 상품의 가격이 오르면 소비자가 느끼는 체감물가 부담은 더욱 커진다. 직장인 정 씨는 “가족 행사 등으로 식품 구매가 늘어나는 추석을 앞두고 가격이 올라 벌써부터 마음이 무겁다”고 말했다.

한국소비자단체협의회는 “원재료와 부자재 가격 상승이 기업에 부담이 되는 것은 사실이지만, 업체들이 현재의 비용 부담이 아니라 앞으로 예상되는 원가 상승분을 미리 <a id=""return-ko-orikomu""></a><a href=""#expr-orikomu""><u>가격에 반영해</u></a> <a id=""return-ko-shueki""></a><a href=""#expr-shueki""><u>수익성을 확보하기 위해</u></a> 가격 인상에 나선 것이 아닌지 강하게 의심된다”며 “정부도 할당관세 등 기업에 제공한 비용 부담 완화책이 실제 소비자물가 안정으로 이어지고 있는지 점검할 필요가 있다”고 지적했다.

> **팁**
>
> `やむを得ず`는 단순히 “어쩔 수 없이”라고 옮겨도 되지만, 기업의 공식 입장에서는 “불가피하게”가 한국어 기사체에 더 자연스럽습니다. 반대로 `冷ややかだ`는 소비자 반응을 설명하므로 “싸늘하다”처럼 온도감이 살아 있는 표현이 적절합니다.

---

---

## 클릭 단어·표현 설명

원문과 자연스러운 번역문에서 밑줄 친 표현을 클릭하면 이곳으로 이동합니다. 뉴스 이해에 필요한 설명만 간결하게 두고, JLPT식 문제·추가 예문은 별도 학습 파일로 분리했습니다.

<a id=""expr-aitsugu""></a>

### 相次ぐ

- **읽기:** `あいつぐ`
- **의미:** 잇따르다, 연이어 발생하다
- **기사에서:** 같은 종류의 사건이나 움직임이 연속적으로 발생하는 것을 나타냅니다. 뉴스에서 가격 인상·사고·발표 등이 잇따를 때 자주 쓰입니다.

[↩ 원문의 클릭 위치로 돌아가기](#return-jp-aitsugu)  
[↩ 자연스러운 번역문의 클릭 위치로 돌아가기](#return-ko-aitsugu)  
[📝 JLPT식 출제 포인트·문제·예문 보기](20260825-韓国、パン・ラーメン相次ぎ値上げ…「原価上昇でやむを得ず」vs「なぜ秋夕直前に」4-JLPT.md#jlpt-aitsugu)

> **팁**
>
> 뉴스에서는 문맥상 의미를 먼저 익히고, 시험형 연습이 필요할 때 JLPT 파일로 이동하세요.

<a id=""expr-noridasu""></a>

### ～に乗り出す

- **읽기:** `～にのりだす`
- **의미:** ~에 본격적으로 나서다
- **기사에서:** 어떤 행동·대책·사업을 본격적으로 시작한다는 뜻입니다. 여기서는 업체들이 가격 인상 조치에 착수한다는 의미입니다.

[↩ 원문의 클릭 위치로 돌아가기](#return-jp-noridasu)  
[↩ 자연스러운 번역문의 클릭 위치로 돌아가기](#return-ko-noridasu)  
[📝 JLPT식 출제 포인트·문제·예문 보기](20260825-韓国、パン・ラーメン相次ぎ値上げ…「原価上昇でやむを得ず」vs「なぜ秋夕直前に」4-JLPT.md#jlpt-noridasu)

> **팁**
>
> 뉴스에서는 문맥상 의미를 먼저 익히고, 시험형 연습이 필요할 때 JLPT 파일로 이동하세요.

<a id=""expr-tomonai""></a>

### ～に伴い

- **읽기:** `～にともない`
- **의미:** ~에 따라, ~와 함께
- **기사에서:** 한 변화에 수반하여 다른 변화가 생김을 나타내는 문어적 표현입니다. 경제·정책 기사에서 자주 보입니다.

[↩ 원문의 클릭 위치로 돌아가기](#return-jp-tomonai)  
[↩ 자연스러운 번역문의 클릭 위치로 돌아가기](#return-ko-tomonai)  
[📝 JLPT식 출제 포인트·문제·예문 보기](20260825-韓国、パン・ラーメン相次ぎ値上げ…「原価上昇でやむを得ず」vs「なぜ秋夕直前に」4-JLPT.md#jlpt-tomonai)

> **팁**
>
> 뉴스에서는 문맥상 의미를 먼저 익히고, 시험형 연습이 필요할 때 JLPT 파일로 이동하세요.

<a id=""expr-yamuoezu""></a>

### やむを得ず

- **읽기:** `やむをえず`
- **의미:** 부득이하게, 불가피하게
- **기사에서:** 다른 선택이 어려워 부득이하게 행동한다는 뜻입니다. 기업 입장에서는 '불가피하게'가 자연스럽습니다.

[↩ 원문의 클릭 위치로 돌아가기](#return-jp-yamuoezu)  
[↩ 자연스러운 번역문의 클릭 위치로 돌아가기](#return-ko-yamuoezu)  
[📝 JLPT식 출제 포인트·문제·예문 보기](20260825-韓国、パン・ラーメン相次ぎ値上げ…「原価上昇でやむを得ず」vs「なぜ秋夕直前に」4-JLPT.md#jlpt-yamuoezu)

> **팁**
>
> 뉴스에서는 문맥상 의미를 먼저 익히고, 시험형 연습이 필요할 때 JLPT 파일로 이동하세요.

<a id=""expr-kuchi""></a>

### 口をそろえる

- **읽기:** `くちをそろえる`
- **의미:** 한목소리로 말하다
- **기사에서:** 여러 주체가 같은 의견이나 설명을 한다는 관용 표현입니다. 기자가 그 주장을 사실로 인정한다는 뜻은 아닙니다.

[↩ 원문의 클릭 위치로 돌아가기](#return-jp-kuchi)  
[↩ 자연스러운 번역문의 클릭 위치로 돌아가기](#return-ko-kuchi)  
[📝 JLPT식 출제 포인트·문제·예문 보기](20260825-韓国、パン・ラーメン相次ぎ値上げ…「原価上昇でやむを得ず」vs「なぜ秋夕直前に」4-JLPT.md#jlpt-kuchi)

> **팁**
>
> 뉴스에서는 문맥상 의미를 먼저 익히고, 시험형 연습이 필요할 때 JLPT 파일로 이동하세요.

<a id=""expr-kakawarazu""></a>

### ～にもかかわらず

- **읽기:** `～にもかかわらず`
- **의미:** ~인데도, ~에도 불구하고
- **기사에서:** 앞의 사실에서 예상되는 결과와 뒤의 현실이 어긋남을 강하게 나타내는 역접 표현입니다.

[↩ 원문의 클릭 위치로 돌아가기](#return-jp-kakawarazu)  
[↩ 자연스러운 번역문의 클릭 위치로 돌아가기](#return-ko-kakawarazu)  
[📝 JLPT식 출제 포인트·문제·예문 보기](20260825-韓国、パン・ラーメン相次ぎ値上げ…「原価上昇でやむを得ず」vs「なぜ秋夕直前に」4-JLPT.md#jlpt-kakawarazu)

> **팁**
>
> 뉴스에서는 문맥상 의미를 먼저 익히고, 시험형 연습이 필요할 때 JLPT 파일로 이동하세요.

<a id=""expr-tenka""></a>

### 負担を～に転嫁する

- **읽기:** `ふたんを～にてんかする`
- **의미:** 부담을 ~에게 전가하다
- **기사에서:** 비용·책임·부담을 다른 주체에게 넘긴다는 뜻입니다. 이 기사에서는 원가 부담을 소비자에게 넘긴다는 비판에 쓰였습니다.

[↩ 원문의 클릭 위치로 돌아가기](#return-jp-tenka)  
[↩ 자연스러운 번역문의 클릭 위치로 돌아가기](#return-ko-tenka)  
[📝 JLPT식 출제 포인트·문제·예문 보기](20260825-韓国、パン・ラーメン相次ぎ値上げ…「原価上昇でやむを得ず」vs「なぜ秋夕直前に」4-JLPT.md#jlpt-tenka)

> **팁**
>
> 뉴스에서는 문맥상 의미를 먼저 익히고, 시험형 연습이 필요할 때 JLPT 파일로 이동하세요.

<a id=""expr-orikomu""></a>

### ～を価格に織り込む

- **읽기:** `～をかかくにおりこむ`
- **의미:** ~을 가격에 미리 반영하다
- **기사에서:** 본래 '짜 넣다'에서 나온 말로, 경제 문맥에서는 예상 요인을 가격·전망 등에 미리 반영한다는 뜻입니다.

[↩ 원문의 클릭 위치로 돌아가기](#return-jp-orikomu)  
[↩ 자연스러운 번역문의 클릭 위치로 돌아가기](#return-ko-orikomu)  
[📝 JLPT식 출제 포인트·문제·예문 보기](20260825-韓国、パン・ラーメン相次ぎ値上げ…「原価上昇でやむを得ず」vs「なぜ秋夕直前に」4-JLPT.md#jlpt-orikomu)

> **팁**
>
> 뉴스에서는 문맥상 의미를 먼저 익히고, 시험형 연습이 필요할 때 JLPT 파일로 이동하세요.

<a id=""expr-shueki""></a>

### 収益性を確保する

- **읽기:** `しゅうえきせいをかくほする`
- **의미:** 수익성을 확보하다
- **기사에서:** 기업이 이익을 낼 수 있는 능력이나 수준을 확보한다는 경제 기사 표현입니다.

[↩ 원문의 클릭 위치로 돌아가기](#return-jp-shueki)  
[↩ 자연스러운 번역문의 클릭 위치로 돌아가기](#return-ko-shueki)  
[📝 JLPT식 출제 포인트·문제·예문 보기](20260825-韓国、パン・ラーメン相次ぎ値上げ…「原価上昇でやむを得ず」vs「なぜ秋夕直前に」4-JLPT.md#jlpt-shueki)

> **팁**
>
> 뉴스에서는 문맥상 의미를 먼저 익히고, 시험형 연습이 필요할 때 JLPT 파일로 이동하세요.

---

## 핵심 내용

| 핵심 항목            | 내용                                                    |
| -------------------- | ------------------------------------------------------- |
| **가격 인상 확산**   | 추석을 앞두고 여러 식품군의 가격 인상이 이어짐          |
| **인상 폭**          | 주요 업체 기준 평균 약 5~9%                             |
| **업체 측 근거**     | 원재료·포장재용 나프타·환율 등 비용 상승                |
| **가격 스프링 주장** | 연초 인하분을 원래 수준으로 되돌리는 성격이라고 설명    |
| **소비자 반론**      | 일부 기업 원가율이 낮아지거나 비슷해 비용 전가라는 비판 |
| **인상 대상 논란**   | 인하 때 비주력, 인상 때 주력 상품을 택한다는 지적       |
| **정책 점검 요구**   | 예상 원가 선반영 여부와 정부 지원책 효과 점검 필요      |

> **팁**
>
> 경제기사 표에서는 수치와 주장 주체를 분리해서 보면 사실과 평가가 섞이는 것을 막을 수 있습니다.

---

## 핵심 문장 분석

> 모든 문장보다 다른 경제·사회 뉴스에서도 반복될 가능성이 높은 표현을 중심으로 5문장을 골랐습니다.

### 1. 相次いで値上げに乗り出す

**원문**

`食品メーカーが相次いで値上げに乗り出し、主要食品の価格が次々と上昇している。`

**해석**

식품업체들이 잇따라 가격 인상에 나서면서 주요 식품 가격이 연이어 오르고 있다.

#### 문장 구조

| 구성                 | 역할         | 의미                    |
| -------------------- | ------------ | ----------------------- |
| `食品メーカーが`     | 주어         | 식품업체들이            |
| `相次いで`           | 부사         | 잇따라, 연이어          |
| `値上げに乗り出し`   | 행동         | 가격 인상에 나서고      |
| `主要食品の価格が`   | 두 번째 주어 | 주요 식품 가격이        |
| `次々と上昇している` | 결과         | 차례로 계속 오르고 있다 |

#### 핵심 표현

##### 相次いで～に乗り出す

**의미**

여러 주체가 연이어 어떤 행동을 본격적으로 시작한다는 뜻입니다.

**원문에서**

`相次いで値上げに乗り出し`  
→ 잇따라 가격 인상에 나서

**뉘앙스·용법**

`相次ぐ`는 사건·조치가 연속해서 발생할 때, `乗り出す`는 새로운 행동이나 대책을 적극적으로 시작할 때 뉴스에서 자주 사용됩니다.

**예문**

`各社が相次いで新サービスの導入に乗り出した。`  
→ 각 회사가 잇따라 신규 서비스 도입에 나섰다.

> **팁**
>
> `値上げする`는 단순히 “가격을 올리다”, `値上げに乗り出す`는 “가격 인상이라는 행동에 본격적으로 나서다”라는 차이가 있습니다.

### 2. ～に伴い、やむを得ず

**원문**

`原材料費や各種経費の上昇に伴い、やむを得ず価格を調整することになった。`

**해석**

원재료비와 각종 경비 상승에 따라 불가피하게 가격을 조정하게 됐다.

#### 문장 구조

| 구성             | 역할           | 의미         |
| ---------------- | -------------- | ------------ |
| `～に伴い`       | 원인·동반 변화 | ~에 따라     |
| `やむを得ず`     | 태도           | 불가피하게   |
| `～ことになった` | 결과           | ~하게 되었다 |

#### 핵심 표현

##### ～に伴い

**의미**

어떤 변화와 함께 다른 변화가 발생함을 나타내며, 공식 발표와 경제 기사에서 자주 쓰입니다.

**원문에서**

`上昇に伴い`  
→ 상승에 따라

**뉘앙스·용법**

단순한 원인 `ので`보다 공식적이며, 제도·비용·환경의 변화에 뒤따르는 결과를 설명할 때 자연스럽습니다.

**예문**

`需要の増加に伴い、生産量も拡大した。`  
→ 수요 증가에 따라 생산량도 확대됐다.

> **팁**
>
> 뉴스에서 `Aに伴いB`를 만나면 “A가 변하면서 그에 딸려 B도 변한다”는 연결 관계를 먼저 잡으세요.

### 3. ～と口をそろえる

**원문**

`各種コストが大幅に増えたと口をそろえる。`

**해석**

각종 비용이 크게 늘었다고 한목소리로 말한다.

#### 문장 구조

| 구성           | 역할      | 의미              |
| -------------- | --------- | ----------------- |
| `各種コストが` | 주어      | 각종 비용이       |
| `大幅に増えた` | 인용 내용 | 크게 늘었다       |
| `と`           | 인용 조사 | ~라고             |
| `口をそろえる` | 서술      | 한목소리로 말하다 |

#### 핵심 표현

##### 口をそろえる

**의미**

여러 사람이 같은 의견이나 설명을 내놓는다는 뜻입니다.

**원문에서**

`増えたと口をそろえる`  
→ 늘었다고 한목소리로 말한다

**뉘앙스·용법**

여러 기업·관계자·전문가의 주장이 공통될 때 기사에서 사용됩니다. 반드시 그 주장이 사실임을 기자가 인정한다는 뜻은 아닙니다.

**예문**

`専門家は早期の対策が必要だと口をそろえる。`  
→ 전문가들은 조기 대책이 필요하다고 한목소리로 말한다.

> **팁**
>
> 이 표현을 보면 **사실 서술인지, 여러 주체의 공통된 주장인지** 구분해서 읽는 것이 중요합니다.

### 4. 負担を消費者に転嫁する

**원문**

`原価上昇が実際の業績に表れていないにもかかわらず、その負担を消費者に転嫁しているという。`

**해석**

원가 상승이 실제 실적에 나타나지 않았는데도 그 부담을 소비자에게 전가하고 있다는 것이다.

#### 문장 구조

| 구성                   | 역할      | 의미                     |
| ---------------------- | --------- | ------------------------ |
| `～にもかかわらず`     | 역접      | ~인데도, ~에도 불구하고  |
| `その負担を`           | 목적어    | 그 부담을                |
| `消費者に転嫁している` | 비판 내용 | 소비자에게 전가하고 있다 |
| `という`               | 전언·요약 | ~라는 것이다             |

#### 핵심 표현

##### ～にもかかわらず

**의미**

예상되는 결과와 실제 상황이 어긋남을 강하게 나타냅니다.

**원문에서**

`表れていないにもかかわらず`  
→ 나타나지 않았는데도

**뉘앙스·용법**

비판이나 모순을 지적하는 기사에서 자주 등장하며 `のに`보다 문어적·공식적입니다.

**예문**

`需要が減っているにもかかわらず、価格は上昇している。`  
→ 수요가 줄고 있는데도 가격은 오르고 있다.

> **팁**
>
> `にもかかわらず`가 나오면 앞뒤의 **기대와 현실의 충돌**을 표시해 두면 논지를 놓치지 않습니다.

### 5. 価格に織り込む

**원문**

`今後予想される原価上昇分をあらかじめ価格に織り込み、収益性を確保するために値上げに乗り出したのではないかと強く疑われる。`

**해석**

앞으로 예상되는 원가 상승분을 미리 가격에 반영해 수익성을 확보하기 위해 가격 인상에 나선 것이 아닌지 강하게 의심된다는 것이다.

#### 문장 구조

| 구성                     | 역할      | 의미                     |
| ------------------------ | --------- | ------------------------ |
| `原価上昇分を`           | 대상      | 원가 상승분을            |
| `価格に織り込み`         | 반영      | 가격에 미리 반영하고     |
| `収益性を確保するために` | 목적      | 수익성을 확보하기 위해   |
| `のではないかと疑われる` | 의혹 제기 | ~한 것이 아닌지 의심된다 |

#### 핵심 표현

##### 織り込む

**의미**

본래 “짜 넣다”라는 뜻이지만 경제·금융에서는 예상되는 요인을 가격·계획·전망 등에 미리 반영한다는 뜻입니다.

**원문에서**

`原価上昇分をあらかじめ価格に織り込み`  
→ 원가 상승분을 미리 가격에 반영해

**뉘앙스·용법**

주가, 환율, 물가, 비용 전망 등 경제 뉴스에서 매우 재사용성이 높은 표현입니다.

**예문**

`市場は利下げの可能性をすでに織り込んでいる。`  
→ 시장은 금리 인하 가능성을 이미 반영하고 있다.

> **팁**
>
> 경제 뉴스의 `織り込む`는 거의 항상 “예상 요소를 미리 반영하다”로 떠올리면 독해가 빨라집니다.

---

## 뉴스 표현 정리

| 표현                     | 기본 의미         | 뉴스에서의 용법·뉘앙스                  |
| ------------------------ | ----------------- | --------------------------------------- |
| **相次いで～に乗り出す** | 잇따라 ~에 나서다 | 여러 기업·기관이 연속적으로 조치를 시작 |
| **～に伴い**             | ~에 따라          | 변화에 뒤따르는 결과를 공식적으로 설명  |
| **やむを得ず**           | 불가피하게        | 조치의 불가피성을 설명                  |
| **口をそろえる**         | 한목소리로 말하다 | 여러 관계자의 공통된 주장               |
| **～にもかかわらず**     | ~인데도           | 기대와 현실의 불일치·비판 강조          |
| **負担を～に転嫁する**   | 부담을 전가하다   | 비용 부담이 다른 주체로 넘어감          |
| **価格に織り込む**       | 가격에 반영하다   | 예상 요인을 사전에 가격에 포함          |

> **팁**
>
> 표를 가리고 `표현 → 의미`, 다시 `의미 → 표현` 순서로 양방향 복습하면 기억에 더 잘 남습니다.

---

## 핵심 어휘

| 어휘             | 읽기                     | 의미           | 함께 기억할 형태       |
| ---------------- | ------------------------ | -------------- | ---------------------- |
| **相次ぐ**       | `あいつぐ`               | 잇따르다       | `値上げが相次ぐ`       |
| **値上げ**       | `ねあげ`                 | 가격 인상      | `価格を引き上げる`     |
| **出荷価格**     | `しゅっかかかく`         | 출고 가격      | `出荷価格を引き上げる` |
| **原材料費**     | `げんざいりょうひ`       | 원재료비       | `原材料費が上昇する`   |
| **粗糖**         | `そとう`                 | 원당           | `粗糖の価格`           |
| **為替レート**   | `かわせレート`           | 환율           | `為替レートが上昇する` |
| **物価安定基調** | `ぶっかあんていきちょう` | 물가 안정 기조 | `基調に沿う`           |
| **売上原価率**   | `うりあげげんかりつ`     | 매출원가율     | `売上原価率が低下する` |
| **体感物価**     | `たいかんぶっか`         | 체감물가       | `体感物価の負担`       |
| **副資材**       | `ふくしざい`             | 부자재         | `副資材の価格上昇`     |
| **収益性**       | `しゅうえきせい`         | 수익성         | `収益性を確保する`     |
| **割当関税**     | `わりあてかんぜい`       | 할당관세       | `割当関税を適用する`   |

> **팁**
>
> `売上原価率が低下する`, `収益性を確保する`처럼 기사에서 실제로 결합되는 형태를 통째로 익히세요.

---

## 뉴스 제목 읽기

**제목**

韓国、パン・ラーメン相次ぎ値上げ…「原価上昇でやむを得ず」vs「なぜ秋夕直前に」

**자연스러운 해석**

한국, 빵·라면 잇따라 가격 인상…“원가 상승으로 불가피” vs “왜 추석 직전에”

**일반 문장으로 복원**

`韓国ではパンやラーメンなどの価格が相次いで引き上げられており、メーカー側は「原価上昇でやむを得ない」と説明する一方、消費者側からは「なぜ秋夕直前に値上げするのか」という声が出ている。`

### 생략·압축 분석

| 원문 요소                    | 복원·설명                                         |
| ---------------------------- | ------------------------------------------------- |
| `韓国、`                     | `韓国では` 등의 조사 생략                         |
| `パン・ラーメン相次ぎ値上げ` | `パンやラーメンなどが相次いで値上げされる`의 압축 |
| `vs`                         | 업체 설명과 소비자 반응을 대립 구도로 연결        |
| `なぜ秋夕直前に`             | 뒤의 `値上げするのか` 생략                        |

### 제목체 특징

- 조사·서술어 생략
- 핵심 품목을 문두에 배치
- `相次ぎ値上げ`라는 압축 표현
- 상반된 인용을 `vs`로 연결
- 의문문의 뒷부분을 생략해 주목도 강화

> **팁**
>
> 제목을 읽을 때 먼저 `相次ぎ → 相次いで`, `値上げ → 値上げされる`처럼 보통 문장으로 복원하면 훨씬 쉽습니다.

---

## 복습 정리

### 이번 뉴스 한 줄 요약

한국 주요 식품업체들이 비용 상승을 이유로 추석 직전 가격 인상에 나섰지만, 소비자와 소비자단체는 실제 원가 지표와 인상 방식에 의문을 제기하고 있다.

### 꼭 기억할 표현

| 표현                     | 의미                  |
| ------------------------ | --------------------- |
| **相次いで～に乗り出す** | 잇따라 ~에 나서다     |
| **～に伴い**             | ~에 따라              |
| **口をそろえる**         | 한목소리로 말하다     |
| **負担を～に転嫁する**   | 부담을 ~에게 전가하다 |
| **価格に織り込む**       | 가격에 미리 반영하다  |

### 꼭 기억할 어휘

| 어휘           | 읽기                 | 의미       |
| -------------- | -------------------- | ---------- |
| **値上げ**     | `ねあげ`             | 가격 인상  |
| **原材料費**   | `げんざいりょうひ`   | 원재료비   |
| **売上原価率** | `うりあげげんかりつ` | 매출원가율 |
| **体感物価**   | `たいかんぶっか`     | 체감물가   |
| **収益性**     | `しゅうえきせい`     | 수익성     |

### 내용 흐름

`食品メーカーが相次いで値上げに乗り出す`  
주요 식품업체가 연이어 가격 인상을 실시·예고

↓

`原材料費・為替レートなどの上昇`  
업체들은 비용 상승을 인상 이유로 설명

↓

`「価格スプリング」効果だと主張`  
연초 인하분을 되돌리는 성격이라는 주장

↓

`消費者の反応は冷ややか`  
원가율과 인기 상품 중심 인상을 근거로 비판 확대

↓

`価格への先行的な織り込みを疑う`  
소비자단체가 선제적 가격 반영 여부와 정책 효과 점검 요구

> **팁**
>
> 표에서는 표현과 어휘를 암기하고, 마지막 내용 흐름에서는 기사 논리를 말로 설명해 보는 식으로 복습 방식을 분리하면 효과적입니다.

### 한 줄 요약

> **이번 기사의 핵심은 가격 인상 경제 뉴스에서 반복되는 `相次ぐ・乗り出す・転嫁する・織り込む`를 실제 논쟁 구조 속에서 익히는 것입니다.**


---

## 복습 정리

### 핵심 문법·표현

| 문법·표현 | 의미 | 기억할 포인트 |
|---|---|---|
| **相次ぐ** | 잇따르다 | 같은 종류의 움직임이 연속 발생 |
| **～に伴い** | ~에 따라 | 변화에 따른 수반 관계 |
| **～にもかかわらず** | ~인데도 | 예상과 현실의 강한 역접 |
| **転嫁する** | 전가하다 | 비용·부담을 다른 주체에게 넘김 |
| **織り込む** | 미리 반영하다 | 경제 기사에서 예상 요소를 가격·전망에 반영 |

### 이번 자료 한 줄 요약

> **가격 인상을 둘러싼 기업과 소비자의 상반된 논리를 읽으면서 경제 기사에 자주 쓰이는 수반·역접·비용 전가 표현을 함께 익히는 자료입니다.**

> **팁**
>
> 마지막에는 원문을 보지 않고 `기업의 설명 → 소비자 반론 → 소비자단체의 지적` 순서로 기사 흐름을 설명해 보세요.
","[""日本語"",""単語"",""文章分析"",""yahoo news"",""相次ぎ値上げ""]",2026-08-24 15:43:01.199429+00,e1848554-ffae-479c-a8cd-4c0d77b7bed2,2026-08-26 03:09:35.160201+00,0,15,0,2026-08-26 03:09:35.160201+00,0,null,null,null,false,null,null,null,null,false,null,null,null,null,"[{""id"":""ddc73f55-5dd7-42e5-8223-5554b8c176e4"",""name"":""20260825_001819.png"",""path"":""logs/2026/08/26/10c812b1-c68c-4953-81b0-5f5931634ead.png"",""size"":816573,""bucket"":""log-attachments"",""mimeType"":""image/png"",""publicUrl"":""https://vqlawpnnmtequmbdvfcr.supabase.co/storage/v1/object/public/log-attachments/logs/2026/08/26/10c812b1-c68c-4953-81b0-5f5931634ead.png""},{""id"":""5793d8c0-8dce-4a07-a7fb-6352684d14a2"",""name"":""20260825_001843.png"",""path"":""logs/2026/08/26/2896eb83-1f5a-45dd-9e2b-8862eec3b3b6.png"",""size"":598502,""bucket"":""log-attachments"",""mimeType"":""image/png"",""publicUrl"":""https://vqlawpnnmtequmbdvfcr.supabase.co/storage/v1/object/public/log-attachments/logs/2026/08/26/2896eb83-1f5a-45dd-9e2b-8862eec3b3b6.png""},{""id"":""9b755565-2327-46a7-9e51-e6f0a7ecf8fe"",""name"":""20260825_001903.png"",""path"":""logs/2026/08/26/0c2ddec4-0c0f-4e78-ac34-7241804cd8a0.png"",""size"":699354,""bucket"":""log-attachments"",""mimeType"":""image/png"",""publicUrl"":""https://vqlawpnnmtequmbdvfcr.supabase.co/storage/v1/object/public/log-attachments/logs/2026/08/26/0c2ddec4-0c0f-4e78-ac34-7241804cd8a0.png""},{""id"":""2cd931f3-7331-4b35-b4da-89769ef09ddc"",""name"":""20260824-00000033-cnippou-000-1-view.jpg"",""path"":""logs/2026/08/26/85925fc6-a63e-4a40-91cd-081faa19a8fc.jpg"",""size"":19624,""bucket"":""log-attachments"",""mimeType"":""image/jpeg"",""publicUrl"":""https://vqlawpnnmtequmbdvfcr.supabase.co/storage/v1/object/public/log-attachments/logs/2026/08/26/85925fc6-a63e-4a40-91cd-081faa19a8fc.jpg""},{""id"":""88503123-3d30-4186-922b-c4bec4a075cc"",""name"":""screencapture-news-yahoo-co-jp-articles-5dead65ba0f87b292b69a176a43a91e8069fa207-2026-08-25-00_19_11.png"",""path"":""logs/2026/08/26/3431d8d1-bcee-4799-bf5e-c2d78f235ecb.png"",""size"":4509754,""bucket"":""log-attachments"",""mimeType"":""image/png"",""publicUrl"":""https://vqlawpnnmtequmbdvfcr.supabase.co/storage/v1/object/public/log-attachments/logs/2026/08/26/3431d8d1-bcee-4799-bf5e-c2d78f235ecb.png""},{""id"":""3dd46c98-edda-4034-997b-1da9d876049f"",""name"":""20260825-韓国、パン・ラーメン相次ぎ値上げ…「原価上昇でやむを得ず」vs「なぜ秋夕直前に」1-non-table.md"",""path"":""logs/2026/08/26/9c5a34ce-27ce-46a0-b0c1-d7c2cd60c78b.md"",""size"":25956,""bucket"":""log-attachments"",""mimeType"":""text/markdown; charset=utf-8"",""publicUrl"":""https://vqlawpnnmtequmbdvfcr.supabase.co/storage/v1/object/public/log-attachments/logs/2026/08/26/9c5a34ce-27ce-46a0-b0c1-d7c2cd60c78b.md""},{""id"":""ebbd72a2-9aeb-4563-992a-21765cf4c4ff"",""name"":""20260825-韓国、パン・ラーメン相次ぎ値上げ…「原価上昇でやむを得ず」vs「なぜ秋夕直前に」1-non-table.pdf"",""path"":""logs/2026/08/26/4f131e4e-0aec-494c-b70f-12cb47330ab0.pdf"",""size"":6601789,""bucket"":""log-attachments"",""mimeType"":""application/pdf"",""publicUrl"":""https://vqlawpnnmtequmbdvfcr.supabase.co/storage/v1/object/public/log-attachments/logs/2026/08/26/4f131e4e-0aec-494c-b70f-12cb47330ab0.pdf""},{""id"":""b3ac97f9-5196-4809-8213-cc861c724af4"",""name"":""20260825-韓国、パン・ラーメン相次ぎ値上げ…「原価上昇でやむを得ず」vs「なぜ秋夕直前に」2-table.md"",""path"":""logs/2026/08/26/8b5691f1-58b0-4df2-b352-7db14ffb724a.md"",""size"":24747,""bucket"":""log-attachments"",""mimeType"":""text/markdown; charset=utf-8"",""publicUrl"":""https://vqlawpnnmtequmbdvfcr.supabase.co/storage/v1/object/public/log-attachments/logs/2026/08/26/8b5691f1-58b0-4df2-b352-7db14ffb724a.md""},{""id"":""d04bbb40-d503-4d86-a3bb-0bef33112961"",""name"":""20260825-韓国、パン・ラーメン相次ぎ値上げ…「原価上昇でやむを得ず」vs「なぜ秋夕直前に」2-table.pdf"",""path"":""logs/2026/08/26/590172b3-e5f4-4210-81b8-25c9bba184f6.pdf"",""size"":6637287,""bucket"":""log-attachments"",""mimeType"":""application/pdf"",""publicUrl"":""https://vqlawpnnmtequmbdvfcr.supabase.co/storage/v1/object/public/log-attachments/logs/2026/08/26/590172b3-e5f4-4210-81b8-25c9bba184f6.pdf""},{""id"":""cb6bc9a0-ff6f-40fb-96d7-514b1900a993"",""name"":""20260825-韓国、パン・ラーメン相次ぎ値上げ…「原価上昇でやむを得ず」vs「なぜ秋夕直前に」GENERAL.md"",""path"":""logs/2026/08/26/27a9015f-5261-4f08-97b4-4a30f9e6303d.md"",""size"":37115,""bucket"":""log-attachments"",""mimeType"":""text/markdown; charset=utf-8"",""publicUrl"":""https://vqlawpnnmtequmbdvfcr.supabase.co/storage/v1/object/public/log-attachments/logs/2026/08/26/27a9015f-5261-4f08-97b4-4a30f9e6303d.md""},{""id"":""07e5feb9-ff97-4178-b8d1-df6890afd3c7"",""name"":""20260825-韓国、パン・ラーメン相次ぎ値上げ…「原価上昇でやむを得ず」vs「なぜ秋夕直前に」JLPT.md"",""path"":""logs/2026/08/26/232442a5-fdad-435d-a101-55d60d06bb15.md"",""size"":4744,""bucket"":""log-attachments"",""mimeType"":""text/markdown; charset=utf-8"",""publicUrl"":""https://vqlawpnnmtequmbdvfcr.supabase.co/storage/v1/object/public/log-attachments/logs/2026/08/26/232442a5-fdad-435d-a101-55d60d06bb15.md""},{""id"":""ab313058-869e-4c21-970d-f4fdea512233"",""name"":""20260825-韓国、パン・ラーメン相次ぎ値上げ…「原価上昇でやむを得ず」vs「なぜ秋夕直前に」JLPT-ANSWER.md"",""path"":""logs/2026/08/26/9ce5af1e-4e34-43e1-953c-c232b3ae477d.md"",""size"":5101,""bucket"":""log-attachments"",""mimeType"":""text/markdown; charset=utf-8"",""publicUrl"":""https://vqlawpnnmtequmbdvfcr.supabase.co/storage/v1/object/public/log-attachments/logs/2026/08/26/9ce5af1e-4e34-43e1-953c-c232b3ae477d.md""}]",[],markdown,20260825-韓国、パン・ラーメン相次ぎ値上げ…「原価上昇でやむを得ず」vs「なぜ秋夕直前に」GENERAL.md
9e5fd8a2-e681-4f60-b4b2-68a17c438bcd,拙い（つたない）,"# 大好きなメンバーを集めてBBQをしました。— GENERAL

[📝 JLPT 문제 풀기](20260826-大好きなメンバーを集めてBBQをしました-JLPT.md)
[✅ JLPT 정답·해설 보기](20260826-大好きなメンバーを集めてBBQをしました-JLPT-ANSWER.md)

## 개요·상황

### 한 줄 요약

좋아하는 사람들을 모아 BBQ를 하겠다는 계획을 말한 뒤, 이어진 박수를 `なんか拙い拍手`라고 가볍게 평가하는 장면입니다.

### 상황 설명

첫 문장은 `好きなひとを集めて`로 사람을 모으는 행위를 제시한 뒤 `BBQします`로 계획을 밝힙니다. 이어지는 `なんか拙い拍手`는 완전한 서술문이라기보다, 방금 나온 박수를 보고 즉흥적으로 붙인 짧은 코멘트에 가깝습니다.

> **팁**
>
> 이 장면은 `〜て`를 이용한 행동 연결과 `なんか + 평가 표현`, 그리고 회화에서 판단 표현을 생략하고 명사구만 툭 던지는 방식을 함께 익히기 좋습니다.

---

## 원문

好きなひとを集めてBBQします。

なんか拙い拍手。

> **팁**
>
> `なんか拙い拍手`는 문맥상 `なんか拙い拍手だね`처럼 뒤의 판단 표현이 생략된 것으로 이해하면 자연스럽습니다.

---

## 자연스러운 전체 번역

좋아하는 사람들을 모아서 BBQ를 할 거예요.

뭔가 좀 어설픈 박수네요.

> **팁**
>
> `BBQします`는 이 장면에서 계획을 밝히므로 “BBQ를 합니다”보다 “BBQ를 할 거예요”가 자연스럽습니다.

---

## 핵심 포인트

| 핵심 표현·문형 | 기본 의미 | 이번 자료에서의 기능·뉘앙스 |
|---|---|---|
| **〜を集めて** | ~을 모아서 | 앞의 행동을 뒤의 계획과 연결 |
| **なんか** | 뭔가, 왠지, 좀 | 평가를 완곡하게 하며 미묘한 인상을 표시 |
| **拙い拍手** | 서툰/어설픈 박수 | 박수의 어색하고 미숙한 분위기를 묘사 |
| **명사구 종결** | 명사로 코멘트 마무리 | 즉흥적이고 짧은 회화적 평가 |

> **팁**
>
> `集めて = 행동 연결`, `なんか = 미묘한 인상`, `拙い = 미숙함`이라는 기능으로 기억하면 활용하기 쉽습니다.

---

## 문장별 분석

### 1. 好きなひとを集めてBBQします。

#### 해석

**자연스러운 번역**

좋아하는 사람들을 모아서 BBQ를 할 거예요.

**직역**

좋아하는 사람을 모아서 BBQ를 합니다.

**뉘앙스**

`好きなひと`는 형태상 단수·복수가 표시되지 않지만, 여러 사람을 한데 모으는 `集める`와 결합하므로 이 문맥에서는 “좋아하는 사람들”이 자연스럽습니다.

#### 문장 구조

`好きなひとを / 集めて / BBQします`

| 표현 | 문법적 역할 | 의미·기능 |
|---|---|---|
| **好きなひとを** | 목적어 | 좋아하는 사람(들)을 |
| **集めて** | 동사 て형 | 모아서, 모은 뒤 |
| **BBQします** | 주절의 서술어 | BBQ를 합니다 / 할 거예요 |

#### 핵심 단어: 集める（あつめる）

**기본 의미:** 모으다, 수집하다

`人を集める` → 사람을 모으다  
`情報を集める` → 정보를 모으다

> **팁**
>
> 자동사 `集まる（모이다）`와 타동사 `集める（모으다）`를 `人が集まる / 人を集める`처럼 조사까지 묶어 기억하세요.

#### 핵심 문법: 〜て로 행동 연결하기

**형태:** `동사 て형 + 뒤 문장`

**의미:** ~해서 / ~하고 / ~한 뒤

`好きなひとを集めてBBQします。`  
→ 좋아하는 사람들을 모아서 BBQ를 할 거예요.

**예문**

`友達を呼んでパーティーをします。`  
→ 친구들을 불러서 파티를 합니다.

`材料を買って料理します。`  
→ 재료를 사서 요리합니다.

[📝 관련 JLPT 문제 풀기](20260826-大好きなメンバーを集めてBBQをしました-JLPT.md#1-동사-て형--뒤-문장)

> **팁**
>
> `〜て`를 하나의 한국어 접속어로 고정하지 말고 앞뒤 행동의 관계에 따라 자연스럽게 옮깁니다.

---

### 2. なんか拙い拍手。

#### 해석

**자연스러운 번역**

뭔가 좀 어설픈 박수네요.

**직역**

뭔가 서툰 박수.

**뉘앙스**

방금 나온 박수에 대해 즉석에서 “뭔가 좀 어설픈데?”라는 인상을 덧붙이는 느낌입니다. `なんか`가 평가를 약간 흐리면서 회화적인 느낌을 만들고, `拙い`가 박수의 미숙하고 매끄럽지 않은 분위기를 묘사합니다.

#### 문장 구조

`なんか / 拙い / 拍手`

| 표현 | 문법적 역할 | 의미·기능 |
|---|---|---|
| **なんか** | 부사적 표현 | 뭔가, 왠지, 좀 |
| **拙い** | い형용사 | 서툴다, 미숙하다, 어설프다 |
| **拍手** | 명사 | 박수 |

#### 핵심 단어: 拙い（つたない）

**기본 의미:** 서투르다, 미숙하다

`拙い日本語` → 서툰 일본어  
`拙い説明` → 서툰 설명  
`拙い文章` → 미숙한 글

> **팁**
>
> `拙い`는 단순히 “못한다”보다 표현이나 기술의 미숙함·매끄럽지 못함에 초점을 둡니다.

#### 핵심 표현: なんか + 평가 표현

**형태:** `なんか + 형용사/평가 표현`

`なんか拙い拍手`  
→ 뭔가 좀 어설픈 박수

**예문**

`なんか変だね。` → 뭔가 이상하네.  
`なんか寂しい。` → 왠지 쓸쓸해.

[📝 관련 JLPT 문제 풀기](20260826-大好きなメンバーを集めてBBQをしました-JLPT.md#2-なんか--평가-표현)

> **팁**
>
> 평가 앞의 `なんか`는 “무언가”보다 “뭔가 / 왠지 / 좀”으로 이해하는 경우가 많습니다.

#### 회화 포인트

`なんか拙い拍手だね。`  
→ `なんか拙い拍手。`

뒤의 판단 표현을 생략하고 명사구만 툭 던져 즉흥적인 코멘트처럼 만듭니다.

---

## 표현 비교

| 표현 | 기본 의미 | 뉘앙스·사용상의 특징 |
|---|---|---|
| **拙い** | 서툴다, 미숙하다 | 표현·기술이 아직 매끄럽지 못함 |
| **下手** | 못하다, 서투르다 | 실제 솜씨·실력 부족을 직접 평가 |
| **なんか** | 뭔가, 왠지, 좀 | 구어적이고 즉흥적인 인상을 완곡하게 제시 |
| **なんとなく** | 왠지 모르게 | 이유를 명확히 설명하기 어려운 느낌 |

[📝 `拙い` 관련 JLPT 문제 풀기](20260826-大好きなメンバーを集めてBBQをしました-JLPT.md#3-拙い-つたない)

> **팁**
>
> 이 자료에서는 `拙い拍手`의 문맥 이해가 중심입니다. `拙い・苦手・下手`의 세부 비교는 별도 표현 비교 자료에서 확장하는 편이 효율적입니다.

---

## 핵심 어휘

| 어휘 | 읽기 | 의미 | 함께 기억할 형태 |
|---|---|---|---|
| **集める** | あつめる | 모으다 | `人を集める` |
| **拙い** | つたない | 서투르다, 미숙하다 | `拙い日本語` |
| **拍手** | はくしゅ | 박수 | `拍手する` |

---

## 전체 다시 보기

### 일본어

好きなひとを集めてBBQします。  
なんか拙い拍手。

### 자연스러운 한국어

좋아하는 사람들을 모아서 BBQ를 할 거예요.  
뭔가 좀 어설픈 박수네요.

---

## 내용 흐름

`好きなひとを集めて`  
좋아하는 사람들을 모으겠다는 전제

↓

`BBQします`  
BBQ 계획 발표

↓

`なんか`  
이어진 반응에 대한 미묘한 인상

↓

`拙い拍手`  
박수를 어설프다고 즉흥적으로 평가

---

## 복습 정리

| 문법·표현 | 의미 | 기억할 포인트 |
|---|---|---|
| **동사 て형 + 뒤 문장** | ~해서 / ~하고 | 앞뒤 행동을 자연스럽게 연결 |
| **なんか + 평가** | 뭔가 / 왠지 / 좀 | 즉흥적인 인상과 완곡한 평가 |
| **명사구 종결** | 명사로 코멘트 마무리 | 회화에서 판단 표현이 생략될 수 있음 |

### 이번 자료 한 줄 요약

> **`〜て`로 행동을 연결해 BBQ 계획을 말하고, `なんか + 拙い`와 명사구 종결을 이용해 이어진 박수에 대한 미묘하고 즉흥적인 평가를 덧붙인 장면입니다.**
","[""日本語"",""単語"",""文章分析"",""youtube"",""福留光帆""]",2026-08-25 19:40:05.50796+00,e1848554-ffae-479c-a8cd-4c0d77b7bed2,2026-08-26 04:34:27.073039+00,0,14,0,2026-08-26 04:34:27.073039+00,0,null,null,null,false,null,null,null,null,false,null,null,null,null,"[{""id"":""89f52f82-10c1-49a8-aabd-33e9209e76e3"",""name"":""20260826_031601.png"",""path"":""logs/2026/08/26/04b85fc4-5abe-4dcf-a310-a4d90f69b460.png"",""size"":1543039,""bucket"":""log-attachments"",""mimeType"":""image/png"",""publicUrl"":""https://vqlawpnnmtequmbdvfcr.supabase.co/storage/v1/object/public/log-attachments/logs/2026/08/26/04b85fc4-5abe-4dcf-a310-a4d90f69b460.png""},{""id"":""40510991-520c-4337-9d26-849b68ec4f9a"",""name"":""20260826_031623.png"",""path"":""logs/2026/08/26/a6342924-593b-414f-86be-82af02ef0bc2.png"",""size"":1333987,""bucket"":""log-attachments"",""mimeType"":""image/png"",""publicUrl"":""https://vqlawpnnmtequmbdvfcr.supabase.co/storage/v1/object/public/log-attachments/logs/2026/08/26/a6342924-593b-414f-86be-82af02ef0bc2.png""},{""id"":""714868d2-d9e3-41bc-9abd-93f3d2775e62"",""name"":""20260826-大好きなメンバーを集めてBBQをしました。1-list.md"",""path"":""logs/2026/08/26/59379354-b259-4a4c-a55f-990550999e1e.md"",""size"":12049,""bucket"":""log-attachments"",""mimeType"":""text/markdown; charset=utf-8"",""publicUrl"":""https://vqlawpnnmtequmbdvfcr.supabase.co/storage/v1/object/public/log-attachments/logs/2026/08/26/59379354-b259-4a4c-a55f-990550999e1e.md""},{""id"":""302e85ba-1951-4d9c-af92-f6e44d3e79e2"",""name"":""20260826-大好きなメンバーを集めてBBQをしました。2-table.md"",""path"":""logs/2026/08/26/3c747286-7f8d-4e56-8078-38935d9d7947.md"",""size"":11229,""bucket"":""log-attachments"",""mimeType"":""text/markdown; charset=utf-8"",""publicUrl"":""https://vqlawpnnmtequmbdvfcr.supabase.co/storage/v1/object/public/log-attachments/logs/2026/08/26/3c747286-7f8d-4e56-8078-38935d9d7947.md""},{""id"":""f3cf7a69-72f7-43c3-b155-6463d291228a"",""name"":""20260826-大好きなメンバーを集めてBBQをしました-GENERAL.md"",""path"":""logs/2026/08/26/83285b1c-9686-4a4e-92f4-b1cd23dae9e8.md"",""size"":8188,""bucket"":""log-attachments"",""mimeType"":""text/markdown; charset=utf-8"",""publicUrl"":""https://vqlawpnnmtequmbdvfcr.supabase.co/storage/v1/object/public/log-attachments/logs/2026/08/26/83285b1c-9686-4a4e-92f4-b1cd23dae9e8.md""},{""id"":""dc15709e-7ad1-4c1b-8ede-e188c85e696f"",""name"":""20260826-大好きなメンバーを集めてBBQをしました-GENERAL.pdf"",""path"":""logs/2026/08/26/fffb4936-d8ee-4e1d-8e97-e07b1c425392.pdf"",""size"":580674,""bucket"":""log-attachments"",""mimeType"":""application/pdf"",""publicUrl"":""https://vqlawpnnmtequmbdvfcr.supabase.co/storage/v1/object/public/log-attachments/logs/2026/08/26/fffb4936-d8ee-4e1d-8e97-e07b1c425392.pdf""},{""id"":""fccd2fbd-4eb5-4c23-817b-53b3b5e69561"",""name"":""20260826-大好きなメンバーを集めてBBQをしました-JLPT.md"",""path"":""logs/2026/08/26/32357a59-8dcf-445f-ae95-14b61c68cfee.md"",""size"":3291,""bucket"":""log-attachments"",""mimeType"":""text/markdown; charset=utf-8"",""publicUrl"":""https://vqlawpnnmtequmbdvfcr.supabase.co/storage/v1/object/public/log-attachments/logs/2026/08/26/32357a59-8dcf-445f-ae95-14b61c68cfee.md""},{""id"":""877244d6-c800-4166-bfc3-a8a15d91c527"",""name"":""20260826-大好きなメンバーを集めてBBQをしました-JLPT.pdf"",""path"":""logs/2026/08/26/7e0ec638-6777-4bdf-b013-466a4c040c30.pdf"",""size"":392933,""bucket"":""log-attachments"",""mimeType"":""application/pdf"",""publicUrl"":""https://vqlawpnnmtequmbdvfcr.supabase.co/storage/v1/object/public/log-attachments/logs/2026/08/26/7e0ec638-6777-4bdf-b013-466a4c040c30.pdf""},{""id"":""f7dc40ea-76f3-4ad8-b677-d77d106ead54"",""name"":""20260826-大好きなメンバーを集めてBBQをしました-JLPT-ANSWER.md"",""path"":""logs/2026/08/26/dbd980ab-95b9-4df9-8f39-e147e973e55b.md"",""size"":7850,""bucket"":""log-attachments"",""mimeType"":""text/markdown; charset=utf-8"",""publicUrl"":""https://vqlawpnnmtequmbdvfcr.supabase.co/storage/v1/object/public/log-attachments/logs/2026/08/26/dbd980ab-95b9-4df9-8f39-e147e973e55b.md""},{""id"":""efb35d5f-4123-489f-b3d6-56a5054026a5"",""name"":""20260826-大好きなメンバーを集めてBBQをしました-JLPT-ANSWER.pdf"",""path"":""logs/2026/08/26/8a993cd6-9c2f-4206-b894-687472885504.pdf"",""size"":589783,""bucket"":""log-attachments"",""mimeType"":""application/pdf"",""publicUrl"":""https://vqlawpnnmtequmbdvfcr.supabase.co/storage/v1/object/public/log-attachments/logs/2026/08/26/8a993cd6-9c2f-4206-b894-687472885504.pdf""}]",[],markdown,20260826-大好きなメンバーを集めてBBQをしました-GENERAL.md
abe921a0-c3ca-42ce-9a8e-7dcf0a1c6c31,拙い・苦手・下手,"# 拙い・苦手・下手 — GENERAL

[📝 JLPT 문제 풀기](20260826-拙い・苦手・下手-JLPT.md)  
[✅ JLPT 정답·해설 보기](20260826-拙い・苦手・下手-JLPT-ANSWER.md)

## 개요·상황

### 한 줄 요약

`拙い・苦手・下手`는 모두 한국어로 “서툴다”와 비슷하게 번역될 수 있지만, **무엇을 평가하는지**가 다릅니다.

- **拙い（つたない）**: 표현·기술·결과물이 미숙하고 매끄럽지 못함
- **苦手（にがて）**: 어떤 대상이나 행동을 개인적으로 어렵게 느끼거나 꺼림
- **下手（へた）**: 실제 솜씨나 능력이 부족함

> **팁**
>
> 세 단어를 한국어 번역 하나로 외우지 말고 `미숙함 / 개인적 어려움 / 실력 부족`이라는 세 기준으로 나눠 기억합니다.

---

## 핵심 포인트

| 표현 | 핵심 이미지 | 평가 대상 | 대표적인 한국어 |
|---|---|---|---|
| **拙い** | 미숙하고 매끄럽지 못함 | 표현·기술·결과물 | 서툰, 미숙한 |
| **苦手** | 개인적으로 어렵거나 꺼림 | 활동·사람·음식·상황 등 | 어려워하다, 잘 못하다, 꺼리다 |
| **下手** | 객관적인 솜씨 부족 | 기술·능력·퍼포먼스 | 못하다, 서투르다 |

> **팁**
>
> `苦手`는 반드시 실제 실력이 낮다는 뜻은 아닙니다. 반대로 `下手`는 실제 수행 능력을 직접 평가하는 성격이 강합니다.

---

## 표현별 분석

### 1. 拙い（つたない）

**기본 의미:** 서투르다, 미숙하다, 매끄럽지 못하다

표현 방식이나 기술, 결과물이 충분히 숙련되지 않은 상태를 묘사합니다.

`拙い日本語`  
→ 서툰 / 미숙한 일본어

`拙い説明`  
→ 서툰 설명

`拙い文章`  
→ 미숙한 글

`拙い拍手`  
→ 어설픈 / 서툰 박수

### 뉘앙스

단순히 “실력이 나쁘다”라고 평가하기보다 **완성도나 표현 방식의 미숙함**에 초점을 둡니다. 자기 표현을 겸손하게 낮추는 문맥에서도 나타날 수 있습니다.

> **팁**
>
> `拙い`를 볼 때는 “이 사람은 못한다”보다 “이 표현·결과가 아직 매끄럽지 못하다”라는 이미지를 먼저 떠올립니다.

---

### 2. 苦手（にがて）

**기본 의미:** 잘 못하다, 어려워하다, 꺼리다

어떤 활동·대상·상황을 개인적으로 어렵게 느끼거나 자신 없어 하는 상태를 나타냅니다.

`人前で話すのが苦手です。`  
→ 사람들 앞에서 말하는 것을 어려워합니다.

`数学が苦手です。`  
→ 수학을 잘 못해요 / 수학이 어려워요.

`辛い食べ物が苦手です。`  
→ 매운 음식을 잘 못 먹어요.

### 뉘앙스

`苦手`에는 **개인적인 어려움·부담·꺼림**이 들어갈 수 있습니다. 그래서 실제 능력이 객관적으로 낮다는 판단과 반드시 일치하지 않습니다.

> **팁**
>
> 음식이나 사람처럼 “실력”으로 평가할 수 없는 대상에도 `苦手`가 쓰인다는 점을 기억하면 `下手`와 쉽게 구별할 수 있습니다.

---

### 3. 下手（へた）

**기본 의미:** 못하다, 서투르다

어떤 기술이나 행동을 실제로 잘 수행하지 못한다는 평가입니다.

`歌が下手です。`  
→ 노래를 못합니다.

`絵を描くのが下手です。`  
→ 그림을 잘 못 그립니다.

`運転が下手です。`  
→ 운전을 못합니다 / 운전이 서툽니다.

### 뉘앙스

`下手`는 실제 솜씨·수행 능력에 대한 비교적 직접적인 평가입니다. 다른 사람에게 사용할 때는 표현이 직설적으로 들릴 수 있습니다.

> **팁**
>
> `下手`는 “그 일을 어려워한다”가 아니라 “실제로 수행한 결과나 솜씨가 좋지 않다”에 초점을 둡니다.

---

## 같은 상황에서 비교하기

### 일본어 말하기

`私の日本語は拙いです。`  
→ 제 일본어는 아직 미숙합니다.

`私は日本語を話すのが苦手です。`  
→ 저는 일본어로 말하는 것을 어려워합니다.

`私は日本語を話すのが下手です。`  
→ 저는 일본어 말하기를 잘 못합니다.

### 차이

| 문장 | 초점 |
|---|---|
| **日本語は拙い** | 내가 사용하는 일본어의 표현·완성도가 미숙함 |
| **話すのが苦手** | 말하는 행위 자체를 개인적으로 어렵게 느낌 |
| **話すのが下手** | 실제 말하기 솜씨가 좋지 않음 |

> **팁**
>
> 같은 “일본어를 잘 못한다”도 무엇을 말하고 싶은지에 따라 표현이 달라집니다. 이 비교가 세 단어를 구별하는 핵심입니다.

---

## 선택 기준

`표현이나 결과물이 미숙하고 매끄럽지 않은가?`  
→ **拙い**

`내가 개인적으로 어렵거나 부담스럽게 느끼는가?`  
→ **苦手**

`실제 솜씨나 능력이 부족하다고 평가하는가?`  
→ **下手**

> **팁**
>
> 문장을 만들기 전에 “누구의 무엇을 평가하고 있는가?”를 먼저 질문하면 선택이 쉬워집니다.

---

## 핵심 어휘

| 어휘 | 읽기 | 의미 | 함께 기억할 형태 |
|---|---|---|---|
| **拙い** | `つたない` | 서투르다, 미숙하다 | `拙い日本語`, `拙い文章` |
| **苦手** | `にがて` | 어려워하다, 꺼리다, 잘 못하다 | `〜が苦手`, `〜のが苦手` |
| **下手** | `へた` | 솜씨가 나쁘다, 못하다 | `〜が下手`, `〜のが下手` |

---

## 전체 다시 보기

| 표현 | 한마디로 기억하기 | 핵심 질문 |
|---|---|---|
| **拙い** | 미숙함 | 표현·결과물이 매끄럽지 않은가? |
| **苦手** | 개인적 어려움 | 내가 어렵거나 부담스럽게 느끼는가? |
| **下手** | 실력 부족 | 실제 솜씨가 좋지 않은가? |

---

## 복습 정리

### 이번 자료 한 줄 요약

> **`拙い`는 표현·결과물의 미숙함, `苦手`는 개인적으로 느끼는 어려움·꺼림, `下手`는 실제 솜씨 부족에 초점을 둡니다.**

[📝 세 표현 구별 JLPT 문제 풀기](20260826-拙い・苦手・下手-JLPT.md)

> **팁**
>
> 마지막에는 `日本語`, `料理`, `人前で話す` 같은 하나의 주제를 정하고 세 표현을 각각 사용해 문장을 만들어 차이를 확인합니다.","[""日本語"",""単語"",""拙い・苦手・下手""]",2026-08-25 22:24:42.832761+00,e1848554-ffae-479c-a8cd-4c0d77b7bed2,2026-08-26 00:52:47.927605+00,0,5,0,2026-08-26 00:52:47.927605+00,0,null,null,null,false,null,null,null,null,false,null,null,null,null,"[{""id"":""2ae33916-22f0-44a0-9ede-0caffe31a7c7"",""name"":""20260826-拙い・苦手・下手.md"",""path"":""logs/2026/08/26/50deb274-b136-4500-9d71-6c1e62b41834.md"",""size"":12330,""bucket"":""log-attachments"",""mimeType"":""text/markdown; charset=utf-8"",""publicUrl"":""https://vqlawpnnmtequmbdvfcr.supabase.co/storage/v1/object/public/log-attachments/logs/2026/08/26/50deb274-b136-4500-9d71-6c1e62b41834.md""},{""id"":""29bf7fc2-3e85-4140-bd99-ddc30c7ebbbb"",""name"":""20260826-拙い・苦手・下手-GENERAL.md"",""path"":""logs/2026/08/26/d54438ef-7e4b-4cbb-a80c-d60c1e9e4e77.md"",""size"":6343,""bucket"":""log-attachments"",""mimeType"":""text/markdown; charset=utf-8"",""publicUrl"":""https://vqlawpnnmtequmbdvfcr.supabase.co/storage/v1/object/public/log-attachments/logs/2026/08/26/d54438ef-7e4b-4cbb-a80c-d60c1e9e4e77.md""},{""id"":""e9930772-2771-46b5-8651-d733cba2a3ec"",""name"":""20260826-拙い・苦手・下手-JLPT.md"",""path"":""logs/2026/08/26/7ade48ab-aa46-47c4-a8a0-5bc12b1550cb.md"",""size"":3175,""bucket"":""log-attachments"",""mimeType"":""text/markdown; charset=utf-8"",""publicUrl"":""https://vqlawpnnmtequmbdvfcr.supabase.co/storage/v1/object/public/log-attachments/logs/2026/08/26/7ade48ab-aa46-47c4-a8a0-5bc12b1550cb.md""},{""id"":""18aa047e-0561-4162-aee5-529db7a7b920"",""name"":""20260826-拙い・苦手・下手-JLPT-ANSWER.md"",""path"":""logs/2026/08/26/859f0878-fe27-42c5-8a5c-0d7b3edbbd2a.md"",""size"":6602,""bucket"":""log-attachments"",""mimeType"":""text/markdown; charset=utf-8"",""publicUrl"":""https://vqlawpnnmtequmbdvfcr.supabase.co/storage/v1/object/public/log-attachments/logs/2026/08/26/859f0878-fe27-42c5-8a5c-0d7b3edbbd2a.md""}]",[],markdown,20260826-拙い・苦手・下手-GENERAL.md
6231c382-82ac-4935-9476-cb0b23561dba,コンテンツ支援の司令塔、政府が新設検討-クールジャパン廃止の中で,"# 일본어 뉴스 분석

> **출처**
>
> 朝日新聞
> [コンテンツ支援の司令塔、政府が新設検討　クールジャパン廃止の中で](https://news.yahoo.co.jp/articles/b568115ce08ee01b68852c762cabb0a06899cd0e)

> **첨부**
>
> [[attach:b70563a8-83ec-4318-a2c9-e9132830d8ff]]
> [[attach:bfe192a7-948f-4614-a4bf-b6db36bfcd2e]]
> [[attach:9d8ed4f1-9cf7-4a42-81a7-c97b5e459437]]

---

## 뉴스 개요

**한 줄 요약**

일본 정부가 콘텐츠 산업 지원을 총괄할 새 조직 설립을 검토하는 가운데, 기존 쿨재팬기구의 누적 적자와 폐지 방침 때문에 정부 주도 지원의 실효성이 핵심 쟁점으로 떠오른 기사다.

### 핵심 주제

| 구분               | 내용                                                |
| ------------------ | --------------------------------------------------- |
| **주체**           | 일본 정부                                           |
| **대상·쟁점**      | 콘텐츠 산업 지원을 총괄할 새로운 인가법인           |
| **배경**           | 기존 CJ기구의 540억 엔 누적 적자와 폐지 방향        |
| **핵심 행동·변화** | 싱크탱크 기능·보조금·예산 집행을 새 조직으로 일원화 |
| **목표·영향**      | 콘텐츠 해외 매출 확대와 국가 성장전략 강화          |
| **향후 전망·대응** | 올해 안 논의 가속, 내년 정기국회 법안 제출 목표     |

> **팁**
>
> 이 기사는 ‘새 조직 설립’과 ‘기존 조직의 실패’를 대조해서 읽는 것이 핵심입니다.

---

## 원문

### 제목

コンテンツ支援の司令塔、政府が新設検討　クールジャパン廃止の中で

### 본문

アニメやゲームなどのコンテンツ産業<a id=""return-jp-expr01""></a><a href=""#expr-expr01""><u>をめぐり</u></a>、政府は国主導で<a id=""return-jp-expr02""></a><a href=""#expr-expr02""><u>振興を図る</u></a>ため、新たに司令塔組織をつくる方向で検討に入ったことがわかった。認可法人を設立し、シンクタンク機能や補助金などの予算執行を<a id=""return-jp-expr03""></a><a href=""#expr-expr03""><u>一元化</u></a>する方向だ。

【写真】クールジャパン廃止は臭い物にふた？

　ただ、コンテンツ産業の支援をめぐっては、2013年に安倍政権<a id=""return-jp-expr04""></a><a href=""#expr-expr04""><u>肝いり</u></a>で発足したクールジャパン機構（CJ機構）が巨額の<a id=""return-jp-expr05""></a><a href=""#expr-expr05""><u>累積赤字</u></a>を抱え、廃止の方向。旗振り役としての政府の能力・役割に<a id=""return-jp-expr06""></a><a href=""#expr-expr06""><u>疑義が生じる</u></a>なか、新組織構想に、国民の理解が広がるかは<a id=""return-jp-expr07""></a><a href=""#expr-expr07""><u>見通せない</u></a>。

　複数の政府・与党関係者への取材でわかった。政府は今年度中にも設立に向けた議論を加速させ、来年の通常国会に法案を提出することをめざす。

　政府は6月策定した知的財産推進計画で「予算配分の全体最適化や予算執行の一元化、官民の<a id=""return-jp-expr09""></a><a href=""#expr-expr09""><u>叡智</u></a>（えいち）の結集に向けて<a id=""return-jp-expr08""></a><a href=""#expr-expr08""><u>一気通貫</u></a>の新たな支援体制の構築」と明記。法人の新設はこれを具体化するための案となる。

　新たに設立する認可法人には民間から人材を集め、トップにも民間から招く方向。主な所管官庁は内閣府となる見通しだ。

　高市政権はコンテンツ産業を成長戦略で重視する17分野に位置づける。日本のコンテンツの海外売上高は約6兆円だが、33年に20兆円にする目標を掲げ、官民で34兆円を投資する計画だ。関係者によると、この分野の政府の支出は今後5年間で年間1千億円超となる見込みだ。

　韓国では、韓国コンテンツ振興院（KOCCA）という組織を通じて、コンテンツ産業の海外展開を支援。政府もこうした仕組みを参考にする考えだという。

　一方、コンテンツ産業の支援については、経済産業省が所管するCJ機構が540億円の累積赤字を抱え、廃止する方向で調整している。CJ機構は13年に設立され、コンテンツ政策の司令塔機能を期待されたが、事業選定の「<a id=""return-jp-expr10""></a><a href=""#expr-expr10""><u>目利き力</u></a>」不足などから収益化に苦戦し、役割を果たせなかった。

> **팁**
>
> 밑줄 친 표현을 클릭하면 아래의 해당 표현 설명으로 이동하도록 연결했습니다.

---

## 자연스러운 전체 번역

### 제목

콘텐츠 지원 컨트롤타워, 정부가 신설 검토…쿨재팬 폐지 속에서

### 본문

일본 정부가 애니메이션과 게임 등 콘텐츠 산업을 <a id=""return-ko-expr01""></a><a href=""#expr-expr01""><u>둘러싸고</u></a>, 국가 주도로 <a id=""return-ko-expr02""></a><a href=""#expr-expr02""><u>진흥을 꾀하기 위해</u></a> 새로운 컨트롤타워 조직을 만드는 방향으로 검토에 들어간 것으로 알려졌다. 인가법인을 설립해 싱크탱크 기능과 보조금 등 예산 집행을 <a id=""return-ko-expr03""></a><a href=""#expr-expr03""><u>일원화</u></a>하는 방향이다.

다만 콘텐츠 산업 지원과 관련해서는 2013년 아베 정권이 <a id=""return-ko-expr04""></a><a href=""#expr-expr04""><u>적극적으로 힘을 실어</u></a> 출범시킨 쿨재팬기구(CJ기구)가 막대한 <a id=""return-ko-expr05""></a><a href=""#expr-expr05""><u>누적 적자</u></a>를 안고 폐지되는 방향이다. 정책을 이끄는 정부의 능력과 역할에 <a id=""return-ko-expr06""></a><a href=""#expr-expr06""><u>의문이 제기되는</u></a> 가운데, 새 조직 구상에 대한 국민적 이해가 확산될지는 <a id=""return-ko-expr07""></a><a href=""#expr-expr07""><u>전망하기 어렵다</u></a>.

복수의 정부·여당 관계자 취재를 통해 확인됐다. 정부는 올해 안에 설립을 위한 논의를 가속해 내년 정기국회에 법안을 제출하는 것을 목표로 한다.

정부는 6월 마련한 지식재산추진계획에서 예산 배분의 전체 최적화와 예산 집행의 일원화, 관민의 <a id=""return-ko-expr09""></a><a href=""#expr-expr09""><u>지혜</u></a> 결집을 위해 <a id=""return-ko-expr08""></a><a href=""#expr-expr08""><u>처음부터 끝까지 일관된</u></a> 새로운 지원체계를 구축한다고 명시했다. 법인 신설은 이를 구체화하기 위한 방안이다.

새로 설립할 인가법인에는 민간 인재를 모으고 최고 책임자도 민간에서 영입하는 방향이다. 주무 관청은 내각부가 될 전망이다.

고이치 정권은 콘텐츠 산업을 성장전략에서 중시하는 17개 분야로 규정한다. 일본 콘텐츠의 해외 매출은 약 6조 엔이지만 2033년 20조 엔으로 늘린다는 목표를 내걸고, 관민이 34조 엔을 투자할 계획이다. 관계자에 따르면 이 분야에 대한 정부 지출은 향후 5년 동안 연간 1천억 엔을 넘을 전망이다.

한국에서는 한국콘텐츠진흥원(KOCCA)을 통해 콘텐츠 산업의 해외 진출을 지원하고 있으며, 일본 정부도 이러한 구조를 참고할 생각이라고 한다.

한편 경제산업성이 관할하는 CJ기구는 540억 엔의 누적 적자를 안고 폐지 방향으로 조정되고 있다. CJ기구는 2013년 설립돼 콘텐츠 정책의 컨트롤타워 기능을 기대받았지만, 사업 선정의 <a id=""return-ko-expr10""></a><a href=""#expr-expr10""><u>가치를 판별하는 안목</u></a> 부족 등으로 수익화에 고전해 제 역할을 하지 못했다.

> **팁**
>
> 일본어 원문과 한국어 번역의 밑줄 표현은 동일한 설명 카드로 연결됩니다.

---

## 클릭 단어·표현 설명

<a id=""expr-expr01""></a>

### をめぐり

- **읽기:** `めぐり`
- **의미:** ~을 둘러싸고
- **기사에서:** 콘텐츠 산업이라는 정책 쟁점을 제시하는 표현

[↩ 원문의 클릭 위치로 돌아가기](#return-jp-expr01)  
[↩ 자연스러운 번역문의 클릭 위치로 돌아가기](#return-ko-expr01)  
[📝 JLPT식 출제 포인트·문제·예문 보기](20260826-コンテンツ支援の司令塔、政府が新設検討-クールジャパン廃止の中で-JLPT.md#jlpt-expr01)

> **팁**
>
> `をめぐり`는 단독 뜻보다 기사에서 함께 쓰인 앞뒤 표현과 묶어서 기억하면 재사용하기 쉽습니다.

---

<a id=""expr-expr02""></a>

### 振興を図る

- **읽기:** `しんこうをはかる`
- **의미:** 진흥·육성을 꾀하다
- **기사에서:** 국가 주도로 산업을 육성하려는 목적을 나타냄

[↩ 원문의 클릭 위치로 돌아가기](#return-jp-expr02)  
[↩ 자연스러운 번역문의 클릭 위치로 돌아가기](#return-ko-expr02)  
[📝 JLPT식 출제 포인트·문제·예문 보기](20260826-コンテンツ支援の司令塔、政府が新設検討-クールジャパン廃止の中で-JLPT.md#jlpt-expr02)

> **팁**
>
> `振興を図る`는 단독 뜻보다 기사에서 함께 쓰인 앞뒤 표현과 묶어서 기억하면 재사용하기 쉽습니다.

---

<a id=""expr-expr03""></a>

### 一元化

- **읽기:** `いちげんか`
- **의미:** 일원화
- **기사에서:** 분산된 예산 집행·기능을 하나의 체계로 통합한다는 의미

[↩ 원문의 클릭 위치로 돌아가기](#return-jp-expr03)  
[↩ 자연스러운 번역문의 클릭 위치로 돌아가기](#return-ko-expr03)  
[📝 JLPT식 출제 포인트·문제·예문 보기](20260826-コンテンツ支援の司令塔、政府が新設検討-クールジャパン廃止の中で-JLPT.md#jlpt-expr03)

> **팁**
>
> `一元化`는 단독 뜻보다 기사에서 함께 쓰인 앞뒤 표현과 묶어서 기억하면 재사용하기 쉽습니다.

---

<a id=""expr-expr04""></a>

### 肝いり

- **읽기:** `きもいり`
- **의미:** 적극적인 후원·주도로
- **기사에서:** 아베 정권이 특별히 힘을 실어 추진했다는 뉘앙스

[↩ 원문의 클릭 위치로 돌아가기](#return-jp-expr04)  
[↩ 자연스러운 번역문의 클릭 위치로 돌아가기](#return-ko-expr04)  
[📝 JLPT식 출제 포인트·문제·예문 보기](20260826-コンテンツ支援の司令塔、政府が新設検討-クールジャパン廃止の中で-JLPT.md#jlpt-expr04)

> **팁**
>
> `肝いり`는 단독 뜻보다 기사에서 함께 쓰인 앞뒤 표현과 묶어서 기억하면 재사용하기 쉽습니다.

---

<a id=""expr-expr05""></a>

### 累積赤字

- **읽기:** `るいせきあかじ`
- **의미:** 누적 적자
- **기사에서:** CJ기구의 재정적 실패를 보여주는 핵심 수치 맥락

[↩ 원문의 클릭 위치로 돌아가기](#return-jp-expr05)  
[↩ 자연스러운 번역문의 클릭 위치로 돌아가기](#return-ko-expr05)  
[📝 JLPT식 출제 포인트·문제·예문 보기](20260826-コンテンツ支援の司令塔、政府が新設検討-クールジャパン廃止の中で-JLPT.md#jlpt-expr05)

> **팁**
>
> `累積赤字`는 단독 뜻보다 기사에서 함께 쓰인 앞뒤 표현과 묶어서 기억하면 재사용하기 쉽습니다.

---

<a id=""expr-expr06""></a>

### 疑義が生じる

- **읽기:** `ぎぎがしょうじる`
- **의미:** 의문이 제기되다
- **기사에서:** 정부의 능력·역할에 대한 신뢰 문제를 격식 있게 표현

[↩ 원문의 클릭 위치로 돌아가기](#return-jp-expr06)  
[↩ 자연스러운 번역문의 클릭 위치로 돌아가기](#return-ko-expr06)  
[📝 JLPT식 출제 포인트·문제·예문 보기](20260826-コンテンツ支援の司令塔、政府が新設検討-クールジャパン廃止の中で-JLPT.md#jlpt-expr06)

> **팁**
>
> `疑義が生じる`는 단독 뜻보다 기사에서 함께 쓰인 앞뒤 표현과 묶어서 기억하면 재사용하기 쉽습니다.

---

<a id=""expr-expr07""></a>

### 見通せない

- **읽기:** `みとおせない`
- **의미:** 전망하기 어렵다
- **기사에서:** 국민적 이해가 확산될지 불확실하다는 전망

[↩ 원문의 클릭 위치로 돌아가기](#return-jp-expr07)  
[↩ 자연스러운 번역문의 클릭 위치로 돌아가기](#return-ko-expr07)  
[📝 JLPT식 출제 포인트·문제·예문 보기](20260826-コンテンツ支援の司令塔、政府が新設検討-クールジャパン廃止の中で-JLPT.md#jlpt-expr07)

> **팁**
>
> `見通せない`는 단독 뜻보다 기사에서 함께 쓰인 앞뒤 표현과 묶어서 기억하면 재사용하기 쉽습니다.

---

<a id=""expr-expr08""></a>

### 一気通貫

- **읽기:** `いっきつうかん`
- **의미:** 처음부터 끝까지 일관되게
- **기사에서:** 지원 체계를 단절 없이 통합하려는 정책 방향

[↩ 원문의 클릭 위치로 돌아가기](#return-jp-expr08)  
[↩ 자연스러운 번역문의 클릭 위치로 돌아가기](#return-ko-expr08)  
[📝 JLPT식 출제 포인트·문제·예문 보기](20260826-コンテンツ支援の司令塔、政府が新設検討-クールジャパン廃止の中で-JLPT.md#jlpt-expr08)

> **팁**
>
> `一気通貫`는 단독 뜻보다 기사에서 함께 쓰인 앞뒤 표현과 묶어서 기억하면 재사용하기 쉽습니다.

---

<a id=""expr-expr09""></a>

### 叡智

- **읽기:** `えいち`
- **의미:** 지혜
- **기사에서:** 관민의 전문성과 지혜를 모은다는 격식 있는 표현

[↩ 원문의 클릭 위치로 돌아가기](#return-jp-expr09)  
[↩ 자연스러운 번역문의 클릭 위치로 돌아가기](#return-ko-expr09)  
[📝 JLPT식 출제 포인트·문제·예문 보기](20260826-コンテンツ支援の司令塔、政府が新設検討-クールジャパン廃止の中で-JLPT.md#jlpt-expr09)

> **팁**
>
> `叡智`는 단독 뜻보다 기사에서 함께 쓰인 앞뒤 표현과 묶어서 기억하면 재사용하기 쉽습니다.

---

<a id=""expr-expr10""></a>

### 目利き力

- **읽기:** `めききりょく`
- **의미:** 가치를 판별하는 안목
- **기사에서:** 사업 선정의 사업성·가능성을 판단하는 능력

[↩ 원문의 클릭 위치로 돌아가기](#return-jp-expr10)  
[↩ 자연스러운 번역문의 클릭 위치로 돌아가기](#return-ko-expr10)  
[📝 JLPT식 출제 포인트·문제·예문 보기](20260826-コンテンツ支援の司令塔、政府が新設検討-クールジャパン廃止の中で-JLPT.md#jlpt-expr10)

> **팁**
>
> `目利き力`는 단독 뜻보다 기사에서 함께 쓰인 앞뒤 표현과 묶어서 기억하면 재사용하기 쉽습니다.

---

## 핵심 내용

| 핵심 항목         | 내용                                                              |
| ----------------- | ----------------------------------------------------------------- |
| **새 컨트롤타워** | 인가법인을 신설해 조사·분석과 예산 집행을 통합하는 방안           |
| **민간 활용**     | 민간 인재를 모으고 최고 책임자도 민간에서 영입하는 방향           |
| **성장 목표**     | 콘텐츠 해외 매출 약 6조 엔을 2033년 20조 엔으로 확대              |
| **한국 사례**     | 한국콘텐츠진흥원(KOCCA)의 해외 진출 지원 구조를 참고              |
| **과거 실패**     | CJ기구가 540억 엔의 누적 적자를 안고 폐지 방향                    |
| **핵심 쟁점**     | 과거 실패 이후 새 정부 조직이 국민적 이해와 신뢰를 얻을 수 있는가 |

> **팁**
>
> 숫자는 `6조 엔 → 20조 엔`, `34조 엔 투자`, `540억 엔 누적 적자`를 묶어서 기억하면 기사 논리가 잘 보입니다.

---

## 핵심 문장 분석

### 1. ～方向で検討に入る

**원문**

`政府は国主導で振興を図るため、新たに司令塔組織をつくる方向で検討に入ったことがわかった。`

**해석**

정부가 국가 주도로 산업 진흥을 꾀하기 위해 새로운 컨트롤타워 조직을 만드는 방향으로 검토에 들어간 것으로 알려졌다.

#### 문장 구조

| 구성                             | 역할      | 의미                           |
| -------------------------------- | --------- | ------------------------------ |
| `政府は`                         | 주체      | 정부는                         |
| `国主導で振興を図るため`         | 목적      | 국가 주도로 진흥을 꾀하기 위해 |
| `新たに司令塔組織をつくる方向で` | 방침      | 새 조직을 만드는 방향으로      |
| `検討に入った`                   | 행동      | 검토를 시작했다                |
| `ことがわかった`                 | 보도 표현 | ~한 것으로 밝혀졌다            |

#### 핵심 표현

##### ～方向で検討に入る

**의미**

어떤 방침을 전제로 구체적인 검토를 시작하다.

**뉘앙스·용법**

정책이 최종 확정됐다는 뜻이 아니다. 뉴스에서 `方向`, `検討`, `見通し`는 확정 이전 단계임을 나타내는 중요한 표현이다.

**예문**

`政府は制度を見直す方向で検討に入った。`  
→ 정부는 제도를 재검토하는 방향으로 검토에 들어갔다.

> **팁**
>
> 정책 뉴스에서는 ‘검토’와 ‘결정’을 반드시 구별하세요. `検討に入る`는 시행 확정이 아닙니다.

---

### 2. 疑義が生じるなか

**원문**

`旗振り役としての政府の能力・役割に疑義が生じるなか、新組織構想に、国民の理解が広がるかは見通せない。`

**해석**

정책을 이끄는 정부의 능력과 역할에 의문이 제기되는 가운데, 새 조직 구상에 대한 국민적 이해가 확산될지는 전망하기 어렵다.

#### 문장 구조

| 구성                       | 역할      | 의미                      |
| -------------------------- | --------- | ------------------------- |
| `旗振り役としての政府`     | 평가 대상 | 정책을 이끄는 정부        |
| `能力・役割に疑義が生じる` | 배경      | 능력·역할에 의문이 생기다 |
| `～なか`                   | 상황 연결 | 그러한 상황에서           |
| `国民の理解が広がるか`     | 쟁점      | 국민적 이해가 확산될지    |
| `見通せない`               | 전망      | 전망하기 어렵다           |

> **팁**
>
> `なか`를 단순히 ‘~하는 동안’으로 번역하지 말고, 여기서는 ‘그러한 상황·배경에서’로 이해하세요.

---

### 3. 目利き力不足などから収益化に苦戦する

**원문**

`事業選定の「目利き力」不足などから収益化に苦戦し、役割を果たせなかった。`

**해석**

사업 선정에서 가치를 판별하는 안목이 부족한 등의 이유로 수익화에 어려움을 겪어 제 역할을 하지 못했다.

#### 문장 구조

| 구성                     | 역할      | 의미                 |
| ------------------------ | --------- | -------------------- |
| `事業選定の目利き力不足` | 원인      | 사업 선정 안목 부족  |
| `などから`               | 원인 연결 | ~등의 이유로         |
| `収益化に苦戦し`         | 과정·결과 | 수익화에 고전하고    |
| `役割を果たせなかった`   | 최종 결과 | 역할을 다하지 못했다 |

> **팁**
>
> `原因 → 苦戦 → 結果`의 흐름으로 읽으면 긴 문장을 쉽게 정리할 수 있습니다.

---

## 뉴스 표현 정리

| 표현               | 기본 의미           | 뉴스에서의 용법·뉘앙스    |
| ------------------ | ------------------- | ------------------------- |
| **検討に入る**     | 검토에 들어가다     | 정책 논의를 시작한 단계   |
| **～方向だ**       | ~하는 방향이다      | 확정 전 방침·조정 방향    |
| **見通しだ**       | 전망이다            | 향후 예상                 |
| **見込まれる**     | 예상되다            | 수치·상황의 전망          |
| **～をめざす**     | ~을 목표로 하다     | 정책 목표·일정            |
| **～によると**     | ~에 따르면          | 정보 출처를 표시          |
| **～考えだという** | ~할 생각이라고 한다 | 당사자의 방침을 간접 전달 |

> **팁**
>
> 일본 뉴스는 ‘확정 사실’과 ‘계획·전망’을 동사와 문말 표현으로 구별합니다.

---

## 핵심 어휘

| 어휘         | 읽기                 | 의미                  | 함께 기억할 형태       |
| ------------ | -------------------- | --------------------- | ---------------------- |
| **司令塔**   | `しれいとう`         | 컨트롤타워, 총괄 주체 | `司令塔機能`           |
| **振興**     | `しんこう`           | 진흥·육성             | `振興を図る`           |
| **認可法人** | `にんかほうじん`     | 인가법인              | `認可法人を設立する`   |
| **予算執行** | `よさんしっこう`     | 예산 집행             | `予算執行を一元化する` |
| **累積赤字** | `るいせきあかじ`     | 누적 적자             | `累積赤字を抱える`     |
| **疑義**     | `ぎぎ`               | 의문·의혹             | `疑義が生じる`         |
| **叡智**     | `えいち`             | 지혜                  | `叡智を結集する`       |
| **所管官庁** | `しょかんかんちょう` | 주무 관청             | `所管官庁となる`       |
| **目利き力** | `めききりょく`       | 가치를 판별하는 안목  | `目利き力不足`         |
| **収益化**   | `しゅうえきか`       | 수익화                | `収益化に苦戦する`     |

> **팁**
>
> 명사 하나만 암기하기보다 `累積赤字を抱える`, `叡智を結集する`처럼 실제 기사 콜로케이션으로 외우세요.

---

## 뉴스 제목 읽기

**제목**

コンテンツ支援の司令塔、政府が新設検討　クールジャパン廃止の中で

**자연스러운 해석**

콘텐츠 지원 컨트롤타워, 정부가 신설 검토…쿨재팬 폐지 속에서

**일반 문장으로 복원**

`政府は、クールジャパン機構が廃止される方向にある中で、コンテンツ支援の司令塔となる新たな組織の設立を検討している。`

### 생략·압축 분석

| 원문 요소                  | 복원·설명                                            |
| -------------------------- | ---------------------------------------------------- |
| `コンテンツ支援の司令塔`   | 신설을 검토하는 조직의 성격을 먼저 제시              |
| `政府が新設検討`           | `政府が新設を検討している`에서 조사와 서술 일부 생략 |
| `クールジャパン廃止の中で` | 기존 CJ기구가 폐지 방향이라는 대조적 배경            |

> **팁**
>
> 뉴스 제목의 `新設検討`처럼 명사가 연속되면 `新設を検討する`로 조사와 동사를 복원해 읽으세요.

---

## 복습 정리

### 이번 뉴스 한 줄 요약

일본 정부는 콘텐츠 산업 지원을 통합할 새 컨트롤타워를 검토하고 있지만, 기존 CJ기구의 실패 때문에 새 조직의 실효성과 정부에 대한 신뢰가 동시에 시험받고 있다.

### 꼭 기억할 표현

| 표현             | 의미            |
| ---------------- | --------------- |
| **～をめぐり**   | ~을 둘러싸고    |
| **振興を図る**   | 진흥을 꾀하다   |
| **一元化する**   | 일원화하다      |
| **疑義が生じる** | 의문이 제기되다 |
| **見通せない**   | 전망하기 어렵다 |
| **役割を果たす** | 역할을 다하다   |

### 꼭 기억할 어휘

| 어휘         | 읽기             | 의미                 |
| ------------ | ---------------- | -------------------- |
| **司令塔**   | `しれいとう`     | 컨트롤타워           |
| **累積赤字** | `るいせきあかじ` | 누적 적자            |
| **叡智**     | `えいち`         | 지혜                 |
| **目利き力** | `めききりょく`   | 가치를 판별하는 안목 |

### 내용 흐름

`새 지원 조직 검토` → `CJ기구의 실패와 불신` → `민간 인재·예산 일원화·성장 목표` → `새 조직이 신뢰를 얻을 수 있을지가 과제`

> **팁**
>
> 마지막 복습에서는 원문을 보지 않고 **왜 새 조직을 만드는지 → 기존 조직은 왜 실패했는지 → 새 조직은 무엇이 달라지는지** 순서로 설명해 보세요.
","[""日本語"",""単語"",""文章分析"",""yahoo news"",""朝日新聞""]",2026-08-26 03:12:07.380536+00,e1848554-ffae-479c-a8cd-4c0d77b7bed2,2026-08-26 03:14:10.601922+00,0,1,0,2026-08-26 03:14:10.601922+00,0,null,null,null,false,null,null,null,null,false,null,null,null,null,"[{""id"":""3bdd4881-85f4-4a17-857d-8a5dd337bacb"",""name"":""20260826-コンテンツ支援の司令塔、政府が新設検討-クールジャパン廃止の中で-ARTICLE-NEWS.md"",""path"":""logs/2026/08/26/fdd75152-6bd6-47c1-99e4-173c8a6d4d29.md"",""size"":25132,""bucket"":""log-attachments"",""mimeType"":""text/markdown; charset=utf-8"",""publicUrl"":""https://vqlawpnnmtequmbdvfcr.supabase.co/storage/v1/object/public/log-attachments/logs/2026/08/26/fdd75152-6bd6-47c1-99e4-173c8a6d4d29.md""},{""id"":""177d35d9-138c-44d9-9673-5bd223d13c81"",""name"":""20260826-コンテンツ支援の司令塔、政府が新設検討-クールジャパン廃止の中で-GENERAL.md"",""path"":""logs/2026/08/26/74b4b33e-ca2b-4f9a-9315-b38b97d6e127.md"",""size"":16355,""bucket"":""log-attachments"",""mimeType"":""text/markdown; charset=utf-8"",""publicUrl"":""https://vqlawpnnmtequmbdvfcr.supabase.co/storage/v1/object/public/log-attachments/logs/2026/08/26/74b4b33e-ca2b-4f9a-9315-b38b97d6e127.md""},{""id"":""c1b097fc-582b-48d2-9b9f-6e2cc8c43ff9"",""name"":""20260826-コンテンツ支援の司令塔、政府が新設検討-クールジャパン廃止の中で-JLPT.md"",""path"":""logs/2026/08/26/26de105f-a2e3-4f0d-998f-550cfc2bf8b7.md"",""size"":3662,""bucket"":""log-attachments"",""mimeType"":""text/markdown; charset=utf-8"",""publicUrl"":""https://vqlawpnnmtequmbdvfcr.supabase.co/storage/v1/object/public/log-attachments/logs/2026/08/26/26de105f-a2e3-4f0d-998f-550cfc2bf8b7.md""},{""id"":""7c341b53-ef28-4d68-8dc0-3e695602b2f4"",""name"":""20260826-コンテンツ支援の司令塔、政府が新設検討-クールジャパン廃止の中で-JLPT-ANSWER.md"",""path"":""logs/2026/08/26/7b42d8f8-f55c-40d2-97a6-d4f583458164.md"",""size"":5850,""bucket"":""log-attachments"",""mimeType"":""text/markdown; charset=utf-8"",""publicUrl"":""https://vqlawpnnmtequmbdvfcr.supabase.co/storage/v1/object/public/log-attachments/logs/2026/08/26/7b42d8f8-f55c-40d2-97a6-d4f583458164.md""},{""id"":""b70563a8-83ec-4318-a2c9-e9132830d8ff"",""name"":""20260826_113332.png"",""path"":""logs/2026/08/26/5f132002-ef10-444c-a7ad-bf934d38b481.png"",""size"":726112,""bucket"":""log-attachments"",""mimeType"":""image/png"",""publicUrl"":""https://vqlawpnnmtequmbdvfcr.supabase.co/storage/v1/object/public/log-attachments/logs/2026/08/26/5f132002-ef10-444c-a7ad-bf934d38b481.png""},{""id"":""bfe192a7-948f-4614-a4bf-b6db36bfcd2e"",""name"":""20260826_113355.png"",""path"":""logs/2026/08/26/36c65330-4249-4424-92e3-2b74c3a927f3.png"",""size"":653880,""bucket"":""log-attachments"",""mimeType"":""image/png"",""publicUrl"":""https://vqlawpnnmtequmbdvfcr.supabase.co/storage/v1/object/public/log-attachments/logs/2026/08/26/36c65330-4249-4424-92e3-2b74c3a927f3.png""},{""id"":""9d8ed4f1-9cf7-4a42-81a7-c97b5e459437"",""name"":""screencapture-news-yahoo-co-jp-articles-b568115ce08ee01b68852c762cabb0a06899cd0e-2026-08-26-11_34_08.png"",""path"":""logs/2026/08/26/b347f8be-aece-440f-a09e-8481c5fad129.png"",""size"":4419761,""bucket"":""log-attachments"",""mimeType"":""image/png"",""publicUrl"":""https://vqlawpnnmtequmbdvfcr.supabase.co/storage/v1/object/public/log-attachments/logs/2026/08/26/b347f8be-aece-440f-a09e-8481c5fad129.png""}]",[],markdown,20260826-コンテンツ支援の司令塔、政府が新設検討-クールジャパン廃止の中で-ARTICLE-NEWS.md
35ec8234-fae2-41f2-811d-80eb7effec94,高市首相「成長と財政規律の両立目指す」、消費税率「２年後に確実に戻す」…読売インタビュー,"# 일본어 뉴스 분석

> **출처**
>
> 読売新聞オンライン  
> [高市首相「成長と財政規律の両立目指す」、消費税率「２年後に確実に戻す」…読売インタビュー](https://news.yahoo.co.jp/articles/c943a3c71949b6b883ae99b40b39a09461a9d437)
>
> **첨부**
>
> [[attach:f3e6c9d3-c63a-492d-a941-10219333d952]]
> [[attach:9d4456d0-084e-49cd-9447-61a677557431]]
> [[attach:60a9591a-4133-4703-89cf-da4a1ce5146c]]
> [[attach:32206bac-66c3-48bc-b4cc-213d83689776]]
> [[attach:cf9608d9-e066-45c3-b251-d35988d720e1]]
> [[attach:9d1043d5-617e-48b4-aa7b-1cba42e0f6dd]]

---

## 뉴스 개요

**한 줄 요약**

다카이치 총리는 국내 투자를 유도하는 적극 재정과 재정 규율의 양립을 강조하면서, 식료품 소비세율을 2027년 4월부터 2년간 1%로 낮춘 뒤 2029년 4월 8%로 되돌리겠다는 방침을 밝혔다.

### 핵심 주제

| 구분               | 내용                                                                               |
| ------------------ | ---------------------------------------------------------------------------------- |
| **주체**           | 다카이치 총리(자민당 총재)                                                         |
| **대상·쟁점**      | 적극 재정, 재정 규율, 식료품 소비세 감세, 재원                                     |
| **배경**           | 2027년도 예산 편성과 물가 상승·중저소득층 부담 완화                                |
| **핵심 행동·변화** | 성장 분야 재정지출 확대, 식료품 소비세율 2년간 1%로 인하                           |
| **목표·영향**      | 민간·국내 투자 촉진과 가계 부담 완화                                               |
| **향후 전망·대응** | 2029년 4월 세율을 8%로 복원하고 새 급부제도로 전환; 9월 중하순 개각·당직 인사 조정 |

> **팁**
>
> 이 기사는 ‘적극 재정 = 무제한 지출’이라고 말하는 것이 아니라, 총리가 성장 투자와 재정 규율을 동시에 달성하겠다고 설명한 인터뷰 기사라는 점을 구분해 읽습니다.

---

## 원문

### 제목

高市首相「成長と財政規律の両立目指す」、消費税率「２年後に確実に戻す」…読売インタビュー

### 본문

高市首相（自民党総裁）は２７日、首相官邸で読売新聞の単独インタビューに応じた。「成長なくして財政の持続可能性は維持できない」と述べ、自身の看板政策である「<a id=""return-jp-expr03""></a><a href=""#expr-expr03""><u>責任ある積極財政</u></a>」を通じて<a id=""return-jp-expr04""></a><a href=""#expr-expr04""><u>国内投資を喚起し</u></a>、「成長と<a id=""return-jp-expr01""></a><a href=""#expr-expr01""><u>財政規律</u></a>」の<a id=""return-jp-expr02""></a><a href=""#expr-expr02""><u>両立を目指す</u></a>と強調した。２年間限定の食料品の消費税減税に向けては「十分な<a id=""return-jp-expr05""></a><a href=""#expr-expr05""><u>財源を確保</u></a>できるとの確信を持っている」とし、「２年後に確実に（税率を）<a id=""return-jp-expr06""></a><a href=""#expr-expr06""><u>元に戻す</u></a>」と明言した。

首相は、責任ある積極財政について「成長か財政規律かという<a id=""return-jp-expr07""></a><a href=""#expr-expr07""><u>二者択一</u></a>ではなく、その両方を実現するのが『責任』の意味だ」と説明した。今月末に各省庁の<a id=""return-jp-expr09""></a><a href=""#expr-expr09""><u>概算要求</u></a>を締め切る２０２７年度予算の編成で、「国内投資を生み出す政策に<a id=""return-jp-expr08""></a><a href=""#expr-expr08""><u>ちゅうちょなく</u></a>財政支出を行う」と語った。新規国債発行額は４０兆円程度に抑える考えを示した。

高市内閣発足後初めてとなる今回の概算要求は、危機管理や成長分野への投資枠に要求上限を設けず、特に重要な分野は複数年度で財源を確保するのが特徴だ。首相は、これらの取り組みにより「大規模かつ長期的に<a id=""return-jp-expr10""></a><a href=""#expr-expr10""><u>予見可能性を確保</u></a>し、<a id=""return-jp-expr11""></a><a href=""#expr-expr11""><u>民間投資を引き出す</u></a>」と述べた。

政府は秋の臨時国会に消費税減税の関連法案を提出する予定で、中低所得者の<a id=""return-jp-expr12""></a><a href=""#expr-expr12""><u>負担軽減</u></a>や物価高対策を目的に、２７年４月から２年間限定で食料品の税率を１％に引き下げる。２９年４月に税率を元の８％に戻し、中低所得者向けの新たな給付制度に移行する。

首相は、社会保障の財源となっている消費税について「税率を<a id=""return-jp-expr13""></a><a href=""#expr-expr13""><u>引き下げたまま</u></a>にした場合、年金や介護など行政サービスに<a id=""return-jp-expr14""></a><a href=""#expr-expr14""><u>影響が出かねない</u></a>」と指摘。２年後に税率を戻すことに「確実に対応するという覚悟を持っている」と語った。

財源に関しては、毎年度の補正予算を緊急性の高い施策に限定する予算編成改革などで「必要な財政需要には十分対応できる」と自信を見せた。為替介入の<a id=""return-jp-expr15""></a><a href=""#expr-expr15""><u>原資</u></a>となる外国為替資金特別会計（外為特会）を活用する可能性も示した。

首相はまた、<a id=""return-jp-expr16""></a><a href=""#expr-expr16""><u>内閣改造</u></a>・党役員人事を行う方針も表明した。臨時国会の召集前の９月中下旬に実施する方向で調整している。具体的な<a id=""return-jp-expr17""></a><a href=""#expr-expr17""><u>人選</u></a>は、党所属衆院議員を対象に実施したアンケートの結果<a id=""return-jp-expr18""></a><a href=""#expr-expr18""><u>をもとに</u></a>、専門性などを考慮して判断する考えを示した。

> **팁**
>
> 밑줄 링크는 정책·경제 기사에서 재사용 가치가 높은 표현과 JLPT 문법을 중심으로 표시했습니다.

---

## 자연스러운 전체 번역

### 제목

다카이치 총리 “성장과 재정 규율의 양립 목표”, 소비세율 “2년 뒤 확실히 원상 복귀”…요미우리 인터뷰

### 본문

다카이치 총리(자민당 총재)는 27일 총리 관저에서 요미우리신문과 단독 인터뷰를 했다. 그는 “성장 없이는 재정의 지속 가능성을 유지할 수 없다”고 말하며, 자신의 대표 정책인 ‘<a id=""return-ko-expr03""></a><a href=""#expr-expr03""><u>책임 있는 적극 재정</u></a>’을 통해 <a id=""return-ko-expr04""></a><a href=""#expr-expr04""><u>국내 투자를 촉진</u></a>하고 ‘성장과 <a id=""return-ko-expr01""></a><a href=""#expr-expr01""><u>재정 규율</u></a>’의 <a id=""return-ko-expr02""></a><a href=""#expr-expr02""><u>양립을 목표로</u></a> 하겠다고 강조했다. 2년 한정 식료품 소비세 감세에 대해서는 “충분한 <a id=""return-ko-expr05""></a><a href=""#expr-expr05""><u>재원을 확보</u></a>할 수 있다는 확신이 있다”며 “2년 뒤에는 확실히 세율을 원래대로 되돌리겠다”고 명언했다.

총리는 ‘책임 있는 적극 재정’에 대해 “성장이냐 재정 규율이냐 하는 <a id=""return-ko-expr07""></a><a href=""#expr-expr07""><u>양자택일</u></a>이 아니라, 둘 다 실현하는 것이 ‘책임’의 의미”라고 설명했다. 이달 말 각 부처의 <a id=""return-ko-expr09""></a><a href=""#expr-expr09""><u>개산요구</u></a>를 마감하는 2027년도 예산 편성에서 “국내 투자를 만들어내는 정책에는 <a id=""return-ko-expr08""></a><a href=""#expr-expr08""><u>주저하지 않고</u></a> 재정 지출을 하겠다”고 말했다. 신규 국채 발행액은 약 40조 엔 수준으로 억제하겠다는 생각도 밝혔다.

다카이치 내각 출범 후 처음인 이번 개산요구는 위기관리와 성장 분야 투자 틀에 요구 상한을 두지 않고, 특히 중요한 분야에는 여러 회계연도에 걸쳐 재원을 확보하는 것이 특징이다. 총리는 이런 조치로 “대규모이면서 장기적으로 <a id=""return-ko-expr10""></a><a href=""#expr-expr10""><u>예측 가능성을 확보</u></a>해 민간 투자를 끌어내겠다”고 말했다.

정부는 가을 임시국회에 소비세 감세 관련 법안을 제출할 예정이다. 중·저소득층의 <a id=""return-ko-expr12""></a><a href=""#expr-expr12""><u>부담 경감</u></a>과 물가 상승 대책을 목적으로 2027년 4월부터 2년 동안 식료품 세율을 1%로 낮춘다. 2029년 4월에는 세율을 원래의 8%로 되돌리고 중·저소득층을 위한 새로운 급부 제도로 전환한다.

총리는 사회보장의 재원이 되는 소비세에 대해 “세율을 <a id=""return-ko-expr13""></a><a href=""#expr-expr13""><u>낮춘 채로</u></a> 둘 경우 연금이나 돌봄 등 행정 서비스에 <a id=""return-ko-expr14""></a><a href=""#expr-expr14""><u>영향이 생길 우려가 있다</u></a>”고 지적했다. 2년 뒤 세율을 되돌리는 데 대해서는 “확실히 대응하겠다는 각오를 갖고 있다”고 말했다.

재원과 관련해서는 매년 편성하는 추가경정예산을 긴급성이 높은 시책으로 한정하는 예산 편성 개혁 등을 통해 “필요한 재정 수요에는 충분히 대응할 수 있다”고 자신감을 보였다. 외환시장 개입 재원이 되는 외국환자금특별회계(외환특회)를 활용할 가능성도 내비쳤다.

총리는 또한 <a id=""return-ko-expr16""></a><a href=""#expr-expr16""><u>개각</u></a>과 당직 인사를 실시할 방침도 밝혔다. 임시국회 소집 전인 9월 중·하순에 실시하는 방향으로 조정하고 있다. 구체적인 <a id=""return-ko-expr17""></a><a href=""#expr-expr17""><u>인선</u></a>은 당 소속 중의원 의원을 대상으로 실시한 설문 결과를 토대로 전문성 등을 고려해 판단할 생각이라고 밝혔다.

> **팁**
>
> 数字와 시점을 먼저 잡으면 정책의 구조가 선명해집니다: `2027년 4월 → 1%`, `2년 한정`, `2029년 4월 → 8% 복원`.

---

## 클릭 단어·표현 설명

<a id=""expr-expr01""></a>

### 財政規律

- **읽기:** `ざいせいきりつ`
- **의미:** 재정 규율
- **기사에서:** 재정 건전성을 유지하기 위해 지출·차입 등을 일정한 원칙 아래 관리하는 것

[↩ 원문의 클릭 위치로 돌아가기](#return-jp-expr01)  
[↩ 자연스러운 번역문의 클릭 위치로 돌아가기](#return-ko-expr01)  
[📝 JLPT식 출제 포인트·문제·예문 보기](20260828-高市首相「成長と財政規律の両立目指す」、消費税率「２年後に確実に戻す」…読売インタビュー-2-ARTICLE_JLPT.md#jlpt-expr01)

> **팁**
>
> 단독 뜻만 외우지 말고 기사에서 함께 쓰인 명사·동사 결합까지 한 덩어리로 기억합니다.

<a id=""expr-expr02""></a>

### 両立を目指す

- **읽기:** `りょうりつをめざす`
- **의미:** 양립을 목표로 하다
- **기사에서:** 서로 충돌하기 쉬운 두 목표를 동시에 실현하려는 뜻

[↩ 원문의 클릭 위치로 돌아가기](#return-jp-expr02)  
[↩ 자연스러운 번역문의 클릭 위치로 돌아가기](#return-ko-expr02)  
[📝 JLPT식 출제 포인트·문제·예문 보기](20260828-高市首相「成長と財政規律の両立目指す」、消費税率「２年後に確実に戻す」…読売インタビュー-2-ARTICLE_JLPT.md#jlpt-expr02)

> **팁**
>
> 단독 뜻만 외우지 말고 기사에서 함께 쓰인 명사·동사 결합까지 한 덩어리로 기억합니다.

<a id=""expr-expr03""></a>

### 責任ある積極財政

- **읽기:** `せきにんあるせっきょくざいせい`
- **의미:** 책임 있는 적극 재정
- **기사에서:** 성장 투자 확대와 재정 규율을 함께 추구한다는 기사 속 정책 표현

[↩ 원문의 클릭 위치로 돌아가기](#return-jp-expr03)  
[↩ 자연스러운 번역문의 클릭 위치로 돌아가기](#return-ko-expr03)  
[📝 JLPT식 출제 포인트·문제·예문 보기](20260828-高市首相「成長と財政規律の両立目指す」、消費税率「２年後に確実に戻す」…読売インタビュー-2-ARTICLE_JLPT.md#jlpt-expr03)

> **팁**
>
> 단독 뜻만 외우지 말고 기사에서 함께 쓰인 명사·동사 결합까지 한 덩어리로 기억합니다.

<a id=""expr-expr04""></a>

### 国内投資を喚起する

- **읽기:** `こくないとうしをかんきする`
- **의미:** 국내 투자를 촉진하다
- **기사에서:** 喚起する는 관심·수요·투자 등을 불러일으킨다는 격식 있는 표현

[↩ 원문의 클릭 위치로 돌아가기](#return-jp-expr04)  
[↩ 자연스러운 번역문의 클릭 위치로 돌아가기](#return-ko-expr04)  
[📝 JLPT식 출제 포인트·문제·예문 보기](20260828-高市首相「成長と財政規律の両立目指す」、消費税率「２年後に確実に戻す」…読売インタビュー-2-ARTICLE_JLPT.md#jlpt-expr04)

> **팁**
>
> 단독 뜻만 외우지 말고 기사에서 함께 쓰인 명사·동사 결합까지 한 덩어리로 기억합니다.

<a id=""expr-expr05""></a>

### 財源を確保する

- **읽기:** `ざいげんをかくほする`
- **의미:** 재원을 확보하다
- **기사에서:** 정책이나 사업에 필요한 돈의 출처를 마련한다는 행정·경제 표현

[↩ 원문의 클릭 위치로 돌아가기](#return-jp-expr05)  
[↩ 자연스러운 번역문의 클릭 위치로 돌아가기](#return-ko-expr05)  
[📝 JLPT식 출제 포인트·문제·예문 보기](20260828-高市首相「成長と財政規律の両立目指す」、消費税率「２年後に確実に戻す」…読売インタビュー-2-ARTICLE_JLPT.md#jlpt-expr05)

> **팁**
>
> 단독 뜻만 외우지 말고 기사에서 함께 쓰인 명사·동사 결합까지 한 덩어리로 기억합니다.

<a id=""expr-expr06""></a>

### 元に戻す

- **읽기:** `もとにもどす`
- **의미:** 원래대로 되돌리다
- **기사에서:** 변경된 상태를 이전 상태로 복귀시키는 표현

[↩ 원문의 클릭 위치로 돌아가기](#return-jp-expr06)  
[↩ 자연스러운 번역문의 클릭 위치로 돌아가기](#return-ko-expr06)  
[📝 JLPT식 출제 포인트·문제·예문 보기](20260828-高市首相「成長と財政規律の両立目指す」、消費税率「２年後に確実に戻す」…読売インタビュー-2-ARTICLE_JLPT.md#jlpt-expr06)

> **팁**
>
> 단독 뜻만 외우지 말고 기사에서 함께 쓰인 명사·동사 결합까지 한 덩어리로 기억합니다.

<a id=""expr-expr07""></a>

### 二者択一

- **읽기:** `にしゃたくいつ`
- **의미:** 양자택일
- **기사에서:** 두 선택지 가운데 하나만 고르는 것

[↩ 원문의 클릭 위치로 돌아가기](#return-jp-expr07)  
[↩ 자연스러운 번역문의 클릭 위치로 돌아가기](#return-ko-expr07)  
[📝 JLPT식 출제 포인트·문제·예문 보기](20260828-高市首相「成長と財政規律の両立目指す」、消費税率「２年後に確実に戻す」…読売インタビュー-2-ARTICLE_JLPT.md#jlpt-expr07)

> **팁**
>
> 단독 뜻만 외우지 말고 기사에서 함께 쓰인 명사·동사 결합까지 한 덩어리로 기억합니다.

<a id=""expr-expr08""></a>

### ちゅうちょなく

- **읽기:** `ちゅうちょなく`
- **의미:** 주저하지 않고
- **기사에서:** 망설임 없이 행동한다는 뜻. 한자로는 躊躇なく

[↩ 원문의 클릭 위치로 돌아가기](#return-jp-expr08)  
[↩ 자연스러운 번역문의 클릭 위치로 돌아가기](#return-ko-expr08)  
[📝 JLPT식 출제 포인트·문제·예문 보기](20260828-高市首相「成長と財政規律の両立目指す」、消費税率「２年後に確実に戻す」…読売インタビュー-2-ARTICLE_JLPT.md#jlpt-expr08)

> **팁**
>
> 단독 뜻만 외우지 말고 기사에서 함께 쓰인 명사·동사 결합까지 한 덩어리로 기억합니다.

<a id=""expr-expr09""></a>

### 概算要求

- **읽기:** `がいさんようきゅう`
- **의미:** 개산요구
- **기사에서:** 일본의 각 부처가 다음 연도 예산 편성 전에 필요한 예산 규모를 재무성에 요구하는 절차·금액

[↩ 원문의 클릭 위치로 돌아가기](#return-jp-expr09)  
[↩ 자연스러운 번역문의 클릭 위치로 돌아가기](#return-ko-expr09)  
[📝 JLPT식 출제 포인트·문제·예문 보기](20260828-高市首相「成長と財政規律の両立目指す」、消費税率「２年後に確実に戻す」…読売インタビュー-2-ARTICLE_JLPT.md#jlpt-expr09)

> **팁**
>
> 단독 뜻만 외우지 말고 기사에서 함께 쓰인 명사·동사 결합까지 한 덩어리로 기억합니다.

<a id=""expr-expr10""></a>

### 予見可能性を確保する

- **읽기:** `よけんかのうせいをかくほする`
- **의미:** 예측 가능성을 확보하다
- **기사에서:** 정책의 장기 방향을 미리 예상할 수 있는 환경을 만든다는 뜻

[↩ 원문의 클릭 위치로 돌아가기](#return-jp-expr10)  
[↩ 자연스러운 번역문의 클릭 위치로 돌아가기](#return-ko-expr10)  
[📝 JLPT식 출제 포인트·문제·예문 보기](20260828-高市首相「成長と財政規律の両立目指す」、消費税率「２年後に確実に戻す」…読売インタビュー-2-ARTICLE_JLPT.md#jlpt-expr10)

> **팁**
>
> 단독 뜻만 외우지 말고 기사에서 함께 쓰인 명사·동사 결합까지 한 덩어리로 기억합니다.

<a id=""expr-expr11""></a>

### 民間投資を引き出す

- **읽기:** `みんかんとうしをひきだす`
- **의미:** 민간 투자를 끌어내다
- **기사에서:** 정책이 계기가 되어 민간의 투자 행동을 유도한다는 뜻

[↩ 원문의 클릭 위치로 돌아가기](#return-jp-expr11)  
[↩ 자연스러운 번역문의 클릭 위치로 돌아가기](#return-ko-expr11)  
[📝 JLPT식 출제 포인트·문제·예문 보기](20260828-高市首相「成長と財政規律の両立目指す」、消費税率「２年後に確実に戻す」…読売インタビュー-2-ARTICLE_JLPT.md#jlpt-expr11)

> **팁**
>
> 단독 뜻만 외우지 말고 기사에서 함께 쓰인 명사·동사 결합까지 한 덩어리로 기억합니다.

<a id=""expr-expr12""></a>

### 負担軽減

- **읽기:** `ふたんけいげん`
- **의미:** 부담 경감
- **기사에서:** 세금·비용 등의 부담을 줄이는 것

[↩ 원문의 클릭 위치로 돌아가기](#return-jp-expr12)  
[↩ 자연스러운 번역문의 클릭 위치로 돌아가기](#return-ko-expr12)  
[📝 JLPT식 출제 포인트·문제·예문 보기](20260828-高市首相「成長と財政規律の両立目指す」、消費税率「２年後に確実に戻す」…読売インタビュー-2-ARTICLE_JLPT.md#jlpt-expr12)

> **팁**
>
> 단독 뜻만 외우지 말고 기사에서 함께 쓰인 명사·동사 결합까지 한 덩어리로 기억합니다.

<a id=""expr-expr13""></a>

### 引き下げたまま

- **읽기:** `ひきさげたまま`
- **의미:** 낮춘 채로
- **기사에서:** Vた＋まま: 어떤 상태가 그대로 지속됨

[↩ 원문의 클릭 위치로 돌아가기](#return-jp-expr13)  
[↩ 자연스러운 번역문의 클릭 위치로 돌아가기](#return-ko-expr13)  
[📝 JLPT식 출제 포인트·문제·예문 보기](20260828-高市首相「成長と財政規律の両立目指す」、消費税率「２年後に確実に戻す」…読売インタビュー-2-ARTICLE_JLPT.md#jlpt-expr13)

> **팁**
>
> 단독 뜻만 외우지 말고 기사에서 함께 쓰인 명사·동사 결합까지 한 덩어리로 기억합니다.

<a id=""expr-expr14""></a>

### 影響が出かねない

- **읽기:** `えいきょうがでかねない`
- **의미:** 영향이 생길 우려가 있다
- **기사에서:** ～かねない: 바람직하지 않은 일이 일어날 가능성을 경고

[↩ 원문의 클릭 위치로 돌아가기](#return-jp-expr14)  
[↩ 자연스러운 번역문의 클릭 위치로 돌아가기](#return-ko-expr14)  
[📝 JLPT식 출제 포인트·문제·예문 보기](20260828-高市首相「成長と財政規律の両立目指す」、消費税率「２年後に確実に戻す」…読売インタビュー-2-ARTICLE_JLPT.md#jlpt-expr14)

> **팁**
>
> 단독 뜻만 외우지 말고 기사에서 함께 쓰인 명사·동사 결합까지 한 덩어리로 기억합니다.

<a id=""expr-expr15""></a>

### 原資

- **읽기:** `げんし`
- **의미:** 원자금·재원
- **기사에서:** 어떤 활동이나 지급의 바탕이 되는 자금

[↩ 원문의 클릭 위치로 돌아가기](#return-jp-expr15)  
[↩ 자연스러운 번역문의 클릭 위치로 돌아가기](#return-ko-expr15)  
[📝 JLPT식 출제 포인트·문제·예문 보기](20260828-高市首相「成長と財政規律の両立目指す」、消費税率「２年後に確実に戻す」…読売インタビュー-2-ARTICLE_JLPT.md#jlpt-expr15)

> **팁**
>
> 단독 뜻만 외우지 말고 기사에서 함께 쓰인 명사·동사 결합까지 한 덩어리로 기억합니다.

<a id=""expr-expr16""></a>

### 内閣改造

- **읽기:** `ないかくかいぞう`
- **의미:** 개각
- **기사에서:** 총리가 각료 구성을 변경하는 것

[↩ 원문의 클릭 위치로 돌아가기](#return-jp-expr16)  
[↩ 자연스러운 번역문의 클릭 위치로 돌아가기](#return-ko-expr16)  
[📝 JLPT식 출제 포인트·문제·예문 보기](20260828-高市首相「成長と財政規律の両立目指す」、消費税率「２年後に確実に戻す」…読売インタビュー-2-ARTICLE_JLPT.md#jlpt-expr16)

> **팁**
>
> 단독 뜻만 외우지 말고 기사에서 함께 쓰인 명사·동사 결합까지 한 덩어리로 기억합니다.

<a id=""expr-expr17""></a>

### 人選

- **읽기:** `じんせん`
- **의미:** 인선
- **기사에서:** 특정 직책에 맡길 사람을 고르는 것

[↩ 원문의 클릭 위치로 돌아가기](#return-jp-expr17)  
[↩ 자연스러운 번역문의 클릭 위치로 돌아가기](#return-ko-expr17)  
[📝 JLPT식 출제 포인트·문제·예문 보기](20260828-高市首相「成長と財政規律の両立目指す」、消費税率「２年後に確実に戻す」…読売インタビュー-2-ARTICLE_JLPT.md#jlpt-expr17)

> **팁**
>
> 단독 뜻만 외우지 말고 기사에서 함께 쓰인 명사·동사 결합까지 한 덩어리로 기억합니다.

<a id=""expr-expr18""></a>

### ～をもとに

- **읽기:** `～をもとに`
- **의미:** ~을 토대로
- **기사에서:** 자료·경험·결과 등을 판단이나 제작의 기초로 삼는 표현

[↩ 원문의 클릭 위치로 돌아가기](#return-jp-expr18)  
[↩ 자연스러운 번역문의 클릭 위치로 돌아가기](#return-ko-expr18)  
[📝 JLPT식 출제 포인트·문제·예문 보기](20260828-高市首相「成長と財政規律の両立目指す」、消費税率「２年後に確実に戻す」…読売インタビュー-2-ARTICLE_JLPT.md#jlpt-expr18)

> **팁**
>
> 단독 뜻만 외우지 말고 기사에서 함께 쓰인 명사·동사 결합까지 한 덩어리로 기억합니다.

---

## 핵심 내용

| 핵심 항목          | 내용                                                                                                         |
| ------------------ | ------------------------------------------------------------------------------------------------------------ |
| **재정 운용**      | 국내 투자를 만드는 정책에는 주저하지 않고 재정 지출을 하되 신규 국채 발행액은 약 40조 엔으로 억제한다는 입장 |
| **예산 편성**      | 위기관리·성장 분야 투자에 요구 상한을 두지 않고 중요 분야에는 복수 연도 재원을 확보                          |
| **소비세 감세**    | 2027년 4월부터 식료품 세율을 1%로 낮추고 2029년 4월 8%로 복원                                                |
| **감세 종료 이유** | 소비세가 사회보장 재원이므로 감세를 계속하면 연금·돌봄 등 행정 서비스에 영향이 생길 수 있다고 설명           |
| **추가 정치 일정** | 임시국회 전인 9월 중하순 개각·당직 인사를 실시하는 방향으로 조정                                             |

> **팁**
>
> ‘정책 내용’과 ‘총리의 근거·평가’를 분리해서 메모하면 뉴스 독해 문제에서 사실관계를 덜 헷갈립니다.

---

## 핵심 문장 분석

### 1. 成長なくして財政の持続可能性は維持できない

**원문**

`成長なくして財政の持続可能性は維持できない。`

**해석**

성장 없이는 재정의 지속 가능성을 유지할 수 없다.

#### 문장 구조

| 구성               | 역할                   | 의미               |
| ------------------ | ---------------------- | ------------------ |
| `成長`             | 전제 조건              | 성장               |
| `なくして`         | 조건·필수성            | ~없이는            |
| `財政の持続可能性` | 목적어에 해당하는 대상 | 재정의 지속 가능성 |
| `維持できない`     | 가능 부정              | 유지할 수 없다     |

#### 핵심 표현

##### ～なくして（は）～ない

**의미**

‘~없이는 …할 수 없다’처럼 어떤 요소를 필수 조건으로 강하게 제시합니다.

**뉘앙스·용법**

격식 있고 논설적인 문체에서 자주 보이며, 단순한 `～がなければ`보다 ‘필수불가결’이라는 강조가 강합니다.

**예문**

`信頼なくして長期的な協力関係は築けない。`  
→ 신뢰 없이는 장기적인 협력 관계를 구축할 수 없다.

> **팁**
>
> `AなくしてBない`를 ‘A가 B의 필수 조건’이라는 논리식처럼 잡으면 빠르게 해석할 수 있습니다.

### 2. 税率を引き下げたままにした場合、…影響が出かねない

**해석**

세율을 낮춘 상태로 계속 둘 경우, … 영향이 생길 우려가 있다.

#### 문장 구조

| 구성             | 역할          | 의미               |
| ---------------- | ------------- | ------------------ |
| `引き下げたまま` | 상태 지속     | 낮춘 채로          |
| `にした場合`     | 가정 조건     | 그렇게 두었을 경우 |
| `影響が出る`     | 결과          | 영향이 생기다      |
| `かねない`       | 부정적 가능성 | ~할 우려가 있다    |

> **팁**
>
> `～たまま`는 상태의 지속, `～かねない`는 바람직하지 않은 결과의 가능성을 나타냅니다. 둘이 함께 나오면 ‘그 상태를 계속하면 좋지 않은 일이 생길 수 있다’는 경고 구조가 됩니다.

---

## 뉴스 표현 정리

| 표현                     | 기본 의미              | 뉴스에서의 용법·뉘앙스                                 |
| ------------------------ | ---------------------- | ------------------------------------------------------ |
| **責任ある積極財政**     | 책임 있는 적극 재정    | 성장 투자 확대와 재정 규율을 함께 추구한다는 정책 명칭 |
| **財政規律**             | 재정 규율              | 재정 건전성과 지출·차입 관리 원칙                      |
| **投資を喚起する**       | 투자를 촉진하다        | 정부 지출이 민간·국내 투자를 불러일으킨다는 정책 문맥  |
| **予見可能性を確保する** | 예측 가능성을 확보하다 | 장기 정책 방향을 명확히 해 민간 투자를 유도            |
| **覚悟を持っている**     | 각오하고 있다          | 정책을 예정대로 되돌리겠다는 강한 의지 표현            |
| **自信を見せる**         | 자신감을 보이다        | 기자가 발언 태도를 요약하는 뉴스 문체                  |

---

## 핵심 어휘

| 어휘           | 읽기                   | 의미        | 함께 기억할 형태       |
| -------------- | ---------------------- | ----------- | ---------------------- |
| **財政規律**   | `ざいせいきりつ`       | 재정 규율   | `財政規律を維持する`   |
| **概算要求**   | `がいさんようきゅう`   | 개산요구    | `概算要求を締め切る`   |
| **国債発行額** | `こくさいはっこうがく` | 국채 발행액 | `発行額を抑える`       |
| **予見可能性** | `よけんかのうせい`     | 예측 가능성 | `予見可能性を確保する` |
| **負担軽減**   | `ふたんけいげん`       | 부담 경감   | `負担軽減を図る`       |
| **原資**       | `げんし`               | 원자금·재원 | `介入の原資となる`     |
| **内閣改造**   | `ないかくかいぞう`     | 개각        | `内閣改造を行う`       |
| **人選**       | `じんせん`             | 인선        | `人選を進める`         |

> **팁**
>
> 시사 한자어는 단어만 외우기보다 기사에서 반복되는 동사까지 묶어 암기하면 독해 속도가 빨라집니다.

---

## 뉴스 제목 읽기

**제목**

高市首相「成長と財政規律の両立目指す」、消費税率「２年後に確実に戻す」…読売インタビュー

**자연스러운 해석**

다카이치 총리 “성장과 재정 규율의 양립 목표”, 소비세율 “2년 뒤 확실히 원상 복귀”…요미우리 인터뷰

**일반 문장으로 복원**

`高市首相は、成長と財政規律の両立を目指し、消費税率を2年後に確実に元に戻すと述べた。`

### 생략·압축 분석

| 원문 요소                        | 복원·설명                           |
| -------------------------------- | ----------------------------------- |
| `「成長と財政規律の両立目指す」` | 조사 `を`가 생략된 제목체           |
| `消費税率「２年後に確実に戻す」` | `について`와 `と述べた` 등이 생략   |
| `…読売インタビュー`              | 발언의 출처·기사 형식을 짧게 덧붙임 |

> **팁**
>
> 일본어 뉴스 제목은 조사를 생략하고 인용문을 바로 붙이는 경우가 많습니다. 제목을 완전한 평서문으로 복원해 보면 구조가 훨씬 쉽게 보입니다.

---

## 복습 정리

### 이번 뉴스 한 줄 요약

총리는 성장 투자 확대와 재정 규율의 양립을 내세우면서 식료품 소비세를 2년간 1%로 낮춘 뒤 8%로 되돌리겠다고 밝혔다.

### 꼭 기억할 표현

| 표현                 | 의미                |
| -------------------- | ------------------- |
| **～なくして～ない** | ~없이는 …할 수 없다 |
| **二者択一ではなく** | 양자택일이 아니라   |
| **～たまま**         | ~한 채로            |
| **～かねない**       | ~할 우려가 있다     |
| **～をもとに**       | ~을 토대로          |

### 꼭 기억할 어휘

| 어휘           | 읽기                 | 의미        |
| -------------- | -------------------- | ----------- |
| **財政規律**   | `ざいせいきりつ`     | 재정 규율   |
| **概算要求**   | `がいさんようきゅう` | 개산요구    |
| **予見可能性** | `よけんかのうせい`   | 예측 가능성 |
| **原資**       | `げんし`             | 원자금·재원 |
| **人選**       | `じんせん`           | 인선        |

### 내용 흐름

`성장·재정 규율 양립 제시` → `2027년도 예산·투자 확대` → `2년 한정 소비세 감세` → `사회보장 때문에 세율 복원` → `개각·당직 인사 예고`

> **팁**
>
> 마지막에는 숫자를 가리고 `왜 감세하는가 → 언제 시작하는가 → 언제 왜 되돌리는가`를 일본어로 설명해 보세요.","[""日本語"",""単語"",""文章分析"",""yahoo news"",""読売新聞オンライン"",""高市早苗""]",2026-08-28 02:48:53.467349+00,e1848554-ffae-479c-a8cd-4c0d77b7bed2,2026-08-29 09:44:28.542734+00,0,4,0,2026-08-29 09:44:28.542734+00,0,null,null,null,false,null,null,null,null,false,null,null,null,null,"[{""id"":""f3e6c9d3-c63a-492d-a941-10219333d952"",""name"":""20260828_112333.png"",""path"":""logs/2026/08/28/5ce479b1-2af8-481f-be4b-eec116ffe4e6.png"",""size"":666727,""bucket"":""log-attachments"",""mimeType"":""image/png"",""publicUrl"":""https://vqlawpnnmtequmbdvfcr.supabase.co/storage/v1/object/public/log-attachments/logs/2026/08/28/5ce479b1-2af8-481f-be4b-eec116ffe4e6.png""},{""id"":""9d4456d0-084e-49cd-9447-61a677557431"",""name"":""20260828_112354.png"",""path"":""logs/2026/08/28/e5b47bc9-e1e6-4be4-8686-540176a6e3d6.png"",""size"":657258,""bucket"":""log-attachments"",""mimeType"":""image/png"",""publicUrl"":""https://vqlawpnnmtequmbdvfcr.supabase.co/storage/v1/object/public/log-attachments/logs/2026/08/28/e5b47bc9-e1e6-4be4-8686-540176a6e3d6.png""},{""id"":""60a9591a-4133-4703-89cf-da4a1ce5146c"",""name"":""screencapture-news-yahoo-co-jp-articles-c943a3c71949b6b883ae99b40b39a09461a9d437-2026-08-28-11_24_07.png"",""path"":""logs/2026/08/28/4cc53122-6837-4952-a1bf-022678123d14.png"",""size"":4403612,""bucket"":""log-attachments"",""mimeType"":""image/png"",""publicUrl"":""https://vqlawpnnmtequmbdvfcr.supabase.co/storage/v1/object/public/log-attachments/logs/2026/08/28/4cc53122-6837-4952-a1bf-022678123d14.png""},{""id"":""32206bac-66c3-48bc-b4cc-213d83689776"",""name"":""20260828-高市首相「成長と財政規律の両立目指す」、消費税率「２年後に確実に戻す」…読売インタビュー1-ARTICLE_NEWS.md"",""path"":""logs/2026/08/28/5ffa1b4b-7409-49d8-a023-e966876cd224.md"",""size"":32384,""bucket"":""log-attachments"",""mimeType"":""text/markdown; charset=utf-8"",""publicUrl"":""https://vqlawpnnmtequmbdvfcr.supabase.co/storage/v1/object/public/log-attachments/logs/2026/08/28/5ffa1b4b-7409-49d8-a023-e966876cd224.md""},{""id"":""cf9608d9-e066-45c3-b251-d35988d720e1"",""name"":""20260828-高市首相「成長と財政規律の両立目指す」、消費税率「２年後に確実に戻す」…読売インタビュー-2-ARTICLE_JLPT.md"",""path"":""logs/2026/08/28/d963ce01-a914-45b6-8586-7fc54e277b5f.md"",""size"":16335,""bucket"":""log-attachments"",""mimeType"":""text/markdown; charset=utf-8"",""publicUrl"":""https://vqlawpnnmtequmbdvfcr.supabase.co/storage/v1/object/public/log-attachments/logs/2026/08/28/d963ce01-a914-45b6-8586-7fc54e277b5f.md""},{""id"":""9d1043d5-617e-48b4-aa7b-1cba42e0f6dd"",""name"":""20260828-高市首相「成長と財政規律の両立目指す」、消費税率「２年後に確実に戻す」…読売インタビュー-3-JLPT_ANSWER.md"",""path"":""logs/2026/08/28/3072e39c-19d0-40cc-a8d9-49d13db128a8.md"",""size"":9384,""bucket"":""log-attachments"",""mimeType"":""text/markdown; charset=utf-8"",""publicUrl"":""https://vqlawpnnmtequmbdvfcr.supabase.co/storage/v1/object/public/log-attachments/logs/2026/08/28/3072e39c-19d0-40cc-a8d9-49d13db128a8.md""}]",[],markdown,20260828-高市首相「成長と財政規律の両立目指す」、消費税率「２年後に確実に戻す」…読売インタビュー1-ARTICLE_NEWS.md
d3145420-1ef7-4229-a59c-398fd086d3ad,穴釣り（あなづり）,"# 일본어 콘텐츠 분석 — GENERAL

[📝 JLPT 문제 풀기](20260829-軽バンで行く南房総の堤防釣り、早起きして朝ごはんを調達しようとしたら…-2-JLPT.md)
[✅ JLPT 정답·해설 보기](20260829-軽バンで行く南房総の堤防釣り、早起きして朝ごはんを調達しようとしたら…-3-JLPT-ANSWER.md)

## 출처

**매체/영상/자료**  
軽バンで行く南房総の堤防釣り、早起きして朝ごはんを調達しようとしたら…

**분석 구간:** 0:29~0:43

> **첨부**
>
> [[attach:98dd84e0-4687-4a2d-8efd-adc5c8516c7b]]
> [[attach:9c60f2cf-1a16-4af8-a6e7-d48f5940ec83]]
> [[attach:34c8bb78-c0d1-4d92-8853-06a38db78598]]
> [[attach:7d0a538b-7106-4f74-b391-8087c5cf3235]]
> [[attach:f020607d-a7f3-4565-99ad-6348740d2bb8]]
> [[attach:f92762cd-a7e6-446a-8ff4-39bea6940634]]
> [[attach:4c67fe96-07b6-4c18-9791-6fbc13966a80]]
> [[attach:bc30403b-26e0-43f6-b0f0-bf4849f699c7]]
> [[attach:d2b08280-34b4-47e8-865e-07bb07cc15ce]]

---

## 개요·상황

### 한 줄 요약

남방총의 방파제에서 구멍낚시를 시작하면서 바람·파도·수위 상태를 살펴보고 좋은 낚시 포인트를 찾아보려는 장면이다.

### 상황 설명

화자는 테트라포트에서 `穴釣り（あなづり）`, 즉 틈이나 구멍 사이에 채비를 넣어 물고기를 잡는 낚시를 시작하려 한다.

이날은 바람도 거의 불지 않고 파도도 잔잔하지만, 물고기가 잡힐지는 확신하지 못한다. 이어 테트라포트 틈 안쪽의 수위를 살펴본 뒤 물이 그다지 높지 않다고 판단하고 적절한 구멍을 찾아보겠다고 말한다.

> **팁**
>
> 이 구간은 낚시 전문용어 자체보다, 현장에서 상황을 관찰하면서 자신의 판단을 자연스럽게 말하는 일본어 표현에 집중하면 좋다.

---

## 원문

### 제목

軽バンで行く南房総の堤防釣り、早起きして朝ごはんを調達しようとしたら…

### 본문·대사

今回はテトラポットから穴釣りをやっていきたいと思います。

今日は全然風が吹いてなくて波も穏やかなんですよ。

魚が釣れるかどうかちょっとわかんないんですけど、ここで頑張っていきたいと思います。

穴の中を覗いてみると、あんまり水位は高くないんですよね。

なのでいい感じの穴を探していきたいと思います。

> **팁**
>
> 원문 전사에서는 `と思います今日は`처럼 붙어 있지만 실제 의미상 `と思います。今日は…`로 끊어 이해하는 것이 자연스럽다.

---

## 자연스러운 전체 번역

### 제목

경차 밴을 타고 떠난 남보소 방파제 낚시, 일찍 일어나 아침밥을 구해보려고 했더니…

### 본문·대사

이번에는 테트라포트에서 구멍낚시를 해보려고 합니다.

오늘은 바람도 전혀 안 불고 파도도 잔잔해요.

물고기가 잡힐지는 사실 잘 모르겠지만, 여기서 한번 열심히 해보겠습니다.

구멍 안쪽을 들여다보니까 수위는 그렇게 높지 않네요.

그래서 괜찮아 보이는 구멍을 찾아보려고 합니다.

> **팁**
>
> `頑張っていきたいと思います`를 무조건 “열심히 해나가고 싶다고 생각합니다”라고 옮기면 한국어가 지나치게 딱딱해진다. 이 장면에서는 “한번 열심히 해보겠습니다”가 자연스럽다.

---

## 핵심 포인트

| 핵심 표현·문형             | 기본 의미                           | 이번 자료에서의 기능·뉘앙스        |
| -------------------------- | ----------------------------------- | ---------------------------------- |
| **〜ていきたいと思います** | 앞으로 ~해 나가고 싶다고 생각합니다 | 앞으로 하려는 행동을 부드럽게 선언 |
| **〜かどうか**             | ~인지 아닌지                        | 결과나 사실 여부가 불확실함을 표현 |
| **〜てなくて**             | ~하지 않아서 / ~하지 않고           | `〜ていなくて`의 구어적 축약       |
| **〜てみると**             | ~해 보니                            | 행동 후 새롭게 알게 된 사실 제시   |
| **あんまり〜ない**         | 별로 ~하지 않다                     | 정도가 크지 않음을 회화적으로 표현 |
| **んですよ／んですよね**   | ~거든요 / ~네요                     | 상황 설명·공감·확인의 뉘앙스       |

> **팁**
>
> 이번 자료에서는 각각의 문법을 따로 외우기보다 `관찰 → 판단 → 앞으로의 행동`이라는 화자의 사고 흐름 안에서 기억하면 훨씬 잘 남는다.

---

# 문장별 분석

## 1. 今回はテトラポットから穴釣りをやっていきたいと思います。

### 해석

**자연스러운 번역**

이번에는 테트라포트에서 구멍낚시를 해보려고 합니다.

**직역**

이번에는 테트라포트에서 구멍낚시를 해나가고 싶다고 생각합니다.

**뉘앙스**

영상의 시작 부분에서 이번에 무엇을 할 것인지 시청자에게 알려 주는 표현이다.

`〜たいと思います`를 사용함으로써 `やります`보다 말투가 부드러워진다.

### 문장 구조

`今回は / テトラポットから / 穴釣りを / やっていきたい / と思います`

| 표현                 | 문법적 역할 | 의미·기능            |
| -------------------- | ----------- | -------------------- |
| **今回は**           | 화제        | 이번에는             |
| **テトラポットから** | 장소·출발점 | 테트라포트에서       |
| **穴釣りを**         | 목적어      | 구멍낚시를           |
| **やっていきたい**   | 동사 표현   | 앞으로 해나가고 싶다 |
| **と思います**       | 의향 완화   | ~하려고 한다         |

> **팁**
>
> `〜たいと思います`는 유튜브, 발표, 설명 영상에서 앞으로 할 일을 소개할 때 매우 자주 나온다.

### 핵심 단어

#### 穴釣り（あなづり）

**기본 의미:** 구멍낚시

방파제의 테트라포트나 바위 사이의 틈에 채비를 넣어 물고기를 노리는 낚시를 뜻한다.

`穴釣りをする` → 구멍낚시를 하다  
`穴を探す` → 구멍을 찾다

### 핵심 문법·표현

#### 〜ていきたいと思います

**형태**

`동사 て형 + いきたい + と思います`

**의미**

- 앞으로 ~해 나가려고 합니다.
- 앞으로 ~해보고자 합니다.

**원문에서**

`穴釣りをやっていきたいと思います`  
→ 구멍낚시를 해보려고 합니다.

여기서 `いく`는 실제로 “가다”라는 공간 이동보다 **앞으로 이어질 행동의 진행**을 나타낸다.

**예문**

`今日はこの文法について勉強していきたいと思います。`  
→ 오늘은 이 문법을 공부해보려고 합니다.

`これから詳しく見ていきたいと思います。`  
→ 이제부터 자세히 살펴보겠습니다.

> **팁**
>
> 영상에서 `〜ていきたいと思います`가 들리면 실제 이동을 뜻하는 `行く`인지, 앞으로의 진행을 뜻하는 보조동사인지 먼저 구별한다.

---

## 2. 今日は全然風が吹いてなくて波も穏やかなんですよ。

### 해석

**자연스러운 번역**

오늘은 바람도 전혀 안 불고 파도도 잔잔해요.

**뉘앙스**

현재 낚시 장소의 기상 상태를 설명하는 말이다.

`なんですよ`를 붙여 단순 사실 나열보다는 “지금 상황이 이렇거든요”라는 설명의 뉘앙스를 더한다.

### 문장 구조

`今日は / 全然 / 風が吹いてなくて / 波も / 穏やか / なんですよ`

| 표현                 | 문법적 역할 | 의미·기능        |
| -------------------- | ----------- | ---------------- |
| **今日は**           | 화제        | 오늘은           |
| **全然**             | 부사        | 전혀             |
| **風が吹いてなくて** | 상태·연결   | 바람이 불지 않고 |
| **波も**             | 추가 주제   | 파도도           |
| **穏やか**           | な형용사    | 잔잔하다         |
| **なんですよ**       | 설명 표현   | ~한 상황이에요   |

### 핵심 단어

#### 穏やか（おだやか）

**기본 의미:** 온화하다, 평온하다, 잔잔하다

이 문장에서는 파도가 심하지 않고 잔잔하다는 뜻이다.

`波が穏やかだ` → 파도가 잔잔하다  
`穏やかな天気` → 온화한 날씨

### 회화 포인트

`吹いていなくて`  
→ `吹いてなくて`

회화에서는 `〜ている`의 `い`가 빠지는 경우가 매우 많다.

`食べていない` → `食べてない`  
`見ていない` → `見てない`

> **팁**
>
> 청취에서는 `〜てない`를 하나의 문법으로 외우기보다 `〜ていない`의 회화형이라는 점을 기억하면 다양한 동사에 바로 적용할 수 있다.

---

## 3. 魚が釣れるかどうかちょっとわかんないんですけど、ここで頑張っていきたいと思います。

### 해석

**자연스러운 번역**

물고기가 잡힐지는 잘 모르겠지만, 여기서 한번 열심히 해보겠습니다.

**뉘앙스**

낚시 조건은 나쁘지 않아 보이지만 실제로 물고기가 잡힐지는 알 수 없다는 불확실성을 나타낸 뒤, 그래도 시도해보겠다는 태도를 보여준다.

### 문장 구조

`魚が釣れるかどうか / ちょっとわかんないんですけど / ここで / 頑張っていきたいと思います`

| 표현                 | 문법적 역할 | 의미·기능            |
| -------------------- | ----------- | -------------------- |
| **魚が釣れる**       | 가능·상태   | 물고기가 잡히다      |
| **かどうか**         | 간접 의문   | ~인지 아닌지         |
| **ちょっと**         | 완화 부사   | 좀, 약간             |
| **わかんない**       | 구어체      | 모르겠다             |
| **んですけど**       | 전제·양보   | ~기는 한데           |
| **ここで**           | 장소        | 여기서               |
| **頑張っていきたい** | 의향        | 열심히 해보려고 한다 |

### 핵심 문법·표현

#### 〜かどうか

**형태**

`보통형 + かどうか`

**의미**

~인지 아닌지

**원문에서**

`魚が釣れるかどうか`  
→ 물고기가 잡힐지 안 잡힐지

**예문**

`明日雨が降るかどうかわかりません。`  
→ 내일 비가 올지 안 올지 모르겠습니다.

`彼が来るかどうか確認してください。`  
→ 그가 오는지 안 오는지 확인해 주세요.

### 회화 포인트

`わからない`  
→ `わかんない`

일상적인 회화에서 `わからない`가 `わかんない`로 변하는 경우가 많다.

> **팁**
>
> `かどうか` 뒤에는 `わかる・知らない・確認する・決める`처럼 정보의 확실성이나 판단과 관련된 동사가 자주 온다.

---

## 4. 穴の中を覗いてみると、あんまり水位は高くないんですよね。

### 해석

**자연스러운 번역**

구멍 안을 들여다보니까 수위는 그렇게 높지 않네요.

**뉘앙스**

직접 구멍 안을 살펴본 결과 새롭게 알게 된 사실을 말한다.

`んですよね`는 자기 관찰 내용을 설명하면서 상대의 공감을 유도하는 느낌도 있다.

### 문장 구조

`穴の中を / 覗いてみると / あんまり / 水位は / 高くない / んですよね`

| 표현             | 문법적 역할 | 의미·기능       |
| ---------------- | ----------- | --------------- |
| **穴の中を**     | 목적·대상   | 구멍 안을       |
| **覗いてみると** | 시도 + 결과 | 들여다보니      |
| **あんまり**     | 정도 부사   | 별로, 그다지    |
| **水位は**       | 화제        | 수위는          |
| **高くない**     | 부정        | 높지 않다       |
| **んですよね**   | 설명·공감   | ~네요 / ~거든요 |

### 핵심 단어

#### 覗く（のぞく）

**기본 의미:** 엿보다, 들여다보다

`穴を覗く` → 구멍을 들여다보다  
`中を覗く` → 안을 들여다보다

#### 水位（すいい）

**기본 의미:** 수위

`水位が高い` → 수위가 높다  
`水位が下がる` → 수위가 내려가다

### 핵심 문법·표현

#### 〜てみると

**형태**

`동사 て형 + みる + と`

**의미**

직접 ~해 보니 / ~해 봤더니

**원문에서**

`穴の中を覗いてみると`  
→ 구멍 안을 들여다보니

행동을 먼저 하고, 그 결과로 알게 된 사실이 뒤에 나온다.

**예문**

`食べてみると、意外とおいしかった。`  
→ 먹어보니 의외로 맛있었다.

`外に出てみると、雨が降っていた。`  
→ 밖에 나가보니 비가 내리고 있었다.

### 핵심 문법·표현

#### あんまり〜ない

**의미**

그다지 ~하지 않다 / 별로 ~하지 않다

`あまり〜ない`보다 회화적인 형태가 `あんまり〜ない`이다.

`あんまり高くない`  
→ 별로 높지 않다.

> **팁**
>
> `あんまり`가 나오면 뒤에 부정형이 오는지 확인하는 습관을 들이면 청취가 쉬워진다.

---

## 5. なのでいい感じの穴を探していきたいと思います。

### 해석

**자연스러운 번역**

그래서 괜찮아 보이는 구멍을 찾아보려고 합니다.

### 문장 구조

`なので / いい感じの穴を / 探していきたい / と思います`

| 표현               | 문법적 역할 | 의미·기능              |
| ------------------ | ----------- | ---------------------- |
| **なので**         | 인과 연결   | 그래서                 |
| **いい感じの**     | 명사 수식   | 괜찮은 느낌의          |
| **穴を**           | 목적어      | 구멍을                 |
| **探していきたい** | 진행·의향   | 앞으로 찾아보려고 한다 |
| **と思います**     | 말투 완화   | ~하려고 한다           |

### 핵심 표현

#### いい感じ

**기본 의미:** 좋은 느낌, 괜찮은 상태

이 장면에서는 단순히 “느낌이 좋다”가 아니라 **낚시하기에 적당해 보이는**이라는 의미이다.

`いい感じの場所`  
→ 괜찮아 보이는 장소

`いい感じですね。`  
→ 느낌 좋네요 / 괜찮네요.

> **팁**
>
> `いい感じ`는 한국어 한 단어로 고정 번역하지 말고 문맥에 따라 “괜찮다”, “적당하다”, “느낌 좋다”, “잘 되어 간다” 등으로 바꿔야 자연스럽다.

---

## 표현 비교

| 표현               | 기본 의미         | 특징               |
| ------------------ | ----------------- | ------------------ |
| **あまり〜ない**   | 그다지 ~하지 않다 | 비교적 중립적      |
| **あんまり〜ない** | 별로 ~하지 않다   | 구어적             |
| **全然〜ない**     | 전혀 ~하지 않다   | 부정의 정도가 강함 |

> **팁**
>
> `あんまり`와 `全然`을 모두 “별로”라고 외우지 말고 강도의 차이를 기억한다. `全然` 쪽이 훨씬 강하다.

---

## 핵심 어휘

| 어휘       | 읽기     | 의미       | 함께 기억할 형태 |
| ---------- | -------- | ---------- | ---------------- |
| **穴釣り** | あなづり | 구멍낚시   | 穴釣りをする     |
| **風**     | かぜ     | 바람       | 風が吹く         |
| **波**     | なみ     | 파도       | 波が穏やかだ     |
| **穏やか** | おだやか | 잔잔하다   | 穏やかな海       |
| **釣れる** | つれる   | 잡히다     | 魚が釣れる       |
| **覗く**   | のぞく   | 들여다보다 | 中を覗く         |
| **水位**   | すいい   | 수위       | 水位が高い       |
| **探す**   | さがす   | 찾다       | 場所を探す       |

> **팁**
>
> `釣る`는 “사람이 물고기를 잡다”, `釣れる`는 “물고기가 잡히다”라는 차이도 함께 기억한다.

---

## 전체 다시 보기

### 일본어

今回はテトラポットから穴釣りをやっていきたいと思います。

今日は全然風が吹いてなくて波も穏やかなんですよ。

魚が釣れるかどうかちょっとわかんないんですけど、ここで頑張っていきたいと思います。

穴の中を覗いてみると、あんまり水位は高くないんですよね。

なのでいい感じの穴を探していきたいと思います。

### 자연스러운 한국어

이번에는 테트라포트에서 구멍낚시를 해보려고 합니다.

오늘은 바람도 전혀 안 불고 파도도 잔잔해요.

물고기가 잡힐지는 잘 모르겠지만, 여기서 한번 열심히 해보겠습니다.

구멍 안을 들여다보니까 수위는 그렇게 높지 않네요.

그래서 괜찮아 보이는 구멍을 찾아보려고 합니다.

---

## 내용 흐름

`낚시 방법 소개`  
테트라포트에서 구멍낚시를 시작하겠다고 설명

↓

`현장 상태 확인`  
바람이 없고 파도가 잔잔함

↓

`불확실성`  
물고기가 잡힐지는 모름

↓

`직접 관찰`  
구멍을 들여다보니 수위가 높지 않음

↓

`다음 행동 결정`  
낚시하기 좋은 구멍을 찾아보기로 함

> **팁**
>
> 이 다섯 문장을 개별적으로 암기하기보다 `소개 → 환경 설명 → 불확실성 → 관찰 → 행동 결정`의 이야기 흐름으로 기억한다.

---

## 복습 정리

### 핵심 문법·표현

| 문법·표현                  | 의미                  | 기억할 포인트           |
| -------------------------- | --------------------- | ----------------------- |
| **〜ていきたいと思います** | 앞으로 ~하려고 합니다 | 계획·진행 소개          |
| **〜かどうか**             | ~인지 아닌지          | 불확실한 여부           |
| **〜てなくて**             | ~하지 않고            | `〜ていなくて`의 구어형 |
| **〜てみると**             | ~해보니               | 행동 후 발견            |
| **あんまり〜ない**         | 그다지 ~하지 않다     | 회화적 부정             |
| **んですよね**             | ~네요 / ~거든요       | 설명 + 공감             |

### 이번 자료 한 줄 요약

> **낚시터의 상태를 관찰하면서 `〜かどうか`, `〜てみると`, `あんまり〜ない` 등을 사용해 판단하고 다음 행동을 결정하는 자연스러운 회화를 배울 수 있는 장면이다.**","[""日本語"",""単語"",""文章分析"",""youtube"",""鈴木優香""]",2026-08-28 16:36:16.503582+00,e1848554-ffae-479c-a8cd-4c0d77b7bed2,2026-08-28 16:36:21.648489+00,0,1,0,2026-08-28 16:36:21.648489+00,0,null,null,null,false,null,null,null,null,false,null,null,null,null,"[{""id"":""98dd84e0-4687-4a2d-8efd-adc5c8516c7b"",""name"":""20260829_011139.png"",""path"":""logs/2026/08/29/bc84b36a-3e70-4e67-92e1-e7551ef6f8e8.png"",""size"":1936814,""bucket"":""log-attachments"",""mimeType"":""image/png"",""publicUrl"":""https://vqlawpnnmtequmbdvfcr.supabase.co/storage/v1/object/public/log-attachments/logs/2026/08/29/bc84b36a-3e70-4e67-92e1-e7551ef6f8e8.png""},{""id"":""9c60f2cf-1a16-4af8-a6e7-d48f5940ec83"",""name"":""20260829_011200.png"",""path"":""logs/2026/08/29/4d388dd1-d181-4fc4-a788-ae8381b54c15.png"",""size"":1937428,""bucket"":""log-attachments"",""mimeType"":""image/png"",""publicUrl"":""https://vqlawpnnmtequmbdvfcr.supabase.co/storage/v1/object/public/log-attachments/logs/2026/08/29/4d388dd1-d181-4fc4-a788-ae8381b54c15.png""},{""id"":""34c8bb78-c0d1-4d92-8853-06a38db78598"",""name"":""20260829_011217.png"",""path"":""logs/2026/08/29/178f2d67-e7da-46c7-916a-038105a924a6.png"",""size"":1790018,""bucket"":""log-attachments"",""mimeType"":""image/png"",""publicUrl"":""https://vqlawpnnmtequmbdvfcr.supabase.co/storage/v1/object/public/log-attachments/logs/2026/08/29/178f2d67-e7da-46c7-916a-038105a924a6.png""},{""id"":""7d0a538b-7106-4f74-b391-8087c5cf3235"",""name"":""20260829_011247.png"",""path"":""logs/2026/08/29/6e7d7e0f-2f1d-4ce1-a35d-73e25cb6d947.png"",""size"":1589800,""bucket"":""log-attachments"",""mimeType"":""image/png"",""publicUrl"":""https://vqlawpnnmtequmbdvfcr.supabase.co/storage/v1/object/public/log-attachments/logs/2026/08/29/6e7d7e0f-2f1d-4ce1-a35d-73e25cb6d947.png""},{""id"":""f020607d-a7f3-4565-99ad-6348740d2bb8"",""name"":""20260829_011303.png"",""path"":""logs/2026/08/29/d0ac9765-d86a-4e57-aeb3-c14ee6b63219.png"",""size"":2919840,""bucket"":""log-attachments"",""mimeType"":""image/png"",""publicUrl"":""https://vqlawpnnmtequmbdvfcr.supabase.co/storage/v1/object/public/log-attachments/logs/2026/08/29/d0ac9765-d86a-4e57-aeb3-c14ee6b63219.png""},{""id"":""f92762cd-a7e6-446a-8ff4-39bea6940634"",""name"":""20260829_011323.png"",""path"":""logs/2026/08/29/b3b9c582-ff63-4549-a84e-877484951cff.png"",""size"":3005199,""bucket"":""log-attachments"",""mimeType"":""image/png"",""publicUrl"":""https://vqlawpnnmtequmbdvfcr.supabase.co/storage/v1/object/public/log-attachments/logs/2026/08/29/b3b9c582-ff63-4549-a84e-877484951cff.png""},{""id"":""4c67fe96-07b6-4c18-9791-6fbc13966a80"",""name"":""20260829-軽バンで行く南房総の堤防釣り、早起きして朝ごはんを調達しようとしたら…-1-GENERAL.md"",""path"":""logs/2026/08/29/07389298-4c92-4510-82a2-92a74fcdd6ef.md"",""size"":18713,""bucket"":""log-attachments"",""mimeType"":""text/markdown; charset=utf-8"",""publicUrl"":""https://vqlawpnnmtequmbdvfcr.supabase.co/storage/v1/object/public/log-attachments/logs/2026/08/29/07389298-4c92-4510-82a2-92a74fcdd6ef.md""},{""id"":""bc30403b-26e0-43f6-b0f0-bf4849f699c7"",""name"":""20260829-軽バンで行く南房総の堤防釣り、早起きして朝ごはんを調達しようとしたら…-2-JLPT.md"",""path"":""logs/2026/08/29/baf65e30-673a-4e67-baae-23cf92e877ce.md"",""size"":2841,""bucket"":""log-attachments"",""mimeType"":""text/markdown; charset=utf-8"",""publicUrl"":""https://vqlawpnnmtequmbdvfcr.supabase.co/storage/v1/object/public/log-attachments/logs/2026/08/29/baf65e30-673a-4e67-baae-23cf92e877ce.md""},{""id"":""d2b08280-34b4-47e8-865e-07bb07cc15ce"",""name"":""20260829-軽バンで行く南房総の堤防釣り、早起きして朝ごはんを調達しようとしたら…-3-JLPT-ANSWER.md"",""path"":""logs/2026/08/29/d797b042-d46e-4845-acc7-f51165551367.md"",""size"":7287,""bucket"":""log-attachments"",""mimeType"":""text/markdown; charset=utf-8"",""publicUrl"":""https://vqlawpnnmtequmbdvfcr.supabase.co/storage/v1/object/public/log-attachments/logs/2026/08/29/d797b042-d46e-4845-acc7-f51165551367.md""}]",[],markdown,20260829-軽バンで行く南房総の堤防釣り、早起きして朝ごはんを調達しようとしたら…-1-GENERAL.md
1a02284a-ec94-49d1-a14e-c4be7f86282d,ゼレンスキー氏、長距離攻撃で「無人機を毎日１０００機投入」指示…「侵略続ける代償」負わせる狙い,"# 일본어 콘텐츠 분석 — UNIVERSAL GENERAL

[📝 JLPT 문제 풀기](20260829-ゼレンスキー氏、長距離攻撃で「無人機を毎日１０００機投入」指示…「侵略続ける代償」負わせる狙い-2-UNIVERSAL-GENERAL-JLPT.md) · [✅ JLPT 정답·해설 보기](20260829-ゼレンスキー氏、長距離攻撃で「無人機を毎日１０００機投入」指示…「侵略続ける代償」負わせる狙い-3UNIVERSAL-GENERAL-JLPT-ANSWER.md)

# 첨부

> [[attach:02f234c0-9541-4034-890e-a234ced3b7b4]]
> [[attach:5042dea6-9e8f-4070-8daa-9a7d5656045c]]
> [[attach:a7814b2d-fe1d-4c6b-a8d7-86a2df5edd26]]
> [[attach:0b1d3a0f-7ce1-431a-baae-5deb5d1e0aa4]]
> [[attach:b7f637a9-ba29-4bbd-ba80-ba4768be960d]]
> [[attach:c3f335cb-a0ff-4272-8952-4e7a281f4cac]]
> [[attach:492887b6-9d1b-4e63-8e83-f33e575a7856]]
> [[attach:55c6ac45-b7d0-4307-9fc4-25392488c726]]
> [[attach:7a130781-1c18-47e7-8aaa-aa4876d93f9e]]

---

## 0. 콘텐츠 정보

- **콘텐츠 유형:** 뉴스
- **출처:** 読売新聞オンライン
- **분석 구간:** 기사 전체
- **화자·관계:** 기자 → 독자
- **문체·레지스터:** 문어·보도체
- **학습 초점:** 뉴스 독해 / 어휘·콜로케이션 / 문법 / 정보 출처 / JLPT

> **팁**
>
> 이 기사는 단순 번역보다 `누가 무엇을 밝혔다 → 목적 → 규모 변화 → 공격 사례 → 공개하지 않은 정보`의 흐름을 먼저 잡으면 훨씬 쉽게 읽힙니다.

---

## 1. 맥락·상황

### 한 줄 요약

젤렌스키 우크라이나 대통령이 러시아에 대한 장거리 공격을 확대해 매일 무인기 1,000기를 투입하도록 지시했으며, 러시아에 경제적 타격을 주고 침략의 대가를 치르게 하려는 목적이라고 전한 기사입니다.

### 이 자료에서 중요한 것

- 기존 하루 300기에서 1,000기로 공격 규모가 확대된다는 수치 관계
- `～よう指示する`, `代償を負わせる`, `～ことになる` 같은 고급 문형·결합
- `～によると`, `～といい`, `明らかにした`, `詳細には触れなかった` 같은 뉴스 정보 출처·발언 범위 표현

> **팁**
>
> 뉴스에서는 사건 내용뿐 아니라 **정보가 누구에게서 나온 것인지**를 표시하는 표현을 함께 읽으세요.

---

## 2. 콘텐츠 핵심 구조

| 항목               | 내용                                                   |
| ------------------ | ------------------------------------------------------ |
| 주체               | 젤렌스키 대통령·우크라이나군                           |
| 사건·쟁점          | 러시아에 대한 장거리 공격 확대                         |
| 변화               | 무인기 하루 300기 → 1,000기                            |
| 목적               | 러시아에 경제적 타격을 주고 침략의 대가를 치르게 함    |
| 관련 사례          | 야로슬라블 정유시설 및 엥겔스 공군기지 전략폭격기 공격 |
| 외교 관련 언급     | CIA 존 랫클리프 국장의 러시아 방문에 관한 미국 측 설명 |
| 공개되지 않은 부분 | 복수 회담의 구체적 내용                                |

> **팁**
>
> 숫자는 `300 → 1,000 → 3배 이상`을 하나의 정보 덩어리로 묶어 기억하세요.

---

## 3. 원문

### 제목

ゼレンスキー氏、長距離攻撃で「無人機を毎日１０００機投入」指示…「侵略続ける代償」負わせる狙い

### 본문

<a id=""return-jp-expr01""></a>
ウクライナのウォロディミル・ゼレンスキー大統領は２８日夜の演説で、ロシアへの長距離攻撃の[頻度を増やし](#expr01)、無人機１０００機を毎日投入するよう、軍に[指示した](#expr02)と[明らかにした](#expr03)。ロシアに経済的な[打撃を与え](#expr04)、侵略の[代償を負わせる](#expr05)[狙いがある](#expr06)。

【グラフ】一目でわかる…ロシア軍がウクライナで制圧している面積は減り続けている

<a id=""return-jp-expr07""></a>
これまでは毎日３００機を投入して長距離攻撃を行っていた[といい](#expr07)、３倍以上の規模に[拡大することになる](#expr08)。

<a id=""return-jp-expr09""></a>
英字ニュースサイト「キーウ・インディペンデント」[によると](#expr09)、ウクライナ軍は２７日深夜から２８日未明[にかけ](#expr10)、露西部ヤロスラブリにある露最大規模の製油所や、露南部サラトフ州のエンゲルス空軍基地に[配備されている](#expr11)戦略爆撃機を攻撃した。

<a id=""return-jp-expr12""></a>
ゼレンスキー氏は２８日の演説で、米中央情報局（ＣＩＡ）のジョン・ラトクリフ長官の[訪露](#expr12)について米国から説明を受けたと明らかにした。複数の会談が行われたとしたが、[詳細には触れなかった](#expr13)。

> **팁**
>
> 원문의 링크는 학습 가치가 높은 표현에만 걸었습니다. 모든 단어를 사전화하지 않는 것이 이 템플릿의 핵심입니다.

---

## 4. 자연스러운 전체 번역

### 제목

젤렌스키, 장거리 공격에 매일 무인기 1,000기 투입 지시…침략을 계속하는 대가를 치르게 하려는 목적

### 본문

<a id=""return-ko-expr01""></a>
볼로디미르 젤렌스키 우크라이나 대통령은 28일 밤 연설에서 러시아에 대한 장거리 공격의 **빈도를 높이고**, 무인기 1,000기를 매일 **투입하도록 군에 지시했다고 밝혔다**. 러시아에 경제적 **타격을 주고**, 침략의 **대가를 치르게 하려는 목적**이 있다.

【그래프】한눈에 알 수 있다…러시아군이 우크라이나에서 장악하고 있는 면적은 계속 줄어들고 있다.

<a id=""return-ko-expr07""></a>
지금까지는 매일 300기를 투입해 장거리 공격을 해왔다고 하며, 이에 따라 **3배가 넘는 규모로 확대되는 셈이다**.

<a id=""return-ko-expr09""></a>
영문 뉴스 사이트 ‘키이우 인디펜던트’에 따르면, 우크라이나군은 27일 심야부터 28일 새벽에 걸쳐 러시아 서부 야로슬라블에 있는 러시아 최대 규모의 정유시설과 러시아 남부 사라토프주의 엥겔스 공군기지에 배치된 전략폭격기를 공격했다.

<a id=""return-ko-expr12""></a>
젤렌스키 대통령은 28일 연설에서 미국 중앙정보국(CIA) 존 랫클리프 국장의 러시아 방문에 관해 미국 측으로부터 설명을 받았다고 밝혔다. 여러 차례 회담이 이루어졌다고 했지만, **자세한 내용은 언급하지 않았다**.

> **팁**
>
> `代償を負わせる`는 단어별로 ‘대가를 부담시키다’라고 옮기기보다 문맥상 **대가를 치르게 하다**로 이해하는 편이 자연스럽습니다.

---

## 5. 먼저 알아둘 핵심 포인트

| ID     | 표현·문형       | 자연스러운 의미            | 이 문맥에서의 기능            | 영역      | 중요도 |
| ------ | --------------- | -------------------------- | ----------------------------- | --------- | ------ |
| expr01 | 頻度を増やす    | 빈도를 늘리다              | 공격 횟수 증가                | 공통·뉴스 | ★★☆    |
| expr02 | Vるよう指示する | ~하도록 지시하다           | 군에 행동을 요구              | 공통·뉴스 | ★★★    |
| expr03 | 明らかにする    | 밝히다                     | 발언·공개 사실 보도           | 뉴스·문어 | ★★★    |
| expr04 | 打撃を与える    | 타격을 주다                | 경제적 손실을 가함            | 공통·뉴스 | ★★★    |
| expr05 | 代償を負わせる  | 대가를 치르게 하다         | 상대에게 비용·손실을 부담시킴 | 문어·뉴스 | ★★★    |
| expr06 | 狙いがある      | ~하려는 목적이 있다        | 행동의 목적 제시              | 뉴스·문어 | ★★★    |
| expr07 | ～といい        | ~라고 하며                 | 전언·설명 연결                | 뉴스·문어 | ★★☆    |
| expr08 | ～ことになる    | ~하게 된다/되는 셈이다     | 상황의 귀결                   | 공통      | ★★★    |
| expr09 | ～によると      | ~에 따르면                 | 정보 출처 표시                | 뉴스·문어 | ★★★    |
| expr10 | AからBにかけて  | A부터 B에 걸쳐             | 시간 범위                     | 공통·뉴스 | ★★★    |
| expr11 | 配備されている  | 배치되어 있다              | 배치 상태                     | 뉴스·문어 | ★★☆    |
| expr12 | 訪露            | 러시아 방문                | 신문식 압축어                 | 뉴스      | ★☆☆    |
| expr13 | ～には触れない  | ~에 대해서는 언급하지 않다 | 공개 범위 제한                | 공통·뉴스 | ★★★    |

> **팁**
>
> JLPT에서는 단어 하나보다 `打撃＋を＋与える`, `代償＋を＋負わせる`처럼 **결합 전체**가 더 중요한 학습 단위입니다.

---

## 6. 문장별 상세 분석

### 1. ウクライナのウォロディミル・ゼレンスキー大統領は…軍に指示したと明らかにした。

#### ① 자연스러운 해석

젤렌스키 대통령은 28일 밤 연설에서 러시아에 대한 장거리 공격 빈도를 높이고 무인기 1,000기를 매일 투입하도록 군에 지시했다고 밝혔다.

#### ② 의미 단위

`ウクライナのウォロディミル・ゼレンスキー大統領は / ２８日夜の演説で / ロシアへの長距離攻撃の頻度を増やし / 無人機１０００機を毎日投入するよう / 軍に指示したと / 明らかにした`

#### ③ 문장 구조

| 구성                           | 문법적 역할           | 의미·기능                 | 연결 관계             |
| ------------------------------ | --------------------- | ------------------------- | --------------------- |
| ゼレンスキー大統領は           | 화제                  | 젤렌스키 대통령은         | 전체 문장의 주체      |
| ２８日夜の演説で               | 상황·장소             | 28일 밤 연설에서          | 발언 상황             |
| 頻度を増やし                   | 연용 연결             | 빈도를 높이고             | 뒤 지시 내용과 병렬   |
| 無人機1000機を毎日投入するよう | 인용 내부의 지시 내용 | 매일 1,000기를 투입하도록 | `指示した`의 내용     |
| 軍に                           | 대상                  | 군에                      | 지시를 받는 상대      |
| 指示したと                     | 인용                  | 지시했다고                | `明らかにした`의 내용 |
| 明らかにした                   | 주절 서술어           | 밝혔다                    | 기자가 전달하는 발언  |

<a id=""expr01""></a>

##### 頻度を増やす（ひんどをふやす）

- **기본 의미:** 빈도를 늘리다
- **함께 기억할 형태:** `頻度が高い／低い`, `頻度を増やす／減らす`
- **예문:** `会議の頻度を月2回に増やした。` → 회의 빈도를 월 2회로 늘렸다.

<a id=""expr02""></a>

##### Vるよう指示する

- **형태:** `동사 사전형 + よう（に）+ 指示する`
- **핵심 의미:** 상대가 어떤 행동을 하도록 지시하다
- **이 문장에서:** `無人機１０００機を毎日投入するよう、軍に指示した`
- **구별 기준:** `～ようにする`는 스스로 습관·노력을 조정하는 용법도 있지만, `～よう指示する`는 **타인에게 행동을 요구**합니다.
- **예문:** `担当者に資料を再確認するよう指示した。` → 담당자에게 자료를 다시 확인하도록 지시했다.

<a id=""expr03""></a>

##### 明らかにする（あきらかにする）

- **기본 의미:** 밝히다, 명확하게 하다
- **이 문맥에서:** 공개적으로 사실을 밝혔음을 나타내는 보도체
- **함께 기억할 형태:** `～ことを明らかにする`, `～と明らかにした`

[↩ 원문으로 돌아가기](#return-jp-expr01) · [↩ 번역으로 돌아가기](#return-ko-expr01)

> **팁**
>
> 이 문장의 핵심은 이중 구조입니다. `군에 지시했다`가 안쪽 사건이고, 그 사실을 `밝혔다`가 바깥쪽 보도 동사입니다.

#### ⑦ 한 문장 학습 포인트

> **`Vるよう指示する`와 `～と明らかにした`를 분리해 읽으면 긴 뉴스 문장이 짧아집니다.**

---

### 2. ロシアに経済的な打撃を与え、侵略の代償を負わせる狙いがある。

#### ① 자연스러운 해석

러시아에 경제적 타격을 주고 침략의 대가를 치르게 하려는 목적이 있다.

#### ② 의미 단위

`ロシアに / 経済的な打撃を与え / 侵略の代償を負わせる / 狙いがある`

#### ③ 문장 구조

| 구성                 | 역할      | 의미                      | 관계            |
| -------------------- | --------- | ------------------------- | --------------- |
| ロシアに             | 영향 대상 | 러시아에                  | `与える`의 대상 |
| 経済的な打撃を与え   | 행동 1    | 경제적 타격을 주고        | 뒤 행동과 연결  |
| 侵略の代償を負わせる | 행동 2    | 침략의 대가를 치르게 하다 | `狙い`를 수식   |
| 狙いがある           | 목적 설명 | 의도·목적이 있다          | 문장 결론       |

<a id=""expr04""></a>

##### 打撃を与える（だげきをあたえる）

- **기본 의미:** 타격을 주다
- **함께 기억할 형태:** `経済に打撃を与える`, `大きな打撃を与える`
- **예문:** `原材料価格の上昇が企業に打撃を与えた。` → 원자재 가격 상승이 기업에 타격을 주었다.

<a id=""expr05""></a>

##### 代償を負わせる（だいしょうをおわせる）

- **기본 의미:** 대가를 치르게 하다
- **구조:** `負う`(떠맡다) → `負わせる`(떠맡게 하다)
- **비교:** `代償を払う`는 주체가 스스로 대가를 치르는 데 초점, `代償を負わせる`는 다른 상대에게 대가를 부담시킴.
- **예문:** `違反した企業に高い代償を負わせる。` → 위반한 기업이 큰 대가를 치르게 한다.

<a id=""expr06""></a>

##### 狙いがある（ねらいがある）

- **기본 의미:** 의도·목적이 있다
- **뉴스 기능:** 앞에서 설명한 정책·행동의 목적을 기자가 압축해 제시
- **예문:** `利用者の負担を減らす狙いがある。` → 이용자의 부담을 줄이려는 목적이 있다.

> **팁**
>
> `狙い` 앞에는 목적의 내용이 긴 수식절로 올 수 있습니다. 먼저 맨 끝의 `狙いがある`를 찾고 앞으로 거꾸로 읽어보세요.

---

### 3. これまでは毎日３００機を投入して…３倍以上の規模に拡大することになる。

#### ① 자연스러운 해석

지금까지는 매일 300기를 투입해 장거리 공격을 해왔다고 하며, 이에 따라 3배가 넘는 규모로 확대되는 셈이다.

#### ② 의미 단위

`これまでは / 毎日３００機を投入して / 長距離攻撃を行っていたといい / ３倍以上の規模に / 拡大することになる`

<a id=""expr07""></a>

##### ～といい

- **이 문맥에서:** 앞선 상황에 관한 전언·설명을 이어가는 뉴스 표현
- **주의:** `AといいBといい`(A도 그렇고 B도 그렇고)와 다른 용법
- **문체:** 보도체·문어

<a id=""expr08""></a>

##### ～ことになる

- **핵심 의미:** 결정·상황·계산의 결과로 ~하게 된다
- **이 문장에서:** 300기 → 1,000기이므로 결과적으로 3배 이상 규모가 됨
- **비슷한 표현:** `～ことにする`
- **판별 질문:** **내가 결정하는가, 상황의 결과인가?**
- `ことにする` → 주체의 의지·결정
- `ことになる` → 외부 결정·상황·논리적 귀결

> **팁**
>
> 여기서는 미래 계획을 단순히 말하는 것이 아니라 **숫자 변화에서 나오는 귀결**이므로 `ことになる`를 ‘~되는 셈이다’라고 옮기면 자연스럽습니다.

---

### 4. 英字ニュースサイト「キーウ・インディペンデント」によると…戦略爆撃機を攻撃した。

#### ① 자연스러운 해석

키이우 인디펜던트에 따르면 우크라이나군은 27일 심야부터 28일 새벽에 걸쳐 정유시설과 엥겔스 공군기지에 배치된 전략폭격기를 공격했다.

#### ② 의미 단위

`英字ニュースサイト「キーウ・インディペンデント」によると / ウクライナ軍は / ２７日深夜から２８日未明にかけ / …製油所や / …配備されている戦略爆撃機を / 攻撃した`

<a id=""expr09""></a>

##### ～によると

- **핵심 의미:** ~에 따르면
- **기능:** 뒤 정보의 출처를 명시
- **뉴스 독해 포인트:** 이 뒤 내용은 기사 작성자가 직접 확인했다고 단정하는 형식이 아니라 **인용된 출처에 근거한 정보**입니다.

<a id=""expr10""></a>

##### AからBにかけて

- **핵심 의미:** A부터 B에 걸쳐
- **특징:** `から～まで`보다 경계가 다소 폭넓고 연속적인 시간·공간 범위를 나타낼 수 있음
- **예문:** `今夜から明日の朝にかけて雨が降る見込みだ。` → 오늘 밤부터 내일 아침에 걸쳐 비가 내릴 전망이다.

<a id=""expr11""></a>

##### 配備されている（はいびされている）

- **구조:** `配備する → 配備される → 配備されている`
- **의미:** 배치된 상태에 있다
- **문법 포인트:** 수동형 + `ている`가 결과 상태를 나타냄

> **팁**
>
> 긴 명사 수식은 핵심 명사부터 찾으세요. `エンゲルス空軍基地に配備されている → 戦略爆撃機`에서 실제 목적어의 중심은 `戦略爆撃機`입니다.

---

### 5. …ジョン・ラトクリフ長官の訪露について…詳細には触れなかった。

#### ① 자연스러운 해석

젤렌스키 대통령은 존 랫클리프 CIA 국장의 러시아 방문에 대해 미국 측 설명을 받았다고 밝혔지만, 여러 회담의 자세한 내용은 언급하지 않았다.

#### ② 의미 단위

`ゼレンスキー氏は / ２８日の演説で / …長官の訪露について / 米国から説明を受けたと / 明らかにした / 複数の会談が行われたとしたが / 詳細には触れなかった`

<a id=""expr12""></a>

##### 訪露（ほうろ）

- **의미:** 러시아 방문
- **특징:** `露`는 신문에서 러시아를 나타내는 압축 표기
- **사용 영역:** 일반 회화보다 정치·외교 뉴스

<a id=""expr13""></a>

##### 詳細には触れなかった（しょうさいにはふれなかった）

- **기본 의미:** 자세한 내용은 언급하지 않았다
- **문법 포인트:** `には`의 `は`가 대조·한정을 더해 ‘상세한 부분에 대해서는’이라는 뉘앙스를 만듦
- **`触れる`의 다의성:** 물리적으로 닿다 / 주제·문제를 언급하다
- **예문:** `理由については触れなかった。` → 이유에 대해서는 언급하지 않았다.

> **팁**
>
> `～としたが` 뒤의 `が`는 단순 접속이 아니라 **밝힌 정보 ↔ 밝히지 않은 정보**를 대조합니다.

---

## 7. 표현 비교

| 표현             | 핵심 의미                     | 차이를 가르는 기준                    |
| ---------------- | ----------------------------- | ------------------------------------- |
| `ことになる`     | 상황·결정의 결과로 ~하게 된다 | 외부 상황·귀결인가?                   |
| `ことにする`     | ~하기로 하다                  | 주체가 스스로 결정하는가?             |
| `から～にかけて` | ~부터 ~에 걸쳐                | 범위를 폭넓게 보는가?                 |
| `から～まで`     | ~부터 ~까지                   | 시작·끝 경계를 명확히 보는가?         |
| `代償を負わせる` | 상대에게 대가를 치르게 하다   | 대가를 부담시키는 주체가 따로 있는가? |
| `代償を払う`     | 대가를 치르다                 | 주체가 직접 대가를 부담하는가?        |

> **팁**
>
> 유사 문법은 번역만 비교하지 말고 **주체·결정권·범위의 경계**를 판별 기준으로 잡으세요.

---

## 8. 핵심 어휘·콜로케이션

| 어휘·표현  | 읽기                 | 의미            | 함께 기억할 형태       |
| ---------- | -------------------- | --------------- | ---------------------- |
| 頻度       | ひんど               | 빈도            | `頻度を増やす`         |
| 無人機     | むじんき             | 무인기          | `無人機を投入する`     |
| 打撃       | だげき               | 타격            | `打撃を与える`         |
| 侵略       | しんりゃく           | 침략            | `侵略の代償`           |
| 代償       | だいしょう           | 대가            | `代償を払う／負わせる` |
| 規模       | きぼ                 | 규모            | `規模を拡大する`       |
| 製油所     | せいゆじょ           | 정유시설·정유소 | `製油所を攻撃する`     |
| 配備       | はいび               | 배치            | `配備されている`       |
| 戦略爆撃機 | せんりゃくばくげきき | 전략폭격기      | `戦略爆撃機を配備する` |
| 詳細       | しょうさい           | 상세            | `詳細に触れる`         |

> **팁**
>
> 뉴스 한자어는 단독 암기보다 실제 기사에서 만난 동사까지 함께 외우세요.

---

## OPTION B. 문어·정보 전달 분석

- **정보 출처 1:** 젤렌스키 대통령의 28일 연설
- **정보 출처 2:** 키이우 인디펜던트
- **인용 방식:** `～と明らかにした`, `～によると`, `～といい`
- **객관화·보도체:** 발언 주체와 정보 출처를 문법적으로 분리
- **정보 공개의 한계:** `詳細には触れなかった`

### 제목·헤드라인 분석

**원문 제목:**  
`ゼレンスキー氏、長距離攻撃で「無人機を毎日１０００機投入」指示…「侵略続ける代償」負わせる狙い`

**일반 문장으로 복원:**  
`ゼレンスキー氏は、長距離攻撃で無人機を毎日1000機投入するよう軍に指示した。これは、ロシアに侵略を続ける代償を負わせる狙いがある。`

| 압축 요소                        | 복원                               |
| -------------------------------- | ---------------------------------- |
| `ゼレンスキー氏、`               | 조사 `は` 생략                     |
| `「無人機を毎日1000機投入」指示` | `投入するよう軍に指示した`         |
| `「侵略続ける代償」`             | 일반 문장에서는 `侵略を続ける代償` |
| `負わせる狙い`                   | 행동의 목적을 명사 `狙い`로 압축   |

> **팁**
>
> 뉴스 제목은 조사와 기능어를 과감히 생략합니다. 제목을 일반 문장으로 복원한 뒤 해석하면 오독이 크게 줄어듭니다.

---

## OPTION C. 논리·독해 분석

### 글의 논리 흐름

`공격 확대 지시` → `그 목적` → `기존 대비 규모 변화` → `실제 공격 사례` → `외교 관련 추가 발언` → `세부 내용 비공개`

### 중요한 대조

`複数の会談が行われたとした` **하지만** `詳細には触れなかった`

> **팁**
>
> 마지막 `が`는 앞뒤 사실을 대조합니다. ‘회담이 있었다는 사실은 공개했지만 내용은 공개하지 않았다’가 핵심입니다.

---

## OPTION D. 시험·JLPT 분석

- **출제 가치가 높은 콜로케이션:** `打撃を与える`, `代償を負わせる`
- **문법 변별:** `ことになる ↔ ことにする`
- **범위 표현:** `から～にかけて ↔ から～まで`
- **뉴스 문체:** `～によると`, `～といい`, `～と明らかにした`
- **다의어:** `触れる`
- **한자 읽기:** `頻度`, `代償`, `未明`, `配備`, `詳細`

[📝 JLPT 문제 파일 열기](20260829-ゼレンスキー氏、長距離攻撃で「無人機を毎日１０００機投入」指示…「侵略続ける代償」負わせる狙い-2-UNIVERSAL-GENERAL-JLPT.md)

> **팁**
>
> GENERAL에서 이해한 표현만 문제로 연결했습니다. 먼저 이 파일을 읽고, 그다음 문제 파일을 시험지처럼 풀어보세요.

---

## 9. 전체 다시 보기

### STEP 1 — 일본어만 읽기

ウクライナのウォロディミル・ゼレンスキー大統領は２８日夜の演説で、ロシアへの長距離攻撃の頻度を増やし、無人機１０００機を毎日投入するよう、軍に指示したと明らかにした。ロシアに経済的な打撃を与え、侵略の代償を負わせる狙いがある。

これまでは毎日３００機を投入して長距離攻撃を行っていたといい、３倍以上の規模に拡大することになる。

英字ニュースサイト「キーウ・インディペンデント」によると、ウクライナ軍は２７日深夜から２８日未明にかけ、露西部ヤロスラブリにある露最大規模の製油所や、露南部サラトフ州のエンゲルス空軍基地に配備されている戦略爆撃機を攻撃した。

ゼレンスキー氏は２８日の演説で、米中央情報局（ＣＩＡ）のジョン・ラトクリフ長官の訪露について米国から説明を受けたと明らかにした。複数の会談が行われたとしたが、詳細には触れなかった。

### STEP 2 — 의미 단위로 읽기

`젤렌스키의 발표 / 공격 확대 지시 / 목적 / 300→1000의 귀결 / 키이우 인디펜던트 인용 공격 사례 / CIA 국장 방러 관련 설명 / 세부 내용 비공개`

### STEP 3 — 자연스러운 한국어 확인

공격 확대 지시와 그 목적, 규모 변화, 실제 공격 사례, 외교 관련 발언을 차례로 전달하고 마지막에는 회담의 세부 내용은 공개하지 않았다고 정리합니다.

### STEP 4 — 다시 일본어만 읽기

이번에는 `指示したと明らかにした / 狙いがある / といい / ことになる / によると / にかけて / 詳細には触れなかった`를 덩어리로 인식하며 읽습니다.

> **팁**
>
> 두 번째 읽기에서는 한국어로 번역하지 말고 ‘정보 출처 → 행동 → 목적 → 결과’만 일본어 어순대로 따라가 보세요.

---

## 10. 내용의 흐름

`지시` → 하루 1,000기 투입  
↓  
`목적` → 경제적 타격·침략의 대가  
↓  
`변화` → 하루 300기에서 3배 이상 규모  
↓  
`사례` → 정유시설·전략폭격기 공격  
↓  
`추가 발언` → CIA 국장 방러 관련 설명  
↓  
`한계` → 회담 세부 내용은 언급하지 않음

> **팁**
>
> 기사 전체를 외우기보다 이 6단계 흐름을 재현할 수 있으면 독해의 뼈대는 잡힌 것입니다.

---

## 11. 최종 복습

### 꼭 기억할 5개

| 표현              | 의미·기능              | 기억할 포인트              |
| ----------------- | ---------------------- | -------------------------- |
| `Vるよう指示する` | ~하도록 지시하다       | 행동 주체와 지시 주체 분리 |
| `打撃を与える`    | 타격을 주다            | 콜로케이션                 |
| `代償を負わせる`  | 대가를 치르게 하다     | `負う`의 사역              |
| `～ことになる`    | ~하게 된다/되는 셈이다 | 상황의 귀결                |
| `～にかけて`      | ~부터 ~에 걸쳐         | 폭넓은 시간·공간 범위      |

### 헷갈리기 쉬운 3개

| 비교                      | 구별 기준                                    |
| ------------------------- | -------------------------------------------- |
| `ことになる ↔ ことにする` | 상황의 귀결인가, 내가 결정하는가?            |
| `にかけて ↔ まで`         | 범위를 폭넓게 보는가, 끝점을 명확히 보는가?  |
| `負わせる ↔ 払う`         | 다른 상대에게 부담시키는가, 스스로 치르는가? |

### 바로 써먹을 3문장

1. `会社は担当者に原因を調査するよう指示した。` → 회사는 담당자에게 원인을 조사하도록 지시했다.
2. `新制度は利用者の負担を減らす狙いがある。` → 새 제도는 이용자의 부담을 줄이려는 목적이 있다.
3. `今夜から明日の朝にかけて雪が降る見込みだ。` → 오늘 밤부터 내일 아침에 걸쳐 눈이 내릴 전망이다.

### 이번 자료 한 줄 요약

> **기사 내용뿐 아니라 `～と明らかにした`, `～によると`, `～といい`를 통해 뉴스가 정보 출처와 발언 범위를 어떻게 표시하는지 배우는 자료입니다.**

> **팁**
>
> 마지막으로 원문을 가리고 `누가 → 무엇을 → 얼마나 → 왜 → 어떤 사례 → 무엇을 밝히지 않았는가`를 일본어 표현을 섞어 설명해 보세요.

---

## 12. JLPT 연계

[📝 문제 풀기](20260829-ゼレンスキー氏、長距離攻撃で「無人機を毎日１０００機投入」指示…「侵略続ける代償」負わせる狙い-2-UNIVERSAL-GENERAL-JLPT.md) · [✅ 정답·해설 보기](20260829-ゼレンスキー氏、長距離攻撃で「無人機を毎日１０００機投入」指示…「侵略続ける代償」負わせる狙い-3UNIVERSAL-GENERAL-JLPT-ANSWER.md)
","[""日本語"",""単語"",""文章分析"",""yahoo news"",""読売新聞オンライン"",""ウクライナ"",""ゼレンスキー""]",2026-08-29 14:55:25.347319+00,e1848554-ffae-479c-a8cd-4c0d77b7bed2,2026-08-29 16:10:01.065173+00,0,2,0,2026-08-29 16:10:01.065173+00,0,null,null,null,false,null,null,null,null,false,null,null,null,null,"[{""id"":""02f234c0-9541-4034-890e-a234ced3b7b4"",""name"":""20260829_223344.png"",""path"":""logs/2026/08/30/df4b5cd1-1335-47f4-ae91-274c6ac9c65b.png"",""size"":405944,""bucket"":""log-attachments"",""mimeType"":""image/png"",""publicUrl"":""https://vqlawpnnmtequmbdvfcr.supabase.co/storage/v1/object/public/log-attachments/logs/2026/08/30/df4b5cd1-1335-47f4-ae91-274c6ac9c65b.png""},{""id"":""5042dea6-9e8f-4070-8daa-9a7d5656045c"",""name"":""20260829-00000081-yom-000-10-view.jpg"",""path"":""logs/2026/08/30/3c977fdc-6aa1-4f37-839b-d625698d1c15.jpg"",""size"":151834,""bucket"":""log-attachments"",""mimeType"":""image/jpeg"",""publicUrl"":""https://vqlawpnnmtequmbdvfcr.supabase.co/storage/v1/object/public/log-attachments/logs/2026/08/30/3c977fdc-6aa1-4f37-839b-d625698d1c15.jpg""},{""id"":""a7814b2d-fe1d-4c6b-a8d7-86a2df5edd26"",""name"":""screencapture-news-yahoo-co-jp-articles-26b9bbbf87e3b83b86363a1b9779fe18bfb7507d-2026-08-29-22_34_18.png"",""path"":""logs/2026/08/30/b0faaa66-1101-4b00-b2cf-13c7e0bd9a9a.png"",""size"":3906283,""bucket"":""log-attachments"",""mimeType"":""image/png"",""publicUrl"":""https://vqlawpnnmtequmbdvfcr.supabase.co/storage/v1/object/public/log-attachments/logs/2026/08/30/b0faaa66-1101-4b00-b2cf-13c7e0bd9a9a.png""},{""id"":""0b1d3a0f-7ce1-431a-baae-5deb5d1e0aa4"",""name"":""20260829-ゼレンスキー氏、長距離攻撃で「無人機を毎日１０００機投入」指示…「侵略続ける代償」負わせる狙い-1-ARTICLE_NEWS.md"",""path"":""logs/2026/08/30/54f40954-82f0-4295-aae7-fda6ba4cf87f.md"",""size"":16921,""bucket"":""log-attachments"",""mimeType"":""text/markdown; charset=utf-8"",""publicUrl"":""https://vqlawpnnmtequmbdvfcr.supabase.co/storage/v1/object/public/log-attachments/logs/2026/08/30/54f40954-82f0-4295-aae7-fda6ba4cf87f.md""},{""id"":""b7f637a9-ba29-4bbd-ba80-ba4768be960d"",""name"":""20260829-ゼレンスキー氏、長距離攻撃で「無人機を毎日１０００機投入」指示…「侵略続ける代償」負わせる狙い-2-JLPT.md"",""path"":""logs/2026/08/30/e9a2efac-704d-4b3b-bfeb-87ce2e32fd47.md"",""size"":7547,""bucket"":""log-attachments"",""mimeType"":""text/markdown; charset=utf-8"",""publicUrl"":""https://vqlawpnnmtequmbdvfcr.supabase.co/storage/v1/object/public/log-attachments/logs/2026/08/30/e9a2efac-704d-4b3b-bfeb-87ce2e32fd47.md""},{""id"":""c3f335cb-a0ff-4272-8952-4e7a281f4cac"",""name"":""20260829-ゼレンスキー氏、長距離攻撃で「無人機を毎日１０００機投入」指示…「侵略続ける代償」負わせる狙い-3-JLPT_ANSWER.md"",""path"":""logs/2026/08/30/ee94e123-433e-44d5-a6a0-590fd3623222.md"",""size"":7654,""bucket"":""log-attachments"",""mimeType"":""text/markdown; charset=utf-8"",""publicUrl"":""https://vqlawpnnmtequmbdvfcr.supabase.co/storage/v1/object/public/log-attachments/logs/2026/08/30/ee94e123-433e-44d5-a6a0-590fd3623222.md""},{""id"":""492887b6-9d1b-4e63-8e83-f33e575a7856"",""name"":""20260829-ゼレンスキー氏、長距離攻撃で「無人機を毎日１０００機投入」指示…「侵略続ける代償」負わせる狙い-4-UNIVERSAL-GENERAL.md"",""path"":""logs/2026/08/30/45a7de86-8c4e-45aa-aa73-3871047109ed.md"",""size"":29596,""bucket"":""log-attachments"",""mimeType"":""text/markdown; charset=utf-8"",""publicUrl"":""https://vqlawpnnmtequmbdvfcr.supabase.co/storage/v1/object/public/log-attachments/logs/2026/08/30/45a7de86-8c4e-45aa-aa73-3871047109ed.md""},{""id"":""55c6ac45-b7d0-4307-9fc4-25392488c726"",""name"":""20260829-ゼレンスキー氏、長距離攻撃で「無人機を毎日１０００機投入」指示…「侵略続ける代償」負わせる狙い-5-UNIVERSAL-GENERAL-JLPT.md"",""path"":""logs/2026/08/30/a116a70a-582c-4ff9-b345-ce01449171e1.md"",""size"":9806,""bucket"":""log-attachments"",""mimeType"":""text/markdown; charset=utf-8"",""publicUrl"":""https://vqlawpnnmtequmbdvfcr.supabase.co/storage/v1/object/public/log-attachments/logs/2026/08/30/a116a70a-582c-4ff9-b345-ce01449171e1.md""},{""id"":""7a130781-1c18-47e7-8aaa-aa4876d93f9e"",""name"":""20260829-ゼレンスキー氏、長距離攻撃で「無人機を毎日１０００機投入」指示…「侵略続ける代償」負わせる狙い-6-UNIVERSAL-GENERAL-JLPT-ANSWER.md"",""path"":""logs/2026/08/30/ccb75717-3c13-4562-a5ee-16d7d335b3a5.md"",""size"":14466,""bucket"":""log-attachments"",""mimeType"":""text/markdown; charset=utf-8"",""publicUrl"":""https://vqlawpnnmtequmbdvfcr.supabase.co/storage/v1/object/public/log-attachments/logs/2026/08/30/ccb75717-3c13-4562-a5ee-16d7d335b3a5.md""}]",[],markdown,20260829-ゼレンスキー氏、長距離攻撃で「無人機を毎日１０００機投入」指示…「侵略続ける代償」負わせる狙い-4-UNIVERSAL-GENERAL.md