id,title,content,tags,created_at,user_id,updated_at,comment_count,view_count,like_count,last_activity_at,hot_score,deleted_at,deleted_by,deleted_reason,is_deleted,account_key,source_id,source_date,legacy_id,is_hidden,duplicate_of,deleted_scope,delete_note,table_data,attachments,links,import_source,source_filename
c1ecd234-b3bf-4c25-a9c6-3b10fa3eeae3,もたもたするんで抜いてもいいですか？,"https://youtu.be/95JJ1sTZLlE?si=TUfoa8ckviMjFrdZ

もたもたするんで抜いてもいいですか？
1️⃣ 문장 전체 의미 (상황 포함)

영상 상황을 고려하면 자연스러운 의미는

좀 거추장거리니까 벗어도 될까요?

또는

좀 불편하니까 벗어도 될까요?

입니다.

2️⃣ 문장 구조 분석

문장을 나누면 이렇게 됩니다.

もたもたする
んで
抜いて
もいいですか

구조

이유
↓
허가 요청

즉

~해서
~해도 될까요?

입니다.

3️⃣ もたもたする

기본 의미

의미	설명
느릿느릿하다	행동이 느림
우물쭈물하다	머뭇거리다
꾸물거리다	시간 끌다

하지만 물리적인 상황에서는

動きづらい

같은 느낌도 있습니다.

그래서 이 상황에서는

거추장스럽다

정도로 해석됩니다.

💡 팁

일본어 의성어는

상황에 따라 의미가 바뀝니다
4️⃣ んで

여기서

んで

는

ので

의 구어체 축약형입니다.

즉

~해서

입니다.

예

雨なんで帰ります
비라서 돌아갑니다
5️⃣ 抜いて

여기서 핵심 포인트입니다.

기본 동사

抜く

기본 의미

의미	설명
빼다	remove
뽑다	pull out

하지만 일상에서는

服を抜く

처럼 옷을 벗다 의미로 쓰기도 합니다.

특히 운동 상황에서

上を抜く

같이 말하기도 합니다.

그래서 여기서는

옷을 벗다

입니다.

6️⃣ もいいですか

이 부분은

허가 표현

입니다.

구조

Vて + もいいですか

의미

~해도 될까요?

예

座ってもいいですか
앉아도 될까요?
7️⃣ 문장 직역

문장을 직역하면

もたもたするんで
좀 거추장거려서
抜いてもいいですか
벗어도 될까요?

그래서

좀 거추장거려서 벗어도 될까요?

가 됩니다.

8️⃣ 왜 ""어정쩡하다""가 나왔을까

사전에서

もたもた

가 이렇게 번역되기도 합니다.

번역	의미
어물쩍	행동이 느림
꾸물꾸물	느림
어정쩡	상황 애매

하지만 실제 일본어에서는

動作がスムーズじゃない

느낌입니다.

그래서

상황	의미
사람 행동	우물쭈물
작업	꾸물거리다
옷	거추장스럽다
9️⃣ 상황 기반 해석 (예능 맥락)

말씀한 상황

복근 운동

옷이 걸림

유혹 상황

그래서 화자의 의도는

옷 때문에 움직이기 불편하니까

입니다.

그래서

좀 거추장거리니까 벗어도 될까요?

가 자연스럽습니다.

🔎 이런 분석 방식이 좋은 이유

지금 하신 방식이 일본어 실력 올리는 좋은 방법입니다.

분석 순서

단어 의미
↓
문장 구조
↓
상황
↓
자연스러운 번역

이 과정이 중요합니다.

💡 팁 (일본 예능 일본어)

예능에서는 특히

의성어

가 많이 나옵니다.

예

표현	의미
もたもた	꾸물
ぐだぐだ	질질
もじもじ	쭈뼛
마지막으로 하나 재미있는 포인트

일본 예능에서는 이런 표현도 많이 나옵니다.

ぐだぐだ

이건

질질 끌다

같은 의미인데 예능에서 정말 많이 나옵니다.","[""일본어"",""문장"",""분석"",""日本語"",""文章"",""分析"",""youtube"",""風吹ケイ"",""青木マッチョ"",""天羽希純""]",2026-03-15 21:44:00.281532+00,e1848554-ffae-479c-a8cd-4c0d77b7bed2,2026-03-19 15:55:50.007522+00,0,5,0,2026-03-19 15:55:50.007522+00,0,null,null,null,false,null,null,null,null,false,null,null,null,"{""tables"":{""1"":{""rows"":[],""columns"":[]}}}",null,[],null,null
e3a1acf7-914f-467c-a1a4-c58eaaa557cb,泣けてきちゃうよ,"https://youtu.be/95JJ1sTZLlE?si=TUfoa8ckviMjFrdZ

1️⃣ 문장 구조 분석

문장

泣けてきちゃうよ

구조를 나누면

泣けて
きちゃう
よ

또는 원형으로 보면

泣けてきてしまう

입니다.

2️⃣ 泣ける

기본 동사

泣く

하지만 여기서는

泣ける

형태입니다.

이건

가능형

이 아니라 감정 표현입니다.

의미

울 것 같다
울게 된다

예

この映画は泣ける
이 영화는 눈물 난다

💡 팁

일본어에서

泣ける

은

감동해서 울 것 같다

라는 표현으로 많이 쓰입니다.

3️⃣ 〜てくる
泣けてくる

의 의미

점점 그런 감정이 생긴다

즉

울 것 같은 감정이 올라온다

입니다.

예

悲しくて泣けてくる
슬퍼서 눈물이 나올 것 같다
4️⃣ 〜ちゃう
ちゃう

는

てしまう

의 구어체입니다.

의미

결국 그렇게 되어 버린다

그래서

泣けてきちゃう

는

울 것 같아져 버린다

입니다.

5️⃣ よ

문장 끝의

よ

는

감정 강조

입니다.

예

本当だよ
진짜야
6️⃣ 전체 의미

문장을 자연스럽게 풀면

泣けてきちゃうよ

의 의미는

울 것 같아

또는

눈물 날 것 같아

입니다.

7️⃣ ""울어버릴 것 같다""와 차이

말씀하신 번역

울어버릴 것 같다

도 틀리지는 않습니다.

하지만 일본어 뉘앙스는

감정이 올라와서 눈물이 날 것 같다

입니다.

그래서 더 자연스럽게 번역하면

눈물 날 것 같아

입니다.

8️⃣ 예능에서의 사용 느낌

예능에서는 보통 이런 상황에서 씁니다.

상황	의미
감동	눈물 날 것 같아
웃김	웃겨서 울 것 같아
고마움	감동

예

それ聞いたら泣けてきちゃうよ
그거 들으니까 눈물 날 것 같아
9️⃣ 문장 구조 요약

구조

泣ける
↓
泣けてくる
↓
泣けてきてしまう
↓
泣けてきちゃう

의미 흐름

울 것 같다
↓
점점 눈물 날 것 같다
↓
결국 울 것 같아진다

💡 팁

일본어 감정 표현은

〜てくる

구조가 매우 많습니다.

예

표현	의미
笑えてくる	웃음이 나온다
腹立ってくる	화가 올라온다
泣けてくる	눈물 날 것 같다
하나 흥미로운 포인트

일본 예능을 보면 이 표현도 정말 많이 나옵니다.

泣ける

예

それ泣ける

한국어

그거 눈물 난다

이 표현은 감동 상황에서 정말 자주 나옵니다.","[""일본어"",""문장"",""분석"",""youtube"",""日本語"",""文章"",""分析"",""風吹ケイ"",""青木マッチョ"",""天羽希純""]",2026-03-15 21:53:34.446693+00,e1848554-ffae-479c-a8cd-4c0d77b7bed2,2026-03-19 15:55:50.007522+00,0,3,0,2026-03-19 15:55:50.007522+00,0,null,null,null,false,null,null,null,null,false,null,null,null,"{""tables"":{""1"":{""rows"":[],""columns"":[]}}}",null,[],null,null
79df558b-82e2-46eb-a2ef-7732d7164016,「ざっくり」,"https://youtu.be/FJQJZLNQeag?si=YDg4fcFaqI4F-sdz

ということで、ざっくりとちょっと深夜にバーッて着ちゃったから分かりづらかった方は申し訳ございません。

「ざっくり」とは、物事を大まかに、細部にこだわらず全体を捉える様子、あるいは大胆に切る・編む様子を指す言葉です。ビジネスシーンでは見積もりやスケジュールを「おおよそ」で伝える際に多用されます。類語には「大まかに」「ラフに」「およそ」「ざっと」などがあります。 
usage examples (使い方・例文)
大まかに（概要・見積もり）
「ざっくりとした計画を立てる」
「ざっくりと内容を説明する」
「費用をざっくり計算する」
大胆に切る・割る
「キャベツをざっくり切る」
「スイカをざっくりと割る」
粗い・無造作な様子
「ざっくりしたセーター」
「髪をざっくりとまとめる」 

Synonyms (類語・言い換え)
大雑把（おおざっぱ）に
おおよそ / およそ
ラフに
ざっと
大体（だいたい）
アバウトに
概（おおむ）ね
荒（あら）く","[""日本語"",""単語"",""youtube"",""三上悠亜"",""新商品紹介""]",2026-03-16 14:14:31.384472+00,e1848554-ffae-479c-a8cd-4c0d77b7bed2,2026-03-19 15:55:50.007522+00,0,2,0,2026-03-19 15:55:50.007522+00,0,null,null,null,false,null,null,null,null,false,null,null,null,"{""tables"":{""1"":{""rows"":[],""columns"":[]}}}",null,[],null,null
d1c22182-59a1-4e8a-8cbc-da24cf739f1e,「譲る（ゆずる）」,"https://youtu.be/JF4Dj3LT51I?si=a08Vc8aVSzcoL8iw

親友と同じ人を好きになったら譲る？譲れない？
친구와 같은사람을 좋아하게됬다면 양보한다? 양보안한다?

「譲る（ゆずる）」は、自分の物・権利・地位を他人に渡す（譲渡）、席や順番を相手に譲る（譲歩）、または安値で売ることを指します。主に席を譲る、財産を譲る、一歩譲るなどの場面で使用されます。類語には「手渡す」「渡す」「譲渡する」「献上する」「譲歩する」などがあります。 
【使用例】
物・権利の譲渡: 「親から土地を譲り受けた」
売却: 「中古車を安値で譲る」
場所・機会の提供: 「電車で老人に席を譲る」
譲歩・主張: 「この点については一歩も譲れない」
延期: 「その決定は次回に譲る」 
【類語・関連表現】
譲渡（じょうと）: 有償・無償を問わず権利を移転すること
譲歩（じょうほ）: 主張を控えて相手に合わせること
引き渡す（ひきわたす）: 物を相手に渡すこと
献上（けんじょう）: 目上の人に物を捧げること
売却（ばいきゃく）: 売って手放すこと 
その他、古典では「心を配る」「大切に扱う」という意味でも用いられました。","[""日本語"",""単語"",""youtube"",""立野沙紀"",""二瓶有価""]",2026-03-16 15:23:36.817833+00,e1848554-ffae-479c-a8cd-4c0d77b7bed2,2026-04-10 12:35:50.516072+00,0,2,0,2026-04-10 12:35:50.516072+00,0,null,null,null,false,null,null,null,null,false,null,null,null,"{""tables"":{""1"":{""rows"":[],""columns"":[]}}}",null,[],null,null
fc70ebfb-fbd4-4b21-89e8-aff854ccd1d1,「まぐれ」,"NetflixアニメドラマオクラZ 시즌8 1화

すごいね君、今8メトルぐらいジャンプしたんじゃないかね？
いえ、まぐれですよ。まぐれ。

자네 대단하구나,  방금 8m정도는 점프한거같은데?
아니에요, 운이 좋았던거예요.

「まぐれ」とは、実力ではなく、偶然や幸運によって思いがけず良い結果が出ること。実力が伴わない、運任せの成功を指す言葉であり、「まぐれ当たり」「まぐれで勝つ」のように使われる。類語には「ラッキー」「偶然」「思いがけない」「ツキ」などがある。 

使用例・フレーズ
まぐれ当たり: 偶然に的が当たること。偶然の幸運。
まぐれで勝つ: 実力ではない偶然の力で勝利する。
あれはまぐれだ: 以前の成功は単なる運だった。 

同義語・関連語
ラッキー
偶然・偶発的
ツキ
思いがけない・予想外 
補足
「紛れ（まぐれ）」とも表記される。
「マグロ」はフォアグラをとるための鴨の胸肉（Magret）を指す別の言葉。","[""日本語"",""単語"",""netflix"",""アニメ"",""ドラマオクラz""]",2026-03-18 00:38:14.026598+00,e1848554-ffae-479c-a8cd-4c0d77b7bed2,2026-04-10 12:35:30.546091+00,0,11,0,2026-04-10 12:35:30.546091+00,0,null,null,null,false,null,null,null,null,false,null,null,null,"{""tables"":{""1"":{""rows"":[],""columns"":[]}}}",null,[],null,null
900a183f-66e4-40a4-957f-523a4fe7b375,「ちょけてる」,"https://youtu.be/5pTO-tyNdpA?si=9kJMwYMYG3NOhJrX

ちょっとね。ちょけてる。

「ちょけてる」とは、主に近畿・東海地方で使われる「ちょける（ふざける、おどける、調子に乗る）」の進行形です。真面目な場面でふざけている人や、お調子者を指し、注意する時や、冗談を言う相手に対して使われるカジュアルな関西弁です。 
主な特徴・意味
意味: 「ふざけている」「おどけている」「調子に乗っている」「はしゃいでいる」。
由来: 人をからかう「おちょくる」から派生した「おちょける」が省略されたもの。
地域: 関西を中心に広く使われる方言。 
例文
「授業中やぞ、ちょけてんとって（ふざけていないで）」
「あいつ、またちょけてるわ」
「ちょけんな（ふざけるな、調子に乗るな）」 
類語に「いちびる（調子に乗って調子づく）」がありますが、「ちょける」の方が「ふざける」のニュアンスが強いです。","[""日本語"",""単語"",""youtube"",""ノブロックtv"",""立野沙紀""]",2026-03-19 08:13:42.598718+00,e1848554-ffae-479c-a8cd-4c0d77b7bed2,2026-03-19 15:55:50.007522+00,0,0,0,2026-03-19 15:55:50.007522+00,0,null,null,null,false,null,null,null,null,false,null,null,null,"{""tables"":{""1"":{""rows"":[],""columns"":[]}}}",null,[],null,null
8f9f937c-92ec-415e-b28b-ce9ae41a528d,「ハブられる」,"https://youtu.be/Op8Qo4KlN-o?si=xue6oBHf5W5ngbxZ

中学の同窓会は行けなかった成人式の時にさすがにそうでも私もさ中学の1年生の時にの部活って常に1人誰かはぶされてたの

「ハブられる」とは、グループやコミュニティから意図的に仲間外れにされたり、無視・排除されたりする状況（村八分）を指す俗語です。友人、学校、職場などで、本人の意志に関係なく、冷遇されたり距離を置かれたりする際に使われます。 
ハブられるの主な特徴と状況
意味: 仲間外れにされる、干される、省かれる。
場面: 職場、学校、友人グループ、ママ友関係など。
原因の例: 自己中心的、常識がない、要領が悪い、気が合わないなど。
心理: 孤独感、悲しみ、怒りを感じることが多い。 
もしハブられたと感じたら
距離を置く: そのグループに固執せず、物理的・心理的な距離を置く。
新しい場所を探す: 趣味、習い事、他の友人など、自分が心地よくいられる場所を探す。
気にしない: 相手は自分の性格が悪い場合もあるため、自分を責めすぎない。 

この言葉は「村八分（むらはちぶ）」が語源とされています。","[""日本語"",""単語"",""youtube"",""二瓶有価"",""福留光帆""]",2026-03-19 09:27:29.404736+00,e1848554-ffae-479c-a8cd-4c0d77b7bed2,2026-03-21 15:34:23.709045+00,0,2,0,2026-03-21 15:34:23.709045+00,0,null,null,null,false,null,null,null,null,false,null,null,null,"{""tables"":{""1"":{""rows"":[],""columns"":[]}}}",null,[],null,null
3c397692-2f45-4ea1-ab25-d43fe8cabd24,立ち直る,"🎬 유튜브 인터뷰
https://youtu.be/Op8Qo4KlN-o

힘든 상황에서 다시 일어나는 이야기

💬 문장

立ち直るにはそれこそアイドルが好きだったから夢を見つけたみたいなところかも。  
👉 다시 일어서게 된 건, 아이돌을 좋아했기 때문에 꿈을 찾게 된 것과 비슷한 느낌일지도 몰라.

私はここじゃなく生きていくからいいやと思ったの。  
👉 나는 여기 말고 다른 곳에서 살아가면 되니까 괜찮다고 생각했어.

[[table:1]]

🔍 해설
「立ち直る」는 단순히 회복한다는 의미를 넘어서
👉 좌절이나 충격을 겪은 뒤 다시 일어서는 과정을 포함합니다.

그래서 정신적인 회복, 실패 이후의 재기, 상황 개선 등
👉 다양한 맥락에서 사용되는 표현입니다.

📌 확장

景気が立ち直る → 경기가 회복되다  
打撃から立ち直る → 타격에서 다시 일어서다  
台風被害から立ち直った → 태풍 피해에서 회복되었다","[""日本語"",""単語"",""youtube"",""二瓶有価"",""福留光帆""]",2026-03-19 09:40:57.087755+00,e1848554-ffae-479c-a8cd-4c0d77b7bed2,2026-03-19 20:17:46.876532+00,0,12,0,2026-03-19 20:17:46.876532+00,0,null,null,null,false,null,null,null,null,false,null,null,null,"{""tables"":{""1"":{""rows"":[{""id"":""r1"",""cells"":{""c1"":""立ち直る"",""c2"":""회복하다 / 다시 일어서다"",""c3"":""좌절 → 회복"",""c4"":""打撃から立ち直る"",""c5"":""단순 회복이 아니라 재기 의미 포함""}}],""columns"":[{""id"":""c1"",""label"":""단어""},{""id"":""c2"",""label"":""핵심 의미""},{""id"":""c3"",""label"":""느낌""},{""id"":""c4"",""label"":""예문""},{""id"":""c5"",""label"":""포인트""}]},""2"":{""rows"":[{""id"":""r1"",""cells"":{""c1"":"""",""c2"":""""}}],""columns"":[{""id"":""c1"",""label"":""항목 1""},{""id"":""c2"",""label"":""항목 2""}]},""3"":{""rows"":[{""id"":""r1"",""cells"":{""c1"":"""",""c2"":""""}}],""columns"":[{""id"":""c1"",""label"":""항목 1""},{""id"":""c2"",""label"":""항목 2""}]}}}",null,[],null,null
6745f622-34c5-4d50-a537-25373d7dfc63,ぞくぞく,"🎬 1️⃣ 상단 (맥락)

유튜브 인터뷰
(https://youtu.be/CsSoVsJ1LDY
)
상대의 새로운 모습을 보고 놀란 상황

なんですかね。ぞくぞくしました。

📊 2️⃣ 표 (핵심만)

[[table:1]]

🔍 3️⃣ 해설 (짧게)

이 표현은 단순히 무섭다는 느낌이 아니라
👉 감정이 올라오면서 소름 돋는 상태를 말합니다.

그래서 무서울 때뿐만 아니라
👉 기대되거나 인상 깊을 때도 사용됩니다.

📌 4️⃣ 확장 (선택)

👉 필요하면 아래에만 추가

背筋がぞくぞくする → 등골이 오싹

感動でぞくぞくする → 감동으로 전율","[""日本語"",""単語"",""youtube"",""みりちゃむ"",""ノブロックtv"",""佐久間宣行"",""罵倒""]",2026-03-19 12:48:15.665335+00,e1848554-ffae-479c-a8cd-4c0d77b7bed2,2026-03-25 21:09:24.149494+00,1,19,0,2026-03-25 21:09:24.149494+00,0,null,null,null,false,null,null,null,null,false,null,null,null,"{""tables"":{""1"":{""rows"":[{""id"":""r1"",""cells"":{""c1"":""ぞくぞく"",""c2"":""소름/전율"",""c3"":""공포+흥분"",""c4"":""ぞくぞくする"",""c5"":""감정 올라올때""}}],""columns"":[{""id"":""c1"",""label"":""단어""},{""id"":""c2"",""label"":""핵심의미""},{""id"":""c3"",""label"":""느낌""},{""id"":""c4"",""label"":""예문""},{""id"":""c5"",""label"":""포인트""}]},""2"":{""rows"":[{""id"":""r1"",""cells"":{""c1"":"""",""c2"":""""}}],""columns"":[{""id"":""c1"",""label"":""항목 1""},{""id"":""c2"",""label"":""항목 2""}]}}}",null,[],null,null
f1d41b6b-a846-46ca-8095-d46d323232d1,「左様でございます（さようでございます）」,"🎬 1️⃣ 상단 (맥락)

유튜브 인터뷰
https://youtu.be/CsSoVsJ1LDY?si=iumgIfZ58IbidhOl

자신이 직접 방송 설정(nobrockTV)을 설계하고 써왔다는 것을 설명하는 상황

佐久間宣行：ご自分で書かれてきますか？
錦鯉 渡辺：はい、さようでございます。

👉 사쿠마: 직접 써오신 건가요?
👉 와타나베: 네, 그렇습니다.

📊 2️⃣ 표 (핵심만)
[[table:1]]
🔍 3️⃣ 해설 (짧게)

이 표현은 단순한 “네, 맞습니다(そうです)”보다 훨씬 공손한 표현입니다.

👉 상대의 말에 동의하면서 예의를 갖춘 표현
👉 특히 방송, 인터뷰, 고객 응대 같은 포멀한 상황에서 사용

또한
👉 “네, 그렇습니다”보다 한 단계 높은 존댓말 느낌

📌 4️⃣ 확장 (선택)

👉 필요하면 아래에만 추가

おっしゃる通りでございます → 말씀하신 대로입니다
ご認識の通りでございます → 인식하신 대로입니다
さようでございますか → 그러십니까? (확인)
💡 핵심 한 줄

👉 「さようでございます」 = 최고 수준의 정중한 ""네, 맞습니다""","[""日本語"",""単語"",""youtube"",""みりちゃむ"",""佐久間宣行"",""ノブロックtv""]",2026-03-21 16:10:47.797737+00,e1848554-ffae-479c-a8cd-4c0d77b7bed2,2026-05-07 17:20:48.569026+00,0,5,0,2026-05-07 17:20:48.569026+00,0,null,null,null,false,null,null,null,null,false,null,null,null,"{""tables"":{""1"":{""rows"":[{""id"":""r1"",""cells"":{""c1"":""さようでございます"",""c2"":""그렇습니다 / 맞습니다"",""c4"":""매우 공손함"",""c5"":""はい、さようでございます"",""c6"":""고객응대/격식 표현""}}],""columns"":[{""id"":""c1"",""label"":""단어""},{""id"":""c2"",""label"":""핵심 의미""},{""id"":""c4"",""label"":""느낌""},{""id"":""c5"",""label"":""예문""},{""id"":""c6"",""label"":""포인트""}]}}}",null,[],null,null
db6ae5bc-1c8f-4627-8bce-1ac9548652fc,絵心（えごころ）,"https://youtu.be/ELKiInyWYu4?si=qvpFsn6-jKqopWlq

상황

관광지가된 초등학교를 돌아보면서 과거를 회상하는 상황

표
[[table:1]]

문장

大体平均みんな３とかだけど私美術だけ２だったんだよね。絵心なすぎる。
대체로 평균은 다들 3정도인데 나는 미술만큼은 2였거든요. 진짜 그림센스가 너무없어","[""日本語"",""単語"",""youtube"",""鈴木優香"",""道の駅"",""保田小学校""]",2026-03-22 16:37:26.091147+00,e1848554-ffae-479c-a8cd-4c0d77b7bed2,2026-03-22 21:46:26.565899+00,0,3,0,2026-03-22 21:46:26.565899+00,0,null,null,null,false,null,null,null,null,false,null,null,null,"{""tables"":{""1"":{""rows"":[{""id"":""r1"",""cells"":{""c1"":""絵心"",""c2"":""그림센스"",""c3"":""그림실력을얘기하는것"",""c4"":""絵心なすぎる""}}],""columns"":[{""id"":""c1"",""label"":""단어""},{""id"":""c2"",""label"":""핵심 의미""},{""id"":""c3"",""label"":""느낌""},{""id"":""c4"",""label"":""예문""}]}}}",null,[],null,null
2d88133a-e71c-4c79-930c-e02d97217c7d,「祈ります（いのります）」,"https://youtu.be/__9GUgnss38?si=2f01RhTBoXOd3xmY

상황

立野沙紀에게 온 편지를 읽는 상황

표

[[table:1]]","[""日本語"",""単語"",""youtube"",""ノブロックtv"",""立野沙紀"",""佐久間宣行""]",2026-03-25 21:07:12.648879+00,e1848554-ffae-479c-a8cd-4c0d77b7bed2,2026-03-25 21:07:20.948648+00,0,1,0,2026-03-25 21:07:20.948648+00,0,null,null,null,false,null,null,null,null,false,null,null,null,"{""tables"":{""1"":{""rows"":[{""id"":""r1"",""cells"":{""c1"":""祈ります"",""c2"":""立野沙紀에게 온 편지를 읽는 상황"",""c3"":""상대의 성공, 건강, 행복을 바라는 정중한 표현"",""c4"":""健闘を祈ります""}}],""columns"":[{""id"":""c1"",""label"":""단어""},{""id"":""c2"",""label"":""상황""},{""id"":""c3"",""label"":""포인트""},{""id"":""c4"",""label"":""문장""}]}}}",null,[],null,null
a096e05c-623c-4493-99bb-5efaac03bc79,「めちゃ普通に美味しい」 뜻,"https://youtu.be/diC4LW6yg04?si=KBNFBXyb8U_AWUOe

🟡 「めちゃ普通に美味しい」 뜻

이 표현을 쪼개보면:

めちゃ → 엄청 / 되게 (강조)
普通に → 그냥 보통으로 / 특별한 거 없이
美味しい → 맛있다

👉 직역하면
“엄청 그냥 맛있다” 같은 느낌이에요.

🟢 실제 의미 (핵심 뉘앙스)

자연스럽게 해석하면:

“엄청 특별하진 않은데 그냥 되게 맛있다”
“와 대박은 아닌데, 충분히 맛있네”

즉,

❌ 감탄급 (인생맛집!)
⭕ 안정적으로 맛있는 느낌
🟠 왜 “めちゃ” + “普通に” 같이 쓰는 걸까?

이게 포인트입니다 👇

普通に → 과장 없이 솔직하게 평가하는 느낌
めちゃ → 그 솔직한 평가를 강조

👉 그래서
“과장 없이 말해도 꽤 맛있다” 라는 뉘앙스가 됩니다.

🔵 상황 느낌 (영상에서처럼)

말 흐름을 보면 보통 이렇게 갑니다:

“맛있다” (첫 반응)
맛 설명
다시 정리하면서
👉 「めちゃ普通に美味しい」

이건 사실:

“막 엄청 특이하거나 충격적인 맛은 아닌데
그냥 진짜 괜찮다”

라는 최종 평가 느낌이에요.

🧠 비슷한 한국 표현

아주 자연스럽게 바꾸면:

“걍 맛있네”
“무난하게 맛있다”
“기대 안 했는데 맛있다”
“평범한데 맛있음”
💡 팁
일본어에서 普通に는 단순히 “보통”이 아니라
👉 “솔직하게 말하면 / 과장 없이” 라는 느낌으로 자주 쓰입니다.
그래서 칭찬할 때도 많이 씀
(겸손 + 현실 평가 느낌)
✔️ 한 줄 정리

👉 「めちゃ普通に美味しい」 = 과장 없이 말해도 꽤 맛있다 (대박까진 아님)","[""日本語"",""文章"",""分析"",""youtube"",""風吹ケイ""]",2026-03-26 13:57:30.792969+00,e1848554-ffae-479c-a8cd-4c0d77b7bed2,2026-03-26 14:05:05.035888+00,0,1,0,2026-03-26 14:05:05.035888+00,0,null,null,null,false,null,null,null,null,false,null,null,null,null,null,[],null,null
b5925753-93a9-462b-8ef3-467044677761,「普通に」는 칭찬 맞을까?,"https://youtu.be/diC4LW6yg04?si=KBNFBXyb8U_AWUOe

🟢 여기서 「普通に」는 칭찬 맞을까?

👉 네, 맞습니다. (칭찬으로 쓰인 것)

다만 “강한 극찬”은 아니고:

“과장 없이 말해도 괜찮다 → 그래서 더 신뢰가는 칭찬”

이라는 느낌이에요.

🔵 왜 칭찬처럼 들릴까?

보통 普通に는 이런 뉘앙스를 가집니다:

일부러 띄우지 않음
과장하지 않음
담백하게 평가

👉 그래서 오히려
“솔직한 칭찬” 느낌이 강해짐

🟡 자주 쓰는 「普通に」 칭찬 예문
1️⃣ 普通に美味しい

👉 그냥 맛있다 (하지만 충분히 좋다)

“와 미쳤다”는 아니지만
기대 이상 or 안정적 맛

💡 팁
→ 일본 리뷰에서 제일 많이 보이는 표현 중 하나입니다.
→ 실패 없는 음식 느낌으로 이해하면 쉬워요.

2️⃣ 普通にすごい

👉 그냥 대단하다 (진짜 인정)

겉으로는 담담
속으로는 꽤 놀람

💡 팁
→ 한국어 “이거 은근 대단한데?” 느낌과 비슷합니다.

3️⃣ 普通に可愛い

👉 그냥 귀엽다 (괜히 인정하기 싫은데 귀여움)

살짝 쿨한 척하면서 칭찬

💡 팁
→ 친구끼리 자주 씀
→ “아 뭐야… 근데 귀엽긴 하네” 느낌

4️⃣ 普通に面白い

👉 그냥 재밌다 (의외로 괜찮음)

기대 안 했는데 재밌는 경우 많음

💡 팁
→ 특히 영화/유튜브 리뷰에서 많이 등장합니다.

5️⃣ 普通にうまい

👉 그냥 잘한다 / 맛있다

요리, 게임, 운동 다 가능

💡 팁
→ “실력 인정” 느낌이 강함
→ 가볍지만 진짜 인정하는 말

🔴 주의 (부정으로도 쓰임)

상황에 따라 다르게 들릴 수도 있어요:

普通にまずい → 그냥 맛없다 (직설적 비판)
普通に無理 → 그냥 안 됨 (단호함)

👉 즉,
좋은 단어 + 普通に = 담백한 칭찬
나쁜 단어 + 普通に = 담백한 비판

🧠 핵심 감각 정리

👉 普通に = “과장 빼고 솔직하게 말하면”

그래서:

美味しい랑 붙으면 → 믿을 수 있는 칭찬
すごい랑 붙으면 → 쿨한 인정
可愛い랑 붙으면 → 츤데레 느낌 😄
✔️ 한 줄 정리

👉 여기서는 확실히 칭찬이고, ‘담백하지만 진짜 괜찮다’는 의미","[""日本語"",""単語"",""youtube"",""風吹ケイ""]",2026-03-26 14:00:39.231016+00,e1848554-ffae-479c-a8cd-4c0d77b7bed2,2026-03-26 14:05:12.923513+00,0,1,0,2026-03-26 14:05:12.923513+00,0,null,null,null,false,null,null,null,null,false,null,null,null,null,null,[],null,null
7fe0f602-8da9-450b-a4f0-4fcc73d14652,🧠 일본어 “번역 안 되는 표현” TOP 10,"🧠 일본어 “번역 안 되는 표현” TOP 10

👉 단순 뜻이 아니라 “왜 그렇게 말하는지”까지 같이 보셔야 합니다

1️⃣ 普通に〜

👉 과장 없이 / 솔직히 말하면

普通に美味しい → 그냥 맛있다
普通に無理 → 그냥 안 됨

💡 팁
→ “보통”이라고 번역하면 100% 틀립니다
→ 항상 **“굳이 말하면 / 그냥”**으로 바꿔보세요

2️⃣ なんか〜

👉 뭐랄까 / 약간

なんかいいね → 뭔가 좋다
なんか違う → 뭔가 좀 아님

💡 팁
→ 의미 전달보다 느낌 흐리기 + 완화 표현

3️⃣ 別に〜ない

👉 굳이 ~는 아님 / 딱히 ~

別にいい → 딱히 상관없음
別に好きじゃない → 굳이 좋아하진 않음

💡 팁
→ 직설 회피 + 감정 숨기기 느낌

4️⃣ 全然〜いい（긍정형）

👉 전혀 문제없다 (오히려 OK)

全然いいよ → 완전 괜찮아

💡 팁
→ 한국어랑 완전 반대라서 헷갈림
→ “전혀 + 긍정” = 강한 허용

5️⃣ 微妙

👉 애매하다 (사실상 부정)

それ微妙 → 좀 아닌데…

💡 팁
→ 직접 “별로다” 안 하고 돌려 말함

6️⃣ やばい

👉 상황 따라 완전 달라짐

やばい（좋음） → 미쳤다 (좋은 의미)
やばい（나쁨） → 큰일이다

💡 팁
→ 무조건 “톤”으로 판단해야 합니다

7️⃣ いい感じ

👉 딱 좋다 / 괜찮다

いい感じだね → 느낌 좋다

💡 팁
→ 구체적인 평가 회피 + 긍정

8️⃣ ちょっと…

👉 사실상 거절

ちょっと難しい → 어렵다(=안 함)
ちょっと無理 → 힘들다(=거절)

💡 팁
→ 일본어에서 “ちょっと” 나오면
→ 거절 신호일 확률 높음

9️⃣ 大丈夫

👉 괜찮다 / 필요 없다

大丈夫です → 괜찮아요 (거절 가능성 높음)

💡 팁
→ 상황에 따라 YES/NO 둘 다 됨
→ 진짜 헷갈리는 표현

🔟 そうですね

👉 맞아요 / (시간 끌기)

음… 글쎄요 느낌도 있음

💡 팁
→ 대답이 아니라
→ 생각 정리용 말일 때 많음

🔥 핵심 패턴 정리

이 표현들 공통점 👇

특징	설명
직접 말 안 함	돌려 말함
감정 완화	부드럽게 표현
상황 의존	맥락 중요
톤 중요	말투로 의미 바뀜
🧠 이해 방식 업그레이드

이제 이렇게 보세요:

❌ 단어 → 번역
⭕ 표현 → 의도

예:

ちょっと…
👉 “조금” ❌
👉 “거절하려고 한다” ⭕
💡 최종 팁 (가장 중요)

👉 외우는 게 아니라 패턴으로 익히세요

普通に = 담백한 평가
ちょっと = 거절 신호
微妙 = 부정 완화

👉 이렇게 “역할”로 기억하면 바로 들립니다

✔️ 한 줄 정리

👉 일본어는 단어가 아니라 “말하는 방식”을 이해해야 들린다","[""일본어"",""번역"",""뉘앙스""]",2026-03-26 14:11:32.255552+00,e1848554-ffae-479c-a8cd-4c0d77b7bed2,2026-04-01 17:26:28.697789+00,0,2,0,2026-04-01 17:26:28.697789+00,0,null,null,null,false,null,null,null,null,false,null,null,null,null,null,[],null,null
a99216cd-0621-41ca-9037-0fa43518f591,🧠 「ちゃんと結構辛いです」 구조 분석,"🧠 「ちゃんと結構辛いです」 구조 분석

먼저 쪼개보면:

ちゃんと → 제대로 / 확실히
結構 → 꽤 / 생각보다
辛い → 맵다

👉 직역하면
“제대로 꽤 맵다” (← 이상하죠 😅)

🔵 실제 의미 (핵심)

👉 자연스럽게 풀면:

“생각보다 꽤 제대로 맵다”
“은근히가 아니라 진짜 좀 맵다”

🟡 왜 이런 표현을 쓸까?

이건 단순 “맵다”보다 더 미묘한 뉘앙스입니다 👇

1️⃣ 結構 → 예상보다
그냥 매움 ❌
**생각보다 맵네 ⭕
2️⃣ ちゃんと → 애매한 매움 아님
살짝 매움 ❌
**확실히 매움 ⭕
🟢 전체 뉘앙스

👉 두 개 합치면:

“이거 장난 아니고, 생각보다 제대로 맵다”

근데 일본식이라서 👇

과장 ❌
담백하게 전달 ⭕
🔴 당신이 말한 해석 검증

“객관적이고 눌러 표현하는 느낌?”

👉 ✔️ 거의 정답인데, 한 가지 추가하면 더 정확해요:

👉 “눌렀다”기보다
→ “과장 없이, 근거 있게 말하는 느낌”

🔵 비슷한 한국어 느낌

상황 따라 이렇게 바뀝니다:

“이거 생각보다 꽤 맵다”
“은근히 아니라 좀 제대로 매운데?”
“맵긴 맵다 (확실히)”
🟠 중요한 차이 (普通に vs 이번 표현)
표현	느낌
普通に辛い	그냥 맵다 (담백 평가)
結構辛い	생각보다 맵다
ちゃんと辛い	확실히 맵다
ちゃんと結構辛い	생각보다 + 확실히 맵다
💡 팁 (핵심 훈련 포인트)

👉 일본어는 “부사 조합”이 진짜 중요합니다

普通に = 담백 평가
結構 = 기대 대비
ちゃんと = 확실성 강조

👉 이걸 조합하면
미묘한 감정 표현 완성

🧠 감각 정리

👉 일본어 듣기 핵심 공식

부사 + 형용사 = 감정 레벨 조절 장치

✔️ 한 줄 정리

👉 「ちゃんと結構辛いです」 = 과장 없이 말해도, 생각보다 꽤 제대로 맵다","[""일본어"",""문장"",""분석"",""뉘앙스""]",2026-03-26 14:12:17.36075+00,e1848554-ffae-479c-a8cd-4c0d77b7bed2,2026-03-26 14:12:35.452619+00,0,1,0,2026-03-26 14:12:35.452619+00,0,null,null,null,false,null,null,null,null,false,null,null,null,null,null,[],null,null
7954f913-2db4-4dd0-b277-e865e87993d9,🔵 일본인도 헷갈리는 대표 표현들,"🔵 일본인도 헷갈리는 대표 표현들

실제 일본인들도 고민하는 것들만 골라서 설명할게요 👇

1️⃣ 大丈夫

👉 제일 유명한 헷갈림

大丈夫です → 괜찮아요

근데 상황 따라:

✔️ OK (문제 없음)
❌ 거절 (필요 없음)

👉 예:

店員: 袋いりますか？
客: 大丈夫です

👉 이거:

“괜찮아요 주세요” ❌
“괜찮아요 필요 없어요” ⭕

💡 팁
→ 일본인도 상황 보고 판단합니다
→ 표정/톤 중요

2️⃣ いいです

👉 이것도 양면성 있음

✔️ 좋아요 (허락)
❌ 됐어요 (거절)

👉 예:

もういいです
→ “이제 됐어요(그만하세요)” 느낌

💡 팁
→ 뒤에 오는 말 + 상황이 핵심

3️⃣ ちょっと…

👉 거의 거절인데, 가끔 진짜 “조금”일 때도 있음

ちょっと難しい
→ 거의 90% 거절

근데:

ちょっと待って
→ 진짜 “잠깐”

💡 팁
→ 문장 끝이 흐려지면 거절 확률 ↑

4️⃣ 考えておきます

👉 이건 거의 밈 수준 😄

직역: 생각해볼게요
실제: 거절 (완곡)

👉 일본인도:

“저거 사실 안 한다는 거지?”

라고 생각함

💡 팁
→ 비즈니스 상황에서 특히 많이 씀

5️⃣ 行けたら行く

👉 레전드 표현

직역: 갈 수 있으면 갈게

👉 실제:

✔️ 갈 수도 있음
❌ 거의 안 감

👉 일본인도:

“이거 온다는 거야 안 온다는 거야?”

헷갈림 😄

💡 팁
→ 확률적으로는 “안 감” 쪽이 많음

6️⃣ 微妙

👉 애매하지만 사실상 부정

근데 문제는:

진짜 애매한 건지
돌려서 까는 건지

👉 구분 어려움

💡 팁
→ 표정이 중요합니다 😄

7️⃣ 普通

👉 이건 당신이 이미 느낀 포인트

普通にいい → 칭찬
普通 → 그냥 평범 (심지어 별로 느낌)

👉 일본인도:

“이거 칭찬인가 아닌가?”

가끔 고민함

💡 팁
→ 문장 구조로 판단해야 합니다

🔴 공통 특징 (핵심)

이 표현들 공통점 👇

특징	설명
직설 회피	직접 말 안 함
다의성	의미 2개 이상
상황 의존	맥락 필수
톤 중요	말투로 결정됨","[""일본어"",""일본인들도 헷갈리는 표현""]",2026-03-26 14:32:01.912948+00,e1848554-ffae-479c-a8cd-4c0d77b7bed2,2026-03-26 14:32:20.956413+00,0,1,0,2026-03-26 14:32:20.956413+00,0,null,null,null,false,null,null,null,null,false,null,null,null,null,null,[],null,null
aaad0a78-73cb-4990-83f0-ea0a78a0ca64,「舐める（なめる）」,"[출처]
[[link:9865da17-2387-44c4-8fb3-e3581ce65f1d]]

[상황]
서로 경쟁하면서 자신감 있는 분위기

[대화]

二瓶有価：私のわんこそばの夢をりりかにかなえてほしい  
森脇梨々花：りり絶対勝ってる自信がある  
二瓶有価：いや！うちも！**なめんなよ！**

[핵심 표현]
なめんなよ！

[의미]
얕보지 마 / 무시하지 마

[느낌]
도발 / 경쟁 / 자신감

[단어 확장]
なめる = 핥다 → 얕보다","[""日本語"",""単語"",""youtube"",""二瓶有価"",""森脇梨々花""]",2026-03-27 17:21:49.716892+00,e1848554-ffae-479c-a8cd-4c0d77b7bed2,2026-04-01 14:16:47.317851+00,0,3,0,2026-04-01 14:16:47.317851+00,0,null,null,null,false,null,null,null,null,false,null,null,null,null,[],"[{""id"":""9865da17-2387-44c4-8fb3-e3581ce65f1d"",""url"":""https://youtu.be/bpOYu4SkBD4?si=OgcDyOmWvb3BSg2h"",""image"":""https://img.youtube.com/vi/bpOYu4SkBD4/hqdefault.jpg"",""title"":""YouTube Video"",""siteName"":""YouTube"",""description"":null}]",null,null
b071825e-71f6-4f0b-9fc8-b7240847821c,시오리 플랫폼 컨셉 3,"🧠 당신 사업 방향 정리 (최신 버전)

아래 그대로 복사해서 써도 됩니다 👇

📌 [전체 컨셉]

상황 기반으로 실제 사용되는 언어를 이해하는 플랫폼

단순 번역 ❌
실제 사용 맥락 ✔
감각 + 느낌 전달 ✔
🟢 1차 단계 (현재 집중)
🎯 목표

한국인 대상 생생한 일본어 콘텐츠 제공

📌 핵심 요소
실제 사용되는 일본어 표현
상황 기반 설명
짧고 직관적인 콘텐츠
거부감 없는 편안한 UI
📌 콘텐츠 구조
표현
→ 상황 설명
→ 느낌 차이
→ 실제 사용 맥락
📌 전략
콘텐츠 꾸준히 쌓기
블로그 → 웹페이지 유입
웹페이지 중심 구조
📌 AI 활용
설명 보조
번역 보조
표현 정리

👉 ❗ 분석 기능은 사용하지 않음

🔵 2차 단계 (확장)
🎯 목표

일본인 대상 한국어 콘텐츠 확장

📌 핵심
일본어 → 한국어 구조로 확장
양방향 플랫폼 구축
📌 추가 요소
다국어 콘텐츠 번역
사용자 유입 확대
📌 AI 활용
번역 자동화
콘텐츠 확장 보조
🟡 3차 단계 (고급)
🎯 목표

사고흐름 기반 언어 이해 플랫폼

📌 핵심
언어 → 사고 방식 연결
문화 차이 분석
표현 선택 이유 분석
📌 기능
AI 사고흐름 분석
사용자 패턴 분석
개인화 추천
📌 조건

❗ 충분한 데이터 쌓인 이후 진행

🔒 내부 전략 (중요)
📌 내부 (비공개)
내 사고 흐름 분석
판단 기준
콘텐츠 구조

👉 🔥 핵심 자산 (공개 X)

🌐 플랫폼 구조
웹페이지 → 메인
블로그 → 유입
노션 → 내부 기록
🎯 핵심 원칙
1️⃣ 지금은 “콘텐츠”
2️⃣ AI는 “보조”
3️⃣ 분석은 “나중”
4️⃣ 반복이 성장
💡 한 줄 요약 (가장 중요)

🔥 “실제 상황에서 쓰이는 언어를 쉽게 이해하게 만드는 플랫폼”

💡 사용 방법 (진짜 중요)

이걸 저장해두고 👇

👉 새로운 대화 시작할 때 이렇게 말하면 됩니다:

“나는 상황 기반 일본어 콘텐츠 플랫폼 만들고 있고 1차는 한국인 대상 일본어야”

👉 그러면:

💯 바로 이어서 대화 가능

🎯 최종 정리

❗ 지금 당신은
👉 아이디어 단계 ❌

🔥 이미 “사업 구조가 잡힌 상태”

그리고 가장 중요한 한 줄:

💯 “정리된 생각은 속도를 만든다”

원하면
👉 이걸 실제 서비스 구조(UI/페이지 구성)까지 이어서 설계해드릴게요","[""시오리"",""아이디어"",""방향""]",2026-03-27 21:08:45.664147+00,e1848554-ffae-479c-a8cd-4c0d77b7bed2,null,0,0,0,2026-03-27 21:08:45.664147+00,0,null,null,null,false,null,null,null,null,false,null,null,null,null,null,[],null,null
edb144de-f720-4ee5-a7ae-0cfd089ba8c5,한일양국의 언어 공부방법,"🇰🇷 한국어 버전 (한국인 → 일본어)
🟢 제목

일본어는 “단어”보다 “상황과 느낌”으로 시작해야 합니다

🟡 한 줄 요약

일본어는 단어 뜻만 외우면 실제 회화에서 오해하기 쉽습니다.

🎯 이 글이 필요한 사람
일본어를 처음 시작하는 사람
단어는 아는데 말이 어색한 사람
자연스러운 일본어를 이해하고 싶은 사람
📌 큰 틀 설명

일본어는 단어 하나의 뜻만으로 이해하기 어려운 경우가 많습니다.
같은 표현도 상황, 상대와의 관계, 말하는 사람의 감정에 따라
다르게 느껴질 수 있습니다.

그래서 일본어는
👉 “번역”이 아니라 “상황 속에서 이해”하는 것이 중요합니다

📌 왜 헷갈릴까
사전 뜻만 보면 충분하다고 생각하기 쉬움
실제 대화는 상황과 감정이 함께 작용함
번역하면 자연스러운 느낌이 사라짐
📌 예시
すみません
직역: 죄송합니다
실제 의미:
사과
부탁
말 걸기
감사

👉 상황에 따라 완전히 다르게 쓰입니다

📌 초보자가 자주 하는 실수
단어를 그대로 번역하려고 함
문법부터 완벽하게 하려고 함
✅ 이렇게 시작하면 좋다
자주 쓰는 표현부터 보기
상황과 함께 이해하기
반복해서 노출하기
💡 핵심 한 줄

💯 일본어는 번역이 아니라 이해다

🇯🇵 日本語版（日本人 → 韓国語）
🟢 タイトル

韓国語は「単語」より「感情と場面」で学ぶべきです

🟡 一行まとめ

韓国語は単語の意味だけで覚えると、実際の会話で違和感が出やすいです。

🎯 この内容が必要な人
韓国語を初めて学ぶ人
単語は知っているが会話が不自然な人
自然な韓国語を理解したい人
📌 全体の考え方

韓国語は、同じ単語でも
話し方・イントネーション・感情によって
受ける印象が大きく変わります。

そのため韓国語は
👉 「翻訳」ではなく「感情と一緒に理解すること」が重要です

📌 なぜ難しく感じるのか
単語の意味だけで理解しようとする
実際の会話では感情や距離感が強く影響する
翻訳するとニュアンスが消える
📌 例
괜찮아요
直訳：大丈夫です
実際の意味：
本当に大丈夫
遠慮
やんわり断る
気にしないで

👉 場面によって意味が変わる表現です

📌 初心者がよくする間違い
丁寧に話せば正しいと思う
文法を先に完璧にしようとする
✅ おすすめの学習方法
よく使う表現から覚える
イントネーションと一緒に学ぶ
実際の会話を繰り返し聞く
💡 核心の一言

💯 韓国語は文法より感情です","[""일본어"",""표현"",""공부방법""]",2026-03-27 21:43:32.789799+00,e1848554-ffae-479c-a8cd-4c0d77b7bed2,2026-03-27 21:43:53.740564+00,0,1,0,2026-03-27 21:43:53.740564+00,0,null,null,null,false,null,null,null,null,false,null,null,null,null,null,[],null,null
efad42cc-8efd-45d3-92b0-01f7810ce8d9,한국인이 오해할만한 일본어 표현,"🇰🇷 한국어 버전 (한국인 → 일본어)
🟢 제목

일본어를 단어 그대로 이해하면 생기는 오해 (すみません / 大丈夫です)

🟡 한 줄 요약

일본어는 단어 뜻만 보면 실제 의미와 다르게 받아들일 수 있습니다.

🎯 이 글이 필요한 사람
일본어를 배우고 있지만 실제 대화가 어려운 사람
일본어 표현이 왜 다르게 들리는지 궁금한 사람
일본인과 대화할 때 오해를 줄이고 싶은 사람
📌 상황 1: すみません
❌ 직역으로 이해하면

→ 죄송합니다

❗ 실제 상황

식당에서
손님: すみません

👉 의미:

“저기요”
“불러도 될까요?”
🔥 핵심 포인트

❗ 사과가 아니라 “상대에게 말을 거는 표현”

📌 상황 2: 大丈夫です
❌ 직역으로 이해하면

→ 괜찮습니다

❗ 실제 상황

A: 이거 필요하세요?
B: 大丈夫です

👉 실제 의미:

필요 없습니다
괜찮습니다 (거절)
🔥 핵심 포인트

❗ 상황에 따라 “거절” 의미로 자주 사용됨

📌 왜 이런 오해가 생길까
단어 뜻만 외움
상황을 같이 보지 않음
번역 기준으로 이해함
✅ 이렇게 보면 오해가 줄어듦
“이 말이 왜 나왔는지” 생각하기
상황 + 관계 같이 보기
직역 대신 의도 파악하기
💡 핵심 한 줄

💯 일본어는 말의 뜻보다 “사용된 이유”를 봐야 한다

🇯🇵 日本語版（日本人 → 韓国語）
🟢 タイトル

韓国語を直訳で理解すると起きる誤解（괜찮아요 / 됐어）

🟡 一行まとめ

韓国語は同じ言葉でも、言い方や状況によって意味が変わります。

🎯 この内容が必要な人
韓国語を勉強しているが会話が難しい人
表現のニュアンスが分からない人
誤解なく会話したい人
📌 場面1：괜찮아요
❌ 直訳で理解すると

→ 大丈夫です

❗ 実際の場面

A: 手伝いましょうか？
B: 괜찮아요

👉 実際の意味：

大丈夫です（本当にOK）
気にしないでください
遠慮（断り）
🔥 ポイント

❗ 状況によって「断り」になることも多い

📌 場面2：됐어
❌ 直訳で理解すると

→ なった / 完了した

❗ 実際の場面

A: これやる？
B: 됐어

👉 実際の意味：

もういい
いらない
やめて
🔥 ポイント

❗ 少し強いニュアンスになることがある

📌 なぜ誤解が起きるのか
単語の意味だけで理解する
感情や距離感を考えない
翻訳に頼りすぎる
✅ 誤解を減らす方法
その言葉が使われた場面を見る
話し方やトーンを意識する
意味よりも「意図」を考える
💡 核心の一言

💯 韓国語は言葉より「感情と状況」が大事","[""日本語"",""表現"",""誤解""]",2026-03-27 21:49:07.378037+00,e1848554-ffae-479c-a8cd-4c0d77b7bed2,2026-03-27 21:50:18.205125+00,0,1,0,2026-03-27 21:50:18.205125+00,0,null,null,null,false,null,null,null,null,false,null,null,null,null,null,[],null,null
2f31d951-6dde-4a1e-9e68-df3952638c39,일본인이 오해할만한 한국어 표현,"🇯🇵 日本語版（日本人 → 韓国語）
🟢 タイトル

日本人が韓国語で誤解しやすい表現（진짜 / 됐어요 / 나중에）

🟡 一行まとめ

韓国語は直訳すると意味が合っていても、実際の意図とズレることが多いです。

🎯 この内容が必要な人
韓国語を勉強し始めた人
会話で違和感を感じたことがある人
韓国人と自然に会話したい人
📌 場面1：진짜?
❌ 直訳で理解すると

→ 本当に？

❗ 実際の場面

A: 昨日あの人に会ったよ
B: 진짜?

👉 実際の意味：

え、本当！？（驚き）
マジで？（リアクション）
🔥 ポイント

❗ 疑いではなく「感情表現」

📌 場面2：됐어요
❌ 直訳で理解すると

→ なりました / 完了しました

❗ 実際の場面

店員: もう少し入れましょうか？
客: 됐어요

👉 実際の意味：

大丈夫です
もう結構です
これ以上いりません
🔥 ポイント

❗ 丁寧な「断り」

📌 場面3：나중에
❌ 直訳で理解すると

→ 後で

❗ 実際の場面

A: 今度一緒にご飯行こう
B: 나중에 보자

👉 実際の意味：

また今度ね
機会があれば
（やんわり断る場合もある）
🔥 ポイント

❗ 曖昧な返事＝必ずしも約束ではない

📌 なぜ誤解が起きるのか
単語の意味だけで理解する
感情表現を軽く見てしまう
曖昧な表現の使い方が違う
✅ 誤解を減らす方法
トーンと表情を見る
返事の強さを意識する
直訳ではなく意図を考える
💡 核心の一言

💯 韓国語は意味より「リアクションと距離感」が重要

🇰🇷 한국어 버전 (설명용)
🟢 제목

일본인이 한국어에서 오해하기 쉬운 표현 (진짜 / 됐어요 / 나중에)

🟡 한 줄 요약

한국어는 단어 뜻보다 감정과 상황이 더 중요한 경우가 많습니다.

📌 상황 1: 진짜?
❌ 일본인이 느끼는 의미

→ 사실 확인 (의심)

❗ 실제 의미
놀람
리액션
관심 표현

👉 핵심:

❗ 의심이 아니라 감정 표현

📌 상황 2: 됐어요
❌ 일본인이 느끼는 의미

→ 완료 / 끝남

❗ 실제 의미
괜찮습니다
더 필요 없습니다
정중한 거절

👉 핵심:

❗ 부드러운 거절 표현

📌 상황 3: 나중에
❌ 일본인이 느끼는 의미

→ 나중에 확실히 함

❗ 실제 의미
나중에 보자
상황 봐서
사실상 거절일 수도 있음

👉 핵심:

❗ 반드시 약속이 아님

📌 왜 오해가 생길까
한국어는 감정 표현이 강함
단어보다 말하는 방식이 중요
애매한 표현이 많음
💡 핵심 한 줄

💯 한국어는 단어가 아니라 “느낌과 관계”로 이해해야 한다","[""일본인"",""표현"",""오해""]",2026-03-27 21:51:23.226+00,e1848554-ffae-479c-a8cd-4c0d77b7bed2,2026-03-27 21:51:41.61048+00,0,1,0,2026-03-27 21:51:41.61048+00,0,null,null,null,false,null,null,null,null,false,null,null,null,null,null,[],null,null
45d6bd14-c1a5-4f37-b6d1-bb0ae7656f41,壮絶（そうぜつ）,"출처

[[link:aede423e-947e-4b79-8e26-3c7891498fb9]]
사용예시

二瓶有価：だからあれだよ。同じ傷を負ってるからだよ
그러니까 그거야. 같은 상처를 입었기 때문이야.

福留光保：戦おうよ。どっちの方が壮絶ないじめか。
배틀 한번 할까? 누구 쪽이 더 상상을 초월하는 이지메였는지

단어뜻

웅장한,장렬한,용감한","[""日本語"",""単語"",""youtube"",""二瓶有価"",""福留光保""]",2026-03-29 18:35:30.473912+00,e1848554-ffae-479c-a8cd-4c0d77b7bed2,2026-04-01 14:16:28.630764+00,0,12,0,2026-04-01 14:16:28.630764+00,0,null,null,null,false,null,null,null,null,false,null,null,null,null,[],"[{""id"":""aede423e-947e-4b79-8e26-3c7891498fb9"",""url"":""https://youtu.be/Op8Qo4KlN-o?si=4IrQBYbMavESzSBy"",""image"":""https://img.youtube.com/vi/Op8Qo4KlN-o/hqdefault.jpg"",""title"":""YouTube Video"",""siteName"":""YouTube"",""description"":null}]",null,null
93d7348a-269b-46ef-851c-91fd6002304d,qweqwe,qweqweqweqweqweqweqweqweqweqweqweqweqwe,[],2026-03-30 13:49:24.98781+00,e1848554-ffae-479c-a8cd-4c0d77b7bed2,null,0,0,0,2026-03-30 13:49:24.98781+00,0,null,null,null,false,null,null,null,null,false,null,null,null,null,null,[],null,null
ffcbb261-b0be-425d-9b4e-876e930da359,qweqweqweqwe,qweqweqweqweqweqweqweqweqweqwe,[],2026-03-30 13:51:15.969768+00,e1848554-ffae-479c-a8cd-4c0d77b7bed2,null,0,0,0,2026-03-30 13:51:15.969768+00,0,null,null,null,false,null,null,null,null,false,null,null,null,null,null,[],null,null
ab8cd89c-73c1-430a-90d5-79af5c285b9f,가자구,가자궂가자궂가자궂가자국가가가가가가가가가가가가가가가가가가가가가가가가,[],2026-03-30 13:52:06.955459+00,e1848554-ffae-479c-a8cd-4c0d77b7bed2,null,0,0,0,2026-03-30 13:52:06.955459+00,0,null,null,null,false,null,null,null,null,false,null,null,null,null,null,[],null,null
66d144a2-514e-4514-86fd-4d90b735de20,qwe,qweqweqweqweqweqweqweqweqweqweqweqweqwe,[],2026-03-30 13:58:40.706307+00,e1848554-ffae-479c-a8cd-4c0d77b7bed2,null,0,0,0,2026-03-30 13:58:40.706307+00,0,null,null,null,false,null,null,null,null,false,null,null,null,null,null,[],null,null
580f06c9-f64d-4183-83b4-fa66da6c8c07,qweqwe,qweqweqweqweqweqweqweqweqweqweqweqweqweqwe,[],2026-03-30 13:59:03.161797+00,e1848554-ffae-479c-a8cd-4c0d77b7bed2,null,0,0,0,2026-03-30 13:59:03.161797+00,0,null,null,null,false,null,null,null,null,false,null,null,null,null,null,[],null,null
fb26abe0-0159-45c8-99f0-fcb146e97add,가보자,가버려이녀석이가버려이녀석이가버려이녀석이가버려이녀석이가버려이녀석이가버려이녀석이가버려이녀석이가버려이녀석이가버려이녀석이가버려이녀석이가버려이녀석이가버려이녀석이가버려이녀석이가버려이녀석이,[],2026-03-30 14:20:25.892424+00,e1848554-ffae-479c-a8cd-4c0d77b7bed2,2026-04-01 10:51:24.899809+00,0,1,0,2026-04-01 10:51:24.899809+00,0,null,null,null,false,null,null,null,null,false,null,null,null,null,null,[],null,null
59645a94-aebf-490a-9dc4-abd44267e5de,가버려,가보료가보료가보료가보료가보료가보료가보료가보료가보료가보료가보료가보료가보료가보료가보료가보료가보료가보료가보료가보료가보료가보료가보료가보료가보료가보료가보료가보료가보료가보료,[],2026-03-30 14:22:29.061645+00,e1848554-ffae-479c-a8cd-4c0d77b7bed2,null,0,0,0,2026-03-30 14:22:29.061645+00,0,null,null,null,false,null,null,null,null,false,null,null,null,null,null,[],null,null
ad00837a-70a4-45ce-bb98-028987c8026b,가보료,가보료가보료가보료가보료가보료가보료가보료가보료가보료가보료가보료가보료가보료가보료가보료가보료가보료가보료가보료가보료가보료가보료가보료가보료가보료가보료가보료가보료가보료,[],2026-03-30 14:22:59.22758+00,e1848554-ffae-479c-a8cd-4c0d77b7bed2,2026-04-01 10:51:22.200431+00,0,1,0,2026-04-01 10:51:22.200431+00,0,null,null,null,false,null,null,null,null,false,null,null,null,null,null,[],null,null
20b0e45e-6476-4bad-afaa-6e7a1d11ece6,가보료,가보료가보료가보료가보료가보료가보료가보료가보료가보료가보료가보료가보료가보료가보료가보료가보료가보료가보료가보료가보료가보료가보료가보료가보료가보료가보료가보료가보료,[],2026-03-30 14:23:26.342873+00,e1848554-ffae-479c-a8cd-4c0d77b7bed2,2026-04-01 10:51:23.149562+00,0,1,0,2026-04-01 10:51:23.149562+00,0,null,null,null,false,null,null,null,null,false,null,null,null,null,null,[],null,null
01ef4cb6-5a24-4b9c-8fe5-9f0e075a627a,ｑｑｑｑｑｑｑｑｑｑｑｑｑｑｑｑｑｑｑｑ,ｑｑｑｑｑｑｑｑｑｑｑｑｑｑｑｑｑｑｑｑｑｑｑｑｑｑｑｑｑｑｑｑｑｑｑｑｑｑｑｑｑｑｑｑｑｑｑｑｑｑｑｑｑｑｑｑｑｑｑｑｑｑｑｑｑｑｑｑｑｑｑｑｑｑｑｑｑｑｑｑｑｑｑｑｑｑ,[],2026-03-30 14:46:04.737728+00,e1848554-ffae-479c-a8cd-4c0d77b7bed2,null,0,0,0,2026-03-30 14:46:04.737728+00,0,null,null,null,false,null,null,null,null,false,null,null,null,null,null,[],null,null
404141ad-8d40-444b-a161-4d7dc46b9af6,ㅏㅈ둫다.ㄱ,ㄷ궇ㄷㄱ허ㅏㄷ.ㅜㅎ걷누ㅗ겋ㄴㄷㅎㄱ,[],2026-04-01 04:13:12.231321+00,e1848554-ffae-479c-a8cd-4c0d77b7bed2,null,0,0,0,2026-04-01 04:13:12.231321+00,0,null,null,null,false,null,null,null,null,false,null,null,null,null,null,[],null,null
883ed7dd-26de-4587-b3f6-9b89345259b0,ㅈㄷㅁㄱㅈㄷㅅㄷㄳㄷㄱ,ㄷㄱㅎㅅㄷㄱㅎㅅㄷㄴㄱㅎㄷㄴㄱㅎㄴㄷㄳㄴㄳ,[],2026-04-01 04:13:59.591565+00,e1848554-ffae-479c-a8cd-4c0d77b7bed2,null,0,0,0,2026-04-01 04:13:59.591565+00,0,null,null,null,false,null,null,null,null,false,null,null,null,null,null,[],null,null
bcb88a9b-240c-4007-9a2c-e1a46babaf6c,첨부파일,처음으로 올려보는 첨부파일이옵니다 하후휘리링구구굿,[],2026-04-01 04:17:58.757656+00,e1848554-ffae-479c-a8cd-4c0d77b7bed2,null,0,0,0,2026-04-01 04:17:58.757656+00,0,null,null,null,false,null,null,null,null,false,null,null,null,null,null,[],null,null
a0f73813-8d25-41c2-a26f-e3053f8d387e,ㅁㄴㅇㅁㄴㅇㅁㄴㅇㅁㄴㅇ,ㅁㄴㅇㅁㄴㅇㅁㄴㅇㅁㄴㅇㅁㄴㅇㅁㄴㅇㅁㄴㅇㅁㄴㅇㅁㄴㅇㅁㄴㅇㅁㄴㅇ,[],2026-04-01 06:48:44.193431+00,e1848554-ffae-479c-a8cd-4c0d77b7bed2,2026-04-01 10:51:23.934686+00,0,1,0,2026-04-01 10:51:23.934686+00,0,null,null,null,false,null,null,null,null,false,null,null,null,null,[],[],null,null
89218d0d-e8f8-41a4-8ba5-442ed382af51,ㄱㄱ,ㄱㄱ,[],2026-04-01 09:06:59.573308+00,e1848554-ffae-479c-a8cd-4c0d77b7bed2,null,0,0,0,2026-04-01 09:06:59.573308+00,0,null,null,null,false,null,null,null,null,false,null,null,null,null,[],[],null,null
8a0a8159-199d-4727-ab53-a2a047605b3a,링크읽을수있니??,"[[link:0a6893ac-76e9-475e-9908-96f3c3504d9b]]

[[attach:3c720db2-b269-4c5a-9b1b-e7a571d5ab0d]]

ㅁㄴㅇㅈㅂㄹㅈㄷㅎㄱ서ㅛㅏㅛㅕㅏㅣㅑ[[table:1]]

",[],2026-04-01 10:55:34.403251+00,e1848554-ffae-479c-a8cd-4c0d77b7bed2,2026-04-01 12:43:07.640988+00,0,5,0,2026-04-01 12:43:07.640988+00,0,2026-04-01 12:43:08.028+00,e1848554-ffae-479c-a8cd-4c0d77b7bed2,null,true,null,null,null,null,false,null,null,null,"{""tables"":{""1"":{""rows"":[{""id"":""r1"",""cells"":{""c1"":""가"",""c2"":""나""}}],""columns"":[{""id"":""c1"",""label"":""가""},{""id"":""c2"",""label"":""나""}]}}}","[{""id"":""3c720db2-b269-4c5a-9b1b-e7a571d5ab0d"",""name"":""textCrud_interview_summary_20250728.md"",""path"":""logs/2026/04/01/e13260b9-e77d-4866-afb6-40dd0e3569c4.md"",""size"":3953,""bucket"":""log-attachments"",""mimeType"":""application/octet-stream"",""publicUrl"":""https://vqlawpnnmtequmbdvfcr.supabase.co/storage/v1/object/public/log-attachments/logs/2026/04/01/e13260b9-e77d-4866-afb6-40dd0e3569c4.md""}]","[{""id"":""0a6893ac-76e9-475e-9908-96f3c3504d9b"",""url"":""https://supabase.com/dashboard/project/vqlawpnnmtequmbdvfcr/sql/b2092c93-9a89-4bfc-a46e-618ac205217e"",""image"":""https://supabase.com/dashboard/img/supabase-logo.png"",""title"":""Supabase"",""siteName"":""supabase.com"",""description"":""The Postgres Development Platform.""}]",null,null
6549b44f-a20e-4a77-8e86-eb2cf22850d8,「逸材（いつざい）」,"출처

[[link:b4b047fd-1029-419a-8157-ac4e585ec612]]

사용예시
Q（マネージャー）：自分を一言で表すなら？
자신을 한마디로 표현하면?
A（福留光保）：凡人です。逸材に見えるようにしてくれた誰かがいるだけで凡人です。
평범한사람입니다. 뛰어난인재처럼 보이게해준 누군가가 있을뿐 평범한사람입니다.

단어뜻

보통사람보다 훨씬 뛰어난사람",[],2026-04-03 12:56:47.592171+00,e1848554-ffae-479c-a8cd-4c0d77b7bed2,2026-04-10 12:32:50.864992+00,0,4,0,2026-04-10 12:32:50.864992+00,0,null,null,null,false,null,null,null,null,false,null,null,null,null,[],"[{""id"":""b4b047fd-1029-419a-8157-ac4e585ec612"",""url"":""https://youtu.be/Va76dXZyu8Y?si=xvgv_yq4A2KsVy99"",""image"":""https://img.youtube.com/vi/Va76dXZyu8Y/hqdefault.jpg"",""title"":""YouTube Video"",""siteName"":""YouTube"",""description"":null}]",null,null
8b94f8ef-a161-4c09-9ab1-9d70a3ce3242,勘当（かんどう）,"출처

[[link:a9cdc4cf-3faf-4cbe-8699-565c1ba45771]]

사용예시

山本裕典：その社長と一緒になりたかった。お父さんみたいな人だった。
그 사장님이랑 같이 가고 싶었어. 아버지 같은 사람이었거든.

みりちゃむ：見切りつけられてんのに？
근데 이미 버림받은 거 아니야?

山本裕典：そう。勘当ですよね。
응. 거의 연 끊긴 거나 다름없지.

핵심 포인트 정리
見切りつける → “포기하다 / 손절하다”
勘当 → “완전히 관계 끊음 (강한 표현)”
여기서는 가족이 아닌데도
👉 **정서적으로 ‘아버지 같은 존재에게 버림받음’**을 강조","[""日本語"",""単語"",""youtube"",""みりちゃむ"",""山本裕典"",""ノブロックtv""]",2026-04-03 17:12:29.041783+00,e1848554-ffae-479c-a8cd-4c0d77b7bed2,2026-04-10 11:21:34.456032+00,0,2,0,2026-04-10 11:21:34.456032+00,0,null,null,null,false,null,null,null,null,false,null,null,null,null,[],"[{""id"":""a9cdc4cf-3faf-4cbe-8699-565c1ba45771"",""url"":""https://youtu.be/oNcdF9kBTmo?si=qjlFg0sMByOu4mlX"",""image"":""https://img.youtube.com/vi/oNcdF9kBTmo/hqdefault.jpg"",""title"":""YouTube Video"",""siteName"":""YouTube"",""description"":null}]",null,null
1053bbe4-12f9-4b75-8bc3-2601b00b6e7c,もろい（脆い）,"출처

Netflixアニメワンパンマン11話

사용예시

わははは。もろいもろい。お前たちはみんなもろいのだな。
약해빠졌구먼. 한주먹거리도안되는 약해빠진것들.

もろい（脆い） / 형용사
 
뜻 : 밖으로부터의 압력(영향)에 대한 저항력이 부족하다.(약하다)
1) 무르다 : 뼈가~(骨が脆い)
2) 약하다 : 맥없이 패하다(脆く負ける)

■もろもろ（諸諸、諸々）/ 명사
 
뜻 : 여러 가지. 많은 것. 모든 것. 제반(諸般)
- 제반 사정(諸々の事情), 여러 가지 상품(諸々の商品)","[""日本語"",""単語"",""netflix"",""アニメ"",""ワンパンマン""]",2026-04-05 00:12:58.467333+00,e1848554-ffae-479c-a8cd-4c0d77b7bed2,2026-04-10 11:15:00.854625+00,0,1,0,2026-04-10 11:15:00.854625+00,0,null,null,null,false,null,null,null,null,false,null,null,null,null,[],[],null,null
1d8c7c0b-d2ec-46d5-867a-597be41140a1,「嗜む（たしなむ）」,"출처

[[link:a2a7a095-c7bd-469b-a0f3-3423a0995792]]

사용예시

立野沙紀：静かに芸能人を嗜むって言う現場で

다테노 사키: ""조용히 연예인을 즐긴다(음미한다)고 하는 현장에서...""

佐久間宣行：共演して横から見てるのを嗜むって言うなよ。

사쿠마 노부유키: ""같이 출연해서 옆에서 지켜보는 걸 '즐긴다(음미한다)'고 말하지 마.""

[상황 설명]

노브록티비에서 타테노사키를 인터뷰하는상황

단어뜻

""단순히 연예인을 보는 게 아니라, 그 존재 자체를 교양 있게 음미하고 감상한다""는 독특하고 장난스러운 표현으로 쓰였습니다.","[""日本語"",""単語"",""youtube"",""ノブロックtv"",""立野沙紀"",""佐久間宣行""]",2026-04-08 13:51:56.286426+00,e1848554-ffae-479c-a8cd-4c0d77b7bed2,2026-04-10 11:21:05.954791+00,0,3,0,2026-04-10 11:21:05.954791+00,0,null,null,null,false,null,null,null,null,false,null,null,null,null,[],"[{""id"":""a2a7a095-c7bd-469b-a0f3-3423a0995792"",""url"":""https://youtu.be/ebqeOJ0OYlY?si=cQTQLU7-Ve8aP9yR"",""image"":""https://img.youtube.com/vi/ebqeOJ0OYlY/hqdefault.jpg"",""title"":""YouTube Video"",""siteName"":""YouTube"",""description"":null}]",null,null
e0da4e7a-69bd-43fb-9921-4947f4388df6,浮気（うわき）,"출처

[[link:b982a42c-b092-4e9d-8d0b-ee3c3ae6aa67]]

상황

바람핀여자와 헤어지려는상황

사용예시

浮気してる彼女と別れろ。
바람핀 여친과 헤어져라","[""日本語"",""単語"",""youtube"",""ノブロックtv"",""矢野ななか""]",2026-04-12 03:18:33.525919+00,e1848554-ffae-479c-a8cd-4c0d77b7bed2,2026-04-12 03:18:54.732777+00,0,1,0,2026-04-12 03:18:54.732777+00,0,null,null,null,false,null,null,null,null,false,null,null,null,null,[],"[{""id"":""b982a42c-b092-4e9d-8d0b-ee3c3ae6aa67"",""url"":""https://youtu.be/rL3uYL2AoLE?si=mor1BLYbCtLuZ8Q7"",""image"":""https://img.youtube.com/vi/rL3uYL2AoLE/hqdefault.jpg"",""title"":""YouTube Video"",""siteName"":""YouTube"",""description"":null}]",null,null
df074357-c02b-4cff-bf45-59eeaf893ef4,地元（じもと）,"출처

[[link:3e6981e7-c9b5-42ea-b711-6d816a1991af]]

상황

요리하면서 대화하는상황

사용예시

みりちゃむ：地元帰っても運転しない？
집에가서도 운전안해?

森脇梨々夏：してへん。
안해","[""日本語"",""単語"",""youtube"",""みりちゃむ"",""森脇梨々夏"",""料理""]",2026-04-14 05:47:27.715902+00,e1848554-ffae-479c-a8cd-4c0d77b7bed2,2026-04-14 05:54:06.693967+00,0,1,0,2026-04-14 05:54:06.693967+00,0,null,null,null,false,null,null,null,null,false,null,null,null,null,[],"[{""id"":""3e6981e7-c9b5-42ea-b711-6d816a1991af"",""url"":""https://youtu.be/zLKq55Wp38E?si=aigcpAv7BQJy5_G0"",""image"":""https://img.youtube.com/vi/zLKq55Wp38E/hqdefault.jpg"",""title"":""YouTube Video"",""siteName"":""YouTube"",""description"":null}]",null,null
18f1a933-1687-4fcf-8993-affa5eceb963,「拝借（はいしゃく）」,"출처

[[link:3c43190e-7316-418f-b319-d48a1a402c81]]

상황

이케쨩이 부산에 놀러와서 맛집을 돌아다니는상황

사용예시

切ってからかなり時間が経てるのにまだユムシが動いてる。
자른뒤로 시간이 지났는데 아직 개불이 움직이고있어.
生命力強すぎ、これは精力アップするわ。
생명력 엄청강하네 이건 정력이좋아지겠어.
この生命力拝借したい。
이 생명력 빌리고싶어.","[""日本語"",""単語"",""youtube"",""いけちゃん"",""韓国"",""釜山""]",2026-04-15 11:20:55.195347+00,e1848554-ffae-479c-a8cd-4c0d77b7bed2,2026-04-15 11:21:00.280326+00,0,1,0,2026-04-15 11:21:00.280326+00,0,null,null,null,false,null,null,null,null,false,null,null,null,null,[],"[{""id"":""3c43190e-7316-418f-b319-d48a1a402c81"",""url"":""https://youtu.be/5CWAhxdVLwU?si=UqHKzD135GnEnCfd"",""image"":""https://img.youtube.com/vi/5CWAhxdVLwU/hqdefault.jpg"",""title"":""YouTube Video"",""siteName"":""YouTube"",""description"":null}]",null,null
07ba1332-a8f8-461d-93d8-4f0839963ceb,「せっかく」,"출처

[[link:9e368412-d405-47a3-b4e4-9177e3f3193f]]

상황

피크닉 실패하고난 다음 뭘할까 고민하는상황

사용예시

だからせっかくならその貯金を引き出してチャンネルのためにいっちょ稼ごうかなと思ってますけどそんな時にちょうど神社がありまして下から生えてきまして

기왕 이렇게 된 거, 그동안 모아둔 돈을 좀 인출해서 채널을 위해 한바탕 벌어볼까 생각 중이었는데, 마침 딱 신사가 있더라고요. 아래에서부터 쑥 솟아올라 있길래...

단어뜻

모처럼, 기왕이렇게된거","[""日本語"",""単語"",""youtube"",""福留光帆""]",2026-04-17 10:39:40.475085+00,e1848554-ffae-479c-a8cd-4c0d77b7bed2,2026-05-12 07:43:30.641111+00,0,3,0,2026-05-12 07:43:30.641111+00,0,null,null,null,false,null,null,null,null,false,null,null,null,null,[],"[{""id"":""9e368412-d405-47a3-b4e4-9177e3f3193f"",""url"":""https://youtu.be/YQEWxpf8DAU?si=ECkurzkkunblKjHv"",""image"":""https://img.youtube.com/vi/YQEWxpf8DAU/hqdefault.jpg"",""title"":""YouTube Video"",""siteName"":""YouTube"",""description"":null}]",null,null
c46862ee-3537-4d10-8022-275d6a979539,供述（きょうじゅつ）,"출처

Netflixドラマ九条の大罪３話

[[link:b9a4d3fd-cf72-46d6-b252-abb5735ca933]]

상황

아버지의 동의를 얻고나서 구치소에갇힌 아들에게 변호사 두명이 설득하는상황

사용예시

真実を供述しましょう。
진실을 밝힙시다.

의미

""진실을 공술합시다"" (또는 상황에 따라 ""진실을 밝힙시다"", ""진실을 말합시다"") 정도로 해석","[""日本語"",""単語"",""netflix"",""ドラマ"",""九条の大罪""]",2026-04-20 09:21:15.343485+00,e1848554-ffae-479c-a8cd-4c0d77b7bed2,2026-04-20 09:21:20.227204+00,0,1,0,2026-04-20 09:21:20.227204+00,0,null,null,null,false,null,null,null,null,false,null,null,null,null,[],"[{""id"":""b9a4d3fd-cf72-46d6-b252-abb5735ca933"",""url"":""https://www.netflix.com/watch/81930602?trackId=155573560"",""image"":null,""title"":""https://www.netflix.com/watch/81930602?trackId=155573560"",""siteName"":null,""description"":null}]",null,null
7ecadf7f-81a0-4e90-a3be-54516567a2cf,泥酔（でいすい）,"출처

[[link:db29687f-4452-437e-977f-a0f06e669dc0]]

상황

이전일에대한 감사표시로 음식을전달하고 한입먹은다음에 다시 본론으로들어가려는 상황이었다

사용예시

とりあえず泥酔した金本の父親が来ました。
그건그렇고 만취한 카네모토의 아버지가 왔습니다

단어뜻

만취하다

とりあえず는 여기서 화제전환의의미로 쓰였다","[""日本語"",""単語"",""netflix"",""ドラマ"",""九条の大罪""]",2026-04-20 09:53:57.664732+00,e1848554-ffae-479c-a8cd-4c0d77b7bed2,2026-04-20 09:54:03.974765+00,0,1,0,2026-04-20 09:54:03.974765+00,0,null,null,null,false,null,null,null,null,false,null,null,null,null,[],"[{""id"":""db29687f-4452-437e-977f-a0f06e669dc0"",""url"":""https://www.netflix.com/watch/81930602?trackId=155573560"",""image"":null,""title"":""https://www.netflix.com/watch/81930602?trackId=155573560"",""siteName"":null,""description"":null}]",null,null
b58933be-ff04-4b5e-a78e-aca5c3b30a42,あんなにいばり腐っていた金本がしょんぼり小さくなっていた。문장해석,"출처

[[link:11c53514-4464-44a5-bdce-57114e544b7e]]

상황

카네모토아버지와 만난 일을 회상하는상황

사용예시

あんなにいばり腐っていた金本がしょんぼり小さくなっていた。
그렇게 안하무인이었던 카네모토가 위축되서 초라해졌더라구요.

문장해석

1. 주요 단어 풀이
あんなに: 저렇게, 그렇게 (정도가 심할 때)
いばり腐っていた (いばりくさっていた): 몹시 거들먹거리다 / 거드름을 피우다
いばる(威張る): 거드름 피우다, 뽐내다
~くさる: (동사 뒤에 붙어) 그 동작을 비하하거나 강조하는 표현 (""~해 빠지다"", ""~해 처먹다"" 같은 뉘앙스)
金本 (かねもと): 가네모토 (사람 이름 - 성씨)
しょんぼり: 풀이 죽어, 기운 없이
小さくなっていた: 작아져 있었다 (실제 몸이 작아진 게 아니라, 기가 죽어 위축된 모습)

2. 문장 전체 해석
""그렇게나 거들먹거리며 잘난 체하던 가네모토가 기가 죽어 쪼그라들어 있었다.""

3. 문맥의 포인트
이 문장은 대조가 핵심이에요. 예전에는 남을 무시하며 떵떵거리던 사람이, 지금은 어떤 사건 때문에 풀이 죽어 어깨가 축 처진 모습을 아주 생생하게 표현하고 있습니다.




","[""日本語"",""文章分析"",""netflix"",""ドラマ"",""九条の大罪""]",2026-04-20 10:01:26.044127+00,e1848554-ffae-479c-a8cd-4c0d77b7bed2,2026-04-20 10:09:50.984024+00,0,1,0,2026-04-20 10:09:50.984024+00,0,null,null,null,false,null,null,null,null,false,null,null,null,null,[],"[{""id"":""11c53514-4464-44a5-bdce-57114e544b7e"",""url"":""https://www.netflix.com/watch/81930602?trackId=155573560"",""image"":null,""title"":""https://www.netflix.com/watch/81930602?trackId=155573560"",""siteName"":null,""description"":null}]",null,null
36fc8103-bb05-4e0c-a219-d5e25062a0bc,困る（こまる）,"출처

[[link:3d431c4f-63c0-438a-a7a1-5429d134b6ab]]

상황

노브록티비에서 스가쨩상대로 いきり＆かぶせ하는상황

사용예시

福留光帆：じゃあ最近困ったことがありますか。
그럼 최근에 곤란했던게있습니까?","[""日本語"",""単語"",""youtube"",""ノブロックtv"",""福留光帆"",""すがちゃん最高no.1"",""新居歩美""]",2026-04-22 14:24:48.775199+00,e1848554-ffae-479c-a8cd-4c0d77b7bed2,2026-05-27 23:51:39.576708+00,0,2,0,2026-05-27 23:51:39.576708+00,0,null,null,null,false,null,null,null,null,false,null,null,null,null,[],"[{""id"":""3d431c4f-63c0-438a-a7a1-5429d134b6ab"",""url"":""https://youtu.be/tz3VLvPbIh0?si=WuYCiM9-CK1dL7bp"",""image"":""https://img.youtube.com/vi/tz3VLvPbIh0/hqdefault.jpg"",""title"":""YouTube Video"",""siteName"":""YouTube"",""description"":null}]",null,null
ca8e660c-59b7-4675-8cc8-8c2c2083195e,満喫（まんきつ）,"출처
[[link:397cc6cf-9c36-4541-81c9-755e1c822325]]

상황

유후인쪽 식당에서 음식을먹는상황

사용예시

でも予算内でとり天も関サバも食べれるなんて結構満喫ですよね。
예산안에서 토리텐에다가 칸사바까지 먹다니 꽤 제대로 즐기고있는거맞죠","[""日本語"",""単語"",""youtube"",""鈴木優香""]",2026-04-23 14:22:17.767467+00,e1848554-ffae-479c-a8cd-4c0d77b7bed2,2026-04-23 14:22:20.586086+00,0,1,0,2026-04-23 14:22:20.586086+00,0,null,null,null,false,null,null,null,null,false,null,null,null,null,[],"[{""id"":""397cc6cf-9c36-4541-81c9-755e1c822325"",""url"":""https://youtu.be/OEmlSkRg9pU?si=B1lxI-wKkzV3p42O"",""image"":""https://img.youtube.com/vi/OEmlSkRg9pU/hqdefault.jpg"",""title"":""YouTube Video"",""siteName"":""YouTube"",""description"":null}]",null,null
812491a1-a5bf-40fc-8cac-0406a39b2e14,うっとうしい,"[[link:f1ad4011-f2d6-4bb3-9eca-01e507a841f0]]

상황

술마시면서 얘기하는상황

사용예시

読んでんのよ全部うっとうしい。めっちゃ服を買ってくれてむちゃくちゃ泣いて。
나 다 보고 있거든? 전부 다 짜증나.근데 옷을 엄청 사줘가지고… 완전 울어버렸어.

문장분석

🧩 1. 문장 구조 분석
① 読んでんのよ全部うっとうしい
読んでんのよ = 読んでいるのよ (구어체 축약)
読んでいる → 읽고 있다
のよ → 강조 + 감정 표현 (특히 여성 화자 느낌)

👉 ""나 다 읽고 있거든"" / ""다 보고 있다니까""

全部うっとうしい
全部 → 전부, 다
うっとうしい → 귀찮다, 짜증난다, 성가시다

👉 ""전부 다 짜증나""

✔ 전체 해석
👉 ""나 다 보고 있거든? 전부 다 짜증나.""

〜てくれる는 “상대가 나를 위해 해줬다”는 뉘앙스라 감정이 실림
めっちゃ / むちゃくちゃ 둘 다 ""엄청""이지만
めっちゃ → 일상 회화
むちゃくちゃ → 더 과장된 느낌","[""日本語"",""単語"",""youtube"",""福留光帆""]",2026-04-24 03:28:48.902593+00,e1848554-ffae-479c-a8cd-4c0d77b7bed2,2026-08-13 15:31:06.741591+00,0,3,0,2026-08-13 15:31:06.741591+00,0,null,null,null,false,null,null,null,null,false,null,null,null,null,[],"[{""id"":""f1ad4011-f2d6-4bb3-9eca-01e507a841f0"",""url"":""https://youtu.be/Dmly5yEVpMg?si=_gZm_rP3H3duh-T-"",""image"":""https://img.youtube.com/vi/Dmly5yEVpMg/hqdefault.jpg"",""title"":""YouTube Video"",""siteName"":""YouTube"",""description"":null}]",null,null
854fa47d-626a-4754-aa18-262aaf175421,成仏（じょうぶつ）,"출처

[[link:6fae1d67-dafb-4e2d-9dd1-0481987ac507]]

상황

부산여행끝나고 배타고 시모노세키와서 잠깐놀러다니는상황

사용예시

小次郎さん君は頑張ったよ。成仏してください。
소지로상 너는 열심히했어. 성불하길바래.","[""日本語"",""単語"",""youtube"",""いけちゃん"",""下関""]",2026-04-25 13:46:08.901725+00,e1848554-ffae-479c-a8cd-4c0d77b7bed2,2026-05-28 21:19:30.883796+00,0,3,0,2026-05-28 21:19:30.883796+00,0,null,null,null,false,null,null,null,null,false,null,null,null,null,[],"[{""id"":""6fae1d67-dafb-4e2d-9dd1-0481987ac507"",""url"":""https://youtu.be/gq0NBSyobBs?si=V_5q7ExCAPVpmg_0"",""image"":""https://img.youtube.com/vi/gq0NBSyobBs/hqdefault.jpg"",""title"":""YouTube Video"",""siteName"":""YouTube"",""description"":null}]",null,null
5773f831-efe7-4c57-835d-93a4e41c060d,あくまでも,"Netflix映画侵入者たちの晩餐

상황

회사사장의 비밀을 카페에서 얘기하는상황

사용예시

数億円レベルのお金をタンス預金してるらしいよ。
현금 수억엔을 숨겨두고있대
数億円レベル？
수억엔이나??
まああくまでもウワサだけどさ
어디까지나 소문이긴하지만

문장분석

タンス預金:돈을 은행에두지않고 집에 현금으로 보관하는것
あくまでも:""어디까지나"" ""철저히"" ""질리지 않고""
ウワサ:소문","[""日本語"",""単語"",""netflix"",""侵入者たちの晩餐""]",2026-04-26 14:38:36.773797+00,e1848554-ffae-479c-a8cd-4c0d77b7bed2,2026-04-26 14:38:42.515025+00,0,1,0,2026-04-26 14:38:42.515025+00,0,null,null,null,false,null,null,null,null,false,null,null,null,null,[],[],null,null
f469586a-4bac-4ba1-b974-d1ae4c68ff59,それはいつも通り慣れてしまえば悪くはないけど문장분석,"출처

Official髭男dism-Pretender가사중

사용예시

それはいつも通り慣れてしまえば悪くはないけど
그것은 언제나처럼 익숙해지면 나쁘지않을텐데

문장분석

🧩 1. 문장 구조 나누기
[[table:1]]
🧠 2. 핵심 문법 포인트
📌 ① それは
“그것은”이라는 뜻으로 **화제(주제)**를 제시
앞에서 이미 언급된 상황/대상을 가리킴

👉 예: “그 일은 말이야…” 같은 느낌

팁:
일본어에서 “は”는 단순 주어보다 화제 설정 느낌이 강함 → 문장 전체 방향을 잡는 역할

📌 ② いつも通り
뜻: 평소처럼 / 늘 하던 대로
“通り(とおり)” = “~대로”

👉 자연스럽게:
👉 “평소처럼” / “늘 하던 것처럼”

팁:
“명사 + 通り” 구조는 자주 쓰임

思った通り (생각한 대로)
言った通り (말한 대로)
📌 ③ 慣れてしまえば
慣れる = 익숙해지다
〜てしまう = (완료/유감/강조)
〜ば = ~하면 (조건)

👉 합치면:
“익숙해져 버리면” → “익숙해지기만 하면”

💡 nuance:

“しまう”가 들어가서
👉 “완전히 익숙해져버리면” 느낌

팁:
“〜てしまえば”는 조건문에서 자주 쓰이며
👉 “일단 그렇게 되면” 느낌을 줌

📌 ④ 悪くはない
悪い = 나쁘다
は 강조 → “나쁘지는 않다”

👉 완전 긍정이 아니라
👉 “딱히 나쁘진 않음” (중립적/약한 긍정)

팁:
“~はない”는 완곡한 표현
👉 좋다 ❌
👉 나쁘진 않다 ⭕ (부드러운 표현)

📌 ⑤ けど
의미: “하지만 / ~인데”
문장 끝에서 자주 쓰이면
👉 여운 / 뒷말 생략 느낌

👉 예:

“나쁘진 않은데… (뭔가 아쉬움 있음)”

팁:
일본어 회화에서 “けど”는
👉 말을 부드럽게 끊는 기능도 있음

🧾 3. 전체 해석

👉 자연스럽게 번역하면:

그건 평소처럼 익숙해지기만 하면 나쁘진 않은데…

또는 상황에 따라:

그건 익숙해지면 괜찮긴 한데…

🎯 4. 뉘앙스 정리

이 문장은 이런 느낌입니다:

처음엔 좀 별로일 수 있음
하지만 익숙해지면 괜찮음
그래도 완전히 좋다고는 안 함 😅

👉 즉:
“완전 좋진 않지만, 적응하면 괜찮아”

💡 한 줄 핵심 정리

👉 “익숙해지면 나쁘진 않은데…” → 약한 긍정 + 약간의 아쉬움

✨ 비슷한 표현
慣れれば大丈夫
→ 익숙해지면 괜찮아
最初は大変だけど慣れるよ
→ 처음엔 힘들지만 익숙해져","[""日本語"",""文章分析"",""official髭男dism"",""pretender""]",2026-04-27 13:00:50.620905+00,e1848554-ffae-479c-a8cd-4c0d77b7bed2,2026-04-27 14:31:22.906872+00,0,2,0,2026-04-27 14:31:22.906872+00,0,null,null,null,false,null,null,null,null,false,null,null,null,"{""tables"":{""1"":{""rows"":[{""id"":""r1"",""cells"":{""c1"":""それは"",""c2"":""주제"",""c3"":""그것은""}},{""id"":""r2"",""cells"":{""c1"":""いつも通り"",""c2"":""부사"",""c3"":""평소처럼""}},{""id"":""r3"",""cells"":{""c1"":""慣れてしまえば"",""c2"":""조건"",""c3"":""익숙해져 버리면""}},{""id"":""r4"",""cells"":{""c1"":""悪くはない"",""c2"":""평가"",""c3"":""나쁘지는 않다""}},{""id"":""r5"",""cells"":{""c1"":""けど"",""c2"":""접속"",""c3"":""하지만 / ~인데""}}],""columns"":[{""id"":""c1"",""label"":""부분""},{""id"":""c2"",""label"":""역할""},{""id"":""c3"",""label"":""의미""}]}}}",[],[],null,null
de7f7a2f-e500-4ffc-bd09-8fb165a7f31e,同伴（どうはん）,"출처

[[link:31881d56-55a6-4fab-822a-03a91b512c07]]

상황

히가시부쿠로의 첫 동반사례

사용예시

同伴は素敵な人だなと知ってもらえるチャンス
같이 간 사람이 나를 멋진 사람이라고 알아봐 줄 기회

문장분석

🔍 전체 의미 (자연스럽게 번역)

👉 동반(함께 간 상대)이 “멋진 사람이구나”라고 알아주게 할 수 있는 기회

좀 더 자연스럽게 풀면
👉 같이 간 사람이 나를 멋진 사람이라고 알아봐 줄 기회

🧩 문장 구조 분석
1️⃣ 同伴（どうはん）
의미: 동반, 함께 가는 사람 (보통 술자리, 접대, 동행 등 상황)
주어/주제 역할

👉 팁
「同伴」은 일상 친구보다는
👉 비즈니스/접대/유흥 쪽에서 자주 쓰이는 단어입니다.

2️⃣ は (주제 표시)
同伴을 문장의 주제로 설정
3️⃣ 素敵な人だな と
素敵な人: 멋진 사람
だな: 감탄, 속마음 표현 (""~이구나"")
と: 인용 (~라고)

👉 「Aだなと思う」 패턴 핵심

“A구나”라고 느끼다

👉 여기서는:
👉 “멋진 사람이구나”라고

👉 팁
「だな」는 남성적인 느낌이 있지만
일반적으로 ‘속으로 느끼는 감탄’으로 널리 사용됩니다.

4️⃣ 知ってもらえる
知る: 알다
てもらえる: ~해 받다 (상대가 나를 위해 행동)

👉 직역:
👉 “알아주다”

👉 즉:
👉 상대가 나를 그렇게 알아주다

👉 팁
「〜てもらう」는
👉 “상대가 나를 위해 행동해준다”는 뉘앙스가 핵심입니다.

5️⃣ チャンス
기회
🧠 전체 구조 정리

👉 직역 구조:

同伴は
「素敵な人だな」と
知ってもらえる
チャンス

👉 흐름:
👉 동반에게 → “멋진 사람이구나”라고 → 알아받을 → 기회

💡 핵심 포인트 요약

[[table:1]]

🔥 한 줄 핵심 정리

👉 “같이 간 사람이 나를 멋진 사람이라고 알아봐 줄 기회”","[""日本語"",""文章分析"",""youtube"",""東ブクロ"",""【バルセロナチャンネル 】ー美人キャストに会えるー""]",2026-04-28 07:45:09.176374+00,e1848554-ffae-479c-a8cd-4c0d77b7bed2,2026-05-28 19:35:00.291896+00,0,2,0,2026-05-28 19:35:00.291896+00,0,null,null,null,false,null,null,null,null,false,null,null,null,"{""tables"":{""1"":{""rows"":[{""id"":""r1"",""cells"":{""c1"":""同伴は"",""c2"":""주제"",""c3"":""함께 간 사람""}},{""id"":""r2"",""cells"":{""c1"":""素敵な人だなと"",""c2"":""인용"",""c3"":""멋진 사람이구나라고""}},{""id"":""r3"",""cells"":{""c1"":""知ってもらえる"",""c2"":""수혜 표현"",""c3"":""알아봐 주다""}},{""id"":""r4"",""cells"":{""c1"":""チャンス"",""c2"":""명사"",""c3"":""기회""}}],""columns"":[{""id"":""c1"",""label"":""요소""},{""id"":""c2"",""label"":""역할""},{""id"":""c3"",""label"":""의미""}]}}}",[],"[{""id"":""31881d56-55a6-4fab-822a-03a91b512c07"",""url"":""https://youtu.be/I9_MNAZJgfs?si=AO6y4AbfN4tpnQwQ"",""image"":""https://img.youtube.com/vi/I9_MNAZJgfs/hqdefault.jpg"",""title"":""YouTube Video"",""siteName"":""YouTube"",""description"":null}]",null,null
e15a4325-d104-4661-9dad-abe791be6e1c,端的（たんてき）,"출처

[[link:bcccdd96-2439-46f6-b311-ea3d482bdda3]]

상황

후부키케이가 공연하는걸 개인유튜브채널에서 얘기하는상황

사용예시

端的に話すと焦りだした
간단히 말하자면, 초조해지기 시작했다

문장분석

🔍 전체 의미

👉 “간단히 말하자면, (나는/그는) 초조해지기 시작했다”

🧩 문장 구성 요소 분석
1️⃣ 「端的に」
의미: 간단하게, 요점만
품사: 부사
역할: 뒤의 동사 「話す」를 꾸며줌

팁 💡
「端的に」는 공식적인 말이나 글에서 자주 쓰입니다.
일상에서는 「簡単に」로 바꿔도 자연스럽습니다.

2️⃣ 「話すと」
원형: 「話す」(말하다)
형태: 동사 기본형 + 「と」

👉 여기서 「と」는 조건 표현
→ “~하면 / ~라고 말하자면”

즉,
👉 「端的に話すと」 = 간단히 말하자면

팁 💡
「〜と」는 항상 자동적으로 결과가 이어질 때 많이 사용됩니다.
(예: 버튼을 누르면 → 결과 발생)

3️⃣ 「焦りだした」
원형: 「焦る」(초조해하다)
구조:
焦る + だす(출현/시작 보조동사) + た(과거)

👉 의미: 초조해지기 시작했다

팁 💡
「〜だす」는 감정 변화나 갑작스러운 시작에 자주 붙습니다.

泣きだす → 울기 시작하다
笑いだす → 웃기 시작하다
🧠 전체 구조 정리
부분	의미
端的に	간단히
話すと	말하자면
焦りだした	초조해지기 시작했다

👉 자연스러운 해석
“간단히 말하자면 초조해지기 시작했다”

⚠️ 숨겨진 주어

이 문장은 주어가 생략되어 있습니다.

👉 상황에 따라:

私が → 내가
彼が → 그가

팁 💡
일본어는 맥락 중심 언어라 주어 생략이 매우 흔합니다.
앞뒤 문장을 같이 보면 정확한 주어를 알 수 있습니다.

✨ 자연스러운 한국어 번역 예시
간단히 말해서 초조해지기 시작했다
요약하면 마음이 급해졌다
한마디로 말하면 불안해지기 시작했다","[""日本語"",""文章分析"",""youtube"",""風吹ケイ""]",2026-04-30 13:19:20.860084+00,e1848554-ffae-479c-a8cd-4c0d77b7bed2,2026-04-30 13:19:24.743452+00,0,1,0,2026-04-30 13:19:24.743452+00,0,null,null,null,false,null,null,null,null,false,null,null,null,null,[],"[{""id"":""bcccdd96-2439-46f6-b311-ea3d482bdda3"",""url"":""https://youtu.be/epuADV2961M?si=xvy-zOU4fS1eD6-K"",""image"":""https://img.youtube.com/vi/epuADV2961M/hqdefault.jpg"",""title"":""YouTube Video"",""siteName"":""YouTube"",""description"":null}]",null,null
1c117ed0-44a6-4a7c-9f18-72e2e3ffc2de,摂取（せっしゅ）,"출처

[[link:57b5d431-67d4-4a48-acc0-47114f720611]]

상황

히가시부쿠로가 유흥업소에서 대화하는상황

사용예시

東ブクロ：もうこれ摂取しよ
히가시부쿠로: ""나 이제 이거 그냥 (코로) 들이마실래(섭취할래).
キャスト：こっちから摂取して
""캐스트: ""이쪽에서 마음껏 마셔(가져가).
東ブクロ：ええのかなホンマに
""히가시부쿠로: ""이거 진짜 (이래도) 괜찮은 거야? 진짜로?""

문장해석

들이마시다 / 흡입하다: '섭취'를 냄새와 연결할 때 가장 자연스러운 표현입니다.
수혈받다 / 충전하다: 히가시부쿠로의 능글맞은 캐릭터를 살린다면 ""나 이제 이거 좀 수혈받을게"" 같은 느낌도 좋습니다.
ええのかなホンマに: 직역하면 ""좋은 걸까 정말로""이지만, 유흥 업소 상황에서는 ""이런 호강을 누려도 되나?"" 혹은 ""선 넘는 거 아냐?""라는 뉘앙스의 ""진짜 이래도 되는 거야?""가 가장 적절합니다.","[""日本語"",""文章分析"",""youtube"",""東ブクロ""]",2026-05-01 13:50:50.065312+00,e1848554-ffae-479c-a8cd-4c0d77b7bed2,2026-05-02 12:52:58.872299+00,0,2,0,2026-05-02 12:52:58.872299+00,0,null,null,null,false,null,null,null,null,false,null,null,null,null,[],"[{""id"":""57b5d431-67d4-4a48-acc0-47114f720611"",""url"":""https://youtu.be/bW8SfkrzVg0?si=ShKkp6vCFQgLuRG9"",""image"":""https://img.youtube.com/vi/bW8SfkrzVg0/hqdefault.jpg"",""title"":""YouTube Video"",""siteName"":""YouTube"",""description"":null}]",null,null
0fe4e5d7-9755-4821-a1a1-a9cfc6bd15d4,時給（じきゅう）,"출처

[[link:224114ce-6d5d-4b76-996e-b218e89520c7]]

상황

편의점알바에서 야노나나카가 사장에게 시급올려달라고 부탁하는상황

사용예시

ウチの店でこういう時給でバイト募集してますと言ってあなたが来ました
「私を働かせてください」とこの時給で働きたいですとお願いをして来たわけだ
 “우리 가게에서 이런 시급으로 알바 모집한다고 했더니, 당신이 와서 ‘저를 일하게 해주세요, 이 시급으로 일하고 싶습니다’라고 부탁한 거죠.”

문장분석

🧩 1. 전체 구조 먼저 보기

이 문장은 크게 상황 설명 + 행동 설명으로 나뉩니다.

✔️ 구조
(앞부분) 상황 설정
→ “우리 가게에서 이런 시급으로 알바 모집한다고 했더니…”
(뒷부분) 행동 설명
→ “당신이 와서 ‘일하게 해주세요, 이 시급으로 일하고 싶습니다’라고 부탁했다”
🧠 2. 앞 문장 분석

ウチの店でこういう時給でバイト募集してますと言ってあなたが来ました

🔍 단어/표현 분해
ウチの店で
→ 우리 가게에서
こういう時給で
→ 이런 시급으로
バイト募集してます
→ 아르바이트 모집하고 있습니다
と言って
→ 라고 말하고 / 라고 하자
あなたが来ました
→ 당신이 왔습니다
🔗 자연스럽게 연결

👉 “우리 가게에서 이런 시급으로 알바 모집한다고 하니까 당신이 왔어요”

💡 포인트
「〜と言って」는 여기서
👉 “~라고 하니까 / ~라고 해서” 의미
팁

👉 「と言って」는 이유/계기로 자주 쓰임
예:

安いと言って買った → 싸다고 해서 샀다
🧠 3. 뒷 문장 분석

「私を働かせてください」とこの時給で働きたいですとお願いをして来たわけだ

🔍 단어 분해
私を働かせてください
→ 저를 일하게 해주세요 (사역 표현)
この時給で働きたいです
→ 이 시급으로 일하고 싶습니다
とお願いをして来た
→ 라고 부탁해왔다
わけだ
→ 그런 것이다 / 그런 상황이다 (설명 강조)
🔗 자연스럽게 해석

👉 “저를 일하게 해주세요, 이 시급으로 일하고 싶습니다라고 부탁하러 온 거죠”

💡 핵심 문법
✔️ 働かせてください
働く → 働かせる (사역)
→ “일하게 하다”

👉 働かせてください
= “일하게 해주세요”

팁

👉 사역 + てください = 허락 요청

食べさせてください → 먹게 해주세요
行かせてください → 가게 해주세요
✔️ わけだ

👉 “그래서 ~인 것이다 / 그런 상황이다”

👉 설명, 납득, 결론 느낌

팁

👉 わけだ는 “그래서 그런 거야” 느낌
→ 회화에서 매우 자주 나옴

🧾 4. 전체 자연 번역

👉 “우리 가게에서 이런 시급으로 알바 모집한다고 했더니, 당신이 와서 ‘저를 일하게 해주세요, 이 시급으로 일하고 싶습니다’라고 부탁한 거죠.”

🎯 핵심 요약
요소	의미
と言って	~라고 해서
働かせてください	일하게 해주세요
お願いをして来た	부탁하러 왔다
わけだ	그런 상황이다
🧠 한 줄 핵심

👉 “조건을 보고 본인이 원해서 지원한 상황”을 설명하는 문장","[""日本語"",""文章分析"",""youtube"",""ノブロックtv"",""矢野ななか""]",2026-05-02 12:52:57.321452+00,e1848554-ffae-479c-a8cd-4c0d77b7bed2,2026-05-02 12:56:35.308683+00,0,1,0,2026-05-02 12:56:35.308683+00,0,null,null,null,false,null,null,null,null,false,null,null,null,null,[],"[{""id"":""224114ce-6d5d-4b76-996e-b218e89520c7"",""url"":""https://youtu.be/05avxO6hfOs?si=_27tg4uJAVZIG2Dg"",""image"":""https://img.youtube.com/vi/05avxO6hfOs/hqdefault.jpg"",""title"":""YouTube Video"",""siteName"":""YouTube"",""description"":null}]",null,null
d62a13ba-1e8d-46bb-ad1d-9d759d987679,冤罪（えんざい）,"출처

[[link:3d759ea2-b666-4a51-8f84-e2d78abc99f8]]

상황

법적분쟁갈정도의 사장과 알바생의 싸움이 일어나는상황

사용예시

矢野ななか：それ冤罪たったらどうする？訴えるよ。それ本当？証拠は？
야노나나카:그거 무고죄면 어떡할래?? 소송한다 그거진짜야?? 증거는??

大水：証拠？
오오미즈:증거?

矢野ななか：ないのね？
야노나나카:없는거네?

大水：毎日収録とってあるから。
오오미즈:매일 cctv 녹화해고있으니까

矢野ななか：やばぁ。冤罪かけようとしてる。
야노나나카:위험하네. 무고죄걸릴거같아

문장분석

🔍 전체 상황 요약

대화 흐름을 보면 상대방이 어떤 비난/고발을 했고,
그에 대해 증거 요구 → 반박 → 무고죄 언급 → CCTV로 대응하는 상황입니다.
즉, 법적 분쟁 가능성이 있는 긴장된 대화입니다.

🧩 문장별 분석
1️⃣

それ冤罪たったらどうする？訴えるよ。それ本当？証拠は？
👉 그거 무고(冤罪)면 어떡할래? 소송할 거야. 그거 진짜야? 증거는?

✔ 구조 분석
それ → 그거 (상대 주장)
冤罪だったら → 무고라면 (가정 조건)
どうする？ → 어떻게 할 거야?
訴えるよ → 고소할 거야 (강한 의지 표현)
それ本当？ → 그거 진짜야?
証拠は？ → 증거는?
💡 핵심 의미

👉 ""네 말이 거짓이면 법적으로 대응할 거다. 진짜냐? 증거 있냐?""

팁 💡
일본어에서 「〜よ」는 단순 정보가 아니라 의지/경고 느낌이 강합니다.

2️⃣

証拠？ / 증거?

👉 ""증거?""

✔ 의미
상대방 주장에 대해 의심 + 되묻기
약간 도발적인 느낌 가능

팁 💡
이렇게 단어만 반복하면 일본어/한국어 모두 압박 or 비꼼으로 들릴 수 있습니다.

3️⃣

ないのね？ / 없는거네?

✔ 구조
ない → 없다
のね → 확인 + 약간의 확신

👉 ""없구나?"" / ""증거 없는 거네?""

💡 뉘앙스

👉 상대를 몰아붙이는 느낌

팁 💡
「のね」는 부드럽지만 상황에 따라 비꼬는 느낌이 될 수 있습니다.

4️⃣

毎日収録とってあるから。
👉 매일 녹화해두고 있으니까

✔ 구조
毎日 → 매일
収録とってある → 촬영/녹화해 놓았다
から → 이유 (왜냐하면)
💡 의미

👉 ""나는 증거가 있다 (녹화해놨다)""

팁 💡
「〜てある」는 의도적으로 준비해둔 상태를 의미합니다.
→ 즉, 일부러 증거 확보했다는 의미

5️⃣

やばぁ。冤罪かけようとしてる。
👉 와 위험하다. 무고 씌우려고 하네.

✔ 구조
やばぁ → 위험하다 / 심각하다
冤罪かけようとしてる
冤罪かける → 누명 씌우다
〜ようとしてる → ~하려고 하고 있다
💡 의미

👉 ""상대가 일부러 거짓 обвин(누명) 만들려 한다""

팁 💡
「〜ようとしてる」는 의도/시도 중을 강조합니다.

🧠 전체 흐름 해석

👉 자연스럽게 정리하면:

""그거 무고면 어떻게 할 거야? 나 고소할 거야. 진짜야? 증거 있어?""
""증거?""
""없는 거네?""
""난 매일 녹화해두고 있어.""
""와... 위험하다. 누명 씌우려는 거 같은데.""

⚖️ 핵심 포인트 (중요)

이 대화에서 중요한 건:

무고(冤罪) 언급 → 법적 리스크
증거 요구 → 증거 없음 압박
CCTV 언급 → 대응 수단 확보
누명 씌우기 의심

👉 즉, 단순 말싸움이 아니라
👉 법적 분쟁 직전 단계

🧭 해석 잘하셨는지 체크

당신 해석 기준으로 맞는지 판단 기준:

✔ 맞게 해석한 경우

""상대가 고소 얘기함""
""증거 요구함""
""증거 없다고 몰아감""
""나는 녹화 있음""
""상대가 무고 시도한다고 느낌""

👉 이 흐름이면 거의 정확합니다.

🔧 추가 팁 (실전)

팁 💡

이런 대화는 감정 싸움보다 증거 중심 구조
일본어에서
「証拠は？」 → 공격
「ないのね？」 → 확정 몰아가기
법 관련 단어 나오면 항상
👉 ""조건문 + 위협 + 증거 요구"" 패턴 체크","[""日本語"",""文章分析"",""youtube"",""ノブロックtv"",""矢野ななか""]",2026-05-03 14:43:42.042574+00,e1848554-ffae-479c-a8cd-4c0d77b7bed2,2026-05-07 11:54:40.247714+00,0,2,0,2026-05-07 11:54:40.247714+00,0,null,null,null,false,null,null,null,null,false,null,null,null,null,[],"[{""id"":""3d759ea2-b666-4a51-8f84-e2d78abc99f8"",""url"":""https://youtu.be/05avxO6hfOs?si=uY5HtQqdQLdby3zL"",""image"":""https://img.youtube.com/vi/05avxO6hfOs/hqdefault.jpg"",""title"":""YouTube Video"",""siteName"":""YouTube"",""description"":null}]",null,null
01427f36-ecae-494d-8776-51dd183c5684,片隅（かたすみ）,"출처

[[link:9ef067e5-51b8-42a2-96d4-4ddef48f516f]]

상황 

노브록tv에서 DRAW ME 멤버들 모아놓고 面倒くさい女랭킹매기는 컨셉에서 후부키케이가 바람핀증거찾아낸이야기하는중

사용예시

LINEをどこ見ても証拠がなくて絶対なんかし思って片隅まで全部調べたらPAYPAYでやってました。
LINE에는 흔적 하나도 안 남겨놨길래 더 수상해서 끝까지 다 뒤졌는데, 결국 PAYPAY에서 걸렸어.

문장분석

원문 다시 보기

LINEをどこ見ても証拠がなくて絶対なんかし思って片隅まで全部調べたらPAYPAYでやってました。

자연스럽게 복원하면 거의:

LINEをどこ見ても証拠がなくて、絶対なんかしてると思って、片隅まで全部調べたら、PAYPAYでやってました。

이 문장의 “감정 흐름”

이 문장은 사실:
“사건 설명”이라기보다

집착적으로 추리하는 여자 캐릭터 토크

에 가깝습니다.

감정 흐름을 따라가보면:

[[table:1]]

예능적으로는:
“와 거기까지 보냐ㅋㅋ”
가 웃음 포인트예요.

문장 파트별 + 상황 포함 분석

1️⃣ LINEをどこ見ても証拠がなくて

직역

LINE을 어디를 봐도 증거가 없어서

하지만 실제 뉘앙스는:

LINE을 아무리 털어도 안 나오더라

에 가까워요.

여기서 중요한 포인트

보통 커플이:

LINE 검사
DM 검사
사진첩 검사

하는 건 일본 연애 토크에서 클리셰입니다.

근데:

“아무것도 안 나온다”

는 게 오히려:

너무 깔끔해서 더 수상함

이라는 흐름으로 갑니다.

즉 이 시점 이미:

합리적 의심이 아니라
“촉”으로 확신하는 상태

예요.

예능적 웃음 포인트

정상적인 반응:

“아 증거 없네”

面倒くさい女 반응:

“이렇게 없을 리가 없어”

ㅋㅋㅋㅋ 이런 흐름.

2️⃣ 絶対なんかしてると思って

이 부분이 핵심입니다.

직역

절대 뭔가 하고 있다고 생각해서

여기서 「なんかしてる」는 엄청 애매하게 말하는 표현.

직접:

浮気
女遊び
隠し事

라고 안 하고 흐립니다.

왜 흐리게 말하냐?

일본 예능 토크에서는:

직설적으로:

“바람폈다”
보다

애매하게:

“뭔가 하고 있었다”
“수상했다”

라고 해야 웃음이 살아납니다.

너무 진지해지지 않게 하는 거죠.

실제 감정은 거의

“너 분명 여자 있다”

레벨입니다.

3️⃣ 片隅まで全部調べたら
직역

구석까지 전부 조사했더니

근데 실제 느낌은:

진짜 끝까지 탈탈 털어봤더니

에 가까워요.

여기서 面倒くさい女 느낌 폭발

이 표현 때문에:

집요함
강박
detective 모드

가 살아납니다.

예능 출연자들이 듣고:

“무서워ㅋㅋㅋ”

반응 나오는 포인트.

「片隅まで」

이 표현이 재밌는 이유

원래:

방 구석
화면 구석
작은 부분

같은 느낌인데,

여기선:

“숨겨진 곳까지 다 봤다”

라는 과장 표현이에요.

4️⃣ PAYPAYでやってました

여기가 punch line.

직역

PAYPAY에서 하고 있었습니다

실제 의미

LINE은 안 걸리게 관리했는데
PAYPAY 사용내역에서 걸림

왜 웃기냐?

보통 사람은:

LINE
인스타
카톡

만 생각함.

근데:

“PAYPAY까지 뒤졌다”

가 집착 캐릭터 포인트.

일본인들이 이 장면에서 느끼는 웃음

거의 이런 느낌입니다:

“아니 거길 왜 봐ㅋㅋㅋㅋ”

그리고 동시에:

“근데 진짜 거기서 들키는 사람 있더라…”

현실감도 있어서 더 웃김.

「やってました」의 절묘함

직접:

浮気してました

라고 안 함.

그냥:

“PAYPAYでやってました”

라고 끝냄.

그래서:

은근히 상상하게 하고
디테일 생략해서
예능 템포 살림
전체를 한국 감성으로 번역하면
예능톤 살려서

LINE 아무리 뒤져도 증거가 없는 거야.
근데 “쟤 절대 뭐 있다” 싶어서 진짜 끝까지 다 털어봤더니 PAYPAY에서 하고 있었더라.

面倒くさい女 캐릭터 느낌까지 살리면

LINE에는 흔적 하나도 안 남겨놨길래 더 수상해서 끝까지 다 뒤졌는데, 결국 PAYPAY에서 걸렸어.

이 문장의 핵심 재미 구조
요소	역할
LINE에 증거 없음	미스터리 시작
확신성 의심	집착 캐릭터
끝까지 조사	광기(?)
PAYPAY 발견	예상 밖 punchline
일본 예능에서 자주 쓰는 구조

이거 거의 일본 토크쇼 정석 구조예요:

의심
이상한 행동
집착 추적
예상외 장소에서 발견
주변 패널들 폭소","[""日本語"",""文章分析"",""ノブロックtv"",""youtube"",""みりちゃむ"",""福留光帆"",""森脇梨々夏"",""風吹ケイ"",""立野沙紀"",""二瓶有加""]",2026-05-06 12:07:10.385214+00,e1848554-ffae-479c-a8cd-4c0d77b7bed2,2026-05-06 12:15:07.84866+00,0,1,0,2026-05-06 12:15:07.84866+00,0,null,null,null,false,null,null,null,null,false,null,null,null,"{""tables"":{""1"":{""rows"":[{""id"":""r1"",""cells"":{""c1"":""LINE에 증거 없음"",""c2"":""오히려 더 수상함""}},{""id"":""r2"",""cells"":{""c1"":""“절대 뭔가 있다” 확신"",""c2"":""의심 폭주""}},{""id"":""r3"",""cells"":{""c1"":""구석구석 조사"",""c2"":""집착 모드""}},{""id"":""r4"",""cells"":{""c1"":""PAYPAY 발견"",""c2"":""승리/폭로""}}],""columns"":[{""id"":""c1"",""label"":""단계""},{""id"":""c2"",""label"":""감정""}]}}}",[],"[{""id"":""9ef067e5-51b8-42a2-96d4-4ddef48f516f"",""url"":""https://youtu.be/vlpLbiqNhLo?si=QO2HIwuHWCdRaRW_"",""image"":""https://img.youtube.com/vi/vlpLbiqNhLo/hqdefault.jpg"",""title"":""YouTube Video"",""siteName"":""YouTube"",""description"":null}]",null,null
4ef3c697-9371-4808-abfb-18fe23cfa1a3,不甲斐ない（ふがいない）,"출처

鬼滅の刃無限列車編

[[link:3feb273c-e122-4c20-a009-a1323e314f63]]

상황

주술에걸린 렌고쿠쿄쥬로가 풀려나고 나서 상황을 본뒤 한 대사

사용예시

うたた寝している間にこんな事態になっているとはよもやよもやだ柱として甲斐ない穴があったら入りたい
잠깐 선잠을 자는동안 이런사태가 벌어졌을줄이야 설마설마했더니 주로써 부끄럽군 쥐구멍이있다면 숨고싶군

문장분석

문장 전체 의미

직역하면:

깜빡 잠든 사이에 이런 사태가 벌어져 있었다니
이럴 수가, 정말 예상 밖이다
기둥으로서 한심하군
구멍이라도 있다면 들어가 숨고 싶다

넷플릭스 번역:

잠깐 선잠을 자는 동안 이런 사태가 벌어졌을 줄이야
설마설마했더니
주로서 부끄럽군
쥐구멍이 있다면 숨고 싶군

꽤 자연스럽게 잘 번역한 편입니다.

문장 구조 분석
1. うたた寝している間に
단어 분석
일본어	의미
うたた寝（うたたね）	선잠, 깜빡 잠
している	하고 있다
間に（あいだに）	~하는 동안에
해석

선잠 자고 있는 동안에

여기서 「うたた寝」는 그냥 “잠”이 아니라:

잠깐 졸다
깜빡 잠들다
선잠

같은 느낌입니다.

팁

일본어에서 「うたた寝」는 애니에서 종종:

경계 실패
방심
피곤함

같은 뉘앙스로도 쓰입니다.

2. こんな事態になっているとは

이 부분이 핵심입니다.

표현	의미
こんな	이런
事態（じたい）	사태
になっている	그렇게 되어 있다
とは	~라니 / ~일 줄이야
「とは」의 감탄 용법

여기서 「とは」는 놀람 + 충격입니다.

예:

こんなことになるとは…
→ 이런 일이 되다니…
君が来るとは
→ 네가 오다니
전체 의미

이런 사태가 되어 있었다니

혹은

이런 상황이 벌어져 있었다니

3. よもやよもやだ

이건 상당히 특징적인 표현입니다.

よもや

원래 의미:

설마
그럴 리가
뜻밖에도

그런데 두 번 반복하면 감탄이 강해집니다.

뉘앙스

설마 이런 일이…
이럴 수가…
믿기 힘들군…

넷플릭스의:

설마설마했더니

도 느낌을 살린 번역입니다.

다만 원문 느낌은 좀 더:

이건 정말 예상 밖이다

에 가깝습니다.

팁

「よもやよもや」는 현대 회화보다:

무사 말투
고풍스러운 캐릭터
진중한 캐릭터

에게 자주 붙습니다.

렌고쿠 캐릭터성과 매우 잘 맞는 표현입니다.

4. 柱として不甲斐ない
단어 분석
일본어	의미
柱	기둥 (귀멸의 칼날에서는 최강 검사 계급)
として	~로서
不甲斐ない	한심하다 / 꼴사납다 / 분하다
핵심 포인트: 不甲斐ない

이 단어는 단순 “부끄럽다”보다 더 깊습니다.

느낌은:

역할을 못했다
기대에 못 미쳤다
스스로 실망스럽다
직역

기둥으로서 한심하군

넷플릭스 번역:

주로서 부끄럽군

은 상당히 자연화한 번역입니다.

5. 穴があったら入りたい

이건 일본어 관용구입니다.

직역

구멍이 있다면 들어가고 싶다

실제 의미

너무 창피하다
숨고 싶다
얼굴 들고 다니기 어렵다

한국어의:

쥐구멍이라도 있으면 숨고 싶다

와 거의 동일합니다.

넷플릭스 번역이 매우 자연스럽습니다.

전체 뉘앙스 정리

이 대사는 단순히:

미안하다

가 아니라,

내가 방심하는 동안 상황이 악화됐다
최강 검사인 내가 이런 실수를 하다니
정말 면목이 없다

라는 자책 + 책임감 표현입니다.

더 자연스러운 한국어 느낌으로 옮기면

제가 번역하면 이런 느낌도 가능합니다.

잠깐 눈 붙인 사이 이런 사태가 벌어지다니…
이럴 수가, 정말 예상 밖이군
기둥으로서 면목이 없다
쥐구멍이라도 있으면 숨고 싶군

혹은 캐릭터성을 살리면:

선잠 자는 사이 이런 일이 벌어졌을 줄이야!
이 무슨 참담한 사태인가!
기둥으로서 실로 부끄럽다!
당장이라도 숨고 싶군!","[""日本語"",""文章分析"",""netflix"",""アニメ"",""映画"",""鬼滅の刃無限列車""]",2026-05-08 08:24:45.001436+00,e1848554-ffae-479c-a8cd-4c0d77b7bed2,2026-05-28 19:36:34.472398+00,0,2,0,2026-05-28 19:36:34.472398+00,0,null,null,null,false,null,null,null,null,false,null,null,null,null,[],"[{""id"":""3feb273c-e122-4c20-a009-a1323e314f63"",""url"":""https://netflix.com/watch/%EF%BC%98%EF%BC%91%EF%BC%95%EF%BC%90%EF%BC%94%EF%BC%94%EF%BC%99%EF%BC%96%EF%BC%9FtrackId%EF%BC%9D%EF%BC%92%EF%BC%98%EF%BC%97%EF%BC%94%EF%BC%98%EF%BC%94%EF%BC%91%EF%BC%90%EF%BC%94%EF%BC%86tctx%EF%BC%9D"",""image"":null,""title"":""Netflix"",""siteName"":""netflix.com"",""description"":""Sorry, we can’t find that page. You’ll find lots to explore on the home page.""}]",null,null
e6c5e3bb-f840-43fa-84d9-d4ea67de6eeb,不甲斐ない vs 恥ずかしい 차이,"이 둘은 꽤 다릅니다.

표현	핵심 감정	포인트
恥ずかしい	창피함	남 시선 의식
不甲斐ない	한심함/분함	자기 자신에 대한 실망
恥ずかしい
기본 느낌

부끄럽다
창피하다

핵심
타인의 시선
사회적 민망함
얼굴 붉어짐

이 중심입니다.

예:

사람들 앞에서 넘어짐
실수 들킴
고백 실패
예문

人前で泣いて恥ずかしい
사람들 앞에서 울어서 창피하다

여기엔:

“내가 한심하다”보다
“민망하다”

느낌이 강합니다.

不甲斐ない

이건 훨씬 무겁습니다.

핵심 느낌

스스로가 한심하다
기대에 못 미쳤다
역할을 못했다

중요한 포인트

「不甲斐ない」는 책임감이 있는 사람이 자주 씁니다.

예:

상사
군인
기사
검사
리더

같은 캐릭터가 자책할 때 잘 나옵니다.

예문

仲間を守れなかった
自分が不甲斐ない

동료를 지키지 못했다
스스로가 한심하다

이건 단순 창피함이 아닙니다.

죄책감
무력감
책임감

이 섞여 있어요.

렌고쿠 말투에서 왜 不甲斐ない를 썼을까?

Kyojuro Rengoku 같은 캐릭터는:

책임감 강함
사명감 강함
무사 스타일
자기 기준 엄격

이라서 단순:

恥ずかしい

보다

不甲斐ない

가 훨씬 캐릭터답습니다.

즉:

“아 창피해~”

가 아니라

“기둥인 내가 이런 실수를 하다니 면목이 없다”

에 가까운 거죠.

일본어 뉘앙스 비교
恥ずかしい

느낌:

으악 민망해…

不甲斐ない

느낌:

나는 왜 이것밖에 안 되는가…

감정 무게가 꽤 다릅니다.

실제 번역에서 왜 “부끄럽군”이라 했을까?

한국어엔 「不甲斐ない」를 완벽하게 대응하는 단어가 애매합니다.

직역하면:

한심하다
꼴사납다
면목 없다

인데 너무 딱딱하거나 거칠 수 있어요.

그래서 자막에서는 자연스럽게:

부끄럽군

으로 순화하는 경우가 많습니다.

참고로 일본 창작물에서 자주 나오는 유사 표현

[[table:1]]

렌고쿠 스타일 캐릭터는 이런 단어를 많이 씁니다.",[],2026-05-08 08:28:45.525913+00,e1848554-ffae-479c-a8cd-4c0d77b7bed2,2026-05-28 21:19:53.297492+00,0,3,0,2026-05-28 21:19:53.297492+00,0,null,null,null,false,null,null,null,null,false,null,null,null,"{""tables"":{""1"":{""rows"":[{""id"":""r1"",""cells"":{""c1"":""面目ない情けない"",""c2"":""면목 없다""}},{""id"":""r2"",""cells"":{""c1"":""不覚"",""c2"":""방심했다""}},{""id"":""r3"",""cells"":{""c1"":""不甲斐ない"",""c2"":""스스로 실망스럽다""}}],""columns"":[{""id"":""c1"",""label"":""일본어""},{""id"":""c2"",""label"":""느낌""}]}}}",[],[],null,null
d2e4fcb0-7f01-4ade-8a04-8787e9b9161d,リアコ,"출처

[[link:1d6dcead-db6f-4fff-9c60-9299f0c9ac9c]]

상황

후쿠토메미츠호가 인스타를통해 고민을듣고 대답하는상황

사용예시

みったんにリアコどうすれば？

문장분석

문장:

みったんにリアコどうすれば？

단어별로 보면
みったんに
→ “밋땅에게 / 밋땅한테”
リアコ
→ リアルに恋してる(현실적으로 사랑함)의 줄임말
즉, “최애를 진심 이성으로 좋아하는 상태”, “유사연애 감정”
どうすれば？
→ “어떡하지?”, “어떻게 해야 하지?”
자연스러운 해석

직역 느낌이면:

“밋땅한테 리아코가 되면 어떡하지?”

혹은

“밋땅을 너무 현실적으로 좋아하게 됐는데 어떡해?”

이 뉘앙스에 더 가까워요.

즉 사용자가 말한:

미땅에게 리아코 어떻게할까??

도 방향은 맞는데, 일본어에서는 보통:

“리아코가 되어버렸는데 어떡하지”
“리아코 감정 생겼는데 어떡해”

같은 감정 토로 느낌으로 읽는 게 자연스럽습니다.

왜 이렇게 해석하냐면

일본어에서 이런 오타쿠/팬덤식 말투는 조사나 목적어를 많이 생략합니다.

원래 형태를 보충하면 대략:

みったんにリアコになったらどうすればいい？

혹은

みったんにリアコしてしまった、どうすれば？

이런 느낌이 숨어 있다고 보면 됩니다.

리아코(リアコ) 뉘앙스 팁

リアコ는 단순 “좋아함”보다 훨씬 강해요.

보통:

최애를 진짜 남친/여친처럼 느낌
현실 연애 감정 수준으로 빠짐
질투나 독점욕까지 포함되기도 함

이라서 한국어로는:

“진심 사랑하게 됨”
“유사연애 감정 옴”
“현실 연애감정 생김”

정도로 번역하면 자연스럽습니다.

비슷한 표현 예시
○○にリアコした
→ “○○한테 진심 사랑 감정 생김”
リアコすぎる
→ “너무 현실적으로 좋아하게 됨”
リアコになりそう
→ “진짜 사랑하게 될 것 같음”",[],2026-05-08 13:04:40.182063+00,e1848554-ffae-479c-a8cd-4c0d77b7bed2,2026-05-28 19:36:10.270281+00,0,2,0,2026-05-28 19:36:10.270281+00,0,null,null,null,false,null,null,null,null,false,null,null,null,null,[],"[{""id"":""1d6dcead-db6f-4fff-9c60-9299f0c9ac9c"",""url"":""https://youtu.be/GYB_uCYTayo?si=5t1KMP6_Zc7enpgy"",""image"":""https://img.youtube.com/vi/GYB_uCYTayo/hqdefault.jpg"",""title"":""YouTube Video"",""siteName"":""YouTube"",""description"":null}]",null,null
75e1785e-5c55-4810-9d48-754d9d3e4714,かき消されている（かきけされている）,"출처

[[link:bd0ef1fa-b728-405a-8f42-7f1c42252858]]

상황

오사카에서 나라까지 가는 심야버스를 타고 얘기하는상황

사용예시

でねこれ実は私が喋っていてもこれ声が入ってるかなってくらいガーって音でかき消されているんですよね
喋っているのに自分の声が聞こえないくらい結構騒がしいです
근데 이게 사실 제가 말하고 있어도 목소리가 녹음되고 있나 싶을 정도로 ‘가아―’ 하는 소리에 묻혀버리고 있거든요.
말하고 있는데도 자기 목소리가 안 들릴 정도로 꽤 시끄럽습니다.

문장분석

장면 먼저 상상하기

상황:

밤
심야버스 안
조명 어두움
승객들은 조용함
근데 버스 자체 소음은 큼
이케쨩이 작은 목소리로 카메라에 말하는 중
자기 목소리가 녹음되는지도 불안함

즉:

“조용히 말하고 있는데 버스 소리가 너무 커…”

이 감정이 핵심입니다.

원문

でねこれ実は私が喋っていてもこれ声が入ってるかなってくらいガーって音でかき消されているんですよね
喋っているのに自分の声が聞こえないくらい結構騒がしいです

흐름으로 해석해보기
でね

여기서의 느낌:

“근데 말이죠…”

브이로그 특유의 조용한 도입.

버스 안이라 큰 텐션이 아니라:

낮은 목소리
조심스러운 말투

느낌이 있습니다.

これ実は

직역:

“이거 사실은…”

근데 실제 느낌은:

“지금 사실…”

에 가까움.

즉:

현재 상황 설명 시작
시청자에게 상황 전달
私が喋っていても

여기 중요합니다.

직역:

“제가 말하고 있어도”

근데 상황상 진짜 의미는:

“제가 지금 계속 말은 하고 있는데도…”

입니다.

왜냐면 실제로는:

자기 목소리가 묻히고 있음
녹음되는지 확신이 없음

그래서 약간 억울(?)한 느낌도 있음.

これ声が入ってるかな

이 부분이 브이로그 감성 핵심입니다.

보통 일본 브이로그에서:

표현	실제 느낌
声入ってるかな	녹음 되나…?
聞こえてるかな	들리려나…
大丈夫かな	괜찮으려나

이런 식으로 많이 말함.

여기서는:

카메라 마이크 걱정
시청자에게 전달될지 걱정

이 동시에 들어있음.

즉:

“이거 제 목소리 제대로 들어가고 있으려나…”

같은 혼잣말.

ってくらい

이건 단순 “~정도로”보다 감정이 있음.

느낌상:

“진짜 그 정도로…”

라는 강조.

즉:

“목소리 녹음되는 건가 싶을 정도로…”

ガーって音で

여기서 장면이 확 살아납니다.

버스 안에서 계속 들리는:

ガーーーーーー

같은 저음 기계음.

아마:

엔진음
바퀴 주행음
공조기
진동음

이 섞인 소리.

일본인은 이런 지속적 기계음을:

ガー
ゴー

같이 자주 표현합니다.

かき消されているんですよね

이 표현 때문에 현장감이 엄청 살아나요.

단순히:

시끄럽다

가 아니라:

“내 목소리가 소음 속에 묻혀버린다”

는 그림이 생김.

그래서 듣는 사람도:

버스 소음 크기
조용히 말하는 화자
를 동시에 상상하게 됩니다.
んですよね

여기 정말 일본 브이로그 느낌 강함.

이건 설명 + 공감 요청.

느낌상:

“엄청 시끄럽거든요 지금…”
“보시면 아시겠지만…”

같은 말투.

혼잣말인데 시청자도 의식함.

두 번째 문장

喋っているのに自分の声が聞こえないくらい結構騒がしいです

喋っているのに

여기서 のに 가 중요.

단순 역접이 아니라:

“말하고 있는데도…”

약간 당황스러운 느낌이 있음.

즉:

지금 분명 말하는 중인데
자기 목소리가 안 들림

이라는 이상한 상황.

自分の声が聞こえないくらい

이건 실제 체감 묘사.

진짜 버스 안에서:

이어폰 없이
작은 목소리로 말하면
엔진음 때문에 자기 목소리가 묻힘

그 상황 그대로.

그래서 굉장히 현실적인 표현입니다.

結構騒がしいです

재밌는 건:

엄청
너무
가 아니라

結構

를 씀.

일본어 특유의 완곡함.

근데 실제론 꽤 많이 시끄럽다는 뜻.

즉 일본어의:

부드러운 과장
완곡 표현

느낌도 들어있습니다.

전체 분위기 번역 (상황 살려서)

직역보다 분위기 중심으로 옮기면:

근데 지금 사실 제가 계속 말하고는 있는데 이거 목소리 제대로 녹음되고 있으려나 싶을 정도로 가아아― 하는 소리에 다 묻혀버리고 있거든요.
말하고 있는데도 제 목소리가 안 들릴 정도로 꽤 시끄럽네요.

이 문장의 진짜 핵심

이 문장은 단순 설명보다:

핵심 감정
조용히 말하는 화자
큰 버스 소음
브이로그 녹음 걱정
밤의 현장감

을 전달하는 문장입니다.

그래서 듣는 사람도:

“아 심야버스구나”
“진짜 시끄럽겠다”
“조용히 말하고 있네”

를 바로 느끼게 됩니다.","[""日本語"",""文章分析"",""youtube"",""いけちゃん"",""大阪"",""奈良""]",2026-05-09 13:12:11.713021+00,e1848554-ffae-479c-a8cd-4c0d77b7bed2,2026-05-29 06:32:17.552011+00,0,10,0,2026-05-29 06:32:17.552011+00,0,null,null,null,false,null,null,null,null,false,null,null,null,null,[],"[{""id"":""bd0ef1fa-b728-405a-8f42-7f1c42252858"",""url"":""https://youtu.be/t8AZUy3_wMw?si=Uj7_MRkZ6ON8tAxs"",""image"":""https://img.youtube.com/vi/t8AZUy3_wMw/hqdefault.jpg"",""title"":""YouTube Video"",""siteName"":""YouTube"",""description"":null}]",null,null
b3cb722c-3e31-4d09-9297-124650359409,정신의학과상담용기록요약,"상담 기록용 요약
현재 가장 큰 어려움
사람들과 있는 상황이나 압박 상황에서 긴장이 심해지고 사고가 멈추는 느낌이 있음
말로 바로 설명하는 게 매우 어렵고, 질문받으면 머리가 하얘지거나 끄덕이는 정도로 끝나는 경우가 많음
채팅/글로는 비교적 길게 표현 가능하지만 대면에서는 표현이 잘 안 됨
식당 주문, 병원, 결혼식 같은 일상적인 사회 상황도 부담이 큼
남들은 자연스럽게 행동하는데 나는 어버버하고 멈추는 느낌이 강함
최근 느끼는 상태 변화
예전보다 기력과 의욕이 많이 줄어든 느낌
생활리듬이 계속 무너지고 있음
초반엔 약 효과인지 조금 나아지는 느낌이 있었지만 다시 잠이 많아지고 늦게 자는 패턴 반복
잘 때가 가장 편안하다고 느낌
잠잘 때만큼은 아무것도 안 해도 되고 압박을 안 느끼기 때문인 것 같음
일본어/코딩 공부도 잠깐 집중 후 금방 방전되는 경우가 많아짐
예전엔 좋아했던 일본 혼자 여행은 자주 갔었는데, 최근 가족 오키나와 여행은 가기 싫다는 느낌이 강했음
집에서 쉬고 싶다는 생각이 더 큼


사회생활/회사에 대한 생각
군대 경험 이후 집단생활/조직문화에 대한 두려움이 큼
회사에서도 비슷한 압박이나 눈치, 괴롭힘을 다시 겪을 것 같은 불안이 있음
실제 알바할 때도 남들은 알아서 잘하는데 나는 계속 어버버하고 위축되는 느낌이 강했음
회사생활을 정상적으로 오래 유지할 수 있을 거라는 확신이 거의 없음
단체생활 자체도 성향상 안 맞는 부분이 있지만, 장기간 위축 경험 때문에 더 어려워진 것 같다고 느낌
가족 관련
부모님은 “남들도 다 힘들다”, “억지로라도 해야 한다”, “생각을 바꿔야 한다”는 식으로 말하는 경우가 많음
나는 단순 의지 부족보다 실제로 기능이 멈추는 느낌에 가까운데 잘 전달되지 않는 느낌이 있음
강요하는 집안은 아니지만 잔소리/눈치만으로도 스트레스를 크게 느낌
동생은 유연하게 사회생활을 잘하는 편으로 보이고, 나를 어느 정도 이해해주는 느낌도 있음
동생 결혼식 때 사람 많은 환경에서 긴장이 매우 심했음
심장은 덜 떨렸지만 손발이 떨리고 말이 잘 안 나왔음


상담 관련
상담사에게 직접 말로 설명하는 게 매우 어려움
중요한 내용을 빼먹거나 그냥 끄덕이고 끝나는 경우가 많음
AI 대화 내용을 보여주자 상담사가 “이렇게라도 전달하려는 의지가 중요하다”고 말했음
처음에는 “말로 해보라”고 했지만 실제 반응을 보고 이후에는 AI 대화도 받아들이는 쪽으로 바뀐 느낌
상담사/의사가 약을 조정했음
상담사는 “기분 좋아지는 약”이라고 설명
약사는 강도가 더 세진 느낌이라고 설명
현재 생각하는 방향
일반적인 조직/회사생활보다는 1인 개발자·비대면·자율형 환경을 더 선호함
기록 기반 프로젝트를 만들고 있지만 수익화까지 오래 걸릴 것 같아 불안함
수급 유지 여부와 미래 생계에 대한 불안이 큼
완전 회복보다는 최소한 유지 가능한 수준, 무너지지 않는 상태를 목표로 하고 싶음
상담도 희망이 보이면 계속 다닐 생각은 있음


스스로 느끼는 특징
작은 상처나 압박에도 쉽게 무너지는 편
주변 환경과 분위기 영향을 크게 받음
미래를 자꾸 최악 방향으로 이어서 생각하는 경향이 있음
사회 기준에서 벗어나면 실패자처럼 느껴지는 압박을 강하게 느낌
혼자 있을 때가 가장 편하고 안전하다고 느낌","[""정신의학과"",""상담"",""긴장"",""불안""]",2026-05-09 20:56:55.192904+00,e1848554-ffae-479c-a8cd-4c0d77b7bed2,2026-05-28 21:18:14.502446+00,0,7,0,2026-05-28 21:18:14.502446+00,0,null,null,null,false,null,null,null,null,false,null,null,null,null,[],[],null,null
61af55aa-200e-4bbc-88ef-ef96a424e443,乗り気（のりき）,"출처

[[link:64de6eb5-a7ef-4b2e-8326-9031b9cc5602]]

상황

스미뽄과 타테노사키의 마법소녀대결을 펼치고있는상황에 카라타치 오오야마가 타테노사키에게 한말

立野沙紀：お前は何でいるんだよ
타테노사키:너가 왜 여기있는거야

すみぽん：もうやんないでしょ？
스미뽄:안한다고하지않았아?

立野沙紀：「やる」ってつっただろ
타테노사키:한다고했잖아

大山：でもあのねプロヂュースさせてもらったんだけどちょっとあんまり乗り気ではなかった
오오야마:근데 프로듀스를 맡게되었는데 딱히 적극적이진않았어

대화 흐름 분석

1. 타테노사키

お前は何でいるんだよ
“너는 왜 여기 있는 거야?”

이건 진짜로:

예상 못함
당황함
불만

이 섞인 말투예요.

특히:

「お前」
「～んだよ」

때문에 상당히 날카롭습니다.

즉:

“왜 네가 여기 있냐고?”

라는 느낌.

2. 스미뽄

もうやんないでしょ？
“이제 안 하는 거 아니었어?”

여기서 「やんない」는:

やらない의 구어체

즉:

“안 한다고 한 거 아니었냐?”

라는 뜻.

포인트는:

싸움을 안 한다
프로젝트 안 한다
출연 안 한다

등 문맥상 “참여 자체”를 말하는 가능성이 큽니다.

3. 타테노사키

「やる」ってつっただろ
“‘한다’고 했잖아”

여기서:

つった = 言った(いった)의 거친 축약

따라서 상당히 감정적이고 공격적인 말투예요.

핵심은:

“나 한다고 말했잖아”

즉:

입장은 이미 밝혔다
왜 또 그 얘기 하냐

는 느낌.

4. 오오야마

でもあのね
“근데 있잖아”

완충 역할입니다.

둘이 싸우기 시작하니까 끼어드는 느낌이에요.

5. プロヂュースさせてもらったんだけど

직역:

“프로듀스를 맡게 되었는데”

여기서 오오야마는:

중재자
현장 관계자
기획자 입장

에서 말하고 있어요.

즉:

“내가 같이 진행해봤는데…”

라는 객관적 관찰 톤.

6. ちょっとあんまり乗り気ではなかった

여기가 핵심.

이제 앞 문맥 포함하면 의미가 바뀝니다.

이 문장의 진짜 기능

이건:

“타테노사키가 거짓말했다”

를 말하는 게 아닙니다.

오히려:

“한다고는 했는데, 실제로는 그렇게 적극적이진 않았어”

라는 현실 보충 설명이에요.

즉:

[[table:1]]

「乗り気ではなかった」의 실제 뉘앙스

이 상황에서는 거의:

적극적으로 복귀하려던 건 아니었다
엄청 의욕적인 상태는 아니었다
반쯤 떠밀린 느낌이었다
확신에 찬 상태는 아니었다

정도로 들립니다.

즉:

“하기 싫었다”

보다는

“그렇게 신나서 뛰어든 건 아니었다”

에 가까워요.

「ちょっと」도 중요함

ちょっとあんまり乗り気ではなかった

여기서:

ちょっと
あんまり

둘 다 완곡화 표현입니다.

일본어에서는 이런 식으로:

직접 단정 안 하고
강도를 흐림

이 굉장히 흔해요.

직설적으로 말하면:

「全然やる気なかった」
(아예 의욕 없었음)

인데,
오오야마는 그렇게까지 세게 말하지 않아요.

전체를 자연스럽게 한국어화하면
가장 자연스러운 흐름
타테노사키

“너 왜 여기 있는데?”

스미뽄

“이제 안 하는 거 아니었어?”

타테노사키

“한다고 했잖아.”

오오야마

“근데 같이 진행해보니까 그렇게 적극적인 느낌은 아니긴 했어.”

이 정도가 원문 뉘앙스를 가장 잘 살립니다.

핵심 결론

이 상황의 「あんまり乗り気ではなかった」는:

X
“절대 하기 싫었다”

보다는

O
“한다고는 했지만 적극적이진 않았다”
“마음이 완전히 실려 있진 않았다”
“썩 의욕적인 상태는 아니었다”

라는 의미로 보는 게 가장 자연스럽습니다.

팁

일본어 회화에서:

「やる」
(한다)

와

「乗り気」
(얼마나 진심인가)

는 별개로 취급되는 경우가 많습니다.

그래서:

말로는 수락했지만 감정은 미묘하다

라는 상태를 아주 자주 표현해요.

이 장면도 딱 그런 구조입니다.","[""日本語"",""文章分析"",""youtube"",""ノブロックtv"",""立野沙紀"",""すみぽん"",""カラタチ""]",2026-05-11 16:20:49.1353+00,e1848554-ffae-479c-a8cd-4c0d77b7bed2,2026-06-17 02:39:03.976618+00,0,9,0,2026-06-17 02:39:03.976618+00,0,null,null,null,false,null,null,null,null,false,null,null,null,"{""tables"":{""1"":{""rows"":[{""id"":""r1"",""cells"":{""c1"":""타테노사키"",""c2"":""한다고 말함""}},{""id"":""r2"",""cells"":{""c1"":""오오야마"",""c2"":""근데 실제 텐션은 낮았음""}}],""columns"":[{""id"":""c1"",""label"":""층위""},{""id"":""c2"",""label"":""내용""}]}}}",[],"[{""id"":""64de6eb5-a7ef-4b2e-8326-9031b9cc5602"",""url"":""https://youtu.be/3g8yxmPcHiE?si=YDDNpLcoBrFV_NPe"",""image"":""https://img.youtube.com/vi/3g8yxmPcHiE/hqdefault.jpg"",""title"":""YouTube Video"",""siteName"":""YouTube"",""description"":null}]",null,null
82cd8515-c5ac-4c6f-a182-fe619ddf45b6,萎える（なえる）,"출처

[[link:4d733838-8194-4a0c-b17c-2c9593c0c736]]

상황

후쿠토메미츠호가 코스트코에서 쇼핑하고나서 보트레이스 경기보는중

사용예시

萎えるわぁ。楽しくお買い物したのに。
기운빠진다... 즐겁게 쇼핑했는데...

문장분석

문장 전체 뉘앙스

직역하면:

김 빠진다~ 재밌게 쇼핑했는데...

정도로 볼 수 있습니다.

즉:

코스트코에서 즐겁게 쇼핑함
기분이 좋았음
그런데 보트레이스 결과가 예상과 다르게 나옴
갑자기 텐션이 떨어짐

이 흐름이에요.

1. 萎えるわぁ 분석
萎える（なえる）

원래 뜻:

시들다
풀이 죽다
의욕이 꺾이다

하지만 일본 회화에서는 엄청 자주:

기운 빠진다
텐션 떨어진다
현타 온다
김 샌다

느낌으로 씁니다.

여기서는 거의:

아 진짜 맥빠진다…

이 감정에 가까워요.

わぁ

여성적인 말투 + 감탄 느낌입니다.

딱딱한 표현이 아니라:

아~
와~
하아~

같은 감정이 섞여 있어요.

그래서:

萎えるわぁ

는 단순 번역보다:

아 진짜 기운 빠지네~
와 맥빠진다~

이런 자연스러운 한국어가 더 맞습니다.

2. 楽しくお買い物したのに 분석
楽しく

楽しい(즐겁다)의 부사형

→ 즐겁게

お買い物

買い物(쇼핑)에 お를 붙여 부드럽고 여성스럽게 표현

특히 여성 화자가 자주 씀.

したのに

핵심 포인트입니다.

～のに

의미:

~했는데도
그런데
아쉬움/불만/반전

즉:

즐겁게 쇼핑했는데…
기분 좋았는데…

→ 지금 결과 때문에 망했다는 감정 연결.

전체 감정 흐름

이 문장은 단순 정보 전달이 아니라 감정 흐름이 중요합니다.

상황 흐름
코스트코에서 즐겁게 쇼핑
기분 업됨
보트레이스 기대함
경기 결과 틀림
갑자기 텐션 하락

그래서:

萎えるわぁ。楽しくお買い物したのに。

는 자연스럽게:

아 진짜 맥빠진다~
그렇게 기분 좋게 쇼핑했는데…

라는 느낌입니다.

한국어 자연번역

상황 맞춰 번역하면:

아 기운 빠져…
재밌게 쇼핑했는데 말이야…
기분 좋았는데 경기 때문에 다 망했네…
아 현타 온다…

이 정도가 가장 자연스럽습니다.

일본어 회화 포인트

일본인은 감정을 직접적으로:

짜증난다!
화난다!

보다 이렇게 완곡하게 표현하는 경우 많아요.

특히 여성 화자면:

萎える
テンション下がる
しんどい

같은 표현을 굉장히 자주 씁니다.

비슷한 표현들
テンション下がる
→ 텐션 떨어진다
まじ萎える
→ 진짜 맥빠진다
最悪
→ 최악이야
外したわ
→ 예측 틀렸네
팁

일본어의 「～のに」는 단순 역접이 아니라
“기대했던 감정이 무너졌을 때” 자주 등장합니다.

그래서 감정 해석할 때는:

앞 상황 = 기대/좋은 흐름
뒤 상황 = 실망/반전

구조로 보면 이해가 훨씬 쉬워집니다.","[""日本語"",""文章分析"",""youtube"",""福留光帆""]",2026-05-19 10:34:37.249234+00,e1848554-ffae-479c-a8cd-4c0d77b7bed2,2026-05-20 17:56:26.839821+00,0,3,0,2026-05-20 17:56:26.839821+00,0,null,null,null,false,null,null,null,null,false,null,null,null,null,[],"[{""id"":""4d733838-8194-4a0c-b17c-2c9593c0c736"",""url"":""https://youtu.be/f7MO1KoJdS8?si=NEmI8G3k9XAZGw_M"",""image"":""https://img.youtube.com/vi/f7MO1KoJdS8/hqdefault.jpg"",""title"":""YouTube Video"",""siteName"":""YouTube"",""description"":null}]",null,null
315c482f-dfb8-4779-ae61-142902af3cb7,立て直し（たてなおし）,"출처

[[link:aa319ab9-50a2-4a9d-9152-e0e07f87f551]]

상황

타테노사키와 니헤이유우카가 피클볼 랠리 이어가다가 아슬아슬하게 받아치는상황

사용예시

良い立て直し！
잘살렸다!

문장분석

핵심 해석

자연스럽게 번역하면:

좋은 리커버리!
잘 다시 살렸네!
흐름 잘 되찾았다!
잘 버텼다!

정도가 가장 자연스럽습니다.

1. 良い 분석
良い（いい）

뜻:

좋다
훌륭하다

여기서는 감탄 느낌이라:

오 좋다!
잘했다!

톤입니다.

2. 立て直し 분석

핵심 단어입니다.

立て直し（たてなおし）

동사 원형:

立て直す

뜻:

다시 세우다
재정비하다
무너진 걸 회복하다
흐름을 다시 가져오다
스포츠에서의 의미

스포츠에서는 엄청 자주:

자세 무너진 거 회복
수세 몰린 상황 복구
흐름 다시 가져오기
급한 상황 버텨냄

뜻으로 사용됩니다.

여기 상황에 적용하면

피클볼 랠리 중:

어려운 공이 옴
자세 무너질 뻔함
수비 흔들림
그런데 겨우 다시 연결 성공

→ 그걸 보고:

良い立て直し！

라고 하는 거예요.

한국어 감각으로 번역하면

직역보다 스포츠 감각으로 번역해야 자연스럽습니다.

가장 자연스러운 번역
잘 살렸다!
잘 버텼다!
좋은 리커버리!
흐름 잘 되찾았네!
잘 수습했어!
다시 잘 이어갔네!
왜 “다시 세우다”가 되는가?

「立て直す」는 원래:

무너진 건물 다시 세움
사업 재건
체제 복구

같은 의미도 있습니다.

그 개념이 스포츠로 오면:

무너질 뻔한 플레이를 다시 안정시킨다

느낌이 되는 거예요.

일본 스포츠 중계에서 엄청 자주 나오는 표현

특히:

테니스
탁구
배드민턴
피클볼
배구

같이 랠리 흐름 중요한 종목에서 많이 씁니다.

예:

上手く立て直した
→ 잘 회복했다
立て直せませんでした
→ 흐름 회복 못 했네요
守備を立て直す
→ 수비를 재정비하다
이 장면의 뉘앙스

질문 속 상황에서는 거의:

와 저걸 다시 받아내네
무너질 뻔했는데 잘 연결했다

이 감탄에 가까워요.

그래서 단순히:

좋은 재정비

라고 번역하면 어색하고,

스포츠 감각으로:

좋은 리커버리!
잘 살렸네!

가 훨씬 자연스럽습니다.

팁

일본 스포츠 표현은
직역보다 “경기 흐름” 중심으로 이해하면 훨씬 자연스럽습니다.

특히:

立て直す → 흐름 회복
粘る → 끈질기게 버티기
しのぐ → 간신히 막아내기
崩れる → 무너지다

이런 단어들은 모두
“경기 분위기 변화”와 연결해서 이해하는 게 핵심입니다.","[""日本語"",""文章分析"",""youtube"",""pickle pickle"",""立野沙紀"",""二瓶有価""]",2026-05-19 10:53:47.687638+00,e1848554-ffae-479c-a8cd-4c0d77b7bed2,2026-05-19 16:12:09.998655+00,0,2,0,2026-05-19 16:12:09.998655+00,0,null,null,null,false,null,null,null,null,false,null,null,null,null,[],"[{""id"":""aa319ab9-50a2-4a9d-9152-e0e07f87f551"",""url"":""https://youtu.be/aO1BE8RlMF0?si=r_UbxA2hFj-1Lt3T"",""image"":""https://img.youtube.com/vi/aO1BE8RlMF0/hqdefault.jpg"",""title"":""YouTube Video"",""siteName"":""YouTube"",""description"":null}]",null,null
74c04433-ce54-483b-9604-273e0887c023,大奨励（だいしょうれい）,"출처

[[link:a82a439a-8f19-4688-95fe-7b30f328d31f]]

상황

이케쨩이 예약한 호텔을 둘러보면서 말하는중

사용예시

なので撮影大奨励なホテルニューアカオです。
그래서 사진촬영을 권장하는 호텔뉴아카오입니다.

문장분석

문장 전체 의미

직역하면:

그래서 촬영을 매우 장려하는 호텔 뉴 아카오입니다.

자연스럽게 번역하면:

그래서 사진 촬영을 적극 권장하는 호텔 뉴아카오예요.
그래서 사진 찍기 좋은 걸로 유명한 호텔 뉴아카오입니다.

문장 구조 분석
일본어	품사/역할	의미
なので	접속사	그래서 / 그러니까
撮影	명사	촬영
大奨励	명사적 표현	강력 권장 / 적극 장려
な	な형용사 연결	~한
ホテルニューアカオ	고유명사	호텔 뉴아카오
です	정중 표현	입니다
세부 분석
1. なので

「なので」는 이유나 앞 문맥을 이어주는 표현입니다.

의미:

그래서
그러므로
그렇기 때문에

예문:

景色がきれいなので人気です。
→ 경치가 예뻐서 인기가 있습니다.
2. 撮影大奨励

여기가 핵심입니다.

撮影（さつえい）
촬영
사진 찍기
영상 촬영
大奨励（だいしょうれい）

보통 「奨励」는:

장려
권장

여기에 「大」가 붙어서:

매우 장려
적극 권장

느낌상:

“사진 마음껏 찍으세요!”
“SNS 업로드 환영!”

같은 홍보 느낌이 강합니다.

3. な

「大奨励」를 뒤 명사와 연결하는 역할입니다.

즉:

撮影大奨励 な ホテル
촬영 적극 권장인 호텔

여기서 「大奨励」를 사실상 な형용사처럼 사용한 표현입니다.

4. ホテルニューアカオ

호텔 이름입니다.

ホテルニューアカオ

일본 아타미(熱海)에 있는 유명 레트로 호텔입니다.

뉘앙스까지 이해하기

이 문장은 광고/소개 말투 느낌이 강합니다.

단순히:

“촬영 가능”

이 아니라,

“사진 찍으러 오세요!”
“인생샷 명소입니다!”
“SNS용 촬영 환영!”

같은 분위기를 전달합니다.

자연스러운 한국어 번역 예시

상황에 따라 다양하게 번역 가능합니다.

일반 번역
그래서 촬영을 적극 권장하는 호텔 뉴아카오입니다.
SNS 느낌
그래서 사진 찍기 딱 좋은 호텔 뉴아카오예요.
홍보 느낌
촬영 대환영인 호텔 뉴아카오입니다.
문법 포인트 정리
표현	포인트
なので	이유 연결
名詞 + な + 名詞	명사를 な형용사처럼 사용
大〜	강조 표현
추가 팁 😊

일본어에서는 광고문구에서:

「大歓迎」
「大人気」
「超おすすめ」

같은 과장형 표현을 매우 자주 사용합니다.

따라서 「撮影大奨励」도 딱 일본 홍보문구다운 표현입니다.","[""日本語"",""文章分析"",""youtube"",""いけちゃん""]",2026-05-20 14:54:07.796028+00,e1848554-ffae-479c-a8cd-4c0d77b7bed2,2026-05-20 14:56:58.757207+00,0,1,0,2026-05-20 14:56:58.757207+00,0,null,null,null,false,null,null,null,null,false,null,null,null,null,[],"[{""id"":""a82a439a-8f19-4688-95fe-7b30f328d31f"",""url"":""https://youtu.be/aHtmriLXmNw?si=4Ltmkchdjl0XHaqv"",""image"":""https://img.youtube.com/vi/aHtmriLXmNw/hqdefault.jpg"",""title"":""YouTube Video"",""siteName"":""YouTube"",""description"":null}]",null,null
3491830a-5fbd-4499-b024-4e5e31674eb1,오키나와 감정기록,"# 5월13일~5월16일 오키나와 가족여행후 감정기록

● 기록 목적

- 상담 때 말이 막혀서 설명이 어려운 부분을 기록으로 전달하기 위해 작성
- 특정 사건에서 어떤 생각/몸 반응/행동이 있었는지 정리
- 반복되는 패턴 확인 목적

● 오키나와 여행 관련 기록

○ 전체적인 느낌

- 여행 자체는 좋았고 일본어도 어느 정도 들리고 짧게 말하는 건 가능했음
- 하지만 3박 4일 동안 계속 사람 상대와 대화를 해야 하는 상황이 반복되면서 과부하 느낌이 심해짐
- 특히 일본어가 되는 사람이 나뿐이라 통역 역할을 계속 해야 했음
- 첫날부터 이미 긴장이 많이 올라온 느낌이 있었음

●반복적으로 느낀 패턴

○ 상황

- 누가 말을 걸어오는 상황
- 내가 직접 말을 걸어야 하는 상황
- 주문/질문/대답을 반복해야 하는 상황
- 대화가 길어지는 상황
- 계속 반응해야 하는 상황

○ 그때 느끼는 반응

- 긴장 시작
- 머리가 하얘짐
- 손 떨림
- 숨 쉬기 힘든 느낌
- 실수할 것 같은 느낌
- 말이 바로 안 나옴
- 무슨 말을 해야 할지 순간적으로 정리가 안 됨

○ 특징

- 짧게는 말할 수 있음
- 하지만 반복적으로 대화가 이어질수록 급격히 힘들어짐
- 혼자 조용히 있을 때보다 사람 상대 상황에서 훨씬 심해짐
- 긴장이 상황 끝나고도 오래 유지되는 느낌이 있음

● 이자카야 관련 기록

○ 상황

- 食べ放題 코스(A코스/B코스)가 있는 이자카야 방문
- A코스는 정해진 메뉴를 시간 제한 안에서 계속 주문하는 방식
- 90분 이용, 60분까지 주문 가능 구조였음
- B코스로 바꾸고 싶었음
- 일본어 가능한 사람이 나뿐이라 내가 말해야 하는 상황

○ 그때 상태

- 바꿔달라고 말하려고 했지만 순간적으로 정신이 멈춘 느낌
- 머리가 정리되지 않음
- 긴장이 심해짐
- 결국 가족이 그냥 A코스 먹자고 해서 그대로 진행

○ 느낀 점

- 단순히 일본어를 몰라서라기보다 직접 요청하고 반응을 받아야 하는 상황 자체가 부담으로 느껴짐

● 작은 카페 관련 기록

○ 상황

- 조용한 작은 카페 방문
- 노인 부부 두 분이 운영하는 느낌
- 처음에는 말이 잘 안 나옴
- 가족들이 뒤에서 이야기해보라고 해서 조금씩 말함

○ 실제로 했던 말

- ここは22時までですか
- そばおすすめの場所はありますか

○ 상대 반응

- 친절하게 대답해줌
- 도자기 같은 선물을 받음
- 忘れないでね 라는 말을 들음

○ 느낀 점

- 처음에는 긴장했지만 짧게라도 말을 하긴 했음
- 상대가 친절하면 조금 안정되는 느낌이 있었음

● 오키나와소바 가게 관련 기록

○ 상황

- 오키나와소바 3개와 하이볼 1개 주문
- 그 이후 숟가락 하나 더 달라고 말해보라는 상황이 생김

○ 그때 상태

- 망설임이 심해짐
- 하이볼을 마시는데 손이 심하게 떨림
- 긴장 상태가 계속 이어짐

○ 주변 반응

- 평소에도 손을 떠냐는 질문을 들음
- 평소에도 떨긴 하지만 그날은 더 심했던 느낌
- 이후에는 가족이 더 이상 억지로 시키지 않았음

● 여행 이후 상태

○ 증상

- 손 떨림 지속
- 숨 쉬기 힘든 느낌 지속
- 잠이 잘 안 옴
- 긴장이 잘 안 내려가는 느낌

● 약 관련

- 약을 약 4일 정도 먹지 못함
- 병원에서 약을 다시 받은 뒤에는 조금 내려오는 느낌이 있었음
- 의사가 약 안 먹으니까 불안하지 않았냐고 질문함

● 현재 스스로 느끼는 패턴

- 말을 전혀 못 하는 것은 아님
- 짧은 대화나 단순 질문은 가능한 편
- 하지만 반복적으로 상호작용해야 하는 상황에서 긴장이 급격히 심해짐
- 특히 사람 상대 상황이 길어질수록 과부하 느낌이 강해짐
- 긴장 상태가 상황 종료 후에도 오래 지속되는 느낌이 있음
- 원래 예민한 성향이 있었는데 장기간 반복되면서 더 심해진 느낌이 있음

● 현재 생각

- 단체생활과 지속적인 사람 상대 환경이 힘들다고 느낌
- 혼자 집중할 수 있는 환경에서는 상대적으로 안정됨
- 개발 공부는 계속 유지 중
- 바닐라 JS로 함수 하나씩 분석하며 공부 중
- 혼자 작업하고 결과를 만드는 방향이 더 맞는 것 같다고 느낌
- 반복적인 성공 경험이 쌓이면 상태가 조금 나아질 수도 있다고 생각함

● 상담 때 직접 말하기 어려운 부분

- 고민을 물어보면 머리가 하얘져서 설명이 잘 안 됨
- 실제로는 생각이 많은데 말로 바로 정리해서 꺼내기가 어려움
- 긴장하면 더 말이 안 나오는 느낌이 있음
- 그래서 기록 형태로 전달하는 게 더 편한 느낌이 있음","[""오키나와"",""감정기록"",""여행""]",2026-05-21 08:25:03.423649+00,e1848554-ffae-479c-a8cd-4c0d77b7bed2,2026-05-29 06:31:12.090954+00,0,24,0,2026-05-29 06:31:12.090954+00,0,null,null,null,false,null,null,null,null,false,null,null,null,null,[],[],null,null
4cef51e4-3f5c-481c-bb70-6f80d021ea19,気楽（きらく）,"출처

[[link:118e7bb1-8b13-4339-99b4-a76f24e29821]]

상황

후쿠토메미츠호와 쿠로쨩이 결혼프로필작성하는상황

사용예시

結婚したら気楽に頑張れるかな
결혼하면 좀 맘 편히 살 수 있으려나

문장분석

쿠로쨩 + 후쿠토메 미츠호 조합이면 보통:

진지한 결혼관 토크 ❌
살짝 농담 섞인 진심 ✅
친한 사이 특유의 편한 말투 ✅
반쯤 웃기고 반쯤 진짜 같은 느낌 ✅

이런 공기가 강하죠.

그래서 너무 문학적으로:

결혼하면 마음 편하게 살아갈 수 있으려나…

이렇게 가면 오히려 분위기가 무거워질 수 있습니다.

원문이 실제로 주는 느낌

結婚したら気楽に頑張れるかな

이건 완전 깊은 철학이라기보다:

결혼하면 그래도 좀 편하게 살 수 있지 않을까~
누가 옆에 있으면 덜 빡세지 않을까~

같은 가벼운 넋두리 느낌에 가까워요.

특히 쿠로쨩 스타일이면:

약간 헤실헤실
장난 섞인 현실 토크
근데 은근 진심

이 공기가 중요합니다.

그래서 “노력”은 약간 딱딱함

사용자 번역:

결혼하면 맘편히 노력할수있으려나

이건 의미는 맞는데,
“노력”이라는 단어 때문에 갑자기 자기계발 느낌이 납니다.

예능 티키타카에서는 조금 더 생활감 있는 단어가 좋아요.

예능톤으로 자연스러운 후보들
제일 무난하고 자연스러운 타입

결혼하면 좀 맘 편히 살 수 있으려나

이거 상당히 좋습니다.

왜냐면 일본어의 「頑張れる」를 직역 안 하고,
예능 감성으로 의역했기 때문입니다.

쿠로쨩 느낌 살리면

결혼하면 좀 편하게 버틸 수 있으려나~

이건 생활감이 강합니다.

친한 사이 농담 느낌

결혼하면 그래도 좀 덜 힘들려나

이것도 자연스럽습니다.

살짝 귀엽고 방송 자막 느낌

결혼하면 좀 맘 편히 힘낼 수 있으려나~

이건 원문 보존 + 예능감 균형이 좋습니다.

왜 “힘내다”가 더 좋은가?

「頑張る」는 일본 예능에서 엄청 자주 나오는데,
사실 한국어 “노력하다”보다 훨씬 가볍습니다.

예능에서:

頑張ります！

는 꼭:

노력하겠습니다!

가 아니라

열심히 해볼게요~
힘내볼게요~
잘 해볼게요~

느낌이에요.

그래서:

마음 편히 노력하다

보다

마음 편히 힘내다

가 훨씬 사람 냄새 납니다.

지금 상황 기준 베스트 추천

쿠로쨩 × 후쿠토메 미츠호
예능 + 친한 분위기 + 결혼프로필 작성 상황이면:

가장 추천

결혼하면 좀 맘 편히 힘낼 수 있으려나~

또는

결혼하면 좀 편하게 살 수 있으려나~

이 두 개가 제일 방송 자막스럽고 자연스럽습니다.

자막 스타일 차이 비교
[[table:1]]


개인적으로 가장 방송 같다고 느껴지는 건

결혼하면 좀 맘 편히 살 수 있으려나~

입니다.

짧고,
말에 힘 안 들어가고,
예능 토크 공기가 살아있어요.

팁:
예능 번역은 “원문 단어 대응”보다 “출연자가 실제 한국 예능에서 저렇게 말할까?”를 기준으로 보면 훨씬 자연스러워집니다.","[""日本語"",""文章分析"",""youtube"",""福留光帆"",""クロちゃん""]",2026-05-21 14:49:34.021137+00,e1848554-ffae-479c-a8cd-4c0d77b7bed2,2026-06-02 16:03:35.010777+00,0,3,0,2026-06-02 16:03:35.010777+00,0,null,null,null,false,null,null,null,null,false,null,null,null,"{""tables"":{""1"":{""rows"":[{""id"":""r1"",""cells"":{""c1"":""마음 편히 노력할 수 있으려나"",""c2"":""약간 번역체""}},{""id"":""r2"",""cells"":{""c1"":""마음 편히 힘낼 수 있으려나"",""c2"":""자연스러운 대사""}},{""id"":""r3"",""cells"":{""c1"":""마음 편히 살 수 있으려나"",""c2"":""예능감 strongest""}},{""id"":""r4"",""cells"":{""c1"":""편하게 버틸 수 있으려나"",""c2"":""현실감 있음""}},{""id"":""r5"",""cells"":{""c1"":""덜 힘들려나"",""c2"":""친한 티키타카""}}],""columns"":[{""id"":""c1"",""label"":""번역""},{""id"":""c2"",""label"":""느낌""}]}}}",[],"[{""id"":""118e7bb1-8b13-4339-99b4-a76f24e29821"",""url"":""https://youtu.be/yYh5D9cW-JQ?si=_PGrOGde4Vriexz1"",""image"":""https://img.youtube.com/vi/yYh5D9cW-JQ/hqdefault.jpg"",""title"":""YouTube Video"",""siteName"":""YouTube"",""description"":null}]",null,null
c7625bee-4dd3-4391-a3e6-ca057fb88579,ヒスればいいんだよ,"출처

[[link:a5b555cd-9eba-443a-9c34-c42fc438c07f]]

상황

차타고 이동하면서 고민상담을 주변스태프와 하는상황

사용예시

福留光帆：何で結婚したいのそもそも？
후쿠토메미츠호 : 애초에 왜 결혼하고싶은건데?

渡辺マネージャー：周りがとかじゃないですもんね。
와타나베매니저 : 주변때문은 아니고요...

福留光帆：結婚、そうだ。周りがするからやるみたいなそういうことじゃないですよ。周りに言われるから結婚する？そういうことですか？
후쿠토메미츠호 : 결혼, 그래 남들 다 하니까 한다는 느낌인거잖아. 주변에서 뭐라하니까 결혼한다는거지?

渡辺マネージャー：意識をするんですからね。なんかその周りがそういう圧がかかるんですよね。
와타나베매니저 : 아무래도 의식을하게되죠. 뭔가 그 주변에서 그런 압박이 들어오니까요.

福留光帆：じゃじゃじゃ悩み解決をしましょう。根本的にまだ結婚したくないでしょう？周りがうるさいから結婚しなきゃいけないかんじでしょ？じゃ、清司結婚は？とか言われたら、ヒスればいいんだよ。
후쿠토메미츠호 : 자 그럼 고민해결을해보자. 근본적으로 아직 결혼하고싶지않은거잖아? 주변에서 뭐라하니까 결혼해야한다는 느낌인거잖아? 그럼 세이지, 결혼은? 하고 물어본다면 짜증내버리면돼.

문장분석

이 대화는 단순히 “결혼하고 싶다” 상담이 아니라:

사실 본인은 아직 결혼이 그렇게 절실하지 않은데
주변 압박 때문에 결혼을 의식하게 되는 상황

을 후쿠토메가 간파하고 풀어주는 흐름입니다.

전체 흐름 분석
1️⃣ 문제 제기
福留光帆

何で結婚したいのそもそも？

애초에 왜 결혼하고 싶은 건데?

여기서 이미 후쿠토메는:

진짜 본심인지
사회적 압박인지

구분하려고 들어갑니다.

2️⃣ 매니저의 본심
渡辺マネージャー

周りがとかじゃないですもんね。

이건 완성형으로 풀면:

周りが結婚してるから、とかじゃないですもんね。

혹은 더 정확한 뉘앙스로는:

いや、でも結局周りの影響はありますよね…

중간 감정 상태에 가까워요.

즉:

완전히 자기 의지도 아니고
완전히 타인 때문도 아닌

애매한 상태.

3️⃣ 후쿠토메가 논리 정리해줌

여기서 중요한 부분:

福留光帆

周りに言われるから結婚する？そういうことですか？

이건 거의 상담사가 핵심 찌르는 느낌입니다.

직역:

주변에서 뭐라 하니까 결혼하는 거예요?

자연스럽게:

남들이 자꾸 뭐라 해서 결혼하려는 거예요?

여기서 후쿠토메가 하고 싶은 말

핵심은:

“그건 네 진짜 욕구가 아니잖아.”

입니다.

4️⃣ 매니저의 인정
渡辺マネージャー

意識をするんですからね

이건:

아무래도 의식하게 되거든요…

즉:

나이
주변 결혼
사회 분위기
가족 압박

때문에 신경 쓰인다는 의미.

「庄がかかる」

아마 오타/청취 문제로 보이고
실제로는:

圧がかかる（압박이 들어온다）
焦りがかかる
プレッシャーがかかる

계열일 가능성이 높습니다.

문맥상:

주변 분위기 압박이 들어온다

가 자연스러워요.

5️⃣ 후쿠토메의 결론
根本的にまだ結婚したくないでしょう？

이거 진짜 핵심입니다.

직역:

근본적으로 아직 결혼하고 싶지 않은 거잖아?

즉 후쿠토메 판단은:

“결혼 자체를 원하는 상태가 아니다”
“사회 압박 때문에 흔들리는 중이다”

라는 것.

마지막 조언 부분
周りがうるさいから結婚しなきゃいけない感じでしょ？

주변이 시끄러우니까 결혼해야 할 것 같은 느낌인 거잖아?

이거 완전 일본 사회 압박 묘사입니다.

특히:

친척
부모
회사
친구들

이:

結婚は？
まだ？
子供は？

계속 물어보는 문화.

「ヒスればいいんだよ」

이 부분 재밌습니다 ㅋㅋ

ヒスる

= 히스테리 부리다
= 짜증 폭발하다
= 버럭하다

여기서는 진지한 의학 용어가 아니라 예능식 과장 표현.

즉:

그런 말 들으면 그냥 짜증내버려 ㅋㅋ

느낌입니다.

전체를 자연스럽게 번역하면
한국어 현실 회화 느낌

후쿠토메:
근데 애초에 왜 결혼하고 싶은 건데?

매니저:
음… 막 남들 때문만은 아닌데요…

후쿠토메:
아니 그러니까, 주변에서 자꾸 뭐라 하니까 결혼하려는 거예요?

매니저:
아무래도 그런 분위기를 의식하게 되긴 하죠…

후쿠토메:
그럼 고민 해결해줄게.
솔직히 아직 그렇게 결혼하고 싶은 건 아니잖아?
그냥 주변이 시끄러우니까 해야 할 것 같은 거잖아.
누가 “언제 결혼해?” 이러면 그냥 짜증내버려 ㅋㅋ

후쿠토메 화법 특징

이 사람 말투 특징이 엄청 잘 드러납니다.

특징
상대 본심 캐냄
사회적 압박 부숴줌
논리 단순화함
결론 시원하게 냄
예능식 과장 첨가

그래서 듣는 사람 입장에서:

“아 맞네?”

하게 만드는 스타일.

팁

일본 예능/토크에서는
상담처럼 시작했다가 마지막에 일부러 웃기게 끝내는 패턴이 많습니다.

여기서:

ヒスればいいんだよ

도 진짜 해결책이라기보다:

너무 남 눈치 보지 마라
네 감정 우선해라

를 웃기게 표현한 마무리입니다.","[""日本語"",""文章分析"",""youtube"",""福留光帆""]",2026-05-22 14:06:15.948408+00,e1848554-ffae-479c-a8cd-4c0d77b7bed2,2026-05-28 19:36:46.283646+00,0,3,0,2026-05-28 19:36:46.283646+00,0,null,null,null,false,null,null,null,null,false,null,null,null,null,[],"[{""id"":""a5b555cd-9eba-443a-9c34-c42fc438c07f"",""url"":""https://youtu.be/4-D9mZelX0M?si=Fah8dJdt1KzPat9J"",""image"":""https://img.youtube.com/vi/4-D9mZelX0M/hqdefault.jpg"",""title"":""YouTube Video"",""siteName"":""YouTube"",""description"":null}]",null,null
69f4dc68-1833-4fa0-a4bd-da102f0e16d2,カモメ,"출처

[[link:019f9082-23f6-4ef9-9782-69c28d6fb819]]

상황

이케쨩이 페리를 타고 가까운 섬여행을 떠나기위해 가면서 하는말

사용예시

天気が観光の満足度を決める。
날씨가 관광만족도를 결정합니다.

そしてこの30分の間にカモメが運が良ければ寄ってくるんですけど今日はほとんど見当たりません。
그리고 이 30분 사이에 운이 좋으면 갈매기가 다가오는데 오늘은 거의 안 보입니다.

문장분석

문장 1 분석

天気が観光の満足度を決める。
てんき が かんこう の まんぞくど を きめる

직역하면:

날씨가 관광의 만족도를 결정한다

자연스러운 한국어 번역:

여행 만족도는 날씨가 좌우한다
날씨가 관광 만족도를 결정한다

사용자가 적은 번역:

날씨가 관광만족도를 사라지게한다

는 의미가 조금 달라집니다.
여기서 決める(きめる) 는 “결정하다”, “좌우하다”라는 뜻이지 “사라지게 하다”는 아닙니다.

문법 구조
[[table:1]]


즉 구조는:

날씨가 + 관광 만족도를 + 결정한다

입니다.

표현 포인트

일본어에서:

AがBを決める

는 아주 자주 쓰는 패턴입니다.

예시:

第一印象が勝負を決める
→ 첫인상이 승부를 결정한다
天気が旅行の楽しさを決める
→ 날씨가 여행의 즐거움을 좌우한다
팁

일본어의 「決める」는 한국어의 “정하다”보다 범위가 넓습니다.

상황에 따라:

결정하다
좌우하다
정하다
판가름하다

등으로 자연스럽게 번역됩니다.

문장 2 분석

そしてこの30分の間にカモメが運が良ければ寄ってくるんですけど今日はほとんど見当たりません。

조금 길어서 끊어보겠습니다.

1단계 분해
부분	의미
そして	그리고
この30分の間に	이 30분 동안에
カモメが	갈매기가
運が良ければ	운이 좋으면
寄ってくる	가까이 다가온다
んですけど	~인데요 / 그런데
今日は	오늘은
ほとんど	거의
見当たりません	보이지 않습니다
자연스러운 해석

그리고 이 30분 동안 운이 좋으면 갈매기들이 가까이 오기도 하는데, 오늘은 거의 보이지 않네요.

또는

보통은 이 30분 사이에 운이 좋으면 갈매기가 다가오는데 오늘은 거의 안 보입니다.

핵심 표현 분석
① 運が良ければ

운이 좋다면 / 운이 좋으면

구조
運 = 운
が = 주격조사
良ければ = 좋다면(가정형)

즉:

“운이 좋으면”

② 寄ってくる

이 표현이 중요합니다.

寄る
들르다
가까이 오다
～てくる

“이쪽으로 다가오는 느낌”

그래서:

寄ってくる（よってくる）
= 가까이 다가오다
= 이쪽으로 오다

갈매기가 배 근처로 날아오는 장면을 떠올리면 됩니다.

③ 見当たりません

원형:

見当たる

뜻:

눈에 띄다
발견되다
보이다

부정형:

見当たりません
→ 보이지 않습니다
→ 눈에 띄지 않습니다
전체 뉘앙스

이케쨩은 페리를 타고 섬으로 가면서:

보통은 갈매기가 가까이 오는데
오늘은 별로 안 보인다고
아쉬워하는 느낌

으로 말하고 있습니다.

약간 여행 브이로그 느낌의 담백한 회화체입니다.

실제 원문은:

30분 동안 운 좋으면 갈매기가 다가오는데 오늘은 거의 안 보인다

라는 의미입니다.

전체 자연 번역

두 문장을 연결하면:

날씨가 여행 만족도를 좌우한다. 그리고 이 30분 동안 운이 좋으면 갈매기들이 가까이 오기도 하는데, 오늘은 거의 안 보이네요.

팁

일본어 듣기에서:

「んですけど」
「見当たりません」
「寄ってくる」

같은 표현은 빨리 말하면 잘 안 들립니다.

특히:

寄ってくる → よってくる
見当たりません → みあたりません

은 통째로 익히는 게 좋습니다.

회화에서는 단어 하나씩보다 “덩어리”로 기억하는 게 훨씬 잘 들립니다.","[""日本語"",""文章分析"",""youtube"",""いけちゃん""]",2026-05-23 13:04:00.316873+00,e1848554-ffae-479c-a8cd-4c0d77b7bed2,2026-06-04 01:03:15.274224+00,0,7,0,2026-06-04 01:03:15.274224+00,0,null,null,null,false,null,null,null,null,false,null,null,null,"{""tables"":{""1"":{""rows"":[{""id"":""r1"",""cells"":{""c1"":""天気"",""c2"":""주어"",""c3"":""날씨""}},{""id"":""r2"",""cells"":{""c1"":""が"",""c2"":""주격 조사"",""c3"":""~가""}},{""id"":""r3"",""cells"":{""c1"":""観光"",""c2"":""명사"",""c3"":""관광""}},{""id"":""r4"",""cells"":{""c1"":""の"",""c2"":""연결 조사"",""c3"":""~의""}},{""id"":""r5"",""cells"":{""c1"":""満足度"",""c2"":""명사"",""c3"":""만족도""}},{""id"":""r6"",""cells"":{""c1"":""を"",""c2"":""목적격 조사"",""c3"":""~을""}},{""id"":""r7"",""cells"":{""c1"":""決める"",""c2"":""동사"",""c3"":""결정하다""}}],""columns"":[{""id"":""c1"",""label"":""일본어""},{""id"":""c2"",""label"":""역할""},{""id"":""c3"",""label"":""의미""}]}}}",[],"[{""id"":""019f9082-23f6-4ef9-9782-69c28d6fb819"",""url"":""https://youtu.be/fV6We2o5-gA?si=Q_TI_8a0b3oSIMOW"",""image"":""https://img.youtube.com/vi/fV6We2o5-gA/hqdefault.jpg"",""title"":""YouTube Video"",""siteName"":""YouTube"",""description"":null}]",null,null
6a2d534a-767b-4a56-9237-cdaafa1cad82,5월3주차 증상과 감정기록,"1. 현재 상태

● 약을 먹고 나서는 극심한 불안과 숨 막히는 느낌은 어느 정도 내려오는 느낌이 있음
● 하지만 답답함, 꽉 막힌 느낌, 긴장감은 완전히 사라지지 않음
● 손 떨림, 다리 떨림, 숨쉬기 어려운 느낌이 남아 있음
● 특히 낯설거나 불편한 사람을 만나면 몸이 강하게 경직됨
● 상황이 끝나도 긴장이 바로 풀리지 않고 오래 지속됨
● 전화벨, 카톡 알림, 저장 안 된 번호만 봐도 긴장 반응이 올라옴
● 그래서 휴대폰은 대부분 무음으로 사용하고, 저장되지 않은 번호는 받지 않음

2. 사회적 상황에서 느끼는 어려움

● 병원에서도 고민을 물어보면 바로 말이 안 나옴
● 사람 앞에서는 머리가 하얘지고 말이 막힘
● 텍스트나 기록으로는 정리가 가능하지만 실시간 대화는 어려움
● 가족에게는 이전보다 힘든 점을 표현할 수 있게 되었고, 감정 기록도 보여줄 수 있게 됨
● 하지만 낯선 사람이나 불편한 상황에서는 여전히 말이 잘 안 나옴
● 의지할 수 있는 사람이 있으면 조금 더 말이 나오는 느낌이 있음

3. 5월 동안 있었던 일들과 영향

이번 달은 평소보다 사회적 긴장 상황이 매우 많았음

● 할머니 병원 관련 일정
● 동생 결혼식
● 가족 및 친척 만남
● Okinawa 여행
● 삼촌 만남
● 동생 부부와 마지막 만남
● 동생의 Canada 워킹홀리데이 준비

이런 일정들이 계속 이어지면서 몸의 긴장이 크게 올라간 느낌이 있었음

4. 약 복용 관련 경험

● 병원에서 AI 대화 내용과 감정 정리 내용을 보여준 적 있음
● 이후 약 성분이 바뀐 것 같음
● 의사는 “기분 좋아지는 약”이라고 설명했고, 약사는 “강도가 세졌다”고 설명함
● 오키나와 여행과 병원 일정이 겹치면서 약을 약 4일 정도 먹지 못함
● 그 이후:
-> 숨쉬기 힘듦
-> 손 떨림
-> 잠들기 어려움
-> 긴장 지속
-> 같은 증상이 심해짐
● 다시 약을 꾸준히 복용하니 증상이 조금씩 내려오는 느낌이 있음

5. 스스로 생각하는 원인

● 특정 사건 하나 때문이라기보다는 원래 예민하고 민감한 성향이 큰 것 같다고 느낌
● 작은 일도 크게 받아들이는 편이고, 긴장이 오래 지속됨
● 거기에:
-> 반복된 실패 경험
-> 사회적 위축
-> “남들은 다 하는데 나는 못한다”는 감각
-> 알바/취업에서의 어려움
등이 장기간 누적된 영향도 있는 것 같음

6. 현재 느끼는 현실적인 문제

● 지금 상태로는 일반적인 취업이나 단체생활은 힘들 것 같다고 느낌
● 집 구하기, 전화 문의, 질문하기 같은 기본적인 사회 기능도 큰 부담으로 느껴짐
● 회사 생활은 성향상 맞지 않는다고 느낌
● 하지만 프리랜서나 1인 개발자도 결국:
-> 이메일
-> 문자
-> 톡
-> 전화
-> 문의 대응
같은 최소한의 소통은 필요하다고 생각함

● 그래서 현재 목표는:
-> 완벽한 사회성이 아니라
-> 기본적인 생활과 업무 소통이 가능한 수준까지 회복하는 것

7. 앞으로의 방향

현재 생각하는 방향은:

● 근로능력평가를 받아 수급비로 기본 생활 유지
● 상담과 병원 치료 지속
● 약 꾸준히 복용
● 감정 기록 계속하기
● 개발 공부 및 개인 프로젝트 진행
● 일본어 공부 지속
● 가족과는 말이나 텍스트로 계속 소통 유지

8. 개발과 공부에 대한 생각
● 개발은 다시 기초로 돌아가:
-> 바닐라 JS
-> CRUD 구현
->함수 단위 분석
등을 다시 공부하고 있음
● 단순 암기보다:
-> 맥락
-> 패턴
-> 실제 사용 경험
중심으로 배우는 방식을 선호함
● 영어/일본어도:
-> 한국어 뜻 암기보다
-> 단어 자체가 이미지와 상황으로 연결되는 방식이 중요하다고 느낌
● 필요한 건 직접 만들어 쓰는 방향으로 개발하고 있음
● 만든 서비스(시오리)는 아직 혼자만 사용 중이며 공개와 홍보는 긴장 때문에 어려움이 큼

9. 환경과 삶에 대한 생각
● Fukuoka 같은 도시를 좋아하는 이유는:
-> 조용함
-> 규칙성
-> 적당한 도시 규모
-> 적당한 사람 수
-> 생활 리듬
같은 부분 때문이라고 느낌
● 한국 사회는:
-> 빠른 결과
-> 비교
-> 경쟁
-> 즉각적인 반응
을 너무 강하게 요구한다고 느낌
● 본인은 천천히 깊게 고민하고 구조를 이해하면서 가는 스타일이라 현재 환경과 충돌이 큰 것 같다고 느낌

10. 현재 목표
● 완벽한 “정상 사회성”보다는:
-> 기본적인 생활 유지
-> 최소한의 사회 기능 회복
-> 긴장 완화
-> 필요한 소통 가능 수준
을 목표로 하고 있음
● 장기적으로는:
-> 혼자 작업 가능한 형태
-> 프리랜서/1인 개발
-> 텍스트 중심 소통
방향이 성향에 더 맞는 것 같다고 느낌","[""감정기록"",""증상"",""목표"",""방향""]",2026-05-23 13:45:41.502105+00,e1848554-ffae-479c-a8cd-4c0d77b7bed2,2026-05-29 06:30:15.346792+00,0,18,0,2026-05-29 06:30:15.346792+00,0,null,null,null,false,null,null,null,null,false,null,null,null,null,[],[],null,null
72e662e6-d291-4b81-920b-0e29eda96e4c,jane doe,"MV

[[link:1d6f2d7f-0714-4ab4-8f00-c0c44fa50741]]

JANEDOE 歌詞 (米津 玄師 / 宇多田ヒカル / All)

まるでこの世界で二人だけみたいだね
마루데 코노 세카이데 후타리다케 미타이다네
마치 이 세상에 우리 둘뿐인 것 같아

なんて少しだけ夢をみてしまっただけ
난테 스코시다케 유메오 미테시맛타다케
라며 조금 꿈을 꾸고 말았을 뿐이야


つま先に月明かり
츠마사키니 츠키아카리
발끝에 달빛

花束の香り
하나타바노 카오리
꽃다발의 향기

指に触れる指
유비니 후레루 유비
손가락과 손가락이 맞닿아


さよなら もう行かなきゃ
사요나라 모-이카나캬
안녕, 이제 가야만 해

何もかも忘れて
나니모카모 와스레테
모두 다 잊어버려


硝子の上を裸足のまま歩く
가라스노 우에오 하다시노마마 아루쿠
유리 위를 맨발인 채로 걸어가

痛むごとに血が流れて落ちていく
이타무 고토니 치가 나가레테 오치테이쿠
아플 때마다 피가 흘러 내려가

お願い その赤い足跡を辿って
오네가이 소노 아카이 아시아토오 타돗테
부탁이야, 그 붉은 발자국을 따라서

会いにきて
아이니 키테
만나러 와줘


錆びたプールに放たれていく金魚
사비타 푸-루니 하나타레테이쿠 킨교
녹슨 수영장에 풀려나는 금붕어

靴箱の中隠した林檎
쿠츠바코노 나카 카쿠시타 링고
신발장 속에 숨겨둔 사과

萎びた君の肌に残る傷跡
시나비타 키미노 하다니 노코루 키즈아토
쭈그러든 너의 피부에 남은 흉터

犬のように泳いだ迷子
이누노 요-니 오요이다 마이고
개처럼 헤엄친 미아


どこにいるの (ここにいるよ)
도코니 이루노 (코코니 이루요)
어디 있어? (여기 있어)

何をしているの (ずっと見てるよ)
나니오 시테루노 (즛토 미테루요)
뭐 하고 있어? (계속 보고 있어)

この世を間違いで満たそう
코노 요오 마치가이데 미타소-
이 세상을 틀린 것으로 채워버리자

側にいてよ 遊びに行こうよ
소바니 이테요 아소비니 이코-요
곁에 있어 줘, 놀러 가자

どこにいるの
도코니 이루노
어디에 있는 거야?


硝子の上を裸足のまま歩く
가라스노 우에오 하다시노마마 아루쿠
유리 위를 맨발인 채로 걸어가

痛むごとに血が流れて落ちていく
이타무 고토니 치가 나가레테 오치테이쿠
아플 때마다 피가 흘러 내려가

お願い その赤い足跡を辿って
오네가이 소노 아카이 아시아토오 타돗테
부탁이야, 그 붉은 발자국을 따라서

会いにきて
아이니 키테
만나러 와줘


まるでこの世界で二人だけみたいだね
마루데 코노 세카이데 후타리다케 미타이다네
마치 이 세상에 우리 둘뿐인 것 같아

なんて少しだけ夢をみてしまっただけ
난테 스코시다케 유메오 미테시맛타다케
라며 조금 꿈을 꾸고 말았을 뿐이야",[],2026-05-24 14:40:59.25873+00,e1848554-ffae-479c-a8cd-4c0d77b7bed2,2026-05-29 06:20:28.998234+00,0,5,0,2026-05-29 06:20:28.998234+00,0,null,null,null,false,null,null,null,null,false,null,null,null,null,[],"[{""id"":""1d6f2d7f-0714-4ab4-8f00-c0c44fa50741"",""url"":""https://youtu.be/sPLqsLsooJY?si=ngRxh2jTrhGGdwpL"",""image"":""https://img.youtube.com/vi/sPLqsLsooJY/hqdefault.jpg"",""title"":""YouTube Video"",""siteName"":""YouTube"",""description"":null}]",null,null
6f17c911-e014-4db0-831f-92dee54528f5,錆びたプールに放たれていく金魚,"● 출처

jane doe 가사중

● 사용예시

錆びたプールに放たれていく金魚

● 문장분석

이 문장은 문법 자체는 어렵지 않은데, 노래 가사 특유의 이미지 표현 + 일본어 특유의 생략 때문에 직역하면 오히려 감이 안 오는 타입입니다.

1. 가사를 하나씩 보면:

錆びたプールに放たれていく金魚
사비타 푸-루니 하나타레테이쿠 킨교

2. 직역하면:

녹슨 수영장에 놓여져 가는 금붕어
혹은
녹슨 수영장에 풀려나는 금붕어

정도예요.

3. 단어별 분석

3-1. 錆びた（さびた / sabita）
녹슨
錆びる = 녹슬다

여기서는 오래 방치된 폐허 같은 이미지가 강합니다.

3-2. プール
수영장

일본 노래에서 종종

버려진 학교 수영장
낡은 여름 풍경
청춘의 잔해

같은 이미지로 자주 쓰여요.

3-3. に
~에

장소 표시.

3-4. 放たれていく（はなたれていく）

여기가 핵심입니다.

원형:

放つ（はなつ）

뜻:

놓아주다
풀어놓다
해방하다
내던지다
발사하다

수동형:

放たれる
= 놓여지다 / 풀려나다

그리고:

～ていく
= 점점 그렇게 되어 간다
= 멀어져 간다
= 변화가 이어진다

즉:

放たれていく
→ 풀려나 가다
→ 놓여져 가다
→ 어딘가로 방출되어 간다

같은 느낌.

4. 왜 한국어로 보면 어색할까?

한국어는 보통:

“금붕어를 수영장에 풀어놓는다”
처럼 말하지,

“금붕어가 풀려나간다”
라는 수동적 표현을 감성적으로 잘 안 쓰거든요.

5. 근데 일본 노래 가사는:

상태 변화
장면 묘사
수동형 감정 표현

을 굉장히 많이 씁니다.

그래서 직역하면 한국어 감각에선 약간 붕 뜹니다.

6. 이 장면의 이미지

이 문장은 사실 의미보다도 장면 이미지가 중요해요.

6-1. 상상하면:

녹슬고 버려진 수영장
거기에 작은 금붕어들이 풀려남
어울리지 않는 공간
불안하고 쓸쓸한 분위기
생명체가 낯선 곳으로 흘러감

이런 감정이 핵심입니다.

6-2. 금붕어 자체도 일본 문화에서:

연약함
좁은 세계
관상용 존재
덧없는 생명

같은 이미지가 강하고요.

6-3. 자연스럽게 감정 번역하면

직역보다 분위기로 번역하면 오히려 이해가 됩니다.

예를 들면:

녹슨 수영장에 흘러 들어가는 금붕어
녹슨 수영장 속으로 풀려나는 금붕어
버려진 수영장에 던져진 금붕어
녹슨 수영장으로 흘러가 버리는 금붕어

이런 쪽이 노래 분위기에 더 가까워요.

7. 왜 들을 때는 어려운데 가사 보면 쉬워 보일까?

이건 일본 노래 듣기에서 정말 흔한 현상입니다.

이유가 몇 가지 있어요.

7-1. 일본어 노래는 발음이 많이 뭉개짐

특히 요네즈 켄시 같은 스타일은:

숨 섞인 발음
음절 압축
리듬 우선

이라서 실제 발음이 교과서랑 달라집니다.

예:

放たれていく
→ 하나타레테이쿠
가 아니라 거의
→ 하나타레테く
→ 하나타레てぃく
처럼 들리기도 함.
7-2. 가사는 문법보다 이미지로 이해해야 함

회화는:

정보 전달

노래는:

감정 전달

이라서 문법 해석만 하면 오히려 안 와닿는 경우가 많아요.

7-3. 일본 가사는 주어 생략이 극단적

누가:

풀었는지
왜 풀렸는지
무엇의 비유인지

안 나오는 경우가 많습니다.

그래서 듣는 사람이 감정을 채워 넣어야 해요.

7-4. 요네즈 켄시 가사의 특징

Kenshi Yonezu 가사는 특히:

추상적 이미지
불안한 풍경
생물 비유
폐허 이미지

를 많이 씁니다.

그래서 “뜻”보다:

장면
색감
공기감

으로 받아들이면 훨씬 이해가 잘 됩니다.

팁

7-5. 일본 노래 가사는 “정확한 번역”보다 아래 순서로 보면 이해가 빨라집니다.

장면 상상
감정 분위기 파악
핵심 동사 확인
마지막에 직역 보기

이 순서가 훨씬 자연스럽습니다.

특히:

요네즈 켄시
요루시카
아도
즛토마요

같은 가수들은 거의 시 읽듯이 접근하는 게 좋아요.","[""日本語"",""文章分析"",""歌"",""詞歌"",""米津玄師""]",2026-05-24 14:58:07.872783+00,e1848554-ffae-479c-a8cd-4c0d77b7bed2,2026-05-29 06:32:23.848685+00,0,5,0,2026-05-29 06:32:23.848685+00,0,null,null,null,false,null,null,null,null,false,null,null,null,null,[],[],null,null
04e13fa2-b04d-48ee-b690-fa86fda1997b,お気遣い（おきづかい）,"출처

[[link:97794a17-dbe2-4068-83c5-94f7ce6e095d]]

상황

飲み会のり하기전 인사하는상황

사용예시

ニシダ（ラランド）：緊張せずに。。。
니시다 :  긴장하지마세요.

雛岡まふゆ：はい。ありがとうございます。お気遣い。
히나오카마후유 : 네. 감사합니다 신경써주셔서.

문장분석

네, 이 대사는 일본어 회식(飲み会)이나 처음 만나는 자리에서 자주 나오는 아주 자연스러운 표현입니다.
문장을 하나씩 분석해볼게요.

원문

にしだ：緊張せずに。。。
雛岡まふゆ：はい。ありがとうございます。お気遣い。

1. にしだ：緊張せずに。。。
직역

“긴장하지 말고…”
“너무 긴장하지 마세요…”

문법 분석
緊張（きんちょう）

긴장

せずに

「する」의 부정 연결형

する → せずに
뜻:
~하지 말고
~하지 않은 채
~하지 않아도 되고

여기서는 부드럽게 상대를 배려하는 표현입니다.

즉:

緊張せずに
= 긴장하지 마세요
= 편하게 계세요

정도로 이해하면 됩니다.

일본인은 직접적으로 명령형을 잘 안 쓰기 때문에
끝을 흐리면서 부드럽게 말하는 경우가 많습니다.

자연스러운 뉘앙스

이건 사실상:

“편하게 하세요”
“부담 갖지 마세요”
“긴장 안 하셔도 돼요”

같은 느낌입니다.

2. 雛岡まふゆ：はい。ありがとうございます。お気遣い。

여기서 마지막이 핵심인데, 실제로는 보통:

お気遣いありがとうございます
お気遣い感謝します
お気遣いすみません

등이 생략된 형태일 가능성이 큽니다.

회화에서는 끝을 줄이는 경우가 많거든요.

お気遣い 분석
気遣い（きづかい）

배려
신경 써줌

お〜

존경/공손 표현

그래서:

お気遣い

= 배려해주셔서
= 신경 써주셔서

라는 의미입니다.

전체 해석
자연스럽게 번역하면
니시다

너무 긴장하지 마세요~

마후유

네. 감사합니다. 배려해주셔서요.

또는 더 자연스럽게:

네, 감사합니다. 신경 써주셔서 감사해요.

왜 뒤가 어색하게 느껴졌나?

일본어는 회화에서 자주 생략합니다.

원래는 아마 이런 형태일 가능성이 큽니다.

お気遣いありがとうございます
お気遣いありがとうございます、助かります
お気遣い感謝します

근데 회화톤이라 짧게:

お気遣い。

만 남긴 거예요.

한국어로도 비슷합니다.

“배려 감사합니다.”
→
“배려까지 해주시고…”

처럼 줄이는 느낌.

이 장면의 인간관계 뉘앙스

이 대화는 꽤 공손한 분위기입니다.

특히:

첫 회식
아직 안 친함
선배/상사 느낌
처음 자리

같은 상황에서 많이 나옵니다.

마후유가 꽤 예의 있게 답한 느낌이에요.

비슷한 일본어 표현들
일본어	의미
緊張しないでください	긴장하지 마세요
気楽にどうぞ	편하게 하세요
お気遣いありがとうございます	배려 감사해요
ご配慮ありがとうございます	신경 써주셔서 감사합니다
팁

일본어에서 「お気遣い」는 굉장히 자주 나오는 “사회적 배려 표현”입니다.

특히:

회사
회식
면접
첫 만남
서비스업

등에서 많이 사용됩니다.

한국어의:

“신경 써주셔서 감사합니다”
“배려 감사합니다”

와 거의 대응됩니다.","[""日本語"",""単語"",""文章分析"",""youtube"",""ノブロックtv"",""二瓶有価"",""東条澪"",""ニシダ"",""雛岡まふゆ""]",2026-05-25 04:43:36.249905+00,e1848554-ffae-479c-a8cd-4c0d77b7bed2,2026-05-25 04:49:59.942198+00,0,1,0,2026-05-25 04:49:59.942198+00,0,null,null,null,false,null,null,null,null,false,null,null,null,null,[],"[{""id"":""97794a17-dbe2-4068-83c5-94f7ce6e095d"",""url"":""https://youtu.be/ul9lxtj-8es?si=hAoPMlRhNVNt9aAR"",""image"":""https://img.youtube.com/vi/ul9lxtj-8es/hqdefault.jpg"",""title"":""YouTube Video"",""siteName"":""YouTube"",""description"":null}]",null,null
998318d0-51c0-4e0c-ab9c-d34d6da0b131,メモしてる VS メモってる,"출처

[[link:8be259c1-22b3-4a56-be64-dc1353fa6f9c]]

● 요약

네, 둘 다 의미는 거의 같지만 뉘앙스와 사용감이 조금 다릅니다.
일본어 회화에서는 이런 축약형 차이가 “캐릭터 느낌”까지 바꾸는 경우가 많아요.

● 기본 의미

[[table:1]]

● 둘 다 결국:

“메모하고 있어”

라는 뜻입니다.

● 핵심 차이

1. メモしてる → 일반적이고 무난함

이건 그냥:

메모를 하고 있다
기록하고 있다

를 자연스럽게 말하는 표현입니다.

○ 특징

표준적
무난함
누구나 사용 가능
설명 느낌

○ 예문

今メモしてる
→ 지금 메모하고 있어
大事だからメモしてる
→ 중요해서 메모 중이야

굉장히 자연스럽고 보편적입니다.

2. メモってる → 구어체 + 캐주얼 + 약간 젊은 느낌

이건 「メモる」라는 동사를 사용한 형태입니다.

○ メモる란?

명사 メモ를 동사처럼 만든 것.

ググる = 검색하다
サボる = 땡땡이치다
ダブる = 겹치다
メモる = 메모하다

즉 일본어 특유의 “명사 동사화 슬랭”입니다.

○  メモってる의 느낌

말이 가벼움
친구 느낌
학생 느낌
인터넷/일상 회화 느낌
좀 더 생동감 있음

○ 예문

ちゃんとメモってる？
→ 제대로 메모하고 있어?
授業中ずっとメモってた
→ 수업 내내 메모하고 있었어

● 뉘앙스 비교

1. メモしてる

객관적 / 설명적 / 무난

느낌:

“메모하고 있다.”

2. メモってる

생활감 / 구어체 / 친근함

느낌:

“막 적고 있음ㅋㅋ”

● 실제 일본인 체감 차이

일본인 입장에서는:

표현	느낌
メモしてる	평범
メモってる	좀 더 캐주얼
メモしております	비즈니스

정도로 느낍니다.

엄청 큰 차이는 아니지만, 캐릭터성은 달라져요.

● 애니/드라마에서의 차이

조용하고 차분한 캐릭터

→ メモしてる

활발하거나 학생 느낌

→ メモってる

를 더 많이 씁니다.

● 추가로 중요한 포인트

メモる는 약간 “행동감”이 강함

예를 들면:

メモしてる

“메모 중이다”

メモってる

“슥슥 적고 있다”
“열심히 받아적고 있다”

같은 현장감이 조금 더 있습니다.

● 팁

일본어의 「〜る」 슬랭 동사는 회화에서 매우 중요합니다.

대표적으로:

표현	의미
ググる	구글 검색하다
ディスる	까다/비난하다
パクる	베끼다
サボる	땡땡이치다
メモる	메모하다

이런 표현은 일본 젊은 층 회화 이해에 필수입니다.","[""日本語"",""単語"",""youtube"",""ノブロックtv"",""二瓶有価"",""東条澪"",""雛岡まふゆ"",""ニシダ""]",2026-05-25 05:12:58.054866+00,e1848554-ffae-479c-a8cd-4c0d77b7bed2,2026-06-13 16:11:45.44264+00,0,3,0,2026-06-13 16:11:45.44264+00,0,null,null,null,false,null,null,null,null,false,null,null,null,"{""tables"":{""1"":{""rows"":[{""id"":""r1"",""cells"":{""c1"":""メモしてる"",""c2"":""メモしている"",""c3"":""메모하고 있다""}},{""id"":""r2"",""cells"":{""c1"":""メモってる"",""c2"":""メモる＋てる"",""c3"":""메모 중이다""}}],""columns"":[{""id"":""c1"",""label"":""표현""},{""id"":""c2"",""label"":""원형""},{""id"":""c3"",""label"":""의미""}]}}}",[],"[{""id"":""8be259c1-22b3-4a56-be64-dc1353fa6f9c"",""url"":""https://youtu.be/ul9lxtj-8es?si=xr7Z71Lg4eI7JGoE"",""image"":""https://img.youtube.com/vi/ul9lxtj-8es/hqdefault.jpg"",""title"":""YouTube Video"",""siteName"":""YouTube"",""description"":null}]",null,null
b91244b3-f930-4984-8822-6173ae32a4e5,ボディタッチで肩を組み合うの…,"# 출처

[[link:a3e6f85e-63f5-4452-b8ef-5accfba9921d]]

# 상황

【小声女子会】에서 熊元プロレス (쿠마모토 프로레슬링 / 인물명) 이야기주제를 말하는상황

# 사용예시

大きな声では言えないことも小声なら…熊元プロレスが語る一番ドキドキするボディタッチとは…！？
큰 소리로 말할 수 없는 것도 작은 목소리라면... 구마모토 프로레슬링이 말하는 가장 두근거리는 바디 터치란...!?

大きい声で言えないんですけど…
큰 소리로 말할 수는 없는데요...

ボディタッチで肩を組み合うの…
바디 터치로 어깨동무하는 거...

一番ドキドキしませんか？
가장 두근거리지 않나요?

# 문장분석

이 문장은 일본 예능/토크 분위기에서 자주 나오는 “은근히 설레는 이야기” 느낌의 표현이에요.
하나씩 자연스럽게 분석해볼게요.

# 문장 전체 흐름

大きい声で言えないんですけど…
ボディタッチで肩を組み合うの…
一番ドキドキしませんか？

직역보다는 자연스럽게 하면:

“큰 소리로는 말 못 하겠는데…
바디 터치 중에서 서로 어깨동무하는 거…
그게 제일 두근거리지 않아요?”

1. 大きい声で言えないんですけど…

1-1. 구조 분석

● 大きい声（おおきいこえ）
→ 큰 목소리

● で
→ ~로 / ~으로

● 言えない
→ 말할 수 없다
→ 言う(말하다)의 가능형

● んですけど
→ 설명 + 부드러운 여운
→ “그런데 말이죠…” 느낌

2-2. 자연스러운 해석

● 직역

→ 큰 목소리로는 말할 수 없는데요…

● 뉘앙스

“이거 좀 부끄러운 이야기인데…”
“대놓고 말하긴 좀 그런데…”

같은 느낌입니다.

● 포인트

일본어에서:

○ 〜んですけど
○ 〜なんですけど

는 말을 부드럽게 시작하거나
상대 반응을 기대하는 느낌이 강해요.

● 팁

일본 예능에서는:

○ 大きい声では言えない
○ ここだけの話
○ 内緒なんですけど

같은 표현이 “은밀한 이야기 시작” 분위기를 자주 만듭니다.

2. ボディタッチで肩を組み合うの…

이 부분이 핵심이에요.

2-1. ボディタッチで

● ボディタッチ
→ body touch
→ 스킨십

● で
→ ~중에서 / ~로

○ 여기서는:

“바디 터치 중에서”

느낌입니다.

2-2. 肩を組み合う

● 단어 분석

○ 肩（かた）
→ 어깨

○ 組む（くむ）
→ 짜다 / 끼다 / 팔을 두르다

○ 肩を組む
→ 어깨동무하다

2-4. 組み合う

● 여기서 중요한 건:

○ 組む → 혼자 하는 동작
○ 組み合う → 서로 함께 하는 동작

● 즉:

서로 어깨동무하다
서로 팔을 두르다

느낌입니다.

2-5. の

● 문장 끝의 の는 설명/감탄 느낌.

● 여기서는:

→ “어깨동무하는 거 있잖아요…”

같은 여운이에요.

2-6. 팁

● 일본어의:

○ 〜合う

는 “서로”라는 의미가 자주 들어갑니다.

● 예:

○ 助け合う → 서로 돕다
○ 話し合う → 서로 이야기하다
○ 抱き合う → 서로 껴안다

3. 一番ドキドキしませんか？

3-1. 구조 분석

● 一番（いちばん）
→ 가장

● ドキドキ
→ 두근두근

● しませんか？
→ 하지 않나요?

3-2. ドキドキ

● 심장이 뛰는 의성어예요.

● 상황에 따라:

○ 긴장
○ 설렘
○ 부끄러움

● 모두 가능하지만 여기서는:

○ “설렌다”
○ “심쿵한다”

느낌입니다.

3-3. しませんか？

● 직역:

○ 두근거리지 않습니까?

● 하지만 실제 뉘앙스는:

○ “그거 제일 설레지 않아요?”
○ “그게 은근 심쿵 아니에요?”

입니다.

상대 공감을 유도하는 표현이에요.

4. 전체 뉘앙스 정리

● 이 문장은 단순히 “스킨십” 이야기가 아니라:

○ 은근한 설렘
○ 가까운 거리감
○자연스러운 접촉

● 중에서 특히:

○ “어깨동무가 은근 제일 설렌다”

라는 감정을 말하는 장면입니다.

5. 문법 포인트 요약표

[[table:1]]

●자연스러운 한국어 번역

○ “큰 소리로는 말 못 하겠는데…
○ 스킨십 중에서 서로 어깨동무하는 거…
○ 그게 제일 설레지 않아요?”","[""日本語"",""文章分析"",""youtube"",""abema"",""【小声女子会】"",""福留光帆""]",2026-05-26 07:52:46.066665+00,e1848554-ffae-479c-a8cd-4c0d77b7bed2,2026-05-26 07:58:04.679943+00,0,1,0,2026-05-26 07:58:04.679943+00,0,null,null,null,false,null,null,null,null,false,null,null,null,"{""tables"":{""1"":{""rows"":[{""id"":""r1"",""cells"":{""c1"":""言えない"",""c2"":""말할 수 없다"",""c3"":""가능형""}},{""id"":""r2"",""cells"":{""c1"":""んですけど"",""c2"":""~인데요"",""c3"":""부드러운 여운""}},{""id"":""r3"",""cells"":{""c1"":""肩を組む"",""c2"":""어깨동무하다"",""c3"":""관용 표현""}},{""id"":""r4"",""cells"":{""c1"":""組み合う"",""c2"":""서로 ~하다"",""c3"":""상호 동작""}},{""id"":""r5"",""cells"":{""c1"":""ドキドキする"",""c2"":""두근거리다"",""c3"":""설렘/긴장""}}],""columns"":[{""id"":""c1"",""label"":""표현""},{""id"":""c2"",""label"":""의미""},{""id"":""c3"",""label"":""포인트""}]}}}",[],"[{""id"":""a3e6f85e-63f5-4452-b8ef-5accfba9921d"",""url"":""https://youtu.be/b4w6oe3dnaI?si=nscIhhvdkWKcxMgB"",""image"":""https://img.youtube.com/vi/b4w6oe3dnaI/hqdefault.jpg"",""title"":""YouTube Video"",""siteName"":""YouTube"",""description"":null}]",null,null
d7fa89de-5c02-469c-bcf9-a48df12feb84,家を出る時にズボンを履いていない。,"# 출처

[[link:ad056c81-7fe6-4938-9e7f-26ff08517434]]

# 상황

시쿠지리센세에서 신카와유아가 질문의 답변을 하는상황

# 사용예시

家を出る時にズボンを履いていない。
집에서 나올때 바지를 안입고있었다.

# 문장분석

1. 일본어 문장:

家を出る時にズボンを履いていない

● 를 해석하면:

○ 家を出る時に → 집을 나올 때
○ ズボン → 바지
○ 履いていない → 입고 있지 않다 / 안 입었다

2.  즉 전체 뜻은:

○ 집을 나올 때 바지를 안 입고 있었다
○ 집 나올 때 바지를 안 입었다

라는 의미입니다.

3. 다만 일본어에서는 履く(はく)를 신발·바지·치마처럼 “아래쪽에 착용하는 것”에 사용합니다.

● 예를 들면:

○ ズボンを履く → 바지를 입다
○ 靴を履く → 신발을 신다

● 반면 윗옷은 着る(きる)를 사용합니다.

○ シャツを着る → 셔츠를 입다

4. 자연스러운 한국어 느낌

● 상황에 따라:

○ “집 나오면서 바지를 안 입고 나왔다”
○ “집 나올 때 바지를 안 입은 상태였다”

처럼 번역해도 자연스럽습니다.

● 팁

○ 일본어에서 옷 표현은 착용 위치에 따라 동사가 달라집니다.

[[table:1]]

이걸 구분하면 일본어 회화가 훨씬 자연스러워집니다.","[""日本語"",""文章分析"",""youtube"",""abema"",""しくじり先生"",""新川優愛""]",2026-05-26 08:31:59.051514+00,e1848554-ffae-479c-a8cd-4c0d77b7bed2,null,0,0,0,2026-05-26 08:31:59.051514+00,0,null,null,null,false,null,null,null,null,false,null,null,null,"{""tables"":{""1"":{""rows"":[{""id"":""r1"",""cells"":{""c1"":""着る"",""c2"":""윗옷 입다""}},{""id"":""r2"",""cells"":{""c1"":""履く"",""c2"":""바지·신발 착용""}},{""id"":""r3"",""cells"":{""c1"":""かぶる"",""c2"":""모자 쓰다""}},{""id"":""r4"",""cells"":{""c1"":""する"",""c2"":""액세서리 착용""}}],""columns"":[{""id"":""c1"",""label"":""일본어""},{""id"":""c2"",""label"":""의미""}]}}}",[],"[{""id"":""ad056c81-7fe6-4938-9e7f-26ff08517434"",""url"":""https://youtu.be/6pJmSug4-uU?si=2fkIYZfyRLCI_imN"",""image"":""https://img.youtube.com/vi/6pJmSug4-uU/hqdefault.jpg"",""title"":""YouTube Video"",""siteName"":""YouTube"",""description"":null}]",null,null
f52e3188-4609-4ef4-8f93-df46d53aa074,あわよくば,"# 출처

[[link:1dd4ecb0-8b0f-46df-9cc8-d4b10aff2747]]

# 상황

도박에대해 고정관념을 가진 사람에게 하고싶은말을 대화형식으로 이어가는상황

# 사용예시

福留光帆：「ギャンブル良くない」言う人ってお金が尽きってる人がギャンブルやってるって思いがちじゃないですか？
岡野陽一：あ、なるほど。
福留光帆：本当に少ない金額で借金したとか、そういうイメージが多いって思うんですけど、全然豊をプラスするためにやってることで、ゴルフとかやられます？
岡野陽一：やってない。
福留光帆：ゴルフやってる人って球を飛ばしてるだけじゃないですか？
岡野陽一：そんなことないと思うけど。。。
福留光帆：あれもやるのにお金かかるですから。
岡野陽一：かかる。
福留光帆：でも残るのは筋肉痛とかじゃないですか？
岡野陽一：確かにね。
福留光帆：ボートレースとかはそれと一緒だと思うんですよ。
岡野陽一：わかるよ。本当にそうだね
福留光帆：お金も使って時間も使ってるし、ただ趣味だから、趣味ってお金も無くなるものだしあわよくばお金が増えるかもしれない
岡野陽一：そんな趣味はギャンブルしかないんですね
福留光帆：そうですよ
岡野陽一：っていう熱意がわかったじゃないですか、そのギャンブルに、ギャンブルってなにと言う人に対して言えるんじゃないですか、それと同じこと借金にたいして、ちょっと借金は。。。ってとこなんですけど、実は内部に入るとすごい良いものなんですよ。
福留光帆：内部は。。。
岡野陽一：ギャンブルのようにやってみるとやっぱやってみずになんか言うってやっぱよくないじゃないですか、やらずに言う人間ってどうか思うんですよね、やっぱ。
福留光帆：確かに
岡野陽一：なんかバーって言ってくる人、やってから言いましょうよ。

# 문장분석

1. 전체 대화 흐름 요약

● 이 대화는 단순히 “도박은 좋다/나쁘다”를 말하는 게 아니라,

○ 사람들이 가진 도박에 대한 고정관념
○ 도박을 취미로 보는 시각
○ “직접 해보지도 않고 비판하는 사람들”에 대한 반감
○ 그리고 마지막에는 개그적으로 “빚(借金)”까지 논리를 확장하는 흐름

으로 이어지는 대화예요.

● 특히 일본 예능식 토크 특유의:

○ 과장
○ 역설
○ 일부러 위험한 논리 밀어붙이기
○ 농담 반 진담 반

이 섞여 있습니다.

2. 인물별 핵심 입장

● 福留光帆(후쿠토메 미츠호)

○ 핵심 주장:

“도박을 무조건 인생 망하는 행위로만 보는 건 편견이다.”

○ 그녀는 도박을:

-> 취미
-> 레저
-> 돈 쓰는 활동
-> 심하면 손해 보는 것도 포함된 놀이

정도로 바라봅니다.

○ 그리고:

“골프도 돈 쓰고 남는 건 근육통인데 왜 도박만 욕하냐?”

라는 비교 논리를 사용해요.

○ 즉,

-> 골프 = 돈 쓰는 취미
-> 보트레이스 = 돈 쓰는 취미
-> 차이는 “운 좋으면 돈이 늘 수도 있음”

이라고 보는 관점입니다.

● 岡野陽一(오카노 요이치)

처음에는 약간 태클 걸듯 반응하지만,
후반부에는 일부러 논리를 극단으로 밀어요.

○ 특히:

“그 논리면 빚도 직접 해봐야 안다”

이 부분은 거의 개그적인 반전입니다.

○ 즉:

-> “직접 안 해보고 욕하지 말자”
라는 논리를

-> “그럼 빚도 경험해봐야 평가 가능?”
까지 확대해서 웃기는 흐름을 만든 거예요.

3. 문장별 분석

● 福留光帆：

○ ギャンブル良くない言う人って
お金が尽きってる人がギャンブルやってるって思いがちじゃないですか？

● 해석

○ “도박 안 좋다고 하는 사람들은,
돈 다 떨어진 사람들이 도박한다고 생각하는 경향 있지 않아요?”

● 포인트
○ 思いがち = ~라고 생각하는 경향이 있다
○ ギャンブルする人 = 인생 망한 사람
이라는 사회적 이미지 언급

● 뉘앙스

○ “도박하는 사람 전부를 막장처럼 보는 건 편견 아냐?”

라는 문제제기.

● 福留光帆：

全然豊をプラスするためにやってることで

여기 약간 구어체가 뭉개졌는데,

○ 의미상:

「人生の豊かさをプラスするため」

○ 즉:

“삶의 풍요를 더하기 위해 하는 거다”

라는 뜻으로 보는 게 자연스럽습니다.

○ 의미

도박을:

-> 인생 망치는 행위가 아니라
-> 즐거움/자극/취미 활동

으로 설명.

● 福留光帆：

ゴルフやってる人って球を飛ばしてるだけじゃないですか？

○ 직역

“골프 하는 사람도 공 날리는 것뿐이잖아요?”

○ 실제 의미

골프 자체를 무시하는 게 아니라:

“취미라는 건 원래 실용성 없는 소비다”

라는 비교예요.

● 福留光帆：

でも残るのは筋肉痛とかじゃないですか？

○ 해석

“근데 남는 건 근육통 정도잖아요?”

○ 핵심

취미 활동의 결과는:

-> 돈 소모
-> 피로
-> 만족감

정도인데,
도박도 비슷하다는 논리.

● 福留光帆：

ボートレースとかはそれと一緒だと思うんですよ。

○ 해석

“보트레이스도 그거랑 똑같다고 생각해요.”

○ 의미

보트레이스(경정)를:

-> 사행성
이 아니라
-> 레저/오락
관점으로 보는 것.

● 福留光帆：

趣味ってお金も無くなるものだし
あわよくばお金が増えるかもしれない

○ 핵심 표현

あわよくば

“운 좋으면”
“잘 되면 혹시”

라는 뜻.

○ 전체 의미

“취미는 원래 돈 쓰는 거고,
도박은 운 좋으면 돈이 늘 수도 있다.”

○ 포인트

도박의 위험성보다:

-> 취미성
-> 기대감
-> 재미

에 초점.

4, 가장 중요한 개그 포인트

● 岡野陽一：

そのギャンブルに〜言えるんじゃないですか
それと同じこと借金に対して

○ 해석

“그 논리면 빚에 대해서도 똑같이 말할 수 있지 않아요?”

○ 의미

후쿠토메 논리를 일부러 과장.

● 岡野陽一：

実は内部に入るとすごい良いものなんですよ。

○ 직역

“사실 안으로 들어가 보면 엄청 좋은 거예요.”

○ 실제 의미

당연히 진지하게 빚을 추천하는 게 아니라:

-> 논리 비약
-> 위험한 주장 흉내
-> 블랙코미디

입니다.

● 岡野陽一：

やってみずになんか言うってやっぱよくないじゃないですか

○ 원래는:

경험 없이 비난하지 말자
라는 일반론처럼 들리지만,

○ 앞에 “빚” 얘기가 붙어서 웃긴 상황이 된 거예요.

5. 이 대화의 진짜 핵심

● 이 사람들은 실제로:

○ “도박은 무조건 악”
이라는 사회적 시선에 대해

○ “취미로 즐기는 층도 있다”

를 말하고 있는 겁니다.

● 하지만 동시에:

○ 과장된 논리
○ 위험한 논리 확장
○ 개그식 비틀기

가 계속 들어갑니다.

● 즉 완전 진지한 철학 토론이라기보다:

○ “도박을 취미로 보는 사람들의 감각”을
예능식으로 이야기한 대화

에 가까워요.

일본어 표현 포인트 정리

[[table:1]]

6. 이 대화의 분위기를 한 줄로 요약하면

● “도박도 결국 돈 쓰는 취미 중 하나 아니냐?”라는 주장에,
상대가 그 논리를 일부러 빚까지 확대해서 블랙코미디처럼 만든 대화.","[""日本語"",""文章分析"",""youtube"",""福留光帆"",""岡野陽一""]",2026-05-26 13:35:28.043076+00,e1848554-ffae-479c-a8cd-4c0d77b7bed2,2026-05-28 21:19:02.619452+00,0,3,0,2026-05-28 21:19:02.619452+00,0,null,null,null,false,null,null,null,null,false,null,null,null,"{""tables"":{""1"":{""rows"":[{""id"":""r1"",""cells"":{""c1"":""思いがち"",""c2"":""~라고 생각하는 경향"",""c3"":""편견/고정관념""}},{""id"":""r2"",""cells"":{""c1"":""あわよくば"",""c2"":""운 좋으면"",""c3"":""기대 섞인 표현""}},{""id"":""r3"",""cells"":{""c1"":""～だけじゃないですか"",""c2"":""~뿐이잖아요"",""c3"":""비교 논리""}},{""id"":""r4"",""cells"":{""c1"":""趣味ってお金なくなるもの"",""c2"":""취미는 원래 돈 드는 것"",""c3"":""도박 정당화 논리""}},{""id"":""r5"",""cells"":{""c1"":""やってみずに言う"",""c2"":""안 해보고 말하다"",""c3"":""경험주의 주장""}}],""columns"":[{""id"":""c1"",""label"":""표현""},{""id"":""c2"",""label"":""의미""},{""id"":""c3"",""label"":""뉘앙스""}]}}}",[],"[{""id"":""1dd4ecb0-8b0f-46df-9cc8-d4b10aff2747"",""url"":""https://youtu.be/G92YGnpE8m4?si=LCZcjDQuzCq21cpP"",""image"":""https://img.youtube.com/vi/G92YGnpE8m4/hqdefault.jpg"",""title"":""YouTube Video"",""siteName"":""YouTube"",""description"":null}]",null,null
aed41039-d16b-44c6-95ff-d4aba1308369,巻頭＆表紙グラビア,"# 출처

[[link:5d85f54c-a333-4721-921f-c716f1bd3c6c]]

# 상황

니헤이유우카가 개인 유튜브에서 팬들에게 좋은 소식 자랑하는 상황

# 사용예시

自分でもびっくりしました。
今回お話もらったときにちょっと撮影日の今回ですね。
発売のヤングジャンプの巻頭＆表紙グラビア務めさせていただきました。

# 문장분석

- 이건 문법적으로 정확한 발표문이 아니라,
흥분해서 말하다가 문장 이어지는 “구어체”예요.

- 그래서 핵심은:

-> 정확한 문장 구조
보다
-> 화자의 감정 흐름
입니다.

● 전체 감정 흐름 먼저 보기

- 화자 느낌은 대략:

-> “나도 진짜 놀랐다”
-> “섭외 받았을 때부터 얼떨떨했다”
-> “근데 진짜 영점프 표지+메인 화보 찍었다”

이 흐름이에요.

문장 하나씩 맥락으로 분석

1. 自分でもびっくりしました。

● 직역:

-> 저 자신도 놀랐습니다

● 실제 느낌:

-> 저도 진짜 놀랐어요
-> 저도 믿기지 않았어요

● 여기서 포인트는:

-> “나도 이게 현실인지 놀랄 정도로 큰 일이다”
라는 감탄.

2. 今回お話もらったときにちょっと

- 여기가 핵심 시작.

2-1. 단어 느낌

● お話もらった

○ 직역:

-> 이야기를 받았다

○ 실제 연예계 뉘앙스:

-> 섭외 받았다
-> 제안 받았다
-> 연락 받았다

○ 즉:

- 이번에 이 일 제안받았을 때

● ちょっと

- 여기서는 “조금” 의미보다:

- 그…
- 약간…
- 좀…

- 같은 말 끌기용.

○ 한국어 유튜브에서도:

-> 저도 좀… 진짜 놀랐고요

이런 느낌 있죠.

3. 撮影日の今回ですね

- 이 부분이 끊긴 이유.

- 실제로는 화자가 말하다가 문장 구조를 바꾼 거예요.

● 느낌상 복원하면:

- 撮影日も迎えてですね
(촬영일도 맞이하게 됐고요)

또는

- 今回撮影してですね
(이번에 촬영도 하게 됐고요)

같은 흐름.

- 즉 “촬영까지 하게 됐다”는 감정 연결입니다.

4. 発売のヤングジャンプの巻頭＆表紙グラビア務めさせていただきました。

- 이건 결과 발표.

4-1 의미 단위로 끊기

●  発売のヤングジャンプ

-> 이번에 나온 영점프

-> 週刊ヤングジャンプ

● 巻頭＆表紙グラビア

-> 표지 + 메인 화보

(권두 직역보다 이게 자연스러움)

● 務めさせていただきました

-> 맡게 됐어요
-> 찍게 됐어요

-> 유튜브니까 부드럽게 번역하는 게 자연스럽습니다.

5. 맥락 살린 전체 자연 번역

● 가장 자연스러운 버전

- 저도 진짜 놀랐어요.
- 이번에 섭외 이야기를 들었을 때부터 좀 얼떨떨했는데,
- 이번에 나온 영점프에서 표지랑 메인 화보를 찍게 됐습니다!.","[""日本語"",""文章分析"",""youtube"",""二瓶有価""]",2026-05-27 12:13:49.883+00,e1848554-ffae-479c-a8cd-4c0d77b7bed2,2026-05-27 13:58:24.269127+00,0,4,0,2026-05-27 13:58:24.269127+00,0,null,null,null,false,null,null,null,null,false,null,null,null,null,[],"[{""id"":""5d85f54c-a333-4721-921f-c716f1bd3c6c"",""url"":""https://youtu.be/QGJ0vm7pBss?si=SCwEoN97MXCVnza_"",""image"":""https://img.youtube.com/vi/QGJ0vm7pBss/hqdefault.jpg"",""title"":""YouTube Video"",""siteName"":""YouTube"",""description"":null}]",null,null
c095094c-08ad-413d-83a1-b91e62213278,日焼け,"# 출처

[[link:3ed233bd-c044-408b-a534-04df776c205a]]

# 상황

스즈키유우카가 낚시하면서 자외선차단얘기하는상황

# 사용예시

今度またプロに教わる機会があったら引き上げるタイミングを教えてもらおう。
でも今日はいいですね、暑すぎないから直射日光でもないし、結構釣り日和な気がする。
日焼けもしないしね、このぐらいの方が。
この間あま猫さんと釣りに行った時は結構日焼けをしちゃって、
実は今日もここが焼けてるんですよ。
日焼け対策必須です。

이번에도 프로에게 배울 기회가 있다면 끌어올리는 타이밍을 가르쳐달라고해야겠어요
근데 오늘은 괜찮네요, 너무덥지도않으니까 직사광선도아니고 낚시하기좋은날씨같네요
딱 이정도가 피부도안타고 좋죠
그때 아마네코상과 낚시하러갔을때는 피부가 타버렸지만요
사실은 오늘도 여기가 타버렸어요
자외선차단필수입니다

# 문장분석

1. 今度またプロに教わる機会があったら引き上げるタイミングを教えてもらおう。

● 직역

-다음에 또 프로에게 배울 기회가 있다면
끌어올리는 타이밍을 가르쳐 달라고 하자.

● 표현 분석

[[table:1]]

○ 핵심 표현: 教わる

- 이건 일본어 회화에서 엄청 자주 나옵니다.

-> 教える → 가르치다
-> 教わる → 배우다 / 가르침 받다

○ 즉:

-> プロに教わる
= 프로에게 배우다

입니다.

○ 핵심 표현: 引き上げる

- 낚시 문맥이라서 중요합니다.

○ 보통:

-> 끌어올리다
-> 건져올리다
-> 릴을 감아 올리다

같은 느낌이에요.

● 그래서 전체적으로는:

-> “물고기를 언제 끌어올려야 하는지”

를 뜻합니다.

● 자연스러운 한국어

-> 다음에 또 프로에게 배울 기회가 있으면 물고기 끌어올리는 타이밍을 물어봐야겠다.

2. でも今日はいいですね、暑すぎないから直射日光でもないし、結構釣り日和な気がする。

● 구조 분석

- 이 문장은 일본어 회화 특유의 “말 이어붙이기” 스타일입니다.

○ 끊어보면

-> でも今日はいいですね
-> 오늘은 좋네요

-> 暑すぎないから
-> 너무 덥지도 않고

-> 直射日光でもないし
-> 직사광선도 아니고

-> 結構釣り日和な気がする
-> 꽤 낚시하기 좋은 날씨 같은 느낌이 든다

-> 直射日光(ちょくしゃにっこう)

- 뜻:

-> 직사광선

- 일본어에서 자주 나오는 날씨 단어입니다.

-> 〜し

- 이게 중요합니다.

-> 暑すぎないし
-> 直射日光でもないし

의 し는

-> ~고
-> ~기도 하고
-> ~니까

느낌입니다.

- 이유를 여러 개 나열할 때 많이 써요.

-> 釣り日和

- 이건 일본어다운 표현입니다.

● 표현	의미

日和	~하기 좋은 날씨
釣り日和	낚시하기 좋은 날씨
洗濯日和	빨래하기 좋은 날씨

- 엄청 자주 쓰입니다.

● 자연스러운 번역

- 오늘은 좋네요. 너무 덥지도 않고 직사광선도 아니라서 꽤 낚시하기 좋은 날씨인 것 같아요.

3. 日焼けもしないしね、このぐらいの方が。

● 여기서 어려운 부분

- 이 문장은 회화체라 생략이 많습니다.

● 완전한 형태로 하면:

-> 日焼けもしないしね、このぐらいの方がいい。

● 분석

표현	의미
日焼け	선탠 / 피부 태움
もしない	~도 하기싫다
このぐらい	이 정도
の方がいい	~쪽이 좋다

● 자연스러운 의미

->딱 이정도가 피부도 안타고 좋죠

4. この間あま猫さんと釣りに行った時は結構日焼けをしちゃって、

● 분석

표현	의미
この間	지난번
あま猫さん	아마네코 씨
釣りに行った時	낚시하러 갔을 때
結構	꽤
日焼けをしちゃって	타버려서 / 많이 타버려서

-> ～ちゃって

- 엄청 중요합니다.

○ 원형:

-> ～てしまって

○ 회화형:

-> ～ちゃって

○ 뜻:

-> ~해버려서

- 원치 않게 그렇게 됨

○ 즉:

-> 日焼けしちゃった
= 타버렸다ㅠ

- 약간 아쉬운 뉘앙스가 있습니다.

● 자연스러운 번역

-> 지난번에 아마네코 씨랑 낚시 갔을 때는 꽤 피부가 타버려서요.

5. 実は今日もここが焼けてるんですよ。

● 분석

표현	의미
実は	사실은
今日も	오늘도
ここが	여기
焼けてる	타 있다
んですよ	설명/강조

-> 焼けてる

○ 원형:

-> 焼けている

○ 회화체:

-> 焼けてる

○ 여기서는:

-> 피부가 타 있다
-> 햇볕에 그을렸다

입니다.

● 자연스러운 번역

-> 사실 오늘도 여기 탔거든요.

6. 日焼け対策必須です。

● 단어 분석

표현	의미
日焼け対策	자외선/선탠 대책
必須	필수

● 자연스러운 번역

-> 자외선 차단은 필수예요.
-> 선크림 필수입니다.

- 둘 다 자연스럽습니다.

7. 전체 흐름 자연스럽게 번역하면

-> 다음에 또 프로에게 배울 기회가 있으면 물고기 끌어올리는 타이밍을 물어봐야겠어요.
-> 근데 오늘은 괜찮네요. 너무 덥지도 않고 직사광선도 아니라서 꽤 낚시하기 좋은 날씨 같아요.
-> 피부도 좀 태우고 싶으니까 이 정도가 좋죠.
-> 지난번에 아마네코 씨랑 낚시 갔을 때는 꽤 피부가 타버렸거든요.
-> 사실 오늘도 여기 탔어요.
-> 자외선 차단은 필수입니다.

8. 일본 유튜브 회화에서 꼭 익혀야 할 포인트

-> ～し

○ 이유 나열:

->덥지도 않고
-> 바람도 불고
-> 좋기도 하고

- 회화에서 엄청 자주 나옵니다.

-> ～ちゃう / ～ちゃって

○ 후회/완료 느낌:

-> 食べちゃった
-> 寝ちゃった
-> 日焼けしちゃった

-> ～んですよ

○ 설명 느낌:

->사실은요~
-> 있잖아요~

- 부드러운 회화체 핵심입니다.

-> ～日和

- 매우 일본어다운 표현입니다.

-> 釣り日和
-> 散歩日和
-> 洗濯日和

● 공부 팁 🎯

○ 유튜브 일본어는:

- 문장 암기보다

- “말버릇 덩어리”로 익히는 게 핵심입니다.

○ 예:

-> ～しね
-> ～んですよ
-> ～ちゃって
-> ～かな
-> ～気がする

- 이런 걸 통째로 익히면 듣기가 급격히 쉬워져요.","[""日本語"",""文章分析"",""youtube"",""鈴木優香""]",2026-05-27 15:08:59.171373+00,e1848554-ffae-479c-a8cd-4c0d77b7bed2,2026-06-02 15:06:50.437759+00,0,8,0,2026-06-02 15:06:50.437759+00,0,null,null,null,false,null,null,null,null,false,null,null,null,"{""tables"":{""1"":{""rows"":[{""id"":""r1"",""cells"":{""c1"":""今度また"",""c2"":""다음에 또""}},{""id"":""r2"",""cells"":{""c1"":""プロに"",""c2"":""프로에게""}},{""id"":""r3"",""cells"":{""c1"":""教わる（おそわる）"",""c2"":""배우다 (教える의 수동 느낌 아님!)""}},{""id"":""r4"",""cells"":{""c1"":""機会があったら"",""c2"":""기회가 있다면""}},{""id"":""r5"",""cells"":{""c1"":""引き上げる"",""c2"":""끌어올리다""}},{""id"":""r6"",""cells"":{""c1"":""タイミング"",""c2"":""타이밍""}},{""id"":""r7"",""cells"":{""c1"":""教えてもらおう"",""c2"":""가르쳐 달라고 하자 / 배워두자""}}],""columns"":[{""id"":""c1"",""label"":""표현""},{""id"":""c2"",""label"":""의미""}]}}}",[],"[{""id"":""3ed233bd-c044-408b-a534-04df776c205a"",""url"":""https://youtu.be/pe99yrDca6o?si=N6wg6LfKP1-sajR7"",""image"":""https://img.youtube.com/vi/pe99yrDca6o/hqdefault.jpg"",""title"":""YouTube Video"",""siteName"":""YouTube"",""description"":null}]",null,null
a82e93af-b8a7-4b1a-95b1-f5bf41eb78cb,5월마지막주 감정기록,"# 5월 마지막주 감정기록

● 동생, 엄마, 동생 와이프와 함께 식사함.
● 가족 자리였지만 동생 와이프가 같이 있는 상황에서 긴장감과 불편함을 느낌.
● 무슨 말을 해야 할지 모르겠고 대화에 거의 참여하지 못함.
● 식사 후 저녁약을 먹고 내려갔지만 긴장감이 남아있는 느낌이 있었음.
● 숨이 안 쉬어지는 정도는 아니었지만 계속 답답하고 긴장된 느낌이 지속됨.
● 식사 후에도 긴장이 바로 풀리지 않는 느낌이 있었음.
● “24시간 긴장 상태 같다”는 느낌이 계속 들었음.
● 최근 사람을 만나거나 말을 해야 하는 상황이 많아지면서 현재 약으로는 부족한 느낌이 듦.

● “어디 갈래?” 같은 질문에 바로 대답을 잘 못함.
● 선택지를 주면 고를 수는 있지만 자유롭게 결정하는 게 어려움.
● 해야 하는 걸 알아도 미루거나 시작을 못하는 경우가 많음.
● 패닉 이후 자기관리와 정리정돈이 더 어려워진 느낌이 있음.","[""감정기록"",""불안"",""대인관계""]",2026-05-27 19:25:04.976625+00,e1848554-ffae-479c-a8cd-4c0d77b7bed2,2026-05-31 18:41:11.395651+00,0,15,0,2026-05-31 18:41:11.395651+00,0,null,null,null,false,null,null,null,null,false,null,null,null,null,[],[],null,null
3f996081-ad6a-4fba-b35d-3cb3a1f0e8de,5월마지막주 상담후 감정기록,"오히려 지금까지 느낀 건,

당신은 증상이 없는 게 아니라

증상을 설명하는 과정 자체가 어려운 사람

에 가까워 보여요.

그래서 아래처럼 정리하는 게 좋을 것 같습니다.

2026년 5월 및 최근 상태 요약

1. 현재 가장 힘든 증상

1-1. 지속적인 긴장감과 답답함
● 아침에 눈을 뜰 때부터 잠들기 전까지 지속됨
● 혼자 있어도 유지됨
● 특정 상황에서는 더 심해짐
● 약 복용 후 일부 완화되는 느낌은 있으나 완전히 사라지지는 않음

1-2. 호흡 관련 증상
● 예전에는 숨쉬기 힘들다는 느낌이 강했음
● 현재는 숨은 쉬어지지만 숨이 거칠거나 답답한 느낌이 남아 있음
● 가슴이 조이는 느낌이 동반될 때가 있음

2. 증상이 심해지는 상황

2-1. 사람과 관련된 상황

● 낯선 사람
● 불편한 사람
● 권위적인 사람
● 평가받는 상황

에서 심해짐

2-3. 소통이 막히는 상황

● 하고 싶은 말을 못 했을 때
● 오해받았을 때
● 지적을 받았을 때
● 공감받지 못했을 때

증상이 심해짐

3. 의사소통 문제

3-1. 가장 큰 어려움

긴장하면

● 생각이 멈춤
● 머리가 하얘짐
● 질문을 못 함
● 필요한 말을 못 함
● 진료실에서도 발생
● 의사가 고민이나 질문을 물어보면 말이 잘 나오지 않음
● 진료가 끝나고 나서야 할 말이 생각나는 경우가 많음
● 그래서 실제 상태가 충분히 전달되지 않는다고 느낌

4. 과거 경험

4-1. 어릴 때부터

● 사람을 무서워하는 경향이 있었음
● 속마음을 거의 말하지 않았음
● 반복된 경험
● 공감받지 못함
● ""노력해라""
● ""운동해라""
● ""신경 쓰지 마라""

같은 반응을 자주 경험함

4-2. 결과

● 점점 말을 안 하게 됨
● 사람에게 기대를 덜 하게 됨
● 대화 자체를 포기하는 경우가 많아짐

5. 직장 및 알바 경험

5-1. 업무 자체보다

● 소통 문제
● 질문을 못 함
● 필요한 말을 못 함
● 긴장하면 생각이 멈춤

이 반복됨

5-2. 현재 걱정

업무 자체보다

● 보고
● 질문
● 업무상 대화

때문에 회사생활 유지가 어려울 것 같다고 느낌

6. 성향과 증상의 구분

5-1. 원래 성향

● 혼자 있는 것을 선호
● 깊게 집중하는 것을 좋아함
● 단체생활을 선호하지 않음

5-2. 현재 증상

● 필요한 질문도 못 함
● 전화에 긴장함
● 업무상 소통이 어려움
● 진료실에서도 말이 안 나옴

본인은 이것을 구분해야 한다고 생각함

7. 최근 변화

7-1. 좋아진 점

● 병원에 다니고 있음
● 가족에게 증상을 말할 수 있게 됨
● AI와 대화를 통해 생각 정리가 가능해짐
● 개발 공부와 일본어 공부를 지속 중

7-2. 여전히 남아있는 문제

● 긴장감
● 답답함
● 미래에 대한 불안
● 사람과의 소통 문제

8. 5월에 특히 심했던 이유로 생각되는 부분

8-1. 5월 동안

● 할머니 병원 방문
● 동생결혼식참석
● 동생와이프를 낀 식사

가 있었음

그래서 평소보다 증상이 더 크게 느껴졌을 가능성을 본인도 생각하고 있음

9. 현재 목표

9-1. 단기 목표

● 증상 전달을 더 정확히 하기
● 치료 지속
● 기본적인 업무상 소통 가능 수준 회복

9-2. 장기 목표

● 웹 개발 및 앱 개발
● 1인 개발자
● 일본 거주
● 디지털 노마드

다만 현재 상태에서는 기본적인 사회적 소통 능력 회복이 우선이라고 생각함

9-3. 의사에게 가장 중요한 한 문장

이건 꼭 보여주는 게 좋을 것 같아요.

● ""원래 혼자 있는 것을 좋아하는 성향은 있었지만, 현재는 단순히 성향의 문제가 아니라 긴장하면 생각이 멈추고 필요한 질문이나 업무상 대화도 어려운 상태입니다. 특히 진료실에서도 말을 잘 못 해서 실제 상태가 충분히 전달되지 않는다고 느끼고 있습니다.""

이 문장은 지금까지 수백 개의 대화 내용을 가장 압축해서 담고 있는 문장에 가깝습니다.

[[attach:4acb3d9c-c2e9-426d-896e-5660500ce423]]

[[attach:4f6ffa91-bc3b-4f73-af86-294aeaf0d18a]]

[[attach:cb28d440-6df6-42a2-ae50-08f4add507d1]]

","[""정신의학과"",""상담"",""ai와의대화"",""감정기록""]",2026-05-29 20:04:39.261324+00,e1848554-ffae-479c-a8cd-4c0d77b7bed2,2026-06-01 21:47:30.495518+00,0,16,0,2026-06-01 21:47:30.495518+00,0,null,null,null,false,null,null,null,null,false,null,null,null,null,"[{""id"":""4acb3d9c-c2e9-426d-896e-5660500ce423"",""name"":""2026-05-lastweek-1-raw.md"",""path"":""logs/2026/05/31/fe58567d-c72c-4fd2-93c4-edd41194327a.md"",""size"":1234,""bucket"":""log-attachments"",""mimeType"":""text/markdown"",""publicUrl"":""https://vqlawpnnmtequmbdvfcr.supabase.co/storage/v1/object/public/log-attachments/logs/2026/05/31/fe58567d-c72c-4fd2-93c4-edd41194327a.md""},{""id"":""4f6ffa91-bc3b-4f73-af86-294aeaf0d18a"",""name"":""2026-05-lastweek-2-consultation.md"",""path"":""logs/2026/05/31/5a8a0d05-8df5-47f1-9c42-bdd1a3bf43ed.md"",""size"":992,""bucket"":""log-attachments"",""mimeType"":""text/markdown"",""publicUrl"":""https://vqlawpnnmtequmbdvfcr.supabase.co/storage/v1/object/public/log-attachments/logs/2026/05/31/5a8a0d05-8df5-47f1-9c42-bdd1a3bf43ed.md""},{""id"":""cb28d440-6df6-42a2-ae50-08f4add507d1"",""name"":""2026-05-lastweek-3-family.md"",""path"":""logs/2026/05/31/885b827d-1f6b-40b6-b178-e5fa3468e4f6.md"",""size"":826,""bucket"":""log-attachments"",""mimeType"":""text/markdown"",""publicUrl"":""https://vqlawpnnmtequmbdvfcr.supabase.co/storage/v1/object/public/log-attachments/logs/2026/05/31/885b827d-1f6b-40b6-b178-e5fa3468e4f6.md""}]",[],null,null
5c8eee48-9978-4561-b3f5-e2ee81c93228,キョロキョロしちゃう,"# 출처

[[link:d3b75059-4080-4277-a1bc-75c820090bd3]]

# 상황

이케쨩이 初島가려고 페리를 타고 둘러보다가 의자가 많은곳이 보여서 앉아서 얘기하는상황

# 사용예시

あんなに乗客がいたのになんでこここんなに人がいないの？
えっ使っていいんだよね？
不安になるほどの人の少なさ。
キョロキョロしちゃう。

저렇게 손님이 많은데 어째서 여기는 사람이없는거지??
여기 써도되는거겠지?
불안해질정도로 사람이 적네
주변을 둘러보게되네

# 문장분석

1. あんなに乗客がいたのになんでこここんなに人がいないの？

1-1. 직역

- 그렇게 승객이 많이 있었는데 왜 여기는 이렇게 사람이 없는 거야?

1-2. 문장 구조

● あんなに
->그렇게, 저렇게나
-> 정도를 강조

● 乗客（じょうきゃく）がいた
-> 승객이 있었다

● ～のに
-> ~했는데
-> 기대와 다른 결과에 대한 의문이나 불만

● なんで
-> 왜

● ここ
-> 여기

● こんなに
-> 이렇게나

● 人がいない
-> 사람이 없다

1-3. 뉘앙스

● 단순히 ""왜 없지?""가 아니라

● ""아니, 아까 그렇게 사람 많았잖아? 그런데 왜 여기만 이렇게 텅 비어 있지?""

라는 의아함이 담겨 있습니다.

2. えっ使っていいんだよね？

2-1. 직역

- 어? 사용해도 되는 거 맞지?

2-2. 문장 구조

● えっ
-> 어?, 엥?

● 使って
-> 사용해서

● いい
-> 괜찮다

● んだよね
-> ~인 거지?

- 확인을 구하는 느낌

2-3. 뉘앙스

● - 여기서 使う는

 -> 좌석이나 공간을 사용하는 의미입니다.

● 즉

- ""여기 앉아도 되는 거 맞지?""

 - ""이 자리 이용 가능한 거 맞지?""

정도의 느낌.

- 사람이 너무 없으니까

-> ""혹시 관계자석인가?""

-> ""예약석인가?""

-> ""들어오면 안 되는 곳인가?""

- 같은 생각이 스쳐 지나가는 상황입니다.

3. 不安になるほどの人の少なさ。

3-1. 직역

- 불안해질 정도의 사람 수의 적음.

- 자연스럽게는

-> 사람이 너무 없어서 불안할 정도네.

-> 불안해질 만큼 사람이 없네.

3-2. 문장 구조

● 不安になる
-> 불안해지다

● ほど
-> ~할 정도로

● 人の少なさ
-> 사람의 적음
-> 사람 수가 적은 정도

3-3. 포인트

- 일본어에서는

-> 人が少ない
-> 人の少なさ

- 둘 다 가능하지만

-> 人の少なさ는 명사화해서

-> ""그 적음 자체""

를 강조하는 표현입니다.

- 그래서 혼잣말 느낌으로

-> ""와... 사람 없는 정도가 심한데...""

같은 느낌이 됩니다.

4. 전체 흐름

- 이케쨩의 머릿속을 자연스럽게 옮기면

-> ""분명 배 탈 때 사람 엄청 많았는데?""

-> ""근데 왜 여기만 아무도 없지?""

-> ""어... 여기 앉아도 되는 거 맞나?""

-> ""너무 사람이 없어서 오히려 불안한데...""

정도가 됩니다.

- 질문하신 상황 설명과도 완전히 일치합니다. 특히 使っていいんだよね？ 때문에 단순히 사람이 없는 걸 관찰하는 게 아니라,

- ""혹시 내가 들어오면 안 되는 구역에 들어온 건 아닐까?""

라고 잠깐 의심하는 심리가 드러난다고 볼 수 있습니다.

5. 추가로 눈여겨볼 표현

- あんなに～のに

-> 그렇게 ~했는데도

- 예문

● あんなに勉強したのに落ちた。
-> 그렇게 공부했는데 떨어졌다.

● あんなに人がいたのにここは静かだ。
-> 그렇게 사람이 많았는데 여기는 조용하다.

이케쨩의 대사도 같은 구조입니다.

5. キョロキョロ의 의미

● キョロキョロする

-> 두리번두리번하다

-> 여기저기 둘러보다

-> 시선을 바쁘게 움직이다

5-1. 문장 분석

- キョロキョロしちゃう。

- 구조를 나누면

● キョロキョロ
-> 두리번두리번
● する
-> 하다

● しちゃう
-> してしまう의 회화체

- 즉

● キョロキョロする

-> 두리번거리다

에서

● キョロキョロしちゃう

가 된 것입니다.","[""日本語"",""文章分析"",""youtube"",""いけちゃん"",""初島""]",2026-05-30 12:10:38.985517+00,e1848554-ffae-479c-a8cd-4c0d77b7bed2,2026-05-31 11:44:10.968842+00,0,3,0,2026-05-31 11:44:10.968842+00,0,null,null,null,false,null,null,null,null,false,null,null,null,null,[],"[{""id"":""d3b75059-4080-4277-a1bc-75c820090bd3"",""url"":""https://youtu.be/fV6We2o5-gA?si=uUkzjwwbsjLq6HMW"",""image"":""https://img.youtube.com/vi/fV6We2o5-gA/hqdefault.jpg"",""title"":""YouTube Video"",""siteName"":""YouTube"",""description"":null}]",null,null
26756e99-f355-4cf2-aa6b-5af79f1dfc06,鎮火（ちんか）,"# 출처

[[link:308781a7-0531-40df-9436-d0535be94f25]]

# 상황

니헤이유우카 개인유튜브채널에서 타테노사키와함께 잡담주고받는상황

# 사용예시

二瓶有価：あ、編集だね？すごくない？一人でずっと編集してるの、えっうちのポテトくんとかどう？
皆：WWW
立野沙紀：あの、心やられてないですか？大丈夫ですか？
いなりくん（staff）：なるべく静かにしてるんです。
二瓶有価：心配していただいてね。
いなりくん（staff）：ありがとうございます。
二瓶有価：沙紀ちゃんにね、すごく心配してもらってね。
立野沙紀：なんか私も動画のコメント欄になんか二瓶ちゃんの動画のコメントが炎上してるんだ。。。
二瓶有価：やめてちょっと、大人の前でやめて。今日は特にやめて。クライアントの人がいるから、クライアントの人が、あっ、ミスった。炎上してるの。あのチャンネルって。知らなかったらどうするの？
立野沙紀：鎮火してるもんね。
二瓶有価：そう。もう鎮火してます。もう、鎮火してますんで、はい。
何じゃあ。今日はリスキーなチャンネルの仕事だって思って来てるのこと？
立野沙紀：あぁ。なんか大変そうだな。
二瓶有価：まじで？

# 문장분석

아니, 오히려 텍스트 분석은 의미가 있어. 다만 ""정답 찾기""가 아니라 ""가능한 해석 후보를 정리하는 작업""이라고 생각해야 해.

이번 사례가 딱 좋은 예야.

처음에 텍스트만 봤을 때 나는

편집 담당 스태프 이야기인가?

라고 해석했어.

그런데 네가 추가한

Draw me 멤버 이야기 중이었음
사키 쪽으로 시선이 감
사키가 타자치는 시늉을 함

이 정보를 넣으니까 해석이 달라졌지.

즉 텍스트 분석이 틀린 게 아니라,

텍스트만으로는 확정할 수 없는 부분이 있었다는 것.

지금까지의 맥락을 반영한 재분석

내가 보기엔 이 흐름이 가장 자연스러워.

① Draw me 멤버들 이야기

다들 바쁘다

↓

누가 뭐 하고 있는지 이야기

↓

사키 차례

② 사키가 타자치는 시늉

여기서 이미

편집

이라는 화제가 생성됨.

③ 니헤이

あ、編集だね？

아~ 편집 말하는 거구나?

여기서의 だね는

""아하, 그 이야기구나""

느낌.

팁

일본어의 「～だね？」는 꼭 확인 질문이 아니라 상대가 말하려는 걸 눈치챘을 때도 많이 씀.

④ 니헤이

すごくない？

대단하지 않아?

이건 사키를 칭찬.

⑤ 니헤이

一人でずっと編集してるの

(사키가) 계속 혼자 편집하잖아.

여기서 주어는 생략.

하지만 현재까지의 화제는 사키.

그래서 자연스럽게

사키가 계속 혼자 편집하고 있다

로 들림.

⑥ 모두 웃음

WWW

왜 웃을까?

아마도

사키가 실제로 편집을 많이 함
그걸 니헤이가 과장되게 칭찬함

이런 내부 밈 가능성.

여기서 화제 전환 발생

이게 핵심.

⑦ 사키

あの、心やられてないですか？

저기... 멘탈 괜찮으세요?

갑자기 대상이 바뀜.

사키가 스태프를 향해 말한 것.

왜 갑자기?

바로 다음 대사 때문에 알 수 있음.

⑧ 이나리군

なるべく静かにしてるんです

최대한 조용히 지내고 있습니다.

이건

욕먹지 않도록 조심하고 있습니다

같은 자학개그.

⑨ 니헤이

心配していただいてね

걱정해 주시네.

沙紀ちゃんにね

사키가 말이지.

すごく心配してもらってね

엄청 걱정해 줬어.

여기서 확인.

사키는 이전부터 이나리군을 걱정하고 있었음.

⑩ 사키

二瓶ちゃんの動画のコメントが炎上してるんだ

니헤이 영상 댓글창이 불타고 있더라고.

여기서 이유 공개.

즉

사키의 머릿속 논리

댓글창 상태가 안 좋음

↓

스태프도 힘들겠네

↓

멘탈 괜찮으세요?

니헤이의 반응
⑪

やめてちょっと

야 잠깐ㅋㅋ

大人の前でやめて

관계자들 앞에서 그러지 마.

今日は特にやめて

오늘은 특히 그러지 마.

クライアントの人がいるから

광고주 와 있단 말이야.

왜 웃김?

사키는 걱정한 건데

니헤이는

하필 광고주 있는 날에 폭로하냐

로 받아들임.

⑫ 사키

鎮火してるもんね

그래도 이제 진화됐잖아.

⑬ 니헤이

そう、もう鎮火してます

맞습니다.

이미 진화됐습니다.

(광고주를 향한 해명)

⑭ 니헤이

今日はリスキーなチャンネルの仕事だって思って来てるの？

오늘

""위험한 채널 일하러 간다""

생각하고 온 거야?

즉

우리 채널 문제 많은 채널이라고 생각한 거냐?ㅋㅋ

⑮ 사키

あぁ、なんか大変そうだな

아~ 뭔가 힘들어 보였어.

⑯ 니헤이

まじで？

진짜냐?ㅋㅋ

최종적으로 보면

이 대화는 사실 두 개의 화제가 섞여 있음.

화제 A

사키

↓

편집

↓

혼자 편집

화제 B

스태프

↓

댓글창 염상

↓

멘탈 괜찮냐

↓

광고주 앞에서 폭로

네가 처음에 헷갈린 이유는

A가 끝났다는 신호 없이

B로 넘어갔기 때문.

일본 예능 토크는 이런 식의 급회전이 정말 흔해.

그래서 이번 기록을 남길 때는 단순 번역보다

[화제 A : 사키의 편집]

[화제 B : 댓글 염상과 스태프 걱정]

이렇게 나눠 적어두는 게 훨씬 공부가 될 거야.

팁

앞으로 청해 기록할 때는 대사 번역만 적지 말고, 각 문장 옆에 (화제: 사키) (화제: 스태프) 같은 태그를 붙여봐. 나중에 다시 보면 ""왜 갑자기 이 말이 나왔는지""가 훨씬 잘 기억난다.","[""日本語"",""文章分析"",""youtube"",""二瓶有価"",""立野沙紀""]",2026-05-30 17:02:20.970253+00,e1848554-ffae-479c-a8cd-4c0d77b7bed2,2026-05-30 17:45:57.793963+00,0,3,0,2026-05-30 17:45:57.793963+00,0,null,null,null,false,null,null,null,null,false,null,null,null,null,[],"[{""id"":""308781a7-0531-40df-9436-d0535be94f25"",""url"":""https://youtu.be/s8Xk3X1I1uo?si=mivxtDv1QDeiJ7fD"",""image"":""https://img.youtube.com/vi/s8Xk3X1I1uo/hqdefault.jpg"",""title"":""YouTube Video"",""siteName"":""YouTube"",""description"":null}]",null,null
12476b5a-9f4d-4217-bac3-ff2d02973853,しばらく,"출처

化け猫あんずちゃん

상황

테츠야와 카린이 과거에 알던 스님이 사는 절에와서 카린을 잠깐머물라고한뒤의 장면'

사용예시

あんずちゃん：和尚さん仕事行ってくる。
和尚さん：はい。いてらしゃい。あんずちゃん、この子かりんちゃんてつやの娘。しばらくここにいるから面倒を見ってあげて。
あんずちゃん：りょかいまんにゃん。

문장분석

원문

和尚さん、仕事行ってくる。
はい。いてらしゃい。
あんずちゃん、この子かりんちゃん。てつやの娘。
しばらくここにいるから面倒を見ってあげて。
りょかいまんにゃん。

(※ 실제 자막이나 음성 기준으로는 약간 다를 수 있습니다. 특히 「見って」는 「見て」일 가능성이 높습니다.)

1. 和尚さん、仕事行ってくる。

분석

和尚さん（おしょうさん）
스님
절의 주지 스님

仕事（しごと）
일
行ってくる
가고 올게

「行く + 来る」
일본어에서 ""잠깐 어디 갔다 올게""라는 의미
직역

스님, 일하러 갔다 올게.

자연스러운 번역

스님, 일 다녀올게요.

2. はい。いてらしゃい。

표준어는

いってらっしゃい

분석

行ってらっしゃい
잘 다녀오세요
배웅할 때 쓰는 말

여기서는 어린아이 말투나 발음 때문에

いてらしゃい

처럼 들린 것 같습니다.

번역

네. 잘 다녀오세요.

3. あんずちゃん、この子かりんちゃん。
분석
あんずちゃん
안즈야
この子
이 아이
かりんちゃん
카린이
생략된 형태

원래는

この子はかりんちゃん

번역

안즈야, 이 아이는 카린이야.

4. てつやの娘。
분석
てつや
테츠야 (사람 이름)
の
~의
娘（むすめ）
딸
번역

테츠야의 딸이야.

또는

테츠야 딸이란다.

5. しばらくここにいるから面倒を見ってあげて。

실제로는 아마

面倒を見てあげて

일 가능성이 높습니다.

분석
しばらく
당분간
한동안
ここにいるから
여기 있을 테니까
面倒を見る
돌보다
보살피다
～てあげて
~해 주렴
~해 줘
번역

당분간 여기 있을 거니까 돌봐 주렴.

또는

한동안 여기 머물 거니까 잘 챙겨줘.

6. りょかいまんにゃん。

이건 완전 고양이 개그 말투입니다. 😆

원형
了解
알겠습니다
오케이
변형
了解マン
오케이맨
にゃん
냥

합쳐서

了解まんにゃん

의미

넵냥!

알겠냥!

맡겨두라냥!

정도의 귀여운 표현

전체 자연스러운 번역

""스님, 일 다녀올게요.""

""그래, 잘 다녀오렴.""

""안즈야, 이 아이는 카린이야. 테츠야의 딸이란다.""

""당분간 여기에 머물 예정이니까 잘 돌봐주렴.""

""알겠냥!""

추가 포인트 (고스트 캣 앙주 특유의 말투)

안즈(あんず)는 원래 고양이 요괴라서 종종

にゃん
まんにゃん
～だにゃ

같은 고양이 어미를 붙입니다.

그래서

了解まんにゃん

은 문법적인 표현이라기보다

""오케이냥!""

""맡겨둬냥!""

같은 캐릭터성 표현이라고 보면 됩니다.","[""日本語"",""文章分析"",""netflix"",""化け猫あんずちゃん""]",2026-05-31 08:53:26.900787+00,e1848554-ffae-479c-a8cd-4c0d77b7bed2,2026-06-02 15:06:41.84482+00,0,3,0,2026-06-02 15:06:41.84482+00,0,null,null,null,false,null,null,null,null,false,null,null,null,null,[],[],null,null
aa494d4f-ed5c-499e-81cf-2c24605abc2c,2026-06-01 5월마지막주 상담후 포함 감정기록,"오히려 지금까지 느낀 건,

당신은 증상이 없는 게 아니라

증상을 설명하는 과정 자체가 어려운 사람

에 가까워 보여요.

그래서 아래처럼 정리하는 게 좋을 것 같습니다.

2026년 5월 및 최근 상태 요약

1. 현재 가장 힘든 증상

1-1. 지속적인 긴장감과 답답함
● 아침에 눈을 뜰 때부터 잠들기 전까지 지속됨
● 혼자 있어도 유지됨
● 특정 상황에서는 더 심해짐
● 약 복용 후 일부 완화되는 느낌은 있으나 완전히 사라지지는 않음

1-2. 호흡 관련 증상
● 예전에는 숨쉬기 힘들다는 느낌이 강했음
● 현재는 숨은 쉬어지지만 숨이 거칠거나 답답한 느낌이 남아 있음
● 가슴이 조이는 느낌이 동반될 때가 있음

2. 증상이 심해지는 상황

2-1. 사람과 관련된 상황

● 낯선 사람
● 불편한 사람
● 권위적인 사람
● 평가받는 상황

에서 심해짐

2-3. 소통이 막히는 상황

● 하고 싶은 말을 못 했을 때
● 오해받았을 때
● 지적을 받았을 때
● 공감받지 못했을 때

증상이 심해짐

3. 의사소통 문제

3-1. 가장 큰 어려움

긴장하면

● 생각이 멈춤
● 머리가 하얘짐
● 질문을 못 함
● 필요한 말을 못 함
● 진료실에서도 발생
● 의사가 고민이나 질문을 물어보면 말이 잘 나오지 않음
● 진료가 끝나고 나서야 할 말이 생각나는 경우가 많음
● 그래서 실제 상태가 충분히 전달되지 않는다고 느낌

4. 과거 경험

4-1. 어릴 때부터

● 사람을 무서워하는 경향이 있었음
● 속마음을 거의 말하지 않았음
● 반복된 경험
● 공감받지 못함
● ""노력해라""
● ""운동해라""
● ""신경 쓰지 마라""

같은 반응을 자주 경험함

4-2. 결과

● 점점 말을 안 하게 됨
● 사람에게 기대를 덜 하게 됨
● 대화 자체를 포기하는 경우가 많아짐

5. 직장 및 알바 경험

5-1. 업무 자체보다

● 소통 문제
● 질문을 못 함
● 필요한 말을 못 함
● 긴장하면 생각이 멈춤

이 반복됨

5-2. 현재 걱정

업무 자체보다

● 보고
● 질문
● 업무상 대화

때문에 회사생활 유지가 어려울 것 같다고 느낌

6. 성향과 증상의 구분

5-1. 원래 성향

● 혼자 있는 것을 선호
● 깊게 집중하는 것을 좋아함
● 단체생활을 선호하지 않음

5-2. 현재 증상

● 필요한 질문도 못 함
● 전화에 긴장함
● 업무상 소통이 어려움
● 진료실에서도 말이 안 나옴

본인은 이것을 구분해야 한다고 생각함

7. 최근 변화

7-1. 좋아진 점

● 병원에 다니고 있음
● 가족에게 증상을 말할 수 있게 됨
● AI와 대화를 통해 생각 정리가 가능해짐
● 개발 공부와 일본어 공부를 지속 중

7-2. 여전히 남아있는 문제

● 긴장감
● 답답함
● 미래에 대한 불안
● 사람과의 소통 문제

8. 5월에 특히 심했던 이유로 생각되는 부분

8-1. 5월 동안

● 할머니 병원 방문
● 동생결혼식참석
● 동생와이프를 낀 식사

가 있었음

그래서 평소보다 증상이 더 크게 느껴졌을 가능성을 본인도 생각하고 있음

9. 현재 목표

9-1. 단기 목표

● 증상 전달을 더 정확히 하기
● 치료 지속
● 기본적인 업무상 소통 가능 수준 회복

9-2. 장기 목표

● 웹 개발 및 앱 개발
● 1인 개발자
● 일본 거주
● 디지털 노마드

다만 현재 상태에서는 기본적인 사회적 소통 능력 회복이 우선이라고 생각함

9-3. 의사에게 가장 중요한 한 문장

이건 꼭 보여주는 게 좋을 것 같아요.

● ""원래 혼자 있는 것을 좋아하는 성향은 있었지만, 현재는 단순히 성향의 문제가 아니라 긴장하면 생각이 멈추고 필요한 질문이나 업무상 대화도 어려운 상태입니다. 특히 진료실에서도 말을 잘 못 해서 실제 상태가 충분히 전달되지 않는다고 느끼고 있습니다.""

이 문장은 지금까지 수백 개의 대화 내용을 가장 압축해서 담고 있는 문장에 가깝습니다.

10. 최근 추가 관찰 (6월 초)
10-1. 상담 및 진료 관련

● 상담이나 진료가 있는 날은 하루 종일 긴장하는 경우가 많음

● 병원 대기 중 긴장이 특히 심해짐

● 손떨림이 심해지는 경우가 있음

● 진료가 끝난 후에야 할 말이 생각나는 경우가 많음

● 최근에는 공감을 받거나 충분히 이야기하면 긴장이 일부 완화되는 느낌을 경험함

10-2. 사람과 관련된 긴장

● 원래 사람을 어려워하는 성향은 있었음

● 하지만 현재는 단순한 성향 이상의 문제라고 느낌

● 사람을 만나러 가는 것 자체가 부담으로 느껴짐

● 대화를 해야 하는 상황이면 긴장이 더 심해짐

● 누가 말을 걸 가능성이 있는 상황에서 긴장이 올라감

● 실제 행동보다 사람과의 상호작용 자체가 더 큰 부담으로 느껴짐

10-3. 수면 관련

● 낮에는 피곤하고 졸린 경우가 많음

● 하지만 밤이 되면 잠들기 싫은 느낌이 듦

● 새벽 시간대가 상대적으로 편하게 느껴짐

● 밤에는 사람과 마주칠 가능성이 적어 심리적으로 안전하다고 느낌

● 수면제 복용 중에도 수면 루틴 형성이 어려움

● 단순 불면이라기보다 긴장 상태와 관련된 문제일 가능성을 본인도 생각하고 있음

10-4. 비교와 위축감

● 어릴 때부터 동생과 비교당했다고 느낌

● 현재도 동생을 보면 위축감을 느끼는 경우가 있음

● 특히

""남들은 다 하는데 나는 못한다""

라는 생각이 들 때 증상이 심해짐

● 자살 관련 생각도 주로 이런 상황에서 발생함

10-5. 자살 관련 생각

● 매일 지속적으로 나타나는 것은 아님

● 특정 상황(비교, 좌절감, 미래 불안)에서 나타남

● ""왜 살아야 하는지 모르겠다""

● ""뭐 하러 사나""

정도의 생각이 들 때가 있음

● 자살하는 꿈을 꾼 적은 있음

● 하지만

계획 없음
준비 없음
실행 시도 없음

● 현재 자신을 붙잡고 있는 것은

일본어 공부
개발 공부

라고 느낌

10-6. 가족 관련

● 가족이 증상을 이해하지 못한다고 느끼는 경우가 있음

● 주로

운동해라
노력해라
밖에 나가라

와 같은 조언을 들음

● 본인은

""안 해봐서가 아니라 해봤는데 예전처럼 효과가 없다""

고 느낌

● 이런 이야기를 들을 때 숨막힘이나 압박감을 느낌

● 그래서 점점 자신의 상태를 설명하지 않게 되는 경우가 있음

10-7. 예전과 현재의 차이

● 20대 초중반에는

운동을 자주 했음
산책만 해도 스트레스가 풀리는 느낌이 있었음

● 현재는

산책
외출
갓바위 방문

등을 해도 예전 같은 성취감이나 해방감이 거의 없음

● 오히려

""왜 왔지?""

""집에 가고 싶다""

는 생각이 들기도 함

10-8. 음주 관련

● 최근 집에서 혼자 술을 마시는 횟수가 증가한 것 같음

● 국밥과 함께 소주를 마시는 경우가 있음

● 술을 마실 때는 긴장감과 답답함이 감소하는 느낌이 있음

● 평소보다 감정 표현이 쉬워지는 느낌도 있음

의사용 요약에 추가하면 좋을 문장

기존 마지막 문장 아래에 이것도 넣으면 좋겠습니다.

최근 가장 크게 느끼는 문제는 단순한 불안이나 우울보다 지속적인 긴장 상태입니다. 또한 예전에는 운동이나 산책으로 회복이 가능했지만 현재는 효과가 거의 느껴지지 않으며, 사람과의 상호작용 자체가 큰 부담으로 느껴집니다. 비교 상황에서는 무력감과 자살 관련 생각이 나타나기도 하지만 계획이나 실행 의도는 없습니다.

[[attach:5c75eddd-4216-40aa-bdd6-a00e80d3750a]]

[[attach:e3fa0084-fe9a-47b9-b5a8-b8ba34b21eaf]]

[[attach:7d994481-199a-4dea-9969-68e61a672199]]

[[attach:63a5d782-ce42-4e95-8fea-d17893f3e608]]

[[attach:b4fc9624-5cf6-4460-8c65-d442df854001]]

[[attach:d591fa97-7557-4b53-956d-36e015f1b8c8]]

","[""감정기록"",""우울"",""불안"",""답답함""]",2026-05-31 18:46:50.279719+00,e1848554-ffae-479c-a8cd-4c0d77b7bed2,2026-06-02 19:05:15.770187+00,0,47,0,2026-06-02 19:05:15.770187+00,0,null,null,null,false,null,null,null,null,false,null,null,null,null,"[{""id"":""63a5d782-ce42-4e95-8fea-d17893f3e608"",""name"":""2026-06-01-1-raw.pdf"",""path"":""logs/2026/06/01/b6844328-0d65-4109-87ca-256049a6f2db.pdf"",""size"":264432,""bucket"":""log-attachments"",""mimeType"":""application/pdf"",""publicUrl"":""https://vqlawpnnmtequmbdvfcr.supabase.co/storage/v1/object/public/log-attachments/logs/2026/06/01/b6844328-0d65-4109-87ca-256049a6f2db.pdf""},{""id"":""b4fc9624-5cf6-4460-8c65-d442df854001"",""name"":""2026-06-01-2-consultation.pdf"",""path"":""logs/2026/06/01/78606627-55a2-40e7-8640-947db4e906f2.pdf"",""size"":310922,""bucket"":""log-attachments"",""mimeType"":""application/pdf"",""publicUrl"":""https://vqlawpnnmtequmbdvfcr.supabase.co/storage/v1/object/public/log-attachments/logs/2026/06/01/78606627-55a2-40e7-8640-947db4e906f2.pdf""},{""id"":""d591fa97-7557-4b53-956d-36e015f1b8c8"",""name"":""2026-06-01-3-family.pdf"",""path"":""logs/2026/06/01/ca414ad6-1e07-4b91-83f6-9ccec2bbb18a.pdf"",""size"":180904,""bucket"":""log-attachments"",""mimeType"":""application/pdf"",""publicUrl"":""https://vqlawpnnmtequmbdvfcr.supabase.co/storage/v1/object/public/log-attachments/logs/2026/06/01/ca414ad6-1e07-4b91-83f6-9ccec2bbb18a.pdf""},{""id"":""5c75eddd-4216-40aa-bdd6-a00e80d3750a"",""name"":""2026-06-01-1-raw.md"",""path"":""logs/2026/06/02/598f697e-7a61-4767-9083-1ee3bdb67ccd.md"",""size"":2829,""bucket"":""log-attachments"",""mimeType"":""text/markdown; charset=utf-8"",""publicUrl"":""https://vqlawpnnmtequmbdvfcr.supabase.co/storage/v1/object/public/log-attachments/logs/2026/06/02/598f697e-7a61-4767-9083-1ee3bdb67ccd.md""},{""id"":""e3fa0084-fe9a-47b9-b5a8-b8ba34b21eaf"",""name"":""2026-06-01-2-consultation.md"",""path"":""logs/2026/06/02/e674e39d-ecb8-42ce-a1a7-024f7c7326c7.md"",""size"":4266,""bucket"":""log-attachments"",""mimeType"":""text/markdown; charset=utf-8"",""publicUrl"":""https://vqlawpnnmtequmbdvfcr.supabase.co/storage/v1/object/public/log-attachments/logs/2026/06/02/e674e39d-ecb8-42ce-a1a7-024f7c7326c7.md""},{""id"":""7d994481-199a-4dea-9969-68e61a672199"",""name"":""2026-06-01-3-family.md"",""path"":""logs/2026/06/02/4326115b-77d4-4b6d-927e-3267d7c1757f.md"",""size"":1244,""bucket"":""log-attachments"",""mimeType"":""text/markdown; charset=utf-8"",""publicUrl"":""https://vqlawpnnmtequmbdvfcr.supabase.co/storage/v1/object/public/log-attachments/logs/2026/06/02/4326115b-77d4-4b6d-927e-3267d7c1757f.md""}]",[],null,null
45b47ba6-65ef-4fdd-acdb-5d81c7f2c034,癒し（いやし）,"# 출처

[[link:125b4df4-6ee3-4c57-a156-05795a5ba489]]

# 상황

노브록티비에서 DRAW ME 멤버들 모아놓고 귀찮은여자 1위에 뽑힌걸 개인유튜브채널에서 해명하는상황

# 사용예시

仕事でどんだけ疲れてても
家に帰るのが癒しというか
あなたと会うことが癒しだと思います。

일이 아무리 힘들어도 집에 돌아가는게 힐링이라고해야되나
당신과 만나는것이 힐링이라고 생각합니다.

# 문장 분석

문장 전체 분석

원문:

仕事でどんだけ疲れてても
家に帰るのが癒しというか
あなたと会うことが癒しだと思います。

① 仕事でどんだけ疲れてても
仕事で = 일 때문에, 직장에서
どんだけ = 얼마나, 아무리 (구어체)
疲れてても = 疲れていても의 회화체
피곤해도
지쳐도

→ ""일 때문에 아무리 지쳐 있어도""

② 家に帰るのが癒しというか
家に帰る = 집에 돌아가다
のが = ~하는 것이
癒し = 힐링, 위안
というか = 아니랄까, 정확히 말하면, 오히려

직역하면:

집에 돌아가는 게 힐링이라고 해야 하나

하지만 여기서 というか는 방금 한 말을 수정하는 역할입니다.

즉

집에 가는 게 힐링이라고 해야 하나...

아니, 더 정확히 말하면...

이라는 흐름입니다.

③ あなたと会うことが癒しだと思います
あなたと = 당신과
会うこと = 만나는 것
癒しだ = 힐링이다
と思います = 라고 생각합니다

→ ""당신을 만나는 게 힐링이라고 생각합니다.""

전체 자연스러운 해석

직역:

일이 아무리 힘들어도,
집에 돌아가는 게 힐링이라고 해야 하나,
아니, 당신을 만나는 게 힐링이라고 생각합니다.

자연스럽게:

일이 아무리 힘들어도 집에 가면 마음이 놓이잖아요. 그런데 생각해보면 그보다 당신을 만나는 게 저한테는 힐링인 것 같아요.

또는

일이 아무리 힘들어도 버틸 수 있는 건, 당신을 만나면 마음이 편해지기 때문인 것 같아요.

이 문장에서 중요한 포인트

사실 핵심은 癒し(힐링, 위안) 보다도 というか입니다.

화자의 생각 흐름이

집이 힐링이다

↓

아니, 사실은 당신을 만나는 게 힐링이다

로 수정되고 있기 때문입니다.

그래서 최종적으로 전달하고 싶은 내용은

당신과 만나는 시간이 나에게 가장 큰 위안이다.

입니다.

상황(후쿠토메 미츠호의 해명)까지 고려하면

노부록 TV에서 ""연애할 때 귀찮은 여자 랭킹 1위"" 이야기를 하는 맥락이라면, 이 발언은 특별한 숨은 의미를 담은 고백성 멘트라기보다는

""나는 상대에게 이것저것 요구하는 타입이 아니라, 오히려 상대를 만나면 내가 위로받는 쪽이다.""

라는 취지에 가깝습니다.

즉 문장 자체는 전혀 어려운 표현이 아니고,

일이 힘들어도 연인을 만나면 힐링된다.

정도로 받아들이면 거의 충분합니다.","[""日本語"",""文章分析"",""youtube"",""福留光帆""]",2026-06-02 11:48:56.5634+00,e1848554-ffae-479c-a8cd-4c0d77b7bed2,2026-06-05 02:13:38.847327+00,0,3,0,2026-06-05 02:13:38.847327+00,0,null,null,null,false,null,null,null,null,false,null,null,null,null,[],"[{""id"":""125b4df4-6ee3-4c57-a156-05795a5ba489"",""url"":""https://youtu.be/8P9rJ0F-TTg?si=1EAZH8uu7hfKlH0t"",""image"":""https://img.youtube.com/vi/8P9rJ0F-TTg/hqdefault.jpg"",""title"":""YouTube Video"",""siteName"":""YouTube"",""description"":null}]",null,null
2f8742c9-4dd5-4f77-bffc-356303911071,綴り（つづり）,"# 출처

[[link:a08cdd65-7467-4789-add7-bed0e769d252]]

# 상황

노브록티비에서 히나오카마후유가 진지하게 메모하는걸 숫자로세고 어디까지메모하냐보는장면

# 사용예시

スタッフ：佐久間さんの綴りって「Sakuma」？
谷拓哉（パンプキンポテトフライ）：全然違いますよ。
佐久間さんの綴りは「Soccer」です。
スタッフ：これってなんて呼ぶんですか？
谷拓哉（パンプキンポテトフライ）：サクムァーです。
スタッフ：じゃあサッカーと一緒に綴りってことですか？
カムバック（パンプキンポテトフライ）：そうです。
谷拓哉（パンプキンポテトフライ）：まあサッカーですね。もう。
スタッフ：サッカーが日本にわたってきて定着したのが呼び方が「Sakuma」ですね
カムバック（パンプキンポテトフライ）：なんで佐久間さんが「Soccer」にしたかって
サッカーが大好きていうのもあるんですけど
「Sakuma」の「S」取ると「AKUMA」になるんじゃないですか？
佐久間さん元々悪魔出身ていうか先祖が悪魔らしくて
スタッフ：佐久間さんの先祖が悪魔なんですか？
カムバック（パンプキンポテトフライ）：あ、らしいですよ。

# 문장분석

전체 흐름부터 이해하기

이 장면은 **""사쿠마(佐久間)의 영어 철자(spelling)를 설명한다""**는 설정으로 시작해서, 점점 말도 안 되는 설정을 덧붙이는 개그입니다.

핵심은 綴り(철자, 스펠링) 이고, 그걸 억지로 Soccer → AKUMA(악마) 와 연결하는 데 있습니다.

① 佐久間さんの綴りって「Sakuma」？
단어
佐久間さん = 사쿠마 씨
綴り(つづり) = 철자, 스펠링
～って = ~은, ~라고
Sakuma = 영문 표기
해석

사쿠마 씨 이름 철자가 Sakuma예요?

사쿠마 씨 영어 표기가 Sakuma인가요?

여기서 綴り는 그냥 ""스펠링""입니다.

② 全然違いますよ。
全然 = 전혀
違います = 다릅니다

→

전혀 아닙니다.

③ 佐久間さんの綴りは「Soccer」です。
綴り = 철자
Soccer = 축구

→

사쿠마 씨의 철자는 Soccer입니다.

여기서부터 이미 개그 시작.

④ これってなんて呼ぶんですか？
これ = 이것
なんて = 어떻게
呼ぶ = 부르다

→

이건 뭐라고 읽나요?

이건 어떻게 발음하나요?

⑤ サクムァーです。

억지 발음 개그.

Soccer를

사커

가 아니라

사쿠마

비슷하게 읽는다는 설정.

→

""사쿠마""라고 읽습니다.

⑥ じゃあサッカーと一緒に綴りってことですか？
단어
サッカー = 축구
一緒 = 같다
綴り = 철자
～ってことですか = 라는 건가요?
해석

그럼 축구(Soccer)랑 같은 철자라는 말인가요?

⑦ そうです。

맞습니다.

⑧ まあサッカーですね。もう。
단어
まあ = 뭐
もう = 이제는
해석

그냥 축구네요 이제.

사실상 축구인데요.

⑨ サッカーが日本にわたってきて定着したのが呼び方が「Sakuma」ですね
구조
サッカーが日本にわたってきて
축구가 일본에 들어와서
定着した
정착했다
呼び方がSakuma
부르는 방식이 Sakuma
해석

축구가 일본에 들어와 정착하면서 이름이 Sakuma가 된 거군요.

말도 안 되는 설정을 진지하게 받아주는 츳코미.

⑩ なんで佐久間さんが「Soccer」にしたかって
구조
なんで = 왜
Soccerにした = Soccer로 했는지
かって = かというと
해석

왜 Soccer라고 쓰게 됐냐면

⑪ サッカーが大好きっていうのもあるんですけど
구조
サッカーが大好き
축구를 엄청 좋아한다
～っていうのもある
그런 이유도 있다
해석

축구를 좋아하는 것도 이유긴 한데

⑫ 「Sakuma」の「S」取ると「AKUMA」になるんじゃないですか？
구조
Sを取ると
S를 빼면
AKUMAになる
AKUMA가 된다
해석

Sakuma에서 S를 빼면 AKUMA가 되잖아요?

여기서부터 본격적인 말장난.

⑬ 佐久間さん元々悪魔出身ていうか
구조
元々 = 원래
悪魔出身 = 악마 출신
ていうか = 아니 정확히 말하면
해석

사쿠마 씨가 원래 악마 출신이라고 해야 하나

아니, 악마 계통이라고 해야 하나

⑭ 先祖が悪魔らしくて
구조
先祖 = 선조
悪魔 = 악마
らしい = ~라고 한다
해석

조상이 악마였다고 하더라고요.

⑮ 佐久間さんの先祖が悪魔なんですか？
해석

사쿠마 씨 조상이 악마라고요?

⑯ あ、らしいですよ。
해석

네, 그렇다던데요.

그런 것 같더라고요.

정리

이 장면에서 실제로 알아두면 좋은 표현은 딱 두 개입니다.

綴り
철자
스펠링

예)

名前の綴り
이름 철자
メールアドレスの綴り
이메일 주소 철자
～かって（＝かというと）

예)

なんでそうしたかって

→

왜 그렇게 했냐면

일본 예능에서 정말 자주 나오는 구어체입니다.

나머지는 전부

Sakuma → S 제거 → AKUMA → 조상이 악마 → 그래서 Soccer

라는 억지 설정을 진지하게 설명하는 보케 개그라고 보면 됩니다. 그래서 문법 자체는 어렵지 않고, 綴り(철자) 와 かって(냐면) 정도만 챙겨가면 충분한 장면입니다.깝습니다.","[""日本語"",""文章分析"",""youtube"",""ノブロックtv"",""谷拓哉（パンプキンポテトフライ）"",""カムバック（パンプキンポテトフライ）"",""雛岡まふゆ""]",2026-06-02 14:03:05.492945+00,e1848554-ffae-479c-a8cd-4c0d77b7bed2,2026-06-05 00:45:57.407091+00,0,6,0,2026-06-05 00:45:57.407091+00,0,null,null,null,false,null,null,null,null,false,null,null,null,null,[],"[{""id"":""a08cdd65-7467-4789-add7-bed0e769d252"",""url"":""https://youtu.be/FmO_dI4dJV0?si=vNtl68fduwpaDITh"",""image"":""https://img.youtube.com/vi/FmO_dI4dJV0/hqdefault.jpg"",""title"":""YouTube Video"",""siteName"":""YouTube"",""description"":null}]",null,null
7e916f80-ba64-4edc-9436-1be0dc5908f4,2026년 6월 1째주 감정기록,"최근 들어 내 상태에 대해 생각하는 시간이 많아졌다.

예전에도 사람 앞에서 긴장하면 손을 떨긴 했지만 최근에는 평상시에도 손떨림이 느껴지는 것 같아 신경이 쓰인다. 다만 돌이켜보면 원래도 손을 떠는 편이었고 물건을 떨어뜨리는 일도 있었기 때문에 최근에 갑자기 생긴 증상이라고 단정하기는 어렵다.

정신과 약을 먹은 이후에는 심장이 진정되는 느낌은 있지만 손떨림은 완전히 없어지지 않는다. 어떤 날은 괜찮고 어떤 날은 심하다. 특히 하품을 많이 하거나 긴장되는 상황에서는 더 심하게 느껴진다.

5월에는 유난히 일정이 많았다. 오키나와 여행, 동생 결혼식, 가족 식사 등 평소의 나라면 부담을 느낄 만한 상황들이 연속으로 있었다.

오키나와에서는 평소 혼자였다면 하지 못했을 경험들을 짧은 기간 안에 많이 했다. 식당 주문, 이동, 사람과의 대화 등 계속 새로운 상황에 노출되었다. 마지막 날에는 숨쉬기 힘들 정도로 긴장했고 잠도 거의 자지 못했다. 다만 동네를 걷고 나서는 조금 나아지는 느낌도 있었다.

생각해보면 예전 폴리텍 시절에도 사람이 말을 걸면 손을 심하게 떨었고 상대방이 왜 손을 그렇게 떠냐고 말한 적도 있었다. 처음에는 의욕적으로 사람들과 어울리려고 했지만 시간이 지날수록 사람을 피하게 되었다.

최근에는 집에서도 사람 목소리, 발소리, 큰 소리에 긴장하는 경우가 있다. 항상 그런 것은 아니지만 몸이 계속 주변을 의식하는 느낌이 든다.

또 최근에는 목에 뭔가 걸려 있는 것 같은 느낌과 메스꺼움도 있다. 특히 턱밑과 목젖 사이 부근에서 느껴진다. 음식은 잘 넘어가지만 뭔가 남아 있는 것 같은 느낌이 있다.

정신과 약을 먹은 이후에는 이런 신체 증상에 대해 더 생각하게 된 것 같다. 원래 있던 증상을 더 의식하게 된 것인지, 실제 변화가 생긴 것인지는 아직 모르겠다.

현재는 문제의 원인이 하나가 아니라 여러 가지가 섞여 있다고 생각한다.

원래부터 있던 긴장과 손떨림
사람에 대한 부담감
약물 영향 가능성
목 또는 기관지 문제 가능성
수면 리듬 문제
최근 일정 증가

이 모든 것이 함께 영향을 주고 있는 것 같다.

[[attach:2e28869a-cc24-4ccd-b0b5-0fd901f153c1]]

[[attach:7b6e4d48-853c-4be9-b570-1a3dc2569540]]

[[attach:e9258547-fc6c-4f0d-897b-ef740108c7d9]]

[[attach:f79f193f-bf5c-42a7-b15f-ebf75b89a036]]

[[attach:6662483c-ae69-4dfe-b4be-db068890963f]]

[[attach:2f79fa8c-60d5-4bd6-ae31-f47a9a89440e]]

","[""감정기록"",""불안"",""우울"",""증상""]",2026-06-02 18:12:21.559743+00,e1848554-ffae-479c-a8cd-4c0d77b7bed2,2026-06-02 19:05:07.263898+00,0,3,0,2026-06-02 19:05:07.263898+00,0,null,null,null,false,null,null,null,null,false,null,null,null,null,"[{""id"":""2e28869a-cc24-4ccd-b0b5-0fd901f153c1"",""name"":""2026-06-03-1-raw.md"",""path"":""logs/2026/06/03/53e3152a-bd37-4347-992a-b632b6b25af9.md"",""size"":179,""bucket"":""log-attachments"",""mimeType"":""text/markdown; charset=utf-8"",""publicUrl"":""https://vqlawpnnmtequmbdvfcr.supabase.co/storage/v1/object/public/log-attachments/logs/2026/06/03/53e3152a-bd37-4347-992a-b632b6b25af9.md""},{""id"":""7b6e4d48-853c-4be9-b570-1a3dc2569540"",""name"":""2026-06-03-2-constructor.md"",""path"":""logs/2026/06/03/3cd9a91f-7835-4a45-8d72-7b605e6a849f.md"",""size"":914,""bucket"":""log-attachments"",""mimeType"":""text/markdown; charset=utf-8"",""publicUrl"":""https://vqlawpnnmtequmbdvfcr.supabase.co/storage/v1/object/public/log-attachments/logs/2026/06/03/3cd9a91f-7835-4a45-8d72-7b605e6a849f.md""},{""id"":""e9258547-fc6c-4f0d-897b-ef740108c7d9"",""name"":""2026-06-03-3-family.md"",""path"":""logs/2026/06/03/e5405ea0-bb65-42ef-8e34-405357f7b862.md"",""size"":688,""bucket"":""log-attachments"",""mimeType"":""text/markdown; charset=utf-8"",""publicUrl"":""https://vqlawpnnmtequmbdvfcr.supabase.co/storage/v1/object/public/log-attachments/logs/2026/06/03/e5405ea0-bb65-42ef-8e34-405357f7b862.md""},{""id"":""f79f193f-bf5c-42a7-b15f-ebf75b89a036"",""name"":""2026-06-03-1-raw.pdf"",""path"":""logs/2026/06/03/0a79a7e8-e282-416a-a4e4-6f150eec024a.pdf"",""size"":72561,""bucket"":""log-attachments"",""mimeType"":""application/pdf"",""publicUrl"":""https://vqlawpnnmtequmbdvfcr.supabase.co/storage/v1/object/public/log-attachments/logs/2026/06/03/0a79a7e8-e282-416a-a4e4-6f150eec024a.pdf""},{""id"":""6662483c-ae69-4dfe-b4be-db068890963f"",""name"":""2026-06-03-2-constructor.pdf"",""path"":""logs/2026/06/03/7e96c08a-b6a0-466a-b00b-be9062d2b747.pdf"",""size"":159927,""bucket"":""log-attachments"",""mimeType"":""application/pdf"",""publicUrl"":""https://vqlawpnnmtequmbdvfcr.supabase.co/storage/v1/object/public/log-attachments/logs/2026/06/03/7e96c08a-b6a0-466a-b00b-be9062d2b747.pdf""},{""id"":""2f79fa8c-60d5-4bd6-ae31-f47a9a89440e"",""name"":""2026-06-03-3-family.pdf"",""path"":""logs/2026/06/03/47abf905-6c67-4832-a73f-7b9e341f01b4.pdf"",""size"":148936,""bucket"":""log-attachments"",""mimeType"":""application/pdf"",""publicUrl"":""https://vqlawpnnmtequmbdvfcr.supabase.co/storage/v1/object/public/log-attachments/logs/2026/06/03/47abf905-6c67-4832-a73f-7b9e341f01b4.pdf""}]",[],null,null
e2c94362-e7dd-4f46-ad81-37ca698edb21,2026년 5월말~6월초 감정기록 정리,"# 시오리 제출용 (상세 버전)

## 현재 가장 힘든 증상

현재 가장 힘든 증상은 하루 대부분 지속되는 긴장감과 답답함입니다.

아침에 눈을 뜰 때부터 잠들기 전까지 긴장감이 계속 유지되는 경우가 많으며, 혼자 있을 때도 완전히 사라지지 않습니다. 사람을 만나거나 평가받는 상황에서는 더욱 심해집니다.

예전에는 숨쉬기 힘들다는 느낌이 강했는데 최근에는 숨은 쉬어지지만 가슴이 답답하거나 숨이 거친 느낌, 가슴이 조이는 느낌이 자주 있습니다.

증상이 심해지는 상황

특히 다음과 같은 상황에서 증상이 심해집니다.

낯선 사람을 만날 때
권위적인 사람을 상대할 때
평가받는 상황
질문을 해야 하는 상황
자신의 생각을 제대로 전달해야 하는 상황
오해를 받았다고 느낄 때
지적을 받았을 때
공감을 받지 못한다고 느낄 때

업무 자체보다 사람과 소통해야 하는 상황이 훨씬 큰 부담으로 느껴집니다.

의사소통 문제

가장 큰 문제 중 하나는 긴장하면 생각이 멈추는 것입니다.

긴장이 심해지면

머리가 하얘짐
질문을 못 함
필요한 설명을 못 함
하고 싶은 말을 못 함
상대방 말이 잘 들어오지 않음

과 같은 상태가 됩니다.

이 문제는 병원 진료실에서도 발생합니다.

진료 전에는 이야기할 내용이 떠오르지만 실제 진료실에서는 말이 잘 나오지 않으며, 진료가 끝난 뒤에야 할 말들이 생각나는 경우가 많습니다.

그래서 실제 상태가 충분히 전달되지 않는다고 느끼고 있습니다.

과거부터의 특성

어릴 때부터 사람을 어려워하는 성향은 있었습니다.

속마음을 잘 말하지 않았고,

노력해라
운동해라
신경 쓰지 마라

와 같은 반응을 자주 경험했습니다.

공감받는 경험이 적었다고 느끼며 점점 자신의 이야기를 하지 않게 되었습니다.

직장 및 사회생활 관련

업무 자체보다 소통 문제가 더 큰 어려움으로 느껴집니다.

과거 직장이나 아르바이트에서도

질문을 못 함
보고를 어려워함
필요한 말을 못 함
긴장하면 생각이 멈춤

이 반복되었습니다.

현재도 업무 능력 자체보다 업무상 대화와 소통 때문에 회사생활 유지가 어려울 수 있다는 걱정을 하고 있습니다.

성향과 증상의 구분

원래

혼자 있는 것을 좋아함
깊게 집중하는 것을 좋아함
단체생활을 선호하지 않음

과 같은 성향은 있었습니다.

하지만 현재는 단순한 성향의 문제가 아니라,

필요한 질문도 못 함
전화가 부담됨
업무상 소통이 어려움
진료실에서도 말을 못 함

등의 문제가 발생하고 있어 성향 이상의 증상이라고 느끼고 있습니다.

최근 변화

좋아진 점도 있습니다.

병원 치료를 지속하고 있음
가족에게 일부 증상을 이야기할 수 있게 됨
AI와의 대화를 통해 생각 정리가 가능해짐
개발 공부를 지속 중
일본어 공부를 지속 중

하지만 여전히

긴장감
답답함
미래 불안
사람과의 소통 문제

가 남아 있습니다.

최근 추가 관찰

상담이나 진료가 있는 날에는 하루 종일 긴장하는 경우가 많습니다.

병원 대기 중 긴장이 특히 심해지며 손떨림이 나타나는 경우도 있습니다.

또한 최근에는 충분히 이야기하거나 공감을 받으면 긴장이 일부 완화되는 느낌도 경험하고 있습니다.

사람과 관련된 긴장은 단순히 사람을 싫어하는 수준이 아니라 사람과 상호작용해야 한다는 사실 자체가 부담으로 느껴집니다.

누군가 말을 걸 가능성이 있는 상황에서도 긴장이 올라갑니다.

수면과 관련해서는

낮에는 피곤함
밤에는 잠들기 싫음
새벽이 가장 편안함

을 느끼고 있습니다.

밤에는 사람을 마주칠 가능성이 적어 상대적으로 안전하다고 느껴집니다.

비교와 위축감

어릴 때부터 동생과 비교당했다고 느껴왔습니다.

현재도

""남들은 다 하는데 나는 못한다""

는 생각이 들 때 위축감이 심해집니다.

이런 상황에서 무력감과 삶에 대한 회의감이 강해지는 경우가 있습니다.

자살 관련 생각

비교 상황이나 미래에 대한 불안이 심할 때

왜 살아야 하는지 모르겠다
뭐 하러 사나

라는 생각이 들 때가 있습니다.

하지만

구체적인 계획 없음
준비 없음
시도 경험 없음

입니다.

현재 자신을 붙잡고 있는 것은 개발 공부와 일본어 공부라고 느끼고 있습니다.

가족 관련

가족이 상태를 이해하지 못한다고 느끼는 경우가 있습니다.

주로

운동해라
노력해라
밖에 나가라

와 같은 조언을 듣게 되는데,

본인은 이미 시도해봤지만 과거처럼 효과가 없다고 느끼고 있습니다.

그래서 압박감이나 답답함을 느끼는 경우가 있습니다.

예전과 현재의 차이

20대 초중반에는

운동
산책
외출

만으로도 스트레스가 완화되는 느낌이 있었습니다.

하지만 현재는

산책
외출
여행
갓바위 방문

등을 해도 예전 같은 회복감이 거의 없습니다.

오히려 집에 가고 싶다는 생각이 드는 경우도 있습니다.

음주 관련

최근에는 혼자 술을 마시는 횟수가 증가한 것 같습니다.

술을 마시면

긴장감 감소
답답함 감소
감정 표현 증가

를 느끼는 경우가 있습니다.

가장 중요하게 전달하고 싶은 내용

원래 혼자 있는 것을 좋아하는 성향은 있었지만, 현재는 단순히 성향의 문제가 아니라 긴장하면 생각이 멈추고 필요한 질문이나 업무상 대화도 어려운 상태입니다. 특히 진료실에서도 말을 잘 못 해서 실제 상태가 충분히 전달되지 않는다고 느끼고 있습니다.

또한 최근 가장 크게 느끼는 문제는 단순한 불안이나 우울보다 지속적인 긴장 상태입니다. 예전에는 운동이나 산책으로 회복이 가능했지만 현재는 효과가 거의 느껴지지 않으며, 사람과의 상호작용 자체가 큰 부담으로 느껴집니다. 비교 상황에서는 무력감과 자살 관련 생각이 나타나기도 하지만 계획이나 실행 의도는 없습니다.

[[attach:ff2598a2-5176-4645-9687-2399acb7e4b8]]

[[attach:53c83b8c-7987-4b50-ba96-f9f4ce86296e]]

[[attach:f049540e-9e7a-491c-9760-2ee9318bb73f]]

[[attach:52685142-47a4-4b72-866b-9e272965ae0c]]

[[attach:6b560442-6ecb-482d-81fe-82d6547642b9]]

[[attach:ad7ab595-a57b-48f1-a9dc-1241b0549a02]]","[""감정기록"",""우울"",""불안"",""정신과""]",2026-06-02 19:08:08.386259+00,e1848554-ffae-479c-a8cd-4c0d77b7bed2,2026-06-06 13:17:54.034647+00,0,11,0,2026-06-06 13:17:54.034647+00,0,null,null,null,false,null,null,null,null,false,null,null,null,null,"[{""id"":""ff2598a2-5176-4645-9687-2399acb7e4b8"",""name"":""2026-5last~6first-1-raw.md"",""path"":""logs/2026/06/03/f6e74e05-00f8-4162-a93d-040fb15fee02.md"",""size"":607,""bucket"":""log-attachments"",""mimeType"":""text/markdown; charset=utf-8"",""publicUrl"":""https://vqlawpnnmtequmbdvfcr.supabase.co/storage/v1/object/public/log-attachments/logs/2026/06/03/f6e74e05-00f8-4162-a93d-040fb15fee02.md""},{""id"":""53c83b8c-7987-4b50-ba96-f9f4ce86296e"",""name"":""2026-5last~6first-2-constructor.md"",""path"":""logs/2026/06/03/06025082-b15d-4a2a-9e69-1e541019fd57.md"",""size"":499,""bucket"":""log-attachments"",""mimeType"":""text/markdown; charset=utf-8"",""publicUrl"":""https://vqlawpnnmtequmbdvfcr.supabase.co/storage/v1/object/public/log-attachments/logs/2026/06/03/06025082-b15d-4a2a-9e69-1e541019fd57.md""},{""id"":""f049540e-9e7a-491c-9760-2ee9318bb73f"",""name"":""2026-5last~6first-3-family.md"",""path"":""logs/2026/06/03/802b9c1b-32a4-4161-b6ca-963e9a90246b.md"",""size"":991,""bucket"":""log-attachments"",""mimeType"":""text/markdown; charset=utf-8"",""publicUrl"":""https://vqlawpnnmtequmbdvfcr.supabase.co/storage/v1/object/public/log-attachments/logs/2026/06/03/802b9c1b-32a4-4161-b6ca-963e9a90246b.md""},{""id"":""52685142-47a4-4b72-866b-9e272965ae0c"",""name"":""2026-5last~6first-1-raw.pdf"",""path"":""logs/2026/06/03/f4bd0101-4485-4a57-8a5f-dddc3ce093fe.pdf"",""size"":148119,""bucket"":""log-attachments"",""mimeType"":""application/pdf"",""publicUrl"":""https://vqlawpnnmtequmbdvfcr.supabase.co/storage/v1/object/public/log-attachments/logs/2026/06/03/f4bd0101-4485-4a57-8a5f-dddc3ce093fe.pdf""},{""id"":""6b560442-6ecb-482d-81fe-82d6547642b9"",""name"":""2026-5last~6first-2-constructor.pdf"",""path"":""logs/2026/06/03/71f95f73-7554-4a0e-ab6d-e9d0f5444e00.pdf"",""size"":142539,""bucket"":""log-attachments"",""mimeType"":""application/pdf"",""publicUrl"":""https://vqlawpnnmtequmbdvfcr.supabase.co/storage/v1/object/public/log-attachments/logs/2026/06/03/71f95f73-7554-4a0e-ab6d-e9d0f5444e00.pdf""},{""id"":""ad7ab595-a57b-48f1-a9dc-1241b0549a02"",""name"":""2026-5last~6first-3-family.pdf"",""path"":""logs/2026/06/03/c2ac7880-d5eb-40a8-9a2f-78f774cede04.pdf"",""size"":163279,""bucket"":""log-attachments"",""mimeType"":""application/pdf"",""publicUrl"":""https://vqlawpnnmtequmbdvfcr.supabase.co/storage/v1/object/public/log-attachments/logs/2026/06/03/c2ac7880-d5eb-40a8-9a2f-78f774cede04.pdf""}]",[],null,null
728b702c-6d44-4674-8228-39465d371261,緩やか（ゆるやか）,"출처

[[link:4ad97c08-04bd-4ad8-a41b-ce4f30594630]]

상황

스즈키유우카가 야마나시 관광하러갔다가 아라쿠라야마센겐공원 계단을 올라가는상황

사용예시

でも階段けっこう緩やかですね。
그래도 계단이 딱히 가파르진않네요.","[""日本語"",""文章分析"",""youtube"",""鈴木優香"",""山梨新倉山浅間公園""]",2026-06-03 12:59:51.518599+00,e1848554-ffae-479c-a8cd-4c0d77b7bed2,2026-06-04 08:58:50.232472+00,0,2,0,2026-06-04 08:58:50.232472+00,0,null,null,null,false,null,null,null,null,false,null,null,null,null,[],"[{""id"":""4ad97c08-04bd-4ad8-a41b-ce4f30594630"",""url"":""https://youtu.be/CkrZDJyWDpg?si=BYXSZqheEUG0Eccw"",""image"":""https://img.youtube.com/vi/CkrZDJyWDpg/hqdefault.jpg"",""title"":""YouTube Video"",""siteName"":""YouTube"",""description"":null}]",null,null
a199d454-0a09-4968-9bc0-881fa453f88d,心地会う（ここちあう）,"# 출처

[[link:1765eb19-97e0-4871-83c2-fcf7c5f886dd]]

# 상황

니코가 운전하는상황에서 오카다코우타가 연애플러팅느낌나는 보케를 치는상황

# 사용예시

平成フラミンゴ NICO：私は乗り心地分かったところでアンタ運転免許ないね？
岡田康太：（助手席の）乗り心地。
平成フラミンゴ NICO：どういうこと？
岡田康太：今後一緒に移動するとして、でも運転するのは好きなんやろ？
平成フラミンゴ NICO：好き。
岡田康太：運転してあげるのもいい？
平成フラミンゴ NICO：あ、そうなんだけど、ただ、（運転手が）私一人はキツイんですよ
運転交代して支え合うならいいけど、私しかおらんはプレッシャーすぎだよ。
岡田康太：免許取るわ。
平成フラミンゴ NICO：とれよ。何歳だいま？
岡田康太：３５歳、独身、免許なし。だいぶマイナスですね？
平成フラミンゴ NICO：だいぶマイナスですよ。

# 문장분석

● 문장별 분석

NICO

私は乗り心地分かったところでアンタ運転免許ないね？

직역

승차감은 알겠는데, 너 운전면허 없잖아?

의역

조수석 승차감이 좋네 어쩌네 해도, 넌 운전도 못 하잖아?

여기서

ところで

는

그런데 말이야

그건 그렇고

느낌입니다.

그리고

アンタ

는 꽤 편한 사이에서 쓰는

너

정도.

팁

일본 여성은 마음의 거리가 있는 남성에게는 보통

岡田さん
あなた

등을 쓰는 경우가 많습니다.

アンタ는 친한 사이에서 나오는 말투입니다.

오카다

（助手席の）乗り心地。

직역

(나는) 조수석 승차감 말한 건데.

의역

내가 운전한다는 얘기가 아니라 조수석 타는 입장 얘기야.

이건 사실상 보케입니다.

NICO

면허 없잖아

오카다

난 조수석 탈 건데?

ㅋㅋ

이런 흐름.

NICO

どういうこと？

직역

그게 무슨 말이야?

의역

갑자기 왜 그런 얘기가 나와?

오카다

今後一緒に移動するとして

이 문장이 가장 중요합니다.

직역

앞으로 같이 이동한다고 가정하면.

의역

앞으로 우리 둘이 같이 다니게 된다면 말이야.

여기서

今後
= 앞으로

一緒に
= 함께

移動する
= 이동하다

として
= ~라고 가정하면

팁

이 문장은 정보 전달 목적이 아닙니다.

""우리 둘""이라는 미래를 상상하게 만드는 문장입니다.

그래서 플러팅 냄새가 나는 부분이 여기입니다.

오카다

でも運転するのは好きなんやろ？

표준어

でも運転するのは好きなんだろ？

직역

그래도 운전하는 건 좋아하지?

의역

너 운전 좋아하잖아?

관서 사투리

やろ

를 사용했습니다.

NICO

好き。

직역

좋아.

아주 담백한 대답.

오카다

運転してあげるのもいい？

직역

운전해 주는 것도 괜찮아?

의역

내가 태워주는 것도 괜찮지?

근데 여기서 문제는

면허가 없습니다.

그래서 NICO가 바로 태클을 걸 수 있는 구조.

NICO

あ、そうなんだけど

직역

아, 그건 그렇긴 한데

일단 긍정 후

반론을 준비하는 표현.

NICO

ただ、私一人はキツイんですよ

직역

근데 나 혼자만 하는 건 힘들어요.

의역

나만 계속 운전하는 건 좀 부담돼.

NICO

運転交代して支え合うならいいけど

직역

운전을 번갈아 하면서 서로 도와주는 거라면 괜찮지만.

여기서

支え合う

는

서로 돕다

서로 의지하다

입니다.

NICO

私しかおらんはプレッシャーすぎだよ

표준어

私しかいないのはプレッシャーすぎるよ

직역

나밖에 운전할 사람이 없는 건 부담이 너무 커.

의역

나 혼자 기사 역할 하는 건 싫어.

오카다

免許取るわ。

직역

면허 딸게.

관서 사투리의 특징.

짧고 즉답.

NICO

とれよ。

직역

따라.

의역

그럼 좀 따라.

상당히 편한 말투.

오카다

35歳、独身、免許なし。

직역

35살, 독신, 면허 없음.

이건 완전히 개그용 나열입니다.

마치 자기 프로필을 소개하듯이.

오카다

だいぶマイナスですね？

직역

꽤 마이너스죠?

의역

이거 꽤 감점 요소 아니야?

NICO

だいぶマイナスですよ。

직역

꽤 마이너스예요.

의역

아니, 엄청 마이너스지.

여기서 웃음 포인트가 완성됩니다.

전체 흐름 분석

구조만 보면

오카다
↓
우리 둘이 미래에 같이 이동하면
↓
NICO
면허 없잖아
↓
오카다
딸게
↓
NICO
따라
↓
오카다
35세 독신 면허 없음
↓
NICO
감점이다

결국 이 대화는

연애 플러팅 40% + 만담(漫才) 60%

정도로 보입니다.

특히 「今後一緒に移動するとして」는 플러팅이고,

그 이후는 거의 보케와 츳코미(ツッコミ)의 만담 구조로 흘러갑니다.

그래서 이 장면만 보면

진지한 고백 준비 과정

보다는

호감이 섞인 플러팅을 개그로 포장한 대화

라고 해석하는 게 가장 자연스러워 보입니다.",[],2026-06-04 11:56:40.384804+00,e1848554-ffae-479c-a8cd-4c0d77b7bed2,2026-06-04 12:20:17.39404+00,0,2,0,2026-06-04 12:20:17.39404+00,0,null,null,null,false,null,null,null,null,false,null,null,null,null,[],"[{""id"":""1765eb19-97e0-4871-83c2-fcf7c5f886dd"",""url"":""https://youtu.be/LB0qZbnBzBU?si=QfUrVOIoP04bEHma"",""image"":""https://img.youtube.com/vi/LB0qZbnBzBU/hqdefault.jpg"",""title"":""YouTube Video"",""siteName"":""YouTube"",""description"":null}]",null,null
dd1ae4b4-5723-41af-94a2-cfaae581020d,揉めてます（もめてます）,"# 출처

[[link:9b8a14b7-7406-4166-87aa-37d0832330b5]]

# 상황

후쿠토메미츠호 개인채널이서 vlog하려했는데 준비가 안되있어서 vlog인것처럼 행동하는상황

# 사용예시

今は揉めてます3人で。
오늘 실랑이중입니다. 3명이서

新宿でパチンコを打つか、渋谷でパチンコを打つか、これで揉めてます。
어디서 파칭코를 할지 가지고 옥신각신하고 있습니다.

# 문장 분석

처음에 「揉めてます」만 봤을 때는 ""싸우고 있다""라고 해석할 수 있었지만, 뒤 문장을 보면 실제로는 어디서 파칭코를 칠지 의견이 갈려 옥신각신하는 상황이니까요.

원문

今は揉めてます3人で。
新宿でパチンコを打つか、渋谷でパチンコを打つか、これで揉めてます。

문장 1 분석
今は
今(いま) = 지금
は = 화제 제시

→ ""지금은""

揉めてます
원형: 揉める
의미:
의견이 충돌하다
실랑이하다
옥신각신하다
다투다

이 문맥에서는

어디서 파칭코를 할지 의견이 갈려 옥신각신하고 있다

정도가 가장 적절

3人で
3人 = 3명
で = ~이서, ~끼리

→ ""3명이서""

자연스러운 번역

지금 3명이서 옥신각신하고 있습니다.

지금 3명이서 의견이 갈려 실랑이하고 있습니다.

문장 2 분석
新宿で
신주쿠에서
パチンコを打つ
파칭코를 치다
파칭코를 하다
か

선택 표현

AかBか

→ A할지 B할지

渋谷でパチンコを打つか
시부야에서 파칭코를 할지
これで
이것 때문에
이 문제로

여기서 「これ」는

신주쿠에서 할지 시부야에서 할지

라는 선택 문제를 가리킴

揉めてます
옥신각신하고 있습니다
의견이 갈리고 있습니다
전체 번역

직역:

신주쿠에서 파칭코를 할지, 시부야에서 파칭코를 할지, 그 문제로 옥신각신하고 있습니다.

자연 번역:

신주쿠에서 할지 시부야에서 할지 의견이 안 맞아서 셋이서 실랑이하고 있습니다.

지금 셋이서 어디서 파칭코를 할지 가지고 옥신각신하고 있습니다.

왜 「싸우고 있다」보다 「옥신각신하다」가 좋은가?

「揉める」 자체는 싸움도 될 수 있지만,

이번 문맥은

어디서 파칭코를 할까?

라는 가벼운 의견 대립

이므로 한국어로는

싸우다 △
다투다 ○
실랑이하다 ◎
옥신각신하다 ◎

가 더 자연스럽습니다.

팁

일본어에서

AかBかで揉めてる

패턴이 나오면 거의 자동으로

A로 할지 B로 할지 가지고 옥신각신하고 있다

라고 이해하면 됩니다.

예를 들어

ラーメンか寿司かで揉めてる
라멘 먹을지 초밥 먹을지 가지고 옥신각신하고 있다
誰が払うかで揉めてる
누가 계산할지 가지고 실랑이하고 있다
どこへ行くかで揉めてる
어디 갈지 가지고 의견이 갈리고 있다

이번 문장도 완전히 같은 구조입니다..","[""日本語"",""単語"",""文章分析"",""youtube"",""福留光帆""]",2026-06-05 11:35:06.468285+00,e1848554-ffae-479c-a8cd-4c0d77b7bed2,2026-06-05 11:45:19.040934+00,0,2,0,2026-06-05 11:45:19.040934+00,0,null,null,null,false,null,null,null,null,false,null,null,null,null,[],"[{""id"":""9b8a14b7-7406-4166-87aa-37d0832330b5"",""url"":""https://youtu.be/5QD5nXUpWgg?si=TwbLjbu5auZot9MB"",""image"":""https://img.youtube.com/vi/5QD5nXUpWgg/hqdefault.jpg"",""title"":""YouTube Video"",""siteName"":""YouTube"",""description"":null}]",null,null
52b652b4-996f-44fc-a4fb-f88beef3b6db,ピックルボール,"# 출처

[[link:d6958357-279b-4115-8686-c03cd6963dca]]

# 상황

PICKLE PICKLE에서 피클볼에빠지는이유를 자막으로 설명하는상황

# 사용예시

～ピックルボールにハマる理由～
種目が多いゆえにメダルを獲得できるチャンスが多かったり優勝したら次のカテゴリーがあり成長実感などが得られる。
피클볼에 빠지는 이유
종목이 다양해 메달을 딸 기회가 많고, 우승하면 다음 단계의 카테고리에 도전할 수 있어 성장하는 재미를 느낄 수 있다.

# 문장분석

원문:

種目が多いゆえにメダルを獲得できるチャンスが多かったり優勝したら次のカテゴリーがあり成長実感などが得られる。

문장 구조 분석

크게 나누면:

種目が多いゆえに
↓
メダルを獲得できるチャンスが多かったり
↓
優勝したら次のカテゴリーがあり
↓
成長実感などが得られる

입니다.

① 種目が多いゆえに
種目 = 종목
が = 주격조사
多い = 많다
ゆえに = 때문에, ~이므로

즉

種目が多いゆえに

종목이 많기 때문에

입니다.

팁

「ゆえに」는 「ので」「から」보다 다소 설명적이고 격식 있는 표현입니다.

雨だから → 비라서
雨のため → 비 때문에
雨ゆえに → 비인 까닭에

정도의 느낌 차이가 있습니다.

② メダルを獲得できるチャンスが多かったり

여기가 조금 중요합니다.

メダルを = 메달을
獲得できる = 획득할 수 있는
チャンス = 기회
が多い = 많다

따라서

メダルを獲得できるチャンスが多い

메달을 획득할 기회가 많다

가 기본 구조입니다.

그 뒤에

多かったり

가 붙었습니다.

～たり의 역할

보통

AたりBたりする

형태로

A하기도 하고 B하기도 한다

라는 뜻입니다.

예:

映画を見たり本を読んだりする

영화를 보기도 하고 책을 읽기도 한다

그런데 이 문장은 자막이라

メダルを獲得できるチャンスが多かったり

만 나오고 뒤의 ～たり가 완전히 대응되지 않습니다.

실제로는

メダルを獲得できるチャンスが多かったり、
○○だったり、
△△だったりする

같은 느낌으로 여러 이유 중 하나를 나열하는 기능입니다.

즉

메달을 딸 기회가 많기도 하고

정도의 의미입니다.

③ 優勝したら次のカテゴリーがあり

분해:

優勝したら = 우승하면
次の = 다음의
カテゴリー = 카테고리
があり = 있고

즉

우승하면 다음 카테고리가 있고

입니다.

여기서의 次のカテゴリー

문맥상

상위 부문
다음 등급
다음 단계

를 의미합니다.

예를 들면

초급 우승
중급 참가
중급 우승
상급 참가

같은 시스템을 말하는 듯합니다.

④ 成長実感などが得られる

분해:

成長 = 성장
実感 = 실감
成長実感 = 성장 실감, 성장 체감
など = 등
が
得られる = 얻을 수 있다

직역하면

성장 실감 등을 얻을 수 있다

입니다.

자연스럽게는

성장했다는 느낌을 받을 수 있다

성장을 체감할 수 있다

정도입니다.

전체 구조를 문법적으로 복원하면

자막이라 생략이 많으므로 사실상 이런 문장에 가깝습니다.

種目が多いゆえに、
メダルを獲得できるチャンスが多かったり、
優勝したら次のカテゴリーがあったりして、
成長実感などが得られる。

여기서

～たり
～たりして

로 이유를 나열하고

마지막에

成長実感などが得られる

로 결론을 내리는 구조입니다.

즉,

종목이 많아서 메달을 딸 기회도 많고,
우승하면 다음 단계도 있으며,
그런 과정을 통해 성장하는 느낌을 얻을 수 있다.

정도로 이해하면 됩니다.

팁

이 문장에서 일본인이 실제로 말하고 싶은 핵심은 「成長実感」입니다.

앞의

メダルを獲得できるチャンスが多い
次のカテゴリーがある

은 모두 이유이고,

결론은

성장하는 것이 눈에 보이고 느껴진다

에 있습니다. 그래서 「ピックルボールにハマる理由」에 대한 답으로 자연스럽게 이어지는 것입니다.","[""日本語"",""単語"",""文章分析"",""youtube"",""pickle pickle"",""ピックルボール"",""二瓶有価""]",2026-06-05 13:56:11.163162+00,e1848554-ffae-479c-a8cd-4c0d77b7bed2,2026-06-05 13:57:49.667392+00,0,1,0,2026-06-05 13:57:49.667392+00,0,null,null,null,false,null,null,null,null,false,null,null,null,null,[],"[{""id"":""d6958357-279b-4115-8686-c03cd6963dca"",""url"":""https://youtu.be/xQ-JqYFH8aw?si=aZkkXqbIa0P74xDJ"",""image"":""https://img.youtube.com/vi/xQ-JqYFH8aw/hqdefault.jpg"",""title"":""YouTube Video"",""siteName"":""YouTube"",""description"":null}]",null,null
894f32aa-ae68-4336-ba78-d34c6c8846c0,함수분석할때 같이분석하면 좋은항목,"함수 분석할 때 같이 봐야 할 항목 모음

아래는 분석 내용 예시가 아니라, 함수 분석할 때마다 같이 체크하면 좋은 항목들입니다.

## 함수 분석 체크리스트

### 1. 함수의 목적
- 이 함수가 해결하려는 문제는 무엇인가?
- 왜 이 함수가 필요한가?
- 이 함수가 없으면 어떤 코드가 반복되는가?

### 2. 입력값
- 어떤 인자를 받는가?
- 각 인자의 타입은 무엇인가?
- 필수값인가, 선택값인가?
- 기본값이 있는가?
- null, undefined, 빈 배열, 빈 문자열이 들어오면 어떻게 되는가?

### 3. 출력값
- 무엇을 반환하는가?
- 반환 타입은 무엇인가?
- 항상 같은 타입을 반환하는가?
- 조건에 따라 다른 값을 반환하는가?

### 4. 데이터 흐름
- 데이터가 어디서 들어오는가?
- 함수 내부에서 어떻게 가공되는가?
- 최종적으로 어디로 전달되는가?

### 5. 호출 위치
- 이 함수는 어디서 호출되는가?
- 몇 군데에서 재사용되는가?
- 특정 컴포넌트 전용인가, 공통 유틸인가?

### 6. 의존성
- 외부 변수에 의존하는가?
- 다른 함수를 호출하는가?
- 라이브러리나 API에 의존하는가?
- React state, props, context, store에 의존하는가?

### 7. 부작용
- 단순히 값을 반환만 하는가?
- state를 변경하는가?
- API 요청을 보내는가?
- localStorage, sessionStorage, cookie를 건드리는가?
- console, alert, navigation 같은 외부 동작이 있는가?

### 8. 조건문과 분기
- 어떤 조건에 따라 동작이 달라지는가?
- early return이 있는가?
- 예외 상황을 어떻게 처리하는가?

### 9. 반복문과 배열 처리
- map, filter, reduce, forEach 중 무엇을 쓰는가?
- 원본 배열을 변경하는가?
- 새 배열을 만들어 반환하는가?
- 빈 배열일 때 어떻게 되는가?

### 10. 비동기 처리
- async/await을 사용하는가?
- Promise를 반환하는가?
- 로딩, 성공, 실패 상태가 나뉘는가?
- 에러 처리는 되어 있는가?

### 11. 에러 가능성
- 어떤 상황에서 터질 수 있는가?
- 타입이 예상과 다르면 어떻게 되는가?
- API 응답 구조가 바뀌면 깨지는가?
- 방어 코드가 있는가?

### 12. 성능
- 불필요하게 반복 계산하는 부분이 있는가?
- 매 렌더링마다 새로 실행되는가?
- 메모이제이션이 필요한가?
- 데이터가 많아졌을 때 느려질 수 있는가?

### 13. 가독성
- 함수명이 역할을 잘 설명하는가?
- 변수명이 의미 있는가?
- 한 함수가 너무 많은 일을 하고 있지 않은가?
- 더 작은 함수로 나눌 수 있는가?

### 14. 재사용성
- 다른 곳에서도 쓸 수 있는 구조인가?
- 특정 화면에 너무 강하게 묶여 있는가?
- 인자를 바꾸면 범용적으로 쓸 수 있는가?

### 15. 테스트 포인트
- 정상 입력 테스트
- 빈 값 테스트
- 잘못된 타입 테스트
- 경계값 테스트
- 실패 상황 테스트

### 16. 개선 가능성
- 더 간단하게 만들 수 있는가?
- 중복 제거가 가능한가?
- 함수명을 바꾸면 더 명확해지는가?
- 책임을 분리할 수 있는가?

### 17. 내가 헷갈린 부분
- 이해가 안 된 문법
- 왜 이렇게 작성했는지 모르는 부분
- 다른 방식과 비교해보고 싶은 부분

### 18. 실무 관점 메모
- 이 함수가 실제 서비스에서 어떤 역할을 하는가?
- 사용자가 어떤 행동을 했을 때 실행되는가?
- 실패하면 사용자에게 어떤 문제가 생기는가?
핵심만 줄이면

함수 분석은 단순히

이 함수는 뭘 한다
이 줄은 무슨 뜻이다

에서 끝내지 말고,

입력 → 처리 → 출력 → 실패 가능성 → 호출 위치 → 개선 가능성

까지 봐야 실력이 빨리 늡니다.

팁
모든 항목을 매번 다 길게 쓰려고 하면 지칩니다. 처음에는 입력값, 출력값, 호출 위치, 에러 가능성, 왜 필요한가 이 5개만 고정으로 적어도 충분히 좋습니다.","[""coding"",""developer"",""function""]",2026-06-05 19:39:21.190297+00,e1848554-ffae-479c-a8cd-4c0d77b7bed2,2026-06-05 19:40:14.228548+00,0,1,0,2026-06-05 19:40:14.228548+00,0,null,null,null,false,null,null,null,null,false,null,null,null,null,[],[],null,null