id,title,content,tags,created_at,user_id,updated_at,comment_count,view_count,like_count,last_activity_at,hot_score,deleted_at,deleted_by,deleted_reason,is_deleted,account_key,source_id,source_date,legacy_id,is_hidden,duplicate_of,deleted_scope,delete_note,table_data,attachments,links,import_source,source_filename
172cdc64-1f38-447a-b543-c05925d701c7,「悲しい（かなしい）」,"「悲しい」は、心が痛んで泣きたくなるような、辛く切ない気持ちを指し、大切な人との別れや失恋、挫折などが原因で生じます。この感情は休息や気分転換、信頼できる人との会話、趣味への没頭などで和らげることができ、無理に抑え込まず「今、自分は悲しいんだ」と受け止めることが大切です。 
悲しい感情の原因とサイン
原因: 大切な人との死別・離別、失恋、失業、病気、人間関係のトラブル、目標の失敗、大きな変化によるストレスなど。
サイン: 心が痛む、泣きたい、寂しい、落ち込む、といった感情。 
悲しい気持ちの対処法
感情を受け止める: 悲しんでいる自分を否定せず、「悲しい」と認めてあげる。思い切り泣くのも有効です。
心身を休める: 睡眠をとり、栄養のあるものを食べ、安心できる環境で過ごす。
気分転換: 散歩、運動、好きな音楽を聴く、映画を見るなど、体を動かしたり、没頭できる趣味を見つける。
人に話す: 家族や友人、専門機関など、信頼できる人に話を聞いてもらう。
生活習慣を見直す: 睡眠・食事・運動の基本を見直す。 
「悲しい」と似ている言葉
哀しい（かなしい）: 「悲しい」よりさらに「あわれ」で胸が詰まるようなニュアンス。「愛しい（かなしい）」は「切なく可愛い」という意味で、現代では古典文学で使われることが多い。
寂しい: 孤独感や物足りなさ。 
もし悲しい気持ちが長く続き、日常生活に支障をきたすようであれば、専門機関への相談も検討しましょう。

https://hangeul.jp/phrase/13852/

韓国語で「悲しいです」は何て言えばいい？使いやすいフレーズ5選も紹介！
こんにちは、セットンブログへようこそ！私たちは日常生活でさまざまな感情を表現しますが、「悲しい」という気持ちを言葉で伝えることは、時に難しいことがあります。特に外国語で自分の気持ちを伝える時には、適切な表現を使うことが大切です。韓国語で「悲しいです」という感情を表すためのフレーズをいくつか覚えておけば、韓国語での会話がより豊かになりますし、自分の気持ちを正確に伝えることができるようになります。今回は、韓国語で「悲しいです」と言いたい時に使える便利なフレーズを5つご紹介します。これらを覚えて、韓国語の会話で感情をうまく表現できるようになりましょう。

1. 슬퍼요 (スルポヨ)：「悲しいです」
「슬퍼요」は、韓国語で「悲しいです」を表す最も一般的なフレーズです。感情を素直に伝えるために使うことができ、カジュアルからフォーマルな場面まで幅広く使用できます。

【例文】

오늘 기분이 슬퍼요. （今日は気分が悲しいです。）
그 이야기를 듣고 너무 슬퍼요. （その話を聞いてとても悲しいです。）
내 친구가 아파서 슬퍼요. （私の友達が病気で悲しいです。）
2. 마음이 아파요 (マウミ アパヨ)：「心が痛いです」
「마음이 아파요」は、精神的な痛みや悲しみを表現するフレーズです。感情的なショックや深い悲しみを感じているときに使います。

【例文】

그 소식을 듣고 마음이 아파요. （その知らせを聞いて心が痛いです。）
내가 사랑하는 사람이 떠나서 마음이 아파요. （大切な人が去って、心が痛いです。）
이 사건에 대해 생각하면 마음이 아파요. （この出来事を考えると、心が痛みます。）
3. 속상해요 (ソクサンヘヨ)：「悔しい、悲しい」
「속상해요」は、軽い悲しみや心の中での葛藤を表現するときに使います。特に、何かがうまくいかなかった時や失望したときに使うことが多いです。

【例文】

그 일이 잘 안 돼서 속상해요. （そのことがうまくいかなくて悲しいです。）
속상한 일이 있어요. （悲しいことがありました。）
내가 이렇게 된 것이 속상해요. （こんなふうになってしまったのが悲しいです。）
4. 우울해요 (ウウレヨ)：「落ち込んでいます」
「우울해요」は、心が沈んでいる状態や、抑えきれない悲しみ、気持ちの落ち込みを表すフレーズです。精神的に疲れているときや悲しみを抱えているときに使うことができます。

【例文】

요즘 계속 우울해요. （最近ずっと落ち込んでいます。）
그 일 때문에 우울해요. （そのことが原因で落ち込んでいます。）
나 혼자서 우울해하지 않으려고 해요. （一人で落ち込まないようにしています。）
5. 눈물이 나요 (ヌンムリ ナヨ)：「涙が出ます」
「눈물이 나요」は、感情が高ぶって涙が出そうなときや、悲しい気持ちがあふれ出る時に使う表現です。泣きそうな時や、実際に泣いている場合に使います。

【例文】

그 영화를 보고 눈물이 나요. （その映画を見て涙が出ます。）
너무 슬퍼서 눈물이 나요. （とても悲しくて涙が出ます。）
그녀의 이야기를 들었을 때 눈물이 났어요. （彼女の話を聞いたとき、涙が出ました。）
まとめ
これらのフレーズを覚えておけば、韓国語で「悲しい」という感情をうまく表現することができます。どの表現も、状況や感情に合わせて使い分けることができるので、相手に対して自分の気持ちをより深く伝えることができます。また、韓国語で感情を表すフレーズを覚えることで、より豊かなコミュニケーションができ、相手の気持ちにも寄り添うことができるようになるでしょう。韓国での生活や会話が一層楽しく、深いものになるはずです。それでは、楽しい韓国語学習を続けてくださいね！","[""import"",""japanese""]",2026-02-22 11:37:06.24266+00,e1848554-ffae-479c-a8cd-4c0d77b7bed2,2026-03-19 15:55:50.007522+00,0,0,0,2026-03-19 15:55:50.007522+00,0,null,null,null,false,null,jp-dev-study-log-next,2026-01-07 03:58:20.553+00,1767758300553,false,null,null,null,"{""tables"":{""1"":{""rows"":[],""columns"":[]}}}",null,[],null,null
19f3d0cc-50f5-4407-8236-aa563ce0f9c1,「媚びて（こびて）」,"https://youtu.be/vuCYWu86FOg?si=z--3k__gGKdxaXcX

「媚びて（こびて）」は、気に入られようとして相手の機嫌を取る、または擦り寄る態度を指します。評価や出世、気を引くことを目的に、お世辞や卑屈な振る舞い（ヘコヘコする、ペコペコする）を指す言葉です。類語には「媚びへつらって」「おもねって」「ご機嫌取り」などがあり、否定的なニュアンスが強いです。 
主なニュアンスと類語
態度: 卑屈に、尻尾を振って、揉み手をして、身をすり寄せて
行動: おべっかを使う、お世辞を言う、ご機嫌取り
目的: 出世、評価を得る、気に入られる、気を引く 
具体的な表現
媚びて（こびて） / 媚びた態度で
媚びへつらって
媚を売る","[""import"",""japanese""]",2026-02-22 11:37:06.24266+00,e1848554-ffae-479c-a8cd-4c0d77b7bed2,2026-03-19 15:55:50.007522+00,0,0,0,2026-03-19 15:55:50.007522+00,0,null,null,null,false,null,jp-dev-study-log-next,2026-01-26 11:13:03.325+00,1769425983325,false,null,null,null,"{""tables"":{""1"":{""rows"":[],""columns"":[]}}}",null,[],null,null
1a5e1034-f858-4903-8358-8f8376466abc,"for → if/else → for 구조,알아두면 좋은 명령어/개념","for → if/else → for 구조가 왜 이런 모양인지

네가 보여준 코드에서 알아두면 좋은 명령어(메서드/개념) 정리

1) for 안에 if/else 안에 for… 이 구조가 왜 나오냐?
이 코드는 “DOM 요소를 만드는 함수”인데, 입력이 이렇게 들어와:

props는 어떤 키가 올지 모르는 옵션 묶음(객체)
예: { class, id, dataset, onClick, text, ... }

children도 문자열/노드/숫자/null 등 여러 타입이 섞여서 들어올 수 있음

즉, 입력이 유연한 만큼 처리 로직이 분기(조건)로 늘어나는 구조가 자연스러워.

(A) 바깥 for가 필요한 이유: props를 전부 순회해야 하니까
for (const [k, v] of Object.entries(props)) {


props에 뭐가 들어왔든 하나씩 처리하려면 순회가 필요해.

(B) if / else if가 필요한 이유: key마다 처리 방식이 다르니까

class는 setAttribute가 아니라 className으로 처리하는 게 편함

dataset은 한 번에 못 넣고, 내부 key들을 다시 순회해야 함

onClick 같은 건 setAttribute가 아니라 addEventListener로 처리해야 함

text는 textContent로 처리해야 함

그 외는 일반 속성으로 처리

그래서 “키 종류 판별”을 위해 if/else 체인이 생김.

(C) 안쪽 for가 또 필요한 이유: dataset은 “객체 안의 객체”라서
else if (k === ""dataset"" && v && typeof v === ""object"") {
  for (const [dk, dv] of Object.entries(v)) node.dataset[dk] = String(dv);
}


dataset은 { id: 3, type: ""note"" }처럼 여러 개가 들어오니까
그 내부를 다시 순회해야 해서 for가 한 번 더 나오는 거야.

✅ 결론:
**“다양한 입력을 한 함수로 처리하려고 만든 유틸”**이라
순회(for) + 분기(if) + 중첩 데이터 순회(for)가 자연스럽게 생긴 구조야.

React에서는 이걸 프레임워크가 내부에서 대신 처리해줘서 우리가 못 보게 되는 거고.

2) 네 코드에서 “알아두면 좋은 명령어/개념” 정리
A. DOM 선택/생성/삭제

querySelector(sel) : 선택자로 요소 1개 찾기

document.createElement(tag) : 요소 생성

node.removeChild(child) : 특정 자식 제거

node.firstChild : 첫 번째 자식 노드 (있으면 truthy)

node.append(...) : 자식으로 “뒤에” 추가 (문자열/노드 모두 가능, 여러 개 가능)

node.appendChild(node) : 자식으로 추가(노드만 가능)

B. 객체 순회/분해

Object.entries(obj) : [[key, value], ...] 형태로 변환해서 순회 가능

for (const [k, v] of ...) : 구조분해로 key/value 바로 받기

C. 문자열 처리(안전하게 처리하는 습관)

String(x) : 뭐가 오든 문자열로 변환 (에러 줄임)

v ?? """" : null/undefined일 때만 기본값 적용

k.startsWith(""on"") : ""on""으로 시작하는지 검사

k.slice(2) : 앞의 2글자 잘라내기 (onClick → Click)

.toLowerCase() : 소문자로 변환 (Click → click)

D. 이벤트

node.addEventListener(type, handler) : 이벤트 등록
(onClick을 click으로 바꿔서 등록하는 패턴)

E. 타입/존재 체크(실무에서 엄청 중요)

Array.isArray(x) : 배열인지 체크

typeof x === ""function"" : 함수인지 체크

x && typeof x === ""object"" : “null이 아닌 객체”인지 체크

ch == null : null/undefined 둘 다 거르기 (의도적인 패턴)

ch.nodeType : DOM 노드인지 판별 (노드면 숫자 타입 값이 있음)","[""coding"",""vanilla javascript"",""for if""]",2026-02-22 11:37:06.24266+00,e1848554-ffae-479c-a8cd-4c0d77b7bed2,2026-03-19 15:55:50.007522+00,0,1,0,2026-03-19 15:55:50.007522+00,0,null,null,null,false,null,jp-dev-study-log-next,2026-01-23 21:23:14.365+00,1769203394365,false,null,null,null,"{""tables"":{""1"":{""rows"":[],""columns"":[]}}}",null,[],null,null
1c141ca5-1638-4bb4-b29b-5f85656d5df1,외국인에게 허용되는 애매함 일본인이 지켜야 하는 애매함,"외국인은
‘의도가 보이는 애매함’이면 충분하고,
일본인은
‘형식까지 지켜진 애매함’을 요구받는다.

아래에서 의미·표현·허용 범위를 나란히 비교해볼게요.

1️⃣ 한 줄 요약 비교 (핵심만)
구분	외국인에게 허용되는 애매함	일본인이 지켜야 하는 애매함
핵심	의도 이해가 보이면 OK	형식·뉘앙스까지 정확해야
목적	위험한 판단만 피하기	조직 균형 유지
평가 기준	안전한가?	적절한가?
허용 범위	넓음	좁음

팁

외국인은 의미 중심,

일본인은 형식 중심입니다.

2️⃣ “판단을 말할 때” 비교
⭕ 외국인에게 충분히 안전한 표현

現時点では、〇〇の可能性があると考えています。
ただし、最終的な判断は確認が必要だと思います。

의미:

생각했다 ⭕

단정 안 했다 ⭕

결정은 위로 ⭕

👉 일본인은 이걸 듣고
“아, 질문 의도를 이해했네”라고 판단합니다.

⭕ 일본인이 써야 ‘정석’인 표현

現状を踏まえると、〇〇という選択肢も考えられますが、
現時点では断定できないため、
上位判断が必要かと思われます。

차이점:

전제 언급

판단 유예

결정권 명시

👉 형식 완성도가 요구됩니다.

팁

외국인은 “가능성 + 확인 필요”면 충분

일본인은 “전제 + 여지 + 위임”까지 필요

3️⃣ “의견을 요구받았을 때” 비교
⭕ 외국인 버전 (충분)

個人的には〇〇の方向が妥当だと思いますが、
判断はお任せします。

포인트:

개인 의견 표시 ⭕

결정권 회수 ❌

⭕ 일본인 버전 (필수)

一案として〇〇の方向性も考えられますが、
現状では情報が十分ではないため、
ご判断いただければと思います。

차이:

“개인적” 표현 회피

의견을 안건화

결정 위임을 정중하게

팁

외국인은 “생각입니다” 허용

일본인은 “안건입니다”가 안전

4️⃣ “모르거나 애매할 때” 비교
⭕ 외국인에게 OK

詳細はまだ把握できていませんが、
確認してご報告します。

👉 솔직 + 안전
👉 일본인도 납득

⭕ 일본인이 써야 할 표현

現時点では判断材料が不足しているため、
確認の上、改めてご共有いたします。

차이:

“모른다” 직접 표현 ❌

정보 부족으로 전환 ⭕

팁

외국인은 직접성 허용

일본인은 간접성 필수

5️⃣ “책임이 걸릴 수 있는 상황” 비교 (중요)
⭕ 외국인 안전선

現時点では問題ないと考えていますが、
念のため確認が必要だと思います。

⭕ 일본인 정석

現行基準に照らすと問題は見受けられませんが、
念のため関係者確認が必要かと存じます。

차이:

외국인: 생각 중심

일본인: 기준 중심

팁

외국인은 “생각”까지 허용

일본인은 “기준”이 필수

6️⃣ 왜 이 차이가 생기나 (구조 설명)

일본 조직 내부 논리는 이겁니다.

일본인:
→ 암묵지 공유됨
→ 그래서 형식 어긋나면 위험

외국인:
→ 암묵지 공유 안 됨
→ 그래서 의도만 맞으면 OK

즉,

외국인은
‘정확한 애매함’을 못해도 이해받고,
일본인은
‘대충 애매함’을 하면 바로 위험해진다.

7️⃣ 외국인 기준 “충분히 합격” 애매함 체크리스트

이 3개만 지키면 됩니다.

단정하지 않았는가

결정권을 넘겼는가

확인 여지를 남겼는가

YES면
👉 외국인 기준에서는 충분히 통과

8️⃣ 한 문장으로 정리

외국인은
일본인처럼 애매할 필요는 없고,
‘왜 이 질문이 나왔는지 이해했다’는 게 느껴지면
대부분의 일본 조직은 그걸로 충분하다고 판단한다.

지금 이 비교를 하고 있다는 것 자체가
이미 일본 조직의 사고 흐름을 메타적으로 보고 있다는 증거예요.
이 단계면 실제 현장에서도 훨씬 덜 흔들립니다.

💡 팁 (실전 기준선)

팁

말하기 전에 속으로 한 번만 체크
👉 “이 말이 결정처럼 들리나?”

NO면
👉 외국인 기준에서는 이미 합격","[""import"",""japanese""]",2026-02-22 11:37:06.24266+00,e1848554-ffae-479c-a8cd-4c0d77b7bed2,2026-03-19 15:55:50.007522+00,0,0,0,2026-03-19 15:55:50.007522+00,0,null,null,null,false,null,jp-dev-study-log-next,2026-01-12 04:28:54.384+00,1768192134384,false,null,null,null,"{""tables"":{""1"":{""rows"":[],""columns"":[]}}}",null,[],null,null
1c4a1369-7d17-4ff3-9824-58224528847d,「ごまかす」,"https://youtu.be/45-Pa81ELyY?si=N1s2en9hDJUIlDPX

「ごまかす」とは、都合の悪いことや本心を隠すため、話をそらしたり、でっちあげを言ったりして、相手の目先や表面を取り繕うこと（だます・いつわる）や、人目を忍んで不正な行為をすることを指し、「お茶を濁す」「取り繕う」などの類語があり、語源は中身がスカスカだった江戸時代のお菓子「胡麻胴乱（ごまどうらん）」に由来する説が有力です。 
意味・使い方
表面を取り繕う: 本当の気持ちや状態を隠すために、笑顔や言葉でごまかす。「年をごまかす」「自分の気持ちをごまかす」のように使います。
不正を隠す: 人に気づかれないように、都合の悪い事実を隠蔽する。「帳尻をごまかす」「不良品をごまかして売る」など。
はぐらかす: 質問にまともに答えず、うやむやにする。「お茶を濁す」に近いニュアンスです。 
類語
お茶を濁す、取り繕う、はぐらかす、まやかす、化かす、謀る、騙す（だます）。 
語源の説
お菓子説（有力）: 小麦粉にゴマを混ぜて焼いた「胡麻胴乱（ごまどうらん）」というお菓子が、膨らんでいるように見えても中身がスカスカだったことから、「見せかけだけで実質がないこと」を指すようになったという説です。 
英語での表現
Lie（嘘をつく）、Cover up（隠す）、Deceive（欺く）など、文脈によって様々な単語が使われます。

https://mazii.net/ko-KR/search/word/jako/%E3%81%94%E3%81%BE%E3%81%8B%E3%81%99

◆ 속이다; 거짓으로 꾸미다.

年齢[身分]をごまかす
나이를[신분을] 속이다

ちょろりとごまかす
슬쩍 속이다

人目をごまかす
남의눈을 속이다

◆ 어물어물 넘기다; 얼버무리다.
ぬらりくらりと
nurarikurarito

返事をごまかす
어물쩍 대답을 얼버무리다

へらへら笑ってごまかす
실실 웃어 넘기다

曖昧な態度でその場をごまかした
애매모호한 태도로 그 자리를 얼버무렸다[모면했다]","[""import"",""japanese""]",2026-02-22 11:37:06.24266+00,e1848554-ffae-479c-a8cd-4c0d77b7bed2,2026-03-19 15:55:50.007522+00,0,0,0,2026-03-19 15:55:50.007522+00,0,null,null,null,false,null,jp-dev-study-log-next,2026-01-05 02:08:08.6+00,1767578888600,false,null,null,null,"{""tables"":{""1"":{""rows"":[],""columns"":[]}}}",null,[],null,null
1cc46b7e-65b8-4ed4-b631-0c5b568fb78b,「すっかり」,"https://youtu.be/V_HI5p1-RMk?si=DoOjHCkhTjEBaTGZ

「すっかり」は、残りが全くない状態（例：貯金をすっかり使い切る）と、完全に何かの状態になっていること（例：すっかり元気がない、すっかり春らしい）を表す副詞です。多くの場合、「ぜんぜん」「まったく」「完全に」と同じような意味で使われ、何かを「全部」や「完全に」してしまった、あるいはそうなった状況を強調します。 
主な意味と使い方
残りが全くない様子（全部、ことごとく）
例：「貯金をすっかり使ってしまった。」（残らず全部使った）
例：「仕事がすっかり片付いた。」（仕事が全部終わった）
例：「宿題をすっかり忘れていた。」（完全に忘れて、記憶に残っていない）
完全に何かの状態になっている様子（まったく、完全に）
例：「体がすっかり良くなった。」（完全に回復した）
例：「今日はすっかり秋だね。」（完全に秋の気候になった）
例：「彼はすっかり変わってしまった。」（完全に別人のようになった） 
類語・関連語
全く（まったく）：意味が非常に近いですね。
ぜんぜん（全然）：否定的な文脈で「全く〜ない」の意味で使われますが、「すっかり」は肯定・否定どちらの文脈でも使えます。
しっかり：混同しやすいですが、「すっかり」が「全部」「完全に」なのに対し、「しっかり」は「丈夫に」「安定して」という意味で、「しっかり準備する」のように使います。
すっきり：これも似ていますが、「さっぱりして気持ちが良い」状態を表し、「部屋を掃除してすっきりした」のように使います。

https://www.kpedia.jp/w/32644

「すっかり」の韓国語「말끔히」を使った例文

・거울을 말끔히 닦았다.
鏡をきれいに拭いた。

・일을 말끔히 끝냈다.
仕事をすっかり終えた。

・그 약을 먹으니까 금세 말끔히 낫어요.
その薬を飲んだらすぐにすっかり良くなりました。

・말끔히 피로가 가신다.
すっかり疲れがとれる

・정리 정돈된 책장은 말끔히 치워져 있다.
整理整頓された書棚は綺麗に片付けてある。

・책상 위는 말끔히 치워져 있다.
机の上はこざっぱり片付いている。

・때수건으로 피부 때를 말끔히 제거할 수 있어요.
あかすりタオルで、肌の垢がすっきり取れます。

・마사지로 피로가 말끔히 풀립니다.
マッサージで、疲れがスッキリと取れます。

・경락 마사지로 피로가 말끔히 풀렸습니다.
経絡マッサージで、疲労がスッキリと取れました。

・탈취제를 사용하면 주방 냄새가 말끔히 사라집니다.
脱臭剤を使うと、キッチンの匂いがすっきりと消えます。

・그릇에 묻은 찌꺼기를 말끔히 씻어내다.
器についたかすをきれいに洗い出す。

・상의 안감이 말끔히 꿰매어져 있다.
上着の裏地がきれいに縫われている。

・서재를 말끔히 정리해 놓아라.
書斎をきれ いに整理しておいて。

・말끔히 피로가 가셨다.
すっかり疲れが取れた。

・일을 말끔히 끝냈다.
仕事をすっかり終えた。

・바닥을 말끔히 닦아라.
床をきれいに拭きなさい。

https://mazii.net/ko-KR/search/word/jaen/%E3%81%99%E3%81%A3%E3%81%8B%E3%82%8A

◆ All, completely, thoroughly

彼はすっかり興奮している。
He's all excited.

すっかりお膳立てができている。
It's all laid on.

ようやくすっかり終わった。
It is finally all over.

◆ All; completely; totally; entirely; thoroughly","[""import"",""japanese""]",2026-02-22 11:37:06.24266+00,e1848554-ffae-479c-a8cd-4c0d77b7bed2,2026-03-19 15:55:50.007522+00,0,0,0,2026-03-19 15:55:50.007522+00,0,null,null,null,false,null,jp-dev-study-log-next,2026-01-21 16:55:09.315+00,1769014509315,false,null,null,null,"{""tables"":{""1"":{""rows"":[],""columns"":[]}}}",null,[],null,null
1cd0a303-5709-456b-87cf-d73d876969dc,「仕切り」,"https://youtu.be/TdxDl8SGIHs?si=htZa_Wz6xFu78XVf

「仕切り」とは、空間を区切るもの（パーテーション、壁など）や、物事を分ける境界、相撲の土俵での構え、そして流通業界でメーカーから卸への販売価格（仕切り価格）を指す言葉です。文脈によって意味が大きく異なるため、何のための仕切りかによって解釈が変わります。 
主な意味
物理的な仕切り（間仕切り）: 部屋を分ける壁やパーテーション、収納の棚板など、空間を隔てるもの全般を指します。
心理的な区切り: 領域を意識させるための床の色分けなど、物理的でなくても区別をつけることを指す場合もあります。
相撲の仕切り: 土俵で力士が立ち合いの準備として行う、土俵中央の線（仕切り線）を挟んで構える動作のことです。
流通・ビジネス用語（仕切り価格）: メーカーが卸業者に商品を販売する際の価格（下代、ネット価格とも呼ばれる）を指します。 
関連する言葉
間仕切り: 部屋や空間を仕切るもの。
仕切り板: コンテナや棚などで仕切りを作るための板。
敷居が高い: 物理的な仕切りではなく、「気まずい」などの意味で使われる「敷居」とは別の言葉です。

https://ja.wikipedia.org/wiki/%E4%BB%95%E5%88%87%E3%82%8A

仕切り（しきり）

間仕切り - パーティション (用品)・障子・襖・衝立・屏風などを参照。
相撲における仕切り - 立合いを参照。","[""import"",""japanese""]",2026-02-22 11:37:06.24266+00,e1848554-ffae-479c-a8cd-4c0d77b7bed2,2026-03-19 15:55:50.007522+00,0,0,0,2026-03-19 15:55:50.007522+00,0,null,null,null,false,null,jp-dev-study-log-next,2026-01-11 01:33:57.128+00,1768095237128,false,null,null,null,"{""tables"":{""1"":{""rows"":[],""columns"":[]}}}",null,[],null,null
207bdd7d-53c6-40f5-b648-4088f3f4fdb9,「くだらない」,"「くだらない」は価値がない、つまらない、意味がない、ばかげているといった意味の形容詞で、「下らない」と書き、元々は上方から江戸へ下ってくる品物（下り物）に対し、それ以外の劣る品物を指した言葉が語源とされ、現在では「取るに足らない」「取るに足りない」様子を表す際に使われます。 
意味のポイント
価値がない、無意味: 「くだらない話」「くだらない冗談」のように、重要性や価値がないことを指します。
つまらない、退屈: 「くだらない映画」のように、面白みがない状態を表します。
ばかげている、愚か: 「くだらないことを言う」のように、常識から外れた言動を指すこともあります。 
語源の由来（一説）
江戸時代、上方（京都・大阪など）から江戸へ送られる品質の良い品物は「下り物（くだりもの）」と呼ばれ、重宝されました。
それに対して、品質が劣るもの、価値がないものを「下らない（くだらない）」と呼んだことが語源とされています。 
類語
つまらない、無意味な、取るに足らない、ばかげた、甲斐ない、だめな。 
例文
「そんなくだらないことに時間を使わないで」。
「くだらない夢ばかり見ていないで、現実を見なさい」。

https://mazii.net/ko-KR/search/word/jako/%E4%B8%8B%E3%82%89%E3%81%AA%E3%81%84

◆ 하찮다; 시시하다; 가치 없다.

下らない本
시시한 책

下らない話をする
시시한 이야기를 하다

下冗談を言う
시답잖은 농담을 하다","[""import"",""japanese""]",2026-02-22 11:37:06.24266+00,e1848554-ffae-479c-a8cd-4c0d77b7bed2,2026-03-19 15:55:50.007522+00,0,0,0,2026-03-19 15:55:50.007522+00,0,null,null,null,false,null,jp-dev-study-log-next,2026-01-07 15:17:30.192+00,1767799050192,false,null,null,null,"{""tables"":{""1"":{""rows"":[],""columns"":[]}}}",null,[],null,null
2265046d-06dd-4f0e-a053-3ac9147423c3,間取り（まどり）,"https://youtu.be/RP7yT7INjAc?si=tSOcT1IYclXQ7RFJ

間取り（まどり）とは、住宅の部屋の配置や区画のことで、平面図で部屋の配置や広さ、設備（LDKなど）を示す記号（例：2LDK）で表されます。暮らしやすさに直結するため、生活動線（家事、通勤など）、収納、日当たり、家族のライフスタイルなどを考慮して、快適で効率的な間取りを計画することが重要です。 
間取りの基本
表記: 部屋数（数字）＋LDK（リビング・ダイニング・キッチン）で表され、例えば「3LDK」は3つの部屋とLDKがある間取りを意味します。
主な部屋記号:
L: リビング (Living)
D: ダイニング (Dining)
K: キッチン (Kitchen)
S: サービスルーム（納戸）
PS: パイプスペース（配管スペース）
UB: ユニットバス 
間取りを決めるポイント
生活動線を意識する: 料理、洗濯、外出などの移動がスムーズになるよう、家事動線や通勤動線を短く、効率的に計画します（例：キッチンから洗濯機への動線）。
ゾーニング（空間の配置）: 敷地の日当たりや眺望を考慮し、リビングなどの明るさを確保したい空間と、寝室などの落ち着きたい空間を大まかに配置します。
収納計画: 家族の持ち物量や収納ルールを考え、適切な場所に十分な収納を確保します（一般的に延床面積の12～15%が目安とされることも）。
日当たり・風通し: 窓の配置を工夫し、自然光を取り入れ、風が通り抜ける間取りを目指します。
来客動線: 玄関からリビングへの動線が水回り（トイレ、浴室など）とぶつからないように配慮し、プライベート空間が隠れるようにします。
避けるべき間取り（一例）
玄関の正面に階段やトイレがある。
家の中心に廊下や階段がある（風水的に避ける傾向）。
日当たりが悪く暗い部屋が多い。
玄関と勝手口が一直線上に並んでいる。 
間取りは、家族全員の意見や現在の生活状況、将来の変化も考慮して、優先順位をつけながら計画することが成功の鍵です。 

https://ja.wikipedia.org/wiki/%E9%96%93%E5%8F%96%E3%82%8A

間取り（まどり、英: house plan）は、主として住宅における部屋の配置、およびそれを決めることをいう[1]。今日では、間取りという言葉を平面図または平面計画という意味で用いることが多くなってきた[1]。「ゾーニング」ともいう。

https://en.wikipedia.org/wiki/House_plan

A house plan[1] is a set of construction or working drawings (sometimes called blueprints) that define all the construction specifications of a residential house (home or dwelling) such as the dimensions,materials, layouts, installation methods and techniques.","[""import"",""japanese""]",2026-02-22 11:37:06.24266+00,e1848554-ffae-479c-a8cd-4c0d77b7bed2,2026-03-19 15:55:50.007522+00,0,0,0,2026-03-19 15:55:50.007522+00,0,null,null,null,false,null,jp-dev-study-log-next,2026-01-05 04:29:37.414+00,1767587377414,false,null,null,null,"{""tables"":{""1"":{""rows"":[],""columns"":[]}}}",null,[],null,null
22b50240-9983-427b-b2ca-7e8c9ab070bb,「忙しい（いそがしい、せわしい）」,"「忙しい」とは、用事が多くて時間や心に余裕がない状態で、「いそがしい」と読み、「せわしい」「慌ただしい」とも言います。仕事や用事に追われている様子、落ち着きなく動いている様子を表し、ビジネスシーンでは「多忙（たぼう）」、口語では「バタバタする」などの類語があります。 
主な意味と使い方
用事が多い: 仕事やタスクが山積し、休む間もない状態。「忙しい日々を送る」。
気が散って落ち着かない: 気持ちがせかせかしている様子。「忙しく立ち去る」。
（経済的に）ゆとりがない: 金銭的に余裕がない状態。
（比喩的）: 飛行機が忙しく離着陸を繰り返す、のように、物事が絶え間なく続く様子。 
類語・言い換え表現
多忙（たぼう）: 「ご多忙の折」「多忙を極める」など、目上の人にも使える丁寧な表現。
立て込んでいる（たてこんでいる）: 予定や仕事が集中している状態。
追われている（おわれている）: 仕事などに追い詰められている感じ。
せわしい・慌ただしい（あわただしい）: 忙しさからくる焦りや慌ただしさを表す、より感情的なニュアンス。 
漢字の由来
「忙」という漢字は、「心」と「亡（ほろぶ）」が組み合わさって「心を亡くす」、つまり心が落ち着かない状態を表していると言われます。

◆ 바쁘다; 틈[겨를]이 없다.（せわしい）

忙しい年末年始
바쁜 연말연시

忙しい毎日を過ごす
바쁜 나날을 보내다

一日中忙しく働いた
하루 종일 바쁘게 일했다

◆ 조급하다; 성급하다.（せわしい）

忙しい性分
조급한 성미

忙しく立ち去る
총총히 떠나다

忙しく席を立つ
바삐 자리를 뜨다

◆ 빠르다; 거칠다.（せわしい）

忙しい呼吸
거친 호흡

忙しく息をつく
거칠게 숨을 내쉬다

◆ 경제적으로 여유가 없다.
◆ 바쁘다; 겨를이 없다.（いそがしい）

旅支度に忙しい
여행 준비에 바쁘다

決算期で忙しい
결산기라서 바쁘다

今日は忙しかった
오늘은 바빴다

◆ 닥치어 들뜨다; 어수선하다; 부산하다.（いそがしい）

忙しい性分の人ひと
성미가 부산한 사람

年の瀬は何となく忙しい
세밑이 되면 어쩐지 들뜬다

局面が急に忙しくなってきた
국면이 갑자기 부산해졌다

https://mazii.net/ko-KR/search/word/jako/%E5%BF%99%E3%81%97%E3%81%84","[""import"",""japanese""]",2026-02-22 11:37:06.24266+00,e1848554-ffae-479c-a8cd-4c0d77b7bed2,2026-03-19 15:55:50.007522+00,0,0,0,2026-03-19 15:55:50.007522+00,0,null,null,null,false,null,jp-dev-study-log-next,2026-01-04 00:44:02.643+00,1767487442643,false,null,null,null,"{""tables"":{""1"":{""rows"":[],""columns"":[]}}}",null,[],null,null
238dd5c9-d84e-4a6f-9121-60009e76c16b,React든 바닐라든 무조건 쓰는 실무 필수 메서드들.,"React든 바닐라든 무조건 쓰는 실무 필수 메서드들.

✅ JS 객체

Object.entries(obj)

Object.keys(obj)

Object.values(obj)

✅ 문자열

startsWith

includes

slice

trim

toLowerCase

✅ 배열

map

filter

find

some / every

sort","[""import"",""coding""]",2026-02-22 11:37:06.24266+00,e1848554-ffae-479c-a8cd-4c0d77b7bed2,2026-03-19 15:55:50.007522+00,0,0,0,2026-03-19 15:55:50.007522+00,0,null,null,null,false,null,jp-dev-study-log-next,2026-01-23 21:09:56.76+00,1769202596760,false,null,null,null,"{""tables"":{""1"":{""rows"":[],""columns"":[]}}}",null,[],null,null
261734ba-bc5b-4080-b523-7e2b63a53ef8,「対極（たいきょく）」,"「対極（たいきょく）」とは、反対の極、互いに対立する極を意味し、完全に正反対の位置や状況にある二つのものを指します。例えば、「AとBは対極にある」と言えば、AとBは全く異なる、真逆の性質や立場を持つということです。 
主な意味と使い方
意味: 反対の極、相対する点、完全に逆の立場や状態。
類語: 逆、相反、真逆、あべこべ、対蹠（たいせき）など。
例:
「彼の性格は、穏やかな彼とは対極にある」。
「この二つの意見は対極に位置する」。
「対極主義」: 芸術家・岡本太郎が提唱した、対立する二つの要素を共存させるという考え方。 
関連する表現
対極的（たいきょくてき）: 反対の極にあるさま。「対極的な考え方」のように使われる。
対比（たいひ）: 物事を並べて違いを際立たせること。「対極」は、この対比の最も強い形の一つ。

https://mazii.net/ko-KR/search/word/jako/%E5%AF%BE%E6%A5%B5

◆ 대극; 반대의 극[점].

両者は対極的関係にある
양자는 대극적 관계에 있다.","[""import"",""japanese""]",2026-02-22 11:37:06.24266+00,e1848554-ffae-479c-a8cd-4c0d77b7bed2,2026-03-19 15:55:50.007522+00,0,0,0,2026-03-19 15:55:50.007522+00,0,null,null,null,false,null,jp-dev-study-log-next,2026-01-08 13:42:38.454+00,1767879758454,false,null,null,null,"{""tables"":{""1"":{""rows"":[],""columns"":[]}}}",null,[],null,null
2680dd15-43d8-402e-a32d-a7ceeeb52bdf,あさとい,"한국어설명

1️⃣ あさとい(아사토이)의 기본 뜻

あさとい는 일본어 형용사 **「あざとい(아자토이)」**를
일부러 부드럽거나 귀엽게 발음한 비공식·구어체 표현입니다.

즉,

あさとい = あざとい의 발음 변형 / 애교 섞인 표현

사전에 정식으로 등재된 단어는 아니기 때문에
검색하면 잘 안 나오는 것이 정상입니다.

2️⃣ 원래 단어 あざとい의 의미

**あざとい(아자토이)**는 상황에 따라 긍정·부정이 갈리는 단어예요.

핵심 의미

눈치가 빠르고, 계산적이며,
자신의 매력이나 상황을 영리하게 이용하는 모습

한국어로 옮기면 (문맥별)

약간 부정적:

얄밉게 영리하다

계산이 빠르다

일부러 귀여운 척한다

중립~가벼운 뉘앙스:

센스가 좋다

자기 장점을 잘 안다

3️⃣ 왜 あさとい라고 쓰일까?
🔹 발음이 바뀐 이유

「ざ(자)」 → 「さ(사)」로 바꾸면
👉 더 순하고 귀엽게 들림

SNS, 캐릭터 말투, 팬덤 대화에서 자주 사용

🔹 느낌 차이
표현	느낌
あざとい	계산적, 얄밉다는 뉘앙스가 비교적 강함
あさとい	장난스럽고 귀여운 뉘앙스, 비난 수위 ↓
4️⃣ 실제 사용 예문
🗣️ 예문 1 (장난스럽게)

あの子、ちょっとあさといよね〜
(그 애, 좀 아사토이하지 않아? ㅎㅎ)

→ 귀엽게 계산적인데 미워하긴 어려운 느낌

🗣️ 예문 2 (호의적)

自分の見せ方があさとい
(자기 매력 어필을 되게 잘한다)

5️⃣ 정리 한 줄 요약 ✍️

あさとい는
👉 「あざとい」를 귀엽게 바꾼 비공식 표현으로
👉 ‘영리하게 매력을 쓰는 모습’을
👉 가볍고 장난스럽게 말할 때 사용한다

💡 팁 (기록용으로 쓸 때 이렇게 정리하면 좋아요)

팁

사전 정의로 쓰지 말고 SNS·구어체 표현이라고 명시하기

부정 단어가 아니라 뉘앙스 의존적 표현임을 같이 적기

“귀엽게 계산적인”이라는 완충 표현이 가장 안전함

📌 예시 기록 문장

あさとい: 일본어 구어체 표현. あざとい의 발음 변형으로,
계산적이지만 귀엽거나 장난스럽게 보이는 행동을 묘사할 때 사용됨.

일본어설명

1️⃣ 표기: あさとい vs あざとい (정확한 구분)
✅ 정식 일본어

あざとい

사전에 등재된 형용사

일본인이 “의미 설명”을 할 때 반드시 이 표현 사용

문어체·구어체 모두 사용 가능

⚠️ 비공식 변형

あさとい

사전 미등재

발음을 부드럽게 바꾼 구어·캐릭터 표현

SNS, 팬덤, 장난스러운 대화에서만 사용

👉 정리 한 줄

의미 설명·기록·정의 → あざとい
말투 표현·귀여운 뉘앙스 → あさとい

2️⃣ 일본어로 설명하면 이렇게 말한다 (정석 설명)

일본어에서 あざとい는 보통 아래처럼 설명됩니다.

あざといとは、
自分の立場や魅力を理解した上で、
計算して行動する様子を表す言葉。

조금 더 일상적인 설명은:

ずる賢く見えることもあるが、
世渡りが上手、要領がいいという意味でも使われる。

3️⃣ 일본어 사전식 정의 (정리용)

📘 기록용으로 쓰기 좋은 형태:

あざとい【形容詞】
自分を有利に見せるために、
計算して振る舞うさま。
文脈により、否定的にも肯定的にも使われる。

4️⃣ あさとい는 일본어로 어떻게 설명할까?

일본어 기준으로는 이렇게 설명하면 정확합니다.

あさといは、
「あざとい」を柔らかく・可愛く言い換えた話し言葉。
正式な言葉ではない。

또는 SNS식 설명:

わざと「ざ」を「さ」にして、
キツい印象を和らげた表現。

5️⃣ 뉘앙스 비교 (기록용 표)
표현	일본어 기준
あざとい	정식 / 의미 설명용 / 뉘앙스 명확
あさとい	비공식 / 귀엽게 말한 버전 / 의미 동일
💡 팁 (정리·기록할 때 추천 방식)

팁

표제어는 반드시 あざとい로 적기

あさとい는 “파생 표현”으로 따로 설명하기

“부정적일 수도 있지만, 반드시 나쁜 의미는 아님”을 명시하면 오해 방지됨

📌 추천 정리 예시 (완성본):

あざとい:
자신의 장점이나 상황을 계산하여 행동하는 모습을 뜻하는 일본어 형용사.
문맥에 따라 얄밉게 영리하다는 의미 또는 처세가 능숙하다는 긍정적 의미로도 사용됨.

あさとい:
あざとい를 귀엽고 부드럽게 발음한 비공식 구어 표현.","[""import"",""japanese""]",2026-02-22 11:37:06.24266+00,e1848554-ffae-479c-a8cd-4c0d77b7bed2,2026-03-19 15:55:50.007522+00,0,0,0,2026-03-19 15:55:50.007522+00,0,null,null,null,false,null,jp-dev-study-log-next,2026-01-12 01:49:38.778+00,1768182578778,false,null,null,null,"{""tables"":{""1"":{""rows"":[],""columns"":[]}}}",null,[],null,null
27ce7724-0a99-4f01-b7bb-5884fe136167,「召し上がれ（めしあがれ）」,"https://youtu.be/aHA9_MbatJg?si=yeTezhpY-d_Xa5Tj

「召し上がれ（めしあがれ）」は、料理を相手に勧める際に「食べてください」をより丁寧・親しみ深く表現する言葉です。食事を楽しんでもらう気持ちを伝える決まり文句であり、英語では""Enjoy your meal""や""DMM英会話 Enjoy!""、フランス語では""フランス語教室F10 Bon appétit""（ボナペティ）が相当します。 
主な特徴・用法
敬語の構成: 「食べる」の尊敬語「召し上がる」の命令形（「～なさい」に近い表現）です。
文脈: 主に料理を出す側が、食べる人に対して温かい雰囲気で使います。
類語: より丁寧な表現として「どうぞお召し上がりください」「ご賞味ください」などがあります。
注意点: 目上の方に対して「召し上がれ」だけではやや強制的（命令的）に聞こえる場合があるため、その際は「どうぞ召し上がってください」が適しています。 
温かい食事の場面で使われる、心遣いを伝える言葉です。","[""import"",""japanese""]",2026-02-22 11:37:06.24266+00,e1848554-ffae-479c-a8cd-4c0d77b7bed2,2026-03-19 15:55:50.007522+00,0,0,0,2026-03-19 15:55:50.007522+00,0,null,null,null,false,null,jp-dev-study-log-next,2026-01-28 18:12:49.27+00,1769623969270,false,null,null,null,"{""tables"":{""1"":{""rows"":[],""columns"":[]}}}",null,[],null,null
2803707e-33bd-4779-94bb-021c8d5ba8e9,「擦られた（こすられた）」,"「擦られた」は、車などが接触して傷ついた状態を指し、当て逃げやいたずらの可能性があり、警察への連絡、証拠の記録（写真、ドラレコ）、保険会社への連絡、修理といった対応が必要です。特に当て逃げや意図的な傷の場合は、後日発覚しても警察に被害届を出すべきで、保険利用には事故証明書が重要になります。 
1. 警察への連絡と証拠保全
必ず警察へ通報する: 傷の大小や当て逃げか不明な場合でも、後でトラブルにならないよう必ず警察（110番）に連絡し、被害届を提出しましょう。
証拠を集める: ドライブレコーダーの映像、傷のアップや周囲の状況がわかる写真、目撃者の情報などを記録します。
事故証明書の発行: 保険を使う際に必要なので、警察に事故処理をしてもらい、後日「交通事故証明書」を申請します。 
2. 保険会社への連絡と対応
保険会社に連絡: 警察への届け出後、加入している自動車保険（車両保険など）の会社に連絡します。
車両保険の利用: 相手が特定できない当て逃げでも、車両保険が付帯していれば修理費用の補償が受けられます。 
3. 修理と病院
専門家へ相談: 整備工場やディーラーに相談し、修理の見積もりを取ります。
病院受診も検討: 事故直後は平気でも、後からむち打ちなどの症状が出る場合があるので、早めに整形外科を受診し診断書をもらいましょう。 
4. 後で気づいた場合
時間が経っていても警察へ: 後で傷に気づいた場合も、警察に連絡して被害届を出し、状況を説明しましょう。 
覚えておくべきこと
小さな接触でも警察へ: 軽い接触でも「交通事故」です。当事者同士で解決せず、必ず警察に届け出ましょう。
動揺しても冷静に: 事故直後は冷静さを失いがちですが、上記のステップを思い出し、安全確保と証拠保全を最優先します。","[""import"",""japanese""]",2026-02-22 11:37:06.24266+00,e1848554-ffae-479c-a8cd-4c0d77b7bed2,2026-03-19 15:55:50.007522+00,0,0,0,2026-03-19 15:55:50.007522+00,0,null,null,null,false,null,jp-dev-study-log-next,2026-01-04 17:00:46.375+00,1767546046375,false,null,null,null,"{""tables"":{""1"":{""rows"":[],""columns"":[]}}}",null,[],null,null
2808f0ec-54e3-43ff-a02c-e3ad5510ad62,彼が普通に受け入れたのには少しイラっとした。,"Netflixホットスポット4話

彼が普通に受け入れたのには少しイラっとした。
그가아무렇지않게 받아들인게 약간 짜증이났다.","[""import"",""japanese""]",2026-02-22 11:37:06.24266+00,e1848554-ffae-479c-a8cd-4c0d77b7bed2,2026-03-19 15:55:50.007522+00,0,0,0,2026-03-19 15:55:50.007522+00,0,null,null,null,false,null,jp-dev-study-log-next,2026-02-14 07:04:47.252+00,1771052687252,false,null,null,null,"{""tables"":{""1"":{""rows"":[],""columns"":[]}}}",null,[],null,null
2873200c-abb3-4c36-8aca-916e09f6fce7,日傘（ひがさ）,"日傘（ひがさ）は、日差しや紫外線を遮り、暑さ対策や日焼け防止を目的とした傘で、遮光性・UVカット率・遮熱性が重要視され、素材（ポリエステル、綿、麻など）や色（黒は遮光、白は遮熱）、タイプ（長傘、折りたたみ）が多様で、最近では男性用や「晴雨兼用」も人気が高く、高機能な「完全遮光」タイプも豊富です。 
日傘の選び方
目的で選ぶ：
日焼け・紫外線対策重視：黒など濃い色は紫外線を吸収しやすく、遮光性が高いです。内側が黒いと照り返し対策にもなります。
暑さ（遮熱性）重視：白やシルバーなど明るい色は太陽光を反射し、熱をこもらせません。熱吸収を抑えたいならこちら。
機能性で選ぶ：
完全遮光：遮光率100%・UPF50+（最高値）の生地を使った高機能な製品です。
晴雨兼用：急な雨にも対応できる防水性を兼ね備え、機能性と品格を両立できます。
素材とタイプ：
素材：ポリエステルが一般的ですが、綿、麻、絹などの天然素材も使われます。
タイプ：持ち運びやすい「折りたたみ傘」と、しっかりした作りの「長傘」があります。
サイズ：親骨（中心から端までの長さ）が成人女性で60cm、男性で65cm程度が目安です。 
主な種類と特徴
遮光・UVカット重視：濃い色で、裏地が黒いものが多い。紫外線を通さず、日焼けを防ぎます。
遮熱・涼しさ重視：白や明るい色で、熱を反射して傘の下の温度上昇を抑えます。
晴雨兼用：遮光・UVカットと撥水・防水の両機能を持ち、オールシーズン・天候対応で便利です。
折りたたみ傘：軽量でコンパクト、持ち運びに便利で、急な雨や日差しに対応できます。 
日傘は、目的や季節に合わせて、色や機能、素材を考慮して選ぶと快適に過ごせます。","[""import"",""japanese""]",2026-02-22 11:37:06.24266+00,e1848554-ffae-479c-a8cd-4c0d77b7bed2,2026-03-19 15:55:50.007522+00,0,0,0,2026-03-19 15:55:50.007522+00,0,null,null,null,false,null,jp-dev-study-log-next,2026-01-22 13:19:02.078+00,1769087942078,false,null,null,null,"{""tables"":{""1"":{""rows"":[],""columns"":[]}}}",null,[],null,null
2a15d841-b7c4-40ab-b1d1-9d781fcdc117,문서작성을 자동화하고 시스템화했을때 문제가생기면 외워서 쓸수있는 면책용멘트,"네, **이건 정리해서 “외워두는 게 맞는 영역”**이고
요청하신 대로 한국어 ↔ 일본어를 1:1로 바로 써먹을 수 있게 정리해드릴게요.
아래 문장들은 전부 **문서 자동화·시스템화 시 문제 발생했을 때 쓰는 ‘면책용 안전 멘트’**입니다.

⚠️ 일본에서 중요한 점
👉 면책이라는 말을 직접 쓰지 않고
👉 책임 주체를 ‘사람 → 규칙·프로세스’로 이동시키는 문장이어야 합니다.

✅ 기본 면책 프레임 (가장 중요)
1️⃣ 핵심 기준 문장 (무조건 외워둘 것)
🇰🇷 한국어

이 문서는 개인 판단으로 작성된 것이 아니라,
사내 기준을 규칙화한 시스템에 따라 자동 생성되었습니다.

🇯🇵 일본어

本書類は個人の判断によって作成されたものではなく、
社内基準をルール化したシステムに基づいて自動生成されています。

📌 이 문장 하나만으로도
개인 책임 → 규칙 책임 전환이 됩니다.

2️⃣ “왜 이렇게 작성됐나?” 질문 대응
🇰🇷

해당 내용은 시스템에 등록된 규칙에 따라 자동 반영된 결과입니다.

🇯🇵

当該内容は、システムに登録されたルールに基づいて
自動的に反映された結果입니다。

📌 판단 주체 = 시스템

3️⃣ “이 판단은 누가 한 건가?” 대응
🇰🇷

이 부분은 특정 담당자의 판단이 아니라,
사전에 정의된 규칙에 따라 처리되었습니다.

🇯🇵

本件は特定の担当者の判断ではなく、
あらかじめ定義されたルールに基づいて処理されています。

📌 사람 이름이 안 나오는 게 핵심

4️⃣ “문제가 생기면 누가 책임지나?”를 우회하는 표현

⚠️ 직접 “책임”이라는 단어를 쓰지 않습니다.

🇰🇷

현재 규칙 기준으로는 해당 처리 방식이 적용되었으며,
필요할 경우 규칙을 재검토할 수 있습니다.

🇯🇵

現行のルール基準では当該処理が適用されており、
必要に応じてルールの見直しが可能です。

📌

처벌 ❌

규칙 개선 ⭕

5️⃣ “왜 사람이 직접 안 썼나?” 대응
🇰🇷

문서의 형식과 표현을 표준화하기 위해
시스템 기반으로 생성하고 있습니다.

🇯🇵

文書の形式および表現を標準化するため、
システムベースで生成しています。

📌 표준화 = 일본에서 매우 안전한 단어

6️⃣ “AI가 쓴 거냐?” 질문 대응 (매우 중요)
❌ 피해야 할 표현

AI가 판단했습니다

AI가 작성했습니다

⭕ 안전한 표현
🇰🇷

AI가 임의로 판단한 것이 아니라,
사전에 정의된 규칙을 자동 적용한 결과입니다.

🇯🇵

AIが任意に判断したものではなく、
あらかじめ定義されたルールを自動適用した結果です。

📌 일본에서는 AI보다 ‘ルール’가 훨씬 안전

7️⃣ “그럼 이 규칙이 문제면?” 상황에서 쓰는 최종 방어 문장
🇰🇷

이 경우에는 담당자 문제가 아니라
규칙 정의를 조정할 필요가 있는 사안으로 판단됩니다.

🇯🇵

本件は担当者の問題ではなく、
ルール定義の調整が必要な事案と考えられます。

📌 이 문장으로
개인 책임 → 조직 개선 이슈로 완전히 전환됩니다.

✅ 초단기 암기용 요약 세트 (이것만 외워도 됨)
🇰🇷 한국어 3줄

개인 판단이 아니라 규칙 기반 자동 생성입니다

동일 조건에서는 동일 결과가 나옵니다

필요 시 규칙을 재검토합니다

🇯🇵 일본어 3줄

個人判断ではなく、ルールに基づく自動生成です

同一条件では同一結果となります

必要に応じてルールの見直しを行います

👉 이 3줄만 외워도 일본에서는 안전합니다.

🎯 실전 사용 팁 (매우 중요)

팁

질문을 받으면:

설명 ❌

문장 낭독 ⭕

말 바꾸지 말 것

즉흥 해석하지 말 것

항상 “규칙 → 시스템 → 동일 결과” 구조 유지

👉 일본에서는
같은 말을 반복하는 사람 = 신뢰할 수 있는 사람입니다.

🧩 한 문장 요약

일본에서 문서 자동화를 설명할 때는
‘해결했다’가 아니라
‘규칙을 시스템으로 고정했다’를
한국어·일본어 모두에서 일관되게 반복하는 게 정답이다.

이 정리본은
👉 그대로 복사해서 메모해두고
👉 질문 나오면 그냥 읽어도 되는 수준입니다.","[""import"",""coding""]",2026-02-22 11:37:06.24266+00,e1848554-ffae-479c-a8cd-4c0d77b7bed2,2026-03-19 15:55:50.007522+00,0,0,0,2026-03-19 15:55:50.007522+00,0,null,null,null,false,null,jp-dev-study-log-next,2026-01-12 03:59:12.51+00,1768190352510,false,null,null,null,"{""tables"":{""1"":{""rows"":[],""columns"":[]}}}",null,[],null,null
2b1fcc04-b04a-40c9-98e5-c6d919a720b5,📘 Vanilla JS CRUD + Search/Filter 구현 기록 (자기 점검용),"📘 Vanilla JS CRUD + Search/Filter 구현 기록 (자기 점검용)
1. 이 코드는 무엇을 하는가 (전체 개요)

이 코드는 바닐라 JavaScript로 CRUD + 검색 + 필터 기능을 구현한 간단한 리스트 앱이다.
React 없이 DOM을 직접 다루며, 상태(state), 파생 데이터, 렌더링, 이벤트 흐름을 명확히 분리하는 구조를 사용했다.

목표는 기능 구현 자체보다도 데이터 흐름과 UI 갱신 구조를 이해하고 설명할 수 있는가에 있다.

2. 전체 구조를 한 줄로 요약하면

HTML은 구조만 제공하고,
상태는 JS에서 관리하며,
화면에 보여줄 데이터는 파생 계산으로 만들고,
DOM 갱신은 render 함수 한 곳에서 처리한다.

이 설명이 가능하면 구조 이해는 충분하다.

3. DOM 접근 방식에 대한 이해
const $ = (s) => document.querySelector(s);


DOM 요소 접근을 간단히 하기 위한 헬퍼 함수

jQuery 스타일을 흉내 낸 것일 뿐, 핵심 로직은 아님

각 id는 HTML에 존재하는 UI 요소를 JS에서 제어하기 위한 연결 지점이다.

여기서 중요한 건:

HTML 구조와 JS 로직을 분리했다는 점

JS는 HTML을 “조작”하는 역할만 맡는다

4. 상태(state)에 대한 이해
let items = []; // source of truth


items는 이 앱의 유일한 데이터 원본

화면에 보이는 내용은 항상 이 배열을 기준으로 만들어진다

DOM에서 직접 데이터를 읽지 않는다

👉 상태는 JS에, 화면은 상태의 결과물이라는 인식이 핵심이다.

5. 검색 / 필터 로직의 위치와 역할
const visibleItems = () => { ... }


이 함수는:

현재 상태(items)

현재 UI 상태(q.value, filter.value)

를 바탕으로
👉 “지금 화면에 보여줘야 할 데이터만 계산” 한다.

중요한 점:

이 함수는 DOM을 건드리지 않는다

순수하게 “계산”만 담당한다

즉,

검색/필터는 렌더링 문제가 아니라 데이터 계산 문제라는 구분을 하고 있다.

이 설명이 가능하면 충분하다.

6. render 함수의 존재 이유
const render = () => { ... }


DOM 갱신을 이 함수 한 곳에서만 처리

상태가 바뀌면 항상 render()를 다시 호출

이 구조의 의도는:

DOM 조작이 여기저기 흩어지는 것을 방지

React의 “state 변경 → 자동 리렌더” 개념을 바닐라로 직접 구현한 것

👉 왜 render를 따로 만들었는지 설명 가능하면 충분하다.

7. escapeHtml 함수의 역할 이해
const escapeHtml = (s) => ...


사용자 입력을 innerHTML로 출력하기 때문에

HTML 태그가 실행되는 것을 막기 위한 최소한의 안전 처리

중요한 건:

왜 여기서 필요했는지

출력 직전에만 사용한다는 점

구현 세부를 외울 필요는 없다.

8. CRUD 중 Create (추가) 로직
form.addEventListener(""submit"", ...)


이 로직의 흐름은:

사용자 입력을 받는다

새로운 아이템 객체를 만든다

상태(items)를 변경한다

render()를 호출해 화면을 갱신한다

👉 이 흐름을 말로 설명할 수 있으면 충분하다.

9. Search / Filter 이벤트 처리 방식
q.addEventListener(""input"", render);
filter.addEventListener(""change"", render);


검색어/필터가 바뀌면

상태는 그대로 두고

화면만 다시 계산해서 그린다

즉,

검색/필터는 상태 변경이 아니라 “보여주는 방식”의 변경이다.

이 구분이 핵심이다.

10. Update / Delete를 이벤트 위임으로 처리한 이유
list.addEventListener(""click"", ...)


리스트 아이템이 동적으로 생성되므로

각 버튼마다 이벤트를 붙이지 않고

부모 요소에서 이벤트를 한 번에 처리

여기서:

dataset.id는 HTML에 저장해 둔 식별자를 읽기 위한 수단

getAttribute/dataset의 내부 원리까지 설명할 필요는 없음

👉 “왜 여기서 id가 필요했는지”만 설명 가능하면 충분하다.

11. 이 수준이면 신입 기준으로 충분한가?
✅ 충분하다

이 코드와 구조를 기준으로 다음을 설명할 수 있다면:

데이터 흐름 (state → derive → render)

검색/필터가 어디서 처리되는지

왜 render를 분리했는지

이벤트 위임을 쓴 이유

에러가 나면 어디부터 의심할지

👉 신입 코딩테스트 / 과제 기준으로 충분한 수준이다.

12. 지금 단계에서 더 깊이 들어갈 필요가 없는 이유

DOM API 내부 구현

attribute vs property 차이

성능 최적화

라이브러리 내부 동작

이건 시니어 영역이고,
지금 파면 오히려 혼란만 커진다.","[""import"",""coding""]",2026-02-22 11:37:06.24266+00,e1848554-ffae-479c-a8cd-4c0d77b7bed2,2026-03-19 15:55:50.007522+00,0,0,0,2026-03-19 15:55:50.007522+00,0,null,null,null,false,null,jp-dev-study-log-next,2026-01-06 07:48:27.681+00,1767685707681,false,null,null,null,"{""tables"":{""1"":{""rows"":[],""columns"":[]}}}",null,[],null,null
2ced7773-5e03-4c3e-90e3-67468228445f,「まったり」,"「まったり」とは、味わいがおだやかでコクがある様子や、ゆったりと落ち着いてくつろいでいる様子を表す言葉で、元々は近畿地方の方言ですが、アニメ『おじゃる丸』などをきっかけに全国的に広まりました。多くの場合、「ゆっくりする」「のんびりする」「くつろぐ」といった意味で使われ、食事の味や人柄、雰囲気など幅広く使われます。 
主な意味と使い方
味覚：おだやかで深みのある味、とろけるような舌触り（例：このコーヒーはまったりした味だね）。
気分・様子：ゆったりとリラックスしている状態、のんびり過ごす様子（例：週末は家でまったり過ごしたい）。
雰囲気：穏やかで落ち着いた雰囲気（例：カフェの雰囲気がまったりしている）。
人柄：穏やかで落ち着いた人柄（例：あの人はまったりした人だね）。 
言葉の背景
語源：関西（近畿）の方言で、味覚を表す擬態語として使われていました。
全国への広がり：1998年放送のアニメ『おじゃる丸』で使われたことをきっかけに、気分や態度を表す言葉として全国的に流行し、定着しました。 
類語
ゆったりする、のんびりする、くつろぐ、だらだらする、まったりする。 
このように、「まったり」は、味覚から日常生活の過ごし方まで、幅広いシーンで「穏やかで心地よい状態」を表す便利な言葉です。

https://mazii.net/ko-KR/search/word/jako/%E3%81%BE%E3%81%A3%E3%81%9F%E3%82%8A

◆ 부드럽고 감칠맛나는 모양.

まったりとした味わい
진하고 감치는 맛

◆ 맛이 진하고 감칠맛이 나는 모양.

まったりとした味わい
진하고 감치는 맛

◆ 느긋하고 한가로운 모양; 유유자적하고 편안한 모양; 또, 지루하게 이어지는 모양.

まったり(と)した休日
여유로운 휴일

まったり(と)くつろぐ
느긋하게 쉬다

まったり(と)した時間を過ごす
편안한 시간을 보내다

◆ 인품이 온화한 모양.

まったり(と)した人
인품이 온화한 사람","[""import"",""japanese""]",2026-02-22 11:37:06.24266+00,e1848554-ffae-479c-a8cd-4c0d77b7bed2,2026-03-19 15:55:50.007522+00,0,0,0,2026-03-19 15:55:50.007522+00,0,null,null,null,false,null,jp-dev-study-log-next,2026-01-09 13:10:38.364+00,1767964238364,false,null,null,null,"{""tables"":{""1"":{""rows"":[],""columns"":[]}}}",null,[],null,null
2d6117b1-552f-4ed7-849f-b8dba27b3440,～さえ・～すら　N2,"https://youtu.be/KKg1pBk53j4?si=BqhXOAER8Couvi6k

同じ事務所の渡部さんですら努力しないといけないくらい僕の印象がない

https://nihongo.co.kr/%EF%BD%9E%E3%81%95%E3%81%88%E3%83%BB%EF%BD%9E%E3%81%99%E3%82%89/

あの二人は仲が良いのに電話番号すら知しらないらしい。
저 두사람은 사이가 좋은데 전화번호조차 모른다는 것 같다. 

山田さんは韓国に住んで10年も経つのに、挨拶すら韓国語でできないらしい。
야마다씨는 한국에 산지 10년이나 지났는데 인사조차 한국어로 못한다는 것 같다. 

君にすら解けない問題だなんて、どんなに難しい問題なんだ。
너조차 풀지 못하는 문제라니 얼마나 어려운 문제인 거야. 

こんな簡単な問題、小学生ですら解けるよ。
이런 간단한 문제 초등학생조차 풀 수 있어. 

夫は酔っぱらいすぎて、話すことすらまともにできなかった。
남편은 너무 취해서 말하는 것조차 제대로 하지 못했다. 

昨日は忙しすぎて、ごはんを食べることすらできませんでした。
어제는 너무 바빠서 밥을 먹는 것조차 못했습니다. 

今、のどが痛くて水さえも飲めない。
지금 목이 아파서 물도 못 마시겠다. 

あなたさえいれば私は他になにもいりません。
당신만 있으면 나는 다른 것은 무엇도 필요 없습니다. 

彼の両親でさえ彼の行方を知らなかった。
그의 부모님조차 그의 행방을 몰랐다. 

彼女は妊娠の事実を親にさえ知らせなかった。
그녀는 임신 사실을 부모님에게조차 알리지 못했다. 

今の私にはこんな簡単な仕事さえできません。
지금에 나는 이런 간단한 일조차 불가능합니다.

昨日は体調が悪くて歩くことさえできず、ずっと横になっていました。
어제는 몸상태가 나빠서 걷는 것도 못하고 계속 누워있었습니다.","[""import"",""japanese""]",2026-02-22 11:37:06.24266+00,e1848554-ffae-479c-a8cd-4c0d77b7bed2,2026-03-19 15:55:50.007522+00,0,1,0,2026-03-19 15:55:50.007522+00,0,null,null,null,false,null,jp-dev-study-log-next,2026-02-03 20:30:39.811+00,1770150639811,false,null,null,null,"{""tables"":{""1"":{""rows"":[],""columns"":[]}}}",null,[],null,null
2fd9707b-2372-41fd-83ee-f84b5156dff7,配る（くばる）と分ける（わける）のちがさ,"https://blog.naver.com/maisensei-japanese/222485880966

配（くば）る

１ 物を、適当な量に分けて、それぞれに行き渡るようにする。割り当てて渡す。

물건을 적당한 양으로 나누어 각각에 골고루 전달하도록 한다.할당해서 넘기다.

​

「カードを配る／카드 나눠주다」

​

２ 方々に届けて回る。配達する。

사방에 물건을 전달하고 다니다.배달하다.

「新聞を配る/ 신문을 배달한다.」

​

３ 配慮や注意などを行き渡らせる。方々に行き届かせる。

배려나 주의등을 골고루 준다.사방에 두루 미치다.

「気を配る/매려하다 주의하가」

分ける

１ 一つにまとまっているものをいくつかの部分にする。分割する。

하나로 뭉쳐 있는 것을 몇 개의 부분으로 만든다.분할한다.

「ケーキを分ける／케이크를 나누다」 

​

​

２ 種類によって区分する。分類する。

종류에 따라 구분한다.분류하다.

「子供と大人に分ける／아이와 어른으로 나누다」

「大きさによって分ける／크기에 따라 나누다」

​

３ 幾つかに割って与える。分配する。また、一部分を人に与える。

여러 개로 쪼개서 주다.분배하다.또 한 부분을 남에게 준다.

「財産を三人の息子に分ける／재산을 세 아들에게 나누어 준다」

「いただき物をお隣に分ける／먹거리를 이웃에게 나누어 준다」

​

☞おすそ分けするとも言いますね。

사전에서도 알 수 있듯이

「配る」　

적당한 양을 각자에게 골고루 준다

​

「分ける」　

하나의 것을, 혹은 많이 모여서 하나가 된 것을 

여러 그룹으로 분할한다

となりますね","[""import"",""japanese""]",2026-02-22 11:37:06.24266+00,e1848554-ffae-479c-a8cd-4c0d77b7bed2,2026-03-19 15:55:50.007522+00,0,0,0,2026-03-19 15:55:50.007522+00,0,null,null,null,false,null,jp-dev-study-log-next,2026-01-07 09:46:48.105+00,1767779208105,false,null,null,null,"{""tables"":{""1"":{""rows"":[],""columns"":[]}}}",null,[],null,null
30a561da-b7c3-491f-9fdb-2fa85db954fa,「ガチな奴」,"https://youtu.be/op0crDJJhCk?si=0rQv0rtxosH5SMCZ

「ガチな奴」とは、ある物事に非常に真剣に、全力で取り組んでいる人を指すスラングで、特にゲームやアイドルファンなどのコミュニティで使われ、「本気勢」「ガチ勢」とも呼ばれます。相撲の「真剣勝負」が語源で、「マジ（真面目）」よりもさらに強い本気度を表す若者言葉です。 
意味合い
真剣さ・本気度が高い: 遊びや適当ではなく、心からその活動に打ち込んでいる様子。
「ガチ勢」: ある分野でトップレベルを目指したり、熱中している人のこと。
「ガチ恋勢」: アイドルやアニメキャラなどに本気で恋をしているファンのこと。 
使われる場面
ゲーム：「ガチ勢はアイテム集めも全力」。
推し活：「あの人は〇〇（アイドル）のガチな奴だね」。 
「ガチ」の語源
元々は相撲の「真剣勝負」から来ており、そこから「本気」という意味だけが残って「マジ」よりも強い意味合いで使われるようになりました。 
「ガチな奴」は、その人がどれだけ本気で取り組んでいるかを強調する際に使われる、カジュアルな表現です。","[""import"",""japanese""]",2026-02-22 11:37:06.24266+00,e1848554-ffae-479c-a8cd-4c0d77b7bed2,2026-03-19 15:55:50.007522+00,0,0,0,2026-03-19 15:55:50.007522+00,0,null,null,null,false,null,jp-dev-study-log-next,2026-01-04 17:17:15.31+00,1767547035310,false,null,null,null,"{""tables"":{""1"":{""rows"":[],""columns"":[]}}}",null,[],null,null
3171a8a6-9a14-4468-a7b0-80495afc44f5,飛び込む（とびこむ）,"https://youtu.be/9B1izCJwtmM?si=3WZ8LmYXIRez5vyA

https://mazii.net/ko-KR/search/word/jako/%E9%A3%9B%E3%81%B3%E8%BE%BC%E3%82%80

◆ 뛰어들(어가)다.
◆ 몸을 날려 들어가다.

海に飛び込む
바다에 뛰어들다

プールに飛び込んだ
풀(pool)에 뛰어들었다

◆ 급하게 안으로 들어가다.

にわか雨を避けて喫茶店に飛び込む
소나기를 피해서 찻집으로 뛰어들다

◆ 자진해서 어떤 일에 관여하다; 투신하다.

政界に飛び込んだ人
정계에 뛰어든 사람

平和運動に飛び込む
평화 운동에 뛰어들다

◆ (뜻밖의 일이) 날아들다.

嬉しいニュースが飛び込む
기쁜 뉴스가 날아들다

悲報が飛び込んできた
비보가 날아들어 왔다","[""import"",""japanese""]",2026-02-22 11:37:06.24266+00,e1848554-ffae-479c-a8cd-4c0d77b7bed2,2026-03-19 15:55:50.007522+00,0,0,0,2026-03-19 15:55:50.007522+00,0,null,null,null,false,null,jp-dev-study-log-next,2026-01-05 03:44:57.509+00,1767584697509,false,null,null,null,"{""tables"":{""1"":{""rows"":[],""columns"":[]}}}",null,[],null,null
33333f1f-db58-4865-add6-6b31d622b221,食材（しょくざい）,"https://ja.wikipedia.org/wiki/%E9%A3%9F%E6%9D%90

食材（しょくざい、英: food ingredients）とは、料理の材料のこと。

https://www.kpedia.jp/w/27986

＜식재료の韓国語例文＞
・	냉장고에 식재료가 듬뿍 있다.
冷蔵庫に食材がたっぷりある。
・	조합된 식재료가 훌륭한 맛을 냈다.
組み合わされた食材が素晴らしい味を出した。
・	식재료를 지역 농가에서 공급받는다.
食材を地域農家から仕入れている（供給を受けている）。
・	이 식당은 업소용﻿ 식재료를 사용한다.
このレストランは業務用﻿食材を使っている。
・	그들은 식재료를 부엌으로 옮겼다.
彼らは食材を台所に運んだ。
・	향토 음식에는 신선한 지역 식재료가 사용된다.
郷土料理は新鮮な地元の食材が使われる。
・	예열함으로써 식재료가 적절하게 조리됩니다.
予熱することで食材が適切に調理されます。
・	오븐을 예열하면 식재료가 균일하게 가열됩니다.
オーブンを予熱すると、食材が均一に加熱されます。
・	식재료에 적합한 방법으로, 제대로 된 밑 준비하는 것이 필요합니다.
食材に適した方法で、しっかりとした下処理を行うことが必要です。
・	우리는 시장에서 최저 가격에 식재료를 구입했다.
私たちは市場で最安値で食材を購入した。
・	비린내가 나는 환경에서는 식재료가 쉽게 상합니다.
生臭い環境では、食材が傷みやすくなります。
・	요리 전문가는 식재료에 관해서도 깊은 지식을 가지고 있습니다.
料理専門家は食材についても深い知識があります。
・	장기 보관 가능한 식재료를 쟁여놓아서 당분간 걱정 없어요.
長期保存できる食材を買い置きして、しばらく安心です。
・	킹크랩은 고급 식재료로, 특별한 날에 딱 맞다.
タラバガニは高級食材で、特別な日にぴったりだ。
・	콩기름을 사용하면 식재료의 맛이 돋보입니다.
大豆油を使うことで、食材の味が引き立ちます。
・	불필요한 살생을 막기 위해 식재료 선택에 신경을 쓰고 있습니다.
無駄な殺生を防ぐため、食材選びに気をつけています。
・	광장시장에는 신선한 식재료가 풍부하게 갖추어져 있습니다.
広蔵市場では、新鮮な食材が豊富に揃っています。
・	신선도가 좋은 식재료를 고르는 것이 맛있는 요리를 만드는 비결입니다.
鮮度が良い食材を選ぶことが、美味しい料理を作るコツです。
・	신선도를 유지하기 위해서는 식재료를 적절히 보관하는 것이 중요해요.
鮮度を保つために、食材は適切に保存することが大切です。
・	신선도가 떨어지면, 식재료의 풍미나 영양이 상실돼요.
鮮度が落ちると、食材の風味や栄養が失われます。
・	트러플은 매우 비싼 식재료로, 특별한 경우에 사용돼요.
トリュフは非常に高価な食材で、特別な場面で使われます。
・	트러플은 프랑스 요리에 빠질 수 없는 식재료 중 하나입니다.
トリュフはフランス料理に欠かせない食材の一つです。
・	어패류는 일본 요리에서 빠질 수 없는 식재료 중 하나입니다.
魚介類は日本料理において欠かせない食材の一つです。
・	우렁이는 일본과 한국에서 식재료로 사용돼요.
タニシは日本や韓国では食材として利用されます。
・	가재는 일본과 한국에서 식재료로 사용되기도 한다.
ザリガニは日本や韓国では食材として使われることがあります。
・	철갑상어의 알로 만든 캐비아는 고급 식재료로 유명합니다.
チョウザメの卵から作られるキャビアは高級食材として有名です。
・	철갑상어는 고급 식재료로 알려져 있으며 캐비어가 유명합니다.
チョウザメは高級食材として知られ、キャビアが有名です。
・	고형 카레는 바쁜 날에도 편리한 식재료입니다.
カレールーは、忙しい日にも便利な食材です。
・	염장한 식재료는 일정 시간 동안 담가 두어야 합니다.
塩漬けした食材は、一定の時間漬け込む必要があります。
・	할랄푸드에는 신선한 식재료가 많이 사용됩니다.
ハラルフードには新鮮な食材が多く使われています。
・	부추는 영양가가 높고 몸에 좋은 식재료입니다.
ニラは栄養価が高く、体に良い食材です。
・	해물파전은 한국의 식재료의 풍부함을 살린 요리입니다.
海鮮チヂミは韓国の食材の豊かさを活かした料理です。
・	무말랭이는 건강한 식재료입니다.
切り干し大根は健康的な食材です。
・	식재료를 골고루 썰었어요.
食材をまんべんなく切り分けました。
・	사계절 제철 식재료를 즐길 수 있는 레스토랑입니다.
一年中、旬の食材を楽しむことができるレストランです。
・	전분은 요리의 식감에 변화를 주기 위한 식재료입니다.
澱粉は料理の食感に変化を付けるための食材です。
・	양식된 식재료를 사용한 요리가 맛있었어요.
養殖された食材を使った料理が美味しかったです。
・	이 가게는 식재료가 신선해요.
この店は食材が新鮮です。
・	신선한 식재료를 사용합니다.
新鮮な食材を使います。
・	식재료의 조합에 따라 요리의 종류가 넓어집니다.
食材の組み合わせによって料理のバリエーションが広がります。
・	식재료를 사용하여 새로운 레시피를 시도해 보았습니다.
食材を使って新しいレシピを試してみました。
・	식재료를 신선한 상태로 저장합니다.
食材を新鮮な状態で保存します。
・	레시피에 사용되는 식재료를 조달하는 데 고생했어요.
レシピに使われている食材の調達に苦労しました。
・	식재료를 준비하고 나서 요리를 시작합니다.
食材を準備してから料理を始めます。
・	유기농 식재료를 사용하고 있습니다.
オーガニック食材を使っています。
・	식재료를 씻은 후 조리합니다.
食材を洗ってから調理します。
・	식재료를 다져서 가공합니다.
食材を刻んで加工します。
・	식재료의 조합에 따라 요리의 맛이 달라집니다.
食材の組み合わせによって料理の味が変わります。
・	식재료를 저장하기 위해 냉장고에 넣었습니다.
食材を保存するために冷蔵庫に入れました。
・	식재료를 고를 때는 신선함을 중시합니다.
食材を選ぶときは新鮮さを重視します。","[""import"",""japanese""]",2026-02-22 11:37:06.24266+00,e1848554-ffae-479c-a8cd-4c0d77b7bed2,2026-03-19 15:55:50.007522+00,0,0,0,2026-03-19 15:55:50.007522+00,0,null,null,null,false,null,jp-dev-study-log-next,2026-01-14 11:32:20.206+00,1768390340206,false,null,null,null,"{""tables"":{""1"":{""rows"":[],""columns"":[]}}}",null,[],null,null
34d24b92-79a7-4e3a-80e9-a22ce969d27f,しりとり,"https://youtu.be/45-Pa81ELyY?si=3zvTCrWmRyOYHoaZ

しりとりは、前の人が言った言葉の最後の文字（お尻の文字）から始まる新しい言葉を言い続ける、言葉遊びです。基本的に「ん」で終わる言葉を言った人が負けで、同じ言葉は使えず、固有名詞や専門用語を避けるのが一般的です。語彙力や集中力を高める効果があり、親子で楽しむのに最適で、「る」で終わる言葉を覚えると有利になる、などのコツもあります。 
基本的なルール
開始: 2人以上でじゃんけんなどで先攻を決め、最初の人は好きな言葉（例: りんご）を言う。
連想: 次の人は前の言葉の最後の文字（例: ご）から始まる言葉（例: ゴリラ）を言う。
繰り返し: これを繰り返し、言葉の語尾（お尻）と語頭（頭）を繋げていく。
負け: 最後の文字が「ん」になる言葉を言った人は負け。
禁止: 同じ言葉は2度使えない。 
遊び方のポイント・応用
語彙力アップ: 「る」で終わる言葉（例: パンダ→だるま）を覚えると、相手に「る」から始まる言葉を言わせやすくなるため有利。
制限時間: 10〜15秒など時間を決めて、焦りの中で言葉を出すのも面白い。
「ん」で始まる言葉: アフリカの地名（ンジャメナ）や楽器（ンビラ）など、例外的に「ん」で始まる言葉もあるが、基本は使わない。
英語のしりとり: 最後の文字のスペル（例: appleのe）を使って、Xで終わると負け、などルールが異なる場合も。 
しりとりで身につく力
語彙力・発想力
集中力・思考力
コミュニケーション能力

https://ja.wikipedia.org/wiki/%E3%81%97%E3%82%8A%E3%81%A8%E3%82%8A

しりとり（漢字表記：尻取）とは、言葉遊びの一つである。参加人数は何人でもよい[1]。

本項では主に日本語のしりとりについて解説する[2]。

名称の由来は「ルール」の項にもあるように、単語の最後の文字（尻[3]）を取って、その尻字から始まる単語を出して継続させることに由来するため、漢字表記は「尻取」である。","[""import"",""japanese""]",2026-02-22 11:37:06.24266+00,e1848554-ffae-479c-a8cd-4c0d77b7bed2,2026-03-19 15:55:50.007522+00,0,0,0,2026-03-19 15:55:50.007522+00,0,null,null,null,false,null,jp-dev-study-log-next,2026-01-07 14:47:55.813+00,1767797275813,false,null,null,null,"{""tables"":{""1"":{""rows"":[],""columns"":[]}}}",null,[],null,null
34fa2694-84c1-4668-800c-3419d13cbca9,「惜しい（おしい）」,"「惜しい（おしい）」は、目標や基準にわずかに届かず残念な気持ちや、大切なものが失われるのを惜しむ気持ちを表す日本語で、英語の""almost""や""close""、""pity""、""regrettable""などに相当し、状況によって「もう少し」「もったいない」というニュアンスで使われます。 
主な意味と使い方
もう少しで達成できたのに、という残念さ（悔しさ）
例文: 「あと1点足りない、惜しい！」（惜しい（おしい） - Wiktionary）
例文: 「シュートはポストに当たった。惜しかったね。」（おしい - Wiktionary）
価値あるものが失われるのを惜しむ気持ち（もったいない）
例文: 「才能があるのに、このまま埋もれてしまうのは惜しい。」（おしい - Wiktionary）
例文: 「この桜は散るには惜しいほど美しい。」（おしい - Wiktionary）
失いたくない、このままでいてほしいという気持ち
例文: 「命が惜しい」 ( 「おしい」の意味は何ですか？ 使い方は色々あるんですか？ - italki )
例文: 「時間が惜しい」 ( 「おしい」の意味は何ですか？ 使い方は色々あるんですか？ - italki ) 
「惜しい」と「もったいない」の違い
惜しい: 目標にあと一歩届かなかった悔しさや、それに近い状態を表すことが多いです（例：あと2点で合格点）。
もったいない: 価値あるものが無駄にされることへの残念な気持ち（例：才能があるのに勉強しないのはもったいない）。 
このように、「惜しい」は文脈によって「もう少しで」「残念」「もったいない」など、様々なニュアンスで使われる便利な言葉です。","[""import"",""japanese""]",2026-02-22 11:37:06.24266+00,e1848554-ffae-479c-a8cd-4c0d77b7bed2,2026-03-19 15:55:50.007522+00,0,0,0,2026-03-19 15:55:50.007522+00,0,null,null,null,false,null,jp-dev-study-log-next,2026-01-05 04:38:59.207+00,1767587939207,false,null,null,null,"{""tables"":{""1"":{""rows"":[],""columns"":[]}}}",null,[],null,null
35270308-fb94-4e5b-ad87-7f536fa62a8e,覚ます、覚める,"主な違いと使い分け
覚ます（他動詞）：目的語（目、意識、迷いなど）を能動的にさめさせる。
例：目覚まし時計が私を覚ます。
例：夢から（自分を）覚ます。
覚める（自動詞）：対象が自然にさめる、眠りから覚める。
例：朝の光で目が覚める。
例：酔いが覚める。 
共通する意味
眠っている状態、または夢・迷い・酔いから抜け出し、意識がはっきりしている「覚醒」状態を指します。 
言い換えの例
目が覚める：起床する、目が開く。
目を覚ます：目を醒ます、意識を取り戻す。 
基本的には、自分の意識や眠りが自然に終わる場合は「覚める」、能動的な働きかけがある場合は「覚ます」と使い分けます。
【医師監修】覚醒とはどういう状態を指す？睡眠のメカニズムや質を ...
2026. 1. 19. — 目を覚ます状態を意味する言葉には、ほかにも「起床する」「起きる」「目覚める」など複数ありますが、覚醒と意味に大きな違いは...

NELL マットレス
Usage of 目を覚ます and 目が覚める
2012. 1. 16. — As you said, one is transitive, the other is intransitive. 目...

Japanese Language Stack Exchange

さます - ウィクショナリー日本語版
動詞:覚ます・醒ます 眠っているものが覚醒する。 心の迷いを解く。

Wiktionary
모두 표시
「覚ます」と「覚める」は、主に睡眠や意識の状態を表す他動詞と自動詞の関係です。「目を覚ます」は意図的に起きる、あるいは起こす能動的な動作を指し、「目が覚める」は眠りから自然に意識が戻る自動的な状態を表します。","[""import"",""japanese""]",2026-02-22 11:37:06.24266+00,e1848554-ffae-479c-a8cd-4c0d77b7bed2,2026-03-19 15:55:50.007522+00,0,0,0,2026-03-19 15:55:50.007522+00,0,null,null,null,false,null,jp-dev-study-log-next,2026-02-01 06:48:23.316+00,1769928503316,false,null,null,null,"{""tables"":{""1"":{""rows"":[],""columns"":[]}}}",null,[],null,null
35bc12b2-2e7a-4fcc-a504-4ced62c67999,お守り（おまもり）,"https://youtu.be/uN5Eh0hJmrg?si=usrwXx7f74504c2p

お守り（おまもり）は、神社やお寺で授かる縁起物で、厄除けや開運、特定の願い（安産、合格など）の成就を願って身につけたり持ち歩いたりする小さな袋や札のことです。常に肌身離さず持ち歩くのが良いとされ、カバンの中や首から下げるのが一般的で、1年を目安に神社やお寺に返納し、感謝を伝えてお焚き上げ（焼納）してもらうのが習わしです。 
お守りの種類と意味
厄除け・開運: 災難を防ぎ、幸運を呼び込む。
合格祈願: 学業成就や試験の合格を願う。
安産祈願: 妊娠中の女性が安全に出産できるよう願う。
交通安全: 事故に遭わないよう願う。
病気平癒: 病気の回復や健康を願う。
心願成就: 個人の様々な願いが叶うように願う。 
持ち方・使い方
基本: 常に持ち歩く、肌身離さず持つ。
効果的な持ち方: 心臓に近い位置（首から下げる、内ポケットに入れる）。
場所: 車の鍵につける、カバンに入れるなど、状況に合わせて。
注意点: 汚れる場所（トイレ、浴室など）や、足を向ける場所（寝室の足元）は避けるのが望ましい。 
返納（処分）について
時期: 1年を目安に、願いが叶った時、または古くなった時。
方法: 授かった神社やお寺に返納する（「お焚き上げ」に出す）。
重要性: 神聖なものなので、粗末に扱わず感謝して手放す。 
補足
有効期限: 1年経つと効力が弱まるとされるが、特に問題なければ長く大切にしても良いという考え方もある。
現代: 現代ではデザインも多様化し、ファッションの一部として取り入れる人も増えている。

https://ja.wikipedia.org/wiki/%E3%81%8A%E5%AE%88%E3%82%8A

お守り（おまもり、御守り、御守）とは、厄除け（魔除け）、招福（開運、幸運）、加護などの人の願いを象った物品（縁起物）である。護符、御符、護苻、御苻とも呼ばれる。
外来語で言うとアミュレット、タリスマン（英語版）、チャーム、テフィリン、フェティッシュなど。
外来語のアミュレット、チャーム、タリスマン等には明確な定義の違いがあるが、小野祖教氏によれば神道において御札、お守り、護符等の言葉の定義に違いはなくどれを使っても問題はないという。

日本の神社や寺院で配布されるお守りやお札は鎌倉時代から存在するが、これらは道教の符録を日本化して利用したのが始まりであるという説もある。
日本のお守り自体は寺社で授かったお札を持ち歩くものであった。平安時代には貴族の女性が中に小さな仏像や経文を入れた懸守（かけまもり）を外出時に首に懸けるようになっていた。
江戸時代に入ると首から下げるという大仰な形はしだいにすたれて、代わりに護符を通常腰さげや腕守という形で庶民にも広まった。
日本で護符や呪符と呼ばれるものが作られ始めたのは奈良、平安時代以前であり、古代中国で用いられた魔除けを目的とした図像が日本の古墳の石室の壁から見つかる他、奈良文化財団研究所が発掘している平城京跡の木簡から道教の護符と似たものが発見されているまた神道では、陰陽道や寺院が護符を作り始めたのに習い、御札をつくるようになったという。","[""import"",""japanese""]",2026-02-22 11:37:06.24266+00,e1848554-ffae-479c-a8cd-4c0d77b7bed2,2026-03-19 15:55:50.007522+00,0,0,0,2026-03-19 15:55:50.007522+00,0,null,null,null,false,null,jp-dev-study-log-next,2026-01-09 02:55:48.363+00,1767927348363,false,null,null,null,"{""tables"":{""1"":{""rows"":[],""columns"":[]}}}",null,[],null,null
364a96f4-e8d4-407b-89b4-245f57af539f,「儚い（はかない）」,"鬼滅の刃無限列車編

「儚い（はかない）」は、淡く消えやすい、長く続かない、頼りない、またはすぐに壊れてしまいそうな様子を表す言葉です。夢、恋、命、桜、雪など、刹那的で繊細な美しさや、むなしさを伴うものに対して使われ、現代では「（消えそうなほど）透明感がある」というポジティブな意味でも使用されます。 
意味とニュアンス
消えやすい: 夢のように一瞬で終わる、霧のようにすぐになくなる。
もろい・かぼそい: 物理的、心理的に壊れやすい。
頼りない: 確かな根拠がない、あっけない。 
主な表現と語源
例: 儚い命、儚い夢、儚い恋、儚い希望。
語源: 「はか（目当て・よりどころ）」がない、という意味に由来する。 
類語・言い換え
刹那的、短命、瞬時、泡沫（うたかた）、仮初め（かりそめ）、脆い（もろい）。 
英語表現
Ephemeral（短命な、はかない）
Fleeting（一時の、つかの間の）
Fragile（壊れやすい）

https://www.kpedia.jp/w/20360

「儚い (はかない)」の韓国語「덧없다」を使った例文

・인생은 덧없다.
人生は儚い。

・그것은 거품처럼 덧없이 사라져 버린다.
それは泡のように儚く消えてしまう。

・사람의 일생은 덧없다.
人の一生は儚い。

・인생은 덧없는 것이라고 자주 저의 할아버지는 말합니다.
人生は儚いものだよ、とよく私の祖父は言います。

・흔히 사람들은 인생이 덧없다고 말한다.
人生は儚いよ、とよく人は言う。

・벚꽃나무 꽃이 덧없이 지고 있습니다.
桜の木の花が儚く散っています。

・하루살이의 일생은 매우 덧없다.
カゲロウの一生はとても儚い。

・꽃잎이 덧없음을 느끼게 한다.
花びらが儚さを感じさせる。

・60년이나 살다 보면 세상의 무서움도 덧없음도 몸에 사무칩니다.
60年も生きてくると、世の中の怖さもはかなさも身にしみてきます。

・다음 날 아침에 눈사람은 덧없이 사라져 없어졌다.
翌朝雪だるまは跡形もなく消え失せていた。

・거품이 덧없이 사라졌다.
バブルが跡形もなく消え去った。

・덧없이 세월이 흐르다.
むなしく時が過ぎる。

・시간은 정말 덧없이 흘러간다.
時間は本当に矢のように流れていく。

https://www.kpedia.jp/w/27405

「儚い (はかない)」の韓国語「무상하다」を使った例文

・인생은 무상하다.
人生ははかない。

・세상은 무상하다.
世の中は無常だ。

・이 세상은 무상하다고 한탄하다.
この世は無常だと嘆く。","[""import"",""japanese""]",2026-02-22 11:37:06.24266+00,e1848554-ffae-479c-a8cd-4c0d77b7bed2,2026-03-19 15:55:50.007522+00,0,1,0,2026-03-19 15:55:50.007522+00,0,null,null,null,false,null,jp-dev-study-log-next,2026-02-01 07:33:47.798+00,1769931227798,false,null,null,null,"{""tables"":{""1"":{""rows"":[],""columns"":[]}}}",null,[],null,null
369e89da-c3b8-424f-9bb6-772a47a3edb2,「かつら（鬘）」,"「かつら（鬘）」とは、髪の毛を補ったり、別の髪型に見せたりするために頭にかぶる装身具で、人毛や人工毛でできており、「ウィッグ」とも呼ばれますが、本来は「かずら」と読み、つる草などで作った髪飾りを指し、能楽などでは「かずら」と呼びます。また、「カツラ」は秋に甘い香りのするハート型の葉を持つ落葉高木（桂）を指すこともあり、この木の材は家具などに使われます。﻿
髪の毛を補う「かつら（鬘）」
概要:脱毛症や薄毛のカバー、ファッション、医療用（抗がん剤治療後など）、コスプレ、舞台用など、様々な目的で使われます。﻿
種類:部分用、全頭用（フルウィッグ）、医療用、オーダーメイドなどがあり、人毛と人工毛があります。﻿
別名:ウィッグ（wig）、ウイッグ、ウイグとも呼ばれ、基本的には同じものを指すことが多いです。﻿
植物の「カツラ（桂）」
特徴:ハート形の葉が特徴で、秋に黄葉した葉が甘い香りを放ちます。
用途:街路樹や庭木として植えられるほか、家具や将棋盤などの材料にもなります。﻿
語源と歴史
語源:元々は、つる草や花で作った髪飾り（髪飾り）を指し、万葉集にも歌われています（例：「玉に貫きかずらにせむと」）。﻿
歴史的変遷:その後、髪の毛を補う毛髪（鬘）を指すようになり、現代のウィッグにつながっています。﻿
その他の「かつら」
料理:野菜などを薄くむき身にする「かつらむき」という調理法もあります（例：かつらむき器）。

かつら（鬘）は、人の頭部にかぶせて、元々ある頭髪を補ったり別の髪型に見せたりするために使う、人毛もしくは人工的な髪のこと。古くは「かづら」と言い、鬘帯や鉢巻きなど、頭髪のように作って頭にかぶったり付けたりするものを指した[1][2]。現代でも能楽では「かずら」と呼ぶ。","[""import"",""japanese""]",2026-02-22 11:37:06.24266+00,e1848554-ffae-479c-a8cd-4c0d77b7bed2,2026-03-19 15:55:50.007522+00,0,0,0,2026-03-19 15:55:50.007522+00,0,null,null,null,false,null,jp-dev-study-log-next,2026-01-14 11:26:21.021+00,1768389981021,false,null,null,null,"{""tables"":{""1"":{""rows"":[],""columns"":[]}}}",null,[],null,null
373c3df3-a8e8-4974-800d-db99e3077bd5,"「正直に」, 「素直に」, 「率直に」","＜素直（すなお）＞

있는 그대로의 꾸밈없는 모습과 성격

・彼女の素直さが魅力だ。

(그녀의 솔직함이 매력이다)

​

＜率直（そっちょく）＞

있는 그대로 숨기지 않는 것

・率直に言うとこの問題はまだ改善の余地がある。

(솔직히 말해서 이 문제는 아직 개선의 여지가 있다.)

​

＜正直（しょうじき）＞

거짓이 없고 옳은 것

・正直に生きられたら幸せだ。

(정직하게 살 수 있다면 행복하다.)","[""import"",""japanese""]",2026-02-22 11:37:06.24266+00,e1848554-ffae-479c-a8cd-4c0d77b7bed2,2026-03-19 15:55:50.007522+00,0,0,0,2026-03-19 15:55:50.007522+00,0,null,null,null,false,null,jp-dev-study-log-next,2026-01-08 16:43:56.812+00,1767890636812,false,null,null,null,"{""tables"":{""1"":{""rows"":[],""columns"":[]}}}",null,[],null,null
3dbc2f24-5471-459a-b0ca-b98cb8c1bf53,「にやにや」,"「にやにや」とは、声を出さずに口元だけで笑う様子を表す擬態語で、何かを企んでいる、面白がっている、あるいは不敵な気持ちでいる時に使われ、「にこにこ」が幸せな笑顔なのに対し、後ろめたい、不気味、またはちょっと意地悪なニュアンスを含むことが多いです。また、北海道や青森など一部方言では腹痛（しくしくする痛み）を指すこともあります。 
主な意味とニュアンス
薄笑い・含み笑い: 心の中で何かを企んでいたり、秘密を抱えたりして、口元だけで笑っている状態。
不敵な笑み: 恐れ知らずな雰囲気や、自信ありげな笑い方。
他人を面白がる・嘲笑: 他人の失敗や不幸を陰で面白がって笑う様子。
例: 「漫画を読みながら一人でにやにやしていた」「彼がにやにやしながらこちらを見ていた」。 
方言での意味
腹痛: 津軽弁（青森県）などでは、腹部の鈍い痛みを「にやにやする」と表現します。 
「にこにこ」との違い
にやにや: どこか後ろめたい、含みのある、あるいは不気味な笑い。
にこにこ: 幸せで明るい、心からの笑顔（例：「にこにこ笑顔」）。","[""import"",""japanese""]",2026-02-22 11:37:06.24266+00,e1848554-ffae-479c-a8cd-4c0d77b7bed2,2026-03-19 15:55:50.007522+00,0,0,0,2026-03-19 15:55:50.007522+00,0,null,null,null,false,null,jp-dev-study-log-next,2026-01-14 14:10:08.694+00,1768399808694,false,null,null,null,"{""tables"":{""1"":{""rows"":[],""columns"":[]}}}",null,[],null,null
3f3dfb28-2d3a-4ff9-be02-d7a50046fa37,일본스타트업 선택시 유의사항 ex)정시퇴근 개인사업,"1) 왜 정시퇴근 보장이 프리 전향에 필수인가?

프리는 실력도 필요하지만, 그 전에

시간

체력

에너지

이게 없으면 절대 못 함.

회사 일이 매일 9~10시까지 잡아먹으면:

사이드 프로젝트도 못 하고

외주도 못 하고

공부도 못 하고

결국 노마드 플랜이 “영원히 계획”으로만 남아.

그래서 네가 말한 건 진짜 핵심이야:

프리로 가려면 회사에 묶이면 안 된다.

2) 근데 면접에서 “정시퇴근 보장되나요?” 이렇게 물으면 위험할 수 있음

여기서 한 가지 전략이 필요해.

회사 입장에서 저 질문을 들으면 이렇게 해석할 수도 있어:

“이 사람은 워라밸만 따지는 사람인가?”

“스타트업에 안 맞는 타입인가?”

“필요할 때 야근 못 하겠다는 뜻인가?”

그래서 물어야 하긴 하는데, 물어보는 방식이 중요해.

3) “안 뽑을 수도 있다”는 건 오히려 좋은 신호일 수도 있음

냉정하게 말하면:

✅ 너의 목표: “정시퇴근 기반으로 프리/노마드 준비”
❌ 어떤 회사의 목표: “회사에 올인할 사람”

이건 가치관 충돌이라
서로 안 맞는 게 맞아.

그럼 차라리 초반에 걸러지는 게 장기적으로는 이득임.

4) 현실적인 최적 질문 방식 (안 튀면서 확인하기)

정시퇴근을 대놓고 “보장”으로 묻기보다는
업무 운영 방식을 묻는 게 실무에서 가장 자연스러워.

예를 들어:

✅ 질문 1) 평균 야근 빈도

“通常時の残業頻度はどれくらいでしょうか？”
(평소 야근 빈도는 어느 정도인가요?)

✅ 질문 2) 야근이 생기는 시점

“残業が発生するのは、どのようなタイミングが多いですか？”
(야근이 발생하는 타이밍은 주로 언제인가요?)

✅ 질문 3) 근무시간 문화

“勤務時間の考え方として、成果重視でしょうか、時間重視でしょうか？”
(근무시간은 성과 중심인가요, 시간 중심인가요?)

✅ 질문 4) 리모트/유연근무

“リモートワークやフレックスの運用状況を教えてください。”
(재택/플렉스 운영 상황을 알려주세요.)

이렇게 물으면

“워라밸충” 느낌이 아니라

진짜 실무 궁금증처럼 들리고

회사도 솔직하게 말할 확률이 높아.

5) 너의 결론을 더 강하게 만들어주는 한 문장

너가 원하는 회사는 결국 이거야:

“일은 빡세도 좋지만,
시간을 뺏기진 않는 회사”

스타트업 중에도 이런 회사는 분명히 존재하고,
그런 회사만 잡으면 프리/노마드 전환이 진짜 가능해져.","[""import"",""coding""]",2026-02-22 11:37:06.24266+00,e1848554-ffae-479c-a8cd-4c0d77b7bed2,2026-03-19 15:55:50.007522+00,0,0,0,2026-03-19 15:55:50.007522+00,0,null,null,null,false,null,jp-dev-study-log-next,2026-01-10 10:48:10.37+00,1768042090370,false,null,null,null,"{""tables"":{""1"":{""rows"":[],""columns"":[]}}}",null,[],null,null
3fa39d7d-1ded-4c1d-9287-e211ada54021,일본 장기체류 외국인들이 가장 많이 부딪히는 ‘감정 미이식 영역’,"1️⃣ 空気を読む (쿠우키오 요무, 공기를 읽다)

의미(이론)
→ 말하지 않은 분위기·맥락·상대 기대를 파악해서 행동하라는 뜻

감정적 이해가 어려운 이유

“왜 말을 안 했는데 내가 알아야 하지?”라는 감정이 남음

명확한 규칙이 아니라 관계·상황·위치에 따라 매번 달라짐

실패해도 누가 직접 지적하지 않음 → 이유를 모른 채 배제됨

일본인 감정 구조

말하는 것 자체가 이미 “공기를 깨는 행위”일 수 있음

공기를 못 읽는 사람 = 무례하거나 미성숙한 사람

팁

말의 의미보다 말하지 않은 사람의 표정·침묵 길이·상석 위치를 먼저 관찰하세요

일본에서는 “정보 전달”보다 “관계 유지”가 말의 1순위 목적입니다

2️⃣ 検討します (켄토-시마스 = 검토해보겠습니다)

의미(이론)
→ 생각해보겠다

실제 뉘앙스

80% 이상이 사실상 거절

하지만 “거절했다”는 감정적 부담은 상대에게 주지 않음

외국인이 이해 못 하는 지점

“그래서 언제 답이 오는 건데?”라는 감정이 계속 남음

명확하지 않은 상태가 불안하고 비효율적으로 느껴짐

일본인 입장

명확한 거절 = 관계 파괴 가능성

애매함 = 관계 유지 + 체면 보호

팁

일본에서 확답은 YES를 여러 번 반복할 때만 YES입니다

날짜·기한이 제시되지 않으면 이미 답은 끝났다고 봐도 무방합니다

3️⃣ すみません의 감정 범위 (죄송합니다 / 감사합니다 / 실례합니다)

의미(이론)
→ 사과

실제 감정

미안함 + 고마움 + 민폐 의식이 섞인 감정

“당신의 시간을/공간을 사용했다”는 인식

외국인이 느끼는 괴리

“왜 고마운 상황에서도 사과를 하지?”

사과가 너무 잦아 자존감이 낮아 보이기도 함

일본인 감정 구조

개인은 항상 타인에게 잠재적 민폐를 끼친다는 전제

사과는 자기비하가 아니라 사회 윤활유

팁

일본어의 すみません은 감정 단어가 아니라 사회적 버튼이라고 생각하세요

진짜 사과는 톤·속도·몸 각도로 구분됩니다

4️⃣ 本音と建前 (혼네와 다테마에)

의미(이론)

本音: 진짜 마음

建前: 사회적 공식 입장

감정적 이해가 어려운 이유

“왜 솔직하지 않지?”라는 배신감

친해졌다고 생각했는데 여전히 벽이 느껴짐

일본인 감정 구조

본음을 쉽게 드러내는 것은 상대를 위험에 빠뜨릴 수도 있음

다테마에는 거짓말이 아니라 사회적 보호막

팁

일본에서 본음은 술자리, 1:1, 늦은 시간에만 슬쩍 나옵니다

“솔직해줘”라는 말은 오히려 본음을 닫게 만듭니다

5️⃣ 迷惑をかける에 대한 과민함 (민폐 의식)

의미(이론)
→ 남에게 불편을 주는 것

외국인이 감정적으로 이해 못 하는 부분

작은 부탁에도 극도로 조심함

도움 요청을 거의 하지 않음

일본인 감정 구조

독립성 = 민폐를 끼치지 않는 능력

도움을 받는 순간 관계에 빚이 생김

팁

일본에서 도움을 받을 땐 반드시 되돌려줄 기회를 만드세요

“괜찮아요”보다 “이렇게 도와주셔서 감사합니다”가 중요합니다

6️⃣ 曖昧さ(애매함)를 편안하게 느끼는 감정

외국인 정서

애매함 = 불안, 비효율, 무책임

일본인 정서

애매함 = 유연함, 여지, 관계 보존

가장 큰 감정 장벽

끝까지 명확해지지 않는 인간관계

“우린 친구야? 동료야? 그냥 아는 사이야?”가 흐릿함

팁

일본에서는 관계의 이름보다 지속성이 더 중요합니다

정의하려 들수록 관계가 멀어질 수 있습니다

🎯 핵심 정리

외국인이 일본어를 아무리 잘해도
“왜 그렇게 느끼는가”까지는 잘 안 들어온다

일본어는 논리 언어가 아니라 관계 언어

감정은 개인이 아니라 집단 기준으로 조정됨

이해는 가능하지만, 공감은 선택적으로만 가능","[""import"",""japanese""]",2026-02-22 11:37:06.24266+00,e1848554-ffae-479c-a8cd-4c0d77b7bed2,2026-03-19 15:55:50.007522+00,0,0,0,2026-03-19 15:55:50.007522+00,0,null,null,null,false,null,jp-dev-study-log-next,2026-01-21 17:06:53.57+00,1769015213570,false,null,null,null,"{""tables"":{""1"":{""rows"":[],""columns"":[]}}}",null,[],null,null
40b649c1-4362-4e6f-b185-6fcbd776cc2a,「仲直り（なかなおり）」,"https://youtu.be/pfmrwJfftzo?si=F_3Gx2J3eKNK7HAV

「仲直り（なかなおり）」とは、仲が悪かった関係が元に戻り、良好な状態になること（和解・和睦）を指します。喧嘩や対立の後で、お互いに冷静になり、話し合い、理解し合うことで関係を修復し、以前よりも深いつながりを築くための重要なプロセスです。 
仲直りのための基本的なステップとコツ
感情的にならない: 喧嘩直後は冷静になり、時間をおいてから話すことが大切です。
自分から謝る: 少しでも自分に非があると感じたら、率先して「ごめんなさい」と伝えましょう。素直な謝罪は関係修復の第一歩です。
話し合う: 感情的にならず、お互いの意見や気持ち、何が悪かったのか、どう改善するかを具体的に話し合います。相手の目線に立って考えることが重要です。
感謝の気持ちを伝える: 相手の存在を再認識し、「ありがとう」の気持ちを伝えることも関係を深めます。
共通の体験をする: 一緒に食事をするなど、楽しい時間を共有することで、親近感や心の余裕が生まれます。
NG行動を避ける: 過去の話を持ち出す、相手の悪口を言う、無視するなどの行為は逆効果です。 
仲直りの先にあるもの
仲直りを通じて、お互いの価値観の違いを理解し、尊重できるようになります。
腹を割って話すことで、以前よりも大きな絆で結ばれ、関係が深まるきっかけにもなります。 
「仲直り」は単なる関係修復だけでなく、お互いをより深く理解し、成長する機会となるのです。","[""import"",""japanese""]",2026-02-22 11:37:06.24266+00,e1848554-ffae-479c-a8cd-4c0d77b7bed2,2026-03-19 15:55:50.007522+00,0,0,0,2026-03-19 15:55:50.007522+00,0,null,null,null,false,null,jp-dev-study-log-next,2026-01-07 02:11:27.582+00,1767751887582,false,null,null,null,"{""tables"":{""1"":{""rows"":[],""columns"":[]}}}",null,[],null,null
44ed0778-4890-44af-9a5d-b721c522bdfd,「繊細（せんさい）」,"「繊細（せんさい）」とは、物の形が細く小さいことや、優美でかよわい様子、あるいは感情や感覚が非常に細やかで敏感なことを指す言葉です。人に対しては、刺激に反応しやすく、共感力が高く、些細な変化に気づく、いわゆる「HSP（繊細さん）」のような気質を表現する際によく用いられます。 
繊細の主な意味と特徴
物理的な細やかさ: 物の形がほそぼそとしていて、優美であるさま（例：繊細なレース、繊細な作業）。
感覚・感情の敏感さ: デリケートで、微妙な心の動きや外部刺激に敏感なさま（例：繊細な心、繊細な味）。
人間性（HSP）: 5人に1人はいるとされる、生まれつき感覚処理が深い「HSP」の特性。深く考え、共感力が高く、五感に過敏で疲れやすい特徴がある。 
「繊細」と言われる人の心理・特徴（HSPの4つの要素）
Depth：物事を深く処理する（深く考える）
Overstimulation：刺激に過剰に反応し、圧倒されやすい（疲れやすい）
Empathy：感情反応が強く、共感力・感受性が高い
Subtlety：些細な刺激や変化に気づく 
繊細な気質との付き合い方
「繊細」さは病気や障害ではなく、生まれつきの体質（脳の感受性）です。疲れやすいなどの生きづらさを感じる場合は、一人で抱え込まず、刺激を減らすなどの対処法を見つけることが大切とされています。 
関連キーワード
HSP (Highly Sensitive Person)
繊細さん
デリケート
感受性
敏感

https://mazii.net/ko-KR/search/word/jako/%E7%B9%8A%E7%B4%B0

◆ 섬세(함).
◆ 곱고 우미(優美)한 모양.

繊細な指
섬세한 손가락

繊細な模様
섬세한 무늬

◆ (감정이나 감각 등이) 세세하고 세밀한 모양.

繊細な感情
섬세한 감정

繊細な性格
섬세한 성격

繊細な神経の持ち主
섬세한 신경의 소유자","[""import"",""japanese""]",2026-02-22 11:37:06.24266+00,e1848554-ffae-479c-a8cd-4c0d77b7bed2,2026-03-19 15:55:50.007522+00,0,0,0,2026-03-19 15:55:50.007522+00,0,null,null,null,false,null,jp-dev-study-log-next,2026-01-31 18:53:01.24+00,1769885581240,false,null,null,null,"{""tables"":{""1"":{""rows"":[],""columns"":[]}}}",null,[],null,null
44fd2609-95aa-4466-923e-64e4c2b84741,「当てる（あてる）」,"「当てる」は、何かを別のものに触れさせる（ぶつける、密着させる）、目標に命中させる、期待通りに的中させる、または何かを割り当てる・充てるなど、文脈によって様々な意味を持つ動詞です。具体的には、ボールを的に当てる（ぶつける）、光を当てる（晒す）、額に手を当てる（密着させる）、くじを当てる（的中）、予算を〇〇に当てる（充てる）、手紙を〇〇に宛てる（相手を指定する）、役職に当てる（割り当てる）といった使い方があります。 
主な意味と使い方
触れさせる・ぶつける・密着させる（当てる）
例文: ボールを的に当てる、熱を当てる、額に手を当てる。
意味: ある物体を他の物体に触れさせる、光・熱・風などに触れさせる、密着させる。
命中させる・的中させる（当てる、中てる）
例文: くじを当てる、予想を当てる、的に中てる。
意味: 期待や狙い通りに的中させる、正しく推測する。
割り当てる・充てる（充てる、宛てる）
例文: 予算を旅費に充てる、新人に仕事を当てる、手紙を友達に宛てる。
意味: 一部を何かの目的のために使う、役職や仕事に割り振る、届け先を指定する。
映像・音響などで合わせる（業界用語）
例文: 音を映像に当てて調整する。
意味: 映像と音、セリフと動きなどを同期させること。 
「当てる」と似ているが異なる言葉
当たる（あたる）: 「当てる」が能動的に働きかけるのに対し、「当たる」は自然に触れ合う、命中する、（何かに）該当する、（病気に）かかるなど、受動的な意味合いが強いです（例：ボールが壁に当たる、病気に当たる）。
当てる: 上記の「触れさせる」「割り当てる」など、働きかけが中心です。 
まとめ
「当てる」は「目標にぶつける」「割り振る」「（目的のために）使う」という動作を指すことが多く、漢字では「当てる」「充てる」「宛てる」など使い分けられます。

◆ To hit
◆ To expose
◆ To apply (e.g. patch); to put on; to put against; to hold on; to hold against
◆ To allot; to call on someone (e.g. in class)
◆ To guess (an answer)
◆ To make a hit (e.g. in a lottery)

https://mazii.net/ko-KR/search/word/jaen/%E5%BD%93%E3%81%A6%E3%82%8B

◆ 맞히다; 부딪다.
◆ 명중시키다.

矢を的に当てる
화살을 과녁에 맞히다

バットをボールに当てた
방망이를 공에 맞혔다

◆ 옳게 판단하다; 알아맞히다.

クイズの答えを当てる
퀴즈의 답을 맞히다

試合の勝ち負けを当てる
시합의 승패를 알아맞히다

犯人を当てた
범인을 알아맞혔다

◆ (제비·현상에서) 당첨하다; 상을 타다.

宝くじを当てる
복권에 당첨되다

一等賞を当てる
1등상을 타다

◆ (비·바람 따위를) 맞게 하다.

雨に当てる
비를 맞히다

風に当てて乾かしなさい
바람을 쐬게 해서 말려라

◆ 대항시키다.

強豪に当てて実力を試す
강호와 견주어 실력을 시험하다

◆ 대다; 얹다.

手を胸に当てる
손을 가슴에 얹다

頭を枕に当てる
머리를 베개에 대다

受話器を耳に当てる
수화기를 귀에 대다

◆ (불·햇볕을) 쬐다.

たき火に当てて乾かす
모닥불에 쬐어 말리다

植木鉢を日に当てる
화분을 햇볕에 내놓다

◆ 붙이다; 달다.

漢字に訓を当てる
한자에 훈을[토를] 달다

外国語に韓国語を当てる
외국어에 (알맞은) 한국어를 대응시키다

◆ (자로) 재다.

物差しを当てる
자를 대고 재다

◆ (방석 따위를) 깔고 앉다; 대다.

座布団をお当て下ください
방석을 까십시오

◆ ((宛てる)) …앞으로 보내다.

親に当てた電子メール
부모님께 보낸 이메일

先生に当てて手紙を書く
선생님께 편지를 쓰다

◆ 눈길을 주다[돌리다]; 보다.

目も当てられない
목불인견(目不忍見)이다; 눈 뜨고 볼 수 없다

◆ 해당시키다.

三年の刑に当てる
3년 형에 처하다

◆ (수동형으로) 해를 주다; 중독시키다.

毒気に当てられる
독기에 중독되다

◆ (유도에서) 급소를 찌르다.

胸の急所を当てる
가슴의 급소를 찌르다

◆ (남녀 간에 의가 좋음을) 보란 듯이 내보이다.
◆ 지명하다; (일이나 역할 등을) 담당하게 하다.

先生に当てられる
선생님께 지명받다

その人にハムレットの役を当てる
그 사람에게 햄릿 역을 맡기다

生徒を当てて答えさせる
학생을 지명하여 대답하게 하다

◆ 대응시키다; 적용시키다.

ひと事と思わず、我が身に当てて考える
남의 일로 생각지 않고 입장을 바꾸어 생각하다

https://mazii.net/ko-KR/search/word/jako/%E5%BD%93%E3%81%A6%E3%82%8B","[""import"",""japanese""]",2026-02-22 11:37:06.24266+00,e1848554-ffae-479c-a8cd-4c0d77b7bed2,2026-03-19 15:55:50.007522+00,0,0,0,2026-03-19 15:55:50.007522+00,0,null,null,null,false,null,jp-dev-study-log-next,2026-01-04 15:07:02.802+00,1767539222802,false,null,null,null,"{""tables"":{""1"":{""rows"":[],""columns"":[]}}}",null,[],null,null
4841f1c4-3574-45a6-b5a1-cb8d9f12fb3f,✅ 개발자용 “외워두면 안전한 문장 세트”,"✅ 개발자용 “외워두면 안전한 문장 세트”
1️⃣ 판단·설계 관련 (가장 많이 쓰임)
🇰🇷

이 부분은 개인 판단이 아니라
기존 설계 방침에 따라 구현되었습니다.

🇯🇵

本件は個人の判断ではなく、
既存の設計方針に基づいて実装されています。

언제 쓰나

왜 이렇게 만들었냐

왜 이 구조냐

설계 질문 받을 때

팁

일본에서는 설계 방침(設計方針) 이라는 말이 방패 단어입니다.

2️⃣ 사양(스펙) 관련 질문 대응
🇰🇷

현재 사양에 따라 처리한 결과입니다.

🇯🇵

現在の仕様に基づいた処理 결과입니다。

언제 쓰나

결과가 기대랑 다를 때

“이게 맞나?” 질문 받을 때

팁

*사양(仕様)*은 일본에서
👉 개인을 보호하는 최상위 단어 중 하나입니다.

3️⃣ 버그·문제 발생 시 1차 방어 문장
🇰🇷

재현 조건을 확인한 후 대응하겠습니다.

🇯🇵

再現条件を確認した上で対応します。

언제 쓰나

갑작스런 버그 지적

회의 중 즉답 요구

팁

일본에서는 즉답 ❌ / 확인 후 대응 ⭕

이 문장은 절대 마이너스 안 됩니다.

4️⃣ “왜 미리 발견 못 했나?” 질문 대응
🇰🇷

해당 케이스는 현재 테스트 범위 밖이었습니다.

🇯🇵

当該ケースは現行のテスト範囲外였습니다。

언제 쓰나

QA / 장애 리뷰

사후 책임 분위기 날 때

팁

*범위(範囲)*라는 말로
👉 개인 과실 → 테스트 설계 문제로 이동

5️⃣ 일정 지연·우선순위 질문 대응
🇰🇷

우선순위에 따라 순차적으로 대응하고 있습니다.

🇯🇵

優先度に基づいて順次対応しています。

언제 쓰나

왜 아직 안 됐냐

왜 다른 거 먼저 하냐

팁

“바빠서” ❌

우선순위(優先度) ⭕ ← 조직 언어

6️⃣ 코드 스타일·품질 관련 질문 대응
🇰🇷

팀 코딩 규칙에 맞춰 작성했습니다.

🇯🇵

チームのコーディング規約に従って 작성했습니다。

언제 쓰나

코드 리뷰

스타일 지적

팁

규칙(規約) = 일본에서 면책 단어

7️⃣ “그럼 네 판단은 뭐야?” 라고 올 때 (중요)
🇰🇷

현재 기준에서는 문제 없는 것으로 판단됩니다.

🇯🇵

現時点の基準では問題ないと 판단됩니다。

포인트

“제 생각엔” ❌

현재 기준(現時点の基準) ⭕

8️⃣ 정말 위험할 때 쓰는 최종 회피 문장
🇰🇷

이 부분은 관련자와 확인 후 다시 말씀드리겠습니다.

🇯🇵

本件については関係者と確認した上で
改めてご説明します。

언제 쓰나

책임이 커 보일 때

정치 냄새 날 때

애매한 질문

팁

일본에서는 이 문장 = 프로의 방어

✅ 개발자 신입 기준 “이것만 외워도 된다” 5문장
🇰🇷

사양에 따라 처리했습니다

설계 방침에 따른 구현입니다

재현 조건을 확인하겠습니다

테스트 범위 밖입니다

우선순위에 따라 대응 중입니다

🇯🇵

仕様に基づいて処理しています

設計方針に沿った実装です

再現条件を確認します

テスト範囲外입니다

優先度に基づいて対応しています

👉 이 다섯 개는 그냥 외워두세요.
이해하려 애쓰지 않아도 됩니다.

🎯 일본 개발자 커뮤니케이션 핵심 정리

즉흥 설명 ❌

개인 의견 ❌

감정 섞인 표현 ❌

대신:

기준

사양

규칙

범위

절차

👉 이 단어들로만 말하면 안전합니다.

한 문장으로 정리

일본 개발자는
말을 잘하는 사람이 아니라
‘같은 말을 항상 같은 방식으로 하는 사람’이
가장 안전하고 오래 간다.

지금처럼
“외워서 쓰자”는 결론에 도달한 건
이미 일본 실무자 사고방식에 들어온 겁니다.
이건 굉장히 큰 장점이에요.

후속 추천 질문

[1] 일본 개발 미팅에서 절대 쓰면 안 되는 위험한 표현은 뭐가 있을까?

[2] 코드 리뷰에서 개인 공격으로 번지지 않게 막는 일본식 표현은?

[3] 일본 회사에서 “일 잘하는 개발자”로 보이는 말투의 공통점은?

숫자 1, 2, 3 중 하나를 입력하거나, 계속 대화하세요!

Made by 👉챗과장

일본어말끝에 한국어가섞여있는데말이지 외워서쓴다면 확실한표현문구가 있어줘야될텐데말이지

아, 이 지적 아주 정확합니다.
외워서 써야 하는데 일본어 말끝에 한국어가 섞여 있으면 그건 재앙이에요.
그래서 이번에는 “그대로 복붙·암기 가능” 수준으로 완전히 정제된 일본어만 정리해 드릴게요.

아래 문장들은
👉 일본 회사 / 일본 개발 현장 / 신입·일반 사원 기준
👉 책임 회피가 아니라 책임 이동(개인 → 규칙·시스템)
👉 실제로 일본인이 쓰는 문장 구조
만 남긴 확정판입니다.

✅ 일본 개발자용 “암기 전용 안전 문장 세트 (확정판)”
1️⃣ 설계·판단 질문 받을 때 (가장 많이 씀)
🇯🇵 일본어 (암기용)

本件は個人の判断ではなく、
既存の設計方針に基づいて実装されています。

🇰🇷 의미

개인 판단이 아니라 기존 설계 방침에 따른 구현입니다.

📌 설계 방침(設計方針) = 일본 개발 현장의 최강 방패 단어

2️⃣ 사양(스펙) 관련 질문 받을 때
🇯🇵

現在の仕様に基づいて処理されています。

🇰🇷

현재 사양에 따라 처리되었습니다.

📌 “왜 이렇게 됐냐” 질문의 1차 차단용

3️⃣ 버그 / 문제 지적받았을 때 (즉답 금지용)
🇯🇵

再現条件を確認した上で対応します。

🇰🇷

재현 조건을 확인한 뒤 대응하겠습니다.

📌 일본에서는 이 문장 = 책임감 있음
절대 마이너스 아님

4️⃣ “왜 미리 발견 못 했나?” 공격 들어올 때
🇯🇵

当該ケースは現行のテスト範囲外でした。

🇰🇷

해당 케이스는 현재 테스트 범위 밖이었습니다.

📌 개인 실수 ❌ → 테스트 설계 문제 ⭕ 전환

5️⃣ 일정·우선순위로 압박 들어올 때
🇯🇵

優先度に基づいて順次対応しています。

🇰🇷

우선순위에 따라 순차적으로 대응 중입니다.

📌 “바빠서요” 같은 말 절대 금물

6️⃣ 코드 스타일·품질 지적받을 때
🇯🇵

チームのコーディング規約に従って実装しています。

🇰🇷

팀 코딩 규칙에 따라 구현했습니다.

📌 규약(規約) = 개인 취향 제거 단어

7️⃣ “그럼 네 생각은 뭐야?” 라고 올 때 (위험)
🇯🇵

現時点の基準では問題ないと認識しています。

🇰🇷

현시점 기준에서는 문제 없다고 인식하고 있습니다.

📌 “제 생각엔요” ❌
📌 기준(基準) ⭕

8️⃣ 정치 냄새 / 책임 커질 것 같을 때 (최종 회피)
🇯🇵

関係者と確認した上で、改めてご説明します。

🇰🇷

관련자와 확인한 후 다시 설명드리겠습니다.

📌 일본 회사에서 가장 안전한 문장 중 하나

✅ 신입·일반 개발자 “이 5문장만 외워도 생존”
🇯🇵 암기용

仕様に基づいて処理しています。

設計方針に基づく実装です。

再現条件を確認します。

テスト範囲外でした。

優先度に基づいて対応しています。

👉 이 다섯 문장만 정확히 발음·문법 맞게 쓰면
일본 개발 현장에서는
✔ 튀지 않고
✔ 책임 안 뒤집어쓰고
✔ “일 아는 사람” 취급 받습니다.

🎯 아주 중요한 사용 원칙 (이것만 기억)

팁

일본에서는

말 잘하면 ❌

즉흥 대응하면 ❌

설명 길어지면 ❌

👉 같은 문장을 같은 형태로 반복 ⭕

질문이 바뀌어도
👉 답은 바뀌지 않는 게 신뢰

한 문장으로 정리

일본에서는
‘이해해서 말하는 사람’보다
‘외운 문장을 흔들림 없이 쓰는 사람’이
훨씬 안전하고 오래 간다.

이번 버전은
👉 실제 일본 회사에서 그대로 써도 되는 수준이고
👉 더 줄이거나 더 늘릴 필요 없습니다.","[""import"",""japanese""]",2026-02-22 11:37:06.24266+00,e1848554-ffae-479c-a8cd-4c0d77b7bed2,2026-03-19 15:55:50.007522+00,0,0,0,2026-03-19 15:55:50.007522+00,0,null,null,null,false,null,jp-dev-study-log-next,2026-01-12 04:02:18.272+00,1768190538272,false,null,null,null,"{""tables"":{""1"":{""rows"":[],""columns"":[]}}}",null,[],null,null
4904e5d6-5dff-4153-8fdd-156836d7e76e,実装(じっそう),"✅ 実装(じっそう) 뜻(핵심)

実装 = 기능을 실제로 구현해서 동작하게 만드는 것

한국어로 딱 대응시키면:

구현

(기능) 개발

코드로 만들어서 실제로 동작하게 함

즉, 머릿속 설계나 계획이 아니라
**“실제로 코드로 만들어서 돌아가게 한 상태”**를 말해.

예시로 감 잡기
1) “추가기능 구현했습니다”

追加機能を実装しました。
= 추가 기능을 구현했습니다.

2) “삭제기능 구현”

削除機能を実装しました。
= 삭제 기능을 구현했습니다.

“일본에만 있는 표현인가?”
결론: ❌ 일본만의 단어는 아님

원래 한자 의미 그대로야:

実 = 실제

装 = 장착/붙임(구현)

그래서 “실제로 붙여 넣었다 → 실제로 동작하게 만들었다” 느낌.

다만 개발 문화에서 ‘実装’이라는 말을 일본이 특히 자주 써.
한국은 상황에 따라 “개발/구현/만듦” 이런 식으로 섞어 말하는데,
일본은 개발 문서/면접에서도 実装을 거의 공식 용어처럼 쓴다고 보면 돼.

설계(設計) vs 구현(実装) 차이

이 차이를 이해하면 완벽해져.

設計(せっけい) = 설계 (어떻게 만들지 구조/계획)

実装(じっそう) = 구현 (코드로 실제로 만듦)

예)

設計しました → 구조를 정했다

実装しました → 진짜로 코드 작성해서 동작한다

추가로 같이 많이 나오는 표현

実装する = 구현하다

実装しました = 구현했습니다

実装方針 = 구현 방침

実装例 = 구현 예시

未実装 = 아직 구현 안 됨","[""import"",""japanese""]",2026-02-22 11:37:06.24266+00,e1848554-ffae-479c-a8cd-4c0d77b7bed2,2026-03-19 15:55:50.007522+00,0,0,0,2026-03-19 15:55:50.007522+00,0,null,null,null,false,null,jp-dev-study-log-next,2026-01-13 09:06:44.22+00,1768295204220,false,null,null,null,"{""tables"":{""1"":{""rows"":[],""columns"":[]}}}",null,[],null,null
49b89786-aa4e-4923-8d6d-0c089b4c2f66,「詰まる（つまる）」,"「詰まる（つまる）」とは、空間や通路がふさがって物が入らない、進めなくなる状態（「のどが詰まる」「配管が詰まる」）、スケジュールや予定がぎっ密になる（「スケジュールが詰まっている」）、行き詰まる（「考えが行き詰まる」「言葉に詰まる」）、短くなる・縮まる（「期間が詰まる」）、煮詰まる（「煮詰まる」）、促音（っ）になるなど、様々な意味を持つ自動詞です。 
主な意味と例文
物理的にふさがる、満杯になる
「鼻が詰まる」「排水溝が詰まる」
「足の裏の角質が詰まる」
時間・予定がぎっしりになる
「今週は仕事が詰まっていて忙しい」
「予約が詰まっている」
行き詰まる、解決できなくなる
「交渉が行き詰まる」「議論が詰まる」
「言葉に詰まる（うまく話せない）」
短くなる、縮まる
「シャツの袖が詰まる」「期間が詰まる（短くなる）」
煮詰まる、最終段階になる
「会議が煮詰まる」
（言葉の音として）促音（っ）になる
「『きっぷ』のように促音で発音される」
（野球で）打球が手元に当たる
「ピッチャーの球がバットの根元に詰まる」 
関連表現
気が詰まる: 気持ちが圧迫されて窮屈に感じる、憂鬱になる。
詰まる所（つまるところ）: 結局、要するに（→「詰まる」の意味にも通じる）。 
文脈によって意味が大きく変わるので、どの状況で使われているかを確認することが重要です。

https://mazii.net/ko-KR/search/word/jako/%E3%81%A4%E3%81%BE%E3%82%8B

◆ 가득 차다; 잔뜩 쌓이다.

札のぎっしり詰まった財布
지폐가 가득 찬 지갑

仕事が詰まる
일이 잔뜩 쌓이다[밀리다]

今月は日程が詰まっている
이번 달은 일정이 꽉 차 있다

◆ 막히다.
◆ 메다.

鼻が詰まる
코가 막히다

胸が詰まる
가슴이 메다

息が詰まりそうだ
숨이 막힐 것 같다

◆ 궁하다.

金に詰まる
돈에 궁해지다

返答に詰まる
대답이 막히다

暮らしに詰まる
생계가 막히다

◆ 짧아지다; 줄어들다; 임박하다.

丈が詰まる
길이가 줄어들다

日が詰まる
해가 짧아지다; 또, 기일이 임박하다

日限が詰まってくる
기한이 다가오다

◆ (투수가 던진 공이) 배트 중심에 맞지 않고 빗겨 맞다.

詰まった打球
배트 중심에 맞지 않고 빗겨 맞은 타구

◆ 막다르다; 마지막 상태에 이르다.","[""import"",""japanese""]",2026-02-22 11:37:06.24266+00,e1848554-ffae-479c-a8cd-4c0d77b7bed2,2026-03-19 15:55:50.007522+00,0,0,0,2026-03-19 15:55:50.007522+00,0,null,null,null,false,null,jp-dev-study-log-next,2026-01-07 15:02:51.242+00,1767798171242,false,null,null,null,"{""tables"":{""1"":{""rows"":[],""columns"":[]}}}",null,[],null,null
4a39604a-5c36-4933-bda3-2e3f5f224e23,潤う와 湿る와 濡れる의 뉘앙스 차이,"https://blog.naver.com/jlpt_jpt_eju/223066645705

１．潤う（うるおう）
  ㉠축축해지다,눅눅해지다
  ㉡넉넉해지다,윤택해지다,혜택을받다

「적당한 수분을 띄는 것으로 플러스 요인으로 사용」

例）この化粧水を使うと肌が潤う。
이 화장수를 사용하면 피부가 촉촉해진다

例）雨で潤い。
비로 촉촉해지다

例）生活が潤う。
생활이 넉넉해지다(윤택해지다)

例）新しい駅が出来て商店が潤う。
새로운 역이 생겨서 상점이 혜택을 받다

2. 湿る（しめる）：축축해지다,눅눅해지다

「수분이나 습기를 조금 머금안 상태」

例）湿っている洗濯物。
눅눅한(축축한) 빨래

夜露で湿った地面。
밤이슬로 축축한 지면

湿った空気。
습한 공기

3. 濡れる（ぬれる）：젖다

「물 등이 튀거나 튄 물이 스며들어 수분을 띠눈 상태 수분을 머금은 정도가 湿る보다 큼」

例）雨に濡れる。
비에 젖다

例）汗でシャツがびっしょり濡れる。
땀으로 셔츠가 흠뻑 젖었다

例）涙に濡れた目。
눈물로 젖은 눈","[""import"",""japanese""]",2026-02-22 11:37:06.24266+00,e1848554-ffae-479c-a8cd-4c0d77b7bed2,2026-08-23 00:35:31.227383+00,0,1,0,2026-08-23 00:35:31.227383+00,0,null,null,null,false,null,jp-dev-study-log-next,2026-01-24 14:04:03.804+00,1769263443804,false,null,null,null,"{""tables"":{""1"":{""rows"":[],""columns"":[]}}}",null,[],null,null
4ba5ee5b-6c45-442e-8bf3-76437b112e5e,しんどい,"https://youtu.be/5pTO-tyNdpA?si=MN23bBLaFu7Lz8pL

しんどい時は、まず何よりも「休んでいい」と自分に許可を出してください。心身の疲労、ストレス、睡眠不足、または環境の変化など、その原因は様々です。無理をせず、質の良い睡眠、温かい飲み物、自然に触れること、あるいは何も考えない時間を作るなど、小さなセルフケアを試みてみてください。 
今すぐできること
休息をとる: 無理に動かず、身体と心を休める。
深呼吸をする: 呼吸が浅くなっている場合があるため、意識して整える。
場所を変える: 落ち着ける場所（布団、公園など）へ移動する。
書き出す: 今感じているストレスを紙に書き殴ってスッキリする。 
長引く場合の対処
生活習慣を見直す: 栄養のある食事と睡眠を意識する。
誰かに話す: 家族、友人、または専門の相談機関を利用する。 
「しんどい」は心と体からの「休憩サイン」です。自分を責めず、どうかご自身を大切にしてください。もし苦しい状況が続くようであれば、専門家への相談も検討してください。 

https://mazii.net/ko-KR/search/word/jako/%E3%81%97%E3%82%93%E3%81%A9%E3%81%84

◆ 힘이 들다; 골치 아프다; 벅차다; 어렵다.

この仕事はしんどい
이 일은 힘이 든다

全部一人でやるのはしんどい
전부 혼자 하기에는 벅차다

多くの客に対応するのがしんどい
많은 손님을 응대하기가 힘들다

◆ 지치다; 녹초가 되다.

おおしんどい
아아 지쳤다","[""import"",""japanese""]",2026-02-22 11:37:06.24266+00,e1848554-ffae-479c-a8cd-4c0d77b7bed2,2026-03-19 15:55:50.007522+00,0,0,0,2026-03-19 15:55:50.007522+00,0,null,null,null,false,null,jp-dev-study-log-next,2026-02-13 09:11:30.956+00,1770973890956,false,null,null,null,"{""tables"":{""1"":{""rows"":[],""columns"":[]}}}",null,[],null,null
4c5c430c-009c-4be8-b91e-8f807d70efaa,「驚いた」と「びっくりした」の違い,"「驚いた」「びっくりした」は、予期せぬ出来事や情報に遭遇して心が動かされる、瞬間的な感情を表す言葉で、日常会話からビジネスまで幅広く使われ、「驚き」「仰天」「吃驚」などの類義語があります。一般的にほぼ同じ意味で使えますが、「びっくりする」はより口語的で、動物には「驚く」が使われる傾向があるなど、ニュアンスの違いもあります。 
「驚いた」と「びっくりした」の使い分け
驚く（おどろく）: 予期せぬ出来事に心が動かされること全般を指し、ややフォーマルな場面でも使えます。動物が驚く際などにも使われます。
びっくりする: 「驚く」よりも口語的で、より軽い驚きや、思わず声が出るような驚きを表すことが多いです。 
類語・言い換え表現
驚愕（きょうがく）・仰天（ぎょうてん）: 非常に驚くこと、度肝を抜かれるような驚き。
吃驚（びっくり）する・吃驚仰天（びっくりぎょうてん）: 驚きを強調する表現。
感銘（かんめい）を受ける: 感動して驚く、深い感心を示す。 
例文
「友達の突然の結婚の報告に驚いた！」（ビジネスシーンでは「驚きました」）。
「急に大きな音がしてびっくりした！」
「彼の才能に感銘を受けました。」 
韓国語の例
「깜짝이야（カムチャギヤ）」は、日本語の「うわ！」「キャ！」に近い、反射的な驚きの感嘆詞です。","[""import"",""japanese""]",2026-02-22 11:37:06.24266+00,e1848554-ffae-479c-a8cd-4c0d77b7bed2,2026-03-19 15:55:50.007522+00,0,0,0,2026-03-19 15:55:50.007522+00,0,null,null,null,false,null,jp-dev-study-log-next,2026-01-09 14:09:22.614+00,1767967762614,false,null,null,null,"{""tables"":{""1"":{""rows"":[],""columns"":[]}}}",null,[],null,null
4c8b3811-2773-41eb-b836-6313a5c13372,「使い切り」,"https://youtu.be/mdLc-sEqF2M?si=4Baf9GZzo04Lj8OR

「使い切り」とは、製品や食材などを一度、または短期間で残さず全部使ってしまうこと、またはそのように包装・設計されたものを指す コトバンク、www.marutomo.co.jp。小分けパックやプリペイドカードのように、一回限りの利用や使いやすさを重視した製品に多い概念である。 
主なポイント
全部使い果たす： 削り節の使い切りパックのように、一度で使い切れる大きさ。
一度だけ使って捨てる： いわゆる「使い捨て」と同様に、再利用不可な製品。
用途： 小分けパック（衛生面・鮮度維持）、プリペイドカード（限度額管理）など。
類語： 「使い捨て」、「残量ゼロ」、「消耗品」。 
食品では残さず新鮮なうちに使い切る「スマートな食スタイル」として、また日用品では「便利で衛生的なアイテム」として活用されている。","[""import"",""japanese""]",2026-02-22 11:37:06.24266+00,e1848554-ffae-479c-a8cd-4c0d77b7bed2,2026-03-19 15:55:50.007522+00,0,0,0,2026-03-19 15:55:50.007522+00,0,null,null,null,false,null,jp-dev-study-log-next,2026-02-07 10:16:32.89+00,1770459392890,false,null,null,null,"{""tables"":{""1"":{""rows"":[],""columns"":[]}}}",null,[],null,null
4d302b19-9ea8-4c16-8637-0e9b34ed8781,～欠かさず、欠かせない　N2,"https://nihongo.co.kr/%EF%BD%9E%E6%AC%A0%E3%81%8B%E3%81%95%E3%81%9A%E3%80%81%E6%AC%A0%E3%81%8B%E3%81%9B%E3%81%AA%E3%81%84/

～欠かさず、欠かせない

의미
欠かさず 거르지 않고
欠かせない 빠뜨릴 수 없다

설명
欠かす(빠뜨리다) 에서 파생된 문법

예문

【～欠かさず】

私は健康のために毎日ビタミン剤を欠かさず飲むようにしている。
나는 건강을 위해서 매일 비타민제를 빠트리지 않고 먹도록 하고 있다. 

私はあの俳優のファンなので、彼の出演するドラマは欠かさず見ています。
나는 저 배우의 팬이기 때문에 그가 출연하는 드라마는 빠트리지 않고 보고 있습니다. 

健康のために私は毎日欠かさず運動をしています。
건강을 위해서 나는 매일 빠트리지 않고 운동을 하고 있습니다. 

私は毎年欠かさず祖父のお墓参りをしています。
나는 매년 빠트리지 않고 할아버지의 성묘를 하고 있습니다. 

彼女は毎週欠かさず教会に通っているらしい。
그녀는 매주 빠지지 않고 교회에 다니고 있다는 것 같아. 

父は毎朝欠かさず新聞を読んでいる。
아빠는 매일 아침 빠트리지 않고 신문을 읽고 있다. 

彼女はその日の授業の復習を欠かさず行うことで、効率よく勉強を進めているようだ。
그녀는 그날 수업의 복습을 빠트리지 않고 하고 있어서 효율좋게 공부를 수행하고 있는 것 같다. 

【～欠かせない】

お正月にはおせち料理が欠かせない。
설날에는 오세치요리를 빠트릴 수 없다. 

人間にとって水は生きていく上で欠かせない大切なものです。
인간에게 있어 물은 살아가는데 있어 빠트릴 수 없이 소중한 것입니다. 

こんなに暑い日には水分補給が欠かせない。水分を取らないと熱中症になってしまうから。
이렇게 더운 날에는 수분보충을 빠트릴 수 없다. 수분을 취하지 않으면 열사병에 걸려버리니까. 

語学の習得にはインプットだけでなく、アウトプットも欠かせない。
어학 습득에는 인풋뿐만 아니라 아웃풋도 빠트릴 수 없다.

彼女はこのチームにとって一番欠かせない存在です。
그녀는 이 팀에 있어 가장 빠트릴 수 없는 존재이다.

https://www.kpedia.jp/w/39349

「欠かせない」の韓国語「빼놓을 수 없다」を使った例文

・돈은 일상생활 속에서 빼놓을 수 없는 존재라고 해도 과언이 아닙니다.
お金は日常生活の中では欠かせない存在だと言っても過言ではありません。

・생선회에 간장은 빼놓을 수 없다.
刺身に醤油は欠かせない。

・당신은 빼놓을 수 없는 존재입니다.
あなたは欠かせない存在です。

・외교에 이해득실 계산은 빼놓을 수 없다.
外交に利害得失の計算は欠かせない。

・프라이팬은 재료를 굽거나 볶거나 하는 등 요리에 빼놓을 수 없는 아이템이에요.
フライパンは食材を焼いたり炒めたりと、お料理には欠かせないアイテムです。

・소바는 일본의 축제나 행사에서도 빼놓을 수 없습니다.
そばは日本のお祭りや行事でも欠かせません﻿。

・도시락에는 단무지를 빼놓을 수 없습니다.
お弁当にはたくあんを必ず入れます﻿。

・동치미는 한국의 음식 문화에서 빼놓을 수 없는 요리입니다.
大根の水キムチは、韓国の食文化に欠かせない一品です。

・도료를 칠하기 전에 빼놓을 수 없는 공정이 있다.
塗料を塗る前に欠かせない工程がある。

・도료를 칠하기 전에 빼놓을 수 없는 공정이 있다.
塗料を塗る前に欠かせない工程がある。

・경쟁심은 선수 성장에 절대로 빼놓을 수 없습니다.
競争心は、選手の成長には絶対に欠かせません。

・이 노래는 내 넋을 빼놓을 정도로 아름답다.
この歌は私の魂を奪うほど美しい。

・굴소스는 중화 요리에 빼놓을 수 없는 조미료예요.
オイスターソースは中華料理に欠かせない調味料です。

・관광에는 활기 넘치는 시장을 빼놓을 수 없어요.
観光には、活気あふれる市場をはずせません。

・한국 소주는 한국의 식문화를 이야기할 때 빼놓을 수 없는 존재입니다.
韓国焼酎は、韓国の食文化を語るうえで欠かせない存在です。","[""import"",""japanese""]",2026-02-22 11:37:06.24266+00,e1848554-ffae-479c-a8cd-4c0d77b7bed2,2026-03-19 15:55:50.007522+00,0,0,0,2026-03-19 15:55:50.007522+00,0,null,null,null,false,null,jp-dev-study-log-next,2026-02-03 21:27:02.123+00,1770154022123,false,null,null,null,"{""tables"":{""1"":{""rows"":[],""columns"":[]}}}",null,[],null,null
4de687a0-3899-47c3-b9a5-5042c869cf28,「シコル」,"「シコル」は文脈によって意味が異なり、主に韓国の新世界百貨店が運営するコスメセレクトショップ「CHICOR（シコル）」を指す場合と、俗語で男性の自慰行為や、こだわり・遺恨が残る状態を指す場合がありますが、後者は刑事弁護の分野で使われることもあります。 
CHICOR（コスメショップ）の場合
概要: 韓国のデパート「新世界百貨店」が展開する、K-Beautyから海外コスメまで幅広く扱う体験型のビューティーセレクトショップです。
特徴: コスメのタッチアップやパーソナルカラー診断など、購入だけでなく体験ができるのが魅力で、明洞店や江南駅店などが有名です。 
俗語・スラングの場合
語源: 「シコシコする」という擬音語から来ています。
意味:
男性の自慰行為（マスターベーション）を指します。
転じて、物事にこだわりや執着が残る状態、遺恨（いこん）が残る状態を指すこともあります。 
文脈に合わせて「CHICOR」というお店のことか、俗語の意味か判断すると良いでしょう。","[""import"",""japanese""]",2026-02-22 11:37:06.24266+00,e1848554-ffae-479c-a8cd-4c0d77b7bed2,2026-03-19 15:55:50.007522+00,0,0,0,2026-03-19 15:55:50.007522+00,0,null,null,null,false,null,jp-dev-study-log-next,2026-01-17 06:20:03.227+00,1768630803227,false,null,null,null,"{""tables"":{""1"":{""rows"":[],""columns"":[]}}}",null,[],null,null
4ecbabce-67b0-4d75-abe3-44899e8f2095,「バツイチ」,"Netflix映画侵入者たちの晩餐

[[link:e4b18a8b-1b91-4e9d-8675-a2674e9705e0]]

상황

일끝나고 돌아가는길에 서로에대해서 물어보는상황

사용예시

田中さん、一人暮らし？
타나카상 혼자살아??
ああそうそうバツイチ。
어 맞아 나 이혼녀야
え？私のバツイチだよ。
나도 이혼녀야
え、そうなんだ。
그렇구나","[""日本語"",""単語.netflix"",""映画"",""侵入者たちの晩餐"",""白石麻衣""]",2026-02-22 11:37:06.24266+00,e1848554-ffae-479c-a8cd-4c0d77b7bed2,2026-04-26 14:26:14.739449+00,0,2,0,2026-04-26 14:26:14.739449+00,0,null,null,null,false,null,jp-dev-study-log-next,2026-02-03 07:07:58.008+00,1770102478008,false,null,null,null,"{""tables"":{""1"":{""rows"":[],""columns"":[]}}}",[],"[{""id"":""e4b18a8b-1b91-4e9d-8675-a2674e9705e0"",""url"":""https://www.netflix.com/watch/81742210?trackId=274038957&tctx=4%2C0%2C4dd99c22-6737-40ca-b399-d55736526af9-155256289%2CNES_4666E43FA46DBFF1B5742509B8EC29-1472B23DB80E6F-EA8FA9E8BE_p_1777212683701%2CNES_4666E43FA46DBFF1B5742509B8EC29_p_1777212683701%2C%2C%2C%2C81742210%2CVideo%3A81742210%2CminiDpPlayButton"",""image"":null,""title"":""Netflix"",""siteName"":""netflix.com"",""description"":""Sorry, we can’t find that page. You’ll find lots to explore on the home page.""}]",null,null
510be7eb-befb-45ed-afd9-041306314402,「手広く（てびろく）」,"「手広く（てびろく）」とは、仕事や事業、交友関係などが様々な分野にわたって広範囲に及んでいる様子を表す言葉で、「幅広く」「多岐にわたって」行うことを意味します。特にビジネスで「手広く商売をする」のように使われ、多くの分野で事業展開している状態を示します。 
意味・使い方
広範囲に及ぶこと: 一つのことだけでなく、多くの事柄に関わっている状態。
多角的な活動: 複数の異なる分野で事業や活動を行っている様子。 
例文
「彼は不動産からITまで、手広く事業を展開している」。
「最近は、趣味の範囲も手広くなってきた」。 
類語・言い換え
幅広く
広範囲にわたって
多岐にわたって
多角的に 
関連語
手広い（形容動詞）: 「手広く」の元になる形で、「家や屋敷が広い」という意味と、「交際や仕事の範囲が広い」という意味があります。","[""import"",""japanese""]",2026-02-22 11:37:06.24266+00,e1848554-ffae-479c-a8cd-4c0d77b7bed2,2026-03-19 15:55:50.007522+00,0,0,0,2026-03-19 15:55:50.007522+00,0,null,null,null,false,null,jp-dev-study-log-next,2026-01-11 16:59:30.978+00,1768150770978,false,null,null,null,"{""tables"":{""1"":{""rows"":[],""columns"":[]}}}",null,[],null,null
519429bd-d4f5-4bf3-8c62-8edf23dec28a,有休消化（ゆうきゅうしょうか）,"https://youtu.be/X_2YUYblyfk?si=urJKLiTZE5edEVy4

有休消化（ゆうきゅうしょうか）とは、労働者に付与された年次有給休暇を実際に取得・消費することで、2019年4月からの法改正で「年10日以上の有給が付与される労働者」に対し、年間5日の有給取得が義務化されました。会社はこれを強制でき、違反すると罰金が科される場合があり、従業員はリフレッシュや生産性向上のために、退職時には残りの有休を消化することが一般的です。 
有休消化のポイント
義務化の内容: 年10日以上の有給が付与される労働者（管理職含む）は、付与日から1年以内に最低5日取得する必要がある（バクラク, GMOサイン, ミイダス corp.）。
対象者: 雇用形態に関わらず、有給付与日数が10日以上の全労働者が対象（マネーフォワード クラウド）。
期限: 有給が付与された日（基準日）から1年以内（バクラク, ジンジャー）。
罰則: 違反した企業には、労働者1人につき30万円以下の罰金が科される可能性がある（バクラク, GMOサイン）。
目的: 従業員の疲労回復、リフレッシュ、労働意欲の向上、生産性向上（マネーフォワード クラウド, ジンジャー）。 
退職時の有休消化
権利: 退職が決まっていても、残った有給は法的に取得可能（マネーフォワード クラウド, MS-Japan）。
円満退職のために: 会社との調整や引き継ぎを考慮し、できるだけ早めに退職意思と有休消化の計画を伝えることが望ましい（マネーフォワード クラウド, MS-Japan）。
拒否された場合: 会社が一方的に拒否することはできないが、業務への支障がある場合は時季変更権を行使できる（マネーフォワード クラウド, Freee）。
買い取り: 法律で義務付けられておらず、会社の就業規則に明記されていなければ買い取りは拒否される場合がある（マネーフォワード クラウド, Freee）。
会社側の対応
義務化への対応: 計画的付与制度の導入や、半日・時間単位での取得を認めるなどの施策が有効","[""import"",""japanese""]",2026-02-22 11:37:06.24266+00,e1848554-ffae-479c-a8cd-4c0d77b7bed2,2026-03-19 15:55:50.007522+00,0,0,0,2026-03-19 15:55:50.007522+00,0,null,null,null,false,null,jp-dev-study-log-next,2026-01-15 02:26:37.705+00,1768443997705,false,null,null,null,"{""tables"":{""1"":{""rows"":[],""columns"":[]}}}",null,[],null,null
51e92a92-e7aa-44b3-9f4d-a3fae8db939d,素人（しろうと）,"https://mazii.net/ko-KR/search/word/jako/%E7%B4%A0%E4%BA%BA

◆ (어떤 일에) 경험이 없는 미숙한 사람; 비전문가; 생무지; 초심자; 풋내기; 생수; 문외한.

素人には分からない
초심자에게는 이해가 안 간다

この方面ではずぶの素人です
이 방면에 대해서는 생초보입니다

素人離れした腕
초심자답지 않은 솜씨

◆ (직업으로서가 아니라) 취미 삼아 하는 사람; 아마추어.

素人劇
아마추어 연극

素人のど自慢
아마추어 노래자랑

素人芸
아마추어의 기예

◆ 일반 가정의 여자; 여염집 여자.

素人下宿
(직업적이 아닌) 여염집 하숙","[""import"",""japanese""]",2026-02-22 11:37:06.24266+00,e1848554-ffae-479c-a8cd-4c0d77b7bed2,2026-03-19 15:55:50.007522+00,0,0,0,2026-03-19 15:55:50.007522+00,0,null,null,null,false,null,jp-dev-study-log-next,2026-01-28 17:04:56.925+00,1769619896925,false,null,null,null,"{""tables"":{""1"":{""rows"":[],""columns"":[]}}}",null,[],null,null
547a370e-e94f-44fc-a4f8-1438c37441d6,嵐（あらし）,"NetflixドラゴンボールZタイトル

スーパーサイヤ人限界突破嵐を呼ぶトランクス
초사이어인의 한계돌파 폭풍을부르느 트랭크스

https://nihongokanji.com/1815

嵐（あらし）는 ""폭풍우""","[""import"",""japanese""]",2026-02-22 11:37:06.24266+00,e1848554-ffae-479c-a8cd-4c0d77b7bed2,2026-03-19 15:55:50.007522+00,0,0,0,2026-03-19 15:55:50.007522+00,0,null,null,null,false,null,jp-dev-study-log-next,2026-02-21 00:47:30.007+00,1771634850007,false,null,null,null,"{""tables"":{""1"":{""rows"":[],""columns"":[]}}}",null,[],null,null
549b4529-5f83-49d1-a8dd-7e29740994bb,「戒め（いましめ）」N1,"출처

[[link:02c05c5c-7108-4f8b-8f01-82c2476ee592]]

상황

노브록tv에서 후부키케이의 리얼데이트기획을 짜는상황

사용예시

今回の企画は我々の戒めと意味があるんで風吹さんが照れたら佐久間さんだけ電流が流れる。
이번 기획은 우리 스스로를 다잡는 의미도 있어서, 후부키 씨가 부끄러워하면 사쿠마 씨만 전기 벌칙을 받게 됩니다.

문장분석

원문:

今回の企画は我々の戒めと意味があるんで風吹さんが照れたら佐久間さんだけ電流が流れる。

전체 의미 해석

직역에 가깝게 하면:

이번 기획은 우리들의 경계(반성)의 의미도 있기 때문에, 후부키 씨가 부끄러워하면 사쿠마 씨한테만 전류가 흐른다.

자연스럽게 의역하면:

이번 기획은 우리 스스로를 다잡는 의미도 있어서, 후부키 씨가 부끄러워하면 사쿠마 씨만 전기 벌칙을 받게 됩니다.

여기서 “전류가 흐른다”는 일본 예능에서 흔한 전기 벌칙(電流ビリビリ)을 뜻하는 표현이에요.

문장 구조 분석

문장을 끊어보면:

今回の企画は
我々の戒めと意味があるんで
風吹さんが照れたら
佐久間さんだけ電流が流れる

좀 더 자연스러운 형태로 복원하면:

今回の企画は、
我々の戒めという意味があるんで、
風吹さんが照れたら、
佐久間さんだけ電流が流れる。
각 부분 상세 분석
1. 今回の企画は
今回 = 이번
企画 = 기획
の = ~의
は = 주제 표시

→ “이번 기획은”

2. 我々の戒めと意味があるんで

여기가 조금 구어체라 압축되어 있어요.

원래는 아마:

我々の戒めという意味があるんで

또는

我々への戒めという意味があるんで

라고 보는 게 자연스럽습니다.

단어
我々 = 우리들
戒め（いましめ）= 경계, 훈계, 반성, 스스로를 다잡음
意味がある = 의미가 있다
んで = ので의 회화체 (“~이기 때문에”)
핵심 포인트

「戒め」는 단순 “벌”이 아니라:

교훈
반성의 의미
스스로 경계한다

같은 뉘앙스예요.

그래서 여기서는:

“우리도 정신 차리자는 의미가 있어서”

느낌에 가까워요.

3. 風吹さんが照れたら
風吹さん = 후부키 씨
照れる（てれる）= 부끄러워하다 / 쑥스러워하다
たら = ~하면

→ “후부키 씨가 부끄러워하면”

4. 佐久間さんだけ電流が流れる
佐久間さん = 사쿠마 씨
だけ = 만, 오직
電流が流れる = 전류가 흐르다

일본 예능 표현에서는:

전기 충격 벌칙을 받다

라는 뜻입니다.

→ “사쿠마 씨만 전기 벌칙을 받는다”

문법 포인트 정리
표현	의미	설명
んで	~해서 / ~이므로	ので의 회화체
照れたら	부끄러워하면	조건형
だけ	~만	한정 표현
電流が流れる	전류가 흐르다	예능 벌칙 표현
자연스러운 한국어 번역 예시
예능 느낌 살리기

이번 기획은 우리끼리도 반성하자는 의미가 있어서, 후부키 씨가 부끄러워하면 사쿠마 씨만 전기 벌칙을 받습니다.

조금 더 캐주얼하게

이번 기획은 우리도 정신 차리자는 의미라서, 후부키 씨가 쑥스러워하면 사쿠마 씨만 전기 맞게 돼요.

추가로 볼 수 있는 포인트

이 문장은 일본 예능 특유의:

장난스러운 벌칙 설정
억울한 희생자 개그
“왜 저 사람만 당함?” 구조

가 들어간 문장이에요.

특히:

風吹さんが照れたら → 佐久間さんが罰ゲーム

라는 “연좌제 개그” 느낌이 있습니다.","[""日本語"",""文章分析"",""ノブロックtv"",""吹雪ケイ"",""青木マッチョ"",""佐久間宣行""]",2026-02-22 11:37:06.24266+00,e1848554-ffae-479c-a8cd-4c0d77b7bed2,2026-05-07 17:21:18.415093+00,0,2,0,2026-05-07 17:21:18.415093+00,0,null,null,null,false,null,jp-dev-study-log-next,2026-01-22 16:59:32.564+00,1769101172564,false,null,null,null,"{""tables"":{""1"":{""rows"":[],""columns"":[]}}}",[],"[{""id"":""02c05c5c-7108-4f8b-8f01-82c2476ee592"",""url"":""https://youtu.be/45-Pa81ELyY?si=ENcST0Vq6bnb7Wg9"",""image"":""https://img.youtube.com/vi/45-Pa81ELyY/hqdefault.jpg"",""title"":""YouTube Video"",""siteName"":""YouTube"",""description"":null}]",null,null
54d32716-5ba0-40e8-b72a-9116ec095231,「つまらない」,"「つまらない」は「面白くない」「興味を引かない」「価値がない」「取るに足らない」「くだらない」「退屈だ」といった意味で、心に感動や刺激がなく、物事や状況がつまらないと感じる状態を表します。語源は「詰まる（行き詰まる）」から来ており、心が行き詰まる、納得できない状態を指します。 
主な意味
面白くない、興味がわかない: 感動がない、退屈な状態。
価値がない、重要でない: 大したものではない、取るに足らない。
意味がない、ばかげている: 無益、無駄、くだらないこと。
期待外れ、不満: 満足できない、がっかりする。 
なぜ「つまらない」と感じるのか（原因の例）
刺激の欠如: 毎日が同じことの繰り返しで変化がない、新鮮な体験がない。
目標や成長のなさ: やりがいを感じられない、自分の成長を実感できない。
人間関係の問題: うまくいっていない、孤立している。
ネガティブ思考: 自分を卑下する、挑戦できない。 
「つまらない」の言い換え表現（類語）
面白くない系: 面白くない、退屈な、味気ない、単調な、無味乾燥な。
価値がない系: くだらない、取るに足らない、無価値な、無意味な、些細な。
期待外れ系: がっかりする、不満な、不完全な。 
「つまらないものですが」の用法
贈り物などを渡す際に使う謙遜の言葉で、「大したものではありませんが」という意味になります。 
「つまらない」と感じる時は、何が自分にとって面白くないのか、何が足りないのかを考えてみると、次の一歩が見つかるかもしれません。

◆ 하찮다; 시시하다.

つまらない品
하찮은 물건

つまらないミス
사소한 실수

つまらないことを気にする
하찮은 일을 걱정하다

◆ 보람이 없다; 소용없다.

あくせく働いてもつまらない
뼈 빠지게 일해도 보람이 없다

こう物価が上がるのでは、貯金してもつまらない
이렇게 물가가 올라서는 저금해 보았자 소용이 없다

◆ 흥미[재미]가 없다.

つまらない映画
재미없는 영화

つまらない試合
지루한 경기

あの小説はつまらない
그 소설은 재미없다","[""import"",""japanese""]",2026-02-22 11:37:06.24266+00,e1848554-ffae-479c-a8cd-4c0d77b7bed2,2026-03-19 15:55:50.007522+00,0,0,0,2026-03-19 15:55:50.007522+00,0,null,null,null,false,null,jp-dev-study-log-next,2026-01-07 15:06:52.417+00,1767798412417,false,null,null,null,"{""tables"":{""1"":{""rows"":[],""columns"":[]}}}",null,[],null,null
557c6009-c9fd-4206-aa16-3a9879f75cda,～さえ・～すら　N2,"https://youtu.be/KKg1pBk53j4?si=BqhXOAER8Couvi6k

同じ事務所の渡部さんですら努力しないといけないくらい僕の印象がない

https://nihongo.co.kr/%EF%BD%9E%E3%81%95%E3%81%88%E3%83%BB%EF%BD%9E%E3%81%99%E3%82%89/

あの二人は仲が良いのに電話番号すら知しらないらしい。
저 두사람은 사이가 좋은데 전화번호조차 모른다는 것 같다. 

山田さんは韓国に住んで10年も経つのに、挨拶すら韓国語でできないらしい。
야마다씨는 한국에 산지 10년이나 지났는데 인사조차 한국어로 못한다는 것 같다. 

君にすら解けない問題だなんて、どんなに難しい問題なんだ。
너조차 풀지 못하는 문제라니 얼마나 어려운 문제인 거야. 

こんな簡単な問題、小学生ですら解けるよ。
이런 간단한 문제 초등학생조차 풀 수 있어. 

夫は酔っぱらいすぎて、話すことすらまともにできなかった。
남편은 너무 취해서 말하는 것조차 제대로 하지 못했다. 

昨日は忙しすぎて、ごはんを食べることすらできませんでした。
어제는 너무 바빠서 밥을 먹는 것조차 못했습니다. 

今、のどが痛くて水さえも飲めない。
지금 목이 아파서 물도 못 마시겠다. 

あなたさえいれば私は他になにもいりません。
당신만 있으면 나는 다른 것은 무엇도 필요 없습니다. 

彼の両親でさえ彼の行方を知らなかった。
그의 부모님조차 그의 행방을 몰랐다. 

彼女は妊娠の事実を親にさえ知らせなかった。
그녀는 임신 사실을 부모님에게조차 알리지 못했다. 

今の私にはこんな簡単な仕事さえできません。
지금에 나는 이런 간단한 일조차 불가능합니다.

昨日は体調が悪くて歩くことさえできず、ずっと横になっていました。
어제는 몸상태가 나빠서 걷는 것도 못하고 계속 누워있었습니다.","[""import"",""japanese""]",2026-02-22 11:37:06.24266+00,e1848554-ffae-479c-a8cd-4c0d77b7bed2,2026-03-19 15:55:50.007522+00,0,0,0,2026-03-19 15:55:50.007522+00,0,null,null,null,false,null,jp-dev-study-log-next,2026-02-03 20:30:37.172+00,1770150637172,true,2d6117b1-552f-4ed7-849f-b8dba27b3440,null,null,"{""tables"":{""1"":{""rows"":[],""columns"":[]}}}",null,[],null,null
55969d6e-fc5c-4dd9-8c2e-9aa78c1f333a,素直（すなお）,"'素直'(스나오)는 일본어 표현으로, '꾸밈없이 솔직하다', '순진하다', '고분고분하다', '있는 그대로 받아들인다'는 긍정적 의미의 '솔직함'을 나타내며, 거짓말을 하지 않는다는 뜻의 '正直'(쇼지키)와 달리, 꾸밈이나 억지스러움이 없이 자연스러운 상태를 강조합니다. 이는 주로 일본에서 사용되는 한자어이며, 한국어의 '솔직하다'와는 미묘한 뉘앙스 차이가 있습니다. 
'素直'(스나오)의 주요 의미:
있는 그대로의 모습: 겉으로 꾸미거나 변명하지 않고 자신의 감정이나 생각을 그대로 드러내는 것.
순수하고 고분고분함: 순진하고 순종적이며, 타인의 말이나 가르침을 잘 받아들이는 태도.
진솔함: 가식이나 억지가 없는 자연스러운 상태. 
'正直'(쇼지키)와의 차이점:
素直 (스나오): 긍정적인 의미의 솔직함, 꾸밈없는 순수함, 받아들임의 뉘앙스.
正直 (쇼지키): 거짓말을 하지 않는 상태, 옳고 그름을 따지는 정직함, 진실을 말하는 것에 초점. 
예시:
素直な気持ち (스나오나 키모치): 꾸밈없는 솔직한 마음, 순수한 마음.
素直に謝る (스나오니 아야마루): 변명 없이 순순히 사과하다. 
결론적으로 '素直'는 '순수하고 꾸밈없는 솔직함'을 뜻하며, 상황이나 상대방에 따라 유연하게 받아들이는 긍정적인 태도를 포함하는 일본어 단어입니다.

https://mazii.net/ko-KR/search/word/jako/%E7%B4%A0%E7%9B%B4

◆ (비뚤어지지 않고) 고분고분함; 순진함; 솔직함; 순수함.

素直な性格
솔직한 성격

素直な子
순수한 아이

言われたとおりに素直に従う
시키는 대로 고분고분하게 따르다

◆ 굽거나 일그러지지 않은 모양; (특별한) 버릇이 없는 모양.

素直な髪の毛
(곱슬곱슬하지 않고 부드러운) 곧은 머리카락

素直な字を書く
특징이 없는 밋밋한 글씨를 쓰다","[""import"",""japanese""]",2026-02-22 11:37:06.24266+00,e1848554-ffae-479c-a8cd-4c0d77b7bed2,2026-03-19 15:55:50.007522+00,0,1,0,2026-03-19 15:55:50.007522+00,0,null,null,null,false,null,jp-dev-study-log-next,2026-01-08 16:43:43.815+00,1767890623815,false,null,null,null,"{""tables"":{""1"":{""rows"":[],""columns"":[]}}}",null,[],null,null
56d2b4d9-5c8a-415b-9273-9edc26c16be2,「側（そば）」と「隣（となり）」,"「側（そば）」と「隣（となり）」はどちらも「そば」「となり」と読み、意味も近いですが、「側」は近い範囲や特定の方向、「隣」は隣接する位置関係（特に同種のもの）を示すことが多いです。「隣」は隣り合った家や人、席に使われ、「側」は「〜の側（そば）にいる」のように、より広い近接空間や方向性を示すのに使われます。 
隣（となり）
意味: 隣接していること、となりあうこと。同種のもの（家、部屋、席など）に使うことが多い。
例: 隣の家（隣人）、隣の席、隣国。 
側（そば）
意味: 近く、あたり、あるものの周辺。距離感を含む。
例: 先生のそば、川のそば、そばにいる、道の側（そと）。 
使い分けのポイント
「隣」：ぴったり隣接している具体的なモノ（家、席、人）に使う。
「側」：物理的に近い、周辺の領域や方向（〜のそば）を指す。
「横（よこ）」：水平方向、隣とは限らず、遠くても横線上にあれば使われる。 
例文で比較:
「隣の家」：隣接した別の家。
「家の側（そば）」：家の近くの場所、周辺。
「道の横（よこ）」：道の水平方向。","[""import"",""japanese""]",2026-02-22 11:37:06.24266+00,e1848554-ffae-479c-a8cd-4c0d77b7bed2,2026-03-19 15:55:50.007522+00,0,0,0,2026-03-19 15:55:50.007522+00,0,null,null,null,false,null,jp-dev-study-log-next,2026-01-11 00:38:19.262+00,1768091899262,false,null,null,null,"{""tables"":{""1"":{""rows"":[],""columns"":[]}}}",null,[],null,null
5797a340-a7dd-4e8a-b88e-94f3db3b5be7,「寂しい（さびしい）」,"「寂しい」は、心が満たされず物足りない、孤独で心細い、または人の気配がなくひっそりしている状態を表す言葉で、英語では""lonely""や""sad""などに相当し、解消するには読書や運動、オンラインでの交流、美味しいものを食べる、新しい楽しみを見つけるなどの対処法があります。 
「寂しい」の意味と使われ方
感情的な寂しさ: 誰かと繋がっていたいのに繋がれない、必要とされていないと感じる気持ち。
状況的な寂しさ: 物理的に人がいない、静かでひっそりしている様子。
「寂しい」と「淋しい」: 「寂しい」は一般的・客観的、「淋しい」は主観的・詩的な表現で、公的な場では「寂しい」が使われます。「さみしい」はひらがなで書くのが適切です。 
寂しさを和らげるための対処法
行動を起こす: 散歩して日光を浴びる、運動する、新しい趣味や勉強を始める。
気分転換: 音楽・映画鑑賞、読書、美味しいものを食べる、お風呂でリラックスする。
人との繋がり: 友達と話す、オンラインコミュニティで交流する、相手の話に興味を持つ。
思考の転換: 未来の楽しみを想像する、一人でいることを肯定的に捉える時間にする。 
寂しいと感じやすい人へのヒント
寂しさは誰にでもある感情であり、無理に消そうとせず、自分と向き合う時間と捉えることも大切です。
寂しさを感じやすい性質は生まれつきの部分もあり、自分を理解し、うまく付き合っていく方法を見つけることが重要です。

https://mazii.net/ko-KR/search/word/jako/%E3%81%95%E3%81%B3%E3%81%97%E3%81%84

◆ 허전하다.（さびしい）

口が寂しい
입이 허전하다

懐が寂しい
호주머니가 허전하다((돈이 떨어지다))

◆ 쓸쓸하다; 적적하다; (슬프고) 외롭다（さびしい）

寂しい生活
쓸쓸한 생활

寂しい山道
호젓한 산길

一人寂しく暮らす
혼자 쓸쓸히 지내다

◆ 섭섭하다（さびしい）

友と別れて寂しい
친구와 헤어져 섭섭하다

◆ 쓸쓸하다; 적적하다（さみしい）

寂しい冬景色
쓸쓸한 겨울 풍경

寂しい夜道を歩く
호젓한 밤길을 걷다

一人ぼっちで寂しい
외돌토리가 되어 쓸쓸하다","[""import"",""japanese""]",2026-02-22 11:37:06.24266+00,e1848554-ffae-479c-a8cd-4c0d77b7bed2,2026-03-19 15:55:50.007522+00,0,0,0,2026-03-19 15:55:50.007522+00,0,null,null,null,false,null,jp-dev-study-log-next,2026-01-21 13:26:37.674+00,1769001997674,false,null,null,null,"{""tables"":{""1"":{""rows"":[],""columns"":[]}}}",null,[],null,null
5baf7859-6ac5-4bf2-b6b9-1154d6303488,誰しも自分自身の課しているルールがある。,"https://youtu.be/PrUY5I8WACg?si=VFj0CronxLvhiKeU

誰しも自分自身の課しているルールがある。

「誰しも（だれしも）、누구라도」は、「誰でも」「誰だって」という意味で、特定の人に限らず「すべての人」を指す表現です。古くは「たれしも」とも言い、「誰も」をさらに強調した表現であり、日常会話や文章で普遍的な心理・行動を述べる際に用いられます。 
意味と使い方
意味: 全ての人々、例外なく誰でも。
強調: 「誰でも」を強めた表現。
例文:
人間は誰しも死を避けられない。
誰しも幸せを願う。
誰しも礼儀正しい人が好きだ。 
類語・言い換え
誰も彼も（だれもかれも）
すべての人（すべてのひと）
ありとあらゆる人々
貴賎の別なく 
「誰しも」は、例外的な人を認めない強めのニュアンスで使われることが多いです。

「課して（かして）」は、義務、責任、税金、負担などを人や組織に負わせる、または言い付けることを指す表現です。課題や制約を与える際や、公権力が私人に負担を命じる（税・罰金）場合などに「課して」や「課する」の形で用いられます。 
主な用法・関連語
義務・負担を負わせる：課題、責任、義務を課す。
税・罰金：重税を課する、罰金を課す。
類語：負わせる、負担させる、義務づける。
注意点：「科する」は主に法律や罰則で使用されますが、「課する」は一般的な負担や義務にも使用されます。 
例文
「厳しい条件を課してきた」
「新たな任務を課して、成長を促す」
「重い課題を課して終わらせる」","[""import"",""japanese""]",2026-02-22 11:37:06.24266+00,e1848554-ffae-479c-a8cd-4c0d77b7bed2,2026-03-19 15:55:50.007522+00,0,0,0,2026-03-19 15:55:50.007522+00,0,null,null,null,false,null,jp-dev-study-log-next,2026-02-03 20:58:26.423+00,1770152306423,false,null,null,null,"{""tables"":{""1"":{""rows"":[],""columns"":[]}}}",null,[],null,null
5e8bd73b-4fd9-4ad4-ad63-c878827debb2,「おどろいた」,"「おどろいた」は「驚いた（おどろいた）」という言葉で、思いがけない出来事に出会い、心が動揺したり、予想外のことにびっくりしたりする気持ちを表します。これは「びっくりした」「はっとした」「意外だった」といった意味で使われ、感動や衝撃、呆れなど、様々な感情を伴うことがあります。 
「おどろいた」の意味と使い方
心の平静が失われる：予期せぬ出来事や大きな音、光などで心が動揺する状態です。
「びっくりした」に近い：日常会話で最もよく使われる「驚いた」の表現で、「驚いたね」「驚いたなあ」のように使います。
文脈によってニュアンスが変わる：
「おどろいた！」（感嘆）: 良い意味でも悪い意味でも使えます。
「おどろいたこと（に）」: 「〜という意外なことがあった」という意味で、驚くべき事実を導入します（例: 「おどろいたことに、彼は満点だった」）。
「おどろいた、あまりのことに声も出なかった」: 衝撃やショックを表します。 
類語・関連表現
びっくりした：最も一般的な同義語。
あぜんとした：呆れて言葉が出ない状態。
衝撃を受けた：強いショックや感動を受けた時。
はっとした：急に気づいた時や、我に返った時。 
つまり、「おどろいた」は、何かが予想をはるかに超えていて、それに対して心が大きく反応した状態を表現する言葉です。","[""import"",""japanese""]",2026-02-22 11:37:06.24266+00,e1848554-ffae-479c-a8cd-4c0d77b7bed2,2026-03-19 15:55:50.007522+00,0,0,0,2026-03-19 15:55:50.007522+00,0,null,null,null,false,null,jp-dev-study-log-next,2026-01-09 14:06:56.65+00,1767967616650,false,null,null,null,"{""tables"":{""1"":{""rows"":[],""columns"":[]}}}",null,[],null,null
5ee39114-4deb-4cf9-a71f-e0062c10e2d0,「さらに」,"「さらに」は「その上に」「いっそう」「また」という意味で、程度が増したり、物事が重なったり、追加されたりする様子を表す言葉で、「全く」「少しも」といった否定と共にも使われ、文脈によって「加えて」「もっと」「その上」などの類語があります。文脈に応じて「更に」と漢字で書く場合と、「さらに」とひらがなで書く場合があり、接続詞の「さらに」はひらがな表記が一般的です。 
主な意味と使い方
程度が増す・重なる: 「気温がさらに上昇した」「さらに月日が経った」のように、前の状態よりも程度が増すことや、事柄が重なることを表します。
追加する: 「5%引き、さらに抽選で全額払い戻しあり」のように、何かを付け加える意味です。
（否定と共用）全く、少しも: 「さらに失うものはない」「さらにまだ見ぬ」のように、否定の言葉と組み合わせて「全然」「全く」の意味になります。
改めて、今さら: 古語では「改めて」「今さら」という意味で使われることもあります。 
類語の例
追加: 加えて、その上、おまけに
程度: いっそう、ますます、もっと、一段と
否定: 全く、少しも、いっこうに 
表記について
接続詞として: 「そして、さらに、…」のように文と文をつなぐ場合は、ひらがなで「さらに」と書くのが一般的です。
副詞として: 「更に」と漢字で書くこともあります。

https://mazii.net/ko-KR/search/word/jako/%E3%81%95%E3%82%89%E3%81%AB

◆ 그 위에; 더욱더; 보다 더.

更に上達する
더한층 능숙해지다

更に奥を極める
더욱더 깊은 경지에 이르다

雨が更に激しく降る
비가 더욱 세차게 내린다

◆ 다시 (한번); 거듭.

更に懇請する
거듭 간청하다

更にすすめる
다시 (한번) 권하다

更に強調する
거듭 강조하다

◆ (뒤에 부정(否定)하는 말이 따라서) 조금도; 도무지.

更に反省の色がない
도무지 반성의 빛이 없다

更に帰る様子がない
돌아갈 기색이 조금도 없다

思い残すことが更にない
미련은 조금도 없다","[""import"",""japanese""]",2026-02-22 11:37:06.24266+00,e1848554-ffae-479c-a8cd-4c0d77b7bed2,2026-03-19 15:55:50.007522+00,0,0,0,2026-03-19 15:55:50.007522+00,0,null,null,null,false,null,jp-dev-study-log-next,2026-01-11 00:50:50.992+00,1768092650992,false,null,null,null,"{""tables"":{""1"":{""rows"":[],""columns"":[]}}}",null,[],null,null
60acb7dd-d756-4883-8d24-bb6ac4e6e9f2,「イラッとした」,"「イラッとした」時は、怒りのピークである最初の「6秒」をやり過ごすのが効果的です。深呼吸をする、その場を離れる、心の中で数字を数える（アンガーマネジメント）などが有効です。溜め込まず、疲労回復や運動、趣味で気分転換をして、心の余裕を取り戻しましょう。 
イラッとした時の具体的な対処法
6秒待つ・数える: 怒りの感情（アドレナリン）のピークは最初の6秒です。数字を数えることで理性を取り戻しやすくなります。
深呼吸・その場を離れる: 一旦物理的に距離を置き、気持ちを落ち着かせます。
原因を書き出す: 何にイライラしたのかを書き出し、客観視して整理します。
思考の切り替え: 「他人は思い通りにならない」と認識したり、イライラするメリットを考えてみたりします。
身体を動かす・リラックス: ヨガ、ストレッチ、散歩などでセロトニンを増やし、ストレスを解消します。 
イラつく原因の傾向
仕事・家庭のストレス: 思った通りにいかない、家事分担の不満など。
期待とのズレ: 相手に期待しすぎていた場合。
身体の疲れ: 疲労やストレスが溜まっているとイライラしやすくなります。 
まずはひと呼吸おいて、自分に合った発散方法を見つけてみてください。","[""import"",""japanese""]",2026-02-22 11:37:06.24266+00,e1848554-ffae-479c-a8cd-4c0d77b7bed2,2026-03-19 15:55:50.007522+00,0,0,0,2026-03-19 15:55:50.007522+00,0,null,null,null,false,null,jp-dev-study-log-next,2026-02-14 07:00:33.773+00,1771052433773,false,null,null,null,"{""tables"":{""1"":{""rows"":[],""columns"":[]}}}",null,[],null,null
628cf2ab-52ed-4b5c-a1cb-4efb28653173,「拝見（はいけん）」,"「拝見（はいけん）」とは、「見る」の謙譲語で、目上の人や相手に敬意を表し、自分がへりくだって物事を見る・確認する・会うことを意味します。ビジネスシーンで資料やメールを確認した際、「拝見しました」のように使われ、相手を立てて自分の行為を低く言う表現です。 
意味と使い方
「見る」の謙譲語: 自分がへりくだることで相手を立てる表現です。
対象: 相手から送られた資料、メール、作品、相手の姿（会うこと）など。
例文:
「お送りいただいた企画書を拝見しました。大変参考になりました。」
「ご連絡いただいたメールを拝見しました。」
「先日、会議でお姿を拝見しました。お元気そうで何よりです。」 
注意点
二重敬語に注意: 「拝見させていただきます」は二重敬語（謙譲語＋「させてもらう」）なので、「拝見します」「拝見いたしました」が適切です。
「拝見する」と「拝読する」: 「拝読」は「読む」の謙譲語で、「拝見」は「見る」の謙譲語ですが、文脈で自然な方を使えば問題ありません。","[""import"",""japanese""]",2026-02-22 11:37:06.24266+00,e1848554-ffae-479c-a8cd-4c0d77b7bed2,2026-08-28 19:11:58.292007+00,0,1,0,2026-08-28 19:11:58.292007+00,0,null,null,null,false,null,jp-dev-study-log-next,2026-01-17 06:18:44.121+00,1768630724121,false,null,null,null,"{""tables"":{""1"":{""rows"":[],""columns"":[]}}}",null,[],null,null
6374377f-fe76-4a4d-af0f-8a4879adcffb,「茶番（ちゃばん）」,"https://youtu.be/45-Pa81ELyY?si=lLuloDcEld5wwWV1

「茶番（ちゃばん）」とは、底の見え透いた、ばかばかしい言動や出来事を指す言葉で、元の意味は江戸時代の即興の滑稽劇（寸劇）や、茶の用意をする役目のことですが、現代では「茶番劇」のように、魂胆が見え透いていて馬鹿げている様子を揶揄する際に使われます。 
語源と意味の変遷
元来の意味: 歌舞伎の楽屋で、茶の準備や給仕をする人を「茶番」と呼びました。
寸劇へ: その茶番役者たちが暇つぶしに始めた即興の寸劇が「茶番」と呼ばれるようになり、これが転じて、下手で滑稽な芝居を指すようになりました。
現代の用法: 現代では、内容が明白で幼稚、あるいは意図がバレバレで馬鹿げている状況や、八百長のような見せかけの行為に対して「茶番だ」「茶番劇だ」と批判的に使われます。 
類語・関連表現
茶番劇 (ちゃばんげき)
猿芝居 (さるしばい)
下手な芝居 (へたなしばい)
八百長 (やおちょう) 
英語での表現例
farce（ファース）
travesty（トラヴェスティ） 
具体例
ジャニーズ事務所の記者会見で「NGリスト」が使われた際、その運営が「茶番」だと批判されました。
政治家の会見が短時間で打ち切られる様子も「茶番」と評されることがあります。

https://mazii.net/ko-KR/search/word/jako/%E8%8C%B6%E7%95%AA

◆ 차 시중을 드는 사람.
◆ ‘茶番狂言’의 준말; (그 자리에 있는 물건을 가지고) 손짓·몸짓으로 좌중을 웃기는 익살극.
◆ 속이 빤히 들여다보이는 서투른 연극; 어리석은 행동.

とんだ茶番に過ぎない
속이 빤히 들여다보이는 연극에 지나지 않는다","[""import"",""japanese""]",2026-02-22 11:37:06.24266+00,e1848554-ffae-479c-a8cd-4c0d77b7bed2,2026-03-19 15:55:50.007522+00,0,0,0,2026-03-19 15:55:50.007522+00,0,null,null,null,false,null,jp-dev-study-log-next,2026-01-05 02:11:14.858+00,1767579074858,false,null,null,null,"{""tables"":{""1"":{""rows"":[],""columns"":[]}}}",null,[],null,null
64868c1f-edf7-4d7d-b4a3-a6dbf201cbce,「媚びへつらう」,"https://www.kpedia.jp/w/51313

「媚びへつらう」の韓国語「아첨하다」を使った例文
・상사에게 아첨하다.
上司に阿る。

・강자에게 아첨하다.
強者に媚へつらう。

・세상에 아첨하다.
世におもねる。

・자본이나 권력에 아첨하다.
資本や権力にへつらう。

・난 아첨하는 사람은 딱 질색이야.
僕はへつらう人はまっぴらごめんだ。

・그는 상사에게 아첨하는 걸 잘합니다.
彼は上司に媚びるのが得意です。

・아첨하는 태도는 보기 흉해요.
媚びる態度は見苦しいです。

・그녀는 상사에게 아첨하지 않고 일을 하고 있습니다.
彼女は上司に媚びることなく仕事をしています。

・그의 아첨하는 태도가 미움받고 있어요.
彼の媚びる態度が嫌われています。

・그는 아첨하지 않고 성공했어요.
彼は媚びることなく成功しました。

・그녀는 아첨하지 않고 상사에게 의견을 말했습니다.
彼女は媚びることなく上司に意見を言いました。

・아첨을 했더니, 되레 어색해졌다.
お世辞を言ったら、かえって気まずくなった。

・그는 아첨을 하여 승진을 노리고 있습니다.
彼は媚びることで昇進を狙っています。

・그 직원은 아첨을 잘해요.
その社員は媚びることが上手です。

・아첨을 떨다.
おべっかを使う。

・사심을 감추고 사람에게 아첨하다.
私心を隠して人に媚びへつらう。

・아첨을 떠는 것은 타자를 기분 좋게 하려고 하는 배려입니다.
おべっかを使うとは、他者を心地良くしようとする配慮です。

・아첨을 떤다는 것은 상대의 마음에 들고 싶다고 하는 마음의 표현이라고 생각한다.
おべっかを使うって、相手に気に入られたいという気持ちの表れだと思う。

・강자에게 아첨을 떠는 자는 약자에게 거만하게 군다.
強い者におべっかを使う者は弱い者に威張る。

・직장에 아첨만 떠는 사람이 있어요.
職場におべっかばかり言う人がいます。","[""import"",""japanese""]",2026-02-22 11:37:06.24266+00,e1848554-ffae-479c-a8cd-4c0d77b7bed2,2026-03-19 15:55:50.007522+00,0,0,0,2026-03-19 15:55:50.007522+00,0,null,null,null,false,null,jp-dev-study-log-next,2026-01-26 11:16:48.364+00,1769426208364,false,null,null,null,"{""tables"":{""1"":{""rows"":[],""columns"":[]}}}",null,[],null,null
6558512e-d3bf-4f28-b159-96d6c93f72f3,刺激（しげき）,"https://mazii.net/ko-KR/search/word/jako/%E5%88%BA%E6%BF%80

◆ 자극.

刺激剤
자극제

低刺激の化粧水 
저자극[순한] 화장수

刺激の強い食べ物[映画]
자극적인 음식[영화]

https://www.kpedia.jp/s/3/%EC%9E%90%EA%B7%B9%ED%95%98%EB%8B%A4

＜자극하다の韓国語例文＞
・	돌솥비빔밥의 지글지글 소리가 입맛을 자극한다.
石焼ビビンバのジュージューという音が食欲を刺激する。
・	그는 작은 자극에도 깜짝깜짝 반응한다.
彼は小さな刺激にもびくびく反応する。
・	사람들은 불안감을 자극하는 말에 쉽게 유인된다.
人は不安をあおる言葉に簡単に誘導される。
・	보물선 이야기는 많은 사람들의 상상력을 자극한다.
宝船の話は多くの人の想像力をかき立てる。
・	감정을 자극해 행동을 충동했다.
感情を刺激して行動をけしかけた。
・	자극적인 음식이 목을 후끈거리게﻿ 했다.
刺激的な食べ物が喉をヒリヒリさせた。
・	시각적 자극이 너무 강하면 쉽게 피로를 느낀다.
視覚的な刺激が強すぎると、すぐに疲れを感じる。
・	아침 햇살이 시각을 자극했다.
朝の日差しが視覚を刺激した。
・	라면 스프 냄새가 식욕을 자극해요.
ラーメンスープの香りが食欲をそそります。
・	그 기사 제목은 어그로를 끌기 위한 자극적인 문구다.
その記事のタイトルは注目を集めるための刺激的な文句だ。
・	어그로꾼들은 주로 자극적인 말을 한다.
挑発者はたいてい刺激的な言葉を使う。
・	친구들과의 경쟁심이 나를 자극했다.
友人との競争心が自分を刺激した。
・	문학적 표현은 독자의 상상력을 자극한다.
文学的表現は読者の想像力を刺激する。
・	그 아트전은 독창적인 작품이 많아 찾는 사람들에게 자극을 주었다.
そのアート展は独創的な作品が多く、訪れる人々に刺激を与えた。
・	그 소설의 줄거리는 독창적이었고 상상력을 자극했다.
その小説のプロットは独創的で、想像力を刺激した。
・	외부 자극이 가해졌습니다.
外部から刺激が加えられました。
・	정치인의 발언이 국민의 적개심을 자극했다.
政治家の発言が国民の敵愾心を刺激した。
・	그의 의기양양한 태도에 모두가 자극을 받았다.
彼の意気揚々とした態度に、みんなが刺激を受けた。
・	오감을 자극하는 미술 전시에 다녀왔다.
五感を刺激するアート展に行ってきた。
・	식당가를 걷다 보면 향기가 식욕을 자극해요.
食堂街を歩いていると、香りが食欲をそそります。
・	살무사는 공격적이지 않지만, 자극하면 물릴 수 있다.
マムシは攻撃的ではないが、刺激すると噛まれることがある。
・	고형 카레는 향신료의 향이 풍부해 식욕을 자극합니다.
カレールーは、スパイスの香りが豊かで食欲をそそります。
・	김치전을 먹으면 매콤한 맛이 식욕을 자극합니다.
キムチチヂミを食べると、ピリ辛な味が食欲をそそります。
・	곱창구이는 구울 때 나는 소리와 향이 식욕을 자극합니다.
ホルモン焼きは、焼いているときの音や香りが食欲をそそります。
・	명문대학 교수와의 교류가 그를 자극했습니다.
名門大学の教授との交流が彼を刺激しました。
・	숯불의 향기가 식욕을 자극한다.
炭火焼きの香りが食欲をそそる。
・	깍두기의 매운 맛이 식욕을 자극한다.
カクテキのピリ辛さが食欲をそそる。
・	주간지 독자들은 매주 새로운 호에서 자극적인 기사를 기대하고 있습니다.
週刊誌の読者は、毎週の新しい号で刺激的な記事を楽しみにしています。
・	돼지갈비를 구우면 고소한 냄새가 퍼져 식욕을 자극합니다.
豚カルビを焼くと、香ばしい匂いが広がって食欲を刺激します。
・	국장님이 보여주는 비전이 직원들에게 자극을 줍니다.
局長が示すビジョンが、職員に刺激を与えます。
・	광인 같은 꿈을 가진 그에게 자극을 받았어요.
気違いのような夢を持つ彼に刺激を受けました。
・	촌뜨기인 자신에게 도시는 자극적입니다.
田舎者の自分にとって、都会は刺激的です。
・	경혈을 자극하면 피로가 풀리는 느낌이 듭니다.
ツボを刺激すると、疲れが取れる感じがします。
・	발바닥 경혈을 자극하면 온몸이 가벼워집니다.
足裏のツボを刺激すると、全身が軽くなります。
・	발 경혈을 자극하는 마사지를 받았어요.
足のツボを刺激するマッサージを受けました。
・	역동적인 환경이 창의성을 자극합니다.
力動的な環境が創造性を刺激します。
・	피부는 외부로부터의 자극이나 세균 등의 감염으로부터 몸을 지켜주는 기관입니다.
皮膚は、外からの刺激や細菌などの感染から体を守ってくれる器官です。
・	뾰루지가 생기면 무리하게 자극하지 않는 것이 중요합니다.
おできができたら、無理に刺激しないことが大切です。
・	동심을 자극하는 이벤트가 개최됩니다.
童心をくすぐるイベントが開催されます。
・	자극이 적은 녹색은 보는 이에게 안정감을 준다.
刺激の少ない緑色は、見る人に安心感を与える。
・	입상하는 선수들을 보고 저도 자극을 받았어요.
入賞する選手たちを見て、自分も刺激を受けました。
・	지적 수준이 높은 사람과의 대화는 자극적입니다.
知的水準が高い人との会話は刺激的です。
・	다재다능한 친구에게서 자극을 받았어요.
多芸多才な友人から刺激を受けました。
・	화백의 예술이 저의 창의력을 자극합니다.
画伯のアートが、私の創造力を刺激します。
・	고추를 사용해서 요리에 자극을 주었습니다.
唐辛子を使って、料理に刺激を加えました。
・	청양고추를 사용한 소스는 매우 자극적입니다.
激辛唐辛子を使ったソースは、非常に刺激的です。
・	점막에 부담을 주지 않도록 자극적인 음식 섭취를 삼가도록 합시다.
粘膜に負担をかけないように、刺激物の摂取を控えましょう。
・	민감한 맨살에는 자극이 적은 스킨 케어를 사용하고 있습니다.
敏感な素肌には、刺激の少ないスキンケアを使用しています。
・	몸은 세균이나 바이러스 등 이물질에 의해 자극을 받았을 때 방어적 반응으로서 염증을 일으킨다.
体は、細菌やウィルスなどの異物によって刺激を受けた際、防御的反応として炎症を引き起こす。
・	때수건은 사용하면 기분 좋은 자극을 줍니다.
あかすりタオルは、使うと心地よい刺激を与えてくれます。","[""import"",""japanese""]",2026-02-22 11:37:06.24266+00,e1848554-ffae-479c-a8cd-4c0d77b7bed2,2026-03-19 15:55:50.007522+00,0,0,0,2026-03-19 15:55:50.007522+00,0,null,null,null,false,null,jp-dev-study-log-next,2026-01-14 15:00:55.306+00,1768402855306,false,null,null,null,"{""tables"":{""1"":{""rows"":[],""columns"":[]}}}",null,[],null,null
67a5e2f9-f68e-4717-98ae-9fd4a8b43112,「渋い（しぶい）」,"출처

[[link:eb23694b-cf1c-4ed6-a58b-93a599cd1ba2]]

상황

西澤由夏홍보영상속 대사

사용예시

若いアナウンサーなのに渋い貝が好き。
젊은아나운서인데도 떫은조개를 좋아한다.

貝（かい）：조개","[""日本語"",""単語"",""youtube"",""abema"",""チャンスの時間"",""西澤由夏""]",2026-02-22 11:37:06.24266+00,e1848554-ffae-479c-a8cd-4c0d77b7bed2,2026-04-18 22:23:59.086352+00,0,2,0,2026-04-18 22:23:59.086352+00,0,null,null,null,false,null,jp-dev-study-log-next,2026-02-03 21:44:28.497+00,1770155068497,false,null,null,null,"{""tables"":{""1"":{""rows"":[],""columns"":[]}}}",[],"[{""id"":""eb23694b-cf1c-4ed6-a58b-93a599cd1ba2"",""url"":""https://youtu.be/PrUY5I8WACg?si=If53A1UFWkjWJxY0"",""image"":""https://img.youtube.com/vi/PrUY5I8WACg/hqdefault.jpg"",""title"":""YouTube Video"",""siteName"":""YouTube"",""description"":null}]",null,null
68799434-c794-475b-83a8-427e1e89f5e3,「ご機嫌（ごきげん）」,"Netflix　Talk Queens　03

「ご機嫌（ごきげん）」とは、「気分」「心の調子」を意味し、「ご機嫌よう」のように相手の健康や様子を気遣う挨拶として使われたり、「ご機嫌斜め（ななめ）」のように機嫌が良くない状態を表したりする言葉です。現代では、特に丁寧な場面や伝統的な学校などで「ご機嫌よう」といった形で使われることが多い、古風で格式のある表現です。 
意味と使い方
気分・心の調子: 「機嫌」に丁寧語の「ご」をつけた形で、人の感情や調子を指します。
挨拶として:
「ご機嫌よう（ごきげんよう）」: 「お元気ですか」「ご機嫌いかがですか」という意味で、出会った時や別れ際に使われる、かしこまった挨拶です。
主に格式高い場面や、特定の学校（白百合学園など）で使われます。
状態を表す:
「ご機嫌がいい」: とても気分が良い状態。
「ご機嫌斜め（ななめ）」: 機嫌が良くない、少し不機嫌な状態。
「機嫌」の別の意味: 物事を行うのに「ちょうど良い時」「時期」という意味もあります（例：「ご機嫌を伺う」）。 
「ご機嫌よう」のニュアンス
もともとは相手の健康や機嫌を祝う気持ちを込めた言葉で、上品な印象を与えます。
日常会話ではあまり使われませんが、フィクション（時代劇、お嬢様キャラなど）や、ごく一部の伝統的な場で聞かれることがあります。 

https://mazii.net/ko-KR/search/word/jako/%E5%BE%A1%E6%A9%9F%E5%AB%8C

◆ ‘機嫌(=기분; 심기(心氣))’의 높임말.

御機嫌斜め
심기가 편치 않음; 저기압

御機嫌を取る
기분을 맞추다

御機嫌伺いに行く
문후[문안 인사]를 드리러 가다

◆ 아주 기분이 좋은 모양.

うまくいって御機嫌な顔
일이 잘되어서 기분 좋은 얼굴

御機嫌になる
기분이 좋아지다

だいぶ御機嫌だ
어지간히 기분이 좋다

◆ 멋지다; 근사하다; (취향에 맞아) 기분 좋게 느껴지다.

御機嫌な曲
근사한 곡

痛快で御機嫌な映画
통쾌하고 시원한 영화","[""import"",""japanese""]",2026-02-22 11:37:06.24266+00,e1848554-ffae-479c-a8cd-4c0d77b7bed2,2026-03-19 15:55:50.007522+00,0,0,0,2026-03-19 15:55:50.007522+00,0,null,null,null,false,null,jp-dev-study-log-next,2026-01-21 01:17:14.418+00,1768958234418,false,null,null,null,"{""tables"":{""1"":{""rows"":[],""columns"":[]}}}",null,[],null,null
692fb0c9-ab5f-4142-920f-5ef1cd54e779,「秘められた（ひめられた）」,"Netflixドラゴンボールタイトル

秘められた力ご飯が赤ん坊だった頃
숨겨진힘 오반이 아직 아기였을때

「秘められた」とは、表に出ないように、または知られないように隠されている状態を指す言葉です (Weblio辞書)。秘密、隠された、内緒の、トップシークレットといった類語があり、人の感情や秘密事項、隠されたストーリーなどを表現する際に用いられます。 
主な特徴と類語
意味: 外部に知られない、秘密にされている。
類語: 秘密の、隠された、内密な、オフレコの、極秘の、秘匿された。
表現例: 秘められた恋、秘められた能力、秘められた過去、秘められた想い。 
隠された事実や奥深い魅力を強調する文脈でよく使われる表現です。","[""import"",""japanese""]",2026-02-22 11:37:06.24266+00,e1848554-ffae-479c-a8cd-4c0d77b7bed2,2026-03-19 15:55:50.007522+00,0,1,0,2026-03-19 15:55:50.007522+00,0,null,null,null,false,null,jp-dev-study-log-next,2026-02-21 10:59:56.897+00,1771671596897,false,null,null,null,"{""tables"":{""1"":{""rows"":[],""columns"":[]}}}",null,[],null,null
697bd34f-b87f-4754-9d99-c50e1470ec46,しょうがない　N2,"Netflix　Talk Queens　07

「しょうがない（仕様がない）」は、どうしようもない、避けられない、仕方がないという意味の日本語です。解決策がない状況や、避けられない運命を受け入れる際に使われ、類語には「仕方がない」「やむを得ない」「致し方ない」などがあります。また、「～てしょうがない」の形で、我慢できないほど感情が強い状態も表します。 
詳細な解説は以下の通りです。
1. 基本的な意味と使い方
「仕方がない」「どうにもならない」: 状況が変えられないことを受け入れるニュアンス。
例：「電車が遅れたのなら、遅刻するのもしょうがない」。
「避けられない」「必然的な」: 運命的なものや不可抗力。
例：「これ以上はしょうがない」。 
2. 関連表現とニュアンスの違い
しょうがない / しようがない: 100%同じ意味で、カジュアルな会話から日常会話まで幅広く使われます。
仕方がない: 「しょうがない」より少し丁寧で、硬い表現。書き言葉や少しフォーマルな場でも使われます。
致し方ない: 最もフォーマルな表現で、ビジネスシーンで使用されます。
やむを得ない: 状況的に避けられないという意味で、「致し方ない」に近い。 
3. 「～てしょうがない」の用法
感情や身体的感覚が抑えられないほど強いことを表します（「～てしかたがない」も同義）。
例：「寒くてしょうがない」。
例：「会いたくてしょうがない」。 
4. 類語
「是非もなし」
「止むを得ない」
「しょうがない」は、ネガティブな状況を「もうこれ以上どうしようもない」と受け入れて、次へ進もうとする日本人特有の受容的な感性を表す言葉としても使われます。

https://nihongo.co.kr/%EF%BD%9E%E3%81%A6%E3%81%97%E3%82%87%E3%81%86%E3%81%8C%E3%81%AA%E3%81%84%E3%83%BB%EF%BD%9E%E3%81%A6%E3%81%97%E3%81%8B%E3%81%9F%E3%81%8C%E3%81%AA%E3%81%84/

【～てしょうがない】

私は会社の飲み会が嫌でしょうがないのですが、上司に誘われたからには行くしかありません。
나는 회사 회식이 싫어 죽겠지만 상사에게 권유 받았기에 갈 수밖에 없습니다. 

日本で地震があったので、日本にいる家族が心配でしかたありません。
일본에서 지진이 있었기 때문에 일본에 있는 가족이 걱정되어 미치겠습니다. 

昨日会った彼女のことが気になってしょうがないです。
어제 만난 그녀가 신경 쓰여 죽겠습니다. 

彼女のいない人生なんて、考がえられない。もう死にたくてしょうがない。
그녀가 없는 인생 따윈 생각할 수 없다. 죽고 싶어 죽겠다. 

最近、ちょっと疲れているのかな？眠くて眠くてしょうがない。
요즘 좀 피곤한 건가? 졸려 미치겠다. 

今日はなんだかカレーが食べたくてしょうがない。
오늘은 왠지 카레가 먹고 싶어 못 참겠다. 

あれ、風邪をひいたかな？なんだか寒くてしょうがない。熱でも測ってみるか。
어? 감기 걸린 건가? 추워 미치겠어. 열이라도 재 볼까?

【～てしかたがない】

祖父は今年生まれた孫がかわいくてしかたがないようだ。
할아버지는 올해 태어난 손주가 귀여워서 어쩔 줄 모르겠는 것 같다. 

最近は暇で暇でしかたがない。
요즘 한가해 미치겠다. 

先日受けた試験の結果が気になってしかたがない。
얼마전 치른 시험결과가 걱정돼 미치겠다. 

昨日の試合、頑張ったのに負けてしまって、悔しくてしかたがない。
어제시합 열심히 했는데 져버려서 분해 죽겠다. 

月曜日は会社に出勤するのがめんどくさくてしかたがない。
월요일은 회사에 출근하는 게 귀찮아 죽겠다.","[""import"",""japanese""]",2026-02-22 11:37:06.24266+00,e1848554-ffae-479c-a8cd-4c0d77b7bed2,2026-03-19 15:55:50.007522+00,0,0,0,2026-03-19 15:55:50.007522+00,0,null,null,null,false,null,jp-dev-study-log-next,2026-01-24 14:23:26.678+00,1769264606678,false,null,null,null,"{""tables"":{""1"":{""rows"":[],""columns"":[]}}}",null,[],null,null
6a525c5d-a4d2-4a8d-a05a-588b7a8ce6e6,「しびれ（痺れ）」,"「しびれ（痺れ）」とは、感覚が鈍くなったり（触覚・痛み・温度を感じにくい）、ピリピリ・ジンジンするような異常な感覚が生じたり、手足に力が入らなくなったりする状態を指し、脳・脊髄・末梢神経の障害、血行不良、栄養不足（ビタミンB群など）、骨格の異常（頚椎症、椎間板ヘルニアなど）など、原因は多岐にわたり、脳卒中などの緊急性の高い病気のサインである場合もあるため、注意が必要です。 
主な「しびれ」の種類と原因
感覚の低下・異常感覚: 触っても鈍い、ピリピリする、針で刺されるような感じなど。
運動麻痺: 手足に力が入らない、動きにくいなど。
原因の部位:
脳・脊髄（中枢神経）: 脳梗塞、脳出血、脊髄の病気など。急激な片側性のしびれは注意。
末梢神経: 手足の神経が圧迫されたり（手根管症候群など）、障害されたりする場合。
骨格・循環: 頚椎や腰椎の神経圧迫（加齢による変化も含む）、動脈硬化による血流不足。
栄養不足: ビタミンB群の不足。 
どんな時に注意が必要か（受診の目安）
急に症状が出た: 特に体の片側（顔、手足など）に現れた場合（脳卒中などの疑い）。
徐々に範囲が広がっていく、別の部位にも出る: 慢性的な病気のサインの可能性。
筋力低下を伴う: 感覚障害と筋力低下が同時に起こる場合。
放置できない感覚: 自分でしか分からない感覚（しびれ）は、周囲に伝わりにくく評価が難しいため、早めの医療機関受診が推奨されます。 
どんな病院を受診すべきか
脳や神経に関わる症状の可能性があるため、まずは脳神経外科や神経内科を受診することが望ましいです。 
「しびれ」は様々な病気が隠れているサインなので、自己判断せず、専門医の診断を受けることが大切です。","[""import"",""japanese""]",2026-02-22 11:37:06.24266+00,e1848554-ffae-479c-a8cd-4c0d77b7bed2,2026-06-22 22:59:38.67221+00,0,1,0,2026-06-22 22:59:38.67221+00,0,null,null,null,false,null,jp-dev-study-log-next,2026-01-07 03:16:45+00,1767755805000,false,null,null,null,"{""tables"":{""1"":{""rows"":[],""columns"":[]}}}",null,[],null,null
6a900e49-4e2c-43b9-8c75-5b978424c12d,脈絡（みゃくらく）,"https://mazii.net/ko-KR/search/word/jako/%E3%81%BF%E3%82%83%E3%81%8F%E3%82%89%E3%81%8F

◆ 맥락.
◆ 혈맥; 혈관.

脈絡膜
맥락막.

◆ 연관; 연결; 관련.

脈絡のない文章
문맥이 통하지 않는 문장

前後の脈絡
앞뒤의 연관

両者の間には脈絡が認められない
양자 사이에는 관련성을 찾아볼 수 없다

https://www.kpedia.jp/w/41883

「脈絡」の韓国語「맥락」を使った例文

・이야기에 맥락이 없다.
話に脈絡がない

・전후의 맥락을 살펴보면 공무원의 직무유기라는 점에는 변명의 여지가 없어 보인다.
前後の脈絡をみると、公務員の職務放棄という点には弁解の余地がなさそうにみえる。

・학술 논문에서 연표를 사용하여 역사의 맥락을 설명한다.
学術論文で年表を使用し、歴史の脈絡を説明する。

・그 표현은 이 맥락에서 조금 이상해.
その表現はこの文脈では少し変だ。","[""import"",""japanese""]",2026-02-22 11:37:06.24266+00,e1848554-ffae-479c-a8cd-4c0d77b7bed2,2026-03-19 15:55:50.007522+00,0,0,0,2026-03-19 15:55:50.007522+00,0,null,null,null,false,null,jp-dev-study-log-next,2026-01-16 06:43:34.667+00,1768545814667,false,null,null,null,"{""tables"":{""1"":{""rows"":[],""columns"":[]}}}",null,[],null,null
6dc650fe-1e02-48ab-a118-08fd8f768cbd,「代わりに（かわりに）」,"https://www.youtube.com/watch?v=UX2xgEVJUPE

「代わりに（かわりに）」は、「ある役割や機能ができないときに、別のものや人がその役割を果たす」ことや、「ある事柄の代償や条件として、別の事柄が起こる」状況を表す言葉で、英語の""instead of""や""in place of""に相当し、代理・代替（例：課長の代わりに私が参加する）や、トレードオフ・交換条件（例：安い代わりに交通が不便）の意味で使われます。 
主な意味と使い方
代理・代替（Aの代わりにBをする/BがAの役割を果たす）
人や物が欠けたときに、その役割を引き継ぐ。
例: 「部長が急用で出張に行けないので、私が部長の代わりに行きます。」
例: 「ネギを切るときは包丁の代わりにハサミを使ってもいいですよ。」
トレードオフ・交換条件（～の代わりに～）
プラス面とマイナス面が表裏一体の関係にあることを示す。
例: 「この家は家賃が安い代わりに、交通が不便だ。」
例: 「彼は語学が上手な代わりに、数学が苦手だ。」 
似た表現との違い
「代わり（かわり）」と「替わり（かわり）」:
代わり: 役割や位置の交代（代理・代替）。
替わり: 新しいものへの交換・更新（交換・変更）。
「〜に代わって（〜にかわって）」: 「〜の代わりに」とほぼ同じで、主に人や組織の代理（「〜に代わって、私が責任を取る」など）で使われます。 
接続のルール
動詞: 辞書形（例：行く代わりに）。
名詞: 「の」を付けて（例：課長の代わりに）。
な形容詞: 「な」を付けて（例：便利な代わりに）。 
まとめ
「代わりに」は、状況に応じて「代理」や「交換条件」のニュアンスで使われ、柔軟なコミュニケーションを可能にする便利な表現です。

https://mazii.net/ko-KR/search/word/jako/%E4%BB%A3%E3%82%8F%E3%82%8A%E3%81%AB

◆ 그 대신(에).

代わりにこれをあげよう
그 대신에 이것을 줄게

https://www.kpedia.jp/w/37979

「代わりに」の韓国語「대신에」を使った例文

・이 전화는 고장입니다. 대신에 이 전화를 사용하세요.
その電話は故障中です。代わりにこの電話を使ってください。

・나 대신에 니가 가라.
僕の代わりに君が行って。

・일요일 출근하는 대신에, 내일은 쉬게 해 주세요.
日曜日出勤するかわりに、明日は休ませてください。

・볼링 대신에 탁구를 쳤어.﻿
ボーリングの代わりに卓球をした。﻿

・도태되는 대신에 시장 변화에 빠르게 대응해야 한다.
淘汰される代わりに市場の変化に素早く対応しなければならない。

・몽둥이 대신에 방망이를 사용해야 한다고 말했다.
棒の代わりにバットを使うべきだと言った。

・마요네즈 대신에 요거트를 사용하는 경우도 있다.
マヨネーズの代わりにヨーグルトを使うこともある。

・독이 없는 대신에 다른 뱀보다 굵은 몸으로 조여 먹이를 질식하게 한다.
毒がない代わりに、他のヘビよりも太い体で締めつけて餌を窒息させる。

・에코백은 비닐봉투 대신에 장볼 때 사용하는 가방을 말합니다.
エコバッグはレジ袋の代わりに買い物に使用するバッグをいいます。

・버스를 타는 대신에 걸어서 귀가했다.
バスに乗る代わりに歩いて帰宅した。

・대수학은 숫자 대신에 문자를 사용해, 계산의 법칙・방정식의 해법 등을 주로 연구하는 수학의 일부분입니다.
代数学は数の代わりに文字を用い、計算の法則・方程式の解法などを主に研究する数学の一分野です。

・돈 대신에 몸으로 때우다.
金のかわりに体で償う。

・청소를 돕는 대신에 용돈을 받았다.
掃除を手伝う代わりにお小遣いをもらった。","[""import"",""japanese""]",2026-02-22 11:37:06.24266+00,e1848554-ffae-479c-a8cd-4c0d77b7bed2,2026-03-19 15:55:50.007522+00,0,0,0,2026-03-19 15:55:50.007522+00,0,null,null,null,false,null,jp-dev-study-log-next,2026-01-20 16:30:07.102+00,1768926607102,false,null,null,null,"{""tables"":{""1"":{""rows"":[],""columns"":[]}}}",null,[],null,null
6e24a637-dae3-4ff9-9ddc-9295d9a0f9b4,「向き合い（むきあう）」,"「向き合い（むきあう）」とは、対象や問題、自分自身に正面から対面し、真剣に対処・対峙することを指します。単に「対面する」だけでなく、「真摯に向き合う」「自分と向き合う」のように、真剣な態度や深い内省を伴うニュアンスで使われ、問題解決や自己理解のために重要視されます。 
主な意味と使い方
「向き合う」動詞の連用形（名詞化した形）：名詞として「向き合い」と使われます。
物理的な対面：人と人、人と物事が正対する状態。「テーブルに向かい合って座る」など。
精神的な対峙・内省：
問題や課題に：真剣に、誠実に取り組む。「課題に真摯に向き合う」。
自分自身に：自分の本心、願望、弱点などを深く見つめ直す。「自分と向き合う時間を持つ」。 
類語・言い換え
対峙する、立ち向かう、正対する。
真摯に取り組む、誠実に向き合う、本気で取り組む（「真摯に向き合う」の場合）。 
「自分と向き合う」ことのポイント
環境：静かで集中できる場所を選ぶ（自室、旅先など）。
態度：出てきた感情や考えを否定せず、そのまま受け止める。
方法：一人で深く考えるだけでなく、信頼できる人と話すことも有効。 
このように、「向き合い」は、対象を真剣に捉え、主体的に関わろうとする姿勢を表す言葉です。","[""import"",""japanese""]",2026-02-22 11:37:06.24266+00,e1848554-ffae-479c-a8cd-4c0d77b7bed2,2026-03-19 15:55:50.007522+00,0,0,0,2026-03-19 15:55:50.007522+00,0,null,null,null,false,null,jp-dev-study-log-next,2026-01-12 11:50:23.193+00,1768218623193,false,null,null,null,"{""tables"":{""1"":{""rows"":[],""columns"":[]}}}",null,[],null,null
6f51493a-d681-44c2-a3a0-d60e592fc9a4,「絡み合い（からみあい）」,"https://youtu.be/JJbyZ3hoENw?si=GrpGWy_6-CJAW9KU

そしてその二人はお姫様に内緒でだんだん絡み合いました

「絡み合い（からみあい）」は、複数の物体や事象が互いにもつれ合う、あるいは密接に関係し合う状態を指す言葉です。紐などの物理的な絡まり、複雑な人間関係、絡み合う感情、または物理的な「entanglement」などの文脈で使われます。 
主な意味・用途:
物理的なもつれ: 紐や枝などが互いに巻き付くこと。
関係・状況: 複雑な要因が絡み合うこと。
心理・情景: 感情や思いが交錯すること。 
類語には、「縺れ合い」「絡まり合い」「交錯」などがあります。 

https://mazii.net/ko-KR/search/word/jako/%E7%B5%A1%E3%81%BF%E5%90%88%E3%81%84

◆ 서로 얽히다[엉키다]; 뒤얽히다.

糸が絡み合う
실이 엉키다

男女の関係が複雑に絡み合う
남녀의 관계가 복잡하게 얽히다

絡み合って倒れる
뒤엉기어 쓰러지다.","[""import"",""japanese""]",2026-02-22 11:37:06.24266+00,e1848554-ffae-479c-a8cd-4c0d77b7bed2,2026-03-24 18:40:15.34215+00,0,1,0,2026-03-24 18:40:15.34215+00,0,null,null,null,false,null,jp-dev-study-log-next,2026-02-07 11:58:04.25+00,1770465484250,false,null,null,null,"{""tables"":{""1"":{""rows"":[],""columns"":[]}}}",null,[],null,null
71a1db1c-648c-4e88-b870-6474465a4c00,「気取り」,"「気取り」とは、必要以上に体裁を飾ったり、実際よりも偉そうに見せたりする、もったいぶった振る舞いのこと ウィクショナリー。すかした態度や見栄を張る様子を指し、否定的なニュアンスで使われることが多い。名詞としては、気性や心構え、様子という意味も持つ コトバンク。 
主な意味と使い方
すかした態度・見栄: 実際以上によく見せようとする様子。「気取り屋」「気取った店」など Weblio類語辞典。
～気取り: 名詞の下について、その人物らしく振る舞っている（が、そうではない）様子を表す。「芸術家気取り」「先輩気取り」 コトバンク。 
類語・関連語
見栄、虚栄心、飾り気 Weblio類語辞典。
お高くとまる、すかす、もったいぶる。

◆ 젠체함.

気取り屋
젠체하는 사람

変な気取りがない
별다르게 젠체하는 데가 없다

気取りが少しもない
거드름 피우는 데가 조금도 없다

◆ (짐짓) …체함[연함]; 자처(自處)함.

芸術家[学者]気取り

예술가[학자]연함
◆ 기질; 마음씨; 성격.
◆ 취향; 궁리.
◆ 상태; 느낌.","[""import"",""japanese""]",2026-02-22 11:37:06.24266+00,e1848554-ffae-479c-a8cd-4c0d77b7bed2,2026-03-19 15:55:50.007522+00,0,0,0,2026-03-19 15:55:50.007522+00,0,null,null,null,false,null,jp-dev-study-log-next,2026-01-24 03:17:57.999+00,1769224677999,false,null,null,null,"{""tables"":{""1"":{""rows"":[],""columns"":[]}}}",null,[],null,null
728df3dd-19d6-4d3b-91b0-80b34c1ede29,「手薄（てうす）になった」,"출처

[[link:b519250a-b97d-460c-ab17-b8a03e8667c6]]

상황

ラパルフェ와 二瓶有価가 VIVANT연기를 예능식으로 풀어낸상황

사용예시

つまり国境の警備は手薄になっている。
결국엔 국경의 경비가 허술해졌다.","[""日本語"",""単語"",""youtube"",""ノブロックtv"",""二瓶有価"",""ラパルフェ""]",2026-02-22 11:37:06.24266+00,e1848554-ffae-479c-a8cd-4c0d77b7bed2,2026-04-25 19:00:37.428035+00,0,1,0,2026-04-25 19:00:37.428035+00,0,null,null,null,false,null,jp-dev-study-log-next,2026-02-03 19:35:09.849+00,1770147309849,false,null,null,null,"{""tables"":{""1"":{""rows"":[],""columns"":[]}}}",[],"[{""id"":""b519250a-b97d-460c-ab17-b8a03e8667c6"",""url"":""https://youtu.be/_kp2NeaJsCc?si=YkLKXjQA7w5QCnZA"",""image"":""https://img.youtube.com/vi/_kp2NeaJsCc/hqdefault.jpg"",""title"":""YouTube Video"",""siteName"":""YouTube"",""description"":null}]",null,null
72bd350e-dfea-420a-bf08-d5009df7ff71,生しらす,"https://youtu.be/1yAAeWj2ch8?si=xAyfHwXk8aOx22eo

生しらすは、カタクチイワシ等の稚魚を水揚げ直後に急速冷凍・出荷した、プリプリの食感とほのかな苦味が特徴の逸品。新鮮なものは生姜醤油や酢みそで食べるのが定番で、産地直送の冷凍品や通販でも人気。賞味期限が非常に短いため、解凍後はすぐに食べるのが鉄則。 
特徴と魅力
食感と味: プリプリとした食感と、苦味が混ざる爽やかな海の味。
旬と産地: 3〜10月が旬（特に春〜秋）で、静岡（駿河湾）、淡路島、鎌倉などが有名。
栄養: カルシウム、ビタミンD、鉄分などが豊富。 
食べ方・保存
定番料理: 生しらす丼、お刺身、ポン酢和え、軍艦巻き。
保存法: 冷凍で1ヶ月程度、解凍後は当日中。
下処理: 新鮮なものはそのまま食べられるが、気になる場合は冷水でさっと洗う。 
注意点
鮮度: アジ（味）が落ちやすく、新鮮でないと苦味や臭みが出やすい。
安全性: 寄生虫（アニサキス）のリスクがあるため、生の魚介類と同様に注意が必要。 
冷凍技術の向上により、現在は淡路島や静岡の最高鮮度の生しらすをネット通販で楽しむことができる。","[""import"",""japanese""]",2026-02-22 11:37:06.24266+00,e1848554-ffae-479c-a8cd-4c0d77b7bed2,2026-03-19 15:55:50.007522+00,0,0,0,2026-03-19 15:55:50.007522+00,0,null,null,null,false,null,jp-dev-study-log-next,2026-02-01 13:55:13.36+00,1769954113360,false,null,null,null,"{""tables"":{""1"":{""rows"":[],""columns"":[]}}}",null,[],null,null
7322400c-a387-4799-8ee0-c457a4110152,「定まる（さだまる）」,"https://youtu.be/RMMvLILnGRU?si=WAymuA048hsDS3vZ

「定まる（さだまる）」とは、物事の方向や状態が最終的に決まること、または落ち着いて安定することを意味し、「決まる」「落ち着く」「明確になる」「安定する」「静まる」といったニュアンスで使われます。例えば、「方針が定まる」「心が定まる」「評価が定まる」「天候が定まる」のように使われ、未確定な状態から一定の形になる過程や結果を表す言葉です。 
主な意味と例文
決まる・決定する:
「今後の計画が定まる（決まる）。」
「運命が定まる（決定される）。」
明確になる・はっきりする:
「話の焦点が定まる（はっきりする）。」
落ち着く・安定する:
「評価が定まる（安定する）。」
「心が定まる（落ち着く）。」
治まる・静まる:
「天候が定まる（静まる）。」 
類語
決まる、決する、まとまる、確定する、落ち着く、固まる 
使い方（「～が定まる」）
主体が未定だったものが決まる: 計画、方針、値段など。
精神状態が落ち着く: 心、気持ちなど。
状況が安定する: 評価、収入、天候など。

◆ 정해지다.
◆ 결정되다; 제정되다, 확정되다.

制度が定まる
제도가 정해지다

国の運命が定まる
나라의 운명이 결정되다

態度が定まる
태도가 결정되다[정해지다]

◆ 일정해지다.

定まった方法
일정한 방법

定まった収入がない
일정한 수입이 없다

◆ 안정되다; 가라앉다.

天気[天候]が定まる
날씨가 안정되다

風が定まる
바람이 가라앉다[자다]

反乱が定まる
반란이 가라앉다[진압되다]

◆ (고요히) 잠들다.

深夜、人定まって
깊은 밤 사람들이 고요히 잠들고

https://mazii.net/ko-KR/search/word/jako/%E5%AE%9A%E3%81%BE%E3%82%8B","[""import"",""japanese""]",2026-02-22 11:37:06.24266+00,e1848554-ffae-479c-a8cd-4c0d77b7bed2,2026-03-19 15:55:50.007522+00,0,0,0,2026-03-19 15:55:50.007522+00,0,null,null,null,false,null,jp-dev-study-log-next,2026-01-04 02:34:41.862+00,1767494081862,false,null,null,null,"{""tables"":{""1"":{""rows"":[],""columns"":[]}}}",null,[],null,null
73e0f335-18a5-424b-8666-8fc59e45d533,「図る（はかる）」,"https://youtu.be/dHVuhGxpixo?si=5arPxaywud8tItbZ

「図る（はかる）」とは、ある目的を達成するために計画を立て、工夫し、実現させようと試みるという意味で、ビジネスや日常で広く使われる言葉です。「効率化を図る」「再起を図る」のように、単なる願望ではなく、具体的な手段を講じるニュアンスがあります。 
主な意味と使い方
計画・工夫する: ある目標（解決、改善、成功など）に向けて、手段や方法を考え、実行する。
例：「業務の改善を図る」「円滑な運営を図る」
試みる・企てる: 何らかの行動を起こして、目的の実現を目指す。
例：「成功を図る」「危機を脱する策を図る」
配慮・便宜を供する: 他人のために、便宜を図る（便宜を図る、世話を焼くような場合）。
例：「お客様の便宜を図る」 
類語との違い（「はかる」の他の漢字）
計る（はかる）: 時間や数量を数える、計算する（時間を計る、株価を計る）。
測る（はかる）: 長さ、深さ、温度などを調べる（身長を測る、水温を測る）。
量る（はかる）: 重さや体積を調べる（体重を量る、米を量る）。
謀る（はかる）: 悪いことを企む、画策する（大臣の失脚を謀る、会社の乗っ取りを謀る）。 
「図る」は、目的達成への積極的な意志と戦略的なアプローチを示す、ポジティブで前向きな表現として使われます。

◆ 생각하다.

図らずも
뜻하지 않게

あに図らんや
어찌 생각이나 했으랴

◆ 목적하다; 노리다.

再起を図る選手
재기를 노리는 선수

利益を図る
이익을 노리다

◆ 계획하다; 꾀하다; 도모하다.

独立を図る
독립을 꾀하다

便宜を図る
편의를 도모하다

完璧な証拠隠滅を図った
완벽한 증거 인멸을 꾀했다

https://mazii.net/ko-KR/search/word/jako/%E3%81%AF%E3%81%8B%E3%82%8B","[""import"",""japanese""]",2026-02-22 11:37:06.24266+00,e1848554-ffae-479c-a8cd-4c0d77b7bed2,2026-03-19 15:55:50.007522+00,0,0,0,2026-03-19 15:55:50.007522+00,0,null,null,null,false,null,jp-dev-study-log-next,2026-01-04 00:17:28.775+00,1767485848775,false,null,null,null,"{""tables"":{""1"":{""rows"":[],""columns"":[]}}}",null,[],null,null
74908a02-e46d-45a9-9e1f-19502f8625cd,「あまり」（あまりに）N2．（あまり～ない）N1,"「あまり」は、程度が低い（～ない）ことを表す副詞で否定文と使われることが多いですが（例：あまり美味しくない）、程度が甚だしいことを表し、その結果「～（して）しまった」という強い感情や状態を示す用法もあります（例：嬉しさのあまり泣いた）。口語では「あんまり」とも言います。 
主な用法
程度が低い（～ない）
「あまり～ない」の形で使い、「それほど～ではない」「たいして～ない」という意味になります。
例：あまり時間がありません（そんなに時間がない）。
例：あまり勉強しませんでした（あまり勉強しなかった）。
程度が甚だしい（～すぎる）
名詞や動詞（連体形）の後ろに「～のあまり」と付き、「～という気持ちや状態が非常に強すぎて、普通ではないことになった」という結果を表します。
例：喜びのあまり、叫んでしまった。
例：悲しみのあまり、何も言えなかった。 
まとめ
「あまり＋否定」: 程度が低い、多くない（例：あまり寒くない）
「〜のあまり＋動詞」: 程度が非常に大きく、～してしまう（例：驚きのあまり、固まった）
どちらの用法も、文脈によって判断する必要があります。 

https://nihongo.co.kr/%EF%BD%9E%E3%81%82%E3%81%BE%E3%82%8A%E3%81%AB/

N2：あまりに

【명사, 동사의 명사형, 형용사의 명사형】

みんなの前で発表する時とき、前に立ったら緊張のあまり頭が真っ白になってしまった。
모두의 앞에서 발표를 할 때, 앞에 섰더니 긴장한 나머지 머리가 새하얘져 버렸다.

大学に合格したことを知って、嬉しさのあまり泣いてしまいました。
대학에 합격한 것을 알고 기쁜 나머지 울어버렸습니다.

私は驚きのあまり、声も出なかった。
나는 놀란 나머지 목소리가 안 나왔다.

私は緊張のあまり、上手にプレゼンができなかった。
나는 긴장한 나머지 프레젠테이션을 잘 할 수 없었다.

父が亡くなった悲しみのあまり、ここ何日か食事がのども通らない。
아빠가 돌아가셔서 슬픈 나머지 요 며칠인가 음식이 목에 안 넘어간다.

海外に留学したいと言って留学に来たらさびしさのあまりさんざん、当時は国の友達に毎日電話してしまっていた。
해외에서 유학하고 싶다고 해서 유학하러 왔지만 막상 해외에 왔더니 쓸쓸한 나머지 당시는 본국의 친구들에게 매일 전화해버렸다.

鈴木さんは美人なあまり、つい目がいってしまう。
스즈키씨는 아름다운 나머지 나도 모르게 눈이 가버린다.

偶然、空港で芸能人を見みましたが、ハンサムなあまり、見とれてしまいました。
우연히 공항에서 연예인을 봤습니다만 너무 잘생긴 나머지 넋 놓고 봐 버렸습니다.

お化け屋敷に入った彼女は、恐怖のあまり倒れてしまった。
귀신의 집에 들어간 그녀는 심한 공포로 쓰러져버렸다.

【동사】

テストで一つ一つの問題を考がえすぎたあまり、時間が足りず最後までできなかった。
시험에서 하나하나 문제를 너무 생각한 나머지 시간이 부족해서 마지막까지 못했다.

あの選手は失敗を恐れるあまり、積極的なプレーができなくなっているように見えますね。
저 선수는 실패를 겁낸 나머지 적극적인 플레이가 안되는 것처럼 보이네요.

山田さんは無理をしすぎたあまり、入院してしまった。
야마다씨는 무리를 너무 한 나머지 입원해버렸다.

https://ena-nihongo.tistory.com/entry/%EC%9D%BC%EB%B3%B8%EC%96%B4N3%EB%AC%B8%EB%B2%95-%E3%81%82%E3%81%BE%E3%82%8A%EF%BD%9E%E3%81%AA%E3%81%84%EF%BC%8F%E3%81%82%E3%82%93%E3%81%BE%E3%82%8A%EF%BD%9E%E3%81%AA%E3%81%84#google_vignette

あまり～ない：N3

最近の曲は正直あまり好きじゃない。
요즘노래는 솔직히 별로 안좋아해

スマホケースはあまり遊んだことがない。
스마트폰게임은 별로 놀아본적이없다

下品な言葉は私はあまり使わないようにしている。
상스러운 말은 나는 잘 쓰지않으려고 하고있다

今あまりお金のない状況だから満足に買い物も出来ない。
지금 돈이 별로 없는 상황이라서 만족스럽게 쇼핑도 할수없어

猫パンチじゃあまり痛くない。
고양이펀치는 별로 아프지않다

パソコンの性能があまりよくないのですぐ重くなる。
컴퓨터 성능이 별로 좋지않아서 금방 무거워진다

なんか体調があまり良くない。
뭔가 컨디션이 별로 좋지않다

あまり勝算がないが、やるしかない。
별로 승산은없지만 할수밖에없다","[""import"",""japanese""]",2026-02-22 11:37:06.24266+00,e1848554-ffae-479c-a8cd-4c0d77b7bed2,2026-03-19 15:55:50.007522+00,0,0,0,2026-03-19 15:55:50.007522+00,0,null,null,null,false,null,jp-dev-study-log-next,2026-01-22 15:33:55.554+00,1769096035554,false,null,null,null,"{""tables"":{""1"":{""rows"":[],""columns"":[]}}}",null,[],null,null
757042ca-5148-4409-bf30-49f61a1dced5,「ついに」,"「ついに」は、長い時間や努力の末に、待ち望んでいたことや予想していたことが最終的に実現する、またはその状態が続く様子を表す言葉です。「とうとう」「やっと」「いよいよ」などと似ていますが、「ついに」は、その実現への期待感や感動、達成感を強く含み、「ついに優勝を果たした」「ついに完成した」のようにポジティブにもネガティブにも使われ、「ついに現れなかった」のように打消しで使われることもあります。 
「ついに」のニュアンス
長く待ち望んだ結果の実現: 長い間、期待して待っていたことが「今、まさに」起こったという気持ち。
集大成・集約: いろいろなことが積み重なって、一つの最終的な結果に達した感じ。
ポジティブ・ネガティブ両方: 「ついに勝った！」（喜び）から「ついに諦めた」（落胆）まで、幅広い文脈で使える。 
類語との違い（例）
やっと: 苦労して目標を達成した喜びや安堵感。
とうとう: いつか来る時が来たという実感、過程に焦点。結果は良くも悪くも。
いよいよ: 期待感が高まり、まさにその時が来たという「これから」のニュアンスが強い。 
例文
「長い研究の末、ついに新薬が開発された。」（期待と達成感）
「待ちに待った旅行。ついに今日、出発だ！」（興奮、待ち望んだ瞬間）
「散々待ったが、彼はついに現れなかった。」（落胆、期待が裏切られた） 
「ついに」は、英語の ""finally"" や ""at last"" に近いですが、文脈によって「とうとう」「結局」といった意味合いも持ち、日本語の豊かな表現の一つです。

https://mazii.net/ko-KR/search/word/jako/%E3%81%A4%E3%81%84%E3%81%AB

◆ 드디어; 마침내; 결국.

遂に夢が叶う
드디어 꿈이 이루어지다

遂に完成を見た
드디어 완성을 봤다

遂に優勝をつかんだ
마침내 우승을 거머쥐었다

◆ (부정(否定)하는 말이 따라서) 최후까지; 끝끝내; 끝까지; 종내(終乃); 한 번도.

遂に現われなかった
끝내 나타나지 않았다

遂に口を利かなかった
끝끝내 말을 하지 않았다

遂に帰って来なかった
끝내 돌아오지 않았다","[""import"",""japanese""]",2026-02-22 11:37:06.24266+00,e1848554-ffae-479c-a8cd-4c0d77b7bed2,2026-03-19 15:55:50.007522+00,0,0,0,2026-03-19 15:55:50.007522+00,0,null,null,null,false,null,jp-dev-study-log-next,2026-01-10 06:01:23.261+00,1768024883261,false,null,null,null,"{""tables"":{""1"":{""rows"":[],""columns"":[]}}}",null,[],null,null
759eda2f-2abc-402a-a734-3df6aa5ada73,「駆け上がる（かけあがる）」,"Netflix　Talk Queens　03

「駆け上がる（かけあがる）」とは、走るようにして坂や階段などを勢いよく登っていくこと、または急速に地位や名声を高めていくことを指し、「上り詰める」「のし上がる」といった意味合いもありますが、基本は「走って上がる」という動作の表現で、「階段を駆け上がる」「坂道を駆け上がる」のように使われます。 
意味と使い方
物理的に勢いよく登る:
例：「彼は息を切らしながら階段を駆け上がった。」（run up the stairs）
例：「丘の頂上まで一気に駆け上がる。」（run up to the top of a hill）
比喩的に地位や名声を急速に高める:
例：「若手俳優が人気番組で駆け上がった。」（rapidly gained fame）
類語：「のし上がる」「台頭する」「急成長する」など。 
類語
物理的なもの: 駆けのぼる、走って上がる、這い上がる、よじ登る。
比喩的なもの: のし上がる、台頭する、急伸する、頭角を現す。 
英語での表現例
run up (the stairs, a hill)
dash up (the stairs)
storm up (the stairs, to the stage)

https://mazii.net/ko-KR/search/word/jako/%E9%A7%86%E3%81%91%E4%B8%8A%E3%81%8C%E3%82%8B

◆ 뛰어 올라가다.

階段を駆上 がる
계단을 뛰어 올라가다.","[""import"",""japanese""]",2026-02-22 11:37:06.24266+00,e1848554-ffae-479c-a8cd-4c0d77b7bed2,2026-03-19 15:55:50.007522+00,0,0,0,2026-03-19 15:55:50.007522+00,0,null,null,null,false,null,jp-dev-study-log-next,2026-01-21 00:55:33.654+00,1768956933654,false,null,null,null,"{""tables"":{""1"":{""rows"":[],""columns"":[]}}}",null,[],null,null
76583999-3e79-4e55-9918-90da9ca98b20,const / let 때문에 CRUD에서 터지는 이유 정리 (실전 기록용),"✅ const / let 때문에 CRUD에서 터지는 이유 정리 (실전 기록용)
1) 문제 상황 요약

전역에 아래처럼 선언했다:

const items = [];


그리고 CRUD 기능을 만들던 중:

edit()는 정상 동작

delete()는 실행 시 에러 발생

에러 메시지:

Uncaught TypeError: Assignment to constant variable.

2) 에러 메시지 뜻 (결론)

Assignment to constant variable의 의미는 단 하나임.

const로 선언한 변수에 “재할당(reassign)”을 시도했을 때 발생하는 에러

즉, 아래 같은 코드가 실행되었다는 뜻이다:

items = something; // ❌ const 변수에 재할당 → 에러

3) 왜 edit에서는 const가 문제 없었나?

edit()에서 사용한 형태는 보통 이런 구조였다:

const it = items.find((x) => x.id === id);


✅ 이 코드는 items에 재할당하는 게 아니라

items에서 데이터를 찾아서

그 결과를 it라는 새 변수에 저장하는 것

즉,

const items는 그대로 유지

const it는 edit 함수 안에서만 쓰는 “지역 변수”라 OK

📌 핵심:

const it = ... 는 새 변수를 만드는 것이라 문제 없음.

4) 왜 delete에서는 터졌나? (진짜 원인)

delete 함수에서는 이런 패턴이 들어갔을 가능성이 높다:

items = items.filter((x) => x.id !== id);


이 코드의 의미는:

filter()는 기존 배열을 수정하지 않고,

새 배열을 만들어서 반환

그 새 배열을 items에 다시 넣으려 함 (재할당)

그런데 items가 const였기 때문에

❌ 재할당 불가능 → 에러 발생

📌 핵심:

items = ... 같은 재할당 코드가 들어가면
items는 let이어야 함.

5) const는 언제 문제이고, 언제 문제 아닌가?
✅ const로 선언해도 가능한 것 (내용 수정)
const items = [];

items.push(newItem);         // ✅ 가능
items.splice(index, 1);      // ✅ 가능
items[index].title = ""A"";    // ✅ 가능
items.length = 0;            // ✅ 가능

❌ const로 선언하면 불가능한 것 (재할당)
const items = [];

items = [];                  // ❌ 불가능
items = items.filter(...);   // ❌ 불가능
items = items.map(...);      // ❌ 불가능


📌 정리:

const는 “내용 변경 가능”
대신 “변수 자체를 다른 값으로 갈아끼우기(재할당)”는 불가능

6) 해결 방법 정리
✅ 해결 방법 A) 재할당을 할 거면 let 사용 (가장 간단/명확)
let items = [];

function deleteItem(id) {
  items = items.filter((x) => x.id !== id); // ✅ OK
}

✅ 해결 방법 B) const 유지 + 배열 내부만 수정하는 방식
const items = [];

function deleteItem(id) {
  const index = items.findIndex((x) => x.id === id);
  if (index !== -1) items.splice(index, 1); // ✅ OK
}

7) 실전 CRUD 패턴 정리 (외워두면 좋음)
✅ Create
items.push(newItem); // const여도 가능

✅ Read
const it = items.find(...); // 읽기라서 const 사용 OK

✅ Update (2가지 방식)
A) 재할당 방식 (let 필요)
items = items.map(...);

B) 내부 변경 방식 (const 유지 가능)
const it = items.find(...);
it.title = ""new"";

✅ Delete (2가지 방식)
A) 재할당 방식 (let 필요)
items = items.filter(...);

B) 내부 삭제 방식 (const 유지 가능)
items.splice(index, 1);

✅ 최종 한 줄 결론

edit는 “새 const 변수를 선언해서 사용”했기 때문에 괜찮았고
delete는 “const items에 재할당”했기 때문에 에러가 난 것이다.","[""import"",""coding""]",2026-02-22 11:37:06.24266+00,e1848554-ffae-479c-a8cd-4c0d77b7bed2,2026-03-19 15:55:50.007522+00,0,0,0,2026-03-19 15:55:50.007522+00,0,null,null,null,false,null,jp-dev-study-log-next,2026-01-10 09:48:07.004+00,1768038487004,false,null,null,null,"{""tables"":{""1"":{""rows"":[],""columns"":[]}}}",null,[],null,null
775f572d-7d97-4977-be9e-2b9105c8aa5c,「媚びる（こびる）」,"「媚びる（こびる）」とは、気に入られようとして相手の機嫌をとったり、相手の気を引くようななまめかしい態度（しな）をとったりする行動です 小学館。へつらう、おもねると同義で、目的達成のために実力以上に相手を立てたり、過度に同調したりする姿勢を指します 情報・知識＆オピニオン imidas、株式会社創寫舘。 
主な意味とニュアンス
へつらう・おもねる: 上司や目上の人に気に入られるよう機嫌をとる（例：媚びを売る）。
色目を使う・しなを作る: 異性の気を引こうと、なまめかしい仕草をする。
同調・追従: 自分の意思よりも相手の意見に合わせて気に入られようとする。 
「媚びる」人の特徴や背景
自信が希薄: 自己評価が低く、他者からの評価を最優先する。
メリット重視: 出世や好感度を狙った行動であることが多い。
リスク: 相手が実力主義者の場合、逆効果で評価が下がる可能性がある。 
類語・関連語
阿諛（あゆ）する、取り入る、おべっかを使う。 
以前は女性から男性への態度に使われる傾向がありましたが、現代では性別に関係なく使われています。

https://mazii.net/ko-KR/search/word/jako/%E5%AA%9A%E3%81%B3%E3%82%8B

◆ 알랑거리다; 아첨하다; 비위를 맞추다.

上司[上役]に媚びる同僚
상사에게 알랑거리는 동료

権力に媚びる
권력에 빌붙다

時流に媚びない
시류에 영합하지 않다

◆ 아양 떨다; 교태를 부리다.

媚びるような表情
아양을 떠는 듯한 표정

母親に媚びるようにしなだれかかる
엄마에게 아양을 떨며 몸을 기대다

しなを作って媚びる
(갖은) 교태와 아양을 부리다","[""import"",""japanese""]",2026-02-22 11:37:06.24266+00,e1848554-ffae-479c-a8cd-4c0d77b7bed2,2026-03-19 15:55:50.007522+00,0,0,0,2026-03-19 15:55:50.007522+00,0,null,null,null,false,null,jp-dev-study-log-next,2026-01-26 11:14:00.258+00,1769426040258,false,null,null,null,"{""tables"":{""1"":{""rows"":[],""columns"":[]}}}",null,[],null,null
778825ad-c26e-448f-bc56-23f51da57f40,「びくりした」,"「びくりした」は「びっくりした」のことで、驚いた、驚かされたという感情を表す言葉です。「わっ！」と急に何かに気づいたり、予期せぬ出来事に出くわして心臓がドキッとしたりした時に使います。日本語の「びっくり」は、当て字で「吃驚（きっきょう）」と書かれることもありますが、通常はひらがなやカタカナで表記され、英語では ""I was surprised!"" や ""Wow!"" と表現されます。 
「びっくりした」のニュアンス
突然の驚き: 予期せぬ出来事や声、物音などに対して、はっと気付いたり、心に衝撃を受けたりする状態。
感情表現: 驚き、感嘆、時には恐怖など、ネガティブな驚きからポジティブな驚きまで幅広く使われます。 
例文
「後ろから名前を呼ばれて、びっくりした！」（突然声をかけられて驚いた）。
「お化け屋敷で急に何かが現れて、びっくりしたよ！」（予期せぬものに驚いた）。 
関連する表現
驚く（おどろく）: 「びっくりする」よりもややフォーマルで、深い驚きや感銘を表すこともあります。
仰天（ぎょうてん）: 非常に驚くこと、ひどく驚くことを意味する類語です。 
英語での表現例
I was surprised! (びっくりした！)
Wow! (わあ！)
What a surprise! (なんてことだ！/びっくりした！)

https://mazii.net/ko-KR/search/word/jako/%E3%81%B3%E3%81%A3%E3%81%8F%E3%82%8A

◆ 깜짝 놀람.

びっくり箱
깜짝[도깨비] 상자((뚜껑을 열면 동물 인형 등이 튀어나오는 장난감))

びっくりした顔
깜짝 놀란 얼굴[표정]

わ、びっくりした
아이 깜짝이야","[""import"",""japanese""]",2026-02-22 11:37:06.24266+00,e1848554-ffae-479c-a8cd-4c0d77b7bed2,2026-03-19 15:55:50.007522+00,0,0,0,2026-03-19 15:55:50.007522+00,0,null,null,null,false,null,jp-dev-study-log-next,2026-01-09 14:01:31.232+00,1767967291232,false,null,null,null,"{""tables"":{""1"":{""rows"":[],""columns"":[]}}}",null,[],null,null
7a01214b-5f92-40fd-a5f0-b52200bc3b00,「ずらす」,"https://youtu.be/HuL8zyQr8UE?si=XkgNX6NWO21q4oKC

「話ずらし」とは、議論の本筋や論点から意図的、あるいは無意識に話題を逸らすことで、「論点のすり替え」「話をそらす」「はぐらかす」などとも言います。相手の質問に直接答えず、別の話題を始めたり（例：納期を聞かれたのに作成の苦労話を始める）、関係のない情報（例：ツールの話）で返すこと（ストローマンや燻製ニシンの虚偽といった詭弁の一種）も含まれ、議論を混乱させ、本質的な解決を妨げます。 
話がずれる主なパターン
話題そのものがずれている: そもそも別の話をしてしまう。
内容がずれている: 質問の核心（例：具体的な納期）に触れず、周辺情報でごまかす。
期待レベルとずれている: 相手が求めている情報（例：作成プロセス）と異なる情報（例：ツール名）を提供する。 
話ずらしの心理・目的
自分が話したいネタがある。
場を盛り上げたい、あるいは相手を見下している。
都合が悪いため、質問から逃れたい（はぐらかす）。
「トーンポリシング」のように、相手の話し方や態度を批判して論点をずらす。 
対処法・見抜き方
相手が「何を知りたいのか」「どんな答えを想定しているのか（5W1H）」を意識する。
質問に対して、まず結論や具体的な回答（5W1Hなど）を先に述べる。
「それは本題と少しずれていませんか？」「〇〇についてお聞きしたいのですが」と、論点を再確認する

「ずらす」とは、位置・時間・論点などを、少し動かしたり、重ならないように変更したりすることを意味し、具体的には「椅子を横に少し動かす」「予定を後日に変更する（リスケジュール）」「話題をそらす」といった使い方があります。英語ではshiftやmoveなどが使われ、物理的な移動（move）と、時間や予定の変更（shift, reschedule）でニュアンスが異なります。 
主な意味と使い方
物理的に動かす: 滑らせるようにして、少しだけ位置を変える。「テーブルを少しずらす」など。
時間・予定を変更する: 重ならないように日時をずらす。「会議を明日にずらす」「予定を1週間ずらす」など（リスケジュールとも言う）。
論点・話をそらす: 焦点や話題を別の方向へ向ける。「質問の意図をずらす」など。
専門用語として:
軸ずらし: マーケティングなどで、顧客の関心に合わせたテーマでコンテンツを作成し、自社商品へ誘導する手法。 
類語
動かす、移す、移動させる、ずらす
延期する、遅らせる、早める（時間の場合） 
英語での表現例
move a chair: 椅子をずらす（物理的）
reschedule a meeting: 会議をずらす（時間）
shift the topic: 話題をずらす

https://mazii.net/ko-KR/search/word/jako/%E3%81%9A%E3%82%89%E3%81%99

◆ 비켜 놓다; 한쪽으로 자리를 조금 옮기다.

机を右へずらす
책상을 오른쪽으로 비켜 놓다

◆ 벗어나다; 방향을 조금 바꾸다.

質問の趣旨をずらした答弁
질문의 취지를 벗어난 답변

視点をずらして考える
시점을 조금 바꾸어 생각하다

◆ 물리다; (위치·시일 등이) 겹치지 않도록 하다.

日取りを一日ずらす
날짜를 하루 물리다

日程をずらした
일정을 늦추었다

◆ 할 일을 나중으로 미루다.","[""import"",""japanese""]",2026-02-22 11:37:06.24266+00,e1848554-ffae-479c-a8cd-4c0d77b7bed2,2026-03-19 15:55:50.007522+00,0,0,0,2026-03-19 15:55:50.007522+00,0,null,null,null,false,null,jp-dev-study-log-next,2026-01-09 01:56:50.271+00,1767923810271,false,null,null,null,"{""tables"":{""1"":{""rows"":[],""columns"":[]}}}",null,[],null,null
7a43b6f5-a4d1-40c3-86b7-a6b698a88c4c,「閉じる（とじる）」,"「閉じる（とじる）」は、開いている本、傘、目、口などを閉じて元の状態に戻す、または会議や幕などを終わらせる際に使われる表現です。物理的なドアや窓を閉める「閉める（しめる）」と異なり、閉じる動作に加えて、内と外を遮断する、あるいは「店を閉じる（廃業する）」のような抽象的な終了のニュアンスが含まれます。 
閉じる（とじる）の主な用法と意味
物理的なものを閉じる: 本、傘、目、口などを閉じる。
例：本を閉じる、傘を閉じる、目を閉じる。
閉じる（完結・終了）: 続いていた状態や行事を終わらせる。
例：店を閉じる（廃業）、会議を閉じる、幕を閉じる。
閉じる（とじ込める・区切る）: 中に隠す、空間を閉ざす。 
関連表現との違い
閉める（しめる）: ドア、窓、引き出しなどを物理的に閉じる際に使用。
閉まる（しまる）: 「～が閉まる」という自動詞で、閉まっている状態を示す。
閉じる・閉めるの使い分け例:
〇本を閉じる / ×本を閉める
〇窓を閉める（しめる） / △窓を閉じる（とじる） ※可能だが「閉める」が一般的
〇店を閉める（その日の営業終了・廃業） / 〇店を閉じる（廃業） 
「閉じる」は、その状態を終わらせて元の形に戻す、あるいは幕を下ろすようなシーンで多用されます。 

https://mazii.net/ko-KR/search/word/jako/%E9%96%89%E3%81%98%E3%82%8B

◆ 닫히다
.
水門が閉じる
수문이 닫히다

風でドアが閉じる
바람에 문이 닫히다

何日もシャッターは閉じたままだ
며칠째 셔터가 내려져 있다

◆ (회의 따위가) 끝나다.

会が閉じる
폐회되다

☆ 상1단 타동사
◆ (열려 있는 것을) 닫다.

門を閉じる
문을 닫다

店を閉じる
가게를 닫다[그만두다]

心を閉じる
마음을 닫다

◆ 눈을 감다.

目を閉じて音楽を聞く
눈을 감고 음악을 듣다

◆ 덮다.

本を閉じる
책을 덮다

蓋を閉じる
뚜껑을 덮다

◆ 끝내다; 마치다.

株主総会を閉じる
주주 총회를 마치다

◆ (입을) 다물다.

口を閉じる
입을 다물다

◆ (펼친 것을) 접다.

傘を閉じる
우산을 접다

◆ (컴퓨터에서) 프로그램 등을 종료하다.

ファイルを保存せず閉じてしまった
파일을 저장하지 않고 닫아 버렸다","[""import"",""japanese""]",2026-02-22 11:37:06.24266+00,e1848554-ffae-479c-a8cd-4c0d77b7bed2,2026-03-19 15:55:50.007522+00,0,0,0,2026-03-19 15:55:50.007522+00,0,null,null,null,false,null,jp-dev-study-log-next,2026-02-01 06:37:39.185+00,1769927859185,false,null,null,null,"{""tables"":{""1"":{""rows"":[],""columns"":[]}}}",null,[],null,null
7c9c02e5-d7d9-471a-b35d-d7a28df501d0,「しぶとい」,"Netflix　ワンピース４７４話

「しぶとい」とは、簡単には負けたり、諦めたり、排除されたりしない、粘り強さや強情さを持つ様子を指す言葉です ウィクショナリー。困難な状況でも耐え抜く、あるいは何度失敗しても諦めずに続ける、しつこいほどの粘り強さを指す形容詞です。 
しぶといの意味と特徴
粘り強い・へこたれない: 困難に負けず、最後まで諦めずに続ける様子 コトバンク。
しつこい・強情: 自分の意見を曲げない、頑固である ウィクショナリー。
排除しにくい: なかなか解決・排除できない様子。 
言い換え・類語
粘り強い
我慢強い
根気強い
しつこい
頑固な
負けず嫌い 
例文
彼はとてもしぶといので、逆境でも諦めない。
この汚れはしぶとくて、なかなか落ちない。
しぶとい神経の持ち主だ。

https://mazii.net/ko-KR/search/word/jako/%E3%81%97%E3%81%B6%E3%81%A8%E3%81%84

◆ 고집이 세다; 완고하다; 끈질기다; 강인하다.

しぶとい人間だ
고집이 센 인간이다

しぶとく食いさがる
끈질기게 물고 늘어지다

しぶとく生き残る
끈질기게 살아남다","[""import"",""japanese""]",2026-02-22 11:37:06.24266+00,e1848554-ffae-479c-a8cd-4c0d77b7bed2,2026-04-10 12:35:02.815873+00,0,3,0,2026-04-10 12:35:02.815873+00,0,null,null,null,false,null,jp-dev-study-log-next,2026-02-11 22:55:07.783+00,1770850507783,false,null,null,null,"{""tables"":{""1"":{""rows"":[],""columns"":[]}}}",null,[],null,null
7ccb595d-db20-49d6-b0cb-60ffbcb09e3b,「白々（しらじら）」,"「白々（しらじら）」は、平気でとぼけたり、見え透いた嘘をついたりする様子、または関心がない・興ざめするような冷めた様子を表す言葉で、「白々しい」という形容動詞の連用形としても使われ、「白々しい言い訳」「白々しい態度」のように使われます。 
主な意味と使い方
とぼける・しらばっくれる: 嘘やごまかしが明らかで、誠実さに欠ける様子。
例：「彼は失敗を白々と言い逃れた」
関心が薄い・冷めている: 物事に対して興味や情が感じられず、冷淡な様子。
例：「白々とした目で彼を見つめた」
興ざめする: 面白みや感動がなくなり、がっかりした気分になる様子。 
関連語
白々しい（しろじろしい）: 上記の状態を表す形容動詞。
明々白々（めいめいはくはく）: 「白々」とは異なり、「非常に明らかで疑う余地がない」ことの強調表現。 
例文
「そんな白々な言い訳、誰も信じないよ。」（とぼけている様子）
「彼女の白々とした態度に、気分が冷めてしまった。」（関心がなく、興ざめする様子）

https://mazii.net/ko-KR/search/word/jako/%E7%99%BD%E7%99%BD%E3%81%97%E3%81%84

◆ 속이 빤히 들여다보이다.

白白しいお世辞を言う
속 보이는 (입)발림말을 하다

白白しい嘘をつく
빤한 거짓말을 하다

◆ 알면서 모르는 체하다; 시치미 떼다; 천연덕스럽다.

白白しい顔
천연덕스러운 얼굴

白白しい態度で押し通す
시치미 떼는 태도로 일관하다

知らないなどと白白しいことがよく言えるな
모른다는 둥 천연덕스럽게 잘도 말하는구나

◆ (흥 등이) 깨지다; 가시다; 입맛 떨어지다.

白白しいことを言うな
김새는 소리 하지 마!

白白しい空気が流れる
흥을 깨는[서먹한] 분위기가 감돌다

◆ 하얗게 보이다.

https://www.kpedia.jp/w/46061

「白々しい」の韓国語「뻔하다」を使った例文

・안 봐도 뻔하다.
見なくてもわかる。

・뻔한 이야기예요.
わかりきった話です。

・뻔한 거 아니야.
目に見えてるじゃないか。

・뻔하지요.
言わずと知れている。

・뻔하네요.
ベタですね。

・안 봐도 뻔해요.
見なくてもみえみえです。

・솔직히 남녀 사이 뻔한 거 아니야?
正直、男女の仲は知れたことじゃない？

・저 드라마 결말은 안 봐도 뻔해.
あのドラマの結末は見なくても分かるに決まってるよね。

・뻔한 질문처럼 들릴지 모르겠지만, 주말에는 주로 뭘 하시나요?
分かりきった質問のように聞こえるかもしれませんが、週末には主に何をされますか？

・내용이 뻔해서 안 봐도 알 거 같아.
内容がみえみえで、見なくても分かりそう。

・뻔한 월급을 쪼개 여행 계획을 세워보았습니다.
分かりきった給料を振り分けて旅行の計画を立ててみました。

・새빨간 거짓말인 게 뻔하다.
うそ八百に決まっていた。

・그의 뻔뻔한 태도에 속이 부글부글 끓었다.
彼の図々しい態度に怒りがふつふつと湧いた。

・그가 수중에 넣을 뻔한 기회를 다른 사람이 빼앗아 갔다.
彼の手に入るはずだったチャンスを、他の人が奪っていった。

・입벌구가 오늘도 또 뻔한 거짓말을 늘어놨어.
あの嘘つきが今日もまたお決まりの嘘を並べたよ。

・입벌구가 오늘도 또 뻔한 거짓말을 늘어놨어.
あの嘘つきが今日もまたお決まりの嘘を並べたよ。

・그는 양심도 죄의식도 없는 뻔뻔한 소시오패스다.
彼は良心も罪の意識もない厚かましいソシオパスだ。

・그는 뻔뻔한 태도로 다른 사람의 식사에 손을 댑니다.
彼は図々しい態度で、他人の食事に手を出します。

・그는 뻔뻔한 성격으로 항상 남의 소지품을 빌리려고 합니다.
彼は図々しい性格で、いつも他人の持ち物を借りようとします。

・그는 뻔뻔한 태도로 항상 자신의 형편을 우선시합니다.
彼は図々しい態度で、いつも自分の都合を優先します。

・그는 뻔뻔한 요구를 해도 상대방을 신경 쓰지 않는다.
彼は厚かましい要求をしても相手を気にしない。","[""import"",""japanese""]",2026-02-22 11:37:06.24266+00,e1848554-ffae-479c-a8cd-4c0d77b7bed2,2026-06-22 23:00:53.580172+00,0,2,0,2026-06-22 23:00:53.580172+00,0,null,null,null,false,null,jp-dev-study-log-next,2026-01-14 14:06:09.408+00,1768399569408,false,null,null,null,"{""tables"":{""1"":{""rows"":[],""columns"":[]}}}",null,[],null,null
7dd3bab7-286f-440c-91cc-7364a4d66f31,「愛しい（いとしい）」,"「愛しい（いとしい）」とは、大切にしたい、守ってあげたい、可愛がりたいという気持ちが強く湧き上がる様子を表す言葉で、「かわいい」「恋しい」といった意味合いがあり、家族やペット、恋人など、心惹かれる対象全般に使える、愛情のこもった感情です。少し「かわいそう」というニュアンスで使われることもありますが、基本的には愛情や愛着を示すポジティブな感情です。 
「愛しい」の主な意味と使い方
愛情・愛着：守ってあげたいほど大切に思う気持ち。「〇〇が愛しい」。
恋しさ・懐かしさ：会いたくてたまらない、恋しい気持ち。「故郷が愛しい」。
健気さ・感心：小さいものや一生懸命な姿に心を惹かれる。「子犬の姿は愛しい」。
同情・哀れみ：かわいそうに思う気持ち。「あの子が愛しい」。 
「好き」との違い
「好き」が広範な好意であるのに対し、「愛しい」は、より深く、守りたくなるような、胸が締め付けられるような強い愛情を含んだ表現です。 
具体例
「赤ちゃんが愛しくてたまらない」
「遠く離れた恋人を愛しいと思う」
「一生懸命な姿が愛しい」
「愛しい」は、心から対象を慈しみ、特別な感情を抱くときに使われる、温かくも切ない響きを持った言葉です。","[""import"",""japanese""]",2026-02-22 11:37:06.24266+00,e1848554-ffae-479c-a8cd-4c0d77b7bed2,2026-03-19 15:55:50.007522+00,0,0,0,2026-03-19 15:55:50.007522+00,0,null,null,null,false,null,jp-dev-study-log-next,2026-01-04 01:57:10.375+00,1767491830375,false,null,null,null,"{""tables"":{""1"":{""rows"":[],""columns"":[]}}}",null,[],null,null
7e5dfce5-cf48-4634-953d-56d453645998,「仕上がる」と「出来上がる」ｎ違い,"「仕上がる」は人（主体）が何かを作り終える・完成させる動作、「出来上がる」は物が完成した状態になることを表し、「仕上がる」は能動的（人主語）、「出来上がる」は自動的（物主語）なニュアンスで使い分けられます。「仕上がる」は「仕上げる」の自動詞形で、主語が人なら「仕上げる」、主語が物なら「仕上がる」となり、「仕上がる」は「出来上がる」とほぼ同じ意味で使えますが、「仕上がり」は完成した状態や出来栄えを指す名詞としても使われる点が特徴です。 
1. 「仕上がる（しあがる）」
意味: 物事が完成する、作り終える、望ましい状態になる。
主語: 人（作り終える）か物（完成する）の両方。
例:
「この絵は明日には仕上がるだろう。」（明日、完成する）
「職人が見事に仕上がった着物だ。」（完成した状態・出来栄え） 
2. 「出来上がる（できあがる）」
意味: 物事が完成する、完成した状態になる。
主語: 物（完成する）。
例:
「このビルは来年出来上がる予定だ。」（来年、完成する）
「この料理は3分で出来上がる。」（3分で完成する） 
まとめ：使い分けのポイント
能動性: 「仕上げる（人）」→「仕上がる（物）」という流れがあり、「仕上がる」は「出来上がる」と非常に近い意味で使えます。
名詞として: 「仕上がり」は「完成後の様子」や「出来栄え」を指す名詞として使われます。「あのパンの仕上がりは最高だ」のように使えますが、「出来上がり」も同様に使えます。
基本: 目的語（何が）がはっきりしていて、人間が関与して完成させる場合は「仕上げる」、単に物が完成した状態を表す場合は「出来上がる」または「仕上がる」が自然です。 
例文で比較
Aさん: 「このプラモデル、いつ仕上がる？」「いや、出来上がるまでまだ時間がかかるよ」。
Bさん: 「この企画書、今日中に仕上がるよ。」（今日中に完成させる）
Cさん: 「この企画書は、明日の朝には出来上がっているはずだ。」（明日の朝には完成している状態になる）","[""import"",""japanese""]",2026-02-22 11:37:06.24266+00,e1848554-ffae-479c-a8cd-4c0d77b7bed2,2026-03-19 15:55:50.007522+00,0,0,0,2026-03-19 15:55:50.007522+00,0,null,null,null,false,null,jp-dev-study-log-next,2026-01-09 04:29:44.612+00,1767932984612,false,null,null,null,"{""tables"":{""1"":{""rows"":[],""columns"":[]}}}",null,[],null,null
7f94e241-117b-488d-bb9e-82fbf8d4a73d,「段々」,"https://www.kpedia.jp/w/12158

「段々」の韓国語「점점」を使った例文

・점점 더워진다.
だんだん暑くなる。

・점점 추워진다.
だんだん寒くなる。

・점점 어두워진다.
だんだん暗くなる。

・기분이 점점 나빠지다.
気分が次第にわるくなる。

・밤이 점점 깊어 갑니다.
夜が次第にふけていきます。

・점점 그가 궁금해졌다.
少しずつ彼が気になって来た。

・사랑을 믿지 않는 그가 점점 좋아하게 되었다.
愛を信じない彼が徐々に好きになった。

・점점 더 많은 기업이 환경 문제에 대처하고 있다.
ますます多くの企業が環境問題に取り組んでいる。

・그의 리더십을 점점 인정받게 되었다.
彼のリーダーシップがますます認められるようになった。

・그 가게의 인기는 점점 상승하고 있다.
その店の人気はますます上昇している。

・이 영화의 평가가 점점 높아지고 있다.
この映画の評価がますます高まっている。

・점점 진화하는 테크놀로지에 놀라고 있다.
ますます進化するテクノロジーに驚いている。

・그의 음악 스타일은 점점 다양해지고 있다.
彼の音楽のスタイルはますます多様化している。

・일본어능력시험 공부를 하다보면 점점 자신감이 생긴다.
日本語能力試験の勉強をしていると、ますます自信がつく。

・점점 더 많은 사람들이 인터넷을 이용하고 있다.
ますます多くの人がインターネットを利用している。

・점점 고령화 사회가 진행되고 있다.
ますます高齢化社会が進んでいる。

・점점 더 많은 학생들이 유학을 희망하고 있다.
ますます多くの学生が留学を希望している。

・그의 건강 상태가 점점 좋아지고 있다.
彼の健康状態がますます良くなっている。

・그녀의 요리 솜씨가 점점 늘고 있다.
彼女の料理の腕前がますます上達している。

・이 책은 점점 더 독자들에게 사랑받고 있다.
この本はますます読者に愛されている。

・귀차니스트 성향이 점점 심해진다.
面倒くさがりな性格がだんだん強くなっている。

・가벼이 시작한 일이 점점 커졌다.
軽い気持ちで始めたことが、次第に大きくなった。

・시집살이 문화가 점점 사라지고 있다.
嫁入り後の生活文化はだんだん消えつつある。

・아이가 점점 얌전해졌다.
子どもがだんだんおとなしくなった。

・상황이 점점 이상야릇해졌다.
状況がだんだん怪しくなってきた。

・핼로윈 분위기가 점점 커지고 있다.
ハロウィンの雰囲気がだんだん高まっている。

・요즘은 이웃사촌 같은 사람들이 점점 줄어든다.
最近は、隣人も親戚も同然のような人がだんだん少なくなっている。

・환경 보호에 대한 담론이 점점 중요해지고 있다.
環境保護に関する言説がますます重要になっている。

・그의 태도에 점점 싫증이 났다.
彼の態度にだんだん嫌気がさしてきた。

・매일 불평을 듣다 보면 점점 싫증이 난다.
毎日の不満を聞いていると、だんだん嫌気がさしてくる。
< 前   次 >

	印刷する
	

時間・頻度関連の韓国語
오밤중（真夜中）
여섯 시（6時）
새벽녘（明け方）
오십 분（50分）
옛적（昔）
언제쯤（いつ頃）
다섯 시（五時）
매번（毎回）
때（時）
점점 더（さらに）
아침저녁（朝晩）
과거（過去）
벌건 대낮（白昼）
한밤중（真夜中）
시곗바늘（時計の針）
초기（初期）
종종（時々）
한참 동안（しばらくの間）
전후（前後）
일시（一時）
＜一覧を見る＞
基本単語オンライン韓国語教室
色
模様
図形
大きさ
単位
状態・様子
感覚
お金
順番
方向・位置
時間・頻度
曜日と日にち
季節と年月","[""import"",""japanese""]",2026-02-22 11:37:06.24266+00,e1848554-ffae-479c-a8cd-4c0d77b7bed2,2026-05-31 08:40:49.391239+00,0,1,0,2026-05-31 08:40:49.391239+00,0,null,null,null,false,null,jp-dev-study-log-next,2026-02-07 12:00:47.182+00,1770465647182,false,null,null,null,"{""tables"":{""1"":{""rows"":[],""columns"":[]}}}",null,[],null,null
829b13db-1001-433c-9a57-a9067455083c,「謙虚（けんきょ）」,"https://youtu.be/9B1izCJwtmM?si=20bTMrGG6AIX9Wde

「謙虚（けんきょ）」とは、自分の能力や立場を過大評価せず、控えめで素直な態度で人に接すること、また、他者の意見や存在を尊重し、常に学び成長しようとする姿勢を指します。自己を謙遜し、感謝の気持ちを持ち、自分にも改善の余地があると自覚できることが特徴で、良好な人間関係や自己成長に不可欠とされます。 
謙虚の主な意味と特徴
控えめで素直な態度: 自分の実力をひけらかさず、傲慢にならないこと。「能ある鷹は爪を隠す」のよう。
他者への尊重と学習: 他人の意見や助言を素直に受け入れ、常に自分を向上させようとする。
感謝の気持ち: 成果は自分一人の力ではなく、周囲のおかげと捉え、感謝を忘れない。
自己認識: 自分の能力や間違いを正しく認識し、改善点を見つけて努力する。 
謙虚と関連する言葉
謙遜（けんそん）: 自分の能力や価値をわざと低く言う行為。謙虚は本質的な態度であり、謙遜はその表現の一つ。
控えめ（ひかえめ）、慎ましい（つつましい）: 謙虚の類語で、目立たないように振る舞う様子。 
ビジネスシーンでの重要性
人間関係の円滑化: 謙虚な姿勢は、周囲からの信頼を得やすく、協力関係を築きやすい。
自己成長の促進: 自分の課題を認識し、他者から学ぶことで、ビジネスパーソンとしての成長を促す。
採用時の評価: 企業が人材に求める重要な資質の一つとされています。

https://mazii.net/ko-KR/search/word/jako/%E8%AC%99%E8%99%9A

◆ 겸허.

謙虚
な態度
겸허한 태도

謙虚に反省する
겸허히 반성하다

他人の意見を謙虚に聞く
남의 의견을 겸허하게 듣다

https://www.kpedia.jp/s/3/%EA%B2%B8%ED%97%88%ED%95%98%EB%8B%A4

＜겸허하다の韓国語例文＞

・자연의 이치와 세상의 이치를 겸허하게 받아들이다.
自然の理知と世界の理知を謙虚に受け入れる。

・생로병사를 이야기할 때는 겸허한 마음이 필요합니다.
生老病死を語るときは謙虚な心が必要です。

・그는 다재다능한 재능을 가지면서 겸허해요.
彼は多芸多才な才能を持ちながら、謙虚です。

・아무리 꾸며도 미인이 될 수 없다는 걸 겸허히 받아들였다.
いくら装っても美人にはなれない事を謙虚に受け入れた。

・그는 겸허하게 다른 사람의 의견을 반영시키고 있어요.
彼は謙虚に他人の意見を反映させています。

・그의 겸허한 태도는 많은 사람들에게 호감을 받고 있습니다.
彼の謙虚な態度は多くの人に好感を持たれています。

・그는 겸허하게 자신의 의견을 말합니다.
彼は謙虚に自分の意見を述べます。

・그는 리더로서 겸허하게 행동합니다.
彼はリーダーとして謙虚に振る舞います。

・그녀는 겸허하게 비판을 받아들였습니다.
彼女は謙虚に批判を受け止めました。

・그는 겸허하게 자신의 실수를 인정했습니다.
彼は謙虚に自分の間違いを認めました。

・효율적으로 일을 진행하고 싶다면 겸허한 자세가 중요합니다.
効率的に仕事を進めたいなら、謙虚な姿勢が重要です。

・겸허한 자세로 대하다.
謙虚な姿勢で接する。

・자신의 잘못을 겸허히 인정하는 그는 아주 좋은 사람이야.
自身の過ちを謙虚に認める彼はとても良い人だ。

・겸허한 태도로 사람을 대하도록 유의하다.
謙虚な態度で人に接するように心がける。

・그는 자신에게 엄격하고 겸허하다.
彼は自身には厳格で謙虚である。

・그녀는 매우 겸허하다.
彼女はとても謙虚だ。

・아무리 머리가 좋은 사람이라도 겸허한 사람은 이길 수 없다.
どんなに頭のいい人でも、謙虚な人にはかないません。

・좀 더 겸허해지는 것이 좋을 거야
もっと謙虚になった方がいいよ。

・겸허하게 반성하다.
謙虚に反省する。

・겸허하게 남의 의견을 듣다.
謙虚に他人の意見を聞く。

・그는 항상 겸허한 자세로 사람을 대하였다.
彼はいつも謙虚な姿勢で人に接する。

・그는 항상 겸허히 다른 사람의 의견을 존중해요.
彼はいつも謙虚に他人の意見を尊重します。

・그 선수는 경기 후에 겸허히 패배를 받아들였어요.
その選手は試合後に謙虚に敗北を受け入れました。

・그녀는 항상 겸허히 자신의 실수를 인정해요.
彼は成功をもっても謙虚に振る舞います。

・그 정치인은 겸허히 선거전을 치렀습니다.
その政治家は謙虚に選挙戦を戦いました。

・신인으로서 그녀는 겸허히 조언을 받아들였습니다.
新人として、彼女は謙虚にアドバイスを受け入れました。

・그는 항상 겸허히 자신의 성공을 말합니다.
彼は常に謙虚に自分の成功を語ります。

・그는 경험이 풍부하면서도 겸허히 계속 배웁니다.
彼は経験豊富ながらも謙虚に学び続けます。

・상사나 선배에게 겸허히 대하다.
上司や先輩には謙虚に接する。

・잘못을 겸허히 인정하다.
過ちを謙虚に認める。

・겸허히 반성하다.
謙虚に反省する。

・자연계의 놀라움은 우리를 겸허하게 합니다.
自然界の驚きは、私たちを謙虚にします。

・겸허함이 몸에 배었다.
謙虚さが身についてきた。

・저의 잘못을 겸허히 반성하며 사죄를 드리고자 합니다.
私の間違いを謙虚に反省し、謝罪を申し上げようと思います。

・국민의 비판을 겸허히 달게 받겠습니다.
国民の批判を謙虚に受け止めます。","[""import"",""japanese""]",2026-02-22 11:37:06.24266+00,e1848554-ffae-479c-a8cd-4c0d77b7bed2,2026-03-19 15:55:50.007522+00,0,0,0,2026-03-19 15:55:50.007522+00,0,null,null,null,false,null,jp-dev-study-log-next,2026-01-11 14:59:33.07+00,1768143573070,false,null,null,null,"{""tables"":{""1"":{""rows"":[],""columns"":[]}}}",null,[],null,null
84d7f2f1-4188-4f13-a301-0ec7014beda5,edit vs delete 구조 차이 정리,"✅ edit vs delete 구조 차이 정리 (기록용)
1) edit 함수 흐름 (find + early return)

edit는 보통 이런 구조가 맞다:

const it = items.find(x => x.id === id);
if (!it) return;

✅ 이유

edit는 “어떤 항목을 수정할지”가 명확해야 함

id로 해당 항목 1개를 찾아야 함 (find)

없으면 더 진행하면 안 되므로 조기 종료(early return) 하는 게 정석

📌 즉 edit는

대상 선택(find) → 검증(if(!it)return) → 수정 로직 실행

이 순서가 매우 자연스럽고 실무에서도 자주 쓰임.

2) delete 함수 흐름 (filter로 재할당)

delete는 보통 이런 스타일로 짧게 가능:

items = items.filter(x => x.id !== id);
render();

✅ 이유

delete는 “해당 id를 제외한 새 배열”이 필요함

그 역할이 filter

따라서 결과를 items에 재할당하는 패턴이 가장 흔함

📌 즉 delete는

배열 재구성(filter) → 재할당 → 다시 렌더링

이라서 짧아지는 게 정상임.

※ 다만 이 방식은 items가 const이면 재할당 불가능 → let items가 필요.

3) edit가 길어지고 delete가 짧아지는 이유 (핵심)

너가 말한 게 진짜 정확함.

✅ edit가 길어지는 이유

edit는 단순히 데이터만 바꾸는 게 아니라, 사용자와 상호작용 흐름이 있음.

너 edit는 이런 UX를 포함하고 있음:

prompt 창 열기

기존 텍스트 찾아서 prompt 기본값으로 뿌리기

사용자가 수정한 값을 입력

변경된 텍스트를 화면에 다시 렌더링
(필요하면 localStorage도 갱신)

즉 edit는

“UI 상호작용” + “데이터 수정”
두 축이 같이 들어가서 코드가 길어질 수밖에 없음.

✅ delete가 짧은 이유

delete는 UX적으로 사용자가 입력할 게 없음.

클릭

데이터에서 제거

렌더링

이게 끝이라서

데이터 조작만 하고 끝나는 단순 흐름 = 코드가 짧아짐

4) 너 표현 중 정확한 포인트 하나 보강

너가 “delete는 items를 재할당하고 filter 걸고 바로 리턴하는 방식”이라고 했는데
여기서 엄밀히 말하면:

filter 자체가 “return(반환)”을 함 (새 배열)

그 반환 값을 items에 재할당하는 구조

즉 “delete 함수가 리턴한다” 보단:

filter가 새 배열을 반환하고 → 그걸 items가 받아서 대체한다

이 흐름이 더 정확해.

✅ 최종 결론 한 줄

edit는 특정 대상을 찾아(find) 검증하고(early return) 사용자 입력(prompt)까지 받기 때문에 길어지는 게 정상

delete는 filter로 배열을 재구성해서 다시 렌더링만 하면 되므로 짧은 게 정상

이 정도로 이해했으면 이제 거의 “CRUD 설계 감각”이 생긴 상태야","[""import"",""coding""]",2026-02-22 11:37:06.24266+00,e1848554-ffae-479c-a8cd-4c0d77b7bed2,2026-03-19 15:55:50.007522+00,0,0,0,2026-03-19 15:55:50.007522+00,0,null,null,null,false,null,jp-dev-study-log-next,2026-01-10 10:00:37.302+00,1768039237302,false,null,null,null,"{""tables"":{""1"":{""rows"":[],""columns"":[]}}}",null,[],null,null
8512fb3c-d0ed-4274-b377-bc57b8d9b4ec,「逆張り（ぎゃくばり）」,"https://youtu.be/ki5ybiXjcCY?si=uU_h87-winvt0Kw5

「逆張り（ぎゃくばり）」とは、株式投資などで相場の流れ（トレンド）に逆らって取引する投資手法で、上昇相場で売り、下落相場で買うことを指します。大衆心理や人気に逆らって、「人気がない時に買って（割安と見て）」、「人気がある時に売る（天井と見て）」という戦略で、タイミングを見極めるのが難しい反面、大きな利益を狙える魅力がありますが、トレンドが継続すると大きな損失を被るリスクも伴います（「順張り」の対義語）。 
逆張りの具体例
下落局面で買う: 株価が大きく下がって「割安」と判断し、反発を期待して購入する。
上昇局面で売る: 株価が上昇しきったと見て、天井付近で売り注文を出す。 
順張り（じゅんばり）との比較
順張り: 相場の流れに乗って、上昇トレンドで買い、下降トレンドで売る手法（初心者向きとされる）。
逆張り: 相場の流れに逆らい、人気の裏をかく手法（難易度が高いとされる）。 
メリット・デメリット
メリット: 相場が大きく反転した際、大底や天井で取引できるため大きな利益が期待できる。
デメリット: トレンドの終点を正確に読む必要があり、タイミングを誤ると損失が拡大しやすい。損切り（損を確定させること）の判断が難しい。 
逆張りは「自分」が正しいと考えること 
株価が正しいと考えるのが順張り。
自分の分析（自分が正しい）と考えるのが逆張り。相場の動きが「間違っている」と判断する。","[""import"",""japanese""]",2026-02-22 11:37:06.24266+00,e1848554-ffae-479c-a8cd-4c0d77b7bed2,2026-03-19 15:55:50.007522+00,0,0,0,2026-03-19 15:55:50.007522+00,0,null,null,null,false,null,jp-dev-study-log-next,2026-01-11 17:03:49.465+00,1768151029465,false,null,null,null,"{""tables"":{""1"":{""rows"":[],""columns"":[]}}}",null,[],null,null
8627f53b-8e3a-418d-b453-c405d2a5707c,「紐づける（ひもづける）」,"「紐づける（ひもづける）」とは、2つ以上の情報、データ、または物事の間に、関連性や繋がりを持たせることを指す言葉です。特にITやビジネスの現場で、顧客データと購入履歴、IDとパスワードのように、要素同士を結びつけて管理・整理する文脈で頻繁に使用されます。 
意味: 関連付ける、結びつける、リンクさせる
文脈: 顧客データと購入履歴を紐づける、IDをSNSアカウントに紐づける、など
類語: 関連付ける、リンクする、接続する、連動させる
目的: 情報の整理、検索性の向上、複雑な情報の関連性明確化
英語表現: Link, Associate 
この言葉は、情報の関連性を明確にして理解しやすくしたり、処理の効率を向上させたりする際に有用な概念です。","[""import"",""japanese""]",2026-02-22 11:37:06.24266+00,e1848554-ffae-479c-a8cd-4c0d77b7bed2,2026-03-19 15:55:50.007522+00,0,0,0,2026-03-19 15:55:50.007522+00,0,null,null,null,false,null,jp-dev-study-log-next,2026-01-31 19:06:28.068+00,1769886388068,false,null,null,null,"{""tables"":{""1"":{""rows"":[],""columns"":[]}}}",null,[],null,null
8b649396-5942-43ec-a4c1-573686561c70,仕組み（しくみ）,"仕組み（しくみ）とは、ある目的を達成するために組み立てられた構造、方法、または全体のプロセス（メカニズム）を指します。機械の動作原理から、ビジネスにおける業務手順、組織のルールまで広く使われます。仕組みを理解することで、物事の予測が可能となり、効率的かつ安定した結果を生み出せます。 
仕組みの具体的な内容
機械・装置の構造: 部品が連携し、動作する原理（例：時計のギア、エンジンの仕組み）。
ビジネス・組織の枠組み: 目標達成のために人やツール、ルールを配置する仕組み（例：人事制度、経理の仕組み）。
プロセスの流れ: 手順やルールに基づいた客観的な手法。 
仕組み化（しぐみか）の重要性
業務の属人化を防ぎ、いつ、誰が、どこで行っても同じ成果を出せる（再現性のある）状態にすること。 
メリット: 生産性向上、ムダの削減、ミスの防止、組織全体の品質安定。
具体策: マニュアル作成、チェックリストの活用、ツールの導入、業務フローの標準化。 
仕組みと類似語
システム: 相互に関連する要素の集合体。
メカニズム: 動作原理や機械的な構造。
構造・枠組み: 物事を構成する要素の組み合わせ。 
仕組みは、組織やシステムを安定して回し続けるための「標準化された手順やルール」であると言えます。","[""import"",""japanese""]",2026-02-22 11:37:06.24266+00,e1848554-ffae-479c-a8cd-4c0d77b7bed2,2026-03-19 15:55:50.007522+00,0,0,0,2026-03-19 15:55:50.007522+00,0,null,null,null,false,null,jp-dev-study-log-next,2026-01-31 19:08:00.763+00,1769886480763,false,null,null,null,"{""tables"":{""1"":{""rows"":[],""columns"":[]}}}",null,[],null,null
8c43b820-ad07-4475-af70-568a53f81a10,코딩적사고와 crud + search + filter기준에서 쓰이는 일본어들,"1️⃣ 코딩 사고는 한국어보다 일본어가 유리한가?

조건부로 YES라고 말할 수 있어. 이유는 “언어가 사고를 끌어가는 방향” 차이 때문이야.

🔹 한국어의 특징 (코딩 사고에 불리한 지점)

맥락 의존이 큼

주어/목적어 생략이 잦음

감정·뉘앙스 중심 표현이 많음

예:

“이거 여기서 처리하면 되지 않을까?”

→ 사고가 흐릿해짐
→ 구현 전에 감정·추측이 먼저 개입

🔹 일본어의 특징 (코딩 사고에 유리한 지점)

행위 중심(동사 중심)

절차/단계 표현이 강함

“무엇을 한다”가 항상 드러남

예:

状態を更新する
条件を判定する
表示を切り替える

→ 사고가 절차 단위로 쪼개짐
→ 코드 구조와 거의 1:1 대응

📌 그래서 일본 개발자 코드/설명은
“감정 없음 + 처리 흐름 설명” 느낌이 강함.

🔹 결론

일상 사고 → 한국어가 편함

구조·절차·로직 사고 → 일본어가 오히려 정돈됨

그래서 코딩 사고만 놓고 보면 일본어가 유리한 면이 있다고 말할 수 있어.

2️⃣ 지금 수준(CRUD + search/filter)에서 반드시 접하는 일본어

아래는 지금 네가 쓰는 코드 사고와 거의 1:1 대응되는 일본어만 정리했어.
(외우는 용도 ❌ / 자주 보면서 익숙해지는 용도 ⭕)

📌 상태 / 데이터 관련
일본어	의미	코딩 사고
状態（じょうたい）	상태	state
データ	데이터	data
配列（はいれつ）	배열	array
要素（ようそ）	요소	element
一覧（いちらん）	목록	list
管理する	관리하다	manage
📌 CRUD 기본 동사 (핵심)
일본어	의미	CRUD
追加する	추가하다	Create
取得する	가져오다	Read
更新する	갱신하다	Update
削除する	삭제하다	Delete

👉 일본 개발자 사고는 거의 이 4개 동사로 시작함.

📌 검색 / 필터 / 조건
일본어	의미	사용 맥락
検索する（けんさく）	검색하다	search
条件（じょうけん）	조건	filter
判定する	판단하다	if 조건
絞り込む	추려내다	filter
含む	포함하다	includes
📌 처리 흐름 / 로직
일본어	의미	코딩 사고
処理する	처리하다	process
実行する	실행하다	execute
呼び出す	호출하다	call
分岐する	분기하다	branching
繰り返す	반복하다	loop
📌 화면 / 렌더링 / DOM
일본어	의미	대응 개념
表示する	표시하다	render
再描画する	다시 그리다	re-render
画面	화면	UI
要素を取得する	요소를 가져오다	querySelector
追加する	추가하다	append
📌 이벤트 / 사용자 조작
일본어	의미
イベント	이벤트
入力	입력
送信	제출
変更	변경
クリック	클릭
📌 에러 / 디버깅 (중요)
일본어	의미
エラー	에러
原因	원인
発生する	발생하다
存在しない	존재하지 않다
null	null
未定義	undefined

예문 하나만 기억해도 충분:

DOM要素が存在しない状態で
イベントを登録しようとしたため、エラーが発生した。

3️⃣ 추천 사고 전환 방식 (지금 단계 최적)

❌ “일본어로 생각해야지”
⭕ “코딩 동사를 일본어로 붙인다”

예:

“여기서 render 해야겠다”
→ 表示を更新する

“이건 상태 변경이네”
→ 状態を更新する

“조건으로 걸러야지”
→ 条件で絞り込む

이렇게 행동 단위로 일본어를 붙이면
어느 순간 한국어를 안 거치게 된다.

마지막 한 문장 정리

코딩 사고는 감정 언어가 아니라
절차 언어라서,
일본어와 구조적으로 잘 맞는다.

지금 네 수준에서 필요한 일본어는
이미 충분히 정리 가능한 범위고,
지금처럼 쓰다 보면 자연스럽게 일본어로 코딩 사고가 열린다.","[""import"",""coding""]",2026-02-22 11:37:06.24266+00,e1848554-ffae-479c-a8cd-4c0d77b7bed2,2026-03-19 15:55:50.007522+00,0,0,0,2026-03-19 15:55:50.007522+00,0,null,null,null,false,null,jp-dev-study-log-next,2026-01-06 08:21:26.121+00,1767687686121,false,null,null,null,"{""tables"":{""1"":{""rows"":[],""columns"":[]}}}",null,[],null,null
8c95ee56-d21b-418b-8f8b-c6b929187fef,「失い（うしない）」,"「失い（うしない）」は、動詞「失う（うしなう）」の連用形、あるいは名詞化された形であり、持っていたもの、見えていたもの、場所や機会などをなくすことを指します。紛失、消失、喪失といったネガティブな結果や、見失う、あるいは「安物買いの銭失い」といった表現でよく使われます。 
主な用法・関連表現：
見失う（みうしなう）: 見えていたものの行方が分からなくなること。
安物買いの銭失い（ぜにうしない）: 安いものを買って、結局損をすること。
喪失（そうしつ）: 職、自信、記憶などをなくすこと。
失うの言い換え: 紛失、逸失、手元からなくなる。 
関連して、心理的な喪失や、能力の低下などを表す際にも幅広く用いられます。

https://mazii.net/ko-KR/search/word/jako/%E5%A4%B1%E3%81%84%E3%81%BE%E3%81%97%E3%81%9F

◆ 잃다.
◆ 잃어버리다.

職を失った人
실직한 사람

金を失う
돈을 잃다

心を失う
정신 나가다; 평정을 잃다

◆ 사별(死別)하다; 여의다.

父を失う
아버지를 여의다

子を失う
자식을 잃다

交通事故で家族を失った
교통사고로 가족을 잃었다

◆ 놓치다.

機会を失う
기회를 놓치다
大
事な試合を失った
중요한 시합을 놓쳤다

◆ (‘…たるを失わない’의 꼴로) …의 자격이 있다.

偉人たるを失わない
충분히 위인의 자격[능력]이 있다((위인답다))

◆ 죽이다.

失はむとたくらむ
죽이려고 계획하다","[""import"",""japanese""]",2026-02-22 11:37:06.24266+00,e1848554-ffae-479c-a8cd-4c0d77b7bed2,2026-03-19 15:55:50.007522+00,0,0,0,2026-03-19 15:55:50.007522+00,0,null,null,null,false,null,jp-dev-study-log-next,2026-02-03 21:29:22.502+00,1770154162502,false,null,null,null,"{""tables"":{""1"":{""rows"":[],""columns"":[]}}}",null,[],null,null