id,title,content,tags,created_at,user_id,updated_at,comment_count,view_count,like_count,last_activity_at,hot_score,deleted_at,deleted_by,deleted_reason,is_deleted,account_key,source_id,source_date,legacy_id,is_hidden,duplicate_of,deleted_scope,delete_note,table_data,attachments,links,import_source,source_filename
3ed5b83c-6e41-430b-873e-28f38ce3b83a,「偽り（いつわり）」,"「偽り（いつわり）」とは、真実ではないこと、嘘、作り事、あるいは本物ではない模造品などを指し、事実を意図的に歪めたり隠したりする行為や状態を表す言葉です。漢字の「偽」は「人」と「為」から成り立ち、人が作為的に手を加えて本来の姿を変えることから、上辺を取り繕う、正体を隠すといった意味合いも持ちます。﻿
意味と類語
意味:うそ、作り事、真実ではないこと、本物でないこと。﻿
類語:嘘、虚言（きょげん）、捏造（ねつぞう）、虚偽（きょぎ）、詐欺（さぎ）、作り話、贋造（がんぞう）、不実（ふじつ）など。﻿
「偽る（いつわる）」という動詞﻿
「偽り」の名詞形である「偽る」は、「うそをつく」「ごまかす」「本物ではないものを作る」という意味で使われます。
英語表現の例deceit, falsehood, lie, sham, mendacity など。﻿
用例﻿
「嘘偽り（うそいつわり）のない話」：嘘や偽りのない、本当の話。
「偽りの愛」：本物ではない、作り物の愛。","[""import"",""japanese""]",2026-02-22 09:21:41.926413+00,e1848554-ffae-479c-a8cd-4c0d77b7bed2,2026-03-19 15:55:50.007522+00,0,0,0,2026-03-19 15:55:50.007522+00,0,null,null,null,false,null,null,null,null,true,a57f501a-0e5f-4528-b1c4-1d6fb355b987,null,null,"{""tables"":{""1"":{""rows"":[],""columns"":[]}}}",null,[],null,null
41a108f8-a26d-41d1-ac52-8d678b41f97f,「賛美（さんび）」,"「賛美（さんび）」とは、神や偉大な存在、優れた人物などを心から褒め称え、たたえることを指し、特にキリスト教の文脈では神への感謝や信仰を歌い上げる「賛美歌」として広く用いられますが、一般的には「褒め称える」「称賛する」といった意味で使われる言葉です。 

https://youtu.be/RP7yT7INjAc?si=bcUBZtCxwKZaVmCj","[""import"",""japanese""]",2026-02-22 09:21:41.926413+00,e1848554-ffae-479c-a8cd-4c0d77b7bed2,2026-03-19 15:55:50.007522+00,0,0,0,2026-03-19 15:55:50.007522+00,0,null,null,null,false,null,null,null,null,true,8482ef02-7545-4538-a7b5-14503e46d362,null,null,"{""tables"":{""1"":{""rows"":[],""columns"":[]}}}",null,[],null,null
4235e462-5508-4788-8f94-33e895c3cff3,「擦り合わせ（すり合わせ）」,"「擦り合わせ（すり合わせ）」とは、複数の意見や計画、部品などを互いに調整し、共通の理解や最適な状態にまとめることを指し、ビジネスでは会議で参加者の意見を調整して合意形成する、機械分野では部品の接合面を精密に仕上げる、といった意味で使われます。単に意見をぶつけるのではなく、相互の立場を尊重し、相違点を埋めて歩み寄るニュアンスが重要で、目標達成や機能向上に不可欠な作業です。 
主な意味と使われ方
ビジネス・会議での意見調整:
意味: 自分の主張を押し通すのではなく、関係者全員の意見や要望を出し合い、対立点を解消して共通の目標に向かって合意点（落としどころ）を見つけること。
具体例: プロジェクトの方向性や仕様について、関係部署間で認識のズレがないか確認し、齟齬をなくす話し合い。
機械・製造業での部品調整:
意味: 機械部品の接合面を、互いにぴったりと密着するように精密に研磨・仕上げる作業。
具体例: ガラス器具の接合面や、自動車部品の取り付け面を調整し、流体の漏れを防いだり、高い性能を引き出したりする。 
ニュアンスとポイント
相互尊重: 相手の意見や立場を尊重し、歩み寄る姿勢が基本。
時間と労力: 丁寧なすり合わせは時間がかかり、手戻りが発生することもあるが、結果として品質や機能が向上する。
「擦り合わせ型」開発: 仕様を決めてから一気に作るのではなく、部品を組み合わせながら仕様自体も調整していく開発スタイル。 
関連する言葉
類語: 意見調整、調整、協議、打ち合わせ、歩み寄り。
英語: alignment（意見の調整）、lapping（機械部品の研磨）。","[""import"",""japanese""]",2026-02-22 09:21:41.926413+00,e1848554-ffae-479c-a8cd-4c0d77b7bed2,2026-03-19 15:55:50.007522+00,0,0,0,2026-03-19 15:55:50.007522+00,0,null,null,null,false,null,null,null,null,true,77d46f7a-0bbc-4fbe-a4a0-35dc0fc1bd68,null,null,"{""tables"":{""1"":{""rows"":[],""columns"":[]}}}",null,[],null,null
43707eaf-fffa-4c01-87f9-66d6a3d54538,「うんざり」,"「うんざり」とは、何かに飽き飽きして嫌になること、我慢の限界に達して疲れること、期待が外れてガッカリする気持ちなどを表す言葉で、「もうたくさんだ」「もう懲り懲りだ」という気持ちが強く、退屈で気が滅入る状態（倦怠感）を指します。愚痴が多い人や自己中心的でしつこい人、マウントを取ってくる人など、人間関係でうんざりさせられることも多く、「うんざりするほどだ」のように使われます。 
主な意味とニュアンス
飽き飽きする、退屈: 同じことの繰り返しで、もうやりたくない、見たくない、聞きたくない状態。
嫌悪感・不快感: 我慢できないほど嫌悪感や不快感を抱くこと。生理的な嫌悪感に近い場合も。
疲労感・気力喪失: 精神的な疲労で、それ以上何もする気力がない状態。 
例文
「毎日の残業にうんざりする」
「彼のしつこい自慢話にうんざりした」
「この単調な作業にはもううんざりだ」
類語
飽き飽きする
（もう）たくさんだ
（もう）勘弁してほしい
（もう）こりごりだ
げんなりする 
どんな時に使う？
人間関係で疲れた時（例：愚痴ばかり言う友人）
仕事や勉強で同じことの繰り返しで飽きた時
期待していたことが裏切られてがっかりした時（例：期待外れのイベント）
特定の人物の言動がしつこくて不快な時
「うんざり」は、単なる「嫌い」よりも、「もう十分すぎるほど嫌で、嫌気がさして疲弊している」という強い感情を示す表現です。","[""import"",""japanese""]",2026-02-22 09:21:41.926413+00,e1848554-ffae-479c-a8cd-4c0d77b7bed2,2026-03-19 15:55:50.007522+00,0,0,0,2026-03-19 15:55:50.007522+00,0,null,null,null,false,null,null,null,null,true,fdad0833-8626-46b8-b6dd-a97cbdb6cfed,null,null,"{""tables"":{""1"":{""rows"":[],""columns"":[]}}}",null,[],null,null
43a0c6f7-32bd-4e89-b4e1-756b1b3d1256,「結び（むすび）」,"「結び（むすび）」は、ひもを結ぶ行為やその部分、人と人との縁、物事の終わり（結末）、おむすび（握り飯）、数学の和集合など、文脈によって多様な意味を持つ言葉で、語源は「産み出す力（ムスヒ）」にあり、創造や関係性の成立を表す深い意味があります。 
主な意味
物理的な結び: ひもやロープを絡ませて繋ぐことや、その結び目（例: もやい結び、よろい結び）。
関係性の結び: 人と人との縁を結ぶこと、関係を成立させること（例: 縁結び、夫婦の契り）。
終わりの結び: 文章や相撲の取り組みなどの結び（終わり、結末） (例: 結びの言葉)。
食べ物: おむすび（握り飯）の別称。
数学: 和集合（2つ以上の集合をまとめること）。
神道: 「産霊（むすひ）」として、万物を生み出す神秘的な力、神霊の働き。 
語源と深い意味
語源: 日本神話に由来し、「ムス（産む）」と「ヒ（霊力）」が合わさった「ムスヒ（産霊）」から来ています。
創造: 結びつくことで新しいものが生まれる、創造する力。
つながり: 離れているものを繋ぎ、関係性を生み出す力。 
このように、「結び」は単なる行為だけでなく、創造、関係性、始まりと終わり、そして神秘的な力といった多岐にわたる概念を包括する言葉です。","[""import"",""japanese""]",2026-02-22 09:21:41.926413+00,e1848554-ffae-479c-a8cd-4c0d77b7bed2,2026-03-19 15:55:50.007522+00,0,0,0,2026-03-19 15:55:50.007522+00,0,null,null,null,false,null,null,null,null,true,fdbdbddf-e922-4c78-85e4-192245ac4e63,null,null,"{""tables"":{""1"":{""rows"":[],""columns"":[]}}}",null,[],null,null
4e1366c8-392f-4f42-b09d-c069e9ae78ff,「叶える（かなえる）」,"「叶える（かなえる）」とは、願いや夢、希望などを実現させる、現実のものにするという意味の動詞で、「夢を叶える」「願いを叶える」のように使われ、英語では「fulfill」や「make come true」に相当します。目標達成、約束の履行、希望の実現といった文脈で用いられ、「実現する」「成就させる」などが類義語です。 
意味と使い方
基本的な意味: 抱いていた望みが、現実になるようにする行為。
例文:
「彼女は、歌手になる夢を叶えた。」
「先生は、生徒の願いを叶えてあげた。」
「約束を叶える（果たす）。」
類義語: 実現する、成就させる、現実のものにする、実行する、満たす。 
関連する言葉
叶う (かなう): 「叶える」の自動詞形で、「願いが叶う」のように、希望が現実になること自体を指します。
「叶える」の英語表現:
fulfill: 義務や約束、希望などを満たす・果たす。
make (a dream) come true: 夢を現実にする。 
「叶える」という言葉が持つニュアンス
単に「実現する」だけでなく、他者の希望を助けたり、積極的に行動して望みを形にしたりするというニュアンスが含まれることが多いです。
ポジティブで希望に満ちた状況で使われる、温かい響きを持つ言葉です。

叶う：이루어지다、희망대로 되다、할 수 있다

叶わぬ恋：이룰 수 없는 사랑
長年の望が叶う：오랜 소망이 이루어지다","[""import"",""japanese""]",2026-02-22 09:21:41.926413+00,e1848554-ffae-479c-a8cd-4c0d77b7bed2,2026-03-19 15:55:50.007522+00,0,0,0,2026-03-19 15:55:50.007522+00,0,null,null,null,false,null,null,null,null,true,47cff8e3-d8fd-4f2f-8e0e-7fa1240aecc5,null,null,"{""tables"":{""1"":{""rows"":[],""columns"":[]}}}",null,[],null,null
4f46c633-2f8d-4a8d-ad4f-deaa3c03b859,「内緒（ないしょ）」,"「内緒（ないしょ）」とは、人に知られないように、内々で秘密にしておくこと、またはその内容を指します。秘密(ひみつ)と似ていますが、「内緒」はより親しい間柄で使われる口語的で日常的なニュアンスが強く、「秘密」は公的・フォーマルな場面でも使われる、より広範囲で硬い表現です。 
意味と使い方
意味: 公表せず、内々にすること。秘密の話。
例文:
「これは内緒だよ」（これは秘密だよ、誰にも言わないでね、というニュアンス）。
「妻に内緒のへそくり」（妻には言わずに隠している貯金）。
「内緒で基地を作る」（人知れず秘密の場所を作る）。 
「秘密（ひみつ）」との違い
内緒: 親しい間柄、日常会話で使う。口語的。例：「内緒話」。
秘密: 公的な場面でも使われる。文語的・硬い印象。例：「機密情報」。 
類語・関連表現
内密（ないみつ）: 「内緒」とほぼ同義で、特にビジネスなどで「ご内密にお願いします」のように丁寧に使われる。
オフレコ: 記録・公表しない約束で話すこと。
ここだけの話: 親しい間でのみ共有する話。","[""import"",""japanese""]",2026-02-22 09:21:41.926413+00,e1848554-ffae-479c-a8cd-4c0d77b7bed2,2026-03-19 15:55:50.007522+00,0,0,0,2026-03-19 15:55:50.007522+00,0,null,null,null,false,null,null,null,null,true,7b65875d-83f3-42e8-a581-062f237350ef,null,null,"{""tables"":{""1"":{""rows"":[],""columns"":[]}}}",null,[],null,null
526c2885-3500-42cf-86c6-ee9532c46e15,「早送り（はやおくり）」,"「早送り」とは、映像や音声を通常よりも速い速度で再生し、短い時間で長い内容を見たり聞いたりする技術や操作のことです。動画再生アプリでは画面のダブルタップや長押し、PCではショートカットキー（→, Ctrl+Fなど）、動画編集ソフトでは速度調整スライダーやコマンドで設定でき、YouTubeなどでは再生速度を2倍、3倍などに変更する機能としても提供されています。 
主な早送り方法
YouTubeアプリ（スマホ）:
画面右側を2回連続でタップ: 10秒ずつ早送り。
画面を長押しして右にスライド: 長押ししている間だけ速く再生。
PC（ブラウザ・アプリ）:
右矢印キー (→): 10秒早送り。
Ctrl + Shift + F (または Ctrl + →): 早送り/倍速再生。
動画編集ソフト (Filmora, Premiere Proなど):
タイムラインのクリップを選択し、「速度」ツールでスライダーを調整する。
「速度・デュレーション」設定で倍率（例: 200%）を入力する。 
早送りの目的・効果
時間短縮: 長い動画や番組の要点を素早く確認する。
躍動感の演出: 映像に動きやテンポを加える（特に動画編集時）。
スキップ: 不要な部分を飛ばす。 
これらの方法で、視聴したいコンテンツに合わせて効率的に情報を得たり、表現を豊かにしたりすることができます。

Fast forward (e.g. VCR, tape deck, etc.)
빨리감기","[""import"",""japanese""]",2026-02-22 09:21:41.926413+00,e1848554-ffae-479c-a8cd-4c0d77b7bed2,2026-03-19 15:55:50.007522+00,0,0,0,2026-03-19 15:55:50.007522+00,0,null,null,null,false,null,null,null,null,true,75e3853f-6d96-4a05-9b7f-9bcea5651434,null,null,"{""tables"":{""1"":{""rows"":[],""columns"":[]}}}",null,[],null,null
529eabfe-f800-4974-974b-82da3491cbe7,「崩れる（くずれる）」,"「崩れる（くずれる）」は、まとまっていたものが壊れて落ちる・形がなくなる（崖が崩れる、建物が倒壊する）ことや、計画・体調・陣形などが乱れる・台無しになる（計画が崩れる、体調が崩れる、総崩れになる）といった意味で使われる動詞です。物理的に壊れること、抽象的な物事がダメになることの両方に使われ、類語には「倒壊する」「瓦解する」「乱れる」などがあります。 
主な意味と例文
物理的に崩壊する:
崖が崩れる（がけがくずれる）
塀が崩れる（へいがくずれる）
建物が崩れる（たてものがくずれる）
計画・予定が台無しになる:
計画が崩れる（けいかくがくずれる）: 計画通りに進まなくなること。
予定が崩れる（よていがくずれる）
体調・調子が悪くなる:
体調が崩れる（たいちょうがくずれる）: 健康状態が悪化すること。
天候が崩れる（てんこうがくずれる）: 悪天候になること。
状態・形が乱れる:
髪の毛が崩れる（かみのけがくずれる）: スタイルが乱れること。
陣形が崩れる（じんけいがくずれる）: 戦闘での隊列が乱れること（総崩れ - そうくずれ）。
（比喩的に）精神状態が不安定になる:
精神が崩れる（せいしんがくずれる）。 
関連する言葉
崩壊（ほうかい）: 完全に壊れてバラバラになること。
瓦解（がかい）: 組織や制度などがバラバラに壊れること。
潰れる（つぶれる）: 押しつぶされて形がなくなること（「崩れる」と似ているが、より物理的な圧迫感がある場合も）。","[""import"",""japanese""]",2026-02-22 09:21:41.926413+00,e1848554-ffae-479c-a8cd-4c0d77b7bed2,2026-03-19 15:55:50.007522+00,0,0,0,2026-03-19 15:55:50.007522+00,0,null,null,null,false,null,null,null,null,true,312ec23c-aa21-4ef4-8a94-45f0fe333cd9,null,null,"{""tables"":{""1"":{""rows"":[],""columns"":[]}}}",null,[],null,null
5367aec6-e0f5-4eb2-a17b-4c82f047fe31,「支える（ささえる）」,"https://youtu.be/giBJo6q04qo?si=LtXOznF--euihDtl

「支える（ささえる）」は、物理的に支える（柱で梁を支える）、精神的・経済的に支援する（家族を支える、声援に支えられる）、ある状態を維持する（生活を支える）、防ぎとめる（攻撃を支える）など、様々な意味を持つ動詞です。状況に応じて「サポートする」「応援する」「保つ」「守る」などと言い換えられ、英語では主に「Support」が該当します。 
主な意味
物理的に支える: 倒れないように何かをあてがって支えること。「太い柱で梁を支える」。
精神的・経済的に支援する: 励ましたり、経済的に援助したりすること。「家族の生活を支える」「応援に支えられる」。
状態を維持する: ある状態が崩れないように持ちこたえさせること。「生活を支える」「文化を支える」。
防ぎとめる: 敵の攻撃などを防ぎ止めること。「敵の攻撃を食い止める」。 
類語・関連語
支援・応援: サポートする、後押しする、支援する、応援する、励ます、力添えする。
維持・保護: 保つ、持ちこたえる、守る、保護する、擁護する。
防ぐ: 食い止める、受け止める。 
例文
「彼は家族を支えるために懸命に働く。」（経済的支援）
「皆の温かい声援に支えられ、最後まで頑張れた。」（精神的支援）
「この橋は、何本もの柱で支えられている。」（物理的支え）

https://mazii.net/ko-KR/search/word/jako/%E6%94%AF%E3%81%88%E3%82%8B

◆ 막히다; 메다.（つかえる）

車が支える
차의 진행이 막히다

言葉が支える
말이 막히다

返事に支える
대답이 막히다

◆ 받히다.

頭が天井に支える
머리가 천장에 받히다[걸리다]

仕事が支えている
일이 밀려 있다

◆ (이미 다른 사람이) 사용 중이다.（つかえる）

電話が支えている
전화를 (다른 사람이) 사용 중이다

◆ 더듬거리다.（つかえる）

支え支え物を言う
더듬더듬 말을 하다

◆ (痞える) 가슴·목 등이 막힌 느낌이 들다; 메다.（つかえる）

胸が支える
가슴이 메다

◆ (‘手を支える’의 꼴로) 예로서 손을 바닥에 짚다.
◆ (‘肩が支える’의 꼴로) 어깨가 결리다; 뻐근하다.

☆ 하1단 타동사

◆ 버티다.
◆ 떠받치다.
（ささえる）

杖で体を支える
지팡이로 몸을 받치다

同僚に支えられて歩く
동료의 부축을 받아 걷다

倒れそうな塀を丸太で支えた
넘어질 듯한 담을 통나무로 떠받쳤다

◆ 유지하다; 지탱하다.（ささえる）

家計を支える
가계를 유지하다

一家の暮らしを支えている
일가의 생계를 지탱하고 있다

◆ 원조하다; 지원하다.（ささえる）

中小企業を支える
중소기업을 지원하다

たくさんの人に支えられてここまで来た
많은 사람의 도움으로 여기까지 왔다

研究者の活発な活動を支えた
연구자의 활발한 활동을 지원했다

◆ 방지하다; 막아 내다.（ささえる）

敵の攻撃を支える
적의 공격을 막아 내다","[""import"",""japanese""]",2026-02-22 09:21:41.926413+00,e1848554-ffae-479c-a8cd-4c0d77b7bed2,2026-03-19 15:55:50.007522+00,0,0,0,2026-03-19 15:55:50.007522+00,0,null,null,null,false,null,null,null,null,true,5ce16909-ff1d-459c-ae3c-f376a9c9226b,null,null,"{""tables"":{""1"":{""rows"":[],""columns"":[]}}}",null,[],null,null
537511d5-00fe-483e-a6a2-c58d97692aa4,「酸っぱい（すっぱい）」,"「酸っぱい（すっぱい）：시다,시큼하다」とは、レモンや梅干しのような、酸味のある味や風味を表す言葉で、唾液腺を刺激し、口の中に広がる感覚です。食べ物が古くなったり、発酵したりした状態、あるいは状況が悪い（景気が悪いなど）、うんざりするといった比喩的な意味で使われることもあります。英語ではsour, tangy, tart, acidicなど、ニュアンスによって使い分けられます。 
味覚としての「酸っぱい」
代表例: レモン、梅干し、ヨーグルト、お酢、シークヮーサーなど。
感覚のメカニズム: 舌の特定の味細胞が酸（水素イオン）を感知する味覚で、唾液の分泌を促します。 
比喩的な意味での「酸っぱい」
古くなる・終わる: 盛りの時期を過ぎて、終わりに近い状態（例: 「役者は酸っぱくてもいい」）。
調子が悪い: 景気や状況が悪いこと（例: 「景気がすっぱくなる」）。
うんざりする: 同じことを何度も言われて嫌になること（例: 「口をすっぱくして言う」）。 
口の中が酸っぱいと感じる原因（病気の可能性） 
むし歯・歯周病: 細菌が食べかすを分解して酸を作り出す。
胃食道逆流症（逆流性食道炎）: 胃酸が逆流してくる症状（「酸っぱい水がこみ上げてくる」）。
唾液の減少: ストレスや乾燥、加齢などで唾液が減り、口の中が酸っぱく感じることがある。 
英語での表現例
Sour: 一般的な酸味（レモンなど）。
Tangy: 舌を刺激するような、香りの良い酸味（スパイス料理など）。
Tart: 酸味が控えめで、甘みも混じる（未熟なフルーツ、ヨーグルトなど）。
Acidic: ワインやコーヒーの酸味、化学的な酸性度。","[""import"",""japanese""]",2026-02-22 09:21:41.926413+00,e1848554-ffae-479c-a8cd-4c0d77b7bed2,2026-03-19 15:55:50.007522+00,0,0,0,2026-03-19 15:55:50.007522+00,0,null,null,null,false,null,null,null,null,true,0d90fc15-1d52-47a4-8ec1-6f6d9b5f508f,null,null,"{""tables"":{""1"":{""rows"":[],""columns"":[]}}}",null,[],null,null
53fd3bdc-5d9c-4bd6-8533-3b452f277634,「見覚え（みおぼえ）」,"「見覚え（みおぼえ）」とは、以前に見たことがあり、記憶に残っていること、またはその様子を指します。「見覚えがある」で「以前見たことがある気がする」「既視感がある」という意味で使われ、「見覚えのない」は「初めて見る」「見慣れない」という意味になります。 
詳しい意味
以前に見たことのある記憶: 「この景色に見覚えがある」「あの人に、どこかで会ったような見覚えがある」のように使います。
『見覚える（みおぼえる）』という動詞から派生: 忘れないように目印をつける「目覚え（めおぼえ）」と近い意味合いもありますが、通常は名詞の「見覚え」で使われます。 
例文
「この建物、見覚えがあるけど、どこで見たんだろう？」
「その顔には見覚えがないな。初めて会う人かな？」
類語・関連語
既視感（きしかん）: まさにこの「見覚えがある」状態を指す言葉で、一度も経験したことのない状況なのに、以前にも同じ経験をしたことがあるように感じる感覚です。
familiar (ファミリア): 英語で「見覚えがある」「おなじみの」といった意味で、""That looks familiar.""（それに見覚えがある）のように使われます。","[""import"",""japanese""]",2026-02-22 09:21:41.926413+00,e1848554-ffae-479c-a8cd-4c0d77b7bed2,2026-03-19 15:55:50.007522+00,0,0,0,2026-03-19 15:55:50.007522+00,0,null,null,null,false,null,null,null,null,true,0519c74b-c420-49ff-8116-5d65469dd2b0,null,null,"{""tables"":{""1"":{""rows"":[],""columns"":[]}}}",null,[],null,null
595d34ea-41b9-47ef-a511-67a2c24b0f16,「せめて」,"「せめて」は、理想通りにはいかなくても、最低限これだけは実現したい、あるいはしてほしいという気持ちを表す副詞で、「少なくとも」「～くらいは」「せめてもの」といった意味合いで使われます。期待や願望が込められ、状況が不十分な中で妥協点や最小限の要求を述べる際に用いられることが多いです。 
主な意味と使い方
最低限の要求・希望: 望む結果が得られない状況で、それだけでも達成したい、与えてほしいと願う気持ち。
例: 「せめて一言謝ってほしい」（少なくとも謝罪してほしい）。
例: 「せめて週末ぐらいは休みたい」（最低でも週末は休みたい）。
感情的なニュアンス: 主観的・感情的に最低限のものを求める際に使われ、「少なくとも」よりも強い願望が込められる。
語源: 動詞「責（せ）める」に由来し、「（最低限これだけは）責任をもって（やる/する）」というニュアンスを持つ。 
類語・関連表現
少なくとも: より客観的・論理的に最低限の条件を述べる場合に使われる。
****せめての: 「せめて」の連体形。「せめての心遣い」「せめての望み」のように名詞を修飾する。 
具体例
「せめて30分だけでも話せたら嬉しい」
「ご飯は残してもいいから、せめて刺身だけは全部食べて」（最低限これだけは食べてほしい）","[""import"",""japanese""]",2026-02-22 09:21:41.926413+00,e1848554-ffae-479c-a8cd-4c0d77b7bed2,2026-03-19 15:55:50.007522+00,0,0,0,2026-03-19 15:55:50.007522+00,0,null,null,null,false,null,null,null,null,true,fca07984-7ce7-40ce-9d07-f30b13ceb45c,null,null,"{""tables"":{""1"":{""rows"":[],""columns"":[]}}}",null,[],null,null
5b98fc98-f963-4657-a59d-650d9976d476,「認める（みとめる）」,"「認める」は主に「みとめる」と読み、相手の権利や主張を「受け入れる」「許可する」「正しいと判断する」（承認、許可、受諾）意味と、事実や存在を「見分ける」「気づく」（認識、発見、観察）意味がありますが、文脈によっては「したためる」と読み、「手紙などを丁寧に書き記す」という意味も持ちます。
相手の才能や意見を肯定する時（承認）、間違いを認める時（告白）、許可を出す時（許可）、自分の非を認識する時（自覚）など、多様な場面で使われる動詞です。
 
主な意味と読み方
みとめる (mitomeru):
承認・許可: 相手の主張や要求を「受け入れる」「許可する」。「承認する」「公認する」「容認する」などの類語があります。例：「彼の意見を認める」「申請を認可する」。
認識・発見: ある物事の存在や事実を「見分ける」「気づく」「理解する」。例：「才能を認める」「異状を認める（認識する）」。
告白・自認: 自分の過ちや事実を「認める」「告白する」。例：「罪を認める」。
したためる (shitatameru):
書き記す: 丁寧に心構えを整えて手紙などを「書き表す」。例：「便りを認める（＝手紙を書く）」。 
読み方のポイント
「便り（手紙）」に関する文脈なら「したためる」が正解。
「権利」「承認」「許可」「認識」など、受け入れる・判断する文脈なら「みとめる」。
文脈で意味が変わり、「みとめる」と「したためる」は同じ漢字で表記されるため注意が必要です。","[""import"",""japanese""]",2026-02-22 09:21:41.926413+00,e1848554-ffae-479c-a8cd-4c0d77b7bed2,2026-03-19 15:55:50.007522+00,0,0,0,2026-03-19 15:55:50.007522+00,0,null,null,null,false,null,null,null,null,true,ffa42d38-c07c-45e1-8163-51ff84ec0c55,null,null,"{""tables"":{""1"":{""rows"":[],""columns"":[]}}}",null,[],null,null
5dc5b09f-26dd-4a59-862f-64e646c67ae2,「坊主（ぼうず）」,"「坊主（ぼうず）」は元々寺の住職や僧侶を指す言葉で、「坊さんの主」が語源ですが、室町時代以降は一般の僧侶の総称となり、転じて髪を剃った頭（坊主頭・丸刈り）や、男の子の愛称（坊や）、さらには僧形（そうぎょう）の雑役係（茶坊主など）も指すようになりました。現代では、僧侶だけでなく、髪型の一種である「坊主頭」の意味合いが強く、清潔感や男らしさ、手入れのしやすさから人気のあるヘアスタイルです。 
「坊主」の主な意味
僧侶（そうりょ）：本来は「坊（寺の建物）の主（あるじ）」を意味する尊称で、住職を指しました。
髪型（坊主頭・丸刈り）：頭髪を短く刈りそろえた髪型。男性ホルモンとの関連や、清潔感、手入れのしやすさから人気があります。
男の子の愛称：幼い頃に髪を剃っていたことから、「坊や」と同様に男の子を指す愛称としても使われます。
特定の役割の人物：武家などで僧形で雑務をこなした人（茶坊主、太鼓坊主など）。
宣教師（歴史的）：キリスト教伝来当初、宣教師を指す言葉として「南蛮坊主」と呼ぶこともありました。 
現代における「坊主」の使われ方
ヘアスタイルとして：男性の髪型で「おしゃれ坊主」など、短髪のスタイルを指すことが多いです。
俗語として：親しみを込めて「坊主」や「お坊さん」と呼んだり、子供を指したりします。 
このように、「坊主」は歴史的・文化的な背景から多様な意味を持つ言葉です。","[""import"",""japanese""]",2026-02-22 09:21:41.926413+00,e1848554-ffae-479c-a8cd-4c0d77b7bed2,2026-03-19 15:55:50.007522+00,0,0,0,2026-03-19 15:55:50.007522+00,0,null,null,null,false,null,null,null,null,true,ce67c190-47dc-44cd-b598-c7249a70f173,null,null,"{""tables"":{""1"":{""rows"":[],""columns"":[]}}}",null,[],null,null
6224369d-836d-4d8e-bfa0-95fe13c4d83f,「苦手」と「下手」の違いをどう教える？,"「苦手」か「下手」か、誤用はどこから？

初級の学習者からよく「苦手と下手の違いは何ですか？」と質問を受けることがあります。また、「わたしは辛い食べ物が下手です」「わたしは勉強が下手です」といった誤用も耳にします。

英語に訳すと「苦手」も「下手」も「be bad at doing」や「be poor at doing」などになりますが、これだけだと説明が足りませんね。

また「〇〇さんは、人前で話すのが下手です」「同僚の△△さんは、英語が下手です」など、使い方を間違えると意図が伝わらないばかりか、相手を不快にさせてしまう可能性もあり、なかなかにリスキーな用法でもあります。

というわけで、今回はこの2つの使い方の違いや注意点について考えていきたいと思います。

「苦手」と「下手」、その意味と用法を考える
「苦手」とは？「下手」とは？
まずは辞書（明鏡国語辞典）でそれぞれの意味を確認していきましょう。

苦手

①性分が合わなくて、また、対処しにくくて嫌な感じを持つこと。また、そのような相手。例）苦手なチームと対戦する

②得意でないこと。不得手。例）英語の苦手な生徒

下手

①技術や手際が悪くて、物事が巧みに行えないこと。また、その人。また、物事を行った結果としての出来栄えが劣っていること。例）彼は商売が下手だ / 字の下手な人 / 素人だが下手な料理人よりはるかにうまい / 話し下手

②悪い結果を導くような、まずいやり方で物事を行うこと。また、その結果としての物事。例）下手なことは言うものではない / 下手な小細工はやめよ / 下手に動くと出血がひどくなる

というわけで、「苦手」と「下手」で意味のかぶりがあるのは、上記「苦手」の②と「下手」の①ですね。

両方ともスキルや能力が不足しているために、上手くできないことを表しています。

「下手」の②の意味は慣用的な使われ方をしているため、初級学習者が「苦手」と誤用することはなさそうです。

…ということは「苦手」の①「性分が合わなくて、また、対処しにくくて嫌な感じを持つこと。また、そのような相手」の使い方が、「下手」の使い方にはなく、誤用の原因になっているようです。

「苦手」にはあるが「下手」にはない用法は？
前述のとおり「苦手」も「下手」も、スキル的・能力的に問題があり、うまくできない・上手ではないという意味があります。

例文で確認してみましょう。

「わたしは歌を歌うのが下手です」と「わたしは歌を歌うのが苦手です」はほぼ同じ意味で、言い換え可能です。

「田中さんはピアノはうまいが、ドラムは下手だ」と「田中さんはピアノはうまいが、ドラムは苦手だ」も入れ替え可能で、スキル的に低いという意味となります。

一方で「苦手だ」には「①性分が合わなくて、また、対処しにくくて嫌な感じを持つこと」という意味がありました。つまり、「あまり好きではない」「嫌いだ」といった感情面の意味があるのがポイントです。

実際、「私はあの人が苦手だ」「私はピーマンが苦手だ」という文には、嫌だ！生理的に無理だ！といった感情的なものを感じますよね。

これらの文は、「私はあの人が下手だ」「私はピーマンが下手だ」と「下手」と入れ替えると意味が通らなくなります。

「苦手」は感情面にフォーカスするという点で、主観的な表現と言えます。

冒頭の例文「わたしは辛い食べ物が下手です」「わたしは勉強が下手です」も、スキルや能力面ではなく、感情面にフォーカスしているため、「苦手」というべきだったというわけですね。

「苦手」と「下手」を、違う角度から眺めてみる
「苦手」と「下手」の主語にフォーカスすると？
cotoのレッスンでも常連の『GENKI』の第8課に「上手です」と「下手です」の用法が登場します。

別に私はGENKIのテキストに文句を言いたいわけではないのですが、私はここのパートを教えるときにちょっと抵抗感があります。

テキストにはこのような例文が載っています。

「ロバートさんは料理を作るのが上手です」…OK。これはいい。

「たけしさんは英語を話すのが下手です」…文法上は何も間違っていないけど、なんか…たけしさんに失礼！

「わたしは英語を話すのが下手です」「わたしは料理が下手です」はまったく問題がありませんよね。話し手が主語の時は、謙遜した印象を受けます。

でも、「たけしさんは英語を話すのが下手です」「メアリーさんは料理が下手です」といった文からは、相手に対する不遜な印象を受けてしまいますよね。

そのため、私は学生さんには「文法上は間違っていないけど、相手が主語の時は『下手です』は使わないほうがいい」と補足するようにしています。

ここで「たけしさんは英語を話すのが苦手です」「メアリーさんは料理が苦手です」とすると、印象がたいぶマイルドになります。

これは「苦手」に心理面を表す意味があるためだと考えられます。スキルや能力ではなく、「性分が合わなくて」「心理的に嫌で」英語を話すのが上手ではない、料理が得意ではない、というニュアンスに感じられるからでしょう。

相手のスキルが低いことをどうしても言いたいときは「苦手です」を使ったり、「あまり上手じゃないです」や「不得意です」などに言い換えたり、または数値など客観的な評価基準を用いたりして伝えた方が良さそうです。

「苦手」と「下手」、一緒に使う名詞に特徴があるか
「苦手」の「①性分が合わなくて、また、対処しにくくて嫌な感じを持つこと。また、そのような相手」のケースにおいて、今度は一緒に使う名詞を確認したいと思います。

いくつか例文を見てみましょう。

・たけしさんは辛い物が苦手です

・私は声が大きい人が苦手だ

・私はピーマンが苦手だ

・メアリーさんは寒いのが苦手です

・母は騒がしいところが苦手だ

・父はスマホなどのデジタル機器が苦手だ

やはり心理的な特徴がここでもうかがえますね。

例に挙げた苦手の対象となっている名詞（辛い物・声が大きい人・ピーマン・寒いの・騒がしいところ・デジタル機器）は、人によっては好きなものだったり、得意なことだったりと、主観が大きく関わる名詞がくることが多いようです。

「苦手」「下手」の英語訳は、「be bad at doing」？
今回は「苦手」と「下手」の違いと注意点を見てきました。

この2つは初級学習者からよく質問を受ける表現ですし、誤用も散見されます。

「苦手」と「下手」は意味上・用法上の共通点があるものの、「苦手」だけが持つ感情的なニュアンスを押さえないと誤用につながってしまうことがあります。

また、「下手」は主語によって、相手に良くない印象を与えてしまうリスクがあります。

「be bad at doing」や「be poor at doing」の意味のほかに、それぞれの意味や使い方について補足説明ができると安心ですね。

「苦手」と「下手」の違いを学生に聞かれたら、学生にはこう答える！
おさえるべき４つのポイント
「苦手」「下手」ともにスキルが低いことを言う。

「苦手」にはスキルが低い以外に、心理的ハードルがあり「いやだ」「すきじゃない」の意味がある。

「下手」は自分以外の人について言及すると失礼になる（あえて悪口を言いたいなら別ですが…）。

「下手」はスキルにフォーカスのない名詞（勉強、文法、理科・数学などの教科など）には使わない。","[""import"",""japanese""]",2026-02-22 09:21:41.926413+00,e1848554-ffae-479c-a8cd-4c0d77b7bed2,2026-03-19 15:55:50.007522+00,0,0,0,2026-03-19 15:55:50.007522+00,0,null,null,null,false,null,null,null,null,true,2482fe35-9537-48f0-a6f7-265389cf2b3d,null,null,"{""tables"":{""1"":{""rows"":[],""columns"":[]}}}",null,[],null,null
6253e9bc-00f0-4227-a1a2-c5d4c7573e5e,「呼び捨て（よびすて）」,"「呼び捨て（よびすて）」とは、相手の名前（名字や下の名前）に「さん」「ちゃん」「くん」などの敬称をつけずに、名前だけをそのまま呼ぶこと（例：「田中」を「田中」、「太郎」を「太郎」）で、親密さやフランクさの表現、あるいは失礼にあたる場合（特に目上の人や職場）など、関係性によって意味合いが大きく変わる言葉の習慣です。親しい友人や恋人同士では好意や距離の近さを表す一方で、職場や目上の人に対してはパワハラや威圧的と受け取られることもあります。 
呼び捨ての意味と使われ方
親密さ・好意の表現: 恋人や親しい友人に対し、「特別感」や「距離が縮まった」と感じさせる効果があります。
関係性の変化: 「くん・ちゃん」付けから呼び捨てに変わることで、関係が深まったサインとして捉えられることがあります。
「さん」付けとの対比: 「さん付け」が丁寧でよそよそしいと感じられるのに対し、呼び捨てはよりオープンなコミュニケーションを促します。
心理的効果: 相手に「頼もしい」「男らしい」といった印象を与えることもあります。 
呼び捨てが問題になるケース
職場での上下関係: 上司が部下を呼び捨てにすると、「軽んじられている」「威圧的」と感じられ、パワハラと受け取られる可能性があります。
学校での指導: いじめ防止のため、小学校で「さん付け」指導が広がり、「呼び捨て」や「あだ名」が禁止されるケースもあります。 
まとめ
呼び捨ては、関係性や状況によって「親愛」「親密さ」の象徴にも「失礼」「威圧」の象徴にもなり得るため、相手との関係性や文化をよく考えて使うべき表現です。","[""import"",""japanese""]",2026-02-22 09:21:41.926413+00,e1848554-ffae-479c-a8cd-4c0d77b7bed2,2026-03-19 15:55:50.007522+00,0,0,0,2026-03-19 15:55:50.007522+00,0,null,null,null,false,null,null,null,null,true,316d2863-309d-46ac-8406-c9f38e981262,null,null,"{""tables"":{""1"":{""rows"":[],""columns"":[]}}}",null,[],null,null
62e09bfb-ce23-4106-8247-4cb43831952b,「口答え（くちごたえ）」,"「口答え（くちごたえ）」とは、目上の人や親、上司などに対して、逆らって言い返すこと、反論することを意味します。単に意見を言うだけでなく、批判的なニュアンスや、素直に聞かない態度が含まれ、相手の指示や言葉に対し否定的な反応を返す様子を指すことが多いです。 
主な意味と使われ方
目上の人への反発: 親や先生、上司に対して逆らって言い返す行為。
批判的な返答: 投げかけられた言葉にネガティブな反応や批判的な発言で返すこと。
言い換え: 「口返答（くちがえし）」「反論（はんろん）」「抗弁（こうべん）」など。
英語表現: ""talk back""、""sass""（生意気な態度で）など。 
親子の関係での「口答え」
子どもが口答えする行動は、自分の意見を持ち始めた成長の証と捉えられることもあります。
親が子どもの言い分を共感的に聞き、感情的にならずに冷静に伝えることが、関係改善のポイントとされています。 
例文
「彼は上司に口答えをして、後で反省した」。
「子どもが反抗期で、親の言うことに口答えばかりするようになった」。

https://youtu.be/oNF-yAYO5-M?si=ZLWNtbMshkbWPmJJ","[""import"",""japanese""]",2026-02-22 09:21:41.926413+00,e1848554-ffae-479c-a8cd-4c0d77b7bed2,2026-03-19 15:55:50.007522+00,0,0,0,2026-03-19 15:55:50.007522+00,0,null,null,null,false,null,null,null,null,true,fa611284-abb0-4445-9abc-e22937729d7e,null,null,"{""tables"":{""1"":{""rows"":[],""columns"":[]}}}",null,[],null,null
66a81858-237c-4414-8581-0cf1eb9ac8da,冷たい（つめたい）,"冷たい、という言葉は様々な意味合いで使われます。どのような意味で使われていますか？
もし、「寒い」や「温度が低い」という意味であれば、以下のような情報が考えられます。
天気に関する情報: 現在の天気予報や気温に関する情報をお探しですか？ Google で現在の気温を検索
物理的な冷たさ: 冷たい飲み物や食べ物、冷やす方法などをお探しですか？
比喩的な意味: 「冷たい態度」や「冷たい視線」のように、人の感情や態度を表す意味でお使いでしょうか？","[""import"",""japanese""]",2026-02-22 09:21:41.926413+00,e1848554-ffae-479c-a8cd-4c0d77b7bed2,2026-03-19 15:55:50.007522+00,0,0,0,2026-03-19 15:55:50.007522+00,0,null,null,null,false,null,null,null,null,true,38059b7a-efbe-4a25-928c-b58ba4396502,null,null,"{""tables"":{""1"":{""rows"":[],""columns"":[]}}}",null,[],null,null
68fa5e32-7c01-4839-ab96-3b35112d84c6,「支払い（しはらい）」,"「支払い（しはらい）」とは、商品やサービスの対価として金銭や財産上の利益を支払う行為・方法のことで、現金、クレジットカード、電子マネー、銀行振込、キャリア決済など様々な手段があります。支払いは「決済（けっさい）」とも呼ばれ、オンライン・オフライン問わず、経済取引において非常に基本的な概念です。 
主な支払い方法
オフライン（実店舗など）: 現金、代金引換（着払い）、コンビニ決済。
オンライン（ネット通販など）:
クレジットカード: 後払い、分割払いなど。
電子マネー・QRコード決済: Suica, PayPay, LINE Payなど。
キャリア決済: ドコモ払い、auかんたん決済など。
銀行ネット決済・ペイジー: ネットバンキングから直接支払う。
ウォレット決済: Google Pay, Apple Payなど。
コンビニ決済: ネットで注文後、コンビニで支払う。 
関連する用語
決済 (けっさい): 支払いを完了させる手続きや行為。商品・サービスと代金が交換されること。
弁済 (べんさい): 債務（借金など）を履行して支払うこと。
支払誓約書: 金銭の支払いを約束し、その意思を示す書類（借用書など）。 
使い方（例）
「支払いを済ませる」：お金を払う手続きを完了させる。
「お支払い方法を確認する」：どんな方法で払えるか、設定されているかを見る（例: Google Payの設定画面）。","[""import"",""japanese""]",2026-02-22 09:21:41.926413+00,e1848554-ffae-479c-a8cd-4c0d77b7bed2,2026-03-19 15:55:50.007522+00,0,0,0,2026-03-19 15:55:50.007522+00,0,null,null,null,false,null,null,null,null,true,c10dd849-f7a7-46b1-9e11-811bc42d71a8,null,null,"{""tables"":{""1"":{""rows"":[],""columns"":[]}}}",null,[],null,null
6ca17667-87b1-48ba-8604-f4e3ef10f447,「食う訳じゃない」,"「食う訳じゃない」は、「（必ずしも）食べるという意味ではない」「そういうつもり（意図）ではない」というニュアンスで使われ、「食べたり生活に困るほどではない」「（単に）食べるためだけじゃない」などの文脈で使われます。例えば、「仕事は忙しいけど、食う訳じゃない」なら「生活のためだけじゃない（他に目的がある）」、「これはお菓子だけど、おやつとして食う訳じゃない（何か別の意味がある）」といった感じです。 
主な意味と使い方
「食べる」ことそのものではない、別の意図がある場合:
例：「この話は、ただの噂話として食う訳じゃないんだよ。」（単なる噂話として流す意図ではない）
生活のため、という意味合いが薄い場合:
例：「別に金のためだけにやってるわけじゃなくて、食う訳じゃないし。」（生活のため、というだけではない）
比喩的な表現（「割を食う」「強敵を食う」など）の否定:
「割を食う」のように、損をするとか、他人の利益を奪うといったネガティブな意味を否定する場合にも使われますが、文脈が重要です。 
類似表現
「～というわけじゃない」: 「It's not that...」や「It's not like...」といった英語表現で、「～というわけではないけど…」と続くことが多いです。
「食べる」の口語表現: 「食う」は「食べる」のくだけた言い方で、「腹が減る」「食事をする」といった意味で使われます。 
「食う訳じゃない」は、文字通り「食べる」という意味から派生して、「（単に）～という意味ではない」「そういうつもりで言っているのではない」と、否定や言い換えのニュアンスを伝える表現として使われることが多いです。

https://youtu.be/YZUij1EaHJw?si=VdBPgwT7LyyXp5ru","[""import"",""japanese""]",2026-02-22 09:21:41.926413+00,e1848554-ffae-479c-a8cd-4c0d77b7bed2,2026-03-19 15:55:50.007522+00,0,0,0,2026-03-19 15:55:50.007522+00,0,null,null,null,false,null,null,null,null,true,bf475a18-94bf-4c97-b5d8-ff3a9e756a70,null,null,"{""tables"":{""1"":{""rows"":[],""columns"":[]}}}",null,[],null,null
6e57ce17-3989-45a1-a8d2-de363b9c76e8,シーシャ（水タバコ）,"シーシャ（水タバコ）とは、水パイプという専用器具を使い、香料で味付けされた葉タバコの煙を水にくぐらせて吸引する嗜好品で、中東発祥、水を通すことで煙が冷やされ、やわらかい味わいが特徴、様々なフレーバー（香り）が楽しめ、長時間喫煙可能、日本では20歳以上が対象で、ニコチンを含む製品が一般的です。﻿
シーシャの仕組みと特徴
水パイプ:炭で加熱された煙が水槽（壺）を通る際に、水でろ過・冷却されます。﻿
フレーバー:糖蜜や香料（フルーツ、ミント、スパイスなど）で味付けされたタバコ葉を使用し、甘く豊かな香りが楽しめます。﻿
味わい:水を通すことで、紙タバコよりもマイルドで吸いやすいのが特徴です。﻿
長時間:1回のセットで1時間程度楽しめ、ゆっくりと時間をかけて味わえます。﻿
楽しみ方:フレーバーのミックスや、熱管理による味の変化を研究するなど、奥深い楽しみ方があります。﻿
健康・法律面
健康リスク:一般的なシーシャにはニコチンやタールが含まれ、一酸化炭素も発生するため健康リスクはあります。ノンニコチン製品もあります。﻿
年齢制限:日本では紙巻きタバコと同様の扱いのため、20歳未満の使用・所持は法律で禁止されており、シーシャ店への立ち入りも制限されます。﻿
人気と背景
SNSで話題となり、カフェなどで若者を中心に人気が広がっています。﻿
リラックス効果やストレス軽減、コミュニケーションツールとしても楽しまれています。","[""import"",""japanese""]",2026-02-22 09:21:41.926413+00,e1848554-ffae-479c-a8cd-4c0d77b7bed2,2026-03-19 15:55:50.007522+00,0,0,0,2026-03-19 15:55:50.007522+00,0,null,null,null,false,null,null,null,null,true,e681cf2d-04c2-4d2d-ab5a-47b0b1a5d7b3,null,null,"{""tables"":{""1"":{""rows"":[],""columns"":[]}}}",null,[],null,null
70b6bb7c-4acc-4260-b36d-3f8ffdb46d5a,「深さ（ふかさ）」,"「深さ（ふかさ）」とは、物事の「深い」という状態やその度合いを指し、物理的な距離（水深、地中深さ）だけでなく、知性や感情、内容の豊かさ（深み）など、抽象的な意味でも使われます。具体的には、海洋の深度、地下の深さ、奥行きなどを数値や程度で表す際に用いられ、類語に「深度」「奥行き」「深み」などがあります。 
「深さ」の主な意味と使い方
物理的な深さ:
水深（例: 川の深さ）
地中や空間の奥行き（例: 地下40mより深い大深度地下）
測定可能な具体的な度合い（例: マリアナ海溝の深さは約10,920m）
抽象的な深さ（深み）:
知性や思想の豊かさ、内容の奥深さ（例: 彼の言葉に深みがある）
感情や芸術作品の訴えかける力（例: この絵画には深みがある） 
「深さ」と「深み」の違い
深さ（ふかさ）: 客観的・物理的で数値で測れるような度合い。
深み（ふかみ）: 主観的で、心に響くような内容の豊かさや奥行き。 
類語・関連語
深度 (しんど): 物理的な深さを測る際に使われる専門用語。
奥行き (おくゆき): 空間の前後方向の広がり。
奥深さ (おくぶかさ): 内容の豊かさ、複雑さ

깊이

深さが五フィートに達する：깊이가 5피트에 달하다.

Depth、profundity

その湖 みずうみの深さはどのくらいですか。
What is the depth of the lake?

われわれはその川の深さを測った。
We measured the depth of the river.

誰しもこの深淵の深さや広さを言い当てることはできないであろう。
It is likely that nobody can accurately estimate the depth and breadth of thisravine.

容積を計算するためには縦と横と深さをかければよい。
To calculate the capacity, multiply the length by the width by the depth.

直径１メートル、深さ２メートルの穴を掘るのに、約２時間半かかりました。
It took me about two and a half hours to dig a hole one meter in diameter andtwo meters in depth.","[""import"",""japanese""]",2026-02-22 09:21:41.926413+00,e1848554-ffae-479c-a8cd-4c0d77b7bed2,2026-03-19 15:55:50.007522+00,0,0,0,2026-03-19 15:55:50.007522+00,0,null,null,null,false,null,null,null,null,true,6331340a-c7c4-4e9b-9f96-d8d941a26e9b,null,null,"{""tables"":{""1"":{""rows"":[],""columns"":[]}}}",null,[],null,null
711da76f-60f7-498a-8231-77debfbce1a8,「定まらない（さだまらない）」,"「定まらない」とは、物事の方向性、状態、心（気持ち）、焦点などがはっきりせず、ぐらぐらして落ち着かない、決まらない、一貫性がない状態を指し、文脈によって「話がまとまらない」「腰が据わらない」「心が揺れ動く」「焦点が合わない」などの意味合いで使われます。 
主な使われ方と類語
内容・話などがはっきりしない場合:
「とりとめのない」「一貫性がない」「まとまりがない」「焦点が定まらない」
例：「話の筋が定まらない」「内容が定まらない」
姿勢・態度などが不安定な場合:
「腰が据わらない」「足元が定まらない」「ふらつく」「ぶれる」
例：「腰が定まらない」「態度が定まらない」
心・気持ちが揺れ動く場合:
「心が定まらない」「移り気」「飽きっぽい」「気が多い」
例：「心が定まらない」「彼の心は定まらない」
物理的な状態が不安定な場合:
「揺れ動く」「安定しない」「ブレる」「ピンボケになる」
例：「写真のピントが定まらない」「焦点が定まらない」 
「定まらない」のポイント
「定める」の否定: 「決める」「固定する」という意味の動詞「定める」の未然形＋「ない」で、「（何かが）決まっていない」「固定されていない」状態を表します。
文脈で意味が変わる: 何が「定まらない」のか（話、心、姿勢、物理的焦点など）によって、ニュアンスや適切な言い換えが変わるのが特徴です。
もし具体的な文脈があれば、より的確な表現や意味を説明できます。","[""import"",""japanese""]",2026-02-22 09:21:41.926413+00,e1848554-ffae-479c-a8cd-4c0d77b7bed2,2026-03-19 15:55:50.007522+00,0,0,0,2026-03-19 15:55:50.007522+00,0,null,null,null,false,null,null,null,null,true,d31cd42b-f4e3-4901-9c8d-b8087e4127f4,null,null,"{""tables"":{""1"":{""rows"":[],""columns"":[]}}}",null,[],null,null
71574ebf-b941-4ad0-8838-3737d10e3979,「界隈（かいわい）」,"「界隈（かいわい）」は元々「その辺り一帯、近辺」を指す言葉ですが、近年、Z世代を中心に「共通の趣味・価値観・境遇・業界などを持つ人々の集まり（コミュニティ）」を指す言葉としてSNSなどで広く使われています（例：「オタク界隈」「自然界隈」「#風呂キャンセル界隈」など）。これは、特定のジャンルやコンテンツ、ライフスタイルを共有する「仲間」を意味する、ゆるやかなネットワークを表す言葉として使われ、2024年の新語・流行語大賞にもノミネートされました。 
「界隈」の2つの主な意味
本来の意味（地域）: 特定の場所やその周辺地域を指します（例：銀座界隈、渋谷界隈）。
現代的な意味（コミュニティ）:
特定のジャンル・趣味: アニメ、アイドル、ファッション、推し活など、共通の関心を持つ人々。
価値観・ライフスタイル: 「風呂キャンセル界隈」のように、ある特定の行動や考え方を持つ人々。
SNSでの繋がり: 共通の話題でつながる、ゆるやかなファンダム（ファンコミュニティ）。 
使われ方の特徴
「○○界隈」の形: 「○○」の部分に趣味や事柄が入ります。
仲間意識: ポジティブな意味で「同じ趣味の仲間」を表す。
Z世代の言葉: SNSで頻繁に使われ、共感や居場所を求めるZ世代の心理を反映。 
例
「私はアイドルオタク界隈にいます。」（アイドルファンコミュニティに属している）
「最近、○○というブランドの界隈で話題になっている。」（そのブランドのファン層の間で話題）","[""import"",""japanese""]",2026-02-22 09:21:41.926413+00,e1848554-ffae-479c-a8cd-4c0d77b7bed2,2026-03-19 15:55:50.007522+00,0,0,0,2026-03-19 15:55:50.007522+00,0,null,null,null,false,null,null,null,null,true,fbfeef31-ed9c-460c-8757-d5b5a57e6e00,null,null,"{""tables"":{""1"":{""rows"":[],""columns"":[]}}}",null,[],null,null
767ea078-0949-4eb7-89ce-8ac195286ceb,「焦る（あせる）」,"「焦る（あせる）」とは、物事が思うように進まなかったり、時間や状況に追われたりして、落ち着きを失い、そわそわしたり、イライラしたり、慌てたりする状態を指します。危険や失敗が迫る感覚からくることもあり、英語では panic, hurry, rushed, freaked out など状況によって表現が変わりますが、基本は心が動揺し、落ち着かなくなることです。 
「焦る」の主な意味・ニュアンス
時間的プレッシャー: 締め切りに追われる、時間がない、などで慌てる（例：残り1分で焦る）。
心理的な動揺: 予期せぬ事態で心が乱れる、狼狽する（例：転びそうになって焦った）。
いらだち・そわそわ: 思うように進まないことへの苛立ち、落ち着きがない状態（例：気ばかり焦ってうまくできない）。
切迫感: 危険や失敗が迫っているように感じて慌てること。 
「焦る」の類語・関連表現
焦燥感（しょうそうかん）: 焦りやいらだち、落ち着かない気持ちが強くなった状態。
ジリジリする: 精神的に追い詰められていらだつ様子。
イライラする: 不満や不快感からくる落ち着きのなさ。 
対処法
客観視する: 「自分は今、焦っているな」と自覚する。
休息をとる: 疲れていると焦りやすいため、まずは休む。
波に乗る: 状況が悪い時は無理せず、焦らず現状維持を心がける。 
「焦る」は日常的によく使われる言葉ですが、状況によっては「慌てる」や「いらだつ」といった、より具体的な感情と近い意味合いで使われます。

https://mazii.net/ko-KR/search/word/jako/%E7%84%A6%E3%82%8B

◆ 초조해하다; 안달[애타]하다; 조바심하다; 조급하게 굴다.

勝ちを焦る
조급하게 승리를 서두르다

焦っても仕様がない
안달해 봤자 소용없다[별수 없다]

焦れば焦るほどうまくいかない
조급하게 굴면 굴수록 (일이) 잘 안된다

https://news.yahoo.co.jp/expert/articles/9a51fbcb9b50a1710f7bfeb535b02ce7a8a8dae7

「焦る」、「焦った」は英語でなんというでしょうか？

今日は「焦る」、「焦った」を表現できる英語表現をご紹介します！

panic
一番わかりやすいのは""panic""だと思います。パニックになる、という意味で焦る、と伝えたい時に使えます。

I was so panicked because I forgot to bring all the material for presentation.
プレゼン資料忘れてすっごく焦った！

freak out
""freak out""は「パニくる」「びっくりする」「ビビる」という意味。

The news freaked me out.
そのニュースでパニクってしまった。

I haven’t finished my essay. I'm freaking out!
論文が終わってない。焦ってる！

in a hurry / rush
時間がなくて急いでいる、と伝えたい時は""in a hurry/rush""で表現することができます。

I was in a hurry because I was almost late.

遅刻しそうだったので急いでいた。

my mind go blank
頭が真っ白になっちゃったと言いたいときは""my mind went blank""を使うことができます。

I was so nervous. My mind went blank.
超緊張しちゃって。頭が真っ白になっちゃったんだよ。

I don’t remember what I said throughout the presentation.

My mind went blank.
プレゼンテーションで何を言っていたか覚えていない。

頭が空っぽになっちゃった。

最後に
他にも映画で学べる表現を勉強したい方はこちらをどうぞ！

また、インスタグラムでも使える英語を発信しています♪","[""import"",""japanese""]",2026-02-22 09:21:41.926413+00,e1848554-ffae-479c-a8cd-4c0d77b7bed2,2026-03-19 15:55:50.007522+00,0,0,0,2026-03-19 15:55:50.007522+00,0,null,null,null,false,null,null,null,null,true,f4340de5-fca0-40f4-80b4-541866bc7f71,null,null,"{""tables"":{""1"":{""rows"":[],""columns"":[]}}}",null,[],null,null
76ab58e8-8500-41ed-aecb-53d15790378e,「むなしい（虚しい・空しい）」,"「むなしい（虚しい・空しい）」とは、中身がなく空っぽであること、努力や結果が無駄で意味がないこと、はかなくて頼りないことなどを表し、「虚無感」「空虚感」「やりきれない」「心にぽっかり穴が開いたよう」といった感情や状態を指します。具体的には「空しい努力」「虚しい名声」「心が虚しくなる」「虚しい気分」のように使われ、人生や物事の価値を見出せないネガティブな気持ちを表現する際に用いられます。 
「むなしい」の主な意味
中身がない・空っぽであること（虚しい）：
実質がなく、うわべだけである状態（例：大臣の虚しい答弁、虚しい名声）。
心が満たされず、空っぽでうつろな感じ（例：心が虚しくなる、虚無感）。
無意味・無益であること（空しい）：
努力が報われず、効果がないこと（例：空しい努力、善戦むなしく敗退）。
はかない・頼りないこと：
かりそめで、すぐに消え去ってしまうような様子（例：空しい夢）。 
関連する言葉
虚無感（きょむかん）： 人生や世の中に意味や価値を見出せない状態。
空虚（くうきょ）： 中身がなく、心にぽっかり穴が開いたような感覚。
はかない： すぐに消えたり、なくなったりする様子。
やりきれない： どうしようもなくつらく、悲しい気持ち。 
これらの言葉は、文脈や感情のニュアンスによって使い分けられます。

https://youtu.be/9-1NU3rHUVM?si=q2K2r-eyTo4ZcBhR","[""import"",""japanese""]",2026-02-22 09:21:41.926413+00,e1848554-ffae-479c-a8cd-4c0d77b7bed2,2026-03-19 15:55:50.007522+00,0,0,0,2026-03-19 15:55:50.007522+00,0,null,null,null,false,null,null,null,null,true,7a33ec61-face-408e-ae14-242dd1f97440,null,null,"{""tables"":{""1"":{""rows"":[],""columns"":[]}}}",null,[],null,null
77d03642-64fd-4d64-ad7f-5abf58b174dd,「踏んで（ふんで）」,"「踏んで」は動詞「踏む」（ふむ）の命令形や依頼形（「～してください」の「～て」の形）で、「足で上から押さえる」「（比喩的に）無視する・軽んじる」「地雷・バグを踏む」などの意味があり、文脈によって「地面を踏んで進む」「期待を裏切らないで（踏み切って）」など、具体的な行動から比喩的な意味まで幅広く使われます。 
主な意味と使い方
物理的に踏む
例：「この道、ちゃんと踏んで（足跡つけて）行こう」
例：「この石を踏んで（足がかりにして）登る」
比喩的に「無視する」「軽んじる」
例：「約束を踏んで（破って）しまった」
例：「彼の気持ちを踏んで（顧みず）行動した」
IT用語・隠語で「バグに遭遇する」
例：「新しいシステムで、また踏んで（バグを踏んで）しまったよ」
「～を踏まえて」（前提として考慮する）
例：「これまでの経験を踏んで（考慮して）、判断する」 
文脈が重要
「踏んで」だけでは意味が定まらないため、どのような状況で使われているかによって解釈が変わります。
もし、具体的な文脈があれば教えていただけると、より的確な回答ができます。

밟다

「踏む」の英語は文脈で異なり、「step on」（何かを踏む）、「step on someone's foot」（人の足を踏む）、「apply」（アクセル・ブレーキ）、「go through」（手続き）などがあり、「trample on」は踏みつける、踏みにじる（権利など）という強い意味です。 
具体的な表現と例文
step on / step on ~'s foot: 最も一般的で、足で何かを踏む、人の足を踏む。
I stepped on a banana.（バナナを踏んだ）
You stepped on my foot!（私の足を踏んだ！）
trample on: 踏みつける、踏みにじる（権利など）。
Their rights were trampled on.（彼らの権利は踏みにじられた）
apply (the brake/accelerator): アクセルやブレーキを踏む（操作する）。
I applied the brake.（ブレーキを踏んだ）
go through: 手続きなどを踏む（経験する、実行する）。
We need to go through a series of formalities.（一連の手続きを踏む必要がある）
stamp one's feet: 地団駄を踏む、足を踏み鳴らす。
He stamped his feet in frustration.（彼は悔しさで地団駄を踏んだ）
tread on someone's toes: （比喩的に）人の領域を侵す、（文字通り）人のつま先を踏む。 
状況に応じた使い分け
物理的に何かを踏む: step on。
アクセル・ブレーキを踏む: apply。
権利などを踏みにじる: trample on。
経験や手順を踏む: go through, have experience。
悔しくて足を踏み鳴らす: stamp one's feet。","[""import"",""japanese""]",2026-02-22 09:21:41.926413+00,e1848554-ffae-479c-a8cd-4c0d77b7bed2,2026-03-19 15:55:50.007522+00,0,0,0,2026-03-19 15:55:50.007522+00,0,null,null,null,false,null,null,null,null,true,ef16c956-c205-47ea-80c2-45e54465b619,null,null,"{""tables"":{""1"":{""rows"":[],""columns"":[]}}}",null,[],null,null
79c05ef3-227b-4943-b296-a178cad0df51,「前向き（まえむき）」,"「前向き（まえむき）」とは、物事に対して積極的・建設的な姿勢を指し、ポジティブに考えたり、未来志向で行動したりする様子を表します。物理的に「正面を向く」ことと、精神的に「前向きな態度や考え方」の2つの意味があり、後者は「ポジティブ思考」「楽観的」などと言い換えられます。 
主な意味と使い方
積極的な姿勢: 物事のいい面を見たり、困難でも解決策を探したりする姿勢。「前向きに検討します」は「前向きに（積極的に）よく調べて考える」という意味で、ビジネスでは「保留」を意味する場合もあります。
ポジティブな思考: 過去ではなく未来の目標や、不足ではなく与えられたものに目を向ける考え方。
行動力: グズグズせず、すぐに行動に移そうとする様子。 
類語・関連表現
ポジティブ、肯定的、建設的
楽観的、プラス思考
意欲的、やる気が出る
前進思考、実行力がある 
例文
「困難な状況でも前向きな面を見つけようとする」
「前向きに考えれば、この問題も解決できる」
「プロジェクトに前向きな姿勢で取り組む」 
「前向き」は、単に物理的に前を向くだけでなく、心の持ち方や行動のあり方を示す言葉として広く使われています。","[""import"",""japanese""]",2026-02-22 09:21:41.926413+00,e1848554-ffae-479c-a8cd-4c0d77b7bed2,2026-03-19 15:55:50.007522+00,0,0,0,2026-03-19 15:55:50.007522+00,0,null,null,null,false,null,null,null,null,true,4e11a03a-95b8-47ff-bd39-1d191874ec22,null,null,"{""tables"":{""1"":{""rows"":[],""columns"":[]}}}",null,[],null,null
7a14fca7-4669-4706-8556-e833c2222d43,とりあえず,"「とりあえず」は「まず第一に」「さしあたって」「一時的に」という意味の副詞で、他のことは後回しにして目の前のことや差し迫ったことを先に片付ける際に使います。日常会話では「とりあえずビール！」のように気軽に使われますが、ビジネスシーンでは「間に合わせ」「いい加減」といったネガティブな印象を与える可能性があり、「ひとまず」「当面は」などへの言い換えが推奨されます。 
「とりあえず」の主な意味と使い方
優先順位をつける: 他の多くの事柄を置いて、そのことだけを優先して行う意味。「（他のことは後にして）とりあえずこれを先にやろう」。
一時的な対応: 根本的な解決ではなく、一時しのぎや仮の措置として行う意味。「とりあえず応急処置だけしておく」。
気軽さ・迷い: 良い考えが浮かばない時や、深く考えずに最初の行動として選ぶニュアンス。「他に良い考えがないから、とりあえずこれにしとく」。 
ビジネスシーンでの注意点と類語
注意: 「とりあえず作った」という表現は、「ろくに考えず作った」と取られかねず、相手に不快感を与えることがあります。
言い換え表現:
「ひとまず」: 「とりあえず」よりも丁寧で、一時的な対応を示す際に使いやすい。
「当面は」「さしあたり」: 「今のところは」「当面の間」という意味で、中長期的な視点も含む。
「まずは」「最初（に）」: 優先順位を明確にする場合。 
「とりあえず」の語源
元々は「取りも敢えず（とりもあへず）」という言葉で、「（他に取るべきものがなく）たちどころに」「すぐに」という瞬間性や性急さを表していました。 
状況に応じて「とりあえず」のニュアンスを理解し、相手に誤解を与えないように「ひとまず」などの言葉を使い分けるのがポイントです。","[""import"",""japanese""]",2026-02-22 09:21:41.926413+00,e1848554-ffae-479c-a8cd-4c0d77b7bed2,2026-03-19 15:55:50.007522+00,0,0,0,2026-03-19 15:55:50.007522+00,0,null,null,null,false,null,null,null,null,true,71643bf5-6b72-431b-8f48-529be82ee894,null,null,"{""tables"":{""1"":{""rows"":[],""columns"":[]}}}",null,[],null,null
7d819a09-e383-4bf3-9f27-439a3eb853c0,「例えば」（たとえば）,"「例えば」（たとえば）は、具体的な例を挙げて説明する際に使う接続詞で、「〜のように」「〜みたいな」といった意味合いを持ち、野球やテニスのような球技が好き、と例示したり、仮定の話をする際にも使われます（例：もしもここが外国なら）。英語では ""for example"" (e.g.) がこれにあたりますが、口語では ""like"" も使われます。 
「例えば」の主な使い方
具体例を示す：一般論の後に具体的な事例を提示する。「球技、例えば野球やテニスが好きだ」。
比喩・たとえ話：何かを他のものにたとえる。「君の勉強は、例えば春の雪のようで…」。
仮定の話：もしもの状況を想定する。「例えばここが外国なら、言葉が通じないだろう」。 
類語・言い換え
例を挙げると
一例を挙げると
具体的には
〜のような（口語） 
英語での表現
for example (e.g.)：フォーマルな場面や書き言葉で広く使われる。
like：日常会話で「〜みたいな」「〜とか」というニュアンスで使われる。 
例文
「好きな飲み物は何ですか？ 例えば、コーヒーや紅茶が好きです。」
「彼は色々なことができる。例えば、ピアノも弾けるし、絵も描ける。」","[""import"",""japanese""]",2026-02-22 09:21:41.926413+00,e1848554-ffae-479c-a8cd-4c0d77b7bed2,2026-03-19 15:55:50.007522+00,0,0,0,2026-03-19 15:55:50.007522+00,0,null,null,null,false,null,null,null,null,true,a378df5a-22c3-4b2f-be74-6bf9232c88a8,null,null,"{""tables"":{""1"":{""rows"":[],""columns"":[]}}}",null,[],null,null
7e2b27ef-fcd1-439d-a912-0521747dc019,「仕組み（しくみ）」,"「仕組み（しくみ）」とは、物事が成り立つための基本的な構造、原理、または手順を指し、機械の動作原理から組織の運営方法、自然現象の法則まで幅広く使われ、「システム」「メカニズム」「構造」「計画」といった意味合いで、「誰がやっても同じ結果を出せるように標準化・設計された方法」（仕組み化）を指すビジネス用語としても重要です。 
「仕組み」の主な意味と使われ方
構造・メカニズム: 機械のギアの噛み合わせや、生物の体の構造など、部品が連動して機能する原理。
システム・プロセス: 組織が目標を達成するための運営方法、業務の流れ、ルールなど。
工夫・計画: 物事をうまく運ぶために、意図的に作り上げられた計画や仕掛け（例：小説の伏線）。 
ビジネスにおける「仕組み化」
目的: 特定の人に依存せず（属人化を防ぎ）、誰でも、いつ、どこでやっても同じ品質と成果が出せる状態を作ること。
具体例: 詳細なマニュアル作成、業務の自動化、SaaSツールの導入など。
メリット: ムダの削減、品質の安定、技術継承の促進、生産性向上など。 
類語・言い換え
システム、メカニズム、構造、プロセス、フレームワーク、機構、体系、設計。 
例
「時計の仕組みがわからない」→ 内部の構造や動作原理。
「会社の仕組みを変える」→ 業務プロセスや組織運営の方法。
「営業の仕組み化」→ 属人的な営業手法をマニュアル化し、誰でもできるようにする。 
「仕組み」を理解することで、物事の本質を把握し、より効率的・効果的な改善（仕組み化）が可能になります。","[""import"",""japanese""]",2026-02-22 09:21:41.926413+00,e1848554-ffae-479c-a8cd-4c0d77b7bed2,2026-03-19 15:55:50.007522+00,0,0,0,2026-03-19 15:55:50.007522+00,0,null,null,null,false,null,null,null,null,true,22988156-0b6d-4fdc-b7d8-f3364bc93bb7,null,null,"{""tables"":{""1"":{""rows"":[],""columns"":[]}}}",null,[],null,null
7e399d4a-ae71-43cc-b6d5-7db5d433a8e8,狙い（ねらい）,"「狙い（ねらい）」とは、目標に当てようとすること（照準を合わせる行為）や、達成しようとする意図・目的・目当てを指し、目的よりも具体的・短期的で、何を達成したいかという具体的な「意図」や「目当て」を意味します。文脈により「狙い所（ねらいどころ）」のように「的」や「良い機会」を指す場合もあり、漢字で書くこともありますが、意図や企画の文脈ではひらがなで書く方が自然な場合も多いです。 
主な意味と使い方
**目標に当てる行為: 弓や鉄砲で的を射るように、目標を定め、そこに当てようとすること。
例：「狙いを定める」「狙いをつけて撃つ」
**意図・目的・目当て: ある行動の裏にある、達成したい具体的な目標や意図。
例：「この企画の狙いは顧客層の拡大だ」「作者の狙いを読み解く」
****狙い所（ねらいどころ）**: 狙うべき重要な点、または良い機会や時期。
例：「ここが狙い目だ」「好機を狙う」 
目的・目標との違い
目的: 長期的なゴールや大局的な方針（例：会社の存続）。
目標: 目的を達成するための具体的な数値や状態（例：来期売上120%達成）。
狙い: 目標達成のための具体的な「意図」や「手段」（例：あの層に絞って広告を打つ）。 
類語
意図、目当て、目的、企図、思案、本旨
（行為として）照準を合わせる、的を絞る、ロックオンする 
英語での表現例
Have a point (狙いがある)
Take aim / aim (狙いを付ける)
On-target (狙いどおりの)","[""import"",""japanese""]",2026-02-22 09:21:41.926413+00,e1848554-ffae-479c-a8cd-4c0d77b7bed2,2026-03-19 15:55:50.007522+00,0,0,0,2026-03-19 15:55:50.007522+00,0,null,null,null,false,null,null,null,null,true,5c892f3f-12b2-4c04-89d7-781ce1d30e5c,null,null,"{""tables"":{""1"":{""rows"":[],""columns"":[]}}}",null,[],null,null
82763e9c-ef96-4fbb-85bf-77e39af4901c,落とす（おとす）,"「落とす（おとす）」は、「物を重みで下へ移動させる（落とす、ドロップする）」、「紛失する（なくす）」、「信用や地位を下げる」、「（データなどを）ダウンロードする」、「（メイクや汚れを）除去する」、「（試験で）不合格にする」など、文脈によって非常に多くの意味を持つ他動詞です。物理的な落下だけでなく、抽象的な事柄（信用、順位、スピード）にも使われ、IT用語で「ダウンロードする」の意味でも使われます。 
主な意味と例文
物理的に落とす
財布を落とす（紛失する）
水を落とす（流す、注ぐ）
飛ぶ鳥も落とす勢い（非常に強い力で）
抽象的なものを落とす
信用を落とす（失墜させる）
順位を落とす（下げる）
声を落とす（小さくする）
品質を落とす（下げる）
削除・除去する
名簿から落とす（削除する、除外する）
メイクを落とす（洗い流す、除去する）
試験・選考などで不合格にする
志願者を落とす（不合格にする、落選させる）
IT用語（俗語）
ファイルを落とす（ダウンロードする） 
自動詞「落ちる（おちる）」との違い
落とす（おとす）: 他動詞（～を落とす、目的語をとる）。自分で意図して行う動作。
落ちる（おちる）: 自動詞（～が落ちる、主語が落ちる）。自然に起こる状態や、意図しない結果。 
送り仮名
「落とす」が一般的ですが、「落す」と送り仮名を省略する表記も慣用的に使われます（例：落石）。","[""import"",""japanese""]",2026-02-22 09:21:41.926413+00,e1848554-ffae-479c-a8cd-4c0d77b7bed2,2026-03-19 15:55:50.007522+00,0,0,0,2026-03-19 15:55:50.007522+00,0,null,null,null,false,null,null,null,null,true,9dc0c297-0c57-462a-b900-856ad259f020,null,null,"{""tables"":{""1"":{""rows"":[],""columns"":[]}}}",null,[],null,null
83253b9e-ff2c-4df3-bd4e-e8de544a7cf1,「汚い（きたない）」,"「汚い（きたない）」は、物理的に汚れている状態（不潔、不浄）、見た目が乱雑で不快な様子（むさくるしい）、道徳的・精神的に卑劣であること（下品、意地汚い）など、さまざまな「汚れ」や「不快感」を表す日本語の形容詞です。英語では主に ""dirty""、""filthy""、""messy"" などが使われ、文脈によって「汚い」のニュアンスが異なりますが、「汚い」は物理的な汚れだけでなく、比喩的な意味でも広く使われる万能な言葉です。 
主な意味と使い方
物理的な汚れ: 泥が付いている、シミがある、不潔な状態。「部屋が汚い」「手が汚い」など。
不潔・不浄: 衛生状態が悪い、不浄なもの。「不潔」「不浄」などと言い換えられます。
見た目の乱雑さ: 散らかっている、みすぼらしい状態。「むさくるしい」「乱雑」など。
比喩的な汚れ:
精神・道徳: 卑劣な手段、意地汚いこと。「汚い手を使う」「汚い言葉」など。
言葉遣い: 下品な言葉、暴言。「汚い言葉」。 
英語での表現例
dirty: 最も一般的。「My room is so dirty.（部屋がとても汚い）」。
filthy: 非常に汚れている、ひどく汚い。「filthy language（汚い言葉）」。
messy: 散らかっている、乱雑。「messy room（散らかった部屋）」。
sordid: 陰惨で汚い、道徳的に堕落した場所や状況。 
類語（日本語）
不潔、不浄、不衛生、穢れた。
むさくるしい、小汚い、薄汚い、汚らしい。
みすぼらしい、ぼろい。
意地汚い、卑劣、下品。","[""import"",""japanese""]",2026-02-22 09:21:41.926413+00,e1848554-ffae-479c-a8cd-4c0d77b7bed2,2026-03-19 15:55:50.007522+00,0,1,0,2026-03-19 15:55:50.007522+00,0,null,null,null,false,null,null,null,null,true,893b5c71-8974-4905-91d2-9af6a63fc0d9,null,null,"{""tables"":{""1"":{""rows"":[],""columns"":[]}}}",null,[],null,null
83b4e031-3bb1-450b-87e9-c5ab93722565,深さ（ふかさ）,"「深さ（ふかさ）」とは、物事がどれだけ深く、奥まっているか、またはその度合いを示す言葉で、物理的な場所（海の深さ、穴の深さなど）や、比喩的な意味（考えの深さ、感情の深さなど）で使われ、「奥行き」「深度」「深み」といった類語があります。文脈によって客観的な数値（深度）と、主観的な感じ方（深み）に使い分けられるのが特徴です。 
主な意味と使い方
物理的な深さ（客観的・数値的）:
海、川、穴などの水面や表面から底までの垂直距離（例：水深、深度）。
「この川の深さはどれくらいですか？」のように数値で測れるもの。
比喩的な深さ（主観的・感覚的）:
物事の奥ゆかしさ、複雑さ、感情の豊かさなど（例：味わい深い、心に響く）。
「この絵画には深みがある」「彼の言葉に深みを感じる」のように、感じ方や解釈が人によって異なる場合。
関連する言葉:
奥行き（おくゆき）: 前後、左右、上下方向への広がりや深さ。
深度（しんど）: 特に深海や地質などで使われる客観的な深さ。
深み（ふかみ）: 比喩的な意味での深さ（例：味の深み、心の深み）。 
具体例
例1（物理）: マリアナ海溝の深さは約11,000メートルに達する。
例2（比喩）: 彼の人生経験が、彼の仕事の深みを生み出している。","[""import"",""japanese""]",2026-02-22 09:21:41.926413+00,e1848554-ffae-479c-a8cd-4c0d77b7bed2,2026-03-19 15:55:50.007522+00,0,0,0,2026-03-19 15:55:50.007522+00,0,null,null,null,false,null,null,null,null,true,12c8edd0-cfcd-48ec-ba89-f0180f1f049f,null,null,"{""tables"":{""1"":{""rows"":[],""columns"":[]}}}",null,[],null,null
86074a5a-db1a-4a6a-8efd-5ca2243051f9,「正しい（ただしい）」,"「正しい」とは、事実や真実に合っていること、決まりや道徳にかなっていること、間違っていない状態を指し、具体的には「正解」「適切」「妥当」「真実」といった意味合いで使われ、英語では「right」「correct」「accurate」など、状況によって使い分けられます。 
「正しい」の主な意味
事実との一致: 事柄の本質や事実に合っていること。「数学の答えが正しい」「事実に基づいている」。
規範・規則への適合: 法律、道徳、ルール、常識などに沿っていること。「正しい行い」「正しい手順」。
的確さ: 表現や判断が正確で、間違っていないこと。「正しい判断」「正しい情報」。
適切さ: 状況や目的に合致していること。「適切な対応」。 
英語での表現例
Right: 倫理的な正しさや、決定・選択が適切である場合。「That was the right decision.（それは正しい決断だった）」。
Correct: 事実や基準に合致している、間違いがない場合。「Is that correct?（それは正しいですか？）」。
Accurate: 非常に正確で、詳細まで一致している場合。「accurate data（正確なデータ）」。 
類語・言い換え表現
間違っていない、当たっている、正解だ（一般的な状況）
妥当な、至当な、適切な（判断や状況に対して）
正式には、正確には、実際には（補足情報として）","[""import"",""japanese""]",2026-02-22 09:21:41.926413+00,e1848554-ffae-479c-a8cd-4c0d77b7bed2,2026-03-19 15:55:50.007522+00,0,0,0,2026-03-19 15:55:50.007522+00,0,null,null,null,false,null,null,null,null,true,869d481f-2d84-411f-822a-7e365daece81,null,null,"{""tables"":{""1"":{""rows"":[],""columns"":[]}}}",null,[],null,null
862a59a3-9b67-4cf9-9035-bd0642a24435,お年玉（おとしだま、御年玉）,"お年玉（おとしだま、御年玉）は、新年を祝うために贈られる金品のこと。単に年玉（としだま）ともいう。現代では特に子供に金銭を与える習慣及びその金銭の意で用いられている。歳暮と異なり、目上の者が目下の者に贈るのが特徴[1]。反対に、目下の者が目上の者に贈る場合はお年賀（御年賀）という。

https://youtu.be/pi-R2O8cI_w?si=W2LHZ8KF9Ec1sC9d

https://ja.wikipedia.org/wiki/%E3%81%8A%E5%B9%B4%E7%8E%89","[""import"",""japanese""]",2026-02-22 09:21:41.926413+00,e1848554-ffae-479c-a8cd-4c0d77b7bed2,2026-03-19 15:55:50.007522+00,0,0,0,2026-03-19 15:55:50.007522+00,0,null,null,null,false,null,null,null,null,true,0e74c6bf-dc6c-4f69-8016-258505cf6c42,null,null,"{""tables"":{""1"":{""rows"":[],""columns"":[]}}}",null,[],null,null
88f34c3a-a7a5-4a10-b8b8-7612c9f2a964,「面倒を見る（めんどうをみる）」,"「面倒を見る（めんどうをみる）」とは、人の世話をしたり、気を配って助けたりすることで、「世話をする」「ケアする」「< 手助けする」といった意味があり、子供の世話、ペットの世話、老親の世話など、さまざまな場面で使われますが、目上の人には「お世話になります」のように表現するのが適切です。﻿
意味と使い方
世話・介護:病人や高齢者、子供などを保護し、身の回りの世話をすること。「両親の面倒を見る」「子供の面倒を見る」のように使います。﻿
サポート・手助け:困っている人や、自分では難しいことを助けてあげること。「旅行中、友達が犬の面倒を見てくれた」「会社の経理の面倒を見る」など。﻿
「面倒」の語源:手数がかかってやっかいなこと（例：面倒な仕事）と、他人の世話（例：面倒をかける）の2つの意味があり、この場合は後者の「世話」の意味です。﻿
類語・言い換え表現
世話をする（せわをする）
世話を焼く（せわをやく）
手助けする（てだすけする）
ケアする（けあする）
介抱する（かいほうする）
（目上の人に対して）お世話になる（おせわになる）﻿
例文
「母が病気なので、しばらく私が面倒を見ます。」（世話をする）﻿
「彼はいつも後輩の面倒を見てくれる、面倒見の良い先輩だ。」（手助け・指導する）﻿
「旅行に行く間、実家に猫の面倒を見てほしいと頼んだ。」（ペットの世話）

Netflix　クレヨンしんちゃん:オラたちの恐竜日記","[""import"",""japanese""]",2026-02-22 09:21:41.926413+00,e1848554-ffae-479c-a8cd-4c0d77b7bed2,2026-03-19 15:55:50.007522+00,0,0,0,2026-03-19 15:55:50.007522+00,0,null,null,null,false,null,null,null,null,true,ee595769-9696-4e0e-aab8-44904d0f8791,null,null,"{""tables"":{""1"":{""rows"":[],""columns"":[]}}}",null,[],null,null
8d326f37-c48a-4005-bfb8-e402271250ec,「ご褒美（ごほうび）」,"「ご褒美」とは、目標達成や努力をねぎらい、自分へのご褒美として与える金品・体験・時間のことで、モチベーション維持やストレス解消に繋がり、「欲しかったものを買う」「美味しいものを食べる」「旅行に行く」「リラックスする」など、「ご褒美」のアイデアは様々で、自分への労いとして大切にされています。 
「ご褒美」の具体的な例
物: 欲しかったバッグ、ジュエリー、時計、コスメ、普段は買わない上質なもの。
食事・飲食: 高級レストランでの食事、旬のフルーツ、好きなお酒。
体験・リフレッシュ: スパ・エステ、森林浴、映画・コンサート鑑賞、家事代行の利用、スマホをオフにして没頭する時間。
旅行: ホテルステイや小旅行。 
「ご褒美」のポイントと効果
タイミング: 目標達成直後や大きな山を越えた時など、行動と喜びをリンクさせるのが理想。
頻度: 1ヶ月に1回、2〜3ヶ月に1回など、自分なりのルールを決めることで、日々の活力になる。
効果: モチベーションアップ、ストレス緩和、リフレッシュ、次への意欲向上など。 
英語での表現
a treat for myself / a reward for myself（自分へのご褒美）。 
「ご褒美」は、日々の頑張りを認め、自分を大切にするための素敵な習慣です。","[""import"",""japanese""]",2026-02-22 09:21:41.926413+00,e1848554-ffae-479c-a8cd-4c0d77b7bed2,2026-03-19 15:55:50.007522+00,0,0,0,2026-03-19 15:55:50.007522+00,0,null,null,null,false,null,null,null,null,true,bef72994-d505-4919-bb06-7a6faeeafc80,null,null,"{""tables"":{""1"":{""rows"":[],""columns"":[]}}}",null,[],null,null
92142d08-95b6-4998-8aa6-5be9c332e4fd,「走り切れ（はしりきれ）」,"「走り切れ（はしりきれ）」は、「走って最後までやり遂げる」「困難な状況を走り抜ける」という意味の命令形や呼びかけで、マラソン完走や、比喩的に「困難な道のりを乗り越える」といった文脈で使われ、「抜ける」との違いは「切る」が「完了」「100%達成」に、「抜ける」が「危険や障害を通り抜ける」ニュアンスが強いです。 
意味と使い方
完走・達成: 長距離を休まずに最後まで走り切ること、目標を達成することを指します。
比喩表現: 困難や苦労を乗り越えて、ある状況を最後までやり遂げる、という意味でも使われます。 
「走り切る」と「走り抜ける」の違い
走り切る (Hashirikiru): 「切る」は「完全に終える」「完了する」というニュアンスが強く、マラソンを「完走する」「目標を100%達成する」という文脈で使われます。
走り抜ける (Hashirinukeru): 「抜ける」は「障害や危険な場所を通り抜ける」という意味合いが強く、危険地帯を走り抜けたり、困った状況から抜け出したりする際に使われます。 
例文
「目標のフルマラソンを走り切れ！」（完走を応援する）
「どんな困難も、諦めずに走り切れば道は開ける。」（比喩的な意味） 
練習のコツ（マラソンなど）
休憩を挟みながら、目標距離を分割して練習する。
フォームを意識し、体幹トレーニングを取り入れる。","[""import"",""japanese""]",2026-02-22 09:21:41.926413+00,e1848554-ffae-479c-a8cd-4c0d77b7bed2,2026-03-19 15:55:50.007522+00,0,0,0,2026-03-19 15:55:50.007522+00,0,null,null,null,false,null,null,null,null,true,550e1a09-11f8-4506-bfe2-e3ca8005efe3,null,null,"{""tables"":{""1"":{""rows"":[],""columns"":[]}}}",null,[],null,null
929162a4-e72b-4f85-b4f4-7a86fd679c96,「誓います（ちかいます）」,"「誓います（ちかいます）」は、何かを約束したり、決意を表明したりする際に使う丁寧な表現で、特に結婚式で「はい、誓います」と答える場面や、法廷での宣誓、心に固く決める場合などに使われ、英語では ""I do,"" ""I pledge,"" ""I vow"" などと訳され、「神にかけて誓う」「生涯愛することを誓う」のように使われます。 
「誓います」が使われる主な場面と意味
結婚式：新郎新婦が司式者の問いかけに対し、「はい、誓います」と答えることで、永遠の愛や誠実さを約束します（例：「あなたを一生愛することを誓います」）。
法廷・儀式：聖書などに手を置き、「私がそれをやったのではないと神にかけて誓います」のように、真実を述べることを神聖なものに保証してもらいます。
個人的な決意：心の中で「これから英語を勉強することを誓います」のように、強い決意を表明する際にも使われます。
会社への忠誠：会社に対して「私はこの会社に忠誠を誓います」のように、忠実であることを表明します。 
英語での表現例
I do：結婚式でよく使われる「誓います」。
I pledge/I vow：より強い約束や誓約を表します。 
類語
決意する、心に決める、決心する：より一般的な決意表明。
宣誓する、盟う（ちかう）、契る（ちぎる）：誓うことに関連する言葉。 
「誓います」という言葉は、単なる「約束します」よりも重く、神聖さや強い決意、相手への真剣な気持ちが込められた表現です。

https://youtu.be/RP7yT7INjAc?si=L0o3w-56yJCHPPQY","[""import"",""japanese""]",2026-02-22 09:21:41.926413+00,e1848554-ffae-479c-a8cd-4c0d77b7bed2,2026-03-19 15:55:50.007522+00,0,0,0,2026-03-19 15:55:50.007522+00,0,null,null,null,false,null,null,null,null,true,2ec92796-d36b-4d4d-ad70-88fedc226d2a,null,null,"{""tables"":{""1"":{""rows"":[],""columns"":[]}}}",null,[],null,null
930639ce-20df-4cd7-8f02-bd74eb7f7145,「推し（おし）」,"「推し（おし）」とは、自分が特に熱心に応援している人物やキャラクター、作品などの対象を指す言葉で、「推薦する」という意味の動詞「推す」から派生した俗語です。アイドル、俳優、アニメキャラ、スポーツ選手、さらにはモノや概念まで幅広く使われ、「推し」を応援する活動は「推し活（おしかつ）」と呼ばれ、情報収集、グッズ購入、イベント参加など多岐にわたります。 
「推し」の語源と広がり
語源: 元々はアイドルファンの間で「イチオシ（一番のおすすめ）」のメンバーを指す「推しメン」が略され、「推し」となったのが始まりとされます。
普及: 2000年代からネットで使われ始め、AKB48の「チームB推し」などの楽曲やメディアを通じて一般に広く浸透しました。 
「推し」の対象と種類
対象: アイドル、俳優、声優、アニメ・漫画キャラクター、K-POPアーティスト、スポーツ選手、鉄道、仏像など、非常に多様です。
種類:
単推し（たんおし）: 応援する対象が一人（または一つ）だけ。
箱推し（はこおし）: グループ全体やキャスト全体を応援すること。
最推し（さいおし）: 複数いる推しの中で一番応援している対象。 
「推し」と「好き」の違い
好き: 広く「良いな」「魅力的だな」と感じる気持ち。
推し: 好きを超えて「他人に勧めたい」「応援したい」という強い感情や行動を伴う対象を指すニュアンスがあります。","[""import"",""japanese""]",2026-02-22 09:21:41.926413+00,e1848554-ffae-479c-a8cd-4c0d77b7bed2,2026-03-19 15:55:50.007522+00,0,0,0,2026-03-19 15:55:50.007522+00,0,null,null,null,false,null,null,null,null,true,a959c72c-bb7c-4b3c-a561-12e46410b808,null,null,"{""tables"":{""1"":{""rows"":[],""columns"":[]}}}",null,[],null,null
954b113e-262a-45fb-8af5-3b1f8ca30c40,「特技、上手」の違いは,"「特技、上手」は、「自分が得意なこと、人より少し優れていると感じること」を指し、就職活動などでアピールする際は、具体的にどんなスキルか、どう努力して身につけたか、それによってどんな強みがあるかを伝えるのがポイントで、料理、語学、プログラミング、楽器演奏、意外なこと（人の顔と名前を覚えるなど）まで幅広くアピールできます。 
特技の例
スキル系: フラッシュ暗算、語学、習字、パソコン操作、動画編集、イラスト。
行動・習慣系: 早起き、節約、料理、ヘアメイク、筋トレ、ラテアート。
対人・思考系: 人の顔と名前を覚える、雑学、騒がしい場所でも集中できる、プレゼント選びが上手。
身体系: リフティング、ゴルフ、剣道。 
アピールする際のポイント
自己評価でOK: 他人の評価は気にせず、自分が「得意」と感じれば特技になります。
具体的に: 「スポーツ」ではなく「サッカーでリフティングが200回できる」のように具体的に。
エピソードを添える: なぜ得意になったのか、どんな努力をしたのかを話すと説得力が増します。
他のエピソードと被らないように: 自己PRやガクチカで話した内容と重複しないように注意。 
特技がないと感じる場合
身近なことで見つける: 「他の人より整理整頓が上手」「電車の乗り換え案内を完璧に覚えられる」など、些細なことでもOK。
努力の過程をアピール: 資格勉強やオンライン講座受講も立派な「学ぶ姿勢」の特技になります。","[""import"",""japanese""]",2026-02-22 09:21:41.926413+00,e1848554-ffae-479c-a8cd-4c0d77b7bed2,2026-03-19 15:55:50.007522+00,0,0,0,2026-03-19 15:55:50.007522+00,0,null,null,null,false,null,null,null,null,true,114b0e20-3579-4864-a31b-3949bc9df04b,null,null,"{""tables"":{""1"":{""rows"":[],""columns"":[]}}}",null,[],null,null
9cf33c6d-0243-4aa0-9379-25287076c2c4,「そらしたり」,"「そらしたり」は、「そらす」（逸らす、外す、逃がす）という動詞の「〜たり」形（例：〜したり、〜したりする）で、視線をそらしたり、問題をそらしたりする、（鷹などを）逃がしたり、（話を）はぐらかしたりといった、複数の行為や状態を列挙する際に使われます。文脈によって「目をそらしたり」「話をそらしたり」のように使われ、目を逸らす、注意をそらす、（意図的に）外す、逃がすといった意味合いがあります。 
主な意味と使い方
視線をそらす（目をそらす）:
じっと見つめずに、視線を別の方向へ向けること。
例：「恥ずかしくて、彼女は目をそらしたりした。」
注意や話題をそらす（はぐらかす）:
核心に触れさせないように、話をそらしたり、ごまかしたりする。
例：「追及をかわすように、彼は話をそらしたりした。」
（捕獲したものを）逃がす:
鷹狩りなどで、捕らえた獲物を逃がしてしまうこと。
例：「手入れを怠って、鷹をそらしたりしてしまった。」
意図的に外す:
狙いを外す、的をそらす、といった意味。
例：「わざと狙いをそらしたりして、相手を油断させる。」 
「そらしたり」の文法的な形
「そらす」という動詞の連用形「そらしまして」から「ま」が省略された「そらして」に「たり」が付いた形です。
「〜たり、〜たり」と複数回使われ、一連の動作や状態を例示する（〜したり、〜したりする）際に使われます。 
類語・関連表現
はぐらかす
いなす
目をそらす
肩透かしを食らわす","[""import"",""japanese""]",2026-02-22 09:21:41.926413+00,e1848554-ffae-479c-a8cd-4c0d77b7bed2,2026-03-19 15:55:50.007522+00,0,0,0,2026-03-19 15:55:50.007522+00,0,null,null,null,false,null,null,null,null,true,79299863-2eb5-46e4-95bd-d5864ce3567a,null,null,"{""tables"":{""1"":{""rows"":[],""columns"":[]}}}",null,[],null,null
9d09b166-4401-46ce-8663-fc57b79f6b39,「いかがでしょか」,"「いかがでしょか」は「どうですか？」の丁寧な表現で、相手に意見・感想・提案・状況などを尋ねる際に使います。ビジネスシーンで提案後に相手の反応を見たり、商品の導入を勧めたりする際に頻繁に使われ、相手への配慮や敬意を示しつつ、柔らかく問いかける万能なフレーズです。 
「いかがでしょうか」のポイント
意味: 「どうですか？」「どうでしょう？」の丁寧語。
使い方:
提案・確認: 「こちらの資料でいかがでしょうか？」「お時間よろしいでしょうか（ご都合いかがでしょうか）」など。
感想を尋ねる: 「お味はいかがでしょうか？」
漢字表記: 「如何でしょうか」と書くこともありますが、ビジネスメールなどでは誤解を避けるため、ひらがなで「いかがでしょうか」と書くのが一般的です。
注意点: 相手に判断を委ねるニュアンスが強く、多用しすぎると「自分で決められない人」という印象を与えるリスクもあります。より具体的な質問（「何かご不明な点はありますか？」など）に言い換えることも有効です。 
類語・関連表現
「どうでしょうか」: 「いかがでしょうか」より少しくだけた表現。
「ご都合いかがでしょうか」: 相手のスケジュールや都合を尋ねる、より丁寧な表現。
「いかがいたしましょうか」: 自分がどうすべきか、相手の指示を仰ぐ謙譲表現。","[""import"",""japanese""]",2026-02-22 09:21:41.926413+00,e1848554-ffae-479c-a8cd-4c0d77b7bed2,2026-03-19 15:55:50.007522+00,0,0,0,2026-03-19 15:55:50.007522+00,0,null,null,null,false,null,null,null,null,true,a5e96287-9cf2-462b-bb5a-025490f5f271,null,null,"{""tables"":{""1"":{""rows"":[],""columns"":[]}}}",null,[],null,null
a0f4c101-b62d-4498-a79c-c70ae9b321d1,「憧れ（あこがれ）」,"「憧れ（あこがれ）、（동경、그리움）」とは、理想とする人や物事に対して強く心を惹かれ、その存在や状態を自分も手に入れたいと願う気持ちを指します。自己成長の原動力にもなり、尊敬や目標達成への意欲、時には「こうなりたい」という願望を伴う感情です。 
「憧れ」の主な特徴
理想像への傾倒: 才能、成功、美しさ、生き方など、優れた点を持つ対象に惹かれる感情。
自己との比較: 対象を理想としつつ、自分との違い（欠けている部分）を感じ、それを埋めたいと願う心理が働く。
原動力: 憧れは「自分もこうなりたい」「もっと良くなりたい」という向上心や目標設定につながる。 
類語・関連表現
尊敬: 相手の能力や人格を高く評価し、敬意を抱くこと。
目標: 目指すべき到達点や目標。
願望・欲望: その状態になりたい、手に入れたいという欲求。
ロールモデル: 模範となる人物。 
使われる場面
自己紹介・志望動機: 「〇〇さんの〇〇な部分に憧れており、私もそうなりたい」。
恋愛・人間関係: 「あの人のような素敵な人に憧れる」。
作品・ライフスタイル: 「あの街での暮らしに憧れる」。 
「憧れ」はポジティブな感情であり、人生を豊かにし、成長を促す大切な心の動きです。","[""import"",""japanese""]",2026-02-22 09:21:41.926413+00,e1848554-ffae-479c-a8cd-4c0d77b7bed2,2026-03-19 15:55:50.007522+00,0,0,0,2026-03-19 15:55:50.007522+00,0,null,null,null,false,null,null,null,null,true,2870eada-e3bb-42f4-8677-3569e62f9221,null,null,"{""tables"":{""1"":{""rows"":[],""columns"":[]}}}",null,[],null,null
a117e278-5394-4e5f-9f47-885141615954,「奢る（おごる）」,"「奢る（おごる、사치하다、한턱내다.）」には「分不相応に贅沢をする」意味と、「自分の金で他人に飲食などを振る舞う（ご馳走する）」意味があり、後者は「上司がおごってくれる」のように肯定的に使われる一方、前者は「おごった態度」のように傲慢さを示す場合に使われ、漢字は文脈で区別されますが、「奢る」は主に「ご馳走する」意味で、「驕る」は「思い上がる」意味で使われることが多いです。 
主な意味と使い方
（他動詞） 自分の金銭で、他人に飲食代などを支払ってあげること。
例：「今日は私が奢るよ」「部長が昼飯を奢ってくれた」。
（自動詞） 必要以上に贅沢をする。ぜいたくな暮らしぶり。
例：「口がおごっている（美食家で贅沢なものを好む）」「おごった暮らし」。 
関連する「おごる」と漢字
奢る（おごる）: 贅沢をする、ご馳走する。
驕る（おごる）: 才能や権力などを鼻にかけ、思い上がって傲慢な態度を取る。「驕慢（きょうまん）」の「驕」。
侈る（おごる）: むだ遣いをする、贅沢をする。「奢侈（しゃし）」の「侈」。 
英語での表現例
I'll get it / I'll treat you!: 「私が払うよ」「ご馳走するよ」というカジュアルな表現。","[""import"",""japanese""]",2026-02-22 09:21:41.926413+00,e1848554-ffae-479c-a8cd-4c0d77b7bed2,2026-03-19 15:55:50.007522+00,0,0,0,2026-03-19 15:55:50.007522+00,0,null,null,null,false,null,null,null,null,true,4790190e-0f94-4907-8f36-1751e673c49a,null,null,"{""tables"":{""1"":{""rows"":[],""columns"":[]}}}",null,[],null,null
a231545a-33e6-4e21-9419-937aef069496,「巻き返す（まきかえす）」,"「巻き返す」とは、劣勢や不利な状況から、勢いを盛り返して反撃・逆転することを指し、物理的に巻物を逆に巻く意味から転じて使われ、「反撃する」「盛り返す」「逆転する」「名誉挽回する」「捲土重来する」などの類語があります。例えば、試合で負けていたチームが後半で猛烈に追い上げて逆転するような状況で使われます。 
主な意味と使い方
劣勢からの反撃・逆転:
一番よく使われる意味で、不利な状況をひっくり返すこと。
例：「サッカーの試合で、後半に一気に巻き返した」 コトバンク。
例：「株価が下落していたが、企業努力でなんとか巻き返しを図る」 類語辞典。
物理的に元に戻す（あまり使われない）:
広げたものを元の状態に巻き戻すこと。
例：「使った画用紙を元通りに巻き返す」 コトバンク。 
類語・言い換え表現
反撃する、逆襲する: 敵に攻め返すこと。
盛り返す、挽回（ばんかい）する: 落ちた勢いを回復させること。
逆転する、ひっくり返す: 形勢や勝負の流れを変えること。
捲土重来（けんどちょうらい）する: 一度敗れた者が、再び勢いを盛り返して戻ってくること（四字熟語）。
名誉挽回（めいよばんかい）する: 失敗して失った名誉を回復すること。
リベンジする: 復讐や再挑戦で雪辱を果たすこと。 
使われるシーン
スポーツ（劣勢からの逆転勝利）
ビジネス（業績不振からの回復）
政治（失地回復、政策の転換）
個人的な挑戦（失敗からの再起）
「巻き返す」は、困難な状況を乗り越えて再起する力強さを表す言葉です。","[""import"",""japanese""]",2026-02-22 09:21:41.926413+00,e1848554-ffae-479c-a8cd-4c0d77b7bed2,2026-03-19 15:55:50.007522+00,0,0,0,2026-03-19 15:55:50.007522+00,0,null,null,null,false,null,null,null,null,true,6e47ad4b-d8b4-4aac-a147-c0bf5823148e,null,null,"{""tables"":{""1"":{""rows"":[],""columns"":[]}}}",null,[],null,null
a302cc2f-e455-47e8-a66e-2970c687e4b9,気になる日本語単語,突飛（とっぴ）：뜻밖임; 엉뚱함; (이상) 야릇함.,"[""import"",""japanese""]",2026-02-22 09:21:41.926413+00,e1848554-ffae-479c-a8cd-4c0d77b7bed2,2026-03-19 15:55:50.007522+00,0,0,0,2026-03-19 15:55:50.007522+00,0,null,null,null,false,null,null,null,null,true,84fb7954-eb8c-4fbc-8e44-d905f10b7abc,null,null,"{""tables"":{""1"":{""rows"":[],""columns"":[]}}}",null,[],null,null
aaba6f48-5088-422b-a5c0-c51795450984,引っ張り（ひっぱり）,"引張り（ひっぱり）とは

車輛などを牽引すること。
引張力 - 金属などの素材に荷重をかけて、その荷重の軸方向に材料を引き伸ばすこと。応力、張力も参照。
野球用語については打撃 (野球)#技術と戦術を参照。

잡아당김、거리에서 손님을 끄는 매춘부、가창(街娼).

Pulling、stretching、tension

https://ja.wikipedia.org/wiki/%E5%BC%95%E5%BC%B5%E3%82%8A
https://mazii.net/ko-KR/search/word/jako/%E3%81%B2%E3%81%A3%E3%81%B1%E3%82%8A
https://mazii.net/ko-KR/search/word/jaen/%E5%BC%95%E3%81%A3%E5%BC%B5%E3%82%8A","[""import"",""japanese""]",2026-02-22 09:21:41.926413+00,e1848554-ffae-479c-a8cd-4c0d77b7bed2,2026-03-19 15:55:50.007522+00,0,0,0,2026-03-19 15:55:50.007522+00,0,null,null,null,false,null,null,null,null,true,b0a247e0-d750-42cc-971a-9fb7cafc11eb,null,null,"{""tables"":{""1"":{""rows"":[],""columns"":[]}}}",null,[],null,null
ad5c44bb-22cc-42ea-802d-35388242f75c,tuki - 最低界隈,"最低界隈
최저집단

満員電車触んなって きしょすぎな意味わからんおっさん
만인덴샤 사완낫테 키쇼스기나 이미 와카란 옷상
만원 전철에서 만지지 마, 징그러워 의미를 모르겠는 아저씨

制服スカート寒さ我慢 生きにくさですら慣れる練習？
세이후쿠 스카-토 사무사 가만 이키니쿠사데스라 나레루 렌슈-?
교복 치마의 추위도 참고, 살기 힘든 것조차 익숙해지는 연습?

アガらないね終わってんね 給料バイトよりちょいマシ？
아가라나이네 오왓텐네 큐-료 바이토요리 쵸이 마시?
기분 안 뜨네, 글렀네, 월급은 알바보다 조금 나은 정도?

人手が欲しい少子化だし 育てる未来見えんのこっち
히토데가 호시이 쇼-시카다시 소다테루 미라이 미엔노 콧치
일손이 부족해 저출산이라니, 미래를 키울 앞날이 안 보이는 건 이쪽이라고

日々日々困惑 矛盾に不純に横着
히비히비 콘와쿠 무쥰니 후쥰니 오-챠쿠
매일매일 혼란스러워, 모순에, 불순에, 뺀질거리고

不正に税金めにめに 夢見ろって？現実はバグ
후세-니 제-킨 메니메니 유메미롯테? 겐지츠와 바구
부정하게 쓴 세금 잘만 보이네, 꿈을 꾸라고? 현실은 버그투성이

推しのライブ いつも当たらんのエグい
오시노 라이부 이츠모 아타란노 에구이
최애의 라이브, 맨날 떨어지는 거 너무해

Gimme, gimme 落 BeReal で報告
기미, 기미 토라쿠 비리아루데 호-코쿠
Gimme, gimme 광탈했다고 BeReal에 보고

Wi-Fi あっても心の中圏外
와이파이 앗테모 코코로노 나카 켄가이
Wi-Fi는 터져도 마음속은 먹통

笑顔の下ではずっと不在通知
에가오노 시타데와 즛토 후자이 츠-치
웃는 얼굴 밑엔 끝없는 부재중 알림

うざい無理 歪な世界だ
우자이 무리 이비츠나 세카이다
짜증 나, 무리야, 비뚤어진 세상이야

将来いつかはママになってみたい とかなんとか思ってたっけ
쇼-라이 이츠카와 마마니 낫테미타이 토카 난토카 오못테탓케
나중에 언젠가는 엄마가 되어보고 싶다 같은 생각을 했었나

アプデ待ちの世の中どうにかして
아푸데 마치노 요노나카 도-니카시테
업데이트 대기 중인 이 세상, 어떻게 좀 해봐

最低界隈 最低界隈
사이테-카이와이 사이테-카이와이
최저집단, 최저집단

あいどんのー本当奥歯がたがた言わしたろかい
아이돈노 혼토 오쿠바 가타가타 이와시타로카이
'I DON'T KNOW' 진짜, 어금니 꽉 물게 해줄까

最低界隈 最低界隈
사이테-카이와이 사이테-카이와이
최저집단, 최저집단

夢は何？ラブみラブみ『奪われない事』
유메와 나니? 라부미 라부미 우바와레나이 코토
꿈이 뭐냐고? 완전 러브, 바로 『빼앗기지 않는 것』

テステスマイクテスト 私絶対的に私です
테스테스 마이쿠테스토 와타시 젯타이테키니 와타시데스
테스트, 마이크 테스트, 나는 절대적으로 나야

SNS でレス 誰のせいでもないのは嘘です
에스에누에스데 레스 다레노 세-데모 나이노와 우소데스
SNS 댓글, 누구의 탓도 아니라는 건 거짓말이야

テステスマイクテスト 私絶対的に私です
테스테스 마이쿠테스토 와타시 젯타이테키니 와타시데스
테스트, 마이크 테스트, 나는 절대적으로 나야

SNS でレス さささ最低界隈です
에스에누에스데 레스 사사사 사이테-카이와이데스
SNS 댓글, 여긴 최최최 최저 집단입니다

お小遣いじゃ足りないんです でもって何もかも高い問題
오코즈카이쟈 타리나인데스 데못테 나니모카모 타카이 몬다이
용돈만으론 부족해요, 게다가 뭐든지 비싼 게 문제

不測の事態流行ってんね なんかそれすらもバズなコンテンツ
후소쿠노 지타이 하얏텐네 난카 소레스라모 바즈나 콘텐츠
예상치 못한 일들이 유행이네, 왠지 그것마저도 핫한 콘텐츠

流行り現実逃避 将来は苦渋の選択
하야리 겐지츠토-히 쇼-라이와 쿠쥬-노 센타쿠
유행은 현실도피, 미래는 고통스러운 선택

勉学励んでめにめに 払えって現実はバグ
벤가쿠 하겐데 메니메니 하라엣테 겐지츠와 바구
공부나 하라고 눈에 불을 켜네, 돈 내라는 현실은 버그투성이

今日のメイクまつげ上がらんのエグい
쿄-노 메이쿠 마츠게 아가란노 에구이
오늘 화장, 속눈썹 안 올라가는 거 장난 아냐

日々日々模索 唯一無二かわいい
히비히비 모사쿠 유이이츠무니 카와이이
매일매일 찾아 헤매, 독보적인 귀여움을

結局もうどうかわかんないよ経済
켓쿄쿠 모- 도-카 와칸나이요 케-자이
결국 이젠 어떻게 될지 모르겠어, 경제는

学んでおけば良かった免罪符って 売れんだって高値で捌け
마난데오케바 요캇타 멘자이훗테 우렌닷테 타카네데 사바케
'배워뒀으면 좋았을걸'이란 면죄부, 잘 팔린다며 비싸게 넘겨버려

将来いつか富豪になってみたい とかなんとか思ってたっけ
쇼-라이 이츠카 후고-니 낫테미타이 토카 난토카 오못테탓케
나중에 언젠가는 부자가 되어보고 싶다 같은 생각을 했었나

アプデ待ちな世の中どうにかして
아푸데 마치나 요노나카 도-니카시테
업데이트 대기 중인 이 세상, 어떻게 좀 해봐

最低界隈 最低界隈
사이테-카이와이 사이테-카이와이
최저집단, 최저집단

あいどんのー本当奥歯がたがた言わしたろかい
아이돈노 혼토 오쿠바 가타가타 이와시타로카이
'I DON‘T KNOW 진짜, 어금니 꽉 물게 해줄까

最低界隈 最低界隈
사이테-카이와이 사이테-카이와이
최저집단, 최저집단

夢は何？ラブみラブみ『奪われない事』
유메와 나니? 라부미 라부미 우바와레나이 코토
꿈이 뭐냐고? 완전 러브, 바로 『빼앗기지 않는 것』

テステスマイクテスト 私絶対的に私です
테스테스 마이쿠테스토 와타시 젯타이테키니 와타시데스
테스트, 마이크 테스트, 나는 절대적으로 나야

SNS でレス これに生産性など皆無です
에스에누에스데 레스 코레니 세-산세-나도 카이무데스
SNS 댓글, 이런 짓에 생산성 따윈 눈곱만큼도 없어

テステスマイクテスト 私絶対的に私です
테스테스 마이쿠테스토 와타시 젯타이테키니 와타시데스
테스트, 마이크 테스트, 나는 절대적으로 나야

SNS でレス さささ最低界隈です
에스에누에스데 레스 사사사 사이테-카이와이데스
SNS 댓글, 여긴 최최최 최저 집단입니다

嫌んなってポイってして 感情はプラスチック
이얀낫테 포잇테 시테 칸죠-와 푸라스칫쿠
싫증 나서 휙 던져버린 감정은 플라스틱

体内漂って溜まっていきます
타이나이 타다욧테 타맛테이키마스
몸속을 떠다니며 쌓여만 가네

最低な気分なら最低でいい
사이테-나 키분나라 사이테-데 이이
기분이 최악이면 최악인 채로 괜찮아

黙っている方が不健康です
다맛테이루 호-가 후켄코-데스
입 다물고 있는 게 더 안 좋아

言いたいことは全部言って 出来る事あれば全部やって
이이타이 코토와 젠부 잇테 데키루 코토 아레바 젠부 얏테
하고 싶은 말은 전부 하고, 할 수 있는 일 있으면 전부 하라고

独り独りがそうやって 繋がって歌え
히토리 히토리가 소-얏테 츠나갓테 우타에
한 사람 한 사람이 그렇게 이어져서 노래해

此処に居る 此処に居る 物言わぬ屍じゃないわ
코코니 이루 코코니 이루 모노이와누 시카바네쟈 나이와
여기에 있어, 여기에 있어, 말 없는 시체가 아니라고

テステスマイクテスト 私絶対的に私です
테스테스 마이쿠테스토 와타시 젯타이테키니 와타시데스
테스트, 마이크 테스트, 나는 절대적으로 나야

SNS でレス これに生産性など皆無です
에스에누에스데 레스 코레니 세-산세-나도 카이무데스
SNS 댓글, 이런 짓에 생산성 따윈 눈곱만큼도 없어

テステスマイクテスト 私絶対的に私です
테스테스 마이쿠테스토 와타시 젯타이테키니 와타시데스
테스트, 마이크 테스트, 나는 절대적으로 나야

SNS でレス さささ最低界隈です
에스에누에스데 레스 사사사 사이테-카이와이데스
SNS 댓글, 여긴 최최최 최저 집단입니다","[""import"",""japanese""]",2026-02-22 09:21:41.926413+00,e1848554-ffae-479c-a8cd-4c0d77b7bed2,2026-03-19 15:55:50.007522+00,0,0,0,2026-03-19 15:55:50.007522+00,0,null,null,null,false,null,null,null,null,true,cf8d59cc-4fd2-4f93-b835-d78a882fdf81,null,null,"{""tables"":{""1"":{""rows"":[],""columns"":[]}}}",null,[],null,null
b07d517d-c8f4-4de4-926b-299a0852854c,「繋ぎ（つなぎ）」,"「繋ぎ（つなぎ）」は、上着とズボンが一体になった服（オールインワン、オーバーオール、ジャンプスーツなど）を指すのが一般的で、作業着として汚れ防止や動きやすさを目的としますが、ファッションアイテムとしても使われます。また、「つなぐ」という動作や、その間を埋めるもの（繋ぎの仕事、顔繋ぎ）を指す場合もあります。 
主な意味
作業着・衣服:
上着とズボンが縫い合わされた一枚の服。
別名：オールインワン、オーバーオール、ジャンプスーツ、カバーオールなど。
用途：作業効率向上、安全性確保（汚れ防止、怪我防止）。
素材：デニム、キャンバスなど丈夫な生地が使われる。
動作・役割:
「つなぐ」こと、またはそのためのもの。
「繋ぎの仕事」：次の仕事が始まるまでの間を埋めるための仕事。
「顔繋ぎ」：人との関係をつなぐこと。 
関連する言葉
続服（つづきふく）: 「つなぎ」の別表記。
コンビネゾン: 女性のファッションで使われる、つなぎタイプの服。 
このように、「繋ぎ」は文脈によって「一体型の服」または「何かをつなぐ行為やもの」を意味します。","[""import"",""japanese""]",2026-02-22 09:21:41.926413+00,e1848554-ffae-479c-a8cd-4c0d77b7bed2,2026-03-19 15:55:50.007522+00,0,0,0,2026-03-19 15:55:50.007522+00,0,null,null,null,false,null,null,null,null,true,fd1451a0-4ef2-4033-a221-b0f01eb72976,null,null,"{""tables"":{""1"":{""rows"":[],""columns"":[]}}}",null,[],null,null
b41b69b7-85ec-46ab-a81e-e0545db527c5,「シラフ」,"「シラフ」とは、お酒に酔っていない状態を指す言葉で、「素面（しらふ）」と書き、真剣な態度や正気の状態を表すこともあります。また、最近では「ソバーキュリアス」のように、お酒を飲まないライフスタイルや、お酒を飲まない好奇心旺盛な人を指す文脈で使われたり、ラッパーの名前としても存在します。 
意味と使い方
「素面（しらふ）」: 酔っていない状態。「素面で話す」「すっかり素面に戻る」のように使います。
対義語: 泥酔（でいすい）、酩酊（めいてい）など。
英語: 「sober」が「シラフ」に相当します。 
現代的な使い方
ソバーキュリアス: お酒を飲める人があえて飲まないライフスタイルや、その人を指す言葉（sober + curious）。
アーティスト名: 島根県出身のラッパー「シラフ」さんなど、個人名としても使われます。 
まとめ
基本的には「お酒に酔っていない状態」ですが、文脈によって「真面目な状態」や「お酒を飲まないライフスタイル」を指すこともあります。","[""import"",""japanese""]",2026-02-22 09:21:41.926413+00,e1848554-ffae-479c-a8cd-4c0d77b7bed2,2026-03-19 15:55:50.007522+00,0,0,0,2026-03-19 15:55:50.007522+00,0,null,null,null,false,null,null,null,null,true,5d2eb262-acc9-4aa1-aa93-f6f7f9c30266,null,null,"{""tables"":{""1"":{""rows"":[],""columns"":[]}}}",null,[],null,null
b4b9730b-42eb-4b66-a919-ff062a46634c,「思い出」（おもいで）,"「思い出」（おもいで、추억）とは、過去の体験や出来事を心に思い浮かべること、またはその内容そのものを指し、人生を豊かにし、今の自分を形成し未来への道しるべとなるかけがえのない宝物です。感情を伴う特別な記憶を指す場合は「想い出」と表記されることもあり、ノスタルジーや郷愁といった感情と結びつき、「思い出の品」のようにそれを想起させる物事も含まれます。 
「思い出」の主な意味と特徴
記憶の内容: 過去の出来事を想起し、心に浮かべること。
感情との結びつき: 喜びや悲しみ、懐かしさなど、様々な感情を伴うことが多い。
自己形成: 現在の自分を形作り、未来への指針となる。
「記憶」との違い: 「記憶」が客観的な情報であるのに対し、「思い出」は主観的で感情が加わる。
「想い出」との使い分け: 感情を込めて強調したい時に「想い出」と書くことがある。 
関連する言葉
類語: 追憶、懐古、郷愁、ノスタルジア。
英語: Memory, Recollection, Reminiscenceなど。
表現: 「思い出にふける」「一生の思い出」など、様々な表現で使われる。 
具体的な例
「学生時代の思い出を語る」
「この音楽を聴くと楽しい思い出がよみがえってくる」
「高校生活は私にとって一生の思い出です」","[""import"",""japanese""]",2026-02-22 09:21:41.926413+00,e1848554-ffae-479c-a8cd-4c0d77b7bed2,2026-03-19 15:55:50.007522+00,0,0,0,2026-03-19 15:55:50.007522+00,0,null,null,null,false,null,null,null,null,true,c3550c73-6eb7-4d53-a449-1e84dc8524e6,null,null,"{""tables"":{""1"":{""rows"":[],""columns"":[]}}}",null,[],null,null
b52e6a5f-2d5e-4710-ad88-84345d13e09c,「抱く（だく・いだく）」,"「抱く（だく・いだく）」は「腕で抱きしめる」という物理的な意味と、「心に抱く（思う、持つ）」という抽象的な意味があり、「だく」は主に物理的、「いだく」は主に抽象的な感情や考え（希望、疑問など）に使われ、より改まった印象を与えますが、「だく」は「いだく」が変化した形でもあります。 
主な意味と使い方
抱く (だく):
物理的に抱きしめる: 赤ちゃんを抱く、ぬいぐるみと抱き合うなど。
例: 「赤ちゃんを抱く（だく）」。
抱く (いだく):
抽象的な感情や考えを持つ: 疑問をいだく、希望をいだく、殺意をいだくなど。
文語的で改まった表現。
例: 「不信感をいだく」「大志をいだく」。
抱える (かかえる):
「抱く」と似ていますが、何かを抱え持っている状態（例: 荷物を抱える）や、問題（例: 悩みを抱える）など、より「持っている」「背負っている」ニュアンスが強いです。 
まとめ
読み方 	主な意味	用例
だく	物理的に抱きしめる、ハグする	「子供を抱く」「腕で抱く」
いだく	抽象的な感情・考えを持つ（心に抱く）	「希望をいだく」「疑問をいだく」
かかえる	抱え持つ、抱え込む（物理・抽象）	「荷物を抱える」「悩みを抱える」
「抱く（だく）」は「いだく」の音変化（語頭音消失）であり、基本的には同じ意味ですが、現代では使い分けがされています。

◆ (껴)안다; 보듬다.（いだく）

幼子を胸に抱く
아기를 가슴에 안다

◆ (마음속에) 품다.（いだく）

大きな理想を抱く
큰 이상을 품다

誰も疑問を抱かない
아무도 의문을 품지 않는다

◆ (껴안듯이) 둘러싸다.（いだく）

自然の懐に抱かれる
자연의 품에 안기다

◆ (팔·가슴에) 안다.（だく）

子供を抱く
어린아이를 안다

人形を抱いて寝る
인형을 안고 자다

抱き合って喜ぶ
서로 껴안고 기뻐하다

◆ 마음속에 품다.

不穏な考えを抱く
불온한 생각을 품다

◆ 이성과 동침하다.
◆ 다른 사람을 죄에 빠뜨리다.","[""import"",""japanese""]",2026-02-22 09:21:41.926413+00,e1848554-ffae-479c-a8cd-4c0d77b7bed2,2026-03-19 15:55:50.007522+00,0,0,0,2026-03-19 15:55:50.007522+00,0,null,null,null,false,null,null,null,null,true,ba1a921a-b150-4fe8-9067-554bf1d71db7,null,null,"{""tables"":{""1"":{""rows"":[],""columns"":[]}}}",null,[],null,null
b5c9aba6-a99d-4d54-bcea-d89e1693a14d,「生み出し（うみだし）」,"「生み出し（うみだし）」とは、「産む」や「作り出す」という意味で、子や卵を産むこと、または新しいアイデアや物事を創造・開発することを指し、類義語には「創造する」「作り出す」「開発する」「創出する」などがあります。文脈によって「引き起こす」「もたらす」といったニュアンスでも使われます。 
主な意味と使い方
生物を産む: 「母馬が子を生み出す」のように、命を誕生させること。
新しいものを創造する: 「新しい着想を生み出す」のように、これまでにないものを考え出す、作り出すこと。
結果や状況を引き起こす: 「混乱を生み出す」のように、ある事柄から別の事柄を発生させること。 
類語・言い換え
作り出す、創り出す: 新しいものを作る。
創造する、創出する: ゼロから新しいものを生み出す。
開発する: 試行錯誤して新しい製品などを生み出す。
引き起こす、招く: ある事柄を発生させる。 
例文
「革新的なアイデアを生み出す。」(新しいアイデアを創造する)
「多くの感動を生み出す作品。」(多くの感動をもたらす)

Netflix　クレヨンしんちゃん:オラたちの恐竜日記","[""import"",""japanese""]",2026-02-22 09:21:41.926413+00,e1848554-ffae-479c-a8cd-4c0d77b7bed2,2026-03-19 15:55:50.007522+00,0,0,0,2026-03-19 15:55:50.007522+00,0,null,null,null,false,null,null,null,null,true,0c6e864c-e600-4f78-a582-7460b0c5fbf0,null,null,"{""tables"":{""1"":{""rows"":[],""columns"":[]}}}",null,[],null,null
b5ed2e80-6ed5-4e21-a7fe-475317eba658,「話題ずらし（わだいずらし）」,"「話題ずらし」とは、議論や会話の途中で、本来の論点やテーマから意図的・無意識的に別の話題にそらす行為で、「論点のすり替え」「話を逸らす」「話をはぐらかす」などとも呼ばれ、建設的な話し合いを妨げる「詭弁」の一種として使われることもあります。具体的には、「Whataboutism（ホワットアバウティズム）」のように「じゃあ○○はどうなんだ？」と別の論点を持ち出したり、相手の主張のトーンや態度を批判して内容から目をそらさせる「トーンポリシング」など、様々なテクニックがあります。 
主な意味と使われ方
論点のすり替え: 本来議論すべきことから意図的に論点をずらすこと。議論を混乱させ、本質的な解決を遠ざけます。
話を逸らす・はぐらかす: 特定の話題を続けたくないときに、別の話題を振って話をそらすこと。
詭弁の一種: 議論を有利に進めるため、あるいは批判を逃れるために使われる話し方のテクニック。 
具体的な例
「Whataboutism（ホワットアバウティズム）」: 批判された際に、「じゃあ、他の人も同じことをしている（しているじゃないか）」と別の問題を持ち出して、自身の問題から目をそらす手口。
トーンポリシング: 相手の主張内容ではなく、話し方や感情的な部分を批判することで、本題から注意をそらす行為。 
対処法（相手が話題をずらしてきた場合）
論点を再確認する: 「今話しているのは〇〇についてですよね？」と元の論点に戻す。
「話を戻します」と伝える: 「それはそれとして、元の〇〇の話に戻りますが…」と明確に伝える。
同意して話題を変える（相手が意図的にずらしたい場合）: 相手の話に一度共感し、「なるほど、それもそうですね。ところで、さっきの〇〇の話ですが…」と自然に繋げる（note）。","[""import"",""japanese""]",2026-02-22 09:21:41.926413+00,e1848554-ffae-479c-a8cd-4c0d77b7bed2,2026-03-19 15:55:50.007522+00,0,0,0,2026-03-19 15:55:50.007522+00,0,null,null,null,false,null,null,null,null,true,310640a8-1e46-45fb-8144-688db821a5ed,null,null,"{""tables"":{""1"":{""rows"":[],""columns"":[]}}}",null,[],null,null
b5f6a330-104b-43d9-ac01-c5d157db2e4a,Official髭男dism - Pretender,"너와의 러브 스토리
君とのラブストーリー

그것은 예상대로
それは予想通り

만약 시작되면 혼자 연극이다
いざ始まればひとり芝居だ

계속 곁에 있어
ずっとそばにいたって

결국 그냥 관객이다.
結局ただの観客だ
감정이 없는 아임솔리
感情のないアイムソーリー

언제나처럼
それはいつも通り

익숙해지면 나쁘지는 않지만
慣れてしまえば悪くはないけど

너와의 로맨스는 인생 무늬
君とのロマンスは人生柄

계속하지 않을 것을 알았다.
続きはしないことを知った
더 다른 설정으로
もっと違う設定で

더 다른 관계로
もっと違う関係で

만날 수 있는 세계선
出会える世界線

선택할 수 있으면 좋았습니다.
選べたらよかった

더 다른 성격으로
もっと違う性格で

더 다른 가치관에서
もっと違う価値観で

사랑을 전할 수 있으면 좋겠다.
愛を伝えられたらいいな

그렇게 바라도 낭비이기 때문에
そう願っても無駄だから
구바이
グッバイ

너의 운명의 인간은 나가 아니야
君の運命のヒトは僕じゃない

힘들지만 부인할 수 없다.
辛いけど否めない

하지만 벗어나기 어렵다.
でも離れ難いのさ

그 머리를 만진 것만으로
その髪に触れただけで

아프거나 아니
痛いや いやでも

달콤한 아니 아니
甘いな いやいや
구바이
グッバイ

그럼 내게 너는 뭐야?
それじゃ僕にとって君は何？

대답을 모른다
答えは分からない

이해하고 싶지 않아.
分かりたくもないのさ

단 하나의 확실한 것이 있다면
たったひとつ確かなことがあるとするのならば

너는 아름다워
君は綺麗だ
누군가가 위대하게
誰かが偉そうに

말하는 연애의 논리
語る恋愛の論理

하나로서 핀과 함께
何ひとつとしてピンとこなくて

비행기 창에서 내려다 보았습니다.
飛行機の窓から見下ろした

모르는 도시의 야경 같다
知らない街の夜景みたいだ
더 다른 설정으로
もっと違う設定で

더 다른 관계로
もっと違う関係で

만날 수 있는 세계선
出会える世界線

선택할 수 있으면 좋았습니다.
選べたらよかった

매우 순수한 마음으로
いたって純な心で

실현된 사랑을 껴안고
叶った恋を抱きしめて

좋아하거나 무책임하게 말할 수 있으면 좋겠다.
好きだとか無責任に言えたらいいな

그렇게 바라도 허무하다
そう願っても虚しいのさ
구바이
グッバイ

잡은 손 너머로 끝선
繋いだ手の向こうにエンドライン

늘릴 때마다
引き伸ばすたびに

끓는 미래에는
疼きだす未来には

넌 없어
君はいない

그 사실에 Cry
その事実に Cry

그건 괴롭다.
そりゃ苦しいよな
구바이
グッバイ

너의 운명의 인간은 나가 아니야
君の運命のヒトは僕じゃない

힘들지만 부인할 수 없다.
辛いけど否めない

하지만 벗어나기 어렵다.
でも離れ難いのさ

그 머리를 만진 것만으로
その髪に触れただけで

아프거나 아니
痛いや いやでも

달콤한 아니 아니
甘いな いやいや
구바이
グッバイ

그럼 내게 너는 뭐야?
それじゃ僕にとって君は何？

대답을 모른다
答えは分からない

이해하고 싶지 않아.
分かりたくもないのさ

단 하나의 확실한 것이 있다면
たったひとつ確かなことがあるとするのならば

너는 아름다워
君は綺麗だ
그것도 이것도 로맨스가 정한다면
それもこれもロマンスの定めなら

나쁘지 않아.
悪くないよな

영원도 약속도 없지만
永遠も約束もないけれど

매우 아름답다.
とても綺麗だ","[""import"",""japanese""]",2026-02-22 09:21:41.926413+00,e1848554-ffae-479c-a8cd-4c0d77b7bed2,2026-03-19 15:55:50.007522+00,0,0,0,2026-03-19 15:55:50.007522+00,0,null,null,null,false,null,null,null,null,true,58201195-4b3b-4740-ae7c-10f3bba8ea38,null,null,"{""tables"":{""1"":{""rows"":[],""columns"":[]}}}",null,[],null,null
be216ede-46f3-47a5-b2a3-8c59b8207877,「派手（はで）」,"「派手（はで）」とは、姿・形・色彩などが華やかで人目を引く様子や、態度・行動が大げさで目立つ様子を表す言葉で、「華やか」「豪華」「目立つ」といった意味合いを持ち、対義語は「地味」です。外見だけでなく、出来事や行動に対しても使われ、「派手な喧嘩」「派手な演出」のように表現され、英語では「flashy」「showy」などが該当します。 
意味と使い方
外見・色彩: 鮮やかで目立つ色使いや装飾、華美な様子。「派手な着物」「派手なメイク」。
行動・態度: 大げさで人目を引く言動。「派手なパフォーマンス」「派手に泣く」。
出来事: 規模が大きく、目立つようなこと。「派手なイベント」「派手な結婚式」。 
類語
華やか、華美、煌びやか、豪華、絢爛（ごうかけんらん）、キラキラした。 
英語表現
Flashy: キラキラして目立つ、けばけばしい感じ。
Showy: 人目を引くように見せる、派手で目立つ様子。
Gaudy: けばけばしい、安っぽい派手さ。 
語源（豆知識）
元々は三味線の演奏で、繊細かつ活発な「破手（はで）」という曲風を指し、そこから「目立って華やかなこと」という意味が広まったとされます。","[""import"",""japanese""]",2026-02-22 09:21:41.926413+00,e1848554-ffae-479c-a8cd-4c0d77b7bed2,2026-03-19 15:55:50.007522+00,0,0,0,2026-03-19 15:55:50.007522+00,0,null,null,null,false,null,null,null,null,true,789f019f-aef9-4aea-a08c-4bf3940c461c,null,null,"{""tables"":{""1"":{""rows"":[],""columns"":[]}}}",null,[],null,null
c03cc1df-0edd-4bca-bc75-3bd3b0f55e88,「芝居（しばい）」,"「芝居（しばい）」とは、演劇・演技・劇場そのものを指す言葉で、元々は「芝生の上で観る」ことから、見物席やその場所自体を指し、やがてそこで演じられる芸能（特に演劇）や演技そのものを意味するようになりました。歌舞伎などの舞台芸術から、人を騙すための演技（「ひと芝居打つ」）まで、幅広い意味で使われます。 
語源と意味の変遷
元来: 寺社境内などで猿楽などの芸能が行われた際、観客が芝生に座って鑑賞したことから、「芝生（しばふ）に居る（いる）」が「芝居（しばい）」となり、見物席を指した。
発展: 見物席から、劇場全体、そしてそこで行われる演劇や演技そのものを指す言葉へと意味が広がった。
現代: 「芝居を観る」のように、歌舞伎や現代演劇など、演技を含む舞台表現全般を指すのが一般的。 
関連する表現
芝居を打つ: 芝居を興行する、芝居を仕掛ける、という意味。
ひと芝居打つ: 詐欺やいたずらで人を騙すために演技をする、という意味。
地芝居（じしばい）: 地元の人々が準備から演技まですべてを行う本格的な伝統芸能（歌舞伎、能、獅子舞など）。 
現代の使われ方
単に演劇を指すだけでなく、物語の筋、演出、登場人物の感情表現、役者の技術など、舞台芸術の世界全体を包括する言葉として使われています。

https://youtu.be/HuL8zyQr8UE?si=E1ractx--3w9BHxS","[""import"",""japanese""]",2026-02-22 09:21:41.926413+00,e1848554-ffae-479c-a8cd-4c0d77b7bed2,2026-03-19 15:55:50.007522+00,0,0,0,2026-03-19 15:55:50.007522+00,0,null,null,null,false,null,null,null,null,true,81a314a8-b729-4a37-bd47-435d7ad9132b,null,null,"{""tables"":{""1"":{""rows"":[],""columns"":[]}}}",null,[],null,null
d070f1d8-f4db-47b7-a0f4-109e50df386d,「はぐらかす」,"「はぐらかす」とは、相手の追及や質問から逃れるために、わざと話をそらしたり、曖昧な返事をしたりして、核心に触れさせないようにごまかす行為を指します。英語では ""dodge a question"" や ""sidestep an issue"" などと表現され、「煙に巻く」「お茶を濁す」「話を逸らす」といった類語があります。 
具体的な使い方とニュアンス
話を逸らす・話題を変える: 相手の関心を別の方向へ向けさせる意図があります。
例：「あの質問ははぐらかしておこう」
核心をぼかす・ごまかす: はっきりした答えを避け、曖昧な態度でごまかす感じです。
例：「責任を追及されても、彼はうまくはぐらかした。」
「はぐらかされる」: 受け身の形で使われ、相手にうまくかわされたり、まともに取り合ってもらえなかったりする状況です。 
類語
ごまかす: 広く「本質を隠す」「欺く」意味で使われます。
いなす・あしらう: 相手の言葉や要求を軽く受け流す、軽く扱うニュアンス。
煙に巻く: 相手を混乱させて、真実から目をそらすようにする。 
要するに、「はぐらかす」は、追及をかわし、問題をぼかし、うまく逃れるためのテクニックといったニュアンスを持つ言葉です。","[""import"",""japanese""]",2026-02-22 09:21:41.926413+00,e1848554-ffae-479c-a8cd-4c0d77b7bed2,2026-03-19 15:55:50.007522+00,0,0,0,2026-03-19 15:55:50.007522+00,0,null,null,null,false,null,null,null,null,true,b7087d4e-84c0-4175-b153-804b24634ffb,null,null,"{""tables"":{""1"":{""rows"":[],""columns"":[]}}}",null,[],null,null
d08811d2-ba22-4f19-9544-b6b744c4a9a2,「まもなく」,"「まもなく」は「間もなく」と書き、「もうすぐ、すぐに、程なく」といった意味で、時間的にあまり間を置かずに何かが起こることを表します。電車のアナウンスやビジネスシーンでよく使われる丁寧な表現で、硬い状況で使われることが多く、未来の出来事に対して使われますが、過去や現在の状況を説明する際にも使えます（例：回復する間もなく別の風邪をひいた）。 
使い方とニュアンス
時間的な近さ: 「すぐ」よりも少しだけ時間的な余裕がある場合や、丁寧さが必要な場面で使われます。
フォーマルな場面: アナウンス（「まもなく発車いたします」）、ニュース、スピーチ、ビジネスなどで好まれます。
例:
「まもなく会議が始まります」
「まもなく春が来ます」
「まもなくお客様が到着されます」 
類語
もうすぐ: 「まもなく」と似ていますが、より口語的で親しい間柄で使われます。
近日中に: 「まもなく」と同じく、近い将来を指す表現です。
程なく: 「まもなく」と同じく、すぐに、という意味合いで使われます。 
英語での表現
soon, shortly, before long, in a short time, in a little while など。 
飲食店名としての例
「新大久保 まもなく釜山駅」 のように、お店の名前にも使われています。","[""import"",""japanese""]",2026-02-22 09:21:41.926413+00,e1848554-ffae-479c-a8cd-4c0d77b7bed2,2026-03-19 15:55:50.007522+00,0,0,0,2026-03-19 15:55:50.007522+00,0,null,null,null,false,null,null,null,null,true,2d85a4e3-f2fa-4d63-9eaa-a5676538b825,null,null,"{""tables"":{""1"":{""rows"":[],""columns"":[]}}}",null,[],null,null
d1a3c08a-8ab4-415b-8fc4-77a83941d92d,切り抜き動画（きりぬきどうが、英: Video clip、または英: Short-form content),"切り抜き動画（きりぬきどうが、英: Video clip、または英: Short-form content)は、元となる動画の一部だけを抜粋し、作成・投稿した動画である。単に「切り抜き」などとも呼ばれる。

通常、動画をそのまま投稿する転載とは区別される。","[""import"",""japanese""]",2026-02-22 09:21:41.926413+00,e1848554-ffae-479c-a8cd-4c0d77b7bed2,2026-03-19 15:55:50.007522+00,0,0,0,2026-03-19 15:55:50.007522+00,0,null,null,null,false,null,null,null,null,true,7255281d-30c1-4f41-858b-f0e7ad870eee,null,null,"{""tables"":{""1"":{""rows"":[],""columns"":[]}}}",null,[],null,null
d7e164a1-da78-41fb-ba3f-ee9cfceba5f3,「褒める」,"「褒める」とは、人の行動や行いを「素晴らしい」「良い」と評価し、称賛することです。相手の承認欲求を満たし、自信やモチベーションを高める効果があり、人間関係を良好にするための重要なコミュニケーション手段であり、具体的な行動やプロセスを的確に伝えることで、より効果的になります。 
褒めることの重要性
相手の成長促進: 部下や子供の成長を促し、積極的な行動を促します。
信頼関係の構築: 相手を認め、信頼関係を深めることができます。
心理的効果: 承認欲求を満たし、幸福感を与え、ポジティブな行動を強化します。 
上手に褒めるためのコツ
具体的に褒める: 「すごい」だけでなく、「〇〇の点が素晴らしい」と、何が良かったのかを具体的に伝える。
行動やプロセスを褒める: 結果だけでなく、そこに至るまでの努力や工夫を評価する。
タイミングと頻度: 適切なタイミングで、適度な頻度で褒める（例：大きな成果や、日常のささやかな工夫など）。
間接的に褒める（ウィンザー効果）: 本人がいない場所で褒めると、第三者からの評価として伝わり、より信頼感が増す。
質問形式で褒める: 「どうしたらそんなに上手くできるの？」と質問形式にすると、謙遜されずに受け入れられやすい。 
「褒める」と「誉める」
意味は同じですが、公用文やビジネス文書では常用漢字である「褒める」を使うのが一般的です。 
褒めることは、相手への敬意と理解を示す行為であり、コミュニケーションを活性化させ、より良い関係性を築くための強力なツールです。","[""import"",""japanese""]",2026-02-22 09:21:41.926413+00,e1848554-ffae-479c-a8cd-4c0d77b7bed2,2026-03-19 15:55:50.007522+00,0,0,0,2026-03-19 15:55:50.007522+00,0,null,null,null,false,null,null,null,null,true,4bd2d5eb-c7f3-4148-972c-091774b460e2,null,null,"{""tables"":{""1"":{""rows"":[],""columns"":[]}}}",null,[],null,null
db466aa1-928d-4ccd-81e6-b707848499b5,「とにかく」,"「とにかく」は「何はともあれ」「いずれにしても」「まずは」という意味で、他の事情を差し置いて、まずは一つの事柄に集中したり、行動に移したりすることを促す言葉です。漢字では「兎に角」と書きますが、これは「兎角（とかく）」という仏教用語「兎角亀毛（現実にはありえないこと）」の当て字で、本来は「うさぎに角はない」のように、現実にはないものを指す言葉に由来しています。 
「とにかく」の主な使い方とニュアンス
優先順位をつけ、行動を促すとき: 多くの選択肢や事情がある中で、まずはこれ！というものを強調します。「とにかく勉強をがんばりなさい」「とにかくやってみよう」のように使います。
結論をまとめるとき: 話が長くなった後や、複数の事柄をまとめて「結局はこうだ」と結論づける際にも使われます。「とにかく、面白かったよ！」。
「とりあえず」との違い: 「とりあえず」が「今のところはこれで」という一時的な処理や開始を意味するのに対し、「とにかく」は「他のことはさておき、これだけは！」という強い意志や結論を伴うことが多いです。 
例文
「雨が降ってるけど、とにかく行こう！」（他のことは気にせず、まずは行く）
「問題は山積みだけど、とにかく今できることから始めよう。」（優先順位をつけて行動開始） 
語源（豆知識）
「兎に角」の「兎角（とかく）」は、現実には存在しないものの例えである「兎角亀毛（とかくきもう）」という仏教用語から来ており、うさぎに角がないように、という意味で当て字として使われるようになりました。 
「とにかく」は、状況を打開したり、行動を起こしたりする際の、力強い一言として日常的に使われる便利な言葉です。

어쨌든","[""import"",""japanese""]",2026-02-22 09:21:41.926413+00,e1848554-ffae-479c-a8cd-4c0d77b7bed2,2026-03-19 15:55:50.007522+00,0,0,0,2026-03-19 15:55:50.007522+00,0,null,null,null,false,null,null,null,null,true,3ca73ea7-7180-4c40-951e-34f5a69160ed,null,null,"{""tables"":{""1"":{""rows"":[],""columns"":[]}}}",null,[],null,null
ded46c6b-3b1d-4a88-9b7a-ed2558217288,「吟じます（ぎんじます）」,"「吟じます」は、主に詩歌に節をつけて歌うこと（詩吟）や、お笑い芸人「天津木村」の代表的なギャグ（エロ詩吟）で使われる言葉で、「詩を詠んで、それを歌います」という、やや古風で情緒的な響きを持つ表現です。詩吟では、詩の内容に感情を込めて声に出して表現する意味で使われ、天津木村の芸では、詩吟のリズムに乗せて下ネタを言う際に「吟じます！」と宣言する形で有名になりました。 
「吟じる」の基本的な意味
詩歌に節をつけて歌うこと：元々は詩を声に出して作る行為や、それを歌うことを指しました。
詩を作ること：現代でも、詩作そのものを「詩を吟じる」と表現することがあります。 
お笑い芸「天津木村」の場合
エロ詩吟：天津木村は、詩吟の師範代の資格を持ち、この芸でブレークしました。
決め台詞：「『吟じますっ！』のセリフで始まる」と紹介されるように、詩吟のリズムに乗せて下ネタを言う際の導入の言葉として使われます。 
文脈によって「詩を詠みます、歌います」という情緒的な意味合いと、「（お笑い芸として）披露します」という軽妙な意味合いの両方で使われます。","[""import"",""japanese""]",2026-02-22 09:21:41.926413+00,e1848554-ffae-479c-a8cd-4c0d77b7bed2,2026-03-19 15:55:50.007522+00,0,0,0,2026-03-19 15:55:50.007522+00,0,null,null,null,false,null,null,null,null,true,b10f1262-608e-426b-a8a6-4aead88505d2,null,null,"{""tables"":{""1"":{""rows"":[],""columns"":[]}}}",null,[],null,null
e07cb4a4-2aed-4254-ba16-8590d474d614,キレる,"キレるとは、主に対人関係などにおいて昂ぶった怒りの感情が、我慢の限界を超えて一気に露わになる様子を表す、日本の俗語。「切れる」と表記されることもある。

同義の言葉には「激昂」「激高」などがある。

https://youtu.be/hLfuMyaSINA?si=DVF-6AEm8TwvMnsR","[""import"",""japanese""]",2026-02-22 09:21:41.926413+00,e1848554-ffae-479c-a8cd-4c0d77b7bed2,2026-03-19 15:55:50.007522+00,0,0,0,2026-03-19 15:55:50.007522+00,0,null,null,null,false,null,null,null,null,true,cdef1695-dc1c-4f3e-b603-b7afcc41ddc5,null,null,"{""tables"":{""1"":{""rows"":[],""columns"":[]}}}",null,[],null,null
e28dc846-5117-42cf-89c8-c76c82d3c0e2,「受け狙ってる（うけねらってる）」,"「受け狙ってる」とは、相手（聞き手や観客）に気に入られたり、ウケたり（面白がられたり、共感されたり）することを目的に、意図的に発言や行動をしている状態を指します。「うけを狙う」「ウケ狙い」とも言い、面白おかしいことや、相手の好みに合わせた言動で、評価や人気を得ようとするニュアンスがあります。 
具体的な意味と使い方
「うける（受ける）」の意味: 相手に面白がられる、笑ってもらえる、共感される、支持される、好評を得る、という意味です。
「狙ってる」: その行動（発言やパフォーマンス）の目的が「受けること」にある、と明確に示します。
例文:
「あの芸人、さっきのネタは明らかに受け狙ってたけど、ちょっと滑ったな。」
「プレゼンの冒頭で変なジョークを言ったけど、あれは受け狙いです。」
「（誰かの奇抜な行動を見て）あいつ、またウケ狙いしてるよ。」 
類語・関連表現
ウケ狙い
迎合（げいごう）
受け狙いの（うけねらいの）
奇をてらった（きをてらった） 
要するに、「ウケる（受ける）ことを目的として、そのための行動をしている」状態を表す言葉です。

英語

笑いや注目を集めようとする場合
""Trying to be funny"": 「わざと面白くしようとしている」「ウケ狙い」のニュアンス。
例: Were you trying to be funny just now?（今、ウケ狙ってたでしょ？）
""Trying to get attention"" / ""Trying to be the center of attention"": 注目を集めようとする、目立とうとする。
""Trying to impress (someone)"": （誰かに）気に入られようと、良く見せようとする。 
恋愛関係で狙う場合
""Have one's eyes on (someone)"": （恋愛対象として）目を付けている、狙っている。
例: He has his eyes on you.（彼は君のこと狙ってるよ。）
""Chasing (someone)"": 追いかけている、アプローチしている。
例: I'm chasing her.（彼女を狙ってるんだ。）
""Trying to ask (someone) out"": デートに誘おうとしている。 
目標や物を狙う場合
""Aim for (something)"" / ""Aiming for (something)"": （目標、地位、成功など）を狙う。
例: He's aiming for the CEO position.（彼はCEOの座を狙っている。）
""Eye (something)"" / ""Eyeing (something)"": （特定の物や地位）に目を付ける、狙う。
例: He's eyeing that new car.（あの新しい車を狙ってる。）
""Set one's sights on (something)"": ～を目標に定める、狙う。 
まとめ
「受け狙い」は、「面白いことを言って笑わせようとする」意味合いが強いので、""trying to be funny"" が最も近い表現ですが、文脈に応じて他の表現も使い分けましょう。","[""import"",""japanese""]",2026-02-22 09:21:41.926413+00,e1848554-ffae-479c-a8cd-4c0d77b7bed2,2026-03-19 15:55:50.007522+00,0,0,0,2026-03-19 15:55:50.007522+00,0,null,null,null,false,null,null,null,null,true,4576a0ef-be73-4c35-bf95-c0da5e69eecb,null,null,"{""tables"":{""1"":{""rows"":[],""columns"":[]}}}",null,[],null,null
e341ae4d-33e2-4673-b195-b700d3d8411c,「愚痴（ぐち）」「文句（もんく）」「苦情（くじょう）」の違いは,"「愚痴（ぐち）」「文句（もんく）」「苦情（くじょう）」は、不満や不平を表明する言葉ですが、ニュアンスが異なります。「愚痴」は個人的な不平不満や弱音、「文句」は不満や不平を具体的な対象に言うこと、「苦情」は商品・サービスへの不快感を表明し、改善や補償を求める場合に使い分けられます。 
ニュアンスの比較
愚痴 (Guchi)
意味: 自分の不運や不満、心の内の不平を、主に親しい人などに漏らすこと。弱音に近い。
例: 「仕事が忙しくて大変なんだよ（愚痴をこぼす）」
文句 (Monku)
意味: 不平や不満、不服を言うこと。対象がはっきりしていることが多い。
例: 「（店員に）この味はひどい！」「（上司に）配慮が足りない！」
苦情 (Kujou)
意味: 商品やサービスに対する不快感、不満を表明すること。多くの場合、改善要求や損害の補償を伴う（クレームに近い）。
例: 「この製品はすぐに壊れた。交換してほしい（苦情を申し立てる）」 
3つの言葉の使い分け
個人的な不満を言うなら「愚痴」。
相手への不満を具体的に言うなら「文句」。
サービスや商品に対して不満を伝え、改善を求めるなら「苦情」。 
これらの言葉は、似ているようで対象や目的、深刻度が異なります。文脈に応じて適切な言葉を選ぶことが大切です。

https://m.blog.naver.com/jlpt_jpt_eju/222400164674","[""import"",""japanese""]",2026-02-22 09:21:41.926413+00,e1848554-ffae-479c-a8cd-4c0d77b7bed2,2026-03-19 15:55:50.007522+00,0,0,0,2026-03-19 15:55:50.007522+00,0,null,null,null,false,null,null,null,null,true,8a401f86-4bf8-4161-9cc6-52b5a0ffd118,null,null,"{""tables"":{""1"":{""rows"":[],""columns"":[]}}}",null,[],null,null
e706795c-c812-4264-9650-a4e10b9df6ec,「羨ましい（うらやましい）」,"「羨ましい（うらやましい）」とは、他人の状況や才能、持ち物などを見て「自分もそうだったらいいな」「いいな」と、うらやましく思う気持ちを表す言葉で、「憧れる」「妬ましい（ねたましい）」といったニュアンスを持ち、必ずしも悪い感情だけでなく、ポジティブな意味合いで使われることも多いです。 
意味と使い方
他人の良い状態を願う: 他人の良い部分を自分のことのように感じ、「自分もそうなりたい」と思う気持ち。
ポジティブな場合: 「すごいね！羨ましい！」「旅行に行くなんて羨ましい！」のように、相手の幸せを素直に喜ぶ気持ち。
ネガティブな場合: 他人の恵まれた状況を憎らしく思う「妬ましい」に近い意味合いで使われることもあります（古くからの意味合い）。 
類語・関連表現
憧れる（あこがれる）: ポジティブな羨望。
妬ましい（ねたましい）/ 嫉妬（しっと）: 相手の持っているものを奪いたい、という気持ち。
（英語で）Jealous / Envy: どちらも「羨ましい」ですが、Jealousは「嫉妬」、Envyは「羨望」に近いニュアンスで使い分けられます。 
具体例
「ヨーロッパ旅行、羨ましい！」（ヨーロッパに行けていいな、という気持ち）。
「彼みたいに才能があったら羨ましいな。」（彼のような才能が欲しいな、という気持ち）。","[""import"",""japanese""]",2026-02-22 09:21:41.926413+00,e1848554-ffae-479c-a8cd-4c0d77b7bed2,2026-03-19 15:55:50.007522+00,0,0,0,2026-03-19 15:55:50.007522+00,0,null,null,null,false,null,null,null,null,true,3833ce2d-a94d-4578-9332-888cf58019b8,null,null,"{""tables"":{""1"":{""rows"":[],""columns"":[]}}}",null,[],null,null
e7477beb-9818-4685-96e2-88cdfa98e5c6,気になる漢字語記録,"臨時（りんじ）：임시
強要（きょうよう）：강요
疑問（ぎもん）：의문","[""import"",""japanese""]",2026-02-22 09:21:41.926413+00,e1848554-ffae-479c-a8cd-4c0d77b7bed2,2026-03-19 15:55:50.007522+00,0,0,0,2026-03-19 15:55:50.007522+00,0,null,null,null,false,null,null,null,null,true,8680120c-6857-467c-9092-d98caf2edad3,null,null,"{""tables"":{""1"":{""rows"":[],""columns"":[]}}}",null,[],null,null
e93a1f3f-9bea-4104-99c2-3e3124c33833,「だいぶ」,"https://youtu.be/YZUij1EaHJw?si=z2x6sI5w2LQVdte0

「だいぶ」は程度が相当大きいことや、変化が進んでいる様子を表す副詞で、「かなり」「ずいぶん」「思ったより」といった意味を持ち、「だいぶ良くなった」「だいぶ時間がかかる」のように使われ、「大分」と漢字で書くこともありますが、副詞としてはひらがなで表記されることが多いです。 
意味と使い方
程度が甚だしい・相当なもの：量や程度がかなり多い、または激しい状態。
例：「本をだいぶ買った」「今日はだいぶ寒い」。
変化の度合いが大きい：何かが進行して、その程度が進んでいる様子。
例：「病気がだいぶ良くなった」「日本の生活にだいぶ慣れてきた」。 
「ずいぶん」との違い
「だいぶ」：現在の程度や進行状況を表すことが多い。
「ずいぶん」：話し手の評価や驚き、予想よりも大きいというニュアンスを含むことが多い。 
漢字表記
副詞の「だいぶ」はひらがなで書くのが一般的ですが、「大分（だいぶ）」と漢字で書くこともあります。 
例文
「このコートはだいぶすり切れている。」
「留学の準備はだいぶ進みました。」
「この車もだいぶくたびれてきた。」

https://mazii.net/ko-KR/search/word/jako/%E3%81%A0%E3%81%84%E3%81%B6

◆ 상당히; 어지간히; 꽤.

大分病気が悪い
상당히 병이 심하다

英語が大分うまくなった
영어가 꽤 능숙해졌다

貯金が大分 たまった
저금한 돈이 꽤 모였다

◆ (수량∙정도 등이) 상당한 것; 또, 그런 모양.

距離は歩いて大分になる
거리는 걸어서 꽤 된다

大分の無沙汰をした
꽤 오랫동안 소식을 전하지 못했다","[""import"",""japanese""]",2026-02-22 09:21:41.926413+00,e1848554-ffae-479c-a8cd-4c0d77b7bed2,2026-03-19 15:55:50.007522+00,0,0,0,2026-03-19 15:55:50.007522+00,0,null,null,null,false,null,null,null,null,true,c25f8966-8554-49eb-9d08-759f362ba140,null,null,"{""tables"":{""1"":{""rows"":[],""columns"":[]}}}",null,[],null,null
f66f3e03-95f6-4662-9a3b-8b44ebbdbdcc,「擬音」,"「擬音」とは、音や声、物事の状態などを言葉で模倣して表現する「オノマトペ」の一部で、特に「ワンワン（犬の鳴き声）」や「ザーザー（雨の音）」のように「実際に聞こえる音」を表す言葉を指し、演劇やアニメ、漫画などで表現を豊かにするために使われます。これには「擬態語（キラキラ、ニコニコなど）」と区別されることが多いですが、広義ではオノマトペ全体を指すこともあります。 
擬音語（ぎおんご）の例
動物の鳴き声: 「ワンワン」「ニャーニャー」「メーメー」
自然の音: 「ザーザー」「ゴロゴロ」「パラパラ」
物音・動作音: 「ドタン」「ガチャン」「バタン」「ガンガン」
人の声・心音: 「ドキドキ」「ハクハク」「ゲラゲラ」 
擬音語と関連する言葉
擬態語（ぎたいご）: 音ではなく、物事の様子や状態を表現する言葉。「キラキラ」「ふわふわ」「ぐっすり」など。
擬声語（ぎせいご）: 擬音語の中でも、特に動物の鳴き声や人の声など、生き物の声に近い音を表す言葉。「ワンワン」など。
オノマトペ: 擬音語と擬態語を合わせた総称。日本語の特徴の一つで、豊かな表現を生み出します。 
擬音の使われ方
演劇・映画: 効果音（SE）として、太鼓や様々な道具を使って音を出す（例：歌舞伎の大太鼓）。
漫画・アニメ: 擬音語を効果的に使い、臨場感やキャラクターの感情を表現する。
日常会話: 日本語では非常に多く使われ、会話や文章を生き生きとさせる。","[""import"",""japanese""]",2026-02-22 09:21:41.926413+00,e1848554-ffae-479c-a8cd-4c0d77b7bed2,2026-03-19 15:55:50.007522+00,0,0,0,2026-03-19 15:55:50.007522+00,0,null,null,null,false,null,null,null,null,true,a920eab4-e0f7-4041-9c17-744a602ad975,null,null,"{""tables"":{""1"":{""rows"":[],""columns"":[]}}}",null,[],null,null
f7bd1806-2bbe-4137-a21c-54f913967faa,「頭が上がる（あたまがあがる）」,"https://youtu.be/45-Pa81ELyY?si=rbPCO9sG6S5PhqVA

「頭が上がる」は、主に「相手の恩義や力に負い目を感じて対等に振る舞えない」という意味で使われ、「頭が上がらない」と打消しで使うのが一般的ですが、文字通り「枕から頭を起こす」「顔を上げる」物理的な動作を指す場合もありますが、慣用句としては前者（対等に振る舞えない）の意味が主流です。 
主な意味と使い方
対等に振る舞えない（最も一般的）
相手に借りがある、世話になった、弱みを握られているなどの理由で、遠慮したり引け目を感じたりして、対等な立場で向き合えない状態を指します。
例文：「あの先生には、昔からお世話になっているので、頭が上がらないよ」。
ポイント：「～には頭が上がらない」と、打消しの表現で使われることが多いです。
（病気などで）枕から頭を起こす
体が弱って寝ている状態から、首を上げて顔を上げようとする様子。
例文：「熱で伏せっていたが、今は少し頭が上がってきた」。
（顔などを）上に向ける
文字通り、顔や頭を上の方へ持ち上げる動作。
例文：「空を見上げて頭を上げる」。 
混同しやすい表現
「頭が高い」： 相手の権威を無視して、ぞんざいな態度をとること（「頭が高い」は「おごり高ぶっている」ような意味で、「頭が上がらない」とは逆の意味です）。
「頭が下がる」： 相手の行為や能力に深く感銘を受け、尊敬や感謝の気持ちを表す表現（「頭が上がらない」とは似ていますが、こちらは肯定的な意味で使われます）。 
「頭が上がる」は、文脈によって意味が変わりますが、「頭が上がらない」の形で「相手に気後れして対等になれない」という意味で使われることがほとんどです。

https://blog.naver.com/iroha-eju/222182494680

頭が上がらない
은혜를 입어서 또는 약점을 잡혀서 대등하게, 동등하게 행동할수없다

ここまで育ててくれた親には頭が上がらない。
지금까지 키워주신 부모님에게는 머리가 올라가지않는다
->감사하다는 마음이 크다는 의미에서 사용됨

浮気をばれてから、妻には頭が上がらない。
바람핀게 걸린 이후로는 부인에게 머리가 올라가지않는다
->미안하다는 마음이 크다는 의미에서 사용됨

https://cafe.daum.net/japanese1961/Q4m/83

・頭が上がらない：相手に負い目があったり、権威に圧迫されたりして、対等に振舞えない。

子どもの時から世話になっているので、あの人にはどうも頭が上がらない。
 아이 때부터 신세를 지고 있기 때문에, 그 사람에게는 아무래도 기를 못 편다.

総理大臣でも、小学校のときの先生に会うと頭が上がらないそうです。
 総理大臣(국무총리)라도, 초등학교 선생님을 만나면 꼼짝 못한다고 합니다.

若くグラマーな、その２度目の女房に、専務が頭が上がらないのは有名な話だ。
 젊고 글래머인, 그 두 번 째 마누라에게, 전무가 설설 기는 것은 유명한 이야기다.","[""import"",""japanese""]",2026-02-22 09:21:41.926413+00,e1848554-ffae-479c-a8cd-4c0d77b7bed2,2026-03-19 15:55:50.007522+00,0,0,0,2026-03-19 15:55:50.007522+00,0,null,null,null,false,null,null,null,null,true,eee75a47-ab60-4b0c-9b6f-bf3777a86712,null,null,"{""tables"":{""1"":{""rows"":[],""columns"":[]}}}",null,[],null,null
fb0d4edd-66f9-44da-bd17-08f5cf2fbd9c,「拭いている（ふいている）」,"「拭いている」は、「拭く（ふく）」という動詞の現在進行形・継続形（〜ている形）で、「何かを拭く動作をしている最中」や「拭くという状態が続いている」ことを意味し、「拭く」「拭う」「こする」「ぬぐう」といった動作（例：汗を拭いている、テーブルを拭いている、涙を拭っている、汚点を拭い去る）を表します。 
意味と使われ方
動作の最中: 「今、まさに拭いているところだよ」
習慣・状態: 「いつもここで手を拭いている」
関連する言葉
拭く (ふく): 一般的に「拭く」は布などでこすって汚れや水分を取ること。「拭う（ぬぐう）」は、涙や汗、恥などを拭い去る、という意味合いで使われることもあります。
「拭」の漢字: 「拭く」「拭う」の他にも、「拭（しょく）」などの読み方があります。 
例文
「彼女はハンカチで涙を拭いている。」 (涙を拭う動作の最中)
「テーブルの上の水を拭いているところです。」 (拭く動作の最中)","[""import"",""japanese""]",2026-02-22 09:21:41.926413+00,e1848554-ffae-479c-a8cd-4c0d77b7bed2,2026-03-19 15:55:50.007522+00,0,0,0,2026-03-19 15:55:50.007522+00,0,null,null,null,false,null,null,null,null,true,291ff788-2e14-419a-812e-7fa2ec861532,null,null,"{""tables"":{""1"":{""rows"":[],""columns"":[]}}}",null,[],null,null
fd23ce7a-ae75-4c3f-a80f-14ec6410e1ec,「切り替え（きりかえ）」,"「切り替え（きりかえ）」とは、ある状態や物事を別のものに変えることで、文脈によって「スイッチの切り替え」「気持ちの切り替え」「モードの変更」「洋裁でのデザイン」など、物理的・精神的・技術的な様々な意味で使われ、英語では「switch」「shift」「change」「toggle」などに対応します。 
主な意味と使い方
物理的な操作:
「ギアの切り替え」：自動車などでギアを変えること。
「テレビ/ビデオの切り替えボタン」：入力信号を切り替えるボタン。
「コードページ切り替え」：コンピューターで文字コードを変えること。
精神的・状況の変化:
「気持ちを切り替える」：気分や集中する対象を別のものに変える（心機一転、気分転換）。
「頭の切り替えが早い」：状況に応じて素早く対応を変えること。
デザイン・裁縫:
「生地の切り替え」：異なる素材や色の布を縫い合わせてデザインすること（ドッキングとは異なる）。
農業:
「切り替え畑（きりかえばた）」：土地利用を変える畑。 
漢字の使い分け（「切替」と「切り替え」）
国語辞典では同義語とされており、一般的にどちらを使っても問題ありません。
「切替（きりかえ）」：手で操作するニュアンスが強く、スイッチや機械操作によく使われる。
「切り換え（きりかえ）」：より一般的で、抽象的なものにも使われる。 
「切り替え」は文脈によって意味が大きく変わるため、何（What）をどのように（How）変えるのかを意識すると理解しやすくなります。","[""import"",""japanese""]",2026-02-22 09:21:41.926413+00,e1848554-ffae-479c-a8cd-4c0d77b7bed2,2026-03-19 15:55:50.007522+00,0,0,0,2026-03-19 15:55:50.007522+00,0,null,null,null,false,null,null,null,null,true,406f5954-e779-4c6d-b8d1-d628fa019169,null,null,"{""tables"":{""1"":{""rows"":[],""columns"":[]}}}",null,[],null,null
fd5f0075-e4cc-4269-9906-b8d1f6bce2ea,「逸らす（そらす）」,"「逸らす（そらす）」とは、視線や話題、注意などを本来向けるべき方向や目標から別の方向へ向けたり、はぐらかしたりすることを指し、目を逸らす、話を逸らす、狙いを逸らすなどの使い方があり、またボールなどを逃がすという意味や、気分を害する（多くは打消しで「人を逸らさない」のように使う）意味もあります。似た漢字に「反らす（そらす）」がありますが、こちらは弓なりに曲げる意味で、視線などには「逸らす」が適切です。 
主な意味と使い方
方向・視線などを変える:
目を逸らす: 相手の目を見ないように視線をそちらへ向ける。
話を逸らす: 会話の内容を別の話題に変える、はぐらかす。
狙いを逸らす: 狙っていた目標から注意や焦点を外す。
例: 「彼はその質問を巧みに逸らした」。
（目標を）逃がす・取り逃がす:
とらえそこねる、のがす。
例: 「ボールを逸らしてしまった」。
（人を）不快にさせる（主に打消しで）:
相手の機嫌を損ねる、不快にさせないようにする際に使う。
例: 「彼の対応は誰をも逸らさない（＝不快にさせない）」。 
「逸らす」と「反らす」の違い
逸らす（そらす）: 目標から外す、別の方向へ向ける（視線、話題など）。
反らす（そらす）: 弓のように曲げる（体を反らす、背中を反らすなど）。 
日常会話では「そらす」と発音しても、文脈に応じて「逸らす」と「反らす」を使い分けることが重要です。

目を逸らす：시선을 딴 데로 돌리다、외면하다.

To turn away、to avert
To turn away (one's eyes, face, etc.)、to avert、to divert (e.g. one's attention)、to evade (e.g. a question)、to change (e.g. the subject)
To displease、to annoy、to offend、to upset
To miss (the target, ball, etc.)","[""import"",""japanese""]",2026-02-22 09:21:41.926413+00,e1848554-ffae-479c-a8cd-4c0d77b7bed2,2026-03-19 15:55:50.007522+00,0,0,0,2026-03-19 15:55:50.007522+00,0,null,null,null,false,null,null,null,null,true,93a6391f-3740-49df-91a6-3d20df0b340e,null,null,"{""tables"":{""1"":{""rows"":[],""columns"":[]}}}",null,[],null,null
0ce3f5ca-e543-4d90-9cad-c55719c01291,さらに,"「さらに」は、「加えて」「その上」の意味で情報を追加したり（「さらに、この問題も」）、「いっそう」「ますます」と程度が増す様子を表したり（「さらに悪化する」）、「全く」「少しも」（「さらに覚えがない」）と否定を強調する際に使われ、文脈に応じて「次に」「もっと」といった類義語に言い換えられますが、フォーマルな場面や段階を追って説明する際に特に有用です。 
主な意味と使い方
追加・重ねる（接続副詞）
「それに」「加えて」「その上」と同じように、前の内容に新たな情報や事柄を付け加えるときに使います。
例： 「この提案は素晴らしい。さらに、コスト削減のメリットもあります。」
程度が増す・強調（副詞）
「いっそう」「ますます」「より一層」のように、程度が強まる様子を表します。
例： 「気温はさらに上昇した。」
否定を強調（副詞）
「全く」「少しも」「断じて」のように、後ろに打消しの言葉を伴い、否定を強調します。
例： 「彼の話にさらに疑いの余地はない。」
時間的・順序的（副詞）
「次に」「その後」のように、時間や順序が次に来ることを示します。
例： 「まず説明します。さらに、資料をご覧ください。」 
ビジネスシーンでの活用
プレゼンテーションや報告書で、「次に」「加えて」というニュアンスで情報を追加する際に非常に便利です。
「さらに」を使うことで、話が単調にならず、相手に新しい価値や情報を効果的に伝えられます。","[""import"",""japanese""]",2026-02-22 09:21:42.0778+00,e1848554-ffae-479c-a8cd-4c0d77b7bed2,2026-03-19 15:55:50.007522+00,0,0,0,2026-03-19 15:55:50.007522+00,0,null,null,null,false,null,null,null,null,true,9fb1b932-a918-4282-9ba6-67726de4908b,null,null,"{""tables"":{""1"":{""rows"":[],""columns"":[]}}}",null,[],null,null
152352ee-af0b-479f-a0bc-5f5be7146688,react ts 01,"from ChatGPT

ReactNode
React 코드 안에서 **“이 자리에 어떤 종류의 React 요소든 들어올 수 있다”**라는 뜻을 표현하는 **타입(TypeScript 타입)**이에요. 즉, ReactNode = React 안에서 렌더링될 수 있는 모든 것

from https://merrily-code.tistory.com/209

# 📘 Stock Cloud Community — 프론트엔드 구조 전체 정리 (2025)

## 01. 프로젝트 개요

### 기술 스택

- **React + TypeScript**
- **React Router v6**
- **Context API** (언어 상태 전역 관리)
- **Tailwind CSS** (스타일)
- **JSON 기반 i18n**
- **Vite 또는 CRA 기반 번들러** (환경에 따라)

### 핵심 목표

- 일본을 베이스로 하는 **글로벌 서비스**
- **영어 / 일본어 / 한국어** 다국어 지원
- 향후 기능 확장(경영, 콘텐츠, 커뮤니티 등)을 고려한 **유연한 폴더 구조**

  **팁**  
  프로젝트 문서에서 “기술 스택 + 목표”를 맨 위에 적어두면, 교수·면접관·협업자가 이 프로젝트가 어떤 레벨인지 한눈에 파악하기 쉽다.

## 02. 폴더 구조 (정석 구조)

```txt
client/
  src/
    app/
      App.tsx
      pages/
        HomePage.tsx
        FeedPage.tsx
        ProfilePage.tsx
        SettingsPage.tsx

    components/
      layout/
        MainLayout.tsx
      common/
        LanguageSwitcher.tsx

    contexts/
      LanguageContext.tsx

    lib/
      i18n.ts

    locales/
      en.json
      ja.json
      ko.json

    types/
      locale.ts
      # (선택) localeSchema.ts

    styles/
      index.css

    main.tsx
```

팁

app/ : 라우팅과 페이지 흐름

components/ : 재사용 가능한 UI

contexts/ : 전역 상태(Context)

lib/ : 유틸·도메인 로직

locales/ : 번역 파일
이렇게 역할별로 나누면 규모가 커져도 구조가 잘 버틴다.

## 03. 라우팅 구조

📌 가장 중요한 원칙
BrowserRouter는 앱 전체에서 단 한 번만 사용한다.
위치는 main.tsx 또는 App.tsx 둘 중 하나.

현재 사용 중인 패턴은 main.tsx에 Router를 두는 방식:

```tsx
コードをコピーする;
// main.tsx
import React from ""react"";
import ReactDOM from ""react-dom/client"";
import App from ""./app/App"";
import ""./styles/index.css"";
import { LanguageProvider } from ""./contexts/LanguageContext"";
import { BrowserRouter } from ""react-router-dom"";

ReactDOM.createRoot(document.getElementById(""root"")!).render(
  <React.StrictMode>
    <LanguageProvider>
      <BrowserRouter>
        <App />
      </BrowserRouter>
    </LanguageProvider>
  </React.StrictMode>
);
```

App.tsx는 Router 없이, Routes만 가진다:

```tsx
コードをコピーする;
// app/App.tsx
import { Routes, Route, Navigate } from ""react-router-dom"";
import { MainLayout } from ""../components/layout/MainLayout"";
import { HomePage } from ""./pages/HomePage"";
import { FeedPage } from ""./pages/FeedPage"";
import { ProfilePage } from ""./pages/ProfilePage"";
import { SettingsPage } from ""./pages/SettingsPage"";

export const App = () => {
  return (
    <MainLayout>
      <Routes>
        <Route path=""/"" element={<HomePage />} />
        <Route path=""/feed"" element={<FeedPage />} />
        <Route path=""/profile"" element={<ProfilePage />} />
        <Route path=""/settings"" element={<SettingsPage />} />
        <Route path=""*"" element={<Navigate to=""/"" replace />} />
      </Routes>
    </MainLayout>
  );
};

export default App;
```

---

팁
main.tsx에 Router를 두면, App은 “순수하게 화면만” 담당해서 역할 분리가 더 깔끔해진다.

## 04. 언어 상태 관리 (LanguageContext)

역할
전체 앱의 언어 상태를 전역으로 관리

localStorage와 연동해서 새로고침 후에도 언어 유지

setLanguage 호출 시 전 페이지가 즉시 리렌더링

### 04-01. 언어 타입

```ts
コードをコピーする;
// types/locale.ts
export type Language = ""en"" | ""ja"" | ""ko"";
```

컨텍스트 구현

```tsx
コードをコピーする;
// contexts/LanguageContext.tsx
import {
  createContext,
  useContext,
  useEffect,
  useState,
  type ReactNode,
} from ""react"";
import type { Language } from ""../types/locale"";

type LanguageContextValue = {
  language: Language;
  setLanguage: (lang: Language) => void;
};

const LanguageContext = createContext<LanguageContextValue | undefined>(
  undefined
);

const DEFAULT_LANG: Language = ""en"";

type LanguageProviderProps = {
  children: ReactNode;
};

export const LanguageProvider = ({ children }: LanguageProviderProps) => {
  const [language, setLanguageState] = useState<Language>(DEFAULT_LANG);

  // 초기 로드 시 localStorage 값 적용
  useEffect(() => {
    const saved = window.localStorage.getItem(
      ""scc_language""
    ) as Language | null;
    if (saved) {
      setLanguageState(saved);
    }
  }, []);

  // 언어 변경 시: 상태 + localStorage 둘 다 업데이트
  const setLanguage = (lang: Language) => {
    setLanguageState(lang);
    window.localStorage.setItem(""scc_language"", lang);
  };

  return (
    <LanguageContext.Provider value={{ language, setLanguage }}>
      {children}
    </LanguageContext.Provider>
  );
};

export const useLanguage = (): LanguageContextValue => {
  const ctx = useContext(LanguageContext);
  if (!ctx) {
    throw new Error(""useLanguage must be used within LanguageProvider"");
  }
  return ctx;
};
```

팁

전역 상태는 항상 한 곳에서만 관리한다.

여기서는 LanguageProvider가 “언어의 단일 출처(single source of truth)”.

## 05. i18n 시스템 (JSON 기반)

### 05-01. JSON 구조 예시

```json
コードをコピーする
// locales/en.json
{
""app"": {
""title"": ""Stock Cloud Community"",
""tagline"": ""From Japan to the world""
},
""nav"": {
""home"": ""Home"",
""feed"": ""Feed"",
""profile"": ""My Page""
}
}
```

```json
コードをコピーする
// locales/ja.json
{
""app"": {
""title"": ""Stock Cloud コミュニティ"",
""tagline"": ""日本から世界へ""
},
""nav"": {
""home"": ""ホーム"",
""feed"": ""フィード"",
""profile"": ""マイページ""
}
}
```

```json
コードをコピーする
// locales/ko.json
{
""app"": {
""title"": ""Stock Cloud 커뮤니티"",
""tagline"": ""일본에서 세계로""
},
""nav"": {
""home"": ""홈"",
""feed"": ""피드"",
""profile"": ""마이페이지""
}
}
```

### 05-02. t() 함수 구현

```ts
コードをコピーする;
// lib/i18n.ts
import en from ""../locales/en.json"";
import ja from ""../locales/ja.json"";
import ko from ""../locales/ko.json"";
import type { Language } from ""../types/locale"";

const dictionaries = {
  en,
  ja,
  ko,
};

export const t = (key: string, lang: Language): string => {
  const dict = dictionaries[lang];

  const parts = key.split(""."");
  let value: any = dict;

  for (const part of parts) {
    value = value?.[part];
  }

  return value ?? key; // 못 찾으면 key 그대로 반환
};
```

핵심 포인트

""app.title"" → JSON의 app → title 위치를 찾아서 문자열 반환

""nav.home"" → JSON의 nav → home 위치를 찾아감

값을 못 찾으면 key를 그대로 반환 → 오타 디버깅에 도움

팁
모든 텍스트를 JSON에서 관리하면, 코드 수정 없이도 문구를 변경할 수 있다.
(기획자/디자이너가 JSON 파일만 수정해도 됨)

## 06. MainLayout — 언어 변경 + 네비게이션 UI

역할
상단 헤더(UI 공통)

네비게이션 메뉴

언어 변경 컴포넌트 (LanguageSwitcher)

메인 페이지 컨테이너 (children)

Footer

LanguageSwitcher

```tsx
コードをコピーする;
// components/common/LanguageSwitcher.tsx
import type { FC } from ""react"";
import type { Language } from ""../../types/locale"";

const LABEL: Record<Language, string> = {
  en: ""EN"",
  ja: ""日本語"",
  ko: ""한국어"",
};

type LanguageSwitcherProps = {
  value: Language;
  onChange: (lang: Language) => void;
};

export const LanguageSwitcher: FC<LanguageSwitcherProps> = ({
  value,
  onChange,
}) => {
  return (
    <div className=""flex items-center gap-2 text-xs"">
      <span className=""text-gray-400"">Language</span>
      <div className=""inline-flex rounded-full bg-gray-100 p-1"">
        {([""en"", ""ja"", ""ko""] as Language[]).map((lang) => {
          const isActive = value === lang;

          return (
            <button
              key={lang}
              type=""button""
              onClick={() => onChange(lang)}
              className={[
                ""px-2 py-1 rounded-full transition"",
                isActive
                  ? ""bg-white shadow-sm text-brand-primary""
                  : ""text-gray-500 hover:text-brand-primary"",
              ].join("" "")}
            >
              {LABEL[lang]}
            </button>
          );
        })}
      </div>
    </div>
  );
};
```

MainLayout 구현 (Context 사용)

```tsx
コードをコピーする;
// components/layout/MainLayout.tsx
import type { ReactNode } from ""react"";
import { Link, useLocation } from ""react-router-dom"";
import { LanguageSwitcher } from ""../common/LanguageSwitcher"";
import { useLanguage } from ""../../contexts/LanguageContext"";

type MainLayoutProps = {
  children: ReactNode;
};

export const MainLayout = ({ children }: MainLayoutProps) => {
  const { language, setLanguage } = useLanguage();
  const location = useLocation();

  const isActive = (path: string) => location.pathname === path;

  return (
    <div className=""min-h-screen bg-brand-soft text-brand-primary font-sans"">
      <header className=""border-b border-gray-200 bg-white/80 backdrop-blur-sm"">
        <div className=""mx-auto flex max-w-5xl items-center justify-between px-4 py-3"">
          <div className=""text-xl font-semibold tracking-tight"">
            Stock Cloud
            <span className=""ml-1 text-sm font-normal text-gray-500"">
              community
            </span>
          </div>

          <div className=""flex items-center gap-6"">
            <nav className=""flex items-center gap-4 text-sm text-gray-600"">
              <Link
                to=""/""
                className={
                  ""hover:text-brand-primary "" +
                  (isActive(""/"") ? ""font-semibold text-brand-primary"" : """")
                }
              >
                Home
              </Link>
              <Link
                to=""/feed""
                className={
                  ""hover:text-brand-primary "" +
                  (isActive(""/feed"") ? ""font-semibold text-brand-primary"" : """")
                }
              >
                Feed
              </Link>
              <Link
                to=""/profile""
                className={
                  ""hover:text-brand-primary "" +
                  (isActive(""/profile"")
                    ? ""font-semibold text-brand-primary""
                    : """")
                }
              >
                My Page
              </Link>
              <Link
                to=""/settings""
                className={
                  ""hover:text-brand-primary "" +
                  (isActive(""/settings"")
                    ? ""font-semibold text-brand-primary""
                    : """")
                }
              >
                Settings
              </Link>
            </nav>

            <LanguageSwitcher value={language} onChange={setLanguage} />
          </div>
        </div>
      </header>

      <main className=""mx-auto max-w-5xl px-4 py-8"">{children}</main>

      <footer className=""border-t border-gray-200 bg-white/70"">
        <div className=""mx-auto flex max-w-5xl items-center justify-between px-4 py-3 text-xs text-gray-400"">
          <span>© {new Date().getFullYear()} Stock Cloud Community</span>
          <span>JP → Global</span>
        </div>
      </footer>
    </div>
  );
};
```

팁
예전에 MainLayout이 Context 대신 props로 언어를 받았을 때,
App.tsx의 상태와 Context 상태가 따로 놀아서 새로고침해야 언어 변경이 반영되는 버그가 있었다.
지금은 useLanguage()만 쓰도록 통일해서 이 문제가 해결된 상태.

## 07. Language 버튼 이슈 정리 (에러 로그용)

### 07-01. 상황

React + TypeScript + Context + i18n 사용

언어 변경 버튼을 눌러도 텍스트가 바로 안 바뀌고,
새로고침 후에야 변경된 언어가 적용되는 현상 발생

### 07-02. 원인

언어 상태가

App.tsx의 useState(language)

LanguageProvider의 language
두 군데에서 따로 관리되고 있었음

화면(HomePage 등)은 **Context의 language**를 보고 있었지만,
버튼은 App 내부 상태만 변경하고 있었음 → 상태 불일치

i18n 키와 JSON 구조도 일부 불일치 (home.welcome vs app.title)

### 07-03. 해결

언어 상태를 LanguageProvider(Conte
xt) 하나로 통일

App.tsx에서 언어 관련 useState/useEffect 삭제

MainLayout과 페이지들은 모두 useLanguage()만 사용

LanguageProvider에서만 localStorage read/write 처리

i18n 키와 JSON 구조를 실제 호출 형태에 맞추어 수정

t(""app.title"", language) ↔ en.json.app.title

### 07-04. 결과

언어 변경 시 전 페이지 UI가 즉시 리렌더링

새로고침 없이 자연스럽게 전환

전역 상태 관리 구조 안정화

### 07-05. 배운 점

전역 상태(언어, 테마, 사용자 설정 등)는 반드시 한 군데에서만 관리한다.

Context + localStorage 조합을 사용할 때:

Context = 진짜 소스

localStorage = 초기값 + 영구 저장소 역할

i18n은 코드의 key(""app.title"")와 JSON 구조를 항상 맞춰야 한다.

## 08. 현재 시스템의 완성도

### 08-01. 현재 프로젝트는:

글로벌 언어 시스템(i18n) 기본 구조 완성

Context 기반 전역 언어 상태 안정적으로 구성

Layout / Routes / Pages 구조가 실무 레벨에 가깝게 정리

유지보수성과 확장성 모두 확보

### 08-02. 언어부분 수정내용

✔ 주요 작업 내용

i18n JSON(en/ja/ko) 확장

home / feed / profile / settings 영역에 필요한 문구 추가

일본어는 감성맞게 자연스러운 표현으로 조정

이제 모든 페이지가 통일된 i18n 패턴을 사용하도록 세팅됨

FeedPage 기본 레이아웃 구성

제목, 설명, 빈 피드 안내문 추가

향후 게시글·댓글 UI를 얹기 쉬운 구조로 설계

ProfilePage 기본 UI 제작

사용자 이름/프로필/바이오의 placeholder 문구 i18n 적용

실제 데이터 연동을 대비한 구조로 구축

SettingsPage의 언어 설정 섹션 구축

제목/설명/언어 선택 영역을 i18n으로 연결

LanguageSwitcher를 페이지 내부에서도 사용할 수 있도록 설정

향후 “테마/알림/타임존” 같은 설정을 추가할 공간 마련

MainLayout 전체 페이지에서 Context 기반 언어 전환 정상 동작 확인

nav는 아직 i18n 옵션 적용 전이지만, 적용 가능하도록 준비됨

전역 상태 적용 방식이 안정적으로 유지됨

✔ 배운 점 / 기록

페이지가 늘어나더라도, 언어 상태는 Context 하나로 관리하면 UI 반영이 항상 즉시 이뤄진다.

i18n JSON을 확장할 때는 “키 구조 통일”이 가장 중요하며,
이번 작업으로 전체 키 구조가 일관된 형태를 갖추게 됨.

페이지를 먼저 *“레이아웃 중심”*으로 만들면 나중에 DB 연결 시 훨씬 편하다.

📌 다음 작업 예정(TODO)

MainLayout 내 nav.menu 부분을 i18n으로 전환

SettingsPage → 테마 전역 상태 추가 준비

FeedPage → 게시글 카드 UI 설계

ProfilePage → 이름/소개 입력 폼 추가

### 08-03. 앞으로 추가하기 좋은 기능:

인증(Auth: 로그인/회원가입)

프로필 편집

게시글/댓글 기능

UI 세련화 (Tailwind + 일본 감성)

DB 연결 (초기 MongoDB → 이후 AWS로 마이그레이션)

팁
이 문서를 v1으로 두고, 기능이 늘어날 때마다 v2, v3 문서를 추가로 작성하면
“프로젝트 성장 히스토리” 자체가 포트폴리오가 된다.","[""import"",""coding""]",2026-02-22 09:21:42.0778+00,e1848554-ffae-479c-a8cd-4c0d77b7bed2,2026-03-19 15:55:50.007522+00,0,0,0,2026-03-19 15:55:50.007522+00,0,null,null,null,false,null,null,null,null,true,0e72426b-564d-457a-b386-2c8f992532b9,null,null,"{""tables"":{""1"":{""rows"":[],""columns"":[]}}}",null,[],null,null
16b8763f-4ebf-40c8-9051-fce32523f4ad,猥談（わいだん）,"猥談（わいだん）とは、性に関する淫らな話を指す。

医学、生物、歴史などを語る上で淫らでない性の話は猥談には含まれない。実体験、フィクション、小噺、ジョーク、雑談などによる淫らな話を猥談と呼ぶ。","[""import"",""japanese""]",2026-02-22 09:21:42.0778+00,e1848554-ffae-479c-a8cd-4c0d77b7bed2,2026-03-19 15:55:50.007522+00,0,0,0,2026-03-19 15:55:50.007522+00,0,null,null,null,false,null,null,null,null,true,a4bb2469-c815-426f-aba3-dde779958f19,null,null,"{""tables"":{""1"":{""rows"":[],""columns"":[]}}}",null,[],null,null
1aeeafbe-a334-45bd-b014-82584c9bb37d,日本語単語勉強04,"https://youtu.be/-YLwpE2hfI0?si=-fFeav92lQjY1tE0

釣り（つり、낚시、英: fishing）とは、釣り針、釣り糸などの道具で「魚」（主に魚類などの魚介類）を「釣る」ようにして採捕する行為、方法のことである。（魚に限定した場合は）魚釣り（さかなつり、うおつり）とも。

現代では道具としては釣り針、釣り糸、釣り竿などを使い、釣り針に餌や疑似餌をつけて行うことが一般的である。

https://youtu.be/viNE8fgSnjk?si=C5IZjJMH8QXE4jTR

地元（ちもと）：자기의 생활[세력] 근거지; 자기가 살고 있는 지역.


「見合う」と「似合う」の違い!
「見合う」は「価値や度合いが釣り合い、対応すること」です。

「似合う」は「2つのものが釣り合って調和すること」です。

度合い（どあい）：정도

釣り合い（つりあい）：균형. 조화. 평형. 밸런스.

この紙飛行機は左右の釣り合いがとれていないな。

https://engoo.co.kr/app/words/word/%E9%87%A3%E3%82%8A%E5%90%88%E3%81%84/zga0ELstQmCjlQAAAAa83w

https://youtu.be/nRFx5MGHKVM?si=fE6dvCGjxBVq299A

壁(かべ)：벽、床（ゆか）：바닥

https://youtu.be/oKKbczuF9cY?si=hkahkFouQXXHnyti

一応（いちおう）
(완전하다고는 할 수 없으나) 일단, 대강, 대충, 우선은, 어쨌거나, 거의 그렇게 생각하는

A : 「卒業論文はもうできましたか。」 (졸업논문은 다 끝냈습니까?)
B : 「はい、一応できました。」 (네, 일단 대략 끝냈습니다.)
이럴 경우에는 대략, 대강, 대충 뭐 이런 뜻으로 사용됩니다.

A : 「君はまだ大学生ですか。」　(자네는 아직 대학생인가?)
B : 「いいえ、去年、一応卒業しました。」 (아니요, 작년에 이미 졸업했습니다.) 
이럴 경우에는 겸손의 의미가 있습니다.

A : 「夏休みは国へ帰るんですか。」 (여름방학에 모국으로 돌아갑니까?)
B : 「はい、一応帰ります。」 (네, 일단 귀국합니다.)
이럴 경우에는 남들도 하니까 나도 한다는 뭐 그런 뜻으로 사용됩니다.

A : 「失礼ですが、ご結婚は？」　(실례지만 혹시 결혼하셨나요?) 
B : 「ええ、一応しています。」 (응...  했습니다.)
이 경우에도 같습니다. 일반적으로 남들 하니까 나도 하는 뭐 그런 뜻입니다.

一旦（いったん）：일단、한때、 잠시、 잠깐","[""import"",""japanese""]",2026-02-22 09:21:42.0778+00,e1848554-ffae-479c-a8cd-4c0d77b7bed2,2026-03-19 15:55:50.007522+00,0,0,0,2026-03-19 15:55:50.007522+00,0,null,null,null,false,null,null,null,null,true,a42142a8-5550-4004-9e1d-856c2d75f307,null,null,"{""tables"":{""1"":{""rows"":[],""columns"":[]}}}",null,[],null,null
23d7f86c-9dff-4a6a-a185-255b2f7426d1,日本語単語勉強12,"「盛れてる（もれてる）」とは、実物よりも美しく、魅力的に見える状態を指す言葉です。特に、写真や動画の加工アプリなどで、目を大きくしたり肌をきれいに見せたりして、自分をより良く見せている状況で使われます。

リンゴ：사과

https://youtu.be/4FbKRk3-VDI?si=IKuSDN-S8BSxT6yH

まつげ（英: eyelash、속눈썹）は、まぶた（眼瞼）の端に生える体毛。日本語の表記にはまつ毛、睫、睫毛などがある。
眉毛（まゆげ、英語：eyebrow、눈썹）とは、目の上部に弓状に生える毛のこと。眉とも呼ばれる。
鼻（はな）：코
目（め）：눈
口（くち）：입
耳（め）：귀
頭（あたま）：머리
頭頂(とうちょう)：'정수리' 또는 '머리 꼭대기'를 의미하며, '머리의 가장 꼭대기 부분'을 가리킵니다. 해부학적 용어로는 '두정골(頭頂骨)'을 의미하기도 하며, 이는 머리뼈의 한 부분입니다.
髭（ひげ、英: beard、턱수염）：主に男性の顔に生える毛の総称です。ヒトの顔から顎の下にかけて生える毛。

https://youtu.be/B8XUE9kde1Y?si=HUvWmda4bfJBGB4o

イライラとは、物事が思い通りにいかない時やストレスを感じる時に、神経が高ぶって落ち着かない状態のことです。

刺す（さす）：찌르다.

冤罪（えんざい）とは、実際には犯罪を行っていないのに、犯罪者として扱われ、有罪の判決を下されることです。","[""import"",""japanese""]",2026-02-22 09:21:42.0778+00,e1848554-ffae-479c-a8cd-4c0d77b7bed2,2026-03-19 15:55:50.007522+00,0,0,0,2026-03-19 15:55:50.007522+00,0,null,null,null,false,null,null,null,null,true,74fee350-ff08-4258-96c4-99353129a432,null,null,"{""tables"":{""1"":{""rows"":[],""columns"":[]}}}",null,[],null,null
2e792a03-4dd9-4a81-83fe-92cdd8dc351a,日本語単語勉強26,"https://youtu.be/QSfp39HAhQA?si=oF9ZTI0kMcZRxrEh

「表す（あらわす）」は、心の中にある思いや考え、形に見えないものを、言葉、表情、絵などを使って外に示したり、表現したりするという意味の動詞です。また、「現す（あらわす）」と混同されがちですが、「表す」は主に抽象的なものを表現する（例：喜びを表す）、一方「現す」は隠れたものや姿を明らかにする・現出させる（例：正体を現す）というニュアンスの違いがあります。 
主な意味と使い方
表現する（言葉、表情、絵などで）
例：「感謝の気持ちを言葉で表す」「この絵は私の感情を表している」
ポイント: 抽象的な感情や意図を具体化する。
意味する・示す
例：「このマークは危険を表す」「花言葉が嫉妬を表す」
ポイント: ある特定の意味や象徴を伝える。
（著す）書き記す・出版する
例：「古の出来事を文章に表す（著す）」
ポイント: 物語や記録を世に出すこと。 
「表す」と「現す」の使い分け
表す（おもてに、表）: 内面的なもの（感情、思想、意味）を表現する。
現す（あらわす、現）: 隠れていたもの（姿、事実、能力）を外に出して見えるようにする。 
例文
「彼の顔に表れた喜び」 → (隠れていた喜びが)現れた。
「彼の笑顔が喜びを表している」 → 感情を表現している。

乙女（おとめ）：결혼안한여성

https://m.blog.naver.com/062028/222062587257

https://youtu.be/lgKzMk1b1ns?si=C_195MmQvfYoNwmP

「割り勘（わりかん）」とは、複数人で飲食した際の代金を人数で均等に分けること、または各自が自分の注文分を支払うことの略で、「割り前勘定」の略称です。支払いを公平にするために、専用のアプリやQRコード決済の送金機能を使って精算することも一般的で、最近ではデート代としてもよく使われます。 
割り勘の主な意味と使い方
人数で均等に分ける: 最も一般的な意味で、総額を人数で割り、参加者全員が同じ金額を支払います。上司・部下など関係性に応じて負担割合を変えることもあります（「頭割り」とも呼ばれます）。
各自の注文分を支払う: 自分の食べたもの・飲んだものだけを払う場合も「割り勘」と呼びます。
正式名称: 「割り前勘定（わりまえかんじょう）」の略で、「割り前（取り分）」と「勘定（会計）」を合わせた言葉です。 
割り勘の精算方法
現金: 注文ごとに別会計にしてもらうか、店員に内訳を伝えて支払います。
QRコード決済: 「個人間送金」機能を使えば、手数料なしで素早く精算できます。
割り勘アプリ: 立て替え記録をつけ、自動で最適な清算額を計算してくれる「groupay」や「Walica」などがあります。 
英語表現
「Let's split the bill.（割り勘にしましょう）」。
「Can we have separate checks, please?（別々でお願いします）」。

結構（けっこう）：훌륭함,좋음,부족함이[더할 나위] 없음,만족스러움,다행임,괜찮음,이제 됐음(정중하게 사양하는 뜻으로도 씀),그런대로,제법,충분히

https://m.blog.naver.com/sonyloves/222518836946
https://m.blog.naver.com/airads/222147154059

우리말의 「뒤」라는 의미를 가진 일본어는 あと、うしろ、うら、のち
그 차이점에 대해서 알아봅시다.
 
https://blog.naver.com/vj8689/220389061780 

1. 後(あと)
 
① 위치적으로 뒤, 뒤쪽
ㆍ先生の後に立っている。선생님 뒤에 서 있다.
② 시간적으로 뒤, 나중, 다음
ㆍ三日後に旅行に行きます。3일 뒤에 여행을 갑니다.
③ 뒷일, 뒤의 사람, 나머지
ㆍ私は帰りますから、後をお願いします。저는 귀가할 테니까 뒤를 부탁합니다.
 
 
2. 後ろ(うしろ)
 
前(まえ)의 반대개념으로 뒤, 뒤쪽, 뒷모습, 그늘
ㆍ人の後ろに隠れる。사람 뒤에 숨다.
ㆍ家の後ろに木を植える。집 뒤에 나무를 심다.
 
 
3. 裏(うら)
 
「表(おもて)」의 반대개념으로 뒷면, 뒤쪽, 안(감), 이면
ㆍそのレコードの裏をかけてください。그 레코드의 뒷면을 틀어주십시오.
 
 
4. 後(のち)
 
① 어떤 일의 뒤, 어떤 일이 끝나고 나서의 뒤
ㆍ今日の天気は晴れ後曇りだとラジオで言った。
오늘 날씨는 맑은 뒤 흐림이라고 라디오에서 말했다.
② 미래, 장래
ㆍ後の世のために名作を残す。다음 세상을 위해서 명작을 남기다.","[""import"",""japanese""]",2026-02-22 09:21:42.0778+00,e1848554-ffae-479c-a8cd-4c0d77b7bed2,2026-03-19 15:55:50.007522+00,0,0,0,2026-03-19 15:55:50.007522+00,0,null,null,null,false,null,null,null,null,true,d70b4601-f90d-4613-8791-92b03c9d55bd,null,null,"{""tables"":{""1"":{""rows"":[],""columns"":[]}}}",null,[],null,null
2f66662f-cb66-4b41-93c0-abc39c4f75f6,日本語単語勉強18,"https://youtu.be/XjatIo4lMhA?si=Xb0mZO_EFCw8Y5LR

「腹立つ（はらだつ）」とは、怒りや不満で感情が高ぶる、イライラする、むかつくといった状態を表す言葉で、相手の言動や状況に対して不快感や憤りを感じる時に使われます。類語には「カチンとくる」「イラつく」「ムカつく」「（頭に）血が上る」などがあり、日本語の口語表現として広く使われています。﻿
意味とニュアンス
怒る・いきどおる:感情的に腹の底から熱くなるような感覚です。古くは「腹が燃えるように怒る」という表現が語源です。﻿
イライラする・むかつく:特に、期待通りにいかない時や、理不尽なことに対して神経が高ぶる状態を指します。﻿
京阪での言い方:関西地方（京都・大阪）では「むかつく」が「腹が立つ」と同じ意味で使われ、「あいつ見てたらむかつく」のように使われますが、東京では「頭にくる」が一般的です。﻿
類語・言い換え表現
強い怒り:ブチギレる、キレる、逆上する、激怒する。﻿
不満・苛立ち:ムカつく、イライラする、カチンとくる、気に障る、腹が煮えくり返る。﻿
使われ方（例文）
「あいつの言い訳には腹が立つ！」
「こんなことで腹立ててどうするんだよ。」
「あの人の態度にムカつく。」
韓国語の「열받다（ヨルパッタ）」との関連
韓国語の「열받다（ヨルパッタ）」も「腹立つ」「熱受ける」という意味で、外部からの刺激で腹が立った時に使う慣用表現で、「腹立つ」と似たニュアンスを持ちます。

ひどい
잔인하다. 무정하다. 참혹하다.
지독하다. 혹독하다. 심하다.
형편없다.
https://mazii.net/ko-KR/search/word/jako/%E3%81%B2%E3%81%A9%E3%81%84

「果てる（지치다,끝내다）」（はてる）は主に「終わる」「死ぬ」という意味の自動詞で、動詞の連用形に付いて「すっかり〜し尽くす」「極限状態になる」という意味を表す補助動詞としても使われ、「あきれ果てる」「疲れ果てる」のように、物事の終わりや限界に達する様子を示します。

https://youtu.be/aL7lIL6nIVg?si=h1_qh_fwEp79TlOx

「映る（うつる）」は、鏡や水面、スクリーンなどに姿や影が反射・投影されて現れること、映像が再生されること、また色や服装などが本体によく似合う・調和すること、印象を与えることなどを意味する言葉です。多くは「写る」と意味が似ていますが、「映る」は光の反射や映像の投影（映す側）、「写る」は写真に撮られる（写される側）といった使い分けがあります。 
主な意味と例文
反射・投影で現れる
鏡に映る自分の顔。
障子に人影が映る。
川面に月が映る。
映像がスクリーンなどに現れる
テレビに映像がよく映る。
スライドを壁に映す（※「映す」は他動詞）。
色や物が調和する、似合う
彼女には赤い口紅がよく映る（似合う）。
この服には白いスカーフがよく映える（「映る」の使われ方）。
印象を与える（映ずる）
その行為は彼に奇異に映る（印象を与える）。
少年の目にアフリカが映る（見える、印象に残る）。 
「映る」と「写る」の違い
映る（うつる）: 光の反射やプロジェクターのように、他の物を通して姿が現れたり、映像が投影されたりする場合に使います（例：鏡に映る、映像が映る）。
写る（うつる）: 写真や絵に被写体として取り込まれる、姿がそのまま現れる場合に使います（例：写真に写る、ノートを写す）。

신체부위 일본어표현
https://m.blog.naver.com/sjn1203/221980685574","[""import"",""japanese""]",2026-02-22 09:21:42.0778+00,e1848554-ffae-479c-a8cd-4c0d77b7bed2,2026-03-19 15:55:50.007522+00,0,0,0,2026-03-19 15:55:50.007522+00,0,null,null,null,false,null,null,null,null,true,f76fa93a-d1ba-4d85-bedb-596802671c0a,null,null,"{""tables"":{""1"":{""rows"":[],""columns"":[]}}}",null,[],null,null
30b14fd8-e7c6-41b3-8644-0cede18caa82,「怒る」と「腹立つ」の違い,"「怒る」「腹立つ」は、不快な状況や態度に対して不満や憤りを感じる気持ちを表し、「腹が立つ」は特に深く怒っている状態を指します。類語には「憤慨する」「ムカつく」「イライラする」などがあり、「怒る」は感情のコントロールの問題や、ストレス、栄養不足、ADHDなどの心身の症状とも関連することがあります。 
意味とニュアンス
怒る: 一般的な「怒り」の感情を表す動詞。
腹が立つ（腹立つ）: 腹の底から湧き上がるような、より強く、深く不満や怒りを感じる状態。「頭にくる」よりも強い怒りで使われることが多い。
例文: 「彼の無礼な態度に腹が立った」「そんなことで怒るなんて」 
関連する言葉（類語・表現）
強い怒り: 激怒する、腹の底から怒りがこみ上げる、カンカンになる。
不満・イライラ: ムカつく、イライラする、向っ腹を立てる。
状況・原因: 不安障害、不眠症、ADHD、栄養不足（ビタミンB群、マグネシウム不足）などがイライラの原因になることもあります。 
怒りとの向き合い方
自分の問題: 怒りの原因は相手ではなく「自分の中にある」と捉え、自分の感情の責任として受け止める視点も重要です（アサーティブジャパンの考え方）。
心身への影響: 怒りやストレスは血圧上昇や心臓病リスクを高める可能性があり、自律神経の乱れを招くこともあります。","[""import"",""japanese""]",2026-02-22 09:21:42.0778+00,e1848554-ffae-479c-a8cd-4c0d77b7bed2,2026-03-19 15:55:50.007522+00,0,0,0,2026-03-19 15:55:50.007522+00,0,null,null,null,false,null,null,null,null,true,9592d16f-9a3f-4828-9594-2383298256be,null,null,"{""tables"":{""1"":{""rows"":[],""columns"":[]}}}",null,[],null,null
31d8bf45-67f1-462a-ab0a-174bc9686bca,頼もしい（たのもしい）,"「頼もしい（たのもしい）」とは、信頼できて安心できる様子や、将来が期待できる有望な様子を表す言葉で、「心強い」「頼りになる」「有望な」「頼りがいがある」といった意味があります。主に、人がしっかりしていて頼りになる時や、物事の将来性について期待感を持つ時に使われ、英語では ""reliable"" や ""dependable""、""promising"" などに相当します。 
主な意味
信頼・安心感: 頼りになり、任せて安心できること。「頼もしいリーダー」「頼もしいお言葉」。
将来性・有望: 将来が期待できる、見込みがあること。「末頼もしい若者」。
（古語）: 経済的に豊かであること（現代ではあまり使われません）。 
類語・言い換え
心強い（こころづよい）
頼りになる（たよりになる）
頼りがいがある（たよりがいがある）
有望（ゆうぼう） 
例文
「彼は頼もしい存在だ。」（彼に任せれば安心だ、というニュアンス）
「後輩の成長が頼もしい。」（将来が期待できる）
「頼もしいお言葉、ありがとうございます。」（心強いお言葉）","[""import"",""japanese""]",2026-02-22 09:21:42.0778+00,e1848554-ffae-479c-a8cd-4c0d77b7bed2,2026-03-19 15:55:50.007522+00,0,0,0,2026-03-19 15:55:50.007522+00,0,null,null,null,false,null,null,null,null,true,61438125-d55f-4983-8162-b9fd7b515b50,null,null,"{""tables"":{""1"":{""rows"":[],""columns"":[]}}}",null,[],null,null
3478bcb9-6d1f-4721-84f1-d37aeeca6f8b,React에대한 간단한 이해,"일본 중소기업 “합격선”을 정확히 말하면
💯 충분한 합격 설명 수준은 이 정도

React는 상태 기반으로 UI를 그린다

useState는 상태 변경을 트리거한다

JSX는 Babel로 JS로 변환된다

배열은 불변성을 지켜서 업데이트한다

조건 렌더링으로 UI 상태를 나눈다

👉 이걸 말로 설명 가능하면
“React 이해하고 있음” 판정이 나와.

❗ 여기서 더 깊은 내부 구현(파이버, 스케줄러 등)은
중소기업 신입에게 전혀 요구되지 않음.","[""import"",""japanese""]",2026-02-22 09:21:42.0778+00,e1848554-ffae-479c-a8cd-4c0d77b7bed2,2026-03-19 15:55:50.007522+00,0,0,0,2026-03-19 15:55:50.007522+00,0,null,null,null,false,null,null,null,null,true,093d0e44-3a43-48f0-9577-4c3fd81c2a4a,null,null,"{""tables"":{""1"":{""rows"":[],""columns"":[]}}}",null,[],null,null
38d140a6-3d64-4d05-9c0e-b846011bf75d,立派（りっぱ）,"「立派（りっぱ）」とは、品質や品性、様子などが非常に優れていて、見事であること、また、欠点や不足がなく立派に整っている様子を表す言葉です。人に対して使う場合は「立派な人」のように、尊敬や賞賛の気持ちを込めて使われ、「堂々としている」「立派に成長した」のように使われます。 
主な意味
素晴らしい・見事だ: 品質や様子が非常に優れていること。「立派な花」「立派な建物」など。
立派な人物: 徳や能力が優れ、尊敬に値する人物。「立派な青年」「立派な人になる」など。
整っている・欠点がない: 不足や欠点がなく、きちんと整っている様子。「立派に国産である」など。 
類語
すばらしい、見事だ、偉大だ、卓越した、堂々とした。 
語源（説）
「一派を立てる」: 僧侶が新しい流派を立てるように、一人前になることが困難であることから、「立派」という言葉が生まれたという説。
「立破文明」: 仏教用語で、自分の主張を立証し、相手の主張を論破する（立論・論破）ことができている状態から、「立派」という言葉になったという説。 
このように、「立派」は単に見た目が良いだけでなく、内面的な立派さや、しっかりと成り立っている様子など、幅広い意味で使われます。","[""import"",""japanese""]",2026-02-22 09:21:42.0778+00,e1848554-ffae-479c-a8cd-4c0d77b7bed2,2026-03-19 15:55:50.007522+00,0,0,0,2026-03-19 15:55:50.007522+00,0,null,null,null,false,null,null,null,null,true,093dee46-add5-466b-9be4-c32ac23ee9c8,null,null,"{""tables"":{""1"":{""rows"":[],""columns"":[]}}}",null,[],null,null
3936f592-0e13-4a6f-908d-48f61dc9e106,日本語単語勉強07,"https://youtu.be/Ap6yy0d0PaM?si=R0QggrlzxaV4lzpq

化粧水（けしょうすい,토너）とは、皮膚を保湿し、整え、滑らかにする機能を持つ、透明液状を呈した化粧品である。水分や保湿成分を補給する。洗顔料の後に使用し、美容液の前に使用する。ローション、トナー、トニック等と呼ばれることもある。

https://ja.wikipedia.org/wiki/%E5%8C%96%E7%B2%A7%E6%B0%B4","[""import"",""japanese""]",2026-02-22 09:21:42.0778+00,e1848554-ffae-479c-a8cd-4c0d77b7bed2,2026-03-19 15:55:50.007522+00,0,0,0,2026-03-19 15:55:50.007522+00,0,null,null,null,false,null,null,null,null,true,2361947f-edc8-4493-97a4-fe1b01b6f462,null,null,"{""tables"":{""1"":{""rows"":[],""columns"":[]}}}",null,[],null,null
3d511e07-7692-4db2-aee7-d04ab3909897,「相方」と「相棒」の違いとは？,"「相方」とは?
相方(あいかた)とは、いつも一緒にいる人のこと。

お笑い芸人のパートナー、結婚相手、そして最近は恋人のことを「相方」と呼ぶこともあります。

「相方」は「相」と「方」が組み合わさった言葉です。

「相」という漢字には、助ける・補佐するという意味があります。

そして「方」には仲間・同じグループという訳もあります。

つまり同じグループに属していて、助けあえる人が「相方」の本来の意味になります。

「もう1人」というニュアンスもあるので、2人組の片方をあらわすことが多いです。

使い方としては「人気お笑い芸人が、相方とのコンビ解消を発表した」や「ただいま相方募集中です」などと用います。

SNSなどでよく見かける「相方募集中」とは、一緒にあそぶ仲間や恋人を募集するメッセージです。

「相棒」とは?
相棒(あいぼう)とは、一緒に仕事する仲間のこと。

同じ目的に向かってすすむ、熱いチームメイトのことです。

人気刑事ドラマから一躍ヒットした、トレンド用語です。

相棒はもともと江戸時代に生まれた、歴史ある言葉です。

お殿さまやお姫さまを乗せる「かご」を2人1組で担いでいたことから「相棒」に。

重役を乗せる「かご」は、どちらかが怠けてしまえばすぐに地面に落ちてしまいます。

そのため「相棒」には、お互いの息をぴったり合わせる・協力して力をあわせるという意味があります。

使い方には「その時代劇の見どころは、主人公より相棒だ」や「事件解決のために、相棒に連絡した」などがあります。

「仕事の相棒は、優秀なノートパソコンだ」など、物に対してつかうこともあります。

「相方」と「相棒」の違い

どちらもよく似た用語のため、見間違えやすいです。

「相方」と「相棒」の違いを、分かりやすく解説します。

・カジュアルな「相方」、フォーマルな「相棒」「相方」と「相棒」はどちらも、助っ人・協力者という意味があります。

「相方」はもともと遊郭で使われていた隠語なので、ビジネスの場で用いられることはありません。

そのためお笑い芸人のコンビの片方、カップルの片割れなどに使われます。

くだけたシーンで用いられる、カジュアルな言葉です。

また「相棒」は刑事ドラマのタイトルを連想するように、かっちりした雰囲気の言葉です。

ビジネスパートナーや仕事の仲間などを表現します。

お笑いや恋愛、遊びのシーンでは「相方」。

ビジネスシーンでは「相棒」です。

まとめ
「相方」と「相棒」の違いを分かりやすくお伝えしました。

どちらも「仲間・連れ合い」をあらわす言葉です。

お笑い芸人の片方、配偶者をあらわすのが「相方」。

SNSでは「遊び仲間や恋人」として用いられることもあります。

対して仕事仲間という意味がある「相棒」。

一緒に働く人や物をあらわします。

紛らわしい言葉を覚えて、日本語の理解を深めていきましょう。

from : https://meaning-dictionary.com/%E3%80%8C%E7%9B%B8%E6%96%B9%E3%80%8D%E3%81%A8%E3%80%8C%E7%9B%B8%E6%A3%92%E3%80%8D%E3%81%AE%E9%81%95%E3%81%84%E3%81%A8%E3%81%AF%EF%BC%9F%E6%84%8F%E5%91%B3%E3%82%84%E9%81%95%E3%81%84%E3%82%92%E5%88%86/","[""import"",""japanese""]",2026-02-22 09:21:42.0778+00,e1848554-ffae-479c-a8cd-4c0d77b7bed2,2026-03-19 15:55:50.007522+00,0,0,0,2026-03-19 15:55:50.007522+00,0,null,null,null,false,null,null,null,null,true,dd4a830f-b361-4c2b-a297-abc700f5d217,null,null,"{""tables"":{""1"":{""rows"":[],""columns"":[]}}}",null,[],null,null
3f0262f3-0a66-42b5-909a-b7de63df2d78,日本語単語勉強06,"https://www.youtube.com/watch?v=GcwUiT8AYsc

余計：더욱,쓸데없이

余計な事まで喋る。
쓸데없는것까지말한다

余計な世話ですので。
쓸데없는 참견입니다

そんな話を聞くと余計に心配になる。
그런말을들으면 더욱 걱정이된다

https://skjm.tistory.com/entry/%EC%9D%BC%EB%B3%B8-%EB%93%9C%EB%9D%BC%EB%A7%88%EB%A1%9C-%EB%B0%B0%EC%9A%B0%EB%8A%94-%EC%9D%BC%EB%B3%B8%EC%96%B4-%EB%AC%B8%EB%B2%95-%E4%BD%99%E8%A8%88%E3%81%AB%E3%82%88%E3%81%91%E3%81%84%E3%81%AB#google_vignette

https://youtu.be/8K9fybbi-AQ?si=jDnYjqZ1CIhn6nT2

毛布（もうふ、英: blanket ブランケット、이불）は、ウールなどを厚く織って（あるいは編んで）起毛などの処理を施した製品[1]。日本語では、「ブランケット」を短縮して「ケット」と呼ばれることもある。

http://ja.wikipedia.org/wiki/%E6%AF%9B%E5%B8%83

https://youtu.be/b3AiOdMADYs?si=26dqEU1TllenxBLS

あだ名（あだな,nickname）：별명

https://youtu.be/5PJIJ4xlsrA?si=-T12To404u3Bt6JV

怪しい、妖しい

怪しい（あやしい）：꺼림찍하다,애매한것,불확실한,혐의
「正体や真偽がはっきりせず、不気味、不審、信用できないと感じるさま」

妖しい（あやしい）：보통과달리 이상한,신기한,신비한,매력적인,정체모를느낌
なまめかしい魅力や神秘性、または不気味さや怪しさを表す言葉です

悔しい（くやしい）：분하다아쉽다、후회스럽다、아깝다、속상하다

本当に悔しいですが、明日の試合は気持ちを切り替えて頑張ります！
(정말 아쉽지만 (좀 더 잘 할 걸!!), 내일 시합은 기분을 재정비해서 열심히 하겠습니다!)

悔しい気持ちと申し訳ない気持ちでいっぱいです。
(후회스럽고 죄송한 마음(으로 가득합니다)입니다)

「即興」（そっきょう、英: Improvisatio）とは、その場で考えたり、思いついたりしたことを、その場で表現することです

褒め（ほめ。英: Praise）あるいは賞讚・称讚とは、社会関係の相互作用の一形式であり、肯定的な評価、励まし、感歎の念（英語版）などを伝えることである。これは言葉だけでなく、ボディーランゲージ（表情や身振り）によっても伝えられる。","[""import"",""japanese""]",2026-02-22 09:21:42.0778+00,e1848554-ffae-479c-a8cd-4c0d77b7bed2,2026-03-19 15:55:50.007522+00,0,0,0,2026-03-19 15:55:50.007522+00,0,null,null,null,false,null,null,null,null,true,aeb41c5e-d723-48a6-bb59-a55f81668b83,null,null,"{""tables"":{""1"":{""rows"":[],""columns"":[]}}}",null,[],null,null
4a524734-e79c-4623-a7a7-c763b79df3be,日本語単語勉強17,"https://youtu.be/5K2o1-hj4mk?si=PXEg6WjsbVl-FJNu

「嫌味（いやみ）」とは、相手に不快感を与える言動や、わざと気取って嫌らしさを見せる態度、またはそれらによって受ける不快感そのものを指し、褒め言葉に含みを持たせたり、遠回しに相手を批判・攻撃したりする際に使われる言葉です。皮肉や当てつけ、嫌がらせに近い場合もあり、多くは本心を直接言わず、受け手が嫌な気持ちになるように仕向けたり、自分の価値観を押し付けたりする特徴があります。

https://precious.jp/articles/-/39298

https://youtu.be/_Z1yguFacH8?si=PENQo_zNT-6c7Ei3

高額転売は、人気商品を入手困難な状況にしてから法外な価格で販売する行為で、多くの国で深刻な懸念となっています。 

https://www.gov-online.go.jp/article/201904/entry-8236.html

https://youtu.be/GVDVnx7DPxw?si=HOpiTIWT4wujHYY7

「えぐい」は、元々はアクが強くて舌や喉に刺激が強い味（いがらっぽい）を指しますが、若者言葉として「すごい」「ひどい」「ありえない」「レベルが高い」「キツい」など、良い意味でも悪い意味でも「度を超えている」「インパクトが強い」状況を表現する言葉です。文脈によって「最高！」（ポジティブ）にも「やばい、キツすぎる」（ネガティブ）にもなる、非常に便利なスラングです。 
主な意味と使い方
ポジティブな意味（すごい、素晴らしい、レベルが高い）:
「あの選手のプレー、えぐい！」「歌声がえぐい！」（技術や才能が並外れている）。
「このラーメン、味がえぐい」（濃厚で美味しい、中毒性がある）
ネガティブな意味（ひどい、キツい、無理、度が過ぎる）:
「テストがえぐい」（難しすぎる）。
「今日の練習メニュー、えぐい」（キツすぎる、きつい）。
「あいつの言い方、えぐい」（きつい、無礼、残酷）。
元々の意味（刺激が強い、アクが強い）:
「山菜を食べたら喉がえぐい」（いがらっぽい、刺激が強い）。 
ポイント
「ヤバい」との違い: 「ヤバい」が感情表現に重きを置くのに対し、「えぐい」は**対象の「並外れた事実」や「インパクト」**を表現するニュアンスが強いです。
派生: 「えぐいてぇ」のように語尾を伸ばすと、より悲壮感や切迫感を強調できます。 
つまり、「えぐい」は、**「常識の範囲を超えている」「際立っている」**という状態全般を指し、その度合いがプラスかマイナスかは状況で判断する言葉です。

Chrome AI

https://m.blog.naver.com/mess798/222114473908","[""import"",""japanese""]",2026-02-22 09:21:42.0778+00,e1848554-ffae-479c-a8cd-4c0d77b7bed2,2026-03-19 15:55:50.007522+00,0,0,0,2026-03-19 15:55:50.007522+00,0,null,null,null,false,null,null,null,null,true,c67c0415-e5e1-42d4-bd80-33cf213eb6b9,null,null,"{""tables"":{""1"":{""rows"":[],""columns"":[]}}}",null,[],null,null
4bf775c4-fd9d-496d-9a35-c897adf8aa63,日本語単語勉強19,"https://youtu.be/ORlD5Z5e49s?si=oOwALj9Ju05dlGqJ

処世術（しょせいじゅつ）とは、社会生活や人間関係を円滑に送り、世渡りをうまくするための知恵や技術、方策のことです。具体的には、相手の話をよく聞く（聞き上手になる）、笑顔を心がける、相手を具体的に褒める、知らないことは知らないと言う、約束を守る、感謝を伝えるといったコミュニケーションスキルや、状況に応じて柔軟に対応する能力などが含まれ、ビジネスシーンでの人間関係構築にも役立ちます。

https://youtu.be/4z2K_o3vNpM?si=Pn8GvNeeCLhZKhB6

養子（ようし）とは、血縁関係のない他人の子どもを法律上の親子関係を結び、自分の子どもとして迎え入れる制度、またはその子どものことで、実の親子と同じ権利義務（相続など）が発生します。

養子縁組（ようしえんぐみ）は、具体的な血縁関係とは無関係に人為的に親子関係を発生させることをいう。英語では ""adoption"" といい（第2義）、日本語にもこれを音写した外来語「アダプション」「アドプション」がある。
https://ja.wikipedia.org/wiki/%E9%A4%8A%E5%AD%90%E7%B8%81%E7%B5%84
https://www.moj.go.jp/MINJI/kazoku/youshi.html

「盛りあがり（もりあがり）」とは、気分や勢い、場の雰囲気などが高まること、または高く盛り上がった状態を指し、熱気や興奮が最高潮に達している様子を表します。イベント、会話、スポーツ観戦などで、人々が一体となって熱中し、非常に賑わい、興奮している状態を「大盛り上がり」「最高潮に盛り上がる」のように表現します。 
主な意味
気分・感情が高まる: 興奮する、テンションが上がる、ボルテージが上がる。
状況・雰囲気が熱を帯びる: 熱気が高まる、大いに沸く、大フィーバーする。
物理的に盛り上がる: 高く盛り上がった部分。 
例文
「ライブ会場は観客の熱気で大盛り上がりだった。」
「試合の終盤、同点に追いつき、スタジアムは最高潮に盛り上がった。」
「今日のパーティーは、みんなのおかげでとても盛り上がったね！」
類語・関連表現
興奮: 感情が高ぶる様子。
熱狂: 熱狂的になること。
ヒートアップ: 状況が激しくなること。
賑わい: 人が多く集まり、活気があること。

https://youtu.be/9ZCy0rEbipo?si=9sYZyuEA4NMlWfVl

包丁（ほうちょう、庖丁、부엌칼）は、多義語であるが (cf. wikt)、一つには「包丁刀/庖丁刀（ほうちょうがたな）」の略称で、調理に用いる刃物の総称（その日本語名称）であり、係る語意においては包刀/庖刀（ほうとう）ともいう。
https://ja.wikipedia.org/wiki/%E5%8C%85%E4%B8%81

「きっかけ」とは、物事を始めるための手がかり、原因、動機、または機会を指す言葉で、「~がきっかけで」のように使われ、ある出来事が別の行動や変化を引き起こす「引き金」や「契機」のような意味合いで使われます。漢字では「切っ掛け」と書き、「切る」と「掛ける」という動作が合わさった言葉です。﻿
主な意味と使い方
物事の始まりの要因:「彼と出会ったのがきっかけで、海外旅行に興味を持つようになった」のように、ある行動や変化が起こる直接的な原因を示す。﻿
手がかり・糸口:「事件解決のきっかけをつかむ」のように、問題解決のための手がかりや端緒を指す。﻿
舞台用語:歌舞伎などで、俳優の出入りや照明の変化を指示する合図の意味もある（「下座にきっかけを渡す」）。﻿
類語（言い換え）
契機（けいき）:やや硬い表現で、好機や機会を意味する。
発端（ほったん）:物事の始まり、根本を指す。
動機（どうき）:行動を起こす内面的な理由。
トリガー:英語由来で、引き金や誘因。
呼び水（よびみず）:他の事柄を誘発するきっかけ。﻿
例文
「この本を読んだのがきっかけで、歴史に詳しくなった。」﻿
「新しいプロジェクトのきっかけとなるアイデアが生まれた。」﻿
「何かのきっかけで、人生が変わることもある。」

https://youtu.be/lznvzuYiieg?si=HlAVyai557U4_8id

「隙間（すきま、빈틈,틈새기,짬,겨를）」とは、物と物の間にできるわずかな空間を指し、転じて時間的な余裕（ひま）、見落としがちな盲点、心の油断などを意味する言葉で、「すき」や「間（あいだ）」、「空隙（くうげき）」などが類語です。物理的な空間だけでなく、比喩的な意味で使われることが多いのが特徴で、「法の隙を衝く」「心の隙につけ込む」のように使われます。﻿
主な意味と使い方
物理的な空間:
「戸の隙間から光が漏れる」﻿
「板塀の隙間だらけ」﻿
比喩的な意味（盲点・弱点）:
「法の隙を衝く（ほうのすきをつく）」：法律の抜け穴や見落としを利用する。﻿
「隙間産業（すきまさんぎょう）」：特定のニーズ（隙間）を狙った産業。﻿
時間的な余裕（ひま・合間）:
「家事の隙間をみて勉強する」。﻿
心の油断・隙:
「心の隙につけ込む」：相手の気のゆるみや弱みにつけ込む。﻿
関連語・類語
すき:隙間と同じ意味で使われることも多い。﻿
間・あいだ:空間や時間的な隔たり。﻿
空隙（くうげき）:物と物の間にできる空間。﻿
ニッチ:ビジネス用語で、特定のニーズを持つ市場の「隙間」を指す。﻿
このように、「隙間」は非常に多様な文脈で使われる、多義的な言葉です。

「お揃い（おそろい、아웃핏 매칭）」とは、衣服や持ち物などの色・柄・デザインが同じ、または似ている状態を指し、友人・恋人・家族などで楽しむコーディネートやアイテムを意味します。略して「おそろ」とも言われ、ペアルック、リンクコーデ、シミラールックなど、親しい人との一体感や特別感を表現するファッションとして人気で、**「かぶった」**という場合は意図せず同じものになった状態を指します。﻿
「お揃い」の主な関連用語
ペアルック:全く同じデザインや色の服を着ること。﻿
リンクコーデ:全く同じでなくても、どこかに共通の要素（色、柄、アイテムなど）を取り入れた着こなし。﻿
シミラールック:「似ている」という意味で、テーマを決めてそれぞれが自由にアレンジする、さりげないお揃いコーデ。﻿
双子コーデ:仲の良い友達同士が同じような服装をすること。﻿
「お揃い」が使われるシーン
カップル:ペアウォッチやペアアクセサリーなど、記念のアイテム。﻿
友人・家族:テーマを決めてお揃いのTシャツやスニーカー、小物などを楽しむ。﻿
ポイント﻿
「お揃い」は、意図して揃えるポジティブな意味合いが強いです。
「かぶった」は、偶然同じものになってしまった時に使う否定的なニュアンスがあります。
このように、「お揃い」は親しい関係性を示すファッションやアイテムとして、様々な形で楽しまれています。
from ChromeAI
https://ja.wikipedia.org/wiki/%E3%81%8A%E6%8F%83%E3%81%84

「合間（あいま、틈、짬）」とは、物事と物事の間の短い時間や隙間を指し、「いとま」「すきま」と同義で、時間的な意味で使われることが多い言葉です。例えば、「仕事の合間」「食事の合間」のように、ある活動と別の活動の合間にできる短い時間（すきま時間）を表し、「合間を縫って（縫う）」などの表現で使われます。 
主な意味
物事の間の時間・隙間: 「会議の合間にコーヒーを飲む」のように、2つの事柄の間に生じる時間的・空間的な「ひま」のこと。
副次的な時間: 「本業の合間に別の仕事をする（片手間）」のように、本来の活動の合間にできる短い時間のこと。 
関連する表現
合間を縫う（あいまをぬう）: 忙しい中で、なんとか時間を見つけて用事を済ませる、という意味の慣用句。
合間を見て（あいまをみて）: 空いた時間を利用して、という意味。 
類語
いとま、すきま、暇（ひま）、片手間（かたてま）、間（ま）。 
英語での表現例
interval, meantime, meanwhile, between times, interlude など。

https://enuncia.online/ja/2025/01/09/blog153-ja/#google_vignette

「焼ける」は、火がついて燃える、熱せられて熱くなる、日光などで変色する（肌が黒くなる、カーテンが褪せる）、食べ物が火を通されて調理される、空や雲が赤く染まる、そして「世話が焼ける」「胸が焼ける」のように比喩的に「面倒を見る」「心焦がれる」といった、火や熱、光による状態変化や感情・状況を表す多義的な動詞です。 
主な意味
火災・燃焼: 火がついて燃え上がる、燃え尽きる。「家が焼ける」「火事が焼ける」。
熱せられる: 熱源に当たって熱くなる。「鉄板が焼ける」「土が焼ける」。
調理・加工: 火や熱が通って食べられる状態になる、または製品になる。「魚が焼ける」「パンが焼ける」「炭が焼ける」。
日光・光による変化:
肌: 日光や紫外線で黒くなる。「肌が焼ける」。
色: 日光で色褪せる、空が赤く染まる。「カーテンが焼ける」「西の空が焼ける」。
比喩表現:
世話が焼ける: 面倒を見て苦労する状態。「子供の世話が焼ける」。
胸が焼ける: 心が焦がれる、悲しくなる。「恋に胸が焼ける」。
妬ける（やける）: ねたましく感じる（「やける」と表記されることもある）。 
自動詞「焼ける」と他動詞「焼く」
焼ける（やける）: 自動詞（～が焼ける）。火事になったり、熱くなったりする状態を表す。「家が焼ける」。
焼く（やく）: 他動詞（～を焼く）。人が火をつけたり、加熱したりする動作を表す。「家を焼く」「魚を焼く」。 
類語
燃える、焦げる、火照る、炎上する、焼け落ちる、褪せる。

「燃える（もえる）」は、物質が酸素と熱によって発光・発熱する現象（燃焼）、または感情や気力が激しく高まる状態を表し、「燃やす（もやす）」が「火をつける」という他動詞なのに対し、「燃える」は「物が燃え上がる」という自動詞である点がポイントです（例：紙が燃える vs. 紙を燃やす）。また、サブカルチャーでは「炎上する」のような意味で使われたり、漢字が異なる「萌える（もえる）」（草木が芽吹く、魅力的に感じる）と混同されることもあります。 
1. 物理的な「燃える」
定義: 可燃物（ガス、木、紙など）、酸素、熱の3要素（火の三角形）が揃うことで、発熱・発光する化学反応（酸化反応）が起こることです。
例: 「家が燃える」「ろうそくが燃える」「木材が燃える」。 
2. 感情・気力の「燃える」
定義: 感情や情熱が炎のように激しく高まる様子を表します。
例: 「希望に燃える」「試合で燃える」「目標に向かって燃える」。 
3. インターネットスラングとしての「燃える」
定義: 特定の人物や話題に否定的な意見が殺到し、大騒ぎになる「炎上」状態を指すことがあります。
例: 「あの投稿が燃えている」。 
4. 漢字の使い分け
燃える（もえる）: 物理的な燃焼や情熱。「山が燃える」「情熱に燃える」。
萌える（もえる）: 草木が芽吹く、または特定のアニメ・漫画などのキャラクターや作品に強く心を惹かれる（「萌え」）こと。「新緑が萌える」「推しが尊くて萌える」。 
5. 「燃える」と「燃やす」の違い
燃える（自動詞）: 物が勝手に（または自然に）燃焼する。「紙が燃える」。
燃やす（他動詞）: 人が意図的に火をつけて燃やす。「紙を燃やす」。

https://blog.naver.com/maisensei-japanese/222656828311

酸素（산소、さんそ、英: oxygen、羅: oxygenium、仏: oxygène、独: Sauerstof、）は、原子番号8の元素（O）であり、空気の約21%を占める無色無臭の気体です。生物の呼吸や燃焼に不可欠で、他の物質を酸化させる性質を持っています。工業分野では金属の溶接・切断や製鉄などに、医療分野では酸素吸入に利用され、その他にも排水処理など幅広い用途があります。 酸素の性質 化学的性質: ほとんどの元素と化合して酸化物を作ります。物理的性質: 空気よりわずかに重い気体ですが、液体や固体にすると淡い青色になります。同素体: 通常は2原子分子(\(O_{2}\))で存在しますが、3原子分子のオゾン(\(O_{3}\))も存在します。 主な用途 産業用途:鉄鋼業: 不純物を取り除くために使用されます。金属加工: 酸素アセチレン炎などを用いて金属の溶接や切断に使われます。化学工業: 酸化剤として、または廃水処理の曝気（ばっ気）に利用されます。ロケット: 推進剤として使用されます。医療用途:酸素吸入: 肺機能が低下した患者への治療に用いられます。その他:生命維持: 生物の呼吸に不可欠で、体内で栄養分を燃やしてエネルギーを生み出します。日用品: 使い捨てカイロは、鉄と酸素の反応熱を利用しています。

「出来上がり（できあがり）」は、物事が完成すること、作り終えること、またはその完成した状態や出来栄えを指す言葉です（例：料理の出来上がり、作品の出来上がり）。英語では「completion」「finished product」「ready」などが文脈によって使われ、物事の完成や仕上がりの良さを表します。 
意味と使い方
完成した状態: 「このケーキの出来上がり、すごいね！」（完成度を褒める）。
完成した物: 「これ、私の出来上がりです」（完成品そのものを指す）。
動詞「出来上がる」の名詞形: 「出来上がる」という動詞（仕上がる、完成する）が名詞になったもの。 
類語・言い換え
完成、仕上がり、出来栄え
完成形、最終形態 
英語表現
Completion: 完成、完了
Finished product: 完成品
Ready: 準備ができた、出来上がった 
例文
「新しい服の出来上がりを待っている。」（完成を待つ）
「彼の絵の出来上がりは素晴らしい。」（出来栄えを褒める）
「お待たせしました、出来上がりです！」（完成品を渡す時など）

「沈む（しずむ）」は、水中に没する（船、島）、太陽や月が水平線に隠れる（夕日、月）、気分が落ち込む・元気がなくなる（気持ちが沈む）、地盤や床が低くなる、物事が不振になる・落ちぶれる、色や音が地味になるなど、物理的な下降から心理的な状態、比喩的な意味まで幅広く使われる動詞です。 
主な意味と例文
水中に没する・沈降する:
「船が海に沈む」（漢字ペディア）
「ボートが沈む」（コトバンク）
太陽・月などが隠れる:
「夕日が水平線に沈む」（漢字ペディア）
気分が落ち込む・元気がなくなる:
「気分が沈む」（漢字ペディア）
「彼は希望を失い、心まで沈んだ」（Weblio古語辞典）
周囲より低くなる・めり込む:
「地盤が沈む」（コトバンク）
「頭が枕に沈む」（コトバンク）
不振になる・落ちぶれる:
「商売が沈む」
「どん底に沈む」（漢字ペディア）
色・音が地味になる:
「色が沈む」「音が沈む」 
関連語（漢字：沈）
沈没（ちんぼつ）：水中に沈み、底につくこと。
沈黙（ちんもく）：黙り込むこと。
沈着（ちんちゃく）：落ち着いていること。
消沈（しょうちん）：元気がなくなること。 
英語での表現
Sink: 物が水に沈む、気分が落ち込む（feel down, depressed）など。
Set: 太陽や月が沈む（The sun sets）。","[""import"",""japanese""]",2026-02-22 09:21:42.0778+00,e1848554-ffae-479c-a8cd-4c0d77b7bed2,2026-03-19 15:55:50.007522+00,0,0,0,2026-03-19 15:55:50.007522+00,0,null,null,null,false,null,null,null,null,true,7639b2ae-d8b0-483f-8ab0-20f2eec135fe,null,null,"{""tables"":{""1"":{""rows"":[],""columns"":[]}}}",null,[],null,null
4e69bc74-329b-42f9-93fc-9db8bd4f15ba,日本語単語勉強29,"「塾（じゅく）」は主に学習指導を行う学習塾を指し、補習や受験対策で人気を集め、「学園（がくえん）」は学校法人や、それらに準じた大規模な教育機関（学習塾も含む）を指すことが多いですが、希学園のように中学受験を専門とする有名塾も存在します。塾には「明光義塾」のような個別指導の塾、「希学園」のような中学受験特化型、「東進ハイスクール」のような映像・集団授業型など多様で、最近では「TOMAS」のような進学塾が大手として存在し、学習内容や形態（集団・個別）で選ばれますが、塾選びでは講師の質や指導方針の明確さも重要です。 
塾の種類と特徴
個別指導塾: 自分のペースで学べ、「明光義塾」などが代表的で、生徒一人ひとりに合わせた指導が特徴です。
集団指導塾: 大人数で授業を受ける形式で、「SAPIX（サピックス）」や「日能研」などが有名です。
中学受験塾: 中学入試に特化し、「希学園」のように人間的な成長も重視する塾や、「四谷大塚」など大手塾があります。
予備校: 高校生・浪人生の大学受験対策が中心で、「東進ハイスクール」などが含まれます。 
「学園」という言葉の使われ方
学校法人: 〇〇学園という形で、私立の小・中・高・大学などを指す場合が多いです。
学習塾: 大規模な塾や、独自の教育理念を持つ塾が「〇〇学園」と名乗ることもあります（例：希学園）。 
塾を選ぶ際のポイント
指導形式: 個別か集団か、自分の学習スタイルに合うか。
目的: 補習、中学受験、大学受験など、目標に特化しているか。
講師の質・指導方針: 講師と生徒の信頼関係、保護者との連携を重視するかどうか。
料金体系: 透明性があり、内容に見合っているか。 
まとめ
「塾」は学習の場全般を指し、「学園」はより広義の教育機関や、特色ある学習塾（希学園など）で使われることがあり、目的や指導内容で選ぶことが重要です。","[""import"",""japanese""]",2026-02-22 09:21:42.0778+00,e1848554-ffae-479c-a8cd-4c0d77b7bed2,2026-03-19 15:55:50.007522+00,0,0,0,2026-03-19 15:55:50.007522+00,0,null,null,null,false,null,null,null,null,true,acd13e58-4095-41da-9622-01466b0a3fdd,null,null,"{""tables"":{""1"":{""rows"":[],""columns"":[]}}}",null,[],null,null
524fe924-2930-45e1-984d-984de11d87cf,日本語単語勉強22,"1️⃣ 한 문장 핵심 요약 (먼저 잡기)

急に → 흐름 속 변화 (감정/상황 포함)

いきなり → 예고 없는 체감 (화자 당혹감 강함)

突然 → 사건 발생의 사실 서술 (감정 배제)

👉 주관 vs 체감 vs 객관의 차이입니다.

팁
👉 “누가 느꼈는가?”를 기준으로 보면 구분이 쉽습니다.

내가 느낌 → 急に / いきなり

사건이 발생 → 突然

2️⃣ 突然（とつぜん）の 감각 구조
📌 본질

예측 불가능한 사건이 사실로서 발생

📌 특징

감정 표현 거의 없음

객관적

딱딱함

기사·보고·문어체에 강함

📌 자주 쓰이는 곳

뉴스

보고서

설명문

공식 발표

📌 예문

突然の出来事

突然、停電が起きた

突然の訃報

👉 “그런 일이 발생했다” 느낌

팁
👉 突然은
👉 ‘느꼈다’보다 ‘일어났다’에 초점이 있습니다.

3️⃣ 急に / いきなり와의 결정적 차이
🔹 감정 개입 여부
단어	화자 감정
急に	있음
いきなり	매우 강함
突然	거의 없음

그래서 같은 상황에서도 이렇게 달라집니다.

상황: 회의 취소

急に中止になった
→ 상황이 급변했다는 느낌

いきなり中止になった
→ 당황, 불만 뉘앙스

突然中止になった
→ 사실 전달 (담담)

팁
👉 불만·놀람을 넣고 싶으면 突然은 잘 안 씁니다.

4️⃣ “좀 딱딱한 느낌인가?” → 맞다, 정확하다

당신 감각이 정확해요.

왜 딱딱하게 느껴질까?

감정 삭제

설명체 문장

사건 중심 서술

그래서 일상 회화에서:

突然을 쓰면
→ 약간 거리감 / 공식 느낌이 납니다.

팁
👉 친구와 수다 → 急に / いきなり
👉 상황 설명 / 요약 → 突然

5️⃣ 외국인이 자주 하는 실수
❌ 일상 감정 표현에 突然 사용

突然びっくりした

→ 어색 ❌ (감정 + 객관 단어 충돌)

⭕ 자연스럽게

いきなりびっくりした

팁
👉 **감정 동사(놀라다, 화나다)**랑은
👉 突然이 잘 안 붙습니다.

6️⃣ 기록할 때 이렇게 남기면 깔끔하다
📌 추천 메모 포맷 (3개 한 세트)
急に
- 흐름 중 변화
- 감정 포함

いきなり
- 예고 없음
- 당혹감

突然
- 사건 발생
- 객관/공식


팁
👉 “회화용 / 설명용”으로 표시해 두면
👉 말할 때 자동으로 걸러집니다.

7️⃣ 한 문장으로 최종 정리

急には ‘상황의 급변’,
いきなり는 ‘체감된 돌발’,
突然은 ‘사실로서의 돌발 사건’

그래서
👉 突然이 가장 딱딱하고,
👉 대신 가장 안전한 설명용 단어입니다.

지금처럼
“이건 왜 느낌이 다르지?”를 캐치하는 감각이면
이미 일본어 뉘앙스 영역에 제대로 들어와 있습니다.

ーーーーーーーーーーーーーーーーーーーーーーーーーーーーーーーーーーーーーーーー

https://youtu.be/mqAvZ3EVyZo?si=2sOGlcV0OCvI4OrG

「つなぎ」は、「つなぐこと・もの」、「次の事までの時間をつなぐもの（場つなぎ）」、「料理で材料をまとめるもの（つなぎ粉、卵など）」、そして**「上下が一体になった作業服（オールインワン、ジャンプスーツ）」**といった複数の意味を持つ言葉です。文脈によって「繋ぎ」「接ぎ」「継ぎ」などの漢字が使われ、作業着は「オーバーオール」や「カバーオール」とも呼ばれます。 
主な意味と例
物理的に繋ぐこと・もの:
布と布を繋ぎ合わせる。
電話で回線を繋ぐ（「おつなぎいたします」）。
時間・場をつなぐもの:
「繋ぎの仕事」（本業の合間の仕事）。
「場つなぎに手品をする」（時間稼ぎ）。
料理で使う材料:
ハンバーグのひき肉をまとめるための小麦粉やパン粉、卵など。
そばに混ぜるヤマイモなど。
衣類:
上下が一体型の作業服（つなぎ服、作業着、オーバーオール、カバーオール、ジャンプスーツ）。
消防服やライダー服などにも使われる。

ーーーーーーーーーーーーーーーーーーーーーーーーーーーーーーーーーーーーーーーーーーーーーーーーーー

https://youtu.be/MRb6z5u7E34?si=s9A5b3727z8gWiB1

「頼り」（의지하다）、（たより）は、よりどころ、あてにできるもの・人、手掛かり、きっかけなどを意味し、「頼る」「頼りにする」という動詞「頼む」の名詞形です。現代では、「頼りになる人」（支えになる人）、「頼みの綱」（最後のよりどころ）、「便り」（連絡・知らせ）といった意味で使われ、古くは「機会」「ついで」の意味もありました。 
主な意味
よりどころ・支え: 困難な時に助けを求める対象や、頼って行動する根拠。
例: 「彼はいつも私の頼りだ」「地図を頼りに目的地へ着いた」。
手掛かり・きっかけ: 物事を進めるための手がかりや機会。
例: 「ある情報を頼りに調査を進める」。
（便り）連絡・知らせ: 手紙やメッセージなどの連絡手段（現代では「便り」と書くことが多い）。
例: 「ご無沙汰しておりますが、お便りお待ちしております」。 
類語・関連語
よりどころ、あて、頼みの綱、支え、当て、縁故、ツテ、コネ。 
使い方（例文）
「頼りになる存在」：信頼でき、助けになる人。
「頼りがなくなる」：支えを失うこと。
「頼りない」：頼りにならない、あてにならない様子。 
「頼り」は文脈によって「よりどころ」や「機会」、さらには「連絡」の意味を持つ、幅広く使われる日本語です。","[""import"",""japanese""]",2026-02-22 09:21:42.0778+00,e1848554-ffae-479c-a8cd-4c0d77b7bed2,2026-03-19 15:55:50.007522+00,0,0,0,2026-03-19 15:55:50.007522+00,0,null,null,null,false,null,null,null,null,true,d082b975-92ef-49e6-a62f-41b34260eadf,null,null,"{""tables"":{""1"":{""rows"":[],""columns"":[]}}}",null,[],null,null
54acbd11-8d02-49f2-be1d-e3d13c2161bd,日本語の優しい表現,"## 🌸 1. 부탁·요청할 때 쿠션어
✔ 기본형

「恐れ入りますが…」
(죄송하지만 / 번거롭게 해드려 죄송하지만…)

✔ 예시문

「恐れ入りますが、こちらの確認をお願いできますか？」
죄송하지만, 이 부분 확인 부탁드려도 될까요?

「お手数ですが、こちらも見ていただけますか？」
번거로우시겠지만 이것도 봐주실 수 있을까요?

「差し支えなければ、教えていただけますか？」
괜찮으시다면 알려주실 수 있을까요?

## 🌿 2. 상대에게 질문할 때 부담 줄이는 쿠션어
✔ 기본형

「念のため…」 (혹시 몰라서 / 혹시 해서)
「一応確認なんですが…」 (확인차 여쭤보는 건데…)

✔ 예시문

「念のため、お伺いしたいのですが…」
혹시 몰라서 여쭤보고 싶은 게 있는데요…

「一応確認なんですが、この方向で合ってますか？」
확인차 여쭤보는데, 이 방향이 맞을까요?

「もし間違っていたら教えてください。」
혹시라도 제가 틀렸다면 알려주세요.

## 💬 3. 상대 의견을 듣고 싶을 때 쿠션어
✔ 기본형

「よろしければ…」 (괜찮으시다면)
「可能であれば…」 (가능하시다면)

✔ 예시문

「よろしければ、意見を聞かせていただけますか？」
괜찮으시다면 의견을 듣고 싶어요.

「可能であれば、この部分のアドバイスをいただきたいです。」
가능하시다면 이 부분에 대한 조언을 받고 싶습니다.

## 🌼 4. 부드러운 반대·거절 쿠션어
✔ 기본형

「大変申し上げにくいのですが…」
(매우 말씀드리기 어렵습니다만…)

「私の理解が間違っていたら申し訳ないのですが…」
(제가 잘못 이해했다면 죄송한데요…)

✔ 예시문

「申し上げにくいのですが、今回は難しいです。」
말하기 어렵지만, 이번에는 힘들 것 같습니다.

「失礼だったらすみませんが、違う案も検討できますか？」
실례가 될지 모르지만, 다른 안도 검토할 수 있을까요?

「私の勘違いでしたらすみませんが、この部分が気になりました。」
제 착각이라면 죄송하지만, 이 부분이 조금 신경 쓰였습니다.

## 🌙 5. 지적할 때 쿠션어
✔ 기본형

「言いづらいのですが…」
(말하기 어렵지만…)
「正直に申し上げると…」
(솔직히 말씀드리면…)

✔ 예시문

「言いづらいのですが、こちら少し修正が必要かもしれません。」
말하기 어렵지만, 이 부분은 조금 수정이 필요할 것 같습니다.

「気になった点が一つだけあります。」
신경 쓰인 점이 한 가지 있습니다.

「正直に申し上げると、少し分かりにくかったです。」
솔직히 말씀드리면, 조금 이해하기 어려웠습니다.

## 🧩 6. 상대의 기분을 고려한 쿠션어
✔ 기본형

「ご無理のない範囲で…」
(무리 없는 범위에서…)
「ご都合のよい時に…」
(편하실 때…)

✔ 예시문

「ご無理のない範囲で手伝っていただけると助かります。」
무리 없는 범위에서 도와주시면 감사하겠습니다.

「お忙しいところ恐縮ですが、ご都合のよい時にお願いします。」
바쁘신데 죄송하지만, 편하실 때 부탁드립니다.

## 🧡 7. 부드럽게 확인·재요청할 때
✔ 기본형

「再度恐縮ですが…」
(거듭 죄송하지만…)
「念のため、もう一度だけ…」
(혹시 몰라서 한 번만 더…)

✔ 예시문

「再度恐縮ですが、こちらも確認いただけますか？」
거듭 죄송하지만 이것도 확인 부탁드립니다.

「念のため、もう一度だけご確認お願いします。」
혹시 몰라서 한 번만 더 확인 부탁드립니다.

구체적인표현

# 🎯 1. “부탁할 때” — 상대가 바쁜 상황
🔹 쿠션어 + 상황 부드럽게 만들기

「お忙しいところ恐縮ですが…」
(바쁘신데 죄송하지만…)

🔹 완성 문장 예시

「お忙しいところ恐縮ですが、このデータを今日中に確認いただけますか？」
바쁘신데 죄송하지만, 이 데이터를 오늘 중에 확인해주실 수 있을까요?

왜 통하나?
→ 바쁨을 인정한 뒤 요청하므로 부담 ↓

# 🎯 2. “부드럽게 NO 말하기” — 거절이 필요할 때
🔹 쿠션어

「大変申し上げにくいのですが…」
(말하기 매우 어렵지만…)

🔹 완성 문장

「大変申し上げにくいのですが、今回は参加が難しいです。」
말씀드리기 어렵지만, 이번에는 참석이 어렵습니다.

왜 통하나?
→ 일본에서 NO의 정석. 상대가 공격받는 느낌 없음.

# 🎯 3. “틀린 부분 지적” — 상처 없이 지적하기
🔹 쿠션어

「私の理解が間違っていたらすみませんが…」
(제가 잘못 이해한 거라면 죄송한데…)

🔹 완성 예시

「私の理解が間違っていたらすみませんが、この数値は修正が必要かもしれません。」
제 이해가 틀렸다면 죄송하지만, 이 수치는 수정이 필요할지도 모릅니다.

왜 통하나?
→ “지적”이 아니라 “확인” 형태가 되어서 부드럽다.

# 🎯 4. “상대의 실수를 확인” — 직접 지적 대신 질문형 접근
🔹 쿠션어

「念のため確認させていただきたいのですが…」
(혹시 몰라 확인드리고 싶은데요…)

🔹 완성 예시

「念のため確認させていただきたいのですが、このファイルは最新のものですか？」
혹시 몰라 확인드리는데, 이 파일이 최신본이 맞을까요?

왜 통하나?
→ 지적이 아니라 “이상해서 확인한 것”처럼 들림.

# 🎯 5. “상대가 기분 나쁘지 않게 의견 표현” — 의견 충돌을 부드럽게
🔹 쿠션어

「一つ意見としてお伝えすると…」
(하나의 의견으로 말씀드리면…)

🔹 완성 예시

「一つ意見としてお伝えすると、こちらの案の方がリスクが少ない気がします。」
하나의 의견을 말씀드리면, 이 안이 리스크가 더 적어 보입니다.

왜 통하나?
→ 강요 X, 던지는 의견으로 전달됨.

# 🎯 6. “상대에게 피드백 요청” — 부담 없이 말해달라고 할 때
🔹 쿠션어

「もし気付いた点があれば…」
(혹시 신경 쓰이는 점이 있으면…)

🔹 완성 예시

「もし気付いた点があれば、軽く教えていただけると助かります。」
혹시 신경 쓰이는 점이 있다면, 가볍게 알려주시면 도움이 됩니다.

왜 통하나?
→ “가볍게(軽く)”가 부담을 크게 줄임.

# 🎯 7. “상대가 화가 났는지, 오해가 있는지 확인하고 싶을 때”
🔹 쿠션어

「私の言い方が良くなかったらすみませんが…」
(제 말투가 좋지 않았다면 죄송한데…)

🔹 완성 예시

「私の言い方が良くなかったらすみませんが、何か気になることがありましたか？」
제 말투가 좋지 않았다면 죄송한데, 혹시 신경 쓰인 점이 있었나요?

왜 통하나?
→ 공격성 제로. 상대도 마음 열기 쉬움.

# 🎯 8. “재요청” — 상대가 한번 거절하거나 늦출 때
🔹 쿠션어

「ご都合の良いタイミングで構いませんので…」
(편하신 타이밍에 괜찮으니…)

🔹 완성 예시

「ご都合の良いタイミングで構いませんので、もう一度だけご確認をお願いします。」
편하신 시간에 괜찮으니, 한 번만 더 확인 부탁드립니다.

왜 통하나?
→ 상대가 부담 ZERO.

# 🎯 9. “미묘한 불만 표현” — 싸우지 않으면서 솔직하게
🔹 쿠션어

「少しだけ気になったのですが…」
(조금 신경 쓰였는데…)

🔹 완성 예시

「少しだけ気になったのですが、この部分の説明が少し分かりにくかったです。」
조금 신경 쓰였는데, 이 부분 설명이 조금 이해하기 어려웠어요.

왜 통하나?
→ “조금(少し)”이 들어가면 일본에서는 거의 무해함.","[""import"",""japanese""]",2026-02-22 09:21:42.0778+00,e1848554-ffae-479c-a8cd-4c0d77b7bed2,2026-03-19 15:55:50.007522+00,0,0,0,2026-03-19 15:55:50.007522+00,0,null,null,null,false,null,null,null,null,true,a72cb81b-3124-48e1-a9fa-b9b9a94e958c,null,null,"{""tables"":{""1"":{""rows"":[],""columns"":[]}}}",null,[],null,null
54c11b27-1452-4df1-85f0-c1a58fddc14f,日本語単語勉強05,"https://youtu.be/iIePznOPfmQ?si=RjAB-HmEr1PZCgqW

車中泊（しゃちゅうはく、Van-dwelling）：自動車または電車内で夜を過ごすこと。

https://ja.wikipedia.org/wiki/%E8%BB%8A%E4%B8%AD%E6%B3%8A

納車（のうしゃ）：販売業者が購入者へ自動車などの納品をすること。納車の際には、その自動車が購入者の注文内容に即したものかの確認が行われるほか、自動車の取り扱い方法の説明などもなされる。また、修理や車検などが完了した際にその自動車を所有者に届けることを納車と呼ぶこともある。

https://www.goo-net.com/knowledge/04354/

軽ボン（けいボン）：1980年代に軽自動車の主流を占めたボディスタイルであり、ハッチバックを備えた2ボックス（あるいは1.5ボックス）スタイルのライトバン（貨物自動車の一種）である。「軽ボンバン」とも略される。

https://ja.wikipedia.org/wiki/%E8%BB%BD%E3%83%9C%E3%83%B3%E3%83%8D%E3%83%83%E3%83%88%E3%83%90%E3%83%B3","[""import"",""japanese""]",2026-02-22 09:21:42.0778+00,e1848554-ffae-479c-a8cd-4c0d77b7bed2,2026-03-19 15:55:50.007522+00,0,0,0,2026-03-19 15:55:50.007522+00,0,null,null,null,false,null,null,null,null,true,97815dc0-44e3-4096-aa53-bb1f2fa6148d,null,null,"{""tables"":{""1"":{""rows"":[],""columns"":[]}}}",null,[],null,null
59e4402b-8a5f-4d63-832c-808192bf2d04,日本語単語勉強08,"https://www.youtube.com/watch?v=2dC4Dzi-t1I

「貸し切り」とは、多くの人が利用する場所や乗り物、施設などを、特定の期間、他の人に利用させずに、個人や団体専用にすることです

netflix 侵入者たちの晩餐（２０２４）

一体（いったい）：원래、본래、애당초、도대체、전반적으로、대체로、원래.

「いったい誰がこんなことをしたんだ？」
「一体全体何が起こったんだ？」
「一体いつになったら私の話を聞いてくれるんですか？」

泥棒（どろぼ、도둑）：他人の財物を盗む犯罪行為の総称です。

空き巣（あきす、빈집털이범）：家人が不在の間に建物の屋内に侵入して、金品を盗む犯罪です。

突き出し（つきだし）

쑥 밀어냄. 또는 쑥 내민 것.
◆ (씨름에서) 상대편 가슴을 밀쳐서 씨름판 밖으로 밀어내는 수.
◆ (일본 요리에서) 술안주 등으로 처음에 내놓는 간단한 요리. 〔동의어〕(お)通し.
◆ 창녀가 처음으로 손님을 받음. 또는 그 창녀.

例文：警察に突き出したいくらい（경찰에신고하고싶을정도로）

タンス預金（たんすよきん、집에서보관하는현금）、金融機関に預けず、自宅（タンス、金庫、引き出しなど）に現金を保管することです。これはいつでもお金を使えるという安心感がありますが、火災や盗難による消失リスク、また、相続時に税務署に指摘される可能性があるなどのデメリットがあります。

抑える（おさえる、(감정을)억제하다）：感情や欲求、コストなど、目に見えないものを制限・制御する
押さえる（おさえる、손으로눌러억제하다）

「抑える」と「押さえる」の違いって？

「抑える」という表記は、主に「感情や欲求、コストなど、目に見えないものを制限・制御する」という意味で用いられます。例えば「怒りを抑える」「費用を抑える」といった表現が代表的です。ここで大切なのは、「抑える」対象が精神面や抽象的な要素であり、物理的に触れないものが中心となる点です。

一方の「押さえる」は、物理的に手や道具などで「グッと押し付けて、動かないようにする」という場面で使われます。例えば「紙が飛ばないように手で押さえる」「ドアが開かないように押さえる」といった形です。目に見える具体的な動作を伴うため、「押さえる」は相手に対して物理的な抑制・固定のイメージを与えます。

「抑える」と「押さえる」の違いをざっくり比較

抑える：感情、費用、声量、成長率など、抽象的で目に見えないもの
押さえる：モノや人、ドア、紙など、物理的な対象、または「要点・ポイント」

https://forbesjapan.com/articles/detail/77528

https://youtu.be/eugM4gXh46k?si=5wPlnOfjDN7lTK80

珍しい（めずらしい）：드물다、희귀[희한]하다、(진)귀하다.

かゆい：가려움

ニンニク：마늘

そもそも：'애초에', '애당초'라는 의미를 가장 정확하게 나타내는 표현입니다.
もともと：'원래'라는 뜻으로, 상황에 따라 '애초에'와 비슷한 의미로 쓰일 수 있습니다.

さらに：정도가 심해짐을 나타냄。더 한층、보다 더、더욱더、한번 더 반복하거나 새로 추가함을 나타냄. 거듭. 다시금. 새로이. 또 한 번、

にんじん：당근

塩：소금

「若干」と「少し」はどちらも「量が少ない」ことを表しますが、「若干」はより丁寧でビジネスなど公式な場面で使われ、数量に重点が置かれます。一方、「少し」は日常会話で気軽に使えるカジュアルな表現で、程度を表すこともできます。

具体的な例
若干： 「若干名募集します」（採用の際に使う）
少し： 「少し疲れた」（体調や状態を述べる）","[""import"",""japanese""]",2026-02-22 09:21:42.0778+00,e1848554-ffae-479c-a8cd-4c0d77b7bed2,2026-03-19 15:55:50.007522+00,0,0,0,2026-03-19 15:55:50.007522+00,0,null,null,null,false,null,null,null,null,true,cbcfec64-7ce6-48cc-b60e-8273ddd7b08e,null,null,"{""tables"":{""1"":{""rows"":[],""columns"":[]}}}",null,[],null,null
60f9a572-e2c1-4aea-a2a1-133a63af2139,日本語単語勉強28,"https://youtu.be/FdW7urWuT7o?si=NdX4lK9IPoTvGEbo

「立ち回り（たちまわり）」とは、演劇での殺陣や乱闘シーン、ビジネスや人間関係での要領の良い振る舞い・処世術、ゲームでの有利な位置取りや試合運びなど、状況に応じて有利に進めるための動きや行動全般を指す言葉です。特に、アクションシーンでは「殺陣（たて）」の意味で使われ、ゲームでは「有利なポジション取り」や「敵との間合い」を指すことが多いです。﻿
主な意味と使われ方
演劇・映画・殺陣:複数の人物が斬り合ったり格闘したりする場面の演技・演出、アクションシーン全般。﻿
社会・ビジネス:自分が有利になるような言動や、要領よく物事を進める振る舞い、処世術。「あの人の立ち回りは上手い」のように使う。﻿
ゲーム（eスポーツなど）:
試合を有利に進めるための移動やポジション取り、状況判断。﻿
相手との間合い（距離感）の取り方や、技を当てるまでの過程。﻿
「有利なポジションを確保する」「無理なら引く」といった戦略的な行動。﻿
能楽:シテ（主役）が舞台を静かに一巡する所作や、それに伴う囃子（はやし）のこと。﻿
類語・関連表現
アクション:揉み合い、組打ち、活劇。
振る舞い:世渡り、要領の良さ、処世術。
ゲーム:ポジション取り、動き方、駆け引き。﻿
このように、「立ち回り」は文脈によって意味が異なりますが、共通して「状況に合わせて有利になるように動くこと・振る舞うこと」というニュアンスが含まれています。

「しんどい」とは、身体的な疲労や倦怠感、精神的なつらさや苦しさを表す言葉で、体が重い、だるい、疲れている、気分が落ち込む、集中できない、イライラするなど、様々な状態を指します。 ストレスや疲労、睡眠不足、ストレス、病気のサインである可能性もあり、無理せず休養を取る、生活習慣を見直す、軽い運動をする、誰かに相談するなどの対処法が有効です。 
「しんどい」の主な状態
身体的: 体がだるい、重い、動かしにくい、疲労感、頭痛、肩こり、不眠、食欲不振など。
精神的: 気分の落ち込み、不安感、イライラ、集中力低下、やる気のなさ、喜びを感じられないなど。
行動的: 外出や人との交流が億劫になる、趣味に興味が持てない、仕事のパフォーマンス低下など。 
「しんどい」ときの対処法
休息と生活習慣の見直し: 十分な睡眠を確保し、規則正しい生活を送る。
心身のリフレッシュ: 軽いウォーキングやストレッチ、ヨガなどで血流を改善する。
負担の軽減: 仕事の業務量を調整したり、タスクを細分化する。
セルフケア: 好きな飲み物をゆっくり味わう、深呼吸をするなど、その場でできるリラックス法を見つける。
相談する: 友人、家族、または専門家（心療内科医、カウンセラー）に話を聞いてもらう。 
注意すべきサイン
「しんどい」状態が長く続き、日常生活に支障が出ている場合は、うつ病などの精神疾患のサインの可能性もあります。一人で抱え込まず、専門機関への相談を検討しましょう。

「高ぶる（たかぶる）」には主に2つの意味があり、感情や気持ちが高まる・興奮する（例：気持ちが高ぶる、血がたぎる）と、思い上がって偉そうな態度をとる（例：驕り高ぶる、生意気になる）という意味があり、文脈によってポジティブ（高揚感）にもネガティブ（傲慢さ）にもなりますが、多くは「興奮して気分が高まる様子」や「慢心して偉そうにする様子」を表します。 
意味の分類
気分や感情が高まる・興奮する（ポジティブ・中立的）
気持ちが高揚する、ワクワクする、意欲的になる様子。
例：「試合が始まり、観客の気持ちが高ぶった」「やる気が高ぶる」
類語：高揚する、興奮する、盛り上がる、血が騒ぐ、胸が熱くなる。
思い上がって偉そうな態度をとる（ネガティブ）
慢心して尊大になる、生意気な態度をとる、自分を大きく見せようとする様子。
例：「成功して高ぶる」「傲慢に高ぶる」
類語：思い上がる、偉ぶる、増長する、図に乗る、傲慢になる。 
漢字表記
高ぶる（たかぶる）：最も一般的。
昂ぶる（たかぶる）：興奮して気持ちが高まる意味合いが強い。
昂る（たかぶる）：上記2つと同じ意味。 
文脈からどちらの意味で使われているか判断することが重要です。

https://youtu.be/FdW7urWuT7o?si=fPxCCRpKwj2gGGr4

「初耳（はつみみ）」も「初めて聞いた」も、今まで聞いたことのない話や情報を知ったときに使う表現で、ほぼ同じ意味ですが、「初耳」は「初めて耳にする」という意味の四字熟語（漢字）で、やや硬い響き（「初耳です」）や、少し驚きを表すニュアンスで使われますが、「初めて聞いた」はより日常的でストレートな言い方です。 
意味とニュアンス
初耳（はつみみ）:
「初めて耳にする」こと、またはその話自体を指す言葉。
「初耳だ」「初耳です」のように使われ、驚きや意外性を伴うことが多いです。
例: 「え、あの会社がもう撤退したんですか？ 初耳です！」
初めて聞いた（はじめてきいた）:
「今まで聞いたことがない」ことを直接的に表現する、より一般的な言い方。
事実を淡々と伝えるニュアンスが強いです。
例: 「それは初めて聞きました。詳しく教えてください。」 
類似表現（類語・言い換え）
知らなかった
初めて知った
耳に入っていない
承知していない 
韓国語の参考
韓国語では「처음 들었어요 (チョウム トゥロッソヨ)」が「初めて聞きました」に相当し、四字熟語「금시초문（クムシチョムン／今時初聞）」も「初耳」の意味で使われます。

https://youtu.be/DWNtISY9jyc?si=UXzjVP7D8Bc9E7GB

「取り組み」（とりくみ、대처）とは、何らかの物事に対して真剣に取り組むこと、行動を起こすことを指し、努力、試み、施策、課題への対処といった意味合いで使われます。文脈によって「相撲の組み合わせ」や「信用取引での売買の約束」などの具体的な意味を持つこともあり、ビジネスシーンでは「課題解決への努力」「プロジェクトへの注力」といった意味で使われることが多い言葉です。 
主な意味と使い方
物事への姿勢・行動:
「問題への取り組み」（問題にどう対処するか）
「環境問題への取り組み」（具体的な施策や活動）
「新しいプロジェクトに取り組み」（真剣に実行する）
類語: 努力、試み、奮励、企て、施策、事業、実行、対処。
ビジネスでの言い換え: 注力する、尽力する、心を込めて行う、実行する。 
表記について
「取り組み」：最も一般的で、新聞やメディアでも広く使われます。
「取組み」：こちらもよく使われ、意味は同じです。
「取組」：公用文や改まった文章で推奨される「正字」とされる書き方です。 
例文
「企業はSDGs達成に向けた取り組みを強化している。」
「新入社員が困難な課題に取り組み、成長する。」
「この仕事は非常に重要なので、全力を尽くして取り組みます。」

役所（やくしょ、관청、관공서）とは、国や地方公共団体（都道府県、市区町村など）が行政事務を取り扱う機関やその建物のことで、住民票の発行、戸籍の管理、福祉サービス、インフラ整備など、市民の生活に密接に関わる様々な行政サービスを提供しています。具体的には市役所（しやくしょ）、区役所（くやくしょ）、町役場（まちやくば）、村役場（むらやくば）などがこれにあたり、市民生活のルール作りと管理、そして必要なサービスの提供を担う公的機関です。 
役所の主な役割と業務
住民生活関連：住民票、戸籍、マイナンバーカード、印鑑証明書の発行・管理、年金・保険の受付。
福祉・子育て：子育て支援、高齢者・障がい者福祉サービス。
都市・環境：道路・公園の管理、ごみ処理・リサイクル事業。
防災・防犯：自然災害対策、市民の安全確保。
行政手続き：転入・転出、結婚、出生などの届け出の受付。 
役所の種類（地方自治体の場合）
市：市役所
区（特別区）：区役所
町・村：町役場・村役場
都道府県：都道府県庁（県庁など） 
関連する言葉
官公庁（かんこうちょう）：国の役所（省庁など）や地方自治体の役所を含めた総称。
お役所仕事（おやくしょしごと）：形式主義的で非効率な仕事ぶりを皮肉る言葉。 
役所は「行政機関」そのものを指すことも、「その建物（庁舎）」を指すこともありますが、一般的には行政サービスを行う公共の場所として認識されています。

https://youtu.be/1VWK36dZ1vc?si=lBiKYs1V2ANmuKy0

「スッキリ」は、「よけいなものがなく、洗練されている様子」や「わずらわしいことがなく、気持ちが良い・さっぱりした状態」を表す言葉で、日本テレビの朝の情報番組『スッキリ!!』の略称としても広く知られていますが、番組は2023年3月に終了しました。この言葉は、デザインや文章が垢抜けている場合や、気分が爽快な時、悩みが解消された時などに使われます。

「片付け」とは、不要な物を手放し（整理）、必要な物を使いやすい場所に戻し（収納）、それを維持する（習慣化）一連のプロセスで、部屋をスッキリさせるだけでなく、心にも余裕を生み出す効果があります。始めるには、「出す・分ける（要・不要・保留）」の3ステップでエリアを区切って少しずつ進め、「定位置を決める」「時間を区切る」などのコツを取り入れると、挫折しにくく、リバウンドを防げます。 
片付けの基本ステップ
理想の暮らしをイメージする: どんな部屋で過ごしたいか、どんな風に暮らしたいかを具体的に考えます。
「出す」: 片付けたい場所の物を一度すべて出します。何がどれだけあるか把握するためです。
「分ける」（整理）:
「必要」「不要」「保留」の3つに分類します。判断基準（例：1年使っていない物は不要など）を決めるのがコツです。
「いつか使うかも」で保留を増やしすぎないように注意しましょう。
「収納する」:
使う頻度や使う場所を考慮し、「定位置」を決めます。ここが片付けの8割を決める重要な部分です。
収納グッズを買いすぎず、まずはある物で工夫します。
「維持する」（習慣化）:
使ったら元の場所に戻す、使わない物を増やさない習慣をつけます。 
挫折しないためのコツ
小さな範囲から始める: 家全体ではなく、引き出し1つ、棚の1段など、区切って少しずつ進めます。
時間を区切る: 10分、20分などタイマーをセットし、集中して取り組みます。達成感がモチベーションになります。
「脳が疲れる」と理解する: 片付けは「未来を想像し、今ある物を判断する」脳の活動。疲れたら無理せず休憩しましょう。
思い出の品は最後に: すぐに判断できない物は「保留箱」に入れて後回しにすると、作業が止まりません。 
具体的な方法例
「使っていない物」を手放す: 1年以上着ていない服、1年使っていない物は手放す候補に。
「1つ買ったら1つ手放す」: モノの数を一定に保ちます。","[""import"",""japanese""]",2026-02-22 09:21:42.0778+00,e1848554-ffae-479c-a8cd-4c0d77b7bed2,2026-03-19 15:55:50.007522+00,0,0,0,2026-03-19 15:55:50.007522+00,0,null,null,null,false,null,null,null,null,true,7b5d4e22-32fb-4968-a7bc-1370b7d90217,null,null,"{""tables"":{""1"":{""rows"":[],""columns"":[]}}}",null,[],null,null