id,title,content,tags,created_at,user_id,updated_at,comment_count,view_count,like_count,last_activity_at,hot_score,deleted_at,deleted_by,deleted_reason,is_deleted,account_key,source_id,source_date,legacy_id,is_hidden,duplicate_of,deleted_scope,delete_note,table_data,attachments,links,import_source,source_filename
a419ed49-1605-4064-aca0-fc7e4c05a81f,「久々（ひさびさ）」,"「久々（ひさびさ）」は、長い間会っていなかった人や、長い間していなかったこと（行動・物事）を久しぶりに再開したり、経験したりする様子を表す言葉で、「お久しぶりです」「久しぶり！」のように、再会を喜ぶ気持ちを伝える際に使われます。ビジネスシーンでは「ご無沙汰しております」などが使われることもありますが、カジュアルな会話では「ひさびさ！」と簡潔に表現されます。 
意味と使い方
意味: 長い時間が経過してから、再び同じ人や物事に接すること。
副詞的用法: 「久しぶりに」「久々に」の形で使われることが多い。
例文:
「ひさびさ！元気だった？」（友人など親しい間柄で）
「ひさびさの旅行、楽しかった！」（久しぶりの行動に対して）
「ひさびさに実家に帰る」 
類語・関連表現
お久しぶりです: 丁寧な表現で、ビジネスシーンや目上の人にも使える。
ご無沙汰しております: ビジネスメールなどでよく使われる、より丁寧な表現（3ヶ月以上会っていない相手に使う目安も）。
久方ぶり（ひさかたぶり）: 「久々」よりもさらに長い期間を表す際に使われる、やや古風な表現。 
「久々」は、再会や再開への喜びや、久しぶりであることへの感慨を伝える、非常に便利な言葉です。","[""import"",""japanese""]",2026-02-22 09:19:19.00148+00,e1848554-ffae-479c-a8cd-4c0d77b7bed2,2026-03-19 15:55:50.007522+00,0,0,0,2026-03-19 15:55:50.007522+00,0,null,null,null,false,null,null,null,null,true,bbcec8ba-e1e4-4381-89c5-e31bfb8ff647,null,null,"{""tables"":{""1"":{""rows"":[],""columns"":[]}}}",null,[],null,null
a49c6850-9e45-4230-afaf-83dbcfc93cab,「バツイチ」,"Netflix　侵入者たちの晩餐

「バツイチ」とは、一度離婚を経験し、現在は独身である人を指す俗語です。かつての戸籍謄本において、離婚により婚姻の記録（バツ印）が記載されたことに由来しており、現代では25%以上が再婚を含む婚姻というデータもあり、広く定着しています。 
バツイチの概要と由来
由来: 昔の戸籍謄本で離婚した際に氏名の欄に「×」印が記載されていたことに由来します。
現状の戸籍: 現在はコンピューター化され、離婚した場合は「×」印ではなく「除籍」と記録されます。
語源の広まり: 1992年にタレントの明石家さんま氏が離婚会見で「バツイチですわ」と言ったことが広まるきっかけになったとされています。 
バツイチの現状
再婚率: 2022年の日本の婚姻総数において、再婚を含む結婚は約1/4を占めており、特に35歳以上の男性においては初婚よりもモテる（需要がある）という見方もあります。
メリット・魅力: 離婚という人生の大きな転機を乗り越えているため、精神的に余裕があり、自立している、あるいは包容力があるといった面が評価されることが多いです。
デメリット・不安点: 一度目の離婚の理由が、性格の不一致や生活習慣など再婚後も問題になりやすい場合、慎重になる傾向があります。 
離婚と戸籍に関する注意点
離婚歴は残る: 転籍や分籍などで新しい戸籍を作っても、過去の戸籍（除籍）には離婚の事実が残るため、完全に隠すことは難しいのが現状です。 
バツイチは「人生の経験者」として前向きにとらえられることも増えており、結婚相談所などではむしろ好意的に受け取られるケースも少なくありません。","[""import"",""japanese""]",2026-02-22 09:19:19.00148+00,e1848554-ffae-479c-a8cd-4c0d77b7bed2,2026-03-19 15:55:50.007522+00,0,0,0,2026-03-19 15:55:50.007522+00,0,null,null,null,false,null,null,null,null,true,4ecbabce-67b0-4d75-abe3-44899e8f2095,null,null,"{""tables"":{""1"":{""rows"":[],""columns"":[]}}}",null,[],null,null
a4e5c96f-b44d-413c-92bc-8182373b3828,誰しも自分自身の課しているルールがある。,"https://youtu.be/PrUY5I8WACg?si=VFj0CronxLvhiKeU

誰しも自分自身の課しているルールがある。

「誰しも（だれしも）、누구라도」は、「誰でも」「誰だって」という意味で、特定の人に限らず「すべての人」を指す表現です。古くは「たれしも」とも言い、「誰も」をさらに強調した表現であり、日常会話や文章で普遍的な心理・行動を述べる際に用いられます。 
意味と使い方
意味: 全ての人々、例外なく誰でも。
強調: 「誰でも」を強めた表現。
例文:
人間は誰しも死を避けられない。
誰しも幸せを願う。
誰しも礼儀正しい人が好きだ。 
類語・言い換え
誰も彼も（だれもかれも）
すべての人（すべてのひと）
ありとあらゆる人々
貴賎の別なく 
「誰しも」は、例外的な人を認めない強めのニュアンスで使われることが多いです。

「課して（かして）」は、義務、責任、税金、負担などを人や組織に負わせる、または言い付けることを指す表現です。課題や制約を与える際や、公権力が私人に負担を命じる（税・罰金）場合などに「課して」や「課する」の形で用いられます。 
主な用法・関連語
義務・負担を負わせる：課題、責任、義務を課す。
税・罰金：重税を課する、罰金を課す。
類語：負わせる、負担させる、義務づける。
注意点：「科する」は主に法律や罰則で使用されますが、「課する」は一般的な負担や義務にも使用されます。 
例文
「厳しい条件を課してきた」
「新たな任務を課して、成長を促す」
「重い課題を課して終わらせる」","[""import"",""japanese""]",2026-02-22 09:19:19.00148+00,e1848554-ffae-479c-a8cd-4c0d77b7bed2,2026-03-19 15:55:50.007522+00,0,0,0,2026-03-19 15:55:50.007522+00,0,null,null,null,false,null,null,null,null,true,5baf7859-6ac5-4bf2-b6b9-1154d6303488,null,null,"{""tables"":{""1"":{""rows"":[],""columns"":[]}}}",null,[],null,null
a72b7f63-8e4b-48cd-ab24-99e9c80b7533,「あまり」（あまりに）N2．（あまり～ない）N1,"「あまり」は、程度が低い（～ない）ことを表す副詞で否定文と使われることが多いですが（例：あまり美味しくない）、程度が甚だしいことを表し、その結果「～（して）しまった」という強い感情や状態を示す用法もあります（例：嬉しさのあまり泣いた）。口語では「あんまり」とも言います。 
主な用法
程度が低い（～ない）
「あまり～ない」の形で使い、「それほど～ではない」「たいして～ない」という意味になります。
例：あまり時間がありません（そんなに時間がない）。
例：あまり勉強しませんでした（あまり勉強しなかった）。
程度が甚だしい（～すぎる）
名詞や動詞（連体形）の後ろに「～のあまり」と付き、「～という気持ちや状態が非常に強すぎて、普通ではないことになった」という結果を表します。
例：喜びのあまり、叫んでしまった。
例：悲しみのあまり、何も言えなかった。 
まとめ
「あまり＋否定」: 程度が低い、多くない（例：あまり寒くない）
「〜のあまり＋動詞」: 程度が非常に大きく、～してしまう（例：驚きのあまり、固まった）
どちらの用法も、文脈によって判断する必要があります。 

https://nihongo.co.kr/%EF%BD%9E%E3%81%82%E3%81%BE%E3%82%8A%E3%81%AB/

N2：あまりに

【명사, 동사의 명사형, 형용사의 명사형】

みんなの前で発表する時とき、前に立ったら緊張のあまり頭が真っ白になってしまった。
모두의 앞에서 발표를 할 때, 앞에 섰더니 긴장한 나머지 머리가 새하얘져 버렸다.

大学に合格したことを知って、嬉しさのあまり泣いてしまいました。
대학에 합격한 것을 알고 기쁜 나머지 울어버렸습니다.

私は驚きのあまり、声も出なかった。
나는 놀란 나머지 목소리가 안 나왔다.

私は緊張のあまり、上手にプレゼンができなかった。
나는 긴장한 나머지 프레젠테이션을 잘 할 수 없었다.

父が亡くなった悲しみのあまり、ここ何日か食事がのども通らない。
아빠가 돌아가셔서 슬픈 나머지 요 며칠인가 음식이 목에 안 넘어간다.

海外に留学したいと言って留学に来たらさびしさのあまりさんざん、当時は国の友達に毎日電話してしまっていた。
해외에서 유학하고 싶다고 해서 유학하러 왔지만 막상 해외에 왔더니 쓸쓸한 나머지 당시는 본국의 친구들에게 매일 전화해버렸다.

鈴木さんは美人なあまり、つい目がいってしまう。
스즈키씨는 아름다운 나머지 나도 모르게 눈이 가버린다.

偶然、空港で芸能人を見みましたが、ハンサムなあまり、見とれてしまいました。
우연히 공항에서 연예인을 봤습니다만 너무 잘생긴 나머지 넋 놓고 봐 버렸습니다.

お化け屋敷に入った彼女は、恐怖のあまり倒れてしまった。
귀신의 집에 들어간 그녀는 심한 공포로 쓰러져버렸다.

【동사】

テストで一つ一つの問題を考がえすぎたあまり、時間が足りず最後までできなかった。
시험에서 하나하나 문제를 너무 생각한 나머지 시간이 부족해서 마지막까지 못했다.

あの選手は失敗を恐れるあまり、積極的なプレーができなくなっているように見えますね。
저 선수는 실패를 겁낸 나머지 적극적인 플레이가 안되는 것처럼 보이네요.

山田さんは無理をしすぎたあまり、入院してしまった。
야마다씨는 무리를 너무 한 나머지 입원해버렸다.

https://ena-nihongo.tistory.com/entry/%EC%9D%BC%EB%B3%B8%EC%96%B4N3%EB%AC%B8%EB%B2%95-%E3%81%82%E3%81%BE%E3%82%8A%EF%BD%9E%E3%81%AA%E3%81%84%EF%BC%8F%E3%81%82%E3%82%93%E3%81%BE%E3%82%8A%EF%BD%9E%E3%81%AA%E3%81%84#google_vignette

あまり～ない：N3

最近の曲は正直あまり好きじゃない。
요즘노래는 솔직히 별로 안좋아해

スマホケースはあまり遊んだことがない。
스마트폰게임은 별로 놀아본적이없다

下品な言葉は私はあまり使わないようにしている。
상스러운 말은 나는 잘 쓰지않으려고 하고있다

今あまりお金のない状況だから満足に買い物も出来ない。
지금 돈이 별로 없는 상황이라서 만족스럽게 쇼핑도 할수없어

猫パンチじゃあまり痛くない。
고양이펀치는 별로 아프지않다

パソコンの性能があまりよくないのですぐ重くなる。
컴퓨터 성능이 별로 좋지않아서 금방 무거워진다

なんか体調があまり良くない。
뭔가 컨디션이 별로 좋지않다

あまり勝算がないが、やるしかない。
별로 승산은없지만 할수밖에없다","[""import"",""japanese""]",2026-02-22 09:19:19.00148+00,e1848554-ffae-479c-a8cd-4c0d77b7bed2,2026-03-19 15:55:50.007522+00,0,0,0,2026-03-19 15:55:50.007522+00,0,null,null,null,false,null,null,null,null,true,74908a02-e46d-45a9-9e1f-19502f8625cd,null,null,"{""tables"":{""1"":{""rows"":[],""columns"":[]}}}",null,[],null,null
a795fb07-a264-4c55-b2c4-1a965a8995a4,「絡み合い（からみあい）」,"https://youtu.be/JJbyZ3hoENw?si=GrpGWy_6-CJAW9KU

そしてその二人はお姫様に内緒でだんだん絡み合いました

「絡み合い（からみあい）」は、複数の物体や事象が互いにもつれ合う、あるいは密接に関係し合う状態を指す言葉です。紐などの物理的な絡まり、複雑な人間関係、絡み合う感情、または物理的な「entanglement」などの文脈で使われます。 
主な意味・用途:
物理的なもつれ: 紐や枝などが互いに巻き付くこと。
関係・状況: 複雑な要因が絡み合うこと。
心理・情景: 感情や思いが交錯すること。 
類語には、「縺れ合い」「絡まり合い」「交錯」などがあります。 

https://mazii.net/ko-KR/search/word/jako/%E7%B5%A1%E3%81%BF%E5%90%88%E3%81%84

◆ 서로 얽히다[엉키다]; 뒤얽히다.

糸が絡み合う
실이 엉키다

男女の関係が複雑に絡み合う
남녀의 관계가 복잡하게 얽히다

絡み合って倒れる
뒤엉기어 쓰러지다.","[""import"",""japanese""]",2026-02-22 09:19:19.00148+00,e1848554-ffae-479c-a8cd-4c0d77b7bed2,2026-03-19 15:55:50.007522+00,0,0,0,2026-03-19 15:55:50.007522+00,0,null,null,null,false,null,null,null,null,true,6f51493a-d681-44c2-a3a0-d60e592fc9a4,null,null,"{""tables"":{""1"":{""rows"":[],""columns"":[]}}}",null,[],null,null
aafd89d1-f83c-4241-840f-1d7df8084e7f,「湿る（しめる）」,"Netflix　Talk Queens　07

「湿る（しめる）」は、物や空気が水分を含んでしっとりする、または濡れる状態を指す動詞です。洗濯物、湿気を含んだ空気、海苔などの乾燥食品が柔らかくなる際によく使われます。類語には濡れる、湿気を帯びる、湿り気を持つなどがあります。 
意味と特徴
物理的な湿気: 物が水分を吸って、乾いていない状態。「湿った洗濯物」「湿った海苔」。
大気の湿度: 空気が湿り気を帯びている状態。「空気が湿る」「湿った風が吹く」。
古語・その他: 火が消える、静かになる、物思いに沈むなどの意味でも使われました。 
「湿る」と類似語・関連語の使い分け
湿る (しめる): わずかな水分を含んだ状態。
湿気る (しける): 主に乾燥食品が空中の水分を吸って食感が悪くなること。「海苔が湿気る」。
濡れる (ぬれる): 水がついて濡れている状態。滴る（したたる）ほど濡れていることも含む。 
よく使われる表現
湿った空気 / 湿った風
洗濯物が湿る
湿っぽい（しめっぽい：湿り気がある、またはお通夜などのしんみりした様子） 

https://mazii.net/ko-KR/search/word/jako/%E6%B9%BF%E3%82%8B

◆ 축축[눅눅]해지다; 촉촉히 젖다; 습기 차다.

夜露で湿った地面
밤이슬로 촉촉히 젖은 지면

湿った布団を日に干す
축축한 이불을 햇볕에 말리다

梅雨時で家の中が湿ってきた
장마철이라서 집 안이 눅눅해졌다

◆ 우울[침울]해지다; 활기가 없이 가라앉은 상태가 되다.

座が湿る
분위기가 가라앉다

打線が湿っている
(야구의) 타선이 활기를 잃고 있다

気持ちが湿りがちになる
기분이 자꾸 우울해지려 하다","[""import"",""japanese""]",2026-02-22 09:19:19.00148+00,e1848554-ffae-479c-a8cd-4c0d77b7bed2,2026-03-19 15:55:50.007522+00,0,0,0,2026-03-19 15:55:50.007522+00,0,null,null,null,false,null,null,null,null,true,e4a89acb-8bb9-4228-bc19-15f79efb83ff,null,null,"{""tables"":{""1"":{""rows"":[],""columns"":[]}}}",null,[],null,null
aecf87cc-aff2-473b-814f-d84dceb7a004,しんどい,"https://youtu.be/5pTO-tyNdpA?si=MN23bBLaFu7Lz8pL

しんどい時は、まず何よりも「休んでいい」と自分に許可を出してください。心身の疲労、ストレス、睡眠不足、または環境の変化など、その原因は様々です。無理をせず、質の良い睡眠、温かい飲み物、自然に触れること、あるいは何も考えない時間を作るなど、小さなセルフケアを試みてみてください。 
今すぐできること
休息をとる: 無理に動かず、身体と心を休める。
深呼吸をする: 呼吸が浅くなっている場合があるため、意識して整える。
場所を変える: 落ち着ける場所（布団、公園など）へ移動する。
書き出す: 今感じているストレスを紙に書き殴ってスッキリする。 
長引く場合の対処
生活習慣を見直す: 栄養のある食事と睡眠を意識する。
誰かに話す: 家族、友人、または専門の相談機関を利用する。 
「しんどい」は心と体からの「休憩サイン」です。自分を責めず、どうかご自身を大切にしてください。もし苦しい状況が続くようであれば、専門家への相談も検討してください。 

https://mazii.net/ko-KR/search/word/jako/%E3%81%97%E3%82%93%E3%81%A9%E3%81%84

◆ 힘이 들다; 골치 아프다; 벅차다; 어렵다.

この仕事はしんどい
이 일은 힘이 든다

全部一人でやるのはしんどい
전부 혼자 하기에는 벅차다

多くの客に対応するのがしんどい
많은 손님을 응대하기가 힘들다

◆ 지치다; 녹초가 되다.

おおしんどい
아아 지쳤다","[""import"",""japanese""]",2026-02-22 09:19:19.00148+00,e1848554-ffae-479c-a8cd-4c0d77b7bed2,2026-03-19 15:55:50.007522+00,0,0,0,2026-03-19 15:55:50.007522+00,0,null,null,null,false,null,null,null,null,true,4ba5ee5b-6c45-442e-8bf3-76437b112e5e,null,null,"{""tables"":{""1"":{""rows"":[],""columns"":[]}}}",null,[],null,null
b38bb58b-a837-4d4e-963d-810a8459564f,想定,"https://youtu.be/mdLc-sEqF2M?si=5mBoCSMv1dysyTwj

https://mazii.net/ko-KR/search/word/jako/%E6%83%B3%E5%AE%9A

◆ 상정; 어떤 조건이나 상황을 가정적으로 생각하여 단정하는 것.

想定敵国
상정[가상] 적국

勝つという想定のもとに事を運ぶ
승리한다는 상정하에 일을 진행하다

大地震発生を想定して防災訓練を行う
대지진 발생을 상정하여 방재 훈련을 하다","[""import"",""japanese""]",2026-02-22 09:19:19.00148+00,e1848554-ffae-479c-a8cd-4c0d77b7bed2,2026-03-19 15:55:50.007522+00,0,0,0,2026-03-19 15:55:50.007522+00,0,null,null,null,false,null,null,null,null,true,e5dbe628-4348-4d8e-9238-f0ea2d1ac813,null,null,"{""tables"":{""1"":{""rows"":[],""columns"":[]}}}",null,[],null,null
c23b9e54-fefe-42f9-9316-3f01ab6a72a2,"for → if/else → for 구조,알아두면 좋은 명령어/개념","for → if/else → for 구조가 왜 이런 모양인지

네가 보여준 코드에서 알아두면 좋은 명령어(메서드/개념) 정리

1) for 안에 if/else 안에 for… 이 구조가 왜 나오냐?
이 코드는 “DOM 요소를 만드는 함수”인데, 입력이 이렇게 들어와:

props는 어떤 키가 올지 모르는 옵션 묶음(객체)
예: { class, id, dataset, onClick, text, ... }

children도 문자열/노드/숫자/null 등 여러 타입이 섞여서 들어올 수 있음

즉, 입력이 유연한 만큼 처리 로직이 분기(조건)로 늘어나는 구조가 자연스러워.

(A) 바깥 for가 필요한 이유: props를 전부 순회해야 하니까
for (const [k, v] of Object.entries(props)) {


props에 뭐가 들어왔든 하나씩 처리하려면 순회가 필요해.

(B) if / else if가 필요한 이유: key마다 처리 방식이 다르니까

class는 setAttribute가 아니라 className으로 처리하는 게 편함

dataset은 한 번에 못 넣고, 내부 key들을 다시 순회해야 함

onClick 같은 건 setAttribute가 아니라 addEventListener로 처리해야 함

text는 textContent로 처리해야 함

그 외는 일반 속성으로 처리

그래서 “키 종류 판별”을 위해 if/else 체인이 생김.

(C) 안쪽 for가 또 필요한 이유: dataset은 “객체 안의 객체”라서
else if (k === ""dataset"" && v && typeof v === ""object"") {
  for (const [dk, dv] of Object.entries(v)) node.dataset[dk] = String(dv);
}


dataset은 { id: 3, type: ""note"" }처럼 여러 개가 들어오니까
그 내부를 다시 순회해야 해서 for가 한 번 더 나오는 거야.

✅ 결론:
**“다양한 입력을 한 함수로 처리하려고 만든 유틸”**이라
순회(for) + 분기(if) + 중첩 데이터 순회(for)가 자연스럽게 생긴 구조야.

React에서는 이걸 프레임워크가 내부에서 대신 처리해줘서 우리가 못 보게 되는 거고.

2) 네 코드에서 “알아두면 좋은 명령어/개념” 정리
A. DOM 선택/생성/삭제

querySelector(sel) : 선택자로 요소 1개 찾기

document.createElement(tag) : 요소 생성

node.removeChild(child) : 특정 자식 제거

node.firstChild : 첫 번째 자식 노드 (있으면 truthy)

node.append(...) : 자식으로 “뒤에” 추가 (문자열/노드 모두 가능, 여러 개 가능)

node.appendChild(node) : 자식으로 추가(노드만 가능)

B. 객체 순회/분해

Object.entries(obj) : [[key, value], ...] 형태로 변환해서 순회 가능

for (const [k, v] of ...) : 구조분해로 key/value 바로 받기

C. 문자열 처리(안전하게 처리하는 습관)

String(x) : 뭐가 오든 문자열로 변환 (에러 줄임)

v ?? """" : null/undefined일 때만 기본값 적용

k.startsWith(""on"") : ""on""으로 시작하는지 검사

k.slice(2) : 앞의 2글자 잘라내기 (onClick → Click)

.toLowerCase() : 소문자로 변환 (Click → click)

D. 이벤트

node.addEventListener(type, handler) : 이벤트 등록
(onClick을 click으로 바꿔서 등록하는 패턴)

E. 타입/존재 체크(실무에서 엄청 중요)

Array.isArray(x) : 배열인지 체크

typeof x === ""function"" : 함수인지 체크

x && typeof x === ""object"" : “null이 아닌 객체”인지 체크

ch == null : null/undefined 둘 다 거르기 (의도적인 패턴)

ch.nodeType : DOM 노드인지 판별 (노드면 숫자 타입 값이 있음)","[""import"",""coding""]",2026-02-22 09:19:19.00148+00,e1848554-ffae-479c-a8cd-4c0d77b7bed2,2026-03-19 15:55:50.007522+00,0,0,0,2026-03-19 15:55:50.007522+00,0,null,null,null,false,null,null,null,null,true,1a5e1034-f858-4903-8358-8f8376466abc,null,null,"{""tables"":{""1"":{""rows"":[],""columns"":[]}}}",null,[],null,null
d252cb4b-1380-49af-bed5-469039cfa875,「にやにや」,"「にやにや」とは、声を出さずに口元だけで笑う様子を表す擬態語で、何かを企んでいる、面白がっている、あるいは不敵な気持ちでいる時に使われ、「にこにこ」が幸せな笑顔なのに対し、後ろめたい、不気味、またはちょっと意地悪なニュアンスを含むことが多いです。また、北海道や青森など一部方言では腹痛（しくしくする痛み）を指すこともあります。 
主な意味とニュアンス
薄笑い・含み笑い: 心の中で何かを企んでいたり、秘密を抱えたりして、口元だけで笑っている状態。
不敵な笑み: 恐れ知らずな雰囲気や、自信ありげな笑い方。
他人を面白がる・嘲笑: 他人の失敗や不幸を陰で面白がって笑う様子。
例: 「漫画を読みながら一人でにやにやしていた」「彼がにやにやしながらこちらを見ていた」。 
方言での意味
腹痛: 津軽弁（青森県）などでは、腹部の鈍い痛みを「にやにやする」と表現します。 
「にこにこ」との違い
にやにや: どこか後ろめたい、含みのある、あるいは不気味な笑い。
にこにこ: 幸せで明るい、心からの笑顔（例：「にこにこ笑顔」）。","[""import"",""japanese""]",2026-02-22 09:19:19.00148+00,e1848554-ffae-479c-a8cd-4c0d77b7bed2,2026-03-19 15:55:50.007522+00,0,0,0,2026-03-19 15:55:50.007522+00,0,null,null,null,false,null,null,null,null,true,3dbc2f24-5471-459a-b0ca-b98cb8c1bf53,null,null,"{""tables"":{""1"":{""rows"":[],""columns"":[]}}}",null,[],null,null
d2b24fd3-c14c-4b78-923b-f60370253a97,米津玄師 - さよーならまたいつか,"https://namu.wiki/w/%E3%81%95%E3%82%88%E3%83%BC%E3%81%AA%E3%82%89%E3%81%BE%E3%81%9F%E3%81%84%E3%81%A4%E3%81%8B%EF%BC%81

どこから春が巡り来るのか
도코카라 하루가 메구리 쿠루노카
어디에서 봄이 돌아오는지

知らず知らず大人になった
시라즈 시라즈 오토나니낫타
모르게 모르게 어른이 되었어

見上げた先には燕が飛んでいた
미아게타 사키니와 츠바메가 톤데이타
올려다본 앞길엔 제비가 날고 있었어

気のない顔で
키노 나이 카오데
무심한 얼굴로


もしもわたしに翼があれば
모시모 와타시니 츠바사가 아레바
만약 나에게 날개가 있다면

願う度に悲しみに暮れた
네가우 타비니 카나시미니 쿠레타
바랄 때마다 슬픔에 잠겼어

さよなら100年先でまた会いましょう
사요나라 햐쿠넨 사키데 마타 아이마쇼
안녕, 100년 뒤에 또 만나요

心配しないで
신파이시나이데
걱정하지 마


いつの間にか 花が落ちた
이츠노 마니카 하나가 오치타
어느새 꽃이 떨어졌어

誰かがわたしに嘘をついた
다레카가 와타시니 우소오 츠이타
누군가가 나에게 거짓말을 했어

土砂降りでも構わず飛んでいく
도샤부리데모 카마와즈 톤데이쿠
비가 쏟아져도 상관없이 날아갈 수 있는

その力が欲しかった
소노 치카라가 호시캇타
그런 힘을 원했어


誰かと恋に落ちて また砕けて
다레카토 코이니 오치테 마타 쿠다케테
누군가와 사랑에 빠지고 또 부서지고

やがて離れ離れ
야가테 하나레바나레
이윽고 뿔뿔이 흩어져

口の中なかはたと血が滲んで
쿠치노나카 하타토 치가 니진데
입 안에 순식간에 피가 번져

空に唾を吐く
소라니 츠바오 하쿠
하늘에 침을 뱉어


瞬け羽を広げ 気儘に飛べ
마타타케 하네오 히로게 키마마니 토베
반짝여라 날개를 펼쳐 마음대로 날아

どこまでもゆけ
도코마데모 유케
어디로든지 가라


100年先も憶えてるかな
햐쿠넨 사키모 오보에테루카나
100년 뒤에도 기억하고 있을까

知らねえけれど
시라네에케레도
모르겠지만

さよーならまたいつか!
사요나라 마타 이츠카!
안녕, 또 언젠가!


しぐるるやしぐるる町へ歩み入る
시구루루야 시구루루 마치에 아유미이루
늦가을 비 오락가락 내리는 마을로 걸어 들어가

そこかしこで袖触れる
소코카시코데 소데후레루
여기저기서 옷깃이 스치네

見上げた先には何も居なかった
미아게타 사키니와 나니모 이나캇타
올려다본 앞길엔 아무것도 없었어

(ああ居なかった)
아아 이나캇타
아아 없었어


したり顔で触らないで
시타리 카오데 사와라나이데
의기양양한 얼굴로 만지지 말아줘

背中を殴りつける的外れ
세나카오 나구리츠케루 마토하즈레
등을 후려치는 빗나감

人が宣う地獄の先にこそ わたしは春を見る
히토가 노타마우 지고쿠노 사키니코소 와타시와 하루오 미루
사람들이 말하는 지옥의 끝에서야말로 나는 봄을 봐


誰かを愛したくて でも痛くて
다레카오 아이시타쿠테 데모 이타쿠테
누군가를 사랑하고 싶어서 하지만 아파서

いつしか雨霰
이츠시카 아메아라레
어느새 비가 내리네

繋がれていた縄を握りしめて
츠나가레테이타 나와오 니기리시메테
이어져 있었던 밧줄을 움켜쥐고

しかと噛みちぎる
시카토 카미치기루
확실히 물어뜯어


貫け狙い定め 蓋し虎へ
츠라누케 네라이사다메 케다시 토라에
꿰뚫어라 정확히 노려 그야말로 호랑이처럼

どこまでもゆけ
도코마데모 유케
어디로든지 가라


100年先のあなたに会いたい
햐쿠넨 사키노 아나타니 아이타이
100년 뒤의 당신을 만나고 싶어

消え失せるなよ
키에우세루나요
사라지지 마

さよーならまたいつか！
사요나라 마타 이츠카!
안녕, 또 언젠가!


(今恋に落ちて また砕けて 離れ離れ)
이마 코이니 오치테 마타 쿠다케테 하나레바나레
지금 사랑에 빠지고 또 부서지고 뿔뿔이 흩어져

口の中はたと血が滲んで
쿠치노 나카 하타토 치가 니진데
입 안에 순식간에 피가 번져

空に唾を吐く
소라니 츠바오 하쿠
하늘에 침을 뱉어


(今羽を広げ 気儘に飛べ どこまでもゆけ)
이마 하네오 히로게 키마마니 토베 도코마데모 유케
지금 날개를 펼쳐 마음대로 날아 어디로든지 가라

生まれた日からわたしでいたんだ
우마레타 히카라 와타시데 이탄다
태어났을 때부터 나였던 거야

知らなかっただろ
시라나캇타다로
몰랐었겠지

さよーならまたいつか！
사요나라 마타 이츠카!
안녕, 또 언젠가!","[""import"",""japanese""]",2026-02-22 09:19:19.00148+00,e1848554-ffae-479c-a8cd-4c0d77b7bed2,2026-03-19 15:55:50.007522+00,0,0,0,2026-03-19 15:55:50.007522+00,0,null,null,null,false,null,null,null,null,true,a6d881dd-c503-4899-96be-3cb60cd73909,null,null,"{""tables"":{""1"":{""rows"":[],""columns"":[]}}}",null,[],null,null
d2f2c0e4-29d7-45d8-9acb-fa0f8af902ef,「にこやか」,"https://youtu.be/giBJo6q04qo?si=Ivo3l3pAzR16FcCP

「にこやか」とは、明るく、楽しそうに、または穏やかに微笑んでいる様子を表す形容動詞（または形容詞）で、和やかで親しみやすい表情や雰囲気を指します。「和やか」「朗らか」「穏やか」といった意味合いがあり、人やその表情、雰囲気に使われます。 
意味と使い方
表情・顔つき: 「にこやかな笑顔」「にこやかな顔」のように、楽しそうに微笑んでいる様子。
雰囲気・様子: 「和やかな雰囲気」「穏やかな様子」のように、心が和み、温かい感じがする様子。
類語: 朗らか、晴れやか、穏やか、和やか、ほんわか。
用例:
「彼はいつもにこやかな表情をしている」
「和やかなにこやかな雰囲気で会合が進んだ」 
語源（参考）
「にこぐさ（柔らかい草）」という言葉から派生し、柔らかい様子を表す「にこ」と、接尾語の「やか」が合わさってできた言葉です。 
まとめ
「にこやか」は、単なる「笑顔」だけでなく、その笑顔から伝わる「温かさ」「親しみやすさ」「心の和み」といったニュアンスを含む、ポジティブで心地よい言葉です。","[""import"",""japanese""]",2026-02-22 09:19:19.00148+00,e1848554-ffae-479c-a8cd-4c0d77b7bed2,2026-03-19 15:55:50.007522+00,0,0,0,2026-03-19 15:55:50.007522+00,0,null,null,null,false,null,null,null,null,true,be68e8b7-dd5c-4552-b39d-081230ad6c91,null,null,"{""tables"":{""1"":{""rows"":[],""columns"":[]}}}",null,[],null,null
d6382a10-18b8-4157-8287-3a901c139813,怒鳴る行為（怒鳴り）,"https://youtu.be/RSPk7eaRXJU?si=QpDIaQW7r7SoOx8R

怒鳴る行為（怒鳴り）は、怒りや感情の高ぶりにより大声を出すことであり、相手への精神的攻撃や威嚇、恐怖を与える行動です。職場ではパワーハラスメント、家庭では心理的虐待となる可能性があり、相手の心身に深刻な影響を及ぼします。冷静なコミュニケーションや一時的に距離を置く対策が必要です。 
怒鳴る行為の概要と影響
本質: 怒りによって声を荒らげる、わめき散らす行為。単なる大きな声だけでなく、相手をコントロールする目的で行われることも多い。
影響: 怒鳴られる側は恐怖や不安を覚え、長期的には脳の発達や心身の健康に悪影響が出る可能性がある。
法的側面: 相手の健康を害するほどの大声や脅迫的な言葉は、暴行罪や脅迫罪に抵触する恐れがある。 
怒鳴ってしまう理由と対処法（家庭・育児）
原因: 過去のトラウマ、日頃のストレス、睡眠不足、子供への過度な期待、感情コントロールの難しさ。
対策:
一呼吸置く: 怒りを感じたらその場を離れる、深呼吸する。
距離を置く: 子供と適度な距離を保ち、自分の時間を持つ。
ポジティブな感情を増やす: 子供と楽しい会話をする時間を増やす。
自己分析: なぜ怒鳴ってしまうのか、その瞬間の感情にラベルをつけてみる。 
怒鳴られた時の対処法
我慢しない: 黙って耐えると相手はエスカレートするため、静かに「そういう態度は困る」と伝える。
巻き込まれない: 相手の感情に反応せず、物理的に距離をとる。 
「怒鳴り」は、人間関係や職場環境を破壊する不適切な行為であり、感情をコントロールし、冷静に対処することが求められます。","[""import"",""japanese""]",2026-02-22 09:19:19.00148+00,e1848554-ffae-479c-a8cd-4c0d77b7bed2,2026-03-19 15:55:50.007522+00,0,0,0,2026-03-19 15:55:50.007522+00,0,null,null,null,false,null,null,null,null,true,e148c0ac-2cc3-436b-a8a9-75cc5a13cf13,null,null,"{""tables"":{""1"":{""rows"":[],""columns"":[]}}}",null,[],null,null
da83f3aa-c594-4b55-bd6a-0ba2a6f91b4a,「目立っている」,"Netflix　Talk Queens　03

「目立っている」とは、周りのものと比べて際立って見え、人の注意を引く状態を指し、能力や外見が優れている（いい意味）場合も、失敗や振る舞いが悪く注目される（悪い意味）場合もあり、「際立っている」「注目される」「目を引く」などの類語で言い換えられますが、状況によって「異彩を放つ」「悪目立ち」といったニュアンスも持ちます。 
意味と使われ方
良い意味:
能力や才能が抜きん出ている（例: 「チームの中で彼だけが目立っている」）。
容姿や服装が魅力的で目を引く（例: 「彼女のドレスはひときわ目立っていた」）。
カリスマ性がある、存在感がある（例: 「プレゼンで彼が目立っていた」）。
悪い意味:
失敗や行動が周囲に気づかれやすい（例: 「彼は少し目立たないように振る舞った」）。
悪目立ちする、浮いて見える（例: 「派手な服装で目立っていた」）。
中立・その他:
物事がはっきりと認識できる状態（例: 「色の違いが目立っている」）。 
類語・言い換え表現
良い意味で目立つ: 際立つ、抜きん出る、秀でる、群を抜く、頭角を現す、異彩を放つ、抜群。
悪い意味で目立つ: 悪目立ち、人目を引く（悪い意味で）、目に付く。
中立的に目立つ: はっきりしている、明確、目を引く、人目に立つ、浮き上がる。

https://www.kpedia.jp/w/17743

「目立つ」の韓国語「눈에 띄다」を使った例文

・그는 잘 생겨서 많은 사람들 속에서도 단연 눈에 띈다.
彼はカッコよくて、人混みの中でもひときわ目立つ。

・학교에서는 눈에 띄지 않는 얘였거든요.
学校では目立たない子だったんですよ。

・잡지를 펼치자 스캔들 기사가 눈에 띄었습니다.
雑誌を開くとスキャンダルの記事が目につきました。

・그의 패션은 매우 독특해서 어디를 가든지 눈에 띈다.
彼のファッションはかなり独特なので、どこに行っても目立つ。

・망고 수입량이 눈에 띄게 증가하고 있다.
マンゴの輸入量が著しく伸びている。

・신인상 심사 위원을 맡고 있을 때 무명 작가의 문장이 눈에 띄었다.
新人賞の選考委員を務めたとき、無名の作家の文章が目に止まった。

・눈에 띄지 않는 작은 문제점을 하나 둘 개선해 나갔다.
目立たない小さな問題点を一つ、二つ改良していった。

・어렸을 때부터 눈에 띄는 외모로 어디를 가나 주목을 받았다.
幼い頃から人目を惹く外見で何処に行っても注目を浴びた。

・아이들의 성장은 눈에 띌 정도로 빠릅니다.
子供たちの成長は目立つほど早いです。

・그녀의 빨간 립스틱이 눈에 띄었습니다.
彼女の赤い口紅は目立っていました。

・그녀는 항상 눈에 띄는 복장을 한다.
彼女はいつも目立つ服装をする。

・연애인이라 그런지 역시 눈에 띄네요.
芸能人だからか、やはり目立ちますね。

・눈에 띄는 곳에 벽보를 붙였어요.
目に付く場所に貼り紙をしました。

・그 광고가 아주 눈에 띄는 디자인이에요.
その広告がとても目に付くデザインです。

・책상 위에 눈에 띄도록 책을 놓았어요.
机の上に目に付くように本を置きました。

・사람들 눈에 띄지 않는 장소를 골랐습니다.
人目につかない場所を選びました。

・남의 눈에 띄지 않는 시간대에 방문했어요.
人目につかない時間帯に訪問しました。

・남의 눈에 띄지 않는 곳에서 작업하고 있습니다.
人目につかないところで作業しています。

・그는 조용히 있으려 했지만 되려 눈에 띄었어요.
彼は目立たないようにしていたのに、むしろ目立ちました。

・그녀는 예뻐서 많은 유난히 눈에 띄었다.
彼女は美しく、ひときわ目立っていました。

・빨간 외관이 유난히 눈에 띄다.
赤い外観がひときわ目立つ。

・유난히 눈에 띄다.
ひときわ目立つ！

・오후가 되자 집중력이 눈에 띄게 감퇴했다.
午後になると集中力が目に見えて低下した。

・쓸쓸히 남겨진 의자 하나가 눈에 띄었다.
寂しく置かれた一脚の椅子が目に留まった。

・펄럭이는 현수막이 눈에 띄었어요.
はためく横断幕が目に留まりました。

・눈에 띄는 부분만 뽑아내서 보고했다.
目立つ部分だけを抜き出して報告した。

・건물의 돌출된 기둥이 눈에 띈다.﻿
建物の突出した柱が目立つ。﻿

・중소·영세 업체들의 폐업이 눈에 띄게 늘고 있다.
中小企業や零細企業等の廃業が目立って増えている。","[""import"",""japanese""]",2026-02-22 09:19:19.00148+00,e1848554-ffae-479c-a8cd-4c0d77b7bed2,2026-03-19 15:55:50.007522+00,0,0,0,2026-03-19 15:55:50.007522+00,0,null,null,null,false,null,null,null,null,true,e7adf48e-0ef6-4745-8ba3-2e3fc1ac1793,null,null,"{""tables"":{""1"":{""rows"":[],""columns"":[]}}}",null,[],null,null
dd0792fb-348c-45b9-9ef0-ee371f015f73,～さえ・～すら　N2,"https://youtu.be/KKg1pBk53j4?si=BqhXOAER8Couvi6k

同じ事務所の渡部さんですら努力しないといけないくらい僕の印象がない

https://nihongo.co.kr/%EF%BD%9E%E3%81%95%E3%81%88%E3%83%BB%EF%BD%9E%E3%81%99%E3%82%89/

あの二人は仲が良いのに電話番号すら知しらないらしい。
저 두사람은 사이가 좋은데 전화번호조차 모른다는 것 같다. 

山田さんは韓国に住んで10年も経つのに、挨拶すら韓国語でできないらしい。
야마다씨는 한국에 산지 10년이나 지났는데 인사조차 한국어로 못한다는 것 같다. 

君にすら解けない問題だなんて、どんなに難しい問題なんだ。
너조차 풀지 못하는 문제라니 얼마나 어려운 문제인 거야. 

こんな簡単な問題、小学生ですら解けるよ。
이런 간단한 문제 초등학생조차 풀 수 있어. 

夫は酔っぱらいすぎて、話すことすらまともにできなかった。
남편은 너무 취해서 말하는 것조차 제대로 하지 못했다. 

昨日は忙しすぎて、ごはんを食べることすらできませんでした。
어제는 너무 바빠서 밥을 먹는 것조차 못했습니다. 

今、のどが痛くて水さえも飲めない。
지금 목이 아파서 물도 못 마시겠다. 

あなたさえいれば私は他になにもいりません。
당신만 있으면 나는 다른 것은 무엇도 필요 없습니다. 

彼の両親でさえ彼の行方を知らなかった。
그의 부모님조차 그의 행방을 몰랐다. 

彼女は妊娠の事実を親にさえ知らせなかった。
그녀는 임신 사실을 부모님에게조차 알리지 못했다. 

今の私にはこんな簡単な仕事さえできません。
지금에 나는 이런 간단한 일조차 불가능합니다.

昨日は体調が悪くて歩くことさえできず、ずっと横になっていました。
어제는 몸상태가 나빠서 걷는 것도 못하고 계속 누워있었습니다.","[""import"",""japanese""]",2026-02-22 09:19:19.00148+00,e1848554-ffae-479c-a8cd-4c0d77b7bed2,2026-03-19 15:55:50.007522+00,0,0,0,2026-03-19 15:55:50.007522+00,0,null,null,null,false,null,null,null,null,true,2d6117b1-552f-4ed7-849f-b8dba27b3440,null,null,"{""tables"":{""1"":{""rows"":[],""columns"":[]}}}",null,[],null,null
ddcb510f-1967-47aa-9a28-453b9578f826,「ご機嫌（ごきげん）」,"Netflix　Talk Queens　03

「ご機嫌（ごきげん）」とは、「気分」「心の調子」を意味し、「ご機嫌よう」のように相手の健康や様子を気遣う挨拶として使われたり、「ご機嫌斜め（ななめ）」のように機嫌が良くない状態を表したりする言葉です。現代では、特に丁寧な場面や伝統的な学校などで「ご機嫌よう」といった形で使われることが多い、古風で格式のある表現です。 
意味と使い方
気分・心の調子: 「機嫌」に丁寧語の「ご」をつけた形で、人の感情や調子を指します。
挨拶として:
「ご機嫌よう（ごきげんよう）」: 「お元気ですか」「ご機嫌いかがですか」という意味で、出会った時や別れ際に使われる、かしこまった挨拶です。
主に格式高い場面や、特定の学校（白百合学園など）で使われます。
状態を表す:
「ご機嫌がいい」: とても気分が良い状態。
「ご機嫌斜め（ななめ）」: 機嫌が良くない、少し不機嫌な状態。
「機嫌」の別の意味: 物事を行うのに「ちょうど良い時」「時期」という意味もあります（例：「ご機嫌を伺う」）。 
「ご機嫌よう」のニュアンス
もともとは相手の健康や機嫌を祝う気持ちを込めた言葉で、上品な印象を与えます。
日常会話ではあまり使われませんが、フィクション（時代劇、お嬢様キャラなど）や、ごく一部の伝統的な場で聞かれることがあります。 

https://mazii.net/ko-KR/search/word/jako/%E5%BE%A1%E6%A9%9F%E5%AB%8C

◆ ‘機嫌(=기분; 심기(心氣))’의 높임말.

御機嫌斜め
심기가 편치 않음; 저기압

御機嫌を取る
기분을 맞추다

御機嫌伺いに行く
문후[문안 인사]를 드리러 가다

◆ 아주 기분이 좋은 모양.

うまくいって御機嫌な顔
일이 잘되어서 기분 좋은 얼굴

御機嫌になる
기분이 좋아지다

だいぶ御機嫌だ
어지간히 기분이 좋다

◆ 멋지다; 근사하다; (취향에 맞아) 기분 좋게 느껴지다.

御機嫌な曲
근사한 곡

痛快で御機嫌な映画
통쾌하고 시원한 영화","[""import"",""japanese""]",2026-02-22 09:19:19.00148+00,e1848554-ffae-479c-a8cd-4c0d77b7bed2,2026-03-19 15:55:50.007522+00,0,0,0,2026-03-19 15:55:50.007522+00,0,null,null,null,false,null,null,null,null,true,68799434-c794-475b-83a8-427e1e89f5e3,null,null,"{""tables"":{""1"":{""rows"":[],""columns"":[]}}}",null,[],null,null
e3e99a40-f89c-4199-bc7a-2fa8f89f0bb3,「訪れた（おとずれた）」,"https://youtu.be/RP7yT7INjAc?si=TLyHPr_nqrROsUUO

「訪れた（おとずれた）」は、ある場所や人を訪問した（行った）、あるいは季節や状況がやってきたことを表す言葉です。観光地へ行く場合や、「秋が訪れた」のように時節の到来を表現する際によく用いられます。類語として「訪ねた」「来訪した」「やって来た」などがあります。 
詳細な解説：
意味1：訪問する
ある目的を持って人や場所へ出かけること。「旧友を訪れた」「名所を訪れた」。
意味2：時節・状況の到来
季節や特定の状況がやってくること。「静寂が訪れた」「観光のハイシーズンが訪れた」。
類語と表現
訪ねた： 人に会いに行くニュアンスが強い。
訪れた： 観光地や場所へ行く、または季節の到来に使う。
類語： 訪問した、来訪した、赴いた、立ち寄った、やってきた。
謙譲表現：
「訪れる」を謙譲表現にする場合は「伺う」「お伺いする」が使われる。 
文脈に応じて、場所への物理的な移動か、概念的な到来かを見極めて使用されます。

https://www.kpedia.jp/w/10831

「訪ねてくる」の韓国語「찾아오다」を使った例文

・기념식에 올해는 특별한 손님들이 찾아왔다.
記念式に、今年は特別なゲストらが訪れた。

・행복이란 작은 것에 기뻐하고 감사하는 사람에게 찾아옵니다.
幸せとは小さなことにうれしく、感謝する人にやってきます。

・근데 왜 날 찾아온 거예요?
ところでどうして僕を訪ねてきたんですか？

・근데 무슨 일로 절 찾아오신 거예요?
ところでどのような用件で私を訪ねて来られたんでしょうか？

・지난 주에 친구가 찾아왔다.
先週、友人が訪ねてきました。

・이웃이 오늘 아침에 찾아왔다.
隣人が今朝、訪ねてきました。

・오늘은 많은 친구들이 찾아왔어요.
今日はたくさんの友人が訪ねてくれました。

・오늘 회사 동료가 찾아왔다.
会社の同僚が今日、訪ねてきました。

・휴일에는 친구들이 찾아오는 경우가 있다.
休日には、友達が訪ねてくることがあります。

・봄 방학이 되면 친척들이 많이 찾아온다.
春休みには、親戚が訪ねてくることが多いです。

・오랜만에 친구가 찾아왔다.
久しぶりに友人が訪ねてきました。

・이 식당은 알음알음 찾아오는 손님이 많아요.
このレストランは口コミで来るお客さんが多いです。

・언젠가 전쟁이 끝나고 평화가 찾아오겠지요.
いつか戦争が終わって、平和が訪れるでしょう。

・사과하려고 친히 찾아왔다고 한다.
謝ろうとわざわざ訪ねてきたそうだ。

・다짜고짜 찾아와서 미안해.
いきなり訪ねてきてごめんね。

・대부분의 실패는 스스로 한계라고 느끼고 포기했을 때 찾아온다.
大部分の失敗は自ら限界だと感じ、諦めたときに来る。

・하다 하다 집까지 찾아오네.
とうとう家まで来たよ。

・두 사람이 급진전할 운명의 순간이 찾아왔습니다.
ふたりが急進展する運命の瞬間が訪れました。

・초대박 행운이 찾아왔다.
超ラッキーな幸運がやってきた。

・몰래 찾아와 선처해 달라고 호소했다.
ひそかに訪ねて来て善処してくれと訴えた。

・아무리 시간이 걸려도 사필귀정은 반드시 찾아온다.
どんなに時間がかかっても、事必帰正は必ず訪れる。","[""import"",""japanese""]",2026-02-22 09:19:19.00148+00,e1848554-ffae-479c-a8cd-4c0d77b7bed2,2026-03-19 15:55:50.007522+00,0,0,0,2026-03-19 15:55:50.007522+00,0,null,null,null,false,null,null,null,null,true,8e7520fc-70b2-4cad-b5c5-ee44337971c2,null,null,"{""tables"":{""1"":{""rows"":[],""columns"":[]}}}",null,[],null,null
e4492813-893e-497a-acfd-90a72c208bd3,「粗めに（あらめに）」,"https://youtu.be/pv7ZxPPICq4?si=Z5u-mIpBCgHCwmER

「粗めに（あらめに）」とは、編み目、木目、粒子などが細かくなく、ざらざらした状態や目の粗い状態を指す表現です。一般的に、素材の表面や材料のカット、粉砕の度合いを示す際に用いられます。 
特徴と用法
素材・目: 布や網などが「荒目（あらめ）」の場合、隙間が大きいことを指す 荒目とは | 墓石に関する用語集。
研磨・面: サンドペーパーなどで「粗い面」や「ざらざらした面」を表現する 粗面 | 広辞典 | 情報・知識＆オピニオン imidas。
料理・加工: 食材を大きく切る、または粗く砕くことを指す（例：粗めに刻む）。 
料理においては、「粗めに刻む」「粗めに砕く」といった表現が使われ、食感や風味を残したい場合に適した加工方法です。","[""import"",""japanese""]",2026-02-22 09:19:19.00148+00,e1848554-ffae-479c-a8cd-4c0d77b7bed2,2026-03-19 15:55:50.007522+00,0,0,0,2026-03-19 15:55:50.007522+00,0,null,null,null,false,null,null,null,null,true,f0535d99-0f20-4574-beba-75117b241c18,null,null,"{""tables"":{""1"":{""rows"":[],""columns"":[]}}}",null,[],null,null
e8f923a9-7919-478b-bb30-845d551d6b96,「切り分け」,"https://youtu.be/dmKuEIvfpek?si=-N_pLiFJ3wwTLvms

「切り分け」とは、物事を役割や原因、要素ごとに明確に区別・分割することを指します。主にビジネスやITの分野で、業務分担やシステム障害の原因特定（障害切り分け）において、問題箇所を特定し効率的に解決するために用いられる重要な手法です。 
具体的な詳細は以下の通りです。
IT・システム: 障害発生時に「ネットワーク」か「端末」か「アプリ」か、といったように原因箇所を絞り込むこと。
ビジネス・業務: 業務範囲、担当、予算、工程などを明確に区別して割り当てること。
物理的な意味: 物を細かく切って分けること。
思考法: 複雑な問題を多角的に捉え、要素ごとに整理して考えること。 
このプロセスにより、問題解決までの遠回りを防ぎ、効率化を図ることができます。","[""import"",""japanese""]",2026-02-22 09:19:19.00148+00,e1848554-ffae-479c-a8cd-4c0d77b7bed2,2026-03-19 15:55:50.007522+00,0,0,0,2026-03-19 15:55:50.007522+00,0,null,null,null,false,null,null,null,null,true,956729e8-555e-4ba7-a272-b8b48535f70b,null,null,"{""tables"":{""1"":{""rows"":[],""columns"":[]}}}",null,[],null,null
eabfd2b3-4dce-4386-a3b4-f63bac326505,「媚びて（こびて）」,"https://youtu.be/vuCYWu86FOg?si=z--3k__gGKdxaXcX

「媚びて（こびて）」は、気に入られようとして相手の機嫌を取る、または擦り寄る態度を指します。評価や出世、気を引くことを目的に、お世辞や卑屈な振る舞い（ヘコヘコする、ペコペコする）を指す言葉です。類語には「媚びへつらって」「おもねって」「ご機嫌取り」などがあり、否定的なニュアンスが強いです。 
主なニュアンスと類語
態度: 卑屈に、尻尾を振って、揉み手をして、身をすり寄せて
行動: おべっかを使う、お世辞を言う、ご機嫌取り
目的: 出世、評価を得る、気に入られる、気を引く 
具体的な表現
媚びて（こびて） / 媚びた態度で
媚びへつらって
媚を売る","[""import"",""japanese""]",2026-02-22 09:19:19.00148+00,e1848554-ffae-479c-a8cd-4c0d77b7bed2,2026-03-19 15:55:50.007522+00,0,0,0,2026-03-19 15:55:50.007522+00,0,null,null,null,false,null,null,null,null,true,19f3d0cc-50f5-4407-8236-aa563ce0f9c1,null,null,"{""tables"":{""1"":{""rows"":[],""columns"":[]}}}",null,[],null,null
ed6a0e6b-88be-47a8-9fa3-933f6d8dc188,「気取り」,"「気取り」とは、必要以上に体裁を飾ったり、実際よりも偉そうに見せたりする、もったいぶった振る舞いのこと ウィクショナリー。すかした態度や見栄を張る様子を指し、否定的なニュアンスで使われることが多い。名詞としては、気性や心構え、様子という意味も持つ コトバンク。 
主な意味と使い方
すかした態度・見栄: 実際以上によく見せようとする様子。「気取り屋」「気取った店」など Weblio類語辞典。
～気取り: 名詞の下について、その人物らしく振る舞っている（が、そうではない）様子を表す。「芸術家気取り」「先輩気取り」 コトバンク。 
類語・関連語
見栄、虚栄心、飾り気 Weblio類語辞典。
お高くとまる、すかす、もったいぶる。

◆ 젠체함.

気取り屋
젠체하는 사람

変な気取りがない
별다르게 젠체하는 데가 없다

気取りが少しもない
거드름 피우는 데가 조금도 없다

◆ (짐짓) …체함[연함]; 자처(自處)함.

芸術家[学者]気取り

예술가[학자]연함
◆ 기질; 마음씨; 성격.
◆ 취향; 궁리.
◆ 상태; 느낌.","[""import"",""japanese""]",2026-02-22 09:19:19.00148+00,e1848554-ffae-479c-a8cd-4c0d77b7bed2,2026-03-19 15:55:50.007522+00,0,0,0,2026-03-19 15:55:50.007522+00,0,null,null,null,false,null,null,null,null,true,71a1db1c-648c-4e88-b870-6474465a4c00,null,null,"{""tables"":{""1"":{""rows"":[],""columns"":[]}}}",null,[],null,null
f006dc6a-95db-4aff-9bbd-2de40bffec36,素人（しろうと）,"https://mazii.net/ko-KR/search/word/jako/%E7%B4%A0%E4%BA%BA

◆ (어떤 일에) 경험이 없는 미숙한 사람; 비전문가; 생무지; 초심자; 풋내기; 생수; 문외한.

素人には分からない
초심자에게는 이해가 안 간다

この方面ではずぶの素人です
이 방면에 대해서는 생초보입니다

素人離れした腕
초심자답지 않은 솜씨

◆ (직업으로서가 아니라) 취미 삼아 하는 사람; 아마추어.

素人劇
아마추어 연극

素人のど自慢
아마추어 노래자랑

素人芸
아마추어의 기예

◆ 일반 가정의 여자; 여염집 여자.

素人下宿
(직업적이 아닌) 여염집 하숙","[""import"",""japanese""]",2026-02-22 09:19:19.00148+00,e1848554-ffae-479c-a8cd-4c0d77b7bed2,2026-03-19 15:55:50.007522+00,0,0,0,2026-03-19 15:55:50.007522+00,0,null,null,null,false,null,null,null,null,true,51e92a92-e7aa-44b3-9f4d-a3fae8db939d,null,null,"{""tables"":{""1"":{""rows"":[],""columns"":[]}}}",null,[],null,null
f0ceb56f-9689-4409-a702-7112f033b751,「いたずら（悪戯）」,"「いたずら（悪戯）」は、笑って許せる程度の悪ふざけ（英語ではprank）や、他人を不快にさせる嫌がらせ、または子供の無邪気な遊び心などを指す行為です。古語の「徒（いたづら）なり（無駄、役に立たない）」が語源であり、現代では主に「度を越した悪ふざけ」を指すことが多い。 
いたずらの要素
目的・性質: 相手を驚かせる、笑わせる、少し困らせる。
類語: 悪ふざけ、おイタ、ドッキリ、ちょっかい。
英語表現: Play a prank on someone。 
語源と変遷
徒（いたづら）: 無駄、役に立たない、暇なこと。
意味の転換: 無駄なことで遊ぶ（=悪戯）という意味から、現代の「悪ふざけ」の意へ。
現代: 「悪戯（いたずら）」と表記され、悪意の有無に関わらず、ふざけて悪いことをする意味で使用される。

https://www.kpedia.jp/w/6689

「いたずら」の韓国語「장난」を使った例文

・지금 장난칠 때가 아니라고요.
今、 ふざけてる場合じゃないんですよ。

・장난은 들키고 말았다.
イタズラがばれてしまった。

・장난이지?
嘘だろ？

・장난이에요.
冗談です。

・혼인신고가 애들 장난이야?
婚姻届けは、遊びじゃないのよ！

・결혼이 애들 장난이야？
結婚を遊びだと思ってるの？

・아이들이 장난을 심하게 해서 성났다.
子どもたちがひどいいたずらをして腹が立った。

・고약한 장난으로 친구를 놀렸다.
たちの悪い冗談で友達をからかった。

・그의 장난은 정말 고약하다.
彼のいたずらは本当にたちが悪い。

・아이들이 엉거주춤 앉아 장난을 치고 있다.
子どもたちがもたつきながら座って遊んでいる。

・고양이가 이쪽저쪽 뛰어다니며 장난쳤다.
猫があっちこっち飛び回って遊んでいた。

・아이들이 발칙하게 장난을 쳤다.
子どもたちがずうずうしくいたずらをした。

・우리는 서로를 뚱뚱이라고 부르며 장난을 쳤다.
私たちはお互いをぽっちゃりと呼んで冗談を言い合った。

・그는 키득키득 웃으며 장난을 계속했다.
彼はくすくす笑いながらいたずらを続けた。

・친구들끼리 키득키득 장난을 쳤다.
友達同士でくすくすといたずらをした。

・겁없이 친구에게 장난을 쳤다.
恐れずに友達にいたずらをした。","[""import"",""japanese""]",2026-02-22 09:19:19.00148+00,e1848554-ffae-479c-a8cd-4c0d77b7bed2,2026-03-19 15:55:50.007522+00,0,0,0,2026-03-19 15:55:50.007522+00,0,null,null,null,false,null,null,null,null,true,0e2fbfbd-6036-43e5-b748-9a26dd922dd0,null,null,"{""tables"":{""1"":{""rows"":[],""columns"":[]}}}",null,[],null,null
f85c44d9-88d9-4511-a7cd-38a5498315d1,「古い（ふるい）」,"「古い（ふるい）」は、長い年月が経っていること（例：古い建物、古い話）、時代遅れであること（例：古い考え方）、または新鮮でないこと（例：古い食べ物）を表す日本語の形容詞で、対義語は「新しい」です。具体的な使い方としては「古い制度」「古くからの顔ぶれ」「感覚が古い」「古いりんご」などがあります。 
主な意味
時間的経過: 多くの年月が過ぎている状態。「古いアルバム」「古い歌」。
時代遅れ・旧式: 今の時代に合わない、古風な様子。「古いデザイン」「古い習慣」。
鮮度がない: 食べ物などが新鮮さを失っていること。「古いパン」。 
関連語・類語
古びた、古めかしい、老朽化した: 物理的に古くなった様子。
時代遅れ、古臭い、旧式: 流行や感覚が古いこと。
古典的、アンティーク、ヴィンテージ: 趣がある、価値のある古いもの。 

https://mazii.net/ko-KR/search/word/jako/%E3%81%B5%E3%82%8B%E3%81%84

◆ 오래되다; 오래다.

古い友人
오래된 친구

古い家柄
오랜 가문

古い法律
오래된 법률

◆ 헐다; 오래 사용하여 낡다.

古い机
헌 책상

古い皮袋に新しい酒を盛る
헌 부대에 새 술을 담다(새로운 내용을 낡은 형식으로 표현함의 비유)

◆ 옛일이다.

古い時代
옛 시대

彼と知り合ったのも古い話だ
그와 알게 된 것도 옛이야기다

◆ 신식이 아니다; (생각 등이) 낡다.

古い型の洋服
구형[구식] 양복

古い洒落[話]
케케묵은 익살[이야기]

頭が古い
구식이다; 완고하다

◆ (음식 등이) 신선하지 않다.

古い牛乳
신선하지 않은 우유

◆ 연공(年功)이 쌓이다; 노련하다.","[""import"",""japanese""]",2026-02-22 09:19:19.00148+00,e1848554-ffae-479c-a8cd-4c0d77b7bed2,2026-03-19 15:55:50.007522+00,0,0,0,2026-03-19 15:55:50.007522+00,0,null,null,null,false,null,null,null,null,true,acd61de9-39d9-407a-b7db-1e2172dd4d78,null,null,"{""tables"":{""1"":{""rows"":[],""columns"":[]}}}",null,[],null,null
f9d27868-861d-4710-a235-0709aa04b2ad,潤う와 湿る와 濡れる의 뉘앙스 차이,"https://blog.naver.com/jlpt_jpt_eju/223066645705

１．潤う（うるおう）
  ㉠축축해지다,눅눅해지다
  ㉡넉넉해지다,윤택해지다,혜택을받다

「적당한 수분을 띄는 것으로 플러스 요인으로 사용」

例）この化粧水を使うと肌が潤う。
이 화장수를 사용하면 피부가 촉촉해진다

例）雨で潤い。
비로 촉촉해지다

例）生活が潤う。
생활이 넉넉해지다(윤택해지다)

例）新しい駅が出来て商店が潤う。
새로운 역이 생겨서 상점이 혜택을 받다

2. 湿る（しめる）：축축해지다,눅눅해지다

「수분이나 습기를 조금 머금안 상태」

例）湿っている洗濯物。
눅눅한(축축한) 빨래

夜露で湿った地面。
밤이슬로 축축한 지면

湿った空気。
습한 공기

3. 濡れる（ぬれる）：젖다

「물 등이 튀거나 튄 물이 스며들어 수분을 띠눈 상태 수분을 머금은 정도가 湿る보다 큼」

例）雨に濡れる。
비에 젖다

例）汗でシャツがびっしょり濡れる。
땀으로 셔츠가 흠뻑 젖었다

例）涙に濡れた目。
눈물로 젖은 눈","[""import"",""japanese""]",2026-02-22 09:19:19.00148+00,e1848554-ffae-479c-a8cd-4c0d77b7bed2,2026-03-19 15:55:50.007522+00,0,0,0,2026-03-19 15:55:50.007522+00,0,null,null,null,false,null,null,null,null,true,4a39604a-5c36-4933-bda3-2e3f5f224e23,null,null,"{""tables"":{""1"":{""rows"":[],""columns"":[]}}}",null,[],null,null
fd70e1e0-5519-405f-bcd0-e1571655627c,「白々（しらじら）」,"「白々（しらじら）」は、平気でとぼけたり、見え透いた嘘をついたりする様子、または関心がない・興ざめするような冷めた様子を表す言葉で、「白々しい」という形容動詞の連用形としても使われ、「白々しい言い訳」「白々しい態度」のように使われます。 
主な意味と使い方
とぼける・しらばっくれる: 嘘やごまかしが明らかで、誠実さに欠ける様子。
例：「彼は失敗を白々と言い逃れた」
関心が薄い・冷めている: 物事に対して興味や情が感じられず、冷淡な様子。
例：「白々とした目で彼を見つめた」
興ざめする: 面白みや感動がなくなり、がっかりした気分になる様子。 
関連語
白々しい（しろじろしい）: 上記の状態を表す形容動詞。
明々白々（めいめいはくはく）: 「白々」とは異なり、「非常に明らかで疑う余地がない」ことの強調表現。 
例文
「そんな白々な言い訳、誰も信じないよ。」（とぼけている様子）
「彼女の白々とした態度に、気分が冷めてしまった。」（関心がなく、興ざめする様子）

https://mazii.net/ko-KR/search/word/jako/%E7%99%BD%E7%99%BD%E3%81%97%E3%81%84

◆ 속이 빤히 들여다보이다.

白白しいお世辞を言う
속 보이는 (입)발림말을 하다

白白しい嘘をつく
빤한 거짓말을 하다

◆ 알면서 모르는 체하다; 시치미 떼다; 천연덕스럽다.

白白しい顔
천연덕스러운 얼굴

白白しい態度で押し通す
시치미 떼는 태도로 일관하다

知らないなどと白白しいことがよく言えるな
모른다는 둥 천연덕스럽게 잘도 말하는구나

◆ (흥 등이) 깨지다; 가시다; 입맛 떨어지다.

白白しいことを言うな
김새는 소리 하지 마!

白白しい空気が流れる
흥을 깨는[서먹한] 분위기가 감돌다

◆ 하얗게 보이다.

https://www.kpedia.jp/w/46061

「白々しい」の韓国語「뻔하다」を使った例文

・안 봐도 뻔하다.
見なくてもわかる。

・뻔한 이야기예요.
わかりきった話です。

・뻔한 거 아니야.
目に見えてるじゃないか。

・뻔하지요.
言わずと知れている。

・뻔하네요.
ベタですね。

・안 봐도 뻔해요.
見なくてもみえみえです。

・솔직히 남녀 사이 뻔한 거 아니야?
正直、男女の仲は知れたことじゃない？

・저 드라마 결말은 안 봐도 뻔해.
あのドラマの結末は見なくても分かるに決まってるよね。

・뻔한 질문처럼 들릴지 모르겠지만, 주말에는 주로 뭘 하시나요?
分かりきった質問のように聞こえるかもしれませんが、週末には主に何をされますか？

・내용이 뻔해서 안 봐도 알 거 같아.
内容がみえみえで、見なくても分かりそう。

・뻔한 월급을 쪼개 여행 계획을 세워보았습니다.
分かりきった給料を振り分けて旅行の計画を立ててみました。

・새빨간 거짓말인 게 뻔하다.
うそ八百に決まっていた。

・그의 뻔뻔한 태도에 속이 부글부글 끓었다.
彼の図々しい態度に怒りがふつふつと湧いた。

・그가 수중에 넣을 뻔한 기회를 다른 사람이 빼앗아 갔다.
彼の手に入るはずだったチャンスを、他の人が奪っていった。

・입벌구가 오늘도 또 뻔한 거짓말을 늘어놨어.
あの嘘つきが今日もまたお決まりの嘘を並べたよ。

・입벌구가 오늘도 또 뻔한 거짓말을 늘어놨어.
あの嘘つきが今日もまたお決まりの嘘を並べたよ。

・그는 양심도 죄의식도 없는 뻔뻔한 소시오패스다.
彼は良心も罪の意識もない厚かましいソシオパスだ。

・그는 뻔뻔한 태도로 다른 사람의 식사에 손을 댑니다.
彼は図々しい態度で、他人の食事に手を出します。

・그는 뻔뻔한 성격으로 항상 남의 소지품을 빌리려고 합니다.
彼は図々しい性格で、いつも他人の持ち物を借りようとします。

・그는 뻔뻔한 태도로 항상 자신의 형편을 우선시합니다.
彼は図々しい態度で、いつも自分の都合を優先します。

・그는 뻔뻔한 요구를 해도 상대방을 신경 쓰지 않는다.
彼は厚かましい要求をしても相手を気にしない。","[""import"",""japanese""]",2026-02-22 09:19:19.00148+00,e1848554-ffae-479c-a8cd-4c0d77b7bed2,2026-03-19 15:55:50.007522+00,0,0,0,2026-03-19 15:55:50.007522+00,0,null,null,null,false,null,null,null,null,true,7ccb595d-db20-49d6-b0cb-60ffbcb09e3b,null,null,"{""tables"":{""1"":{""rows"":[],""columns"":[]}}}",null,[],null,null
011405c7-4054-4338-b0f6-1ecb71713e2b,アイアンとスチールの違いとは、それぞれの特徴や建築での利用方法を紹介,"https://renovefudosan.com/articles/howto/6048/

アイアンとスチールの違い

アイアンの英語表記は「iron」ですが、日本では鉄と訳されます。一方で、スチールの英語表記は「steel」で、日本では鋼や鋼鉄と訳されます。そのため、アイアンとスチールの違いは、アイアンが鉄でスチールが鋼と説明できるでしょう。


鉄と鋼の違い

鉄は鉄鉱石と呼ばれる岩石から作られています。ただし、鉄鉱石には鉄だけでなく他の成分も混じっているので、石灰やコークスと呼ばれる石炭を原料とした燃料を使って取り出しているのです。

一方で、鋼は鉄を主成分とした合金です。鉄と同じように鉄鉱石から作られますが、一酸化炭素を使って炭素を合成しているのです。

そのため、鉄に含まれている炭素の量は0.02%未満であるのに対し、鋼は0.02～2%ほどの炭素を含んでいます。なお、炭素の割合が増えると硬度はアップしますが折れやすくなるという問題が生じます。

また、炭素の割合を減らすと柔軟性がアップしますが曲がりやすいという問題が発生するのです。そのため、鋼の炭素量は2%以内に抑えています。

アイアンの特徴と建築での利用方法

ここでは、アイアンの特徴や建築での利用方法を紹介します。新築やリフォームで使用する材料をチェックするときの参考にしてください。


純度の高いアイアンを使用する機会は少ない

建築の中には「鉄筋コンクリート造」や「鉄骨造」といった造りがありますが、建築ではアイアンを目にする機会は少ないでしょう。つまり、建築で「鉄」と記載しているときは「鋼」を使用しているのです。

建築でアイアンを使うことが少ない理由は、もろさにあります。純度100%の鉄は酸化しやすく、非常にもろく作られているので加工が困難です。そのため、建築において純度の高いアイアンの使用は使う機会は少ないでしょう。

なお、アイアンやスチールを触ったときに「鉄のニオイがする」と感じる方もいますが、アイアンやスチールにはそれ自体にニオイはありません。アイアンやスチールは人間の皮脂に触れると酸化する特徴があり、酸化したときのニオイが「鉄のニオイ」と感じるのです。ここでは、アイアンの特徴や建築での利用方法を紹介します。新築やリフォームで使用する材料をチェックするときの参考にしてください。


純度の高いアイアンを使用する機会は少ない

建築の中には「鉄筋コンクリート造」や「鉄骨造」といった造りがありますが、建築ではアイアンを目にする機会は少ないでしょう。つまり、建築で「鉄」と記載しているときは「鋼」を使用しているのです。

建築でアイアンを使うことが少ない理由は、もろさにあります。純度100%の鉄は酸化しやすく、非常にもろく作られているので加工が困難です。そのため、建築において純度の高いアイアンの使用は使う機会は少ないでしょう。

なお、アイアンやスチールを触ったときに「鉄のニオイがする」と感じる方もいますが、アイアンやスチールにはそれ自体にニオイはありません。アイアンやスチールは人間の皮脂に触れると酸化する特徴があり、酸化したときのニオイが「鉄のニオイ」と感じるのです。

スチールの特徴と建築での利用方法

次に、スチールの特徴や建築での利用方法を紹介します。


炭素の割合で性質が異なる

スチールには炭素が含まれていますが、含有量の違いによって性質が異なります。スチールに含まれる炭素の割合が高くなると、スチールは硬くなります。

一方で、スチールに含まれる炭素の割合が低くなると、スチールは粘り強さが出るのです。スチールについては、固さと粘り強さを同時に高くすることはできません。そのため、用途に応じて硬さを選ぶことが大切です。


少ない材料で大きな建物を作ることができる

スチールのメリットは、他の金属に比べて重さに対する強度が大きいことです。少ない材料でも高い強度を維持できるので、家の建築をはじめ、高層ビル、橋、工場などの大きな建物の建設にも向いています。また、古い建物を解体する際にもスチールは再利用が可能なので、解体費用が安くなるというメリットもあるのです。

一方で、スチールには熱に弱いというデメリットがあります。高温になると強度が失われるので、建築で使用する際には耐火被覆が必要です。具体的には、耐火材や耐火板などをスチールに吹き付けたり巻き付けたりします。そのため、スチールを用いるときには耐火被覆を施しているのかのチェックをしましょう。

また、スチールは断熱性が低いので、外壁や天井には断熱材を使う必要があるでしょう。外壁にスチールを用いるときには、暑さや寒さの対策を施す必要があります。

加えて、スチールはサビやすいというデメリットがあります。そのため、外気に触れる部分にスチールを取り付けるときには、塗装などの防錆処理が必要になるでしょう。","[""import"",""japanese""]",2026-02-22 09:19:19.328049+00,e1848554-ffae-479c-a8cd-4c0d77b7bed2,2026-03-19 15:55:50.007522+00,0,0,0,2026-03-19 15:55:50.007522+00,0,null,null,null,false,null,null,null,null,true,a8980f57-52e9-46ae-9073-d7aaaf95fc51,null,null,"{""tables"":{""1"":{""rows"":[],""columns"":[]}}}",null,[],null,null
0769dca1-c935-45e7-92fc-4f186d116eb6,スチール,"スチール、スティール（英語: steal, steel, Steele etc.）","[""import"",""japanese""]",2026-02-22 09:19:19.328049+00,e1848554-ffae-479c-a8cd-4c0d77b7bed2,2026-03-19 15:55:50.007522+00,0,0,0,2026-03-19 15:55:50.007522+00,0,null,null,null,false,null,null,null,null,true,d13447eb-19b5-45c9-bd64-4d4a0a8bc4b5,null,null,"{""tables"":{""1"":{""rows"":[],""columns"":[]}}}",null,[],null,null
0b80d78f-432d-4592-a73a-ad754a3097ac,お守り（おまもり）,"https://youtu.be/uN5Eh0hJmrg?si=usrwXx7f74504c2p

お守り（おまもり）は、神社やお寺で授かる縁起物で、厄除けや開運、特定の願い（安産、合格など）の成就を願って身につけたり持ち歩いたりする小さな袋や札のことです。常に肌身離さず持ち歩くのが良いとされ、カバンの中や首から下げるのが一般的で、1年を目安に神社やお寺に返納し、感謝を伝えてお焚き上げ（焼納）してもらうのが習わしです。 
お守りの種類と意味
厄除け・開運: 災難を防ぎ、幸運を呼び込む。
合格祈願: 学業成就や試験の合格を願う。
安産祈願: 妊娠中の女性が安全に出産できるよう願う。
交通安全: 事故に遭わないよう願う。
病気平癒: 病気の回復や健康を願う。
心願成就: 個人の様々な願いが叶うように願う。 
持ち方・使い方
基本: 常に持ち歩く、肌身離さず持つ。
効果的な持ち方: 心臓に近い位置（首から下げる、内ポケットに入れる）。
場所: 車の鍵につける、カバンに入れるなど、状況に合わせて。
注意点: 汚れる場所（トイレ、浴室など）や、足を向ける場所（寝室の足元）は避けるのが望ましい。 
返納（処分）について
時期: 1年を目安に、願いが叶った時、または古くなった時。
方法: 授かった神社やお寺に返納する（「お焚き上げ」に出す）。
重要性: 神聖なものなので、粗末に扱わず感謝して手放す。 
補足
有効期限: 1年経つと効力が弱まるとされるが、特に問題なければ長く大切にしても良いという考え方もある。
現代: 現代ではデザインも多様化し、ファッションの一部として取り入れる人も増えている。

https://ja.wikipedia.org/wiki/%E3%81%8A%E5%AE%88%E3%82%8A

お守り（おまもり、御守り、御守）とは、厄除け（魔除け）、招福（開運、幸運）、加護などの人の願いを象った物品（縁起物）である。護符、御符、護苻、御苻とも呼ばれる。
外来語で言うとアミュレット、タリスマン（英語版）、チャーム、テフィリン、フェティッシュなど。
外来語のアミュレット、チャーム、タリスマン等には明確な定義の違いがあるが、小野祖教氏によれば神道において御札、お守り、護符等の言葉の定義に違いはなくどれを使っても問題はないという。

日本の神社や寺院で配布されるお守りやお札は鎌倉時代から存在するが、これらは道教の符録を日本化して利用したのが始まりであるという説もある。
日本のお守り自体は寺社で授かったお札を持ち歩くものであった。平安時代には貴族の女性が中に小さな仏像や経文を入れた懸守（かけまもり）を外出時に首に懸けるようになっていた。
江戸時代に入ると首から下げるという大仰な形はしだいにすたれて、代わりに護符を通常腰さげや腕守という形で庶民にも広まった。
日本で護符や呪符と呼ばれるものが作られ始めたのは奈良、平安時代以前であり、古代中国で用いられた魔除けを目的とした図像が日本の古墳の石室の壁から見つかる他、奈良文化財団研究所が発掘している平城京跡の木簡から道教の護符と似たものが発見されているまた神道では、陰陽道や寺院が護符を作り始めたのに習い、御札をつくるようになったという。","[""import"",""japanese""]",2026-02-22 09:19:19.328049+00,e1848554-ffae-479c-a8cd-4c0d77b7bed2,2026-03-19 15:55:50.007522+00,0,0,0,2026-03-19 15:55:50.007522+00,0,null,null,null,false,null,null,null,null,true,35bc12b2-2e7a-4fcc-a504-4ced62c67999,null,null,"{""tables"":{""1"":{""rows"":[],""columns"":[]}}}",null,[],null,null
0cd472dd-88e9-40bf-bd06-bddcca7a05f9,「図る（はかる）」,"https://youtu.be/dHVuhGxpixo?si=5arPxaywud8tItbZ

「図る（はかる）」とは、ある目的を達成するために計画を立て、工夫し、実現させようと試みるという意味で、ビジネスや日常で広く使われる言葉です。「効率化を図る」「再起を図る」のように、単なる願望ではなく、具体的な手段を講じるニュアンスがあります。 
主な意味と使い方
計画・工夫する: ある目標（解決、改善、成功など）に向けて、手段や方法を考え、実行する。
例：「業務の改善を図る」「円滑な運営を図る」
試みる・企てる: 何らかの行動を起こして、目的の実現を目指す。
例：「成功を図る」「危機を脱する策を図る」
配慮・便宜を供する: 他人のために、便宜を図る（便宜を図る、世話を焼くような場合）。
例：「お客様の便宜を図る」 
類語との違い（「はかる」の他の漢字）
計る（はかる）: 時間や数量を数える、計算する（時間を計る、株価を計る）。
測る（はかる）: 長さ、深さ、温度などを調べる（身長を測る、水温を測る）。
量る（はかる）: 重さや体積を調べる（体重を量る、米を量る）。
謀る（はかる）: 悪いことを企む、画策する（大臣の失脚を謀る、会社の乗っ取りを謀る）。 
「図る」は、目的達成への積極的な意志と戦略的なアプローチを示す、ポジティブで前向きな表現として使われます。

◆ 생각하다.

図らずも
뜻하지 않게

あに図らんや
어찌 생각이나 했으랴

◆ 목적하다; 노리다.

再起を図る選手
재기를 노리는 선수

利益を図る
이익을 노리다

◆ 계획하다; 꾀하다; 도모하다.

独立を図る
독립을 꾀하다

便宜を図る
편의를 도모하다

完璧な証拠隠滅を図った
완벽한 증거 인멸을 꾀했다

https://mazii.net/ko-KR/search/word/jako/%E3%81%AF%E3%81%8B%E3%82%8B","[""import"",""japanese""]",2026-02-22 09:19:19.328049+00,e1848554-ffae-479c-a8cd-4c0d77b7bed2,2026-03-19 15:55:50.007522+00,0,0,0,2026-03-19 15:55:50.007522+00,0,null,null,null,false,null,null,null,null,true,73e0f335-18a5-424b-8666-8fc59e45d533,null,null,"{""tables"":{""1"":{""rows"":[],""columns"":[]}}}",null,[],null,null
0efe6f12-b42c-4b6e-b348-20cc61628d22,「仕切り」,"https://youtu.be/TdxDl8SGIHs?si=htZa_Wz6xFu78XVf

「仕切り」とは、空間を区切るもの（パーテーション、壁など）や、物事を分ける境界、相撲の土俵での構え、そして流通業界でメーカーから卸への販売価格（仕切り価格）を指す言葉です。文脈によって意味が大きく異なるため、何のための仕切りかによって解釈が変わります。 
主な意味
物理的な仕切り（間仕切り）: 部屋を分ける壁やパーテーション、収納の棚板など、空間を隔てるもの全般を指します。
心理的な区切り: 領域を意識させるための床の色分けなど、物理的でなくても区別をつけることを指す場合もあります。
相撲の仕切り: 土俵で力士が立ち合いの準備として行う、土俵中央の線（仕切り線）を挟んで構える動作のことです。
流通・ビジネス用語（仕切り価格）: メーカーが卸業者に商品を販売する際の価格（下代、ネット価格とも呼ばれる）を指します。 
関連する言葉
間仕切り: 部屋や空間を仕切るもの。
仕切り板: コンテナや棚などで仕切りを作るための板。
敷居が高い: 物理的な仕切りではなく、「気まずい」などの意味で使われる「敷居」とは別の言葉です。

https://ja.wikipedia.org/wiki/%E4%BB%95%E5%88%87%E3%82%8A

仕切り（しきり）

間仕切り - パーティション (用品)・障子・襖・衝立・屏風などを参照。
相撲における仕切り - 立合いを参照。","[""import"",""japanese""]",2026-02-22 09:19:19.328049+00,e1848554-ffae-479c-a8cd-4c0d77b7bed2,2026-03-19 15:55:50.007522+00,0,0,0,2026-03-19 15:55:50.007522+00,0,null,null,null,false,null,null,null,null,true,1cd0a303-5709-456b-87cf-d73d876969dc,null,null,"{""tables"":{""1"":{""rows"":[],""columns"":[]}}}",null,[],null,null
0f4e7ba2-fe5d-454d-8722-832b97320b62,「アイアン」,"「アイアン」は主に鉄そのものや、鉄で作られたゴルフクラブ、さらには家具や建材に使われる素材を指し、ゴルフでは番手ごとに距離を打ち分けるクラブで、初心者にはミスに強いキャビティバックや中空型が推奨されますが、インテリアではロートアイアン（鍛鉄）が使われることもあります。 
ゴルフにおけるアイアン
役割: 100～200ヤード前後の距離を打ち分け、主にグリーンを狙う際に使用するクラブです。
種類（ヘッド形状）:
キャビティバック: 初心者向け。ミスに強く、ボールが上がりやすい。
マッスルバック: 上級者向け。操作性が高いが難易度が高い。
中空: 内部が空洞で、ボールが上がりやすくミスにも強い。
番手: 5番からピッチングウェッジ（PW）までが一般的で、数字が小さいほど飛距離が伸び、大きいほど短くなります。 
素材としてのアイアン（鉄）
特徴: 丈夫で加工しやすく、インテリアやエクステリア（家具、手すり、表札など）で広く使われます。
ロートアイアン: 鉄鉱石に炭素を加えて加熱・加工した「鍛鉄」で、強度と美しいデザイン性が特徴です。 
その他の「アイアン」
ミラーマン: 円谷プロ制作の特撮作品に登場する架空の怪獣。
グローブ・オブ・デス: 金属球の中をバイクで走行する曲芸の日本語名。 
どちらの意味で使われたかによって意味が変わります。
ゴルフ用品を探しているなら: アイアンセット、キャビティアイアン、初心者向けアイアンなどで検索すると良いでしょう。
インテリア用品を探しているなら: アイアン家具、ロートアイアン、アイアン雑貨などで検索すると見つかります。","[""import"",""japanese""]",2026-02-22 09:19:19.328049+00,e1848554-ffae-479c-a8cd-4c0d77b7bed2,2026-03-19 15:55:50.007522+00,0,0,0,2026-03-19 15:55:50.007522+00,0,null,null,null,false,null,null,null,null,true,aa701b9e-544b-482c-b9fa-4b71ac657cc4,null,null,"{""tables"":{""1"":{""rows"":[],""columns"":[]}}}",null,[],null,null
131d0b61-0ace-4bcc-90a6-41723720b9e9,家賃（やちん）,"家賃（やちん）とは、賃貸物件（アパート・マンションなど）を借りる人が貸主に毎月支払う使用料のことで、収入の25～30%が目安とされ、手取り額で計算することが推奨されますが、地域や物件によって相場は大きく異なり、最近の東京では上昇傾向にあります。 
家賃の目安と計算方法
収入の30%が目安: 一般的に、手取り月収の30%以下が無理のない範囲とされます。
貯蓄を重視するなら: さらに貯蓄をしたい場合は、手取りの25%以下に抑えると良いでしょう。
例: 手取り20万円なら5～6万円、手取り25万円なら6.25万～7.5万円が目安です。 
家賃相場と地域差
全国平均: 2024年調査では全国平均が月額53,135円ですが、地域によって大きく異なります。
東京の現状: 東京23区では家賃が高騰しており、過去最高値を更新しています。 
家賃を抑えるポイント
手取り額で考える: 額面ではなく、税金や社会保険料が引かれた後の手取り額で考えることが重要です。
エリアを広げる: 都心部から少し離れたり、家賃が比較的安価なエリアを選ぶと、良い物件が見つかりやすくなります。 
家賃以外の費用
家賃の他に、管理費・共益費、敷金・礼金、仲介手数料、火災保険料、更新料などがかかることも考慮しましょう。 
家賃についてさらに詳しく知りたい場合は、SUUMO (スーモ)やhomes (ホームズ)などの不動産情報サイトで、お住まいの地域の相場を調べてみてください。

https://ja.wikipedia.org/wiki/%E5%AE%B6%E8%B3%83

家賃（やちん）は、賃貸住宅を始めとする賃貸物件の賃貸借契約に基づく物件の使用における対価のこと。借用者が物件の所持者（管理者）に対して支払うものを指し、通常は通貨で支払われる。

なお、住宅以外の建物の賃料は、単に賃料と呼ばれることが多い。","[""import"",""japanese""]",2026-02-22 09:19:19.328049+00,e1848554-ffae-479c-a8cd-4c0d77b7bed2,2026-03-19 15:55:50.007522+00,0,0,0,2026-03-19 15:55:50.007522+00,0,null,null,null,false,null,null,null,null,true,8fdf3658-8235-4802-84e6-89625c2171bd,null,null,"{""tables"":{""1"":{""rows"":[],""columns"":[]}}}",null,[],null,null
13d65a2a-fec1-4c90-a7e7-9efa5102f0d2,「受け入れ（うけいれ）」,"https://youtu.be/VfC-W0zf9BM?si=SwxU8k5JGwZ6WfGB

「受け入れ（うけいれ）」とは、人や物事を身に引き取ること、迎え入れることを指し、相手の意見や状況、現実などを理解し、承諾・容認する意味合いが強いです。ビジネスや人間関係では相手の提案や立場を尊重し、柔軟に対応する姿勢を示し、日常生活では新しい環境や変化を素直に認める際にも使われ、「accept」「receive」などの英語に相当します。 
意味のポイント
「受け止める」との違い: 「受け入れる」は相手の意見に賛成・同意するニュアンスを含むのに対し、「受け止める」はただ聞いたり理解したりする段階に留まります。
対象: 人（考え方、要求）、物事（事実、状況、環境）、情報など幅広く使われます。
使い方（例文）:
「新しい環境を受け入れる」
「友人の提案を受け入れる」
「失敗を受け入れて次に活かす」
「このホテルは犬を受け入れない（=許可しない）」 
類語・関連語
受容（じゅよう）: 精神的に受け入れる、包み込む意味合いが強い。
容認（ようにん）: 許可して受け入れること。
歓迎（かんげい）: 喜んで迎え入れること。 
英語表現（ニュアンス別）
accept: 最も一般的。「事実を受け入れる」「感情を受け入れる」など。
receive: 物理的に受け取る、自動的に受け取るイメージ。
welcome: 喜んで迎え入れる、好意的に受け入れる。
adapt: 新しいものに適応する形で受け入れる。 
このように、「受け入れ」は単に受け取るだけでなく、心理的な理解や同意、対応の姿勢を含む多義的な言葉です。

https://mazii.net/ko-KR/search/word/jako/%E5%8F%97%E3%81%91%E5%85%A5%E3%82%8C

◆ 받아들임.
◆ 맞아들임.

新入社員の受け入れ準備
신입 사원을 받아들일 준비

被災者の受け入れ態勢が整う
이재민을 받아들일 태세가 갖추어지다

◆ 승낙; 승인.

要求の受け入れに難色を示す
요구를 받아들이는 데 난색을 보이다

◆ 수납함; 또, (회계 장부에서) 수입.","[""import"",""japanese""]",2026-02-22 09:19:19.328049+00,e1848554-ffae-479c-a8cd-4c0d77b7bed2,2026-03-19 15:55:50.007522+00,0,0,0,2026-03-19 15:55:50.007522+00,0,null,null,null,false,null,null,null,null,true,0e99113e-ecf8-4965-ba07-a65f99b5b073,null,null,"{""tables"":{""1"":{""rows"":[],""columns"":[]}}}",null,[],null,null
19c9e3a6-b960-45d9-9ee9-bbb2a6d8ddf0,「打ち明ける（うちあける）」,"netflix トークサバイバー！～トークが面白いと生き残れるドラマ～

「打ち明ける（うちあける）」とは、今まで隠していた秘密や心の中の気持ち、事情などを、信頼できる相手に正直に話すことを意味します。英語では ""open up,"" ""confess,"" ""confide"" などと表現され、「胸襟を開く」「告白する」「本音を言う」といった類語があります。 
意味と使い方
隠し事を話す: 秘密や、言えずにいた悩みを打ち明ける。
心の内を明かす: 自分の本当の気持ちや考えを正直に話す。
例:
「親友に悩みを打ち明けた」
「自分の本当の気持ちを打ち明ける決心をした」
「過去の出来事を打ち明ける」 
類語・関連表現
胸襟を開く（きょうきんをひらく）：心を開いて話すこと。
告白する（こくはくする）：特に恋愛感情や秘密を打ち明ける。
吐露する（とろする）：心の内をありのままに言うこと。
白状する（はくじょうする）：秘密や悪いことを打ち明ける（自白）。 
英語表現の例
Open up to someone: 「～に心を開く」「打ち明ける」。
Confess (something to someone): 「（秘密などを）告白する」。
Confide (in someone): 「（秘密などを）打ち明ける、信頼して話す」。 
「打ち明ける」は、勇気を出して自分の本心を相手に伝える、人間関係において重要な行為を表す言葉です。

https://mazii.net/ko-KR/search/word/jako/%E3%81%86%E3%81%A1%E3%81%82%E3%81%91%E3%82%8B

◆ (비밀·고민 등을) 숨김없이 이야기하다; 털어놓고 이야기하다.

本心を打ち明ける
본심을 털어놓다

秘密を打ち明ける
비밀을 털어놓다

身の上を打ち明ける
일신에 관한 일을 털어놓고 이야기하다

◆ 닫혀 있는 것을 힘껏 열다.

窓を打ち明ける
창문을 열어젖히다","[""import"",""japanese""]",2026-02-22 09:19:19.328049+00,e1848554-ffae-479c-a8cd-4c0d77b7bed2,2026-03-19 15:55:50.007522+00,0,0,0,2026-03-19 15:55:50.007522+00,0,null,null,null,false,null,null,null,null,true,92817a82-160c-477f-a56a-c2fd9beb5fab,null,null,"{""tables"":{""1"":{""rows"":[],""columns"":[]}}}",null,[],null,null
1b3e05ac-1b9c-41c3-ab32-26b16847b537,「向き合い（むきあう）」,"「向き合い（むきあう）」とは、対象や問題、自分自身に正面から対面し、真剣に対処・対峙することを指します。単に「対面する」だけでなく、「真摯に向き合う」「自分と向き合う」のように、真剣な態度や深い内省を伴うニュアンスで使われ、問題解決や自己理解のために重要視されます。 
主な意味と使い方
「向き合う」動詞の連用形（名詞化した形）：名詞として「向き合い」と使われます。
物理的な対面：人と人、人と物事が正対する状態。「テーブルに向かい合って座る」など。
精神的な対峙・内省：
問題や課題に：真剣に、誠実に取り組む。「課題に真摯に向き合う」。
自分自身に：自分の本心、願望、弱点などを深く見つめ直す。「自分と向き合う時間を持つ」。 
類語・言い換え
対峙する、立ち向かう、正対する。
真摯に取り組む、誠実に向き合う、本気で取り組む（「真摯に向き合う」の場合）。 
「自分と向き合う」ことのポイント
環境：静かで集中できる場所を選ぶ（自室、旅先など）。
態度：出てきた感情や考えを否定せず、そのまま受け止める。
方法：一人で深く考えるだけでなく、信頼できる人と話すことも有効。 
このように、「向き合い」は、対象を真剣に捉え、主体的に関わろうとする姿勢を表す言葉です。","[""import"",""japanese""]",2026-02-22 09:19:19.328049+00,e1848554-ffae-479c-a8cd-4c0d77b7bed2,2026-03-19 15:55:50.007522+00,0,0,0,2026-03-19 15:55:50.007522+00,0,null,null,null,false,null,null,null,null,true,6e24a637-dae3-4ff9-9ddc-9295d9a0f9b4,null,null,"{""tables"":{""1"":{""rows"":[],""columns"":[]}}}",null,[],null,null
1babc276-2a83-423c-8edf-9f7c438add65,「粘る（ねばる）」,"https://youtu.be/uWQ5Im1pqYg?si=O47nDVHFB5dO3SeB

「粘る（ねばる）」とは、①物理的に柔らかく、くっつく性質（例：餅が粘る）、そして②精神的に諦めずに、根気強く頑張り続ける・しつこく主張する（例：交渉で粘る、最後まで粘る）という2つの主な意味を持ちます。特に後者の「根性・持続力」の意味合いで使われることが多く、最後まで諦めずに食らいつく、しつこく居座る、持ちこたえるといったニュアンスを含みます。 
具体的な使い方とニュアンス
物理的な意味:
「この餅はよく粘るね。」（柔らかくてくっつく感じ）
精神的な意味（粘り強い・しつこい）:
諦めずに頑張る（ポジティブ）: 「試験終了間際まで粘った人が合格した。」「彼は最後まで粘って目標を達成した。」
しつこく居座る・要求する（ややネガティブ）: 「コーヒー1杯で3時間もカフェに粘る。」「値引き交渉でなかなか粘る。」
しぶとく持ちこたえる（状況による）: 「試合終了間際までよく粘った。」 
類語
頑張る系: 踏ん張る、持ちこたえる、食らいつく
しつこい系: 居座る、しつこくする、抵抗する 
「粘る」は、単に頑張るだけでなく、簡単には諦めない、しぶとさを表現する言葉として、日常会話やビジネスシーンで幅広く使われます。

◆(물건이) 잘 달라붙다; 차지게 붙다; 쫀득거리다; 끈적이다.

よく粘る納豆
끈적끈적하게 잘 늘어나는 낫토

小麦粉を粘るまで捏ねる
밀가루가 차질 때까지 치대다

べたべた粘って扱いにくい
끈적끈적 달라붙어 다루기 힘들다

◆끈기 있게 견디어 내다; 끈덕지게 버티다.

あくまで粘る
끝까지 버티다

諦めずに粘る
포기하지 않고 끈기 있게 버텨 내다

もう少し粘ってみることにする
좀 더 버텨 보기로 하다

◆(음식점 등에) 오랫동안 가지 않고 앉아 있다.

看板[閉店]まで粘る
문 닫을 때[폐점 시간]까지 앉아 있다

コーヒー一杯で5時間も粘る
커피 한 잔 시켜 놓고 다섯 시간이나 앉아 있다

https://mazii.net/ko-KR/search/word/jako/%E7%B2%98%E3%82%8B","[""import"",""japanese""]",2026-02-22 09:19:19.328049+00,e1848554-ffae-479c-a8cd-4c0d77b7bed2,2026-03-19 15:55:50.007522+00,0,0,0,2026-03-19 15:55:50.007522+00,0,null,null,null,false,null,null,null,null,true,efb994ef-1152-42b5-80a9-b07d83638afd,null,null,"{""tables"":{""1"":{""rows"":[],""columns"":[]}}}",null,[],null,null
1c37c86e-e48d-49d8-8f26-a5faa2898fe7,「ガチな奴」,"https://youtu.be/op0crDJJhCk?si=0rQv0rtxosH5SMCZ

「ガチな奴」とは、ある物事に非常に真剣に、全力で取り組んでいる人を指すスラングで、特にゲームやアイドルファンなどのコミュニティで使われ、「本気勢」「ガチ勢」とも呼ばれます。相撲の「真剣勝負」が語源で、「マジ（真面目）」よりもさらに強い本気度を表す若者言葉です。 
意味合い
真剣さ・本気度が高い: 遊びや適当ではなく、心からその活動に打ち込んでいる様子。
「ガチ勢」: ある分野でトップレベルを目指したり、熱中している人のこと。
「ガチ恋勢」: アイドルやアニメキャラなどに本気で恋をしているファンのこと。 
使われる場面
ゲーム：「ガチ勢はアイテム集めも全力」。
推し活：「あの人は〇〇（アイドル）のガチな奴だね」。 
「ガチ」の語源
元々は相撲の「真剣勝負」から来ており、そこから「本気」という意味だけが残って「マジ」よりも強い意味合いで使われるようになりました。 
「ガチな奴」は、その人がどれだけ本気で取り組んでいるかを強調する際に使われる、カジュアルな表現です。","[""import"",""japanese""]",2026-02-22 09:19:19.328049+00,e1848554-ffae-479c-a8cd-4c0d77b7bed2,2026-03-19 15:55:50.007522+00,0,0,0,2026-03-19 15:55:50.007522+00,0,null,null,null,false,null,null,null,null,true,30a561da-b7c3-491f-9fdb-2fa85db954fa,null,null,"{""tables"":{""1"":{""rows"":[],""columns"":[]}}}",null,[],null,null
24f552e5-85bc-460a-86f3-782e0e42b869,「渡す（わたす）」,"https://youtu.be/9B1izCJwtmM?si=2zmuvDdY8ToEFNDb

「渡す（わたす）」とは、手から手へ物や情報を受け渡す、相手に与える、別の場所へ移動させるという意味の動詞で、英語ではgive, pass, hand overなどに相当し、ビジネスシーンでは資料の受け渡しなどに使われ、より丁寧な表現として「お渡しする」「差し上げる」などがあります。 
基本的な意味と使い方
手から手へ受け渡す: 手に持ったものを相手の手に移す行為。「鍵を渡す」「書類を渡す」など。
与える・譲る: 権利や持ち物などを相手に与えること。「権利を譲り渡す」。
移動させる: 人や物を船などで対岸へ運んだり、ある場所から別の場所へ移したりすること。「人を船で渡す」「荷物を移す」。 
ビジネスシーンでの言い換え
お渡しする: 丁寧な表現。資料や品物を相手に渡す際に使います。
差し上げる: 相手を敬う気持ちを込めた表現。
お預けする: 預ける意味合いで、一時的に相手に物を渡す場合。
引き渡す: 相手に完全に譲り渡す、というニュアンス（例: 業務を引き渡す）。 
例文
「この資料を担当者の方に渡してください。」
「プレゼントを友達に渡した。」
「データをサーバーに渡す。」
英語表現
Give, pass, hand over, present, slip など、状況に応じて使い分けられます。 
マナー
相手に物を渡す際は、相手の正面を向けて両手で丁寧に渡すのが基本です。

https://mazii.net/ko-KR/search/word/jako/%E6%B8%A1%E3%81%99

◆ 건네주다.
◆ 건너가게 하다.

舟で人を渡す
배로 사람을 건네주다

◆ (넘겨)주다; 내주다; 양도하다.

金を渡す
돈을 (건네)주다

お土産を渡される
선물을 건네받다

家を人手に渡す
집을 남의 손에 넘기다

◆ 건너지르다; 걸치다; 놓다; (건너) 매다.

板を渡す
판자를 걸치다

川に橋を渡す
강에 다리를 놓다

綱を渡す
줄을 건너질러 매다

◆ (동사 연용형(連用形)에 붙어서) 그 동작이 널리 미치도록 하다.

かなたを見渡す
저편을 바라다보다

眺め渡す
멀리 바라보다

譲り渡す
양도하다","[""import"",""japanese""]",2026-02-22 09:19:19.328049+00,e1848554-ffae-479c-a8cd-4c0d77b7bed2,2026-03-19 15:55:50.007522+00,0,0,0,2026-03-19 15:55:50.007522+00,0,null,null,null,false,null,null,null,null,true,0240a403-f518-43e6-a883-457a5dea2f21,null,null,"{""tables"":{""1"":{""rows"":[],""columns"":[]}}}",null,[],null,null
267e8efd-a7ab-4217-9cd5-20e6f8785b66,あさとい,"한국어설명

1️⃣ あさとい(아사토이)의 기본 뜻

あさとい는 일본어 형용사 **「あざとい(아자토이)」**를
일부러 부드럽거나 귀엽게 발음한 비공식·구어체 표현입니다.

즉,

あさとい = あざとい의 발음 변형 / 애교 섞인 표현

사전에 정식으로 등재된 단어는 아니기 때문에
검색하면 잘 안 나오는 것이 정상입니다.

2️⃣ 원래 단어 あざとい의 의미

**あざとい(아자토이)**는 상황에 따라 긍정·부정이 갈리는 단어예요.

핵심 의미

눈치가 빠르고, 계산적이며,
자신의 매력이나 상황을 영리하게 이용하는 모습

한국어로 옮기면 (문맥별)

약간 부정적:

얄밉게 영리하다

계산이 빠르다

일부러 귀여운 척한다

중립~가벼운 뉘앙스:

센스가 좋다

자기 장점을 잘 안다

3️⃣ 왜 あさとい라고 쓰일까?
🔹 발음이 바뀐 이유

「ざ(자)」 → 「さ(사)」로 바꾸면
👉 더 순하고 귀엽게 들림

SNS, 캐릭터 말투, 팬덤 대화에서 자주 사용

🔹 느낌 차이
표현	느낌
あざとい	계산적, 얄밉다는 뉘앙스가 비교적 강함
あさとい	장난스럽고 귀여운 뉘앙스, 비난 수위 ↓
4️⃣ 실제 사용 예문
🗣️ 예문 1 (장난스럽게)

あの子、ちょっとあさといよね〜
(그 애, 좀 아사토이하지 않아? ㅎㅎ)

→ 귀엽게 계산적인데 미워하긴 어려운 느낌

🗣️ 예문 2 (호의적)

自分の見せ方があさとい
(자기 매력 어필을 되게 잘한다)

5️⃣ 정리 한 줄 요약 ✍️

あさとい는
👉 「あざとい」를 귀엽게 바꾼 비공식 표현으로
👉 ‘영리하게 매력을 쓰는 모습’을
👉 가볍고 장난스럽게 말할 때 사용한다

💡 팁 (기록용으로 쓸 때 이렇게 정리하면 좋아요)

팁

사전 정의로 쓰지 말고 SNS·구어체 표현이라고 명시하기

부정 단어가 아니라 뉘앙스 의존적 표현임을 같이 적기

“귀엽게 계산적인”이라는 완충 표현이 가장 안전함

📌 예시 기록 문장

あさとい: 일본어 구어체 표현. あざとい의 발음 변형으로,
계산적이지만 귀엽거나 장난스럽게 보이는 행동을 묘사할 때 사용됨.

일본어설명

1️⃣ 표기: あさとい vs あざとい (정확한 구분)
✅ 정식 일본어

あざとい

사전에 등재된 형용사

일본인이 “의미 설명”을 할 때 반드시 이 표현 사용

문어체·구어체 모두 사용 가능

⚠️ 비공식 변형

あさとい

사전 미등재

발음을 부드럽게 바꾼 구어·캐릭터 표현

SNS, 팬덤, 장난스러운 대화에서만 사용

👉 정리 한 줄

의미 설명·기록·정의 → あざとい
말투 표현·귀여운 뉘앙스 → あさとい

2️⃣ 일본어로 설명하면 이렇게 말한다 (정석 설명)

일본어에서 あざとい는 보통 아래처럼 설명됩니다.

あざといとは、
自分の立場や魅力を理解した上で、
計算して行動する様子を表す言葉。

조금 더 일상적인 설명은:

ずる賢く見えることもあるが、
世渡りが上手、要領がいいという意味でも使われる。

3️⃣ 일본어 사전식 정의 (정리용)

📘 기록용으로 쓰기 좋은 형태:

あざとい【形容詞】
自分を有利に見せるために、
計算して振る舞うさま。
文脈により、否定的にも肯定的にも使われる。

4️⃣ あさとい는 일본어로 어떻게 설명할까?

일본어 기준으로는 이렇게 설명하면 정확합니다.

あさといは、
「あざとい」を柔らかく・可愛く言い換えた話し言葉。
正式な言葉ではない。

또는 SNS식 설명:

わざと「ざ」を「さ」にして、
キツい印象を和らげた表現。

5️⃣ 뉘앙스 비교 (기록용 표)
표현	일본어 기준
あざとい	정식 / 의미 설명용 / 뉘앙스 명확
あさとい	비공식 / 귀엽게 말한 버전 / 의미 동일
💡 팁 (정리·기록할 때 추천 방식)

팁

표제어는 반드시 あざとい로 적기

あさとい는 “파생 표현”으로 따로 설명하기

“부정적일 수도 있지만, 반드시 나쁜 의미는 아님”을 명시하면 오해 방지됨

📌 추천 정리 예시 (완성본):

あざとい:
자신의 장점이나 상황을 계산하여 행동하는 모습을 뜻하는 일본어 형용사.
문맥에 따라 얄밉게 영리하다는 의미 또는 처세가 능숙하다는 긍정적 의미로도 사용됨.

あさとい:
あざとい를 귀엽고 부드럽게 발음한 비공식 구어 표현.","[""import"",""japanese""]",2026-02-22 09:19:19.328049+00,e1848554-ffae-479c-a8cd-4c0d77b7bed2,2026-03-19 15:55:50.007522+00,0,0,0,2026-03-19 15:55:50.007522+00,0,null,null,null,false,null,null,null,null,true,2680dd15-43d8-402e-a32d-a7ceeeb52bdf,null,null,"{""tables"":{""1"":{""rows"":[],""columns"":[]}}}",null,[],null,null
2799630e-0bde-4f2b-a874-b05144843a19,"class,id,data-act구분","✅ 1) “할 수 있는데 안 하는 이유는 다 있다” → 이게 핵심

맞아. 규칙은 다 이유가 있어.

class로도 기능 구현 가능 ✅

그런데 안 하는 이유 = 혼선 방지 + 유지보수성

실무에서 제일 무서운 건 기능 구현보다
나중에 수정하다가 기능이 깨지는 것이거든.

✅ 2) 네가 정리한 규칙은 완벽하게 맞음

너가 말한 걸 “정석 규칙”으로 한 줄씩 딱 정리하면:

정적 DOM(이미 HTML에 있는 요소)
→ id로 잡아서 기능 부여가 편하고 명확하다.

동적 DOM(반복 생성되는 요소 / 리스트 아이템)
→ id는 중복되므로 부적합
→ data-*로 “대상(id)”과 “행동(act)”을 표시하는 게 좋다.

class는 기능용으로도 가능하지만
→ 디자인/스타일링(Tailwind 등)과 섞여서 혼선 가능성 ↑
→ 그래서 기능 분리는 data-* 추천

✅ 3) “data-*로 표시해서 알려주는 이유” = 맞다

이게 진짜 중요한 문장인데:

이 요소가 “무슨 역할/의도”를 갖고 있는지 개발자끼리 공유하는 표식이다.

즉, HTML이 단순히 UI가 아니라
**JS랑 연결되는 인터페이스(API처럼)**가 되는 거야.

✅ 4) data-act의 act 부분은 개발자가 정하는 이름이 맞다

정확함.

예를 들어:

<button data-act=""edit"">Edit</button>
<button data-act=""delete"">Delete</button>


여기서

data-act라는 속성명 자체는 HTML 표준 규칙임 (data-* 형태만 맞으면 됨)

act는 개발자가 만든 이름임
(action의 약자처럼 쓰는 관습)

그래서 이런 것도 전부 가능해
<button data-action=""edit"">
<button data-role=""edit"">
<button data-type=""edit"">
<button data-kind=""edit"">


즉,

data-xxx에서 xxx는 개발자 마음대로.

그중에서 act는 관습적으로
**“이 버튼이 수행할 행동(action)”**을 의미하게끔 정한 거고.

✅ 5) 실무에서 자주 쓰는 data-* 네이밍 관습
행동 표시

data-act

data-action

data-handler

대상 표시

data-id

data-item-id

data-entry-id

예:

<button data-act=""edit"" data-id=""17"">


이건 해석이 너무 쉬워짐:

id가 17인 데이터를 edit해라

✅ 최종 결론 (너가 딱 이해한 그대로)

✅ 규칙을 정한 이유는 “혼선 방지”
✅ class는 디자인과 섞여서 혼선 생길 수 있음
✅ id는 정적인 요소에 적합
✅ 동적 생성 요소는 data-*가 적합
✅ data-act의 act는 개발자가 정한 이름(관습적으로 action 의미)","[""import"",""coding""]",2026-02-22 09:19:19.328049+00,e1848554-ffae-479c-a8cd-4c0d77b7bed2,2026-03-19 15:55:50.007522+00,0,0,0,2026-03-19 15:55:50.007522+00,0,null,null,null,false,null,null,null,null,true,15579292-0957-4eed-be12-e0fabe8dff62,null,null,"{""tables"":{""1"":{""rows"":[],""columns"":[]}}}",null,[],null,null
285feb6f-b1ab-4d85-9455-5506ee3c5378,「仕上がる」と「出来上がる」ｎ違い,"「仕上がる」は人（主体）が何かを作り終える・完成させる動作、「出来上がる」は物が完成した状態になることを表し、「仕上がる」は能動的（人主語）、「出来上がる」は自動的（物主語）なニュアンスで使い分けられます。「仕上がる」は「仕上げる」の自動詞形で、主語が人なら「仕上げる」、主語が物なら「仕上がる」となり、「仕上がる」は「出来上がる」とほぼ同じ意味で使えますが、「仕上がり」は完成した状態や出来栄えを指す名詞としても使われる点が特徴です。 
1. 「仕上がる（しあがる）」
意味: 物事が完成する、作り終える、望ましい状態になる。
主語: 人（作り終える）か物（完成する）の両方。
例:
「この絵は明日には仕上がるだろう。」（明日、完成する）
「職人が見事に仕上がった着物だ。」（完成した状態・出来栄え） 
2. 「出来上がる（できあがる）」
意味: 物事が完成する、完成した状態になる。
主語: 物（完成する）。
例:
「このビルは来年出来上がる予定だ。」（来年、完成する）
「この料理は3分で出来上がる。」（3分で完成する） 
まとめ：使い分けのポイント
能動性: 「仕上げる（人）」→「仕上がる（物）」という流れがあり、「仕上がる」は「出来上がる」と非常に近い意味で使えます。
名詞として: 「仕上がり」は「完成後の様子」や「出来栄え」を指す名詞として使われます。「あのパンの仕上がりは最高だ」のように使えますが、「出来上がり」も同様に使えます。
基本: 目的語（何が）がはっきりしていて、人間が関与して完成させる場合は「仕上げる」、単に物が完成した状態を表す場合は「出来上がる」または「仕上がる」が自然です。 
例文で比較
Aさん: 「このプラモデル、いつ仕上がる？」「いや、出来上がるまでまだ時間がかかるよ」。
Bさん: 「この企画書、今日中に仕上がるよ。」（今日中に完成させる）
Cさん: 「この企画書は、明日の朝には出来上がっているはずだ。」（明日の朝には完成している状態になる）","[""import"",""japanese""]",2026-02-22 09:19:19.328049+00,e1848554-ffae-479c-a8cd-4c0d77b7bed2,2026-03-19 15:55:50.007522+00,0,0,0,2026-03-19 15:55:50.007522+00,0,null,null,null,false,null,null,null,null,true,7e5dfce5-cf48-4634-953d-56d453645998,null,null,"{""tables"":{""1"":{""rows"":[],""columns"":[]}}}",null,[],null,null
2ffd3637-b99d-4cf6-8a95-a0d3644ae9ca,つまらないとくだらないの違さ,"https://m.blog.naver.com/qeqwe7/221713412781

つまらない
주관적으로 재미없다, 시시하다
개인적인감정을 나타냄

つまらない物ですが、どうぞ。
변변치않은 물건입니다만 어서(받으세요)
- 선물을 주면서 겸손하게 말하는 표현

映画、つまらなくてあくびてたよ。
영화, 재미없어서 하품이 나왔어

くだらない
객관적으로 가치가 없다, 내용의 수준이 낮다, 하찮다
자신의 감정은 나타낼 수 없다

下品でくだらない番組
저질이고 시시한 방송프로

くだらない漫画ばかり読んでいる。
시시한 만화만 보고있다","[""import"",""japanese""]",2026-02-22 09:19:19.328049+00,e1848554-ffae-479c-a8cd-4c0d77b7bed2,2026-03-19 15:55:50.007522+00,0,0,0,2026-03-19 15:55:50.007522+00,0,null,null,null,false,null,null,null,null,true,e3337add-31b2-4087-8a68-42a599bc5916,null,null,"{""tables"":{""1"":{""rows"":[],""columns"":[]}}}",null,[],null,null
32ed8b9f-a60e-4aa8-a20b-6f5183173387,「おどろいた」,"「おどろいた」は「驚いた（おどろいた）」という言葉で、思いがけない出来事に出会い、心が動揺したり、予想外のことにびっくりしたりする気持ちを表します。これは「びっくりした」「はっとした」「意外だった」といった意味で使われ、感動や衝撃、呆れなど、様々な感情を伴うことがあります。 
「おどろいた」の意味と使い方
心の平静が失われる：予期せぬ出来事や大きな音、光などで心が動揺する状態です。
「びっくりした」に近い：日常会話で最もよく使われる「驚いた」の表現で、「驚いたね」「驚いたなあ」のように使います。
文脈によってニュアンスが変わる：
「おどろいた！」（感嘆）: 良い意味でも悪い意味でも使えます。
「おどろいたこと（に）」: 「〜という意外なことがあった」という意味で、驚くべき事実を導入します（例: 「おどろいたことに、彼は満点だった」）。
「おどろいた、あまりのことに声も出なかった」: 衝撃やショックを表します。 
類語・関連表現
びっくりした：最も一般的な同義語。
あぜんとした：呆れて言葉が出ない状態。
衝撃を受けた：強いショックや感動を受けた時。
はっとした：急に気づいた時や、我に返った時。 
つまり、「おどろいた」は、何かが予想をはるかに超えていて、それに対して心が大きく反応した状態を表現する言葉です。","[""import"",""japanese""]",2026-02-22 09:19:19.328049+00,e1848554-ffae-479c-a8cd-4c0d77b7bed2,2026-03-19 15:55:50.007522+00,0,0,0,2026-03-19 15:55:50.007522+00,0,null,null,null,false,null,null,null,null,true,5e8bd73b-4fd9-4ad4-ad63-c878827debb2,null,null,"{""tables"":{""1"":{""rows"":[],""columns"":[]}}}",null,[],null,null
3443c099-3302-401a-ac21-2850fbd74b7f,한일 개발한자어 구분,"좋아. 이건 진짜 “일본 취업/실무 적응”에 직결되는 정리라서 개발 실무에서 실제로 자주 쓰는 것들만 뽑아서 정리해줄게.

구성은 네가 말한 대로:

**한일 공통 한자어(같은 한자/같은 단어)**인데 쓰임이 다른 경우

한일 1:1 매칭되는 경우(그대로 쓰면 되는 단어)

1) 공통 한자어지만 “쓰임이 다른” 케이스 (중요)
A. 対応(대응)

🇰🇷 한국: 대응 = “대응하다”(보통 고객/사건 대응 느낌)

🇯🇵 일본: 対応 = 문제 처리 전반(개발에서 매우 범용)

✅ 일본 실무에서 쓰임

バグ対応しました (버그 처리했습니다)

仕様変更に対応しました (사양 변경 대응했습니다)

問い合わせ対応 (문의 대응)

📌 한국어 “처리/조치/대응”을 일본은 対応 하나로 많이 퉁침.

B. 管理(관리)

🇰🇷 한국: 관리 = 운영/관리 (넓게 사용)

🇯🇵 일본: 管理 = 리소스/권한/상태/버전/세션 등 “통제”에 가까움

✅ 실무 예시

状態管理(state management)

権限管理(permission management)

バージョン管理(version control)

📌 일본은 “state 관리” 말할 때 状態管理가 거의 공식어.

C. 設計(설계)

🇰🇷 한국: 설계 = 시스템 설계(큰 설계 느낌)

🇯🇵 일본: 設計 = 아주 일상적으로 씀 (작은 기능도 설계)

✅ 예시

画面設計 (화면 설계)

DB設計 (DB 설계)

API設計 (API 설계)

📌 일본은 “설계”를 훨씬 자주 말함.
신입에게도 “設計の意図”를 기대함.

D. 実装(실장/구현)

🇰🇷 한국: 구현/개발/작성 등 표현이 분산

🇯🇵 일본: 実装이 거의 표준 (개발 말투의 기본 단어)

✅ 예시

〜を実装しました (구현했습니다)

実装方針 (구현 방침)

未実装 (미구현)

📌 일본에서는 코드 작성 = 거의 実装.

E. 修正(수정)

🇰🇷 한국: 수정 = 버그 수정+기능 수정+UI 변경 다 포함

🇯🇵 일본: 修正 = ‘틀린 것/문제’ 고치는 뉘앙스가 강함

✅ 예시

バグを修正しました (버그 수정)

誤字を修正しました (오타 수정)

📌 일본에서 단순 UI 변경을 “修正”이라고 하면
“버그였나?” 느낌이 날 때가 있음 → 이럴 땐 改善/変更.

F. 改善(개선)

🇰🇷 한국: 개선 = 주로 UX/성능 개선(맞음)

🇯🇵 일본: 改善 = 진짜 자주 쓰는 만능 고급 단어

✅ 예시

パフォーマンスを改善しました

UI/UXを改善しました

可読性を改善しました(가독성 개선)

📌 일본은 “수정”보다 “개선”이 더 평가 좋게 들리는 경우 많음.

G. 変更(변경)

🇰🇷 한국: 변경 = 그냥 바꿈(중립)

🇯🇵 일본: 変更 = 사양/요구사항 변경을 공식적으로 말할 때 자주 씀

✅ 예시

仕様変更 (사양 변경)

変更対応 (변경 대응)

📌 “UI 조금 바꿈”도 変更으로 말하면 말이 정돈됨.

H. 確認(확인)

🇰🇷 한국: 확인 = 전부 “확인”

🇯🇵 일본: 確認도 쓰지만 상황별로 분화가 많음
(動作確認 / 検証 / 再現確認 등)

✅ 예시

動作確認しました (동작 확인했습니다)

再現を確認しました (재현 확인했습니다)

📌 그냥 確認만 쓰면 약간 “뭘 확인했는데?”가 될 수 있음.

I. 検証(검증)

🇰🇷 한국: 검증 = 테스트/검증(좋음)

🇯🇵 일본: 検証 = 조사+테스트+재현 포함하는 강한 단어

✅ 예시

原因を検証しました

再現性を検証しました

📌 “테스트”보다 더 분석적인 느낌.

J. 共有(공유)

🇰🇷 한국: 공유 = 공유

🇯🇵 일본: 共有 = 보고/전달도 포함하는 느낌(업무용)

✅ 예시

情報共有 (정보 공유)

認識共有 (인식 공유)

📌 회의체, 업무 흐름에서 진짜 많이 씀.

2) 한자어 1:1 매칭 (그대로 외워서 쓰면 되는 것들)

아래는 한국어 뜻과 일본어 쓰임이 거의 동일해서
그대로 가져다 쓰면 돼.

개발/업무 기본

開発 = 개발

環境 = 환경

仕様 = 사양

要件 = 요건

条件 = 조건

期限 = 기한

優先順位 = 우선순위

影響 = 영향

追加 = 추가

削除 = 삭제

更新 = 갱신/업데이트

保存 = 저장

復元 = 복원

取得 = 취득/가져오기(get)

作成 = 생성(create)

削減 = 삭감/감소(성능 최적화에도 씀)

最適化 = 최적화

自動化 = 자동화

품질/테스트

品質 = 품질

テスト = 테스트(가타카나지만 1:1)

検査 = 검사(품질 검사 쪽)

再現 = 재현

原因 = 원인

結果 = 결과

시스템/구조

構造 = 구조

処理 = 처리

速度 = 속도

負荷 = 부하

攻撃 = 공격(보안)

安全性 = 안전성

可用性 = 가용성

保守 = 보수/유지보수

拡張 = 확장

3) 실전 꿀팁: 일본은 “단어 선택”이 실력처럼 보임

일본은 같은 “수정”이라도 표현을 이렇게 나눠 쓰면 인상이 달라져:

修正しました = 틀린 걸 고쳤다(버그 느낌)

変更しました = 바꿨다(중립)

改善しました = 더 좋게 만들었다(긍정)

이 3개 구분만 해도 말이 실무스러워져.","[""import"",""japanese""]",2026-02-22 09:19:19.328049+00,e1848554-ffae-479c-a8cd-4c0d77b7bed2,2026-03-19 15:55:50.007522+00,0,0,0,2026-03-19 15:55:50.007522+00,0,null,null,null,false,null,null,null,null,true,038cb0e6-949c-448f-8add-49007194e2a1,null,null,"{""tables"":{""1"":{""rows"":[],""columns"":[]}}}",null,[],null,null
402764fc-7829-4335-8bf0-cbcb5083a278,const / let 때문에 CRUD에서 터지는 이유 정리 (실전 기록용),"✅ const / let 때문에 CRUD에서 터지는 이유 정리 (실전 기록용)
1) 문제 상황 요약

전역에 아래처럼 선언했다:

const items = [];


그리고 CRUD 기능을 만들던 중:

edit()는 정상 동작

delete()는 실행 시 에러 발생

에러 메시지:

Uncaught TypeError: Assignment to constant variable.

2) 에러 메시지 뜻 (결론)

Assignment to constant variable의 의미는 단 하나임.

const로 선언한 변수에 “재할당(reassign)”을 시도했을 때 발생하는 에러

즉, 아래 같은 코드가 실행되었다는 뜻이다:

items = something; // ❌ const 변수에 재할당 → 에러

3) 왜 edit에서는 const가 문제 없었나?

edit()에서 사용한 형태는 보통 이런 구조였다:

const it = items.find((x) => x.id === id);


✅ 이 코드는 items에 재할당하는 게 아니라

items에서 데이터를 찾아서

그 결과를 it라는 새 변수에 저장하는 것

즉,

const items는 그대로 유지

const it는 edit 함수 안에서만 쓰는 “지역 변수”라 OK

📌 핵심:

const it = ... 는 새 변수를 만드는 것이라 문제 없음.

4) 왜 delete에서는 터졌나? (진짜 원인)

delete 함수에서는 이런 패턴이 들어갔을 가능성이 높다:

items = items.filter((x) => x.id !== id);


이 코드의 의미는:

filter()는 기존 배열을 수정하지 않고,

새 배열을 만들어서 반환

그 새 배열을 items에 다시 넣으려 함 (재할당)

그런데 items가 const였기 때문에

❌ 재할당 불가능 → 에러 발생

📌 핵심:

items = ... 같은 재할당 코드가 들어가면
items는 let이어야 함.

5) const는 언제 문제이고, 언제 문제 아닌가?
✅ const로 선언해도 가능한 것 (내용 수정)
const items = [];

items.push(newItem);         // ✅ 가능
items.splice(index, 1);      // ✅ 가능
items[index].title = ""A"";    // ✅ 가능
items.length = 0;            // ✅ 가능

❌ const로 선언하면 불가능한 것 (재할당)
const items = [];

items = [];                  // ❌ 불가능
items = items.filter(...);   // ❌ 불가능
items = items.map(...);      // ❌ 불가능


📌 정리:

const는 “내용 변경 가능”
대신 “변수 자체를 다른 값으로 갈아끼우기(재할당)”는 불가능

6) 해결 방법 정리
✅ 해결 방법 A) 재할당을 할 거면 let 사용 (가장 간단/명확)
let items = [];

function deleteItem(id) {
  items = items.filter((x) => x.id !== id); // ✅ OK
}

✅ 해결 방법 B) const 유지 + 배열 내부만 수정하는 방식
const items = [];

function deleteItem(id) {
  const index = items.findIndex((x) => x.id === id);
  if (index !== -1) items.splice(index, 1); // ✅ OK
}

7) 실전 CRUD 패턴 정리 (외워두면 좋음)
✅ Create
items.push(newItem); // const여도 가능

✅ Read
const it = items.find(...); // 읽기라서 const 사용 OK

✅ Update (2가지 방식)
A) 재할당 방식 (let 필요)
items = items.map(...);

B) 내부 변경 방식 (const 유지 가능)
const it = items.find(...);
it.title = ""new"";

✅ Delete (2가지 방식)
A) 재할당 방식 (let 필요)
items = items.filter(...);

B) 내부 삭제 방식 (const 유지 가능)
items.splice(index, 1);

✅ 최종 한 줄 결론

edit는 “새 const 변수를 선언해서 사용”했기 때문에 괜찮았고
delete는 “const items에 재할당”했기 때문에 에러가 난 것이다.","[""import"",""coding""]",2026-02-22 09:19:19.328049+00,e1848554-ffae-479c-a8cd-4c0d77b7bed2,2026-03-19 15:55:50.007522+00,0,0,0,2026-03-19 15:55:50.007522+00,0,null,null,null,false,null,null,null,null,true,76583999-3e79-4e55-9918-90da9ca98b20,null,null,"{""tables"":{""1"":{""rows"":[],""columns"":[]}}}",null,[],null,null
41b464b2-f44a-45dc-9f06-f7dde17736d7,✅ 개발자용 “외워두면 안전한 문장 세트”,"✅ 개발자용 “외워두면 안전한 문장 세트”
1️⃣ 판단·설계 관련 (가장 많이 쓰임)
🇰🇷

이 부분은 개인 판단이 아니라
기존 설계 방침에 따라 구현되었습니다.

🇯🇵

本件は個人の判断ではなく、
既存の設計方針に基づいて実装されています。

언제 쓰나

왜 이렇게 만들었냐

왜 이 구조냐

설계 질문 받을 때

팁

일본에서는 설계 방침(設計方針) 이라는 말이 방패 단어입니다.

2️⃣ 사양(스펙) 관련 질문 대응
🇰🇷

현재 사양에 따라 처리한 결과입니다.

🇯🇵

現在の仕様に基づいた処理 결과입니다。

언제 쓰나

결과가 기대랑 다를 때

“이게 맞나?” 질문 받을 때

팁

*사양(仕様)*은 일본에서
👉 개인을 보호하는 최상위 단어 중 하나입니다.

3️⃣ 버그·문제 발생 시 1차 방어 문장
🇰🇷

재현 조건을 확인한 후 대응하겠습니다.

🇯🇵

再現条件を確認した上で対応します。

언제 쓰나

갑작스런 버그 지적

회의 중 즉답 요구

팁

일본에서는 즉답 ❌ / 확인 후 대응 ⭕

이 문장은 절대 마이너스 안 됩니다.

4️⃣ “왜 미리 발견 못 했나?” 질문 대응
🇰🇷

해당 케이스는 현재 테스트 범위 밖이었습니다.

🇯🇵

当該ケースは現行のテスト範囲外였습니다。

언제 쓰나

QA / 장애 리뷰

사후 책임 분위기 날 때

팁

*범위(範囲)*라는 말로
👉 개인 과실 → 테스트 설계 문제로 이동

5️⃣ 일정 지연·우선순위 질문 대응
🇰🇷

우선순위에 따라 순차적으로 대응하고 있습니다.

🇯🇵

優先度に基づいて順次対応しています。

언제 쓰나

왜 아직 안 됐냐

왜 다른 거 먼저 하냐

팁

“바빠서” ❌

우선순위(優先度) ⭕ ← 조직 언어

6️⃣ 코드 스타일·품질 관련 질문 대응
🇰🇷

팀 코딩 규칙에 맞춰 작성했습니다.

🇯🇵

チームのコーディング規約に従って 작성했습니다。

언제 쓰나

코드 리뷰

스타일 지적

팁

규칙(規約) = 일본에서 면책 단어

7️⃣ “그럼 네 판단은 뭐야?” 라고 올 때 (중요)
🇰🇷

현재 기준에서는 문제 없는 것으로 판단됩니다.

🇯🇵

現時点の基準では問題ないと 판단됩니다。

포인트

“제 생각엔” ❌

현재 기준(現時点の基準) ⭕

8️⃣ 정말 위험할 때 쓰는 최종 회피 문장
🇰🇷

이 부분은 관련자와 확인 후 다시 말씀드리겠습니다.

🇯🇵

本件については関係者と確認した上で
改めてご説明します。

언제 쓰나

책임이 커 보일 때

정치 냄새 날 때

애매한 질문

팁

일본에서는 이 문장 = 프로의 방어

✅ 개발자 신입 기준 “이것만 외워도 된다” 5문장
🇰🇷

사양에 따라 처리했습니다

설계 방침에 따른 구현입니다

재현 조건을 확인하겠습니다

테스트 범위 밖입니다

우선순위에 따라 대응 중입니다

🇯🇵

仕様に基づいて処理しています

設計方針に沿った実装です

再現条件を確認します

テスト範囲外입니다

優先度に基づいて対応しています

👉 이 다섯 개는 그냥 외워두세요.
이해하려 애쓰지 않아도 됩니다.

🎯 일본 개발자 커뮤니케이션 핵심 정리

즉흥 설명 ❌

개인 의견 ❌

감정 섞인 표현 ❌

대신:

기준

사양

규칙

범위

절차

👉 이 단어들로만 말하면 안전합니다.

한 문장으로 정리

일본 개발자는
말을 잘하는 사람이 아니라
‘같은 말을 항상 같은 방식으로 하는 사람’이
가장 안전하고 오래 간다.

지금처럼
“외워서 쓰자”는 결론에 도달한 건
이미 일본 실무자 사고방식에 들어온 겁니다.
이건 굉장히 큰 장점이에요.

후속 추천 질문

[1] 일본 개발 미팅에서 절대 쓰면 안 되는 위험한 표현은 뭐가 있을까?

[2] 코드 리뷰에서 개인 공격으로 번지지 않게 막는 일본식 표현은?

[3] 일본 회사에서 “일 잘하는 개발자”로 보이는 말투의 공통점은?

숫자 1, 2, 3 중 하나를 입력하거나, 계속 대화하세요!

Made by 👉챗과장

일본어말끝에 한국어가섞여있는데말이지 외워서쓴다면 확실한표현문구가 있어줘야될텐데말이지

아, 이 지적 아주 정확합니다.
외워서 써야 하는데 일본어 말끝에 한국어가 섞여 있으면 그건 재앙이에요.
그래서 이번에는 “그대로 복붙·암기 가능” 수준으로 완전히 정제된 일본어만 정리해 드릴게요.

아래 문장들은
👉 일본 회사 / 일본 개발 현장 / 신입·일반 사원 기준
👉 책임 회피가 아니라 책임 이동(개인 → 규칙·시스템)
👉 실제로 일본인이 쓰는 문장 구조
만 남긴 확정판입니다.

✅ 일본 개발자용 “암기 전용 안전 문장 세트 (확정판)”
1️⃣ 설계·판단 질문 받을 때 (가장 많이 씀)
🇯🇵 일본어 (암기용)

本件は個人の判断ではなく、
既存の設計方針に基づいて実装されています。

🇰🇷 의미

개인 판단이 아니라 기존 설계 방침에 따른 구현입니다.

📌 설계 방침(設計方針) = 일본 개발 현장의 최강 방패 단어

2️⃣ 사양(스펙) 관련 질문 받을 때
🇯🇵

現在の仕様に基づいて処理されています。

🇰🇷

현재 사양에 따라 처리되었습니다.

📌 “왜 이렇게 됐냐” 질문의 1차 차단용

3️⃣ 버그 / 문제 지적받았을 때 (즉답 금지용)
🇯🇵

再現条件を確認した上で対応します。

🇰🇷

재현 조건을 확인한 뒤 대응하겠습니다.

📌 일본에서는 이 문장 = 책임감 있음
절대 마이너스 아님

4️⃣ “왜 미리 발견 못 했나?” 공격 들어올 때
🇯🇵

当該ケースは現行のテスト範囲外でした。

🇰🇷

해당 케이스는 현재 테스트 범위 밖이었습니다.

📌 개인 실수 ❌ → 테스트 설계 문제 ⭕ 전환

5️⃣ 일정·우선순위로 압박 들어올 때
🇯🇵

優先度に基づいて順次対応しています。

🇰🇷

우선순위에 따라 순차적으로 대응 중입니다.

📌 “바빠서요” 같은 말 절대 금물

6️⃣ 코드 스타일·품질 지적받을 때
🇯🇵

チームのコーディング規約に従って実装しています。

🇰🇷

팀 코딩 규칙에 따라 구현했습니다.

📌 규약(規約) = 개인 취향 제거 단어

7️⃣ “그럼 네 생각은 뭐야?” 라고 올 때 (위험)
🇯🇵

現時点の基準では問題ないと認識しています。

🇰🇷

현시점 기준에서는 문제 없다고 인식하고 있습니다.

📌 “제 생각엔요” ❌
📌 기준(基準) ⭕

8️⃣ 정치 냄새 / 책임 커질 것 같을 때 (최종 회피)
🇯🇵

関係者と確認した上で、改めてご説明します。

🇰🇷

관련자와 확인한 후 다시 설명드리겠습니다.

📌 일본 회사에서 가장 안전한 문장 중 하나

✅ 신입·일반 개발자 “이 5문장만 외워도 생존”
🇯🇵 암기용

仕様に基づいて処理しています。

設計方針に基づく実装です。

再現条件を確認します。

テスト範囲外でした。

優先度に基づいて対応しています。

👉 이 다섯 문장만 정확히 발음·문법 맞게 쓰면
일본 개발 현장에서는
✔ 튀지 않고
✔ 책임 안 뒤집어쓰고
✔ “일 아는 사람” 취급 받습니다.

🎯 아주 중요한 사용 원칙 (이것만 기억)

팁

일본에서는

말 잘하면 ❌

즉흥 대응하면 ❌

설명 길어지면 ❌

👉 같은 문장을 같은 형태로 반복 ⭕

질문이 바뀌어도
👉 답은 바뀌지 않는 게 신뢰

한 문장으로 정리

일본에서는
‘이해해서 말하는 사람’보다
‘외운 문장을 흔들림 없이 쓰는 사람’이
훨씬 안전하고 오래 간다.

이번 버전은
👉 실제 일본 회사에서 그대로 써도 되는 수준이고
👉 더 줄이거나 더 늘릴 필요 없습니다.","[""import"",""japanese""]",2026-02-22 09:19:19.328049+00,e1848554-ffae-479c-a8cd-4c0d77b7bed2,2026-03-19 15:55:50.007522+00,0,0,0,2026-03-19 15:55:50.007522+00,0,null,null,null,false,null,null,null,null,true,4841f1c4-3574-45a6-b5a1-cb8d9f12fb3f,null,null,"{""tables"":{""1"":{""rows"":[],""columns"":[]}}}",null,[],null,null
46794409-1f40-4dda-819d-20167897bb13,「眩しい（まぶしい）」,"「眩しい（まぶしい）」とは、光が強すぎて見えにくい状態を指し、暗い場所から明るい場所への移動時など自然な反応の場合と、白内障やドライアイ、緑内障、網膜の病気など、瞳孔や角膜、水晶体、網膜、視神経の異常が原因で、周囲は平気なのに自分だけが眩しく感じる「羞明（しゅうめい）」という目の病気の場合があります。特に、痛みや視力低下を伴う場合、突然眩しく感じるようになった場合は、眼科受診が必要です。 
自然な反応としての眩しさ
暗順応からの変化: 暗い場所から明るい場所に出た時に瞳孔が開ききっているため、多くの光が目に入りすぎる。
疲労や睡眠不足: 目が疲れていると光に敏感になることがある。 
病気が原因の可能性（羞明）
痛みを伴う場合（早急な受診推奨）:
角膜の傷・感染症: 角膜に傷があると光が散乱し、痛みも伴う。
緑内障: 急性緑内障発作などで痛みと眩しさを伴う。
ぶどう膜炎: 目に炎症が起き、痛みと眩しさを感じる。
痛みを伴わない場合:
白内障: 水晶体が濁り、光が乱反射して眩しく感じる（特に夜間の対向車のライト）。
ドライアイ: 涙が減り、目の表面が荒れて光が散乱する。
黄斑の病気: 網膜の黄斑に異常があると光がまぶしく見えることがある。
動眼神経麻痺: 瞳孔が開いたままになり、光が入りすぎる。 
どのような時に眼科を受診すべきか
以前より弱い光でも眩しく感じる。
自分だけが眩しく、周りの人は平気。
目を開けているのが辛い、サングラスが手放せない。
光の周りに光輪が見える（虹視症）。
目の痛みや視力低下を伴う。 
大切なこと: サングラスで一時的に楽になっても、原因が解決しているわけではありません。気になる症状があれば、自己判断せずに眼科を受診して、正しい診断と治療を受けることが重要です。","[""import"",""japanese""]",2026-02-22 09:19:19.328049+00,e1848554-ffae-479c-a8cd-4c0d77b7bed2,2026-03-19 15:55:50.007522+00,0,0,0,2026-03-19 15:55:50.007522+00,0,null,null,null,false,null,null,null,null,true,ff8a3fc7-9d77-42a1-b91f-6736b448dd86,null,null,"{""tables"":{""1"":{""rows"":[],""columns"":[]}}}",null,[],null,null
4ae5a143-47d8-49cc-817d-5d1f3eebb329,「逆張り（ぎゃくばり）」,"https://youtu.be/ki5ybiXjcCY?si=uU_h87-winvt0Kw5

「逆張り（ぎゃくばり）」とは、株式投資などで相場の流れ（トレンド）に逆らって取引する投資手法で、上昇相場で売り、下落相場で買うことを指します。大衆心理や人気に逆らって、「人気がない時に買って（割安と見て）」、「人気がある時に売る（天井と見て）」という戦略で、タイミングを見極めるのが難しい反面、大きな利益を狙える魅力がありますが、トレンドが継続すると大きな損失を被るリスクも伴います（「順張り」の対義語）。 
逆張りの具体例
下落局面で買う: 株価が大きく下がって「割安」と判断し、反発を期待して購入する。
上昇局面で売る: 株価が上昇しきったと見て、天井付近で売り注文を出す。 
順張り（じゅんばり）との比較
順張り: 相場の流れに乗って、上昇トレンドで買い、下降トレンドで売る手法（初心者向きとされる）。
逆張り: 相場の流れに逆らい、人気の裏をかく手法（難易度が高いとされる）。 
メリット・デメリット
メリット: 相場が大きく反転した際、大底や天井で取引できるため大きな利益が期待できる。
デメリット: トレンドの終点を正確に読む必要があり、タイミングを誤ると損失が拡大しやすい。損切り（損を確定させること）の判断が難しい。 
逆張りは「自分」が正しいと考えること 
株価が正しいと考えるのが順張り。
自分の分析（自分が正しい）と考えるのが逆張り。相場の動きが「間違っている」と判断する。","[""import"",""japanese""]",2026-02-22 09:19:19.328049+00,e1848554-ffae-479c-a8cd-4c0d77b7bed2,2026-03-19 15:55:50.007522+00,0,0,0,2026-03-19 15:55:50.007522+00,0,null,null,null,false,null,null,null,null,true,8512fb3c-d0ed-4274-b377-bc57b8d9b4ec,null,null,"{""tables"":{""1"":{""rows"":[],""columns"":[]}}}",null,[],null,null
4d78db47-2517-4696-886a-9a199e272c72,「惜しい（おしい）」,"「惜しい（おしい）」は、目標や基準にわずかに届かず残念な気持ちや、大切なものが失われるのを惜しむ気持ちを表す日本語で、英語の""almost""や""close""、""pity""、""regrettable""などに相当し、状況によって「もう少し」「もったいない」というニュアンスで使われます。 
主な意味と使い方
もう少しで達成できたのに、という残念さ（悔しさ）
例文: 「あと1点足りない、惜しい！」（惜しい（おしい） - Wiktionary）
例文: 「シュートはポストに当たった。惜しかったね。」（おしい - Wiktionary）
価値あるものが失われるのを惜しむ気持ち（もったいない）
例文: 「才能があるのに、このまま埋もれてしまうのは惜しい。」（おしい - Wiktionary）
例文: 「この桜は散るには惜しいほど美しい。」（おしい - Wiktionary）
失いたくない、このままでいてほしいという気持ち
例文: 「命が惜しい」 ( 「おしい」の意味は何ですか？ 使い方は色々あるんですか？ - italki )
例文: 「時間が惜しい」 ( 「おしい」の意味は何ですか？ 使い方は色々あるんですか？ - italki ) 
「惜しい」と「もったいない」の違い
惜しい: 目標にあと一歩届かなかった悔しさや、それに近い状態を表すことが多いです（例：あと2点で合格点）。
もったいない: 価値あるものが無駄にされることへの残念な気持ち（例：才能があるのに勉強しないのはもったいない）。 
このように、「惜しい」は文脈によって「もう少しで」「残念」「もったいない」など、様々なニュアンスで使われる便利な言葉です。","[""import"",""japanese""]",2026-02-22 09:19:19.328049+00,e1848554-ffae-479c-a8cd-4c0d77b7bed2,2026-03-19 15:55:50.007522+00,0,0,0,2026-03-19 15:55:50.007522+00,0,null,null,null,false,null,null,null,null,true,34fa2694-84c1-4668-800c-3419d13cbca9,null,null,"{""tables"":{""1"":{""rows"":[],""columns"":[]}}}",null,[],null,null
511fc192-0e9c-449b-8e5d-e66d4eb9fd2f,“모리카스미 스타일”에서 자주 보이는 일본에서 먹히는 표현/전략 패턴을 정리,"0) 핵심 요약

모리카스미 스타일의 핵심은 3개야:

부정(거절)처럼 말하지만 사실상 긍정

상대에게 말하게 만든다(유도)

수위를 올리되 ‘표현’을 올리지 않는다(상상 공간)

1) “あざとい”의 핵심 표현 패턴
✅ 패턴 A: 모른 척 + 확인 질문
자주 쓰는 형태

「え、なにそれ？」

「どういうこと？」

「ほんとに？」

「なんで？」

왜 먹히냐?

상대가 설명하게 되고, 그 순간 리드를 뺏김.
남자가 “자기 이야기”를 하게 만들면 관계가 빨리 깊어지는 느낌이 나거든.

✅ 패턴 B: 칭찬 + 살짝 비꼬기(장난)

「すごいじゃん」

「やるじゃん」

「意外とちゃんとしてるんだね」

해석 포인트

“너 괜찮네?”를 아주 가볍게 전달함.
너무 진지한 칭찬은 부담인데, 장난 섞이면 남자는 편해짐.

✅ 패턴 C: 부끄러움 표현(수치심 연출)

「やだ〜」

「ちょっと待って…」

「恥ずかしいんだけど」

「無理なんだけど（笑）」

한국어로는 단순 “부끄러움”인데

일본에서 이 표현들은 **“여지가 있다”**는 신호처럼 읽히는 경우가 많아.

특히 笑 （笑） 가 붙으면 거의 치트키.

2) 수위가 느껴지는 포인트는 “단어”가 아니라 이거임
✅ 패턴 D: 짧은 멈춤 + 반문

「え……それ、どういう意味？」

「……言わせるの？」

「そういうこと言うんだ？」

포인트

이건 말 자체가 야한 게 아니라
상대에게 야한 맥락을 ‘생각하게 만드는’ 장치야.

일본식 수위는 ‘직설’이 아니라 ‘유도’임.

✅ 패턴 E: “안 돼”지만 사실상 안 돼가 아님

「だめだよ〜」

「それはちょっと…」

「ほんとにやめて（笑）」

왜 먹히냐?

이 표현은 대놓고 거절이 아니라
“분위기는 인정하지만 선은 지킨다”는 표현이라 안정적이야.

3) 일본 남자들이 특히 약한 “인정+조절” 콤보
✅ 패턴 F: 인정해주고 바로 컨트롤하기

「いいね。でも〜」

「それは嬉しいけど、〜」

「わかる。でも私は〜」

작동 원리

칭찬만 하면 남자가 우위, 거절만 하면 여자가 우위인데
이 패턴은 둘을 섞어서 상대 기분도 살리고 주도권도 지킴

모리카스미가 이런 거 진짜 잘함.

4) “女子会”에서 잘 먹히는 패턴

여자들한테는 “남자 꼬시는 기술”보다
**“말로 설명 가능한 기술”**이 먹힘.

✅ 패턴 G: 기술을 감추지 않고 메타로 말함

「こういうのってさ…」

「男の人ってこういうの好きじゃない？」

「こう言ったら嬉しいかなって思って」

왜 먹히냐?

여자들은 이걸 들으면

“아 저런 식으로 운용하는구나”

“나도 써먹을 수 있겠다”
로 받아들이기 때문에 호감이 됨.

“여우”가 아니라 “전략가”로 보이는 순간이야.

5) 일본에서 먹히는 ‘톤(톤이 80%)’

모리카스미 같은 타입이 강한 이유는 톤이야.

✅ 일본에서 먹히는 톤 특징

말이 빠르지 않음

강한 단정(〜だ!)를 잘 안 씀

문장을 둥글게 끝냄

〜かも

〜かな

〜じゃない？

가벼운 웃음(息の笑い)

이걸로 공격성을 없애고
수위가 올라가도 “위협적이지 않게” 만드는 거지.

6) 네 일본어 학습에 바로 도움되는 방식
추천 훈련법 (클립 볼 때)

“무슨 단어 썼는지”보다

어떤 기능을 수행했는지 체크

✅ 질문 유도했나?
✅ 인정+조절했나?
✅ 여지를 만들었나?
✅ 선 지켰나?

이 체크만 해도 일본어가 빨리 늘어.","[""import"",""japanese""]",2026-02-22 09:19:19.328049+00,e1848554-ffae-479c-a8cd-4c0d77b7bed2,2026-03-19 15:55:50.007522+00,0,0,0,2026-03-19 15:55:50.007522+00,0,null,null,null,false,null,null,null,null,true,fd6b4059-098a-480e-93c6-26b2dbab1820,null,null,"{""tables"":{""1"":{""rows"":[],""columns"":[]}}}",null,[],null,null
51426fd2-ce0b-4066-b2f6-e8d78f9d0dc1,「与える（あたえる）」,"https://youtu.be/i0LpR50Ov2o?si=9lZNqoLYF-Bmygrm

「与える（あたえる）」は、物、情報、影響などを相手に提供・授与・及ぼす意味を持つ他動詞で、「あげる」より丁寧・フォーマルで、目下の人や物に対して使われ、賞や課題、助言、感動、損害など幅広い対象に用いられ、「あげる」では使えない場面で必須の動詞です。 
主な意味と用例
物を譲渡・提供する: 小遣いを与える、賞を与える。
情報や機会を提供する: 助言を与える、時間を与える、許可を与える。
影響を及ぼす: 感動を与える、印象を与える、損害を与える。
割り当てる・課す: 課題を与える、任務を与える、罰を与える。
設定・付与する: データを与える、名称を与える。 
「あげる」との違い
「与える」: 相手への影響を重視する、フォーマルな場面で使う、目下の人・物・状況に使う（例：部下に指示を与える、データに意味を与える）。
「あげる」: 自分が主体となって与える行為に焦点、カジュアル、相手への敬意が薄れる場合がある。 
敬語表現
尊敬語: くださる、お与えになる。
謙譲語: 差し上げる。 
類語・関連語
提供する、供与する、授与する、割り当てる、課す。

◆ (자기 것을 남에게) 주다; 수여하다.

子供に小遣いを与える
아이에게 용돈을 주다

愛犬におやつを与えている飼い主
애완견에게 간식을 주고 있는 견주

賞を与える
상을 주다[수여하다]

◆ 상대가 뭔가 할 수 있도록 해 주다; (도움이 되도록) 제공하다.

弁明の機会を与える
변명할 기회를 주다

再三注意を与えた
재차 주의를 주었다

経済的な援助を与える
경제적 원조를 해 주다

◆ 내주다; 할당하다; 부여하다; 과(課)하다.

生徒に宿題を与える
학생에게 숙제를 내주다

役割を与える
역할을 부여하다

ユーザーに権限を与える
사용자에게 권한을 부여하다

◆ (손해 등을) 입히다; (영향 등을) 주다; 끼치다; 가하다.

会社に多大な損害を与える
회사에 막대한 손해를 입히다

この事件は世間に大きなショックを与えた
이 사건은 세상에 커다란 충격을 주었다

株価に影響を与える
주가에 영향을 끼치다

https://mazii.net/ko-KR/search/word/jako/%E4%B8%8E%E3%81%88%E3%82%8B","[""import"",""japanese""]",2026-02-22 09:19:19.328049+00,e1848554-ffae-479c-a8cd-4c0d77b7bed2,2026-03-19 15:55:50.007522+00,0,0,0,2026-03-19 15:55:50.007522+00,0,null,null,null,false,null,null,null,null,true,ff2781c2-8c25-4dff-8d76-3d1e01966b83,null,null,"{""tables"":{""1"":{""rows"":[],""columns"":[]}}}",null,[],null,null
5169f265-1417-42bc-80f1-ba1cdd81d8cc,「零れる（こぼれる）」,"「零れる（こぼれる）」は、液体などが容器からあふれ出る、こぼれ落ちることや、感情や表情が表面に現れる（涙が零れる、笑みが零れる）、散り落ちる（花びらが零れる）などの意味を持つ動詞で、漢字の「零」には雨だれや余り（端数）の意味があり、そこから転じて「ゼロ（無）」の意味にもつながっていますが、日常的には「こぼれる」と読みます。 
主な意味と用例
液体があふれ出る・こぼれ落ちる：
コップの水を倒して零れる（こぼれる）。
鍋の汁が沸騰して吹き零れる（吹き上がる）。
感情や表情があらわれる：
悲しくて涙が零れる（こぼれる）。
嬉しいので笑みが零れる（こぼれる）。
散り落ちる（古語的表現）：
梅の花が枝から零れる（散り落ちる）。
余り・端数（漢字「零」の意味）：
「零」は元々「雨だれ」を意味し、そこから「こぼれる」「余り」「端数」の意味になり、最終的に「ゼロ」の概念につながったとされます。 
「零れる」は、日本語の和語（わご）であり、漢字で「零」を当てることがありますが、現代ではひらがなで「こぼれる」と表記されることも多いです。 
類語：こぼれ落ちる、あふれる、したたる、漏れる。

https://mazii.net/ko-KR/search/word/jako/%E9%9B%B6%E3%82%8C%E3%82%8B

◆ 넘치다.
◆ 넘쳐흐르다; 흘러내리다; (안에 있어야 할 것이) 밖으로 나오다.（こぼれる）

涙が零れる
눈물이 흘러내리다

コップの水が零れる
컵의 물이 흘러넘치다

グローブからボールが零れた
글러브에서 공이 빠져나왔다

◆ (소리나 빛, 냄새 등이) 새어 나오다.（こぼれる）

零れてにおう花桜
넘치듯 풍기는 벚꽃 향기

雲間から零れる陽の光
구름 사이로 새어 나오는 햇빛

◆ (가려져 있던 것이) 살짝 보이다.（こぼれる）

笑うと白い歯が零れる
웃으면 하얀 이가 살짝 보인다

◆ (감정 등이) 밖으로 드러나다.（こぼれる）

愛嬌が零れる
애교가 넘치다

笑みが零れる
미소가 번지다","[""import"",""japanese""]",2026-02-22 09:19:19.328049+00,e1848554-ffae-479c-a8cd-4c0d77b7bed2,2026-03-19 15:55:50.007522+00,0,0,0,2026-03-19 15:55:50.007522+00,0,null,null,null,false,null,null,null,null,true,93c47fd1-57c5-46e7-abb1-e83e988f324d,null,null,"{""tables"":{""1"":{""rows"":[],""columns"":[]}}}",null,[],null,null
57b44750-23a5-4a91-88ac-0d795b4e949d,✅ 면접 대비 완료 체크리스트 (필수 5개),"✅ 면접 대비 완료 체크리스트 (필수 5개)

자기소개 30초를 막힘없이 말한다

**프로젝트 3개 설명(각 1분)**이 가능하다

각 프로젝트마다

“왜 이 기술?”

“어려웠던 점?”

“어떻게 해결?”
이 3개를 말할 수 있다

보안 질문에 대해

Firebase Rules / owner(uid)

Next.js API에서 검증
이걸 “개념적으로라도” 설명 가능하다

Vercel 배포/에러 해결 사례를 “사건처럼” 설명 가능하다
(문제 → 원인 → 해결 → 재발 방지)

➡️ 이 5개 되면 면접 대비는 됐다고 봐도 돼.","[""import"",""coding""]",2026-02-22 09:19:19.328049+00,e1848554-ffae-479c-a8cd-4c0d77b7bed2,2026-03-19 15:55:50.007522+00,0,0,0,2026-03-19 15:55:50.007522+00,0,null,null,null,false,null,null,null,null,true,fcf16782-9ec5-4a17-b208-c5296a8ef5a5,null,null,"{""tables"":{""1"":{""rows"":[],""columns"":[]}}}",null,[],null,null
5c1901bb-f739-43fe-b9b2-7e491e94de9b,"「正直に」, 「素直に」, 「率直に」","＜素直（すなお）＞

있는 그대로의 꾸밈없는 모습과 성격

・彼女の素直さが魅力だ。

(그녀의 솔직함이 매력이다)

​

＜率直（そっちょく）＞

있는 그대로 숨기지 않는 것

・率直に言うとこの問題はまだ改善の余地がある。

(솔직히 말해서 이 문제는 아직 개선의 여지가 있다.)

​

＜正直（しょうじき）＞

거짓이 없고 옳은 것

・正直に生きられたら幸せだ。

(정직하게 살 수 있다면 행복하다.)","[""import"",""japanese""]",2026-02-22 09:19:19.328049+00,e1848554-ffae-479c-a8cd-4c0d77b7bed2,2026-03-19 15:55:50.007522+00,0,0,0,2026-03-19 15:55:50.007522+00,0,null,null,null,false,null,null,null,null,true,373c3df3-a8e8-4974-800d-db99e3077bd5,null,null,"{""tables"":{""1"":{""rows"":[],""columns"":[]}}}",null,[],null,null
5d163699-74f8-4481-8151-464bfd8d1dc1,「アイアン」と「スチール」,"「アイアン」は「鉄（Fe）」そのもの、「スチール」は鉄に炭素を混ぜて強度を高めた「鋼（はがね）」を指し、一般的に家具などで「アイアン」と呼ばれるものは実際には「スチール」で、炭素含有量の違いによりアイアンは純鉄、スチールは炭素入りの丈夫な鋼鉄と区別されますが、実用製品ではスチール（鋼）が使われるのがほとんどで、スチールの方が丈夫で錆びにくいのが特徴です。 
アイアン（Iron / 鉄）
成分: 炭素をほとんど含まない純粋な鉄（純鉄）。
特徴: 純鉄は酸化しやすく（錆びやすい）、脆い性質を持つため、製品の材料としては稀。
使われ方: 「アイアン」と表記される製品でも、実際は「スチール（鋼）」でできていることが多い。 
スチール（Steel / 鋼）
成分: 鉄を主成分に、炭素（0.02%〜2.14%程度）や他の元素を加えて作られる合金。
特徴: 炭素を加えることで強度や耐熱性が向上し、錆びにくく丈夫になる。
使われ方: 家具や建築、ゴルフのクラブシャフトなど、広範囲で「鉄」として使われる。 
まとめ
関係性: アイアン（鉄）に炭素を加えたものがスチール（鋼）。
日常での違い: 「アイアン」という言葉は、実際には強度を高めた「スチール（鋼）」を指すことが多い。
利点: スチールはアイアン（純鉄）に比べて、より丈夫で実用的。

ゴルフクラブにおける「アイアン」と「スチールシャフト」
アイアン: ゴルフクラブの種類（番手）を指す。
スチールシャフト: アイアンクラブのシャフト（軸）に使われる素材で、ねじれに強く安定したショットに適している（カーボンシャフトと比較して）。 
この違いを理解すると、素材としての「鉄」と「鋼」、そして製品名としての「アイアン」や「スチール」が使い分けられていることが分かります。","[""import"",""japanese""]",2026-02-22 09:19:19.328049+00,e1848554-ffae-479c-a8cd-4c0d77b7bed2,2026-03-19 15:55:50.007522+00,0,0,0,2026-03-19 15:55:50.007522+00,0,null,null,null,false,null,null,null,null,true,f1fd0b3c-4cd3-475b-89c3-b701d36534c6,null,null,"{""tables"":{""1"":{""rows"":[],""columns"":[]}}}",null,[],null,null
5f847d45-9399-477c-83c3-d42c2de164c7,「揃ってる（そろってる）」,"https://youtu.be/VfC-W0zf9BM?si=tDTCdTrweslH3Q5L

「揃う」（そろう）は、必要なものがすべて集まる、人数が全員そろう、物事がきれいに並ぶ、タイミングが一致するなどの意味を持つ動詞で、多くはひらがなで表記されます。具体的には「全員が揃う」「品物が揃う」「足並みが揃う」のように使われ、反対語は「ばらばらになる」です。 
主な意味と例文
全員集合・全員いること
「今日の会議は、出席者全員が揃った」。
. 「新入社員が皆揃って研修に参加する」
必要なものが全てある・満たされる
「必要な書類がすべて揃うまで出発できない」。
「道具が揃っているので、すぐに作業に取り掛かれる」
整然と並ぶ・一列になる
「靴が玄関にきれいに揃って並んでいる」。
「選手たちがスタートラインに勢揃いする」。
タイミングが一致する・期日が来る
「給料日と揃うように旅行の計画を立てる」。
「お盆休みと揃うので、混雑するだろう」 
漢字表記について
「揃」は常用漢字外の漢字（表外漢字）であるため、ひらがなで「そろう」と書くのが一般的です。漢字で「揃う」と書かれることもありますが、迷ったらひらがなを使うのが適切です。 
関連表現
揃える（そろえる）: 目的語を取る他動詞で、「（～を）そろえる（集める・整える）」という使われ方をします。例：「全員の意見を揃える」「靴を揃える」。
勢揃い（せいぞろい）: みんなが一同に集まること。
顔を揃える（かおをそろえる）: 同じ場所に皆で集まること。

https://mazii.net/ko-KR/search/word/jako/%E6%8F%83%E3%81%86

◆ 갖추어지다; 구비되다.

機械が揃う
기계가 갖추어지다

いろいろの本が揃っている
여러 가지 책이 갖추어져 있다

条件が揃う
조건이 갖추어지다

◆ (모두 한곳에) 모이다; (인원 등이) 차다.

揃いも揃って
(모인 것이) 모두가 다(같은 상태인 모양)

人数が揃う
인원이 차다[다 모이다]

顔ぶれが揃う
면면이[참가자가] 모두 모이다

◆ 잘 어울리다.

よく揃った夫婦
잘 어울리는 부부

◆ 일치하다; (모양·정도 등이) 고르게 되다.

足並みが揃う
보조가 맞다

調子が揃う
장단[가락]이 맞다

長さが揃う
길이가 가지런하다[다 똑같다]

「揃ってる」とは、不足がなく、必要なものがすべて揃っている状態や、物事が整然と並んでいたり、人や物の状態が一致して調和している様子を表します。具体的には、「必需品が全部ある（欠けていない）」、「皆の意見や足並みが合っている」、「色やサイズが均一で整っている」など、文脈によって「完璧」「十分」「調和」「一致」といったニュアンスで使われます。 
主な意味合い
不足がない: 必要なものがすべて揃っていて、欠けていない状態。「このセットは備品が全部揃ってるね」。
整然としている: 物が秩序だって並んでいる様子。「本棚の本が綺麗に揃ってる」。
調和・一致している: 人の気持ちや動き、状態が同じ方向を向いていて、息が合っている状態。「チームの連携が揃ってる」「足並みが揃ってる」。
均一である: 複数のものが同じような状態や性質で統一されている様子。「髪型がみんな揃ってる」「この服、色違いで揃ってる」。 
使用例
物品: 「必要な道具は全部揃ってるから、すぐに始められますよ」。
人・グループ: 「みんなの意見が揃ってるね。これで進めよう」。
状態: 「このお店、食器も盛り付けも全部揃ってる（きれい・完璧）」。 
文脈に合わせて「完璧」「十分」「ばっちり」「完璧」「一式」「均一」などの言葉で言い換えられます。","[""import"",""japanese""]",2026-02-22 09:19:19.328049+00,e1848554-ffae-479c-a8cd-4c0d77b7bed2,2026-03-19 15:55:50.007522+00,0,0,0,2026-03-19 15:55:50.007522+00,0,null,null,null,false,null,null,null,null,true,f7f13b31-7465-474c-82e7-d0fe4f55686f,null,null,"{""tables"":{""1"":{""rows"":[],""columns"":[]}}}",null,[],null,null
60185777-af96-449d-8f77-b4504c3ff943,「誘う（さそう）」,"「誘う（さそう）」とは、相手に「一緒にどうですか？」と呼びかけ、ある行動（食事、遊びなど）に誘い、一緒に連れて行ったり、参加を促したりすること、また、何かを「引き起こすきっかけを与える」という意味合いで使われる動詞です。古くは「いざなう」とも読み、より詩的・意味深な響きを持つこともありますが、現代では「さそう」が一般的です。 
主な意味と使い方
勧誘・招待:
友達を映画に誘う（いざなう）。
食事に誘う（さそう）。
一緒にどこかに行こうと誘う。
引き起こす・導く:
誘因（ゆういん）: 物事を引き起こすきっかけや原因（例：この出来事が事故の誘因となった）。
誘発（ゆうはつ）: ある行動や反応を引き起こす（例：この言葉が議論を誘発した）。
誘惑（ゆうわく）: 悪いことや魅力的なものに引き寄せる。
類語・関連語
勧める（すすめる）: 「誘う」と似ていますが、相手に「（自分は行かずに）やってみたら？」と勧めるニュアンスが強いです。
導く（みちびく）: 「誘う」よりも「正しい方向へ連れていく」というニュアンスがあります。
おびき寄せる: 相手をそちらへ引き寄せる、という意味合いが強いです。 
「誘う」は、ポジティブな場面（友達との約束）から、ネガティブな意味合い（誘惑、誘拐）まで幅広く使われる言葉です。

https://mazii.net/ko-KR/search/word/jako/%E3%81%84%E3%81%96%E3%81%AA%E3%81%86

◆ 꾀다; 권하다; (권해서) 데려가다; 꾀어 들이다.

旅に誘う
여행 가자고 권유하다

自宅に誘う
자택으로 청하다

悪の道へ誘う
악의 길로 유혹하다

◆ 권하다; 권유하다.

旅行に誘う
스키 타러 가자고 권하다

私は彼女を映画に誘った
나는 그녀에게 영화 구경 가자고 권했다

◆ 꾀다; 유혹하다.

人を誘う
사람을 꾀다

悪の道に誘う
못된 길로 유혹하다

月に誘われる
달빛에 이끌리다

◆ 부르다; 불러내다.

今度は僕が誘うよ
이번에는 내가 부르러 가겠네

◆ …하게 하다; 자아내다.

涙を誘うドラマ
눈물샘을 자극하는 드라마

食欲を誘う
식욕을 돋우다

同情を誘う
동정을 불러일으키다","[""import"",""japanese""]",2026-02-22 09:19:19.328049+00,e1848554-ffae-479c-a8cd-4c0d77b7bed2,2026-03-19 15:55:50.007522+00,0,0,0,2026-03-19 15:55:50.007522+00,0,null,null,null,false,null,null,null,null,true,00e43eff-937c-44ec-aee8-b9d99c3f332e,null,null,"{""tables"":{""1"":{""rows"":[],""columns"":[]}}}",null,[],null,null
60b33d76-02ff-4c80-898a-ca2eeb168903,素直（すなお）,"'素直'(스나오)는 일본어 표현으로, '꾸밈없이 솔직하다', '순진하다', '고분고분하다', '있는 그대로 받아들인다'는 긍정적 의미의 '솔직함'을 나타내며, 거짓말을 하지 않는다는 뜻의 '正直'(쇼지키)와 달리, 꾸밈이나 억지스러움이 없이 자연스러운 상태를 강조합니다. 이는 주로 일본에서 사용되는 한자어이며, 한국어의 '솔직하다'와는 미묘한 뉘앙스 차이가 있습니다. 
'素直'(스나오)의 주요 의미:
있는 그대로의 모습: 겉으로 꾸미거나 변명하지 않고 자신의 감정이나 생각을 그대로 드러내는 것.
순수하고 고분고분함: 순진하고 순종적이며, 타인의 말이나 가르침을 잘 받아들이는 태도.
진솔함: 가식이나 억지가 없는 자연스러운 상태. 
'正直'(쇼지키)와의 차이점:
素直 (스나오): 긍정적인 의미의 솔직함, 꾸밈없는 순수함, 받아들임의 뉘앙스.
正直 (쇼지키): 거짓말을 하지 않는 상태, 옳고 그름을 따지는 정직함, 진실을 말하는 것에 초점. 
예시:
素直な気持ち (스나오나 키모치): 꾸밈없는 솔직한 마음, 순수한 마음.
素直に謝る (스나오니 아야마루): 변명 없이 순순히 사과하다. 
결론적으로 '素直'는 '순수하고 꾸밈없는 솔직함'을 뜻하며, 상황이나 상대방에 따라 유연하게 받아들이는 긍정적인 태도를 포함하는 일본어 단어입니다.

https://mazii.net/ko-KR/search/word/jako/%E7%B4%A0%E7%9B%B4

◆ (비뚤어지지 않고) 고분고분함; 순진함; 솔직함; 순수함.

素直な性格
솔직한 성격

素直な子
순수한 아이

言われたとおりに素直に従う
시키는 대로 고분고분하게 따르다

◆ 굽거나 일그러지지 않은 모양; (특별한) 버릇이 없는 모양.

素直な髪の毛
(곱슬곱슬하지 않고 부드러운) 곧은 머리카락

素直な字を書く
특징이 없는 밋밋한 글씨를 쓰다","[""import"",""japanese""]",2026-02-22 09:19:19.328049+00,e1848554-ffae-479c-a8cd-4c0d77b7bed2,2026-03-19 15:55:50.007522+00,0,0,0,2026-03-19 15:55:50.007522+00,0,null,null,null,false,null,null,null,null,true,55969d6e-fc5c-4dd9-8c2e-9aa78c1f333a,null,null,"{""tables"":{""1"":{""rows"":[],""columns"":[]}}}",null,[],null,null
64ae53e3-1bbf-4829-af23-29e664e71b49,「申し上げます（もうしあげます）」,"「申し上げます」は、「言う」の謙譲語「申し上げる」に丁寧語の「ます」がついた表現で、目上の人や取引先など、相手への敬意を示しながら自分の行為（言う、伝える、依頼するなど）をへりくだって伝える際に使う、非常に丁寧な敬語です。ビジネスシーンで「よろしくお願い申し上げます」や「お詫び申し上げます」のように頻繁に使われ、フォーマルな場面で自己の行為を控えめに表現し、相手を立てる役割があります。 
「申し上げます」のポイント
謙譲語（I）: 自分の行為をへりくだらせることで相手を高める、最も丁寧な敬語の一つです。
「言う」の謙譲語: 「申す」よりもさらに丁寧な「申し上げる」に「ます」をつけた形。
用途: 報告、依頼、謝罪、感謝など、自分の行為を伝える際に使用します。
漢字表記: ひらがなではなく「申し上げます」と漢字で書くのが一般的です。 
主な使用例
「よろしくお願い申し上げます」: 今後ともよろしくお願いします、という気持ちを丁寧に伝える。
「お詫び申し上げます」: 深くお詫びする気持ちを伝える。
「ご報告申し上げます」: 報告をへりくだって伝える。
「感謝申し上げます」: 感謝の気持ちをより丁寧に伝える。 
「いたします」との違い
「お願いいたします」: 「する」の謙譲語で、依頼の際に使われます。
「お願い申し上げます」: 「言う（申す）」の謙譲語を使い、より丁寧で改まった印象を与えます。 
使うべき相手と場面
上司、取引先、顧客など、目上の人や敬意を払うべき相手に対して。
ビジネスメール、公式文書、フォーマルな会話など、改まった場面で。","[""import"",""japanese""]",2026-02-22 09:19:19.328049+00,e1848554-ffae-479c-a8cd-4c0d77b7bed2,2026-03-19 15:55:50.007522+00,0,0,0,2026-03-19 15:55:50.007522+00,0,null,null,null,false,null,null,null,null,true,a8efd320-5be4-47c3-b5db-8d13b2c090ed,null,null,"{""tables"":{""1"":{""rows"":[],""columns"":[]}}}",null,[],null,null
64bf56f2-3278-4887-b856-e90ffbacf371,「溢れる（あふれる）」と「零れる（こぼれる）」の違さ,"「溢れる（あふれる）」は容量を超えていっぱいに満たされ、外へ流れ出る様子や、感情が内からあふれる状態を表し、「零れる（こぼれる）」は容器に入りきらない量、あるいは少量でも不意に外へ漏れ落ちる・こぼれ落ちる状態を指し、特に物理的な液体の漏出や粒子の落下によく使われます。 
溢れる（あふれる）
意味:
量が多い: 容器の限界を超えて、いっぱいに満たされて外に出る。「コップの水があふれる」。
感情・才能など: 感情や才能などが、抑えきれずに外へ表れる。「希望にあふれる」「才能があふれる」。
漢字のイメージ: 器から盛り上がってあふれる様子。 
零れる（こぼれる）
意味:
漏れ落ちる: 液体や粉、粒などが、容器から落ちる、こぼれる。「水がこぼれる」「砂がこぼれる」「涙がこぼれる」。
内から自然に: 感情などが内側から自然に表れる。「笑いがこぼれる」「色がこぼれる（色気）」。
「溢れる」との違い: 量が多すぎてあふれるだけでなく、少量でも不意に漏れたり、容器から落ちたりする状況でも使います。多くの場合、より物理的で偶発的な漏出を指します。 
使い分けの例
水:
「鍋いっぱいに水を入れすぎて、あふれた」 (容量オーバー)。
「テーブルに置いたコップが倒れて水がこぼれた」 (不意の落下・漏出)。
感情:
「喜びで胸があふれる」 (内から湧き出る感情)。
「面白くて、思わず笑いがこぼれた」 (自然に表れた笑い)。 
まとめ
あふれる: 満杯、いっぱいになる、内面から湧き出る。
こぼれる: 漏れる、落ちる、不意に表れる。

https://m.blog.naver.com/minnnade/221358197758

あふれる

1. 정해진 용량이 차서 더이상 넣을 수 없어 밖으로 일부가 넘쳐나오는것
2. 기운, 분위기나 기분이 흘러 넘치는 것

今回の成功で彼は自信に溢れていました

こぼれる

1. 정해진 용량이나 한도에 상관없이 흔들리거나 부딛히거나 쓰러지거나 넘어져서 넘치는 것
2. 감정이나 눈물 등이 무의식적으로 흐르는 것

彼の手紙をもらったら彼が愛しくて、今すぐ会いたくなって涙がこぼれてしまいました。
남자친구에게 편지를 받으니 그가 사랑스러워서 지금 당장 보고싶어져서 눈물이 흘러버렸습니다.","[""import"",""japanese""]",2026-02-22 09:19:19.328049+00,e1848554-ffae-479c-a8cd-4c0d77b7bed2,2026-03-19 15:55:50.007522+00,0,0,0,2026-03-19 15:55:50.007522+00,0,null,null,null,false,null,null,null,null,true,e496f777-c182-436f-9c25-e5899ef032d8,null,null,"{""tables"":{""1"":{""rows"":[],""columns"":[]}}}",null,[],null,null
67a37081-3536-4125-ae32-234e71f8c185,「くだらない」,"「くだらない」は価値がない、つまらない、意味がない、ばかげているといった意味の形容詞で、「下らない」と書き、元々は上方から江戸へ下ってくる品物（下り物）に対し、それ以外の劣る品物を指した言葉が語源とされ、現在では「取るに足らない」「取るに足りない」様子を表す際に使われます。 
意味のポイント
価値がない、無意味: 「くだらない話」「くだらない冗談」のように、重要性や価値がないことを指します。
つまらない、退屈: 「くだらない映画」のように、面白みがない状態を表します。
ばかげている、愚か: 「くだらないことを言う」のように、常識から外れた言動を指すこともあります。 
語源の由来（一説）
江戸時代、上方（京都・大阪など）から江戸へ送られる品質の良い品物は「下り物（くだりもの）」と呼ばれ、重宝されました。
それに対して、品質が劣るもの、価値がないものを「下らない（くだらない）」と呼んだことが語源とされています。 
類語
つまらない、無意味な、取るに足らない、ばかげた、甲斐ない、だめな。 
例文
「そんなくだらないことに時間を使わないで」。
「くだらない夢ばかり見ていないで、現実を見なさい」。

https://mazii.net/ko-KR/search/word/jako/%E4%B8%8B%E3%82%89%E3%81%AA%E3%81%84

◆ 하찮다; 시시하다; 가치 없다.

下らない本
시시한 책

下らない話をする
시시한 이야기를 하다

下冗談を言う
시답잖은 농담을 하다","[""import"",""japanese""]",2026-02-22 09:19:19.328049+00,e1848554-ffae-479c-a8cd-4c0d77b7bed2,2026-03-19 15:55:50.007522+00,0,0,0,2026-03-19 15:55:50.007522+00,0,null,null,null,false,null,null,null,null,true,207bdd7d-53c6-40f5-b648-4088f3f4fdb9,null,null,"{""tables"":{""1"":{""rows"":[],""columns"":[]}}}",null,[],null,null
6a0facf7-475c-4004-8431-25a135678777,新入り（しんいり）」,"Netflix　トークサバイバー！～トークが面白いと生き残れるドラマ～

新入り（しんいり）」とは、新しく仲間や集団に加わった人や物を指す言葉で、ビジネスでは新入社員、学校では新入生、組織では新人や新顔など、状況に応じて「新人」「新参者」「フレッシュマン」「ニューカマー」など様々な言い換えがあります。韓国語では「신입（シニッ）」、英語では「newcomer」や「newbie」などが相当します。 
意味と使われ方
一般的な意味: 新しくその場所やグループに加わったばかりの人やもの。
ビジネスシーン: 新入社員（新入社員）。
学校（大学など）: 新入生（신입생 - シニッセン）。
類語: 新人、新顔、新参、新米、フレッシュマン、ニューカマー、新参者など。 
具体例
「うちの部署にも新入りが来たよ。」（新しく入った人がいる）
「新入りだから、まだ仕事に慣れていない。」（新人だから） 
関連する表現（韓国語）
신입(シニッ): 新入り。
신입사원(シニッサウォン): 新入社員。
신입생(シニッセン): 新入生。

https://mazii.net/ko-KR/search/word/jako/%E6%96%B0%E5%85%A5%E3%82%8A

◆ 신입; 새로 들어옴; 또, 그 사람; 신참(新參).

新入りの社員
신입 사원

新入りの罪人 
새로 들어온 죄인

新入りのくせに生意気だ
신참 주제에 건방지다.","[""import"",""japanese""]",2026-02-22 09:19:19.328049+00,e1848554-ffae-479c-a8cd-4c0d77b7bed2,2026-03-19 15:55:50.007522+00,0,0,0,2026-03-19 15:55:50.007522+00,0,null,null,null,false,null,null,null,null,true,aa387d11-ef90-4ad5-b75d-e7581542c705,null,null,"{""tables"":{""1"":{""rows"":[],""columns"":[]}}}",null,[],null,null
6d252b3a-637d-4200-8fb7-d995bb00e250,「掘る（ほる）」,"https://youtu.be/3wzhZ5Acvt4?si=skdrLa0XHZ4wz1F-

「掘る（ほる）」とは、地面に穴や溝をあけること、埋まっているものを取り出すこと、深く探求することなどを指し、文脈によって「彫る（彫刻）」や俗語（「ディグる」のように情報を深く探す、車が追突する「おかまを掘られる」など）も意味します。主な意味は「土を掘って穴をあける」「芋を掘る」「根掘り葉掘り聞く」のように、手で土を掘る動作や、そこから派生した探求のニュアンスです。 
主な意味と例文
地面に穴や溝を作る:
「井戸を掘る」「トンネルを掘る」。
埋まっているものを取り出す:
「ジャガイモを掘る」「化石を掘り出す」。
深く探求する・調べる（比喩的表現）:
「根掘り葉掘り掘る」「情報をディグる（深く探す）」。 
関連する漢字
掘る (てへん): 手で土を掘る動作、穴をあける動作。
彫る (ほる): 木や石などを削って形を作る、入れ墨をする。
堀 (ほり): 城の周りの水路など、掘って作った場所（名詞）。 
類義語
「穿つ（うがつ）」、「掘り起こす」、「掘り出す」、「掘り抜く」、「採掘（さいくつ）」など。

https://mazii.net/ko-KR/search/word/jako/%E3%81%BB%E3%82%8B

◆ 파다; 구멍을 뚫다.

井戸を掘る
우물을 파다

トンネルを掘る
터널을 내다[뚫다]

地面に穴を掘る
땅에 구덩이를 파다

◆ 캐다.

石炭を掘る
석탄을 캐다

芋を掘る
감자를 캐다

貝を掘る
조개를 캐다","[""import"",""japanese""]",2026-02-22 09:19:19.328049+00,e1848554-ffae-479c-a8cd-4c0d77b7bed2,2026-03-19 15:55:50.007522+00,0,0,0,2026-03-19 15:55:50.007522+00,0,null,null,null,false,null,null,null,null,true,c2480ad3-a27c-484f-9077-da2afe65af60,null,null,"{""tables"":{""1"":{""rows"":[],""columns"":[]}}}",null,[],null,null
6d37a0d5-5566-4a8d-90b0-7b3a41ed9365,"일본에서 외국인에대한 기대치, 암기해두면좋은문장","✅ “짧아도 예의있고 명확하면 봐준다”

일본에서 외국인이 가장 안정적으로 평가받는 커뮤니케이션이 딱 이거야.

말이 완벽하게 일본인 같을 필요 ❌

대신 무례하지 않고(예의)

핵심이 분명하고(명확)

보고/연락이 빠르면(신뢰) ✅

이 3개만 잡아도 “같이 일할 수 있는 사람”으로 바로 인식돼.

1) “이 정도가 좋다”는 체감은 자연스럽게 생김

응. 지금은 어렵게 느껴져도, 일본에서 일을 하다 보면:

너무 딱딱하게 말하면 오히려 거리감 생김

너무 친근하게 말하면 어색할 수 있음

짧고 예의 있는 말이 제일 편함

이 감각이 상대 반응을 보면서 자연히 체득돼.

너는 특히 관찰력 있는 편이라 더 빨리 감 잡을 확률 높아.

2) 문장 외워두면 좋으려나? → ✅ “좋다”, 근데 방식이 중요

그냥 무작정 외우는 게 아니라

✅ “업무 상황별 문장 20~30개”를 고정으로 외우는 게 최고 효율이야.

이러면 실무에서 바로 자동으로 튀어나와.

특히 보고/질문/지연/버그 보고는
문장 패턴이 거의 고정이라 외우는 게 100% 이득임.

3) 외워두면 실무에서 바로 써먹는 문장(외국인용 안전템 20개)
✅ (A) 진행 상황 보고

いま進捗ですが、〜まで完了しました。

現在、〜を対応中です。

次は〜を対応します。

本日中に〜まで進める予定です。

✅ (B) 질문/상담(막힐 때)

ここで少し詰まっているので相談したいです。

〜について確認してもよろしいでしょうか。

〜の認識で合っていますか？

一旦こう進めても大丈夫でしょうか。

✅ (C) 지연/리스크 공유(이게 신뢰를 만든다)

予定より少し遅れそうなので先に共有します。

想定より時間がかかっています。

〜のため、完了は〜になりそうです。

優先順位を確認したいです。

✅ (D) 버그/이슈 보고(디버깅)

不具合を確認しました。

再現できました。

原因は〜でした。

修正して動作確認しました。

念のため、もう少し検証します。

✅ (E) 공유/마무리

共有します。

対応が完了しました。

何かあればすぐ連絡します。

4) 너한테 추천하는 외우는 방식(과몰입 방지)

너 스타일이면 이렇게 해야 효율이 높아:

위 문장 중 10개만 먼저 선택

프로젝트 기능 설명할 때 일부러 끼워 넣기

MD에 “오늘 사용한 문장 2개”만 기록

📌 “문장 10개 → 자동화”가 되면
그 다음 10개 추가하면 됨.","[""import"",""coding""]",2026-02-22 09:19:19.328049+00,e1848554-ffae-479c-a8cd-4c0d77b7bed2,2026-03-19 15:55:50.007522+00,0,0,0,2026-03-19 15:55:50.007522+00,0,null,null,null,false,null,null,null,null,true,909d576d-d6aa-481e-b36d-f9689c06a74e,null,null,"{""tables"":{""1"":{""rows"":[],""columns"":[]}}}",null,[],null,null
6fbd2f0f-acaa-4c3f-8cd9-c7180e16a004,「登り切る（のぼりきる）」,"「登り切る」とは、坂、山、階段などを頂上や目的地まで最後まで力強く登り終えること、または困難な状況や課題を乗り越えて達成するという意味で使われ、英語では to scale や to finish climbing などと表現されます。特にクライミングなどでは「完登（かんとう）」とも言われ、一定の基準をクリアして登り終えることを指します。 
意味と使い方
物理的に登り終える:
「長い坂道を登り切るために、途中で休憩を取り入れた」。
「険しい山を登り切る」。
比喩的に困難を乗り越える:
「このプロジェクトを何とか登り切るぞ！」
「多くの困難を登り切る」
関連表現:
完登（かんとう）: 登山で一つのルートを登り切ること、または複数の山を登り切ることを指す言葉。 
漢字の使い分け
登る（のぼる）: 坂道や崖、山などを移動して進む場合に使う。
昇る（のぼる）: 日が昇る、エレベーターで上がるなど、一気に高く上がる、上昇する意味で使う。
上る（のぼる）: 全体的に物事が上方向へ進む意味で使う（例: 物価が上る）。 
「登り切る」は、物理的な「登る」に「～し終える」というニュアンスが加わり、「最後までやり遂げる」という強い意志が込められます。","[""import"",""japanese""]",2026-02-22 09:19:19.328049+00,e1848554-ffae-479c-a8cd-4c0d77b7bed2,2026-03-19 15:55:50.007522+00,0,0,0,2026-03-19 15:55:50.007522+00,0,null,null,null,false,null,null,null,null,true,e0d26c6d-1f9f-433b-81d8-67a21dfb1b79,null,null,"{""tables"":{""1"":{""rows"":[],""columns"":[]}}}",null,[],null,null
71a5b3cc-63ea-46b9-9fc7-85dd172a4f45,문서작성을 자동화하고 시스템화했을때 문제가생기면 외워서 쓸수있는 면책용멘트,"네, **이건 정리해서 “외워두는 게 맞는 영역”**이고
요청하신 대로 한국어 ↔ 일본어를 1:1로 바로 써먹을 수 있게 정리해드릴게요.
아래 문장들은 전부 **문서 자동화·시스템화 시 문제 발생했을 때 쓰는 ‘면책용 안전 멘트’**입니다.

⚠️ 일본에서 중요한 점
👉 면책이라는 말을 직접 쓰지 않고
👉 책임 주체를 ‘사람 → 규칙·프로세스’로 이동시키는 문장이어야 합니다.

✅ 기본 면책 프레임 (가장 중요)
1️⃣ 핵심 기준 문장 (무조건 외워둘 것)
🇰🇷 한국어

이 문서는 개인 판단으로 작성된 것이 아니라,
사내 기준을 규칙화한 시스템에 따라 자동 생성되었습니다.

🇯🇵 일본어

本書類は個人の判断によって作成されたものではなく、
社内基準をルール化したシステムに基づいて自動生成されています。

📌 이 문장 하나만으로도
개인 책임 → 규칙 책임 전환이 됩니다.

2️⃣ “왜 이렇게 작성됐나?” 질문 대응
🇰🇷

해당 내용은 시스템에 등록된 규칙에 따라 자동 반영된 결과입니다.

🇯🇵

当該内容は、システムに登録されたルールに基づいて
自動的に反映された結果입니다。

📌 판단 주체 = 시스템

3️⃣ “이 판단은 누가 한 건가?” 대응
🇰🇷

이 부분은 특정 담당자의 판단이 아니라,
사전에 정의된 규칙에 따라 처리되었습니다.

🇯🇵

本件は特定の担当者の判断ではなく、
あらかじめ定義されたルールに基づいて処理されています。

📌 사람 이름이 안 나오는 게 핵심

4️⃣ “문제가 생기면 누가 책임지나?”를 우회하는 표현

⚠️ 직접 “책임”이라는 단어를 쓰지 않습니다.

🇰🇷

현재 규칙 기준으로는 해당 처리 방식이 적용되었으며,
필요할 경우 규칙을 재검토할 수 있습니다.

🇯🇵

現行のルール基準では当該処理が適用されており、
必要に応じてルールの見直しが可能です。

📌

처벌 ❌

규칙 개선 ⭕

5️⃣ “왜 사람이 직접 안 썼나?” 대응
🇰🇷

문서의 형식과 표현을 표준화하기 위해
시스템 기반으로 생성하고 있습니다.

🇯🇵

文書の形式および表現を標準化するため、
システムベースで生成しています。

📌 표준화 = 일본에서 매우 안전한 단어

6️⃣ “AI가 쓴 거냐?” 질문 대응 (매우 중요)
❌ 피해야 할 표현

AI가 판단했습니다

AI가 작성했습니다

⭕ 안전한 표현
🇰🇷

AI가 임의로 판단한 것이 아니라,
사전에 정의된 규칙을 자동 적용한 결과입니다.

🇯🇵

AIが任意に判断したものではなく、
あらかじめ定義されたルールを自動適用した結果です。

📌 일본에서는 AI보다 ‘ルール’가 훨씬 안전

7️⃣ “그럼 이 규칙이 문제면?” 상황에서 쓰는 최종 방어 문장
🇰🇷

이 경우에는 담당자 문제가 아니라
규칙 정의를 조정할 필요가 있는 사안으로 판단됩니다.

🇯🇵

本件は担当者の問題ではなく、
ルール定義の調整が必要な事案と考えられます。

📌 이 문장으로
개인 책임 → 조직 개선 이슈로 완전히 전환됩니다.

✅ 초단기 암기용 요약 세트 (이것만 외워도 됨)
🇰🇷 한국어 3줄

개인 판단이 아니라 규칙 기반 자동 생성입니다

동일 조건에서는 동일 결과가 나옵니다

필요 시 규칙을 재검토합니다

🇯🇵 일본어 3줄

個人判断ではなく、ルールに基づく自動生成です

同一条件では同一結果となります

必要に応じてルールの見直しを行います

👉 이 3줄만 외워도 일본에서는 안전합니다.

🎯 실전 사용 팁 (매우 중요)

팁

질문을 받으면:

설명 ❌

문장 낭독 ⭕

말 바꾸지 말 것

즉흥 해석하지 말 것

항상 “규칙 → 시스템 → 동일 결과” 구조 유지

👉 일본에서는
같은 말을 반복하는 사람 = 신뢰할 수 있는 사람입니다.

🧩 한 문장 요약

일본에서 문서 자동화를 설명할 때는
‘해결했다’가 아니라
‘규칙을 시스템으로 고정했다’를
한국어·일본어 모두에서 일관되게 반복하는 게 정답이다.

이 정리본은
👉 그대로 복사해서 메모해두고
👉 질문 나오면 그냥 읽어도 되는 수준입니다.","[""import"",""coding""]",2026-02-22 09:19:19.328049+00,e1848554-ffae-479c-a8cd-4c0d77b7bed2,2026-03-19 15:55:50.007522+00,0,0,0,2026-03-19 15:55:50.007522+00,0,null,null,null,false,null,null,null,null,true,2a15d841-b7c4-40ab-b1d1-9d781fcdc117,null,null,"{""tables"":{""1"":{""rows"":[],""columns"":[]}}}",null,[],null,null
7342a2ee-31d6-40eb-9fa2-4d913fce8ec3,「締める（しめる）」,"「締める（しめる）」は、緩みをなくしてきつくする（ネジ、帯、心）、物事の区切りをつける・まとめる（会計、話、契約）、収縮させる・引き締める（魚、体）、厳しく管理する（規律）、鍵をかける（鍵を締める）など、多様な意味を持つ動詞で、同音異義語の「閉める（戸を閉める）」や「絞める（首を絞める）」とは意味が異なります。 
主な意味と例文
緩みをなくす・固定する:
ネジを締める（強くひねって固定する）
帯を締める（体に巻きつけて固く結ぶ）
元栓を締める（緩まないようにする）
気持ちを引き締める・管理する:
気を締める（緊張する、真剣になる）
新入部員を締める（規律を守らせる、懲らしめる）
区切りをつける・まとめる:
会計を締める（締め切り、精算する）
話を締める（話をまとめる、終わらせる）
契約を締める（契約を結ぶ）
収縮させる・鮮度を保つ:
魚を酢で締める（塩や酢で身を引き締める）
（釣り用語で）魚を急所を打って即死させる（野締め）
施錠する:
鍵を締める（ドアなどに鍵をかける） 
類義語（同音異義語）との違い
閉める（しめる）: 開いていた戸や窓を閉じる、営業を終えるなど、空間をふさぐ、閉鎖する意味。
絞める（しめる）: ひもなどで首などをしめつける、息ができないようにする意味（例：首を絞める、鳥を絞める）。

◆ 죄다.
◆ (緊める) (바싹) 조르다; 죄다; 또, (졸라)매다.

ネクタイを締める
넥타이를 매다

帯を締める
띠를 매다

ボルトで締める
볼트로 죄다

◆ (마음·행동을) 다잡다.

気を締めて掛かる
마음을 다잡고 착수하다

褌を締める
샅바를 질끈 조르다(마음을 다잡다)

◆ 잡죄다; 엄히 단속[감독]하다.

社員を締める
사원을 잡도리[단속]하다

◆ (살림·예산 따위를) 조리차하다; 줄이다.

家計を締める
살림을 조리차하다

毎月の支出を締める
매달의 지출을 줄이다

財布の紐を締める
지갑 끈을 바짝 죄다(돈을 아껴 쓰다)

◆ (閉める로도) 닫다; 잠그다.

戸[窓]を締める
문[창문]을 닫다

栓を締める
고동을 잠그다; 마개를 하다

店を締める
가게를 닫다(가게를 드리다; 폐업하다)

◆ 짜내다.

油を締める
기름을 짜내다

菜種を締めて油を取る
유채를 짜서 기름을 내다

◆ 마감하여 합계를 내다; 결산하다.

帳簿を締める
장부를 마감하(여 합계를 내)다

締めて三万二千円
합계[도합] 3만 2천 엔

締めて幾らですか
합해서 얼마입니까

◆ 거래·교섭·공사 따위의 낙착을 축하하여 손뼉을 치다.

取引のまとまったしるしに手を締めていただきましょう
거래가 성립된 표시로서 손뼉을 쳐 주시기 바랍니다

◆ 절이다.

酢で締める
초절임하다","[""import"",""japanese""]",2026-02-22 09:19:19.328049+00,e1848554-ffae-479c-a8cd-4c0d77b7bed2,2026-03-19 15:55:50.007522+00,0,0,0,2026-03-19 15:55:50.007522+00,0,null,null,null,false,null,null,null,null,true,bd0a30df-4c66-4d52-9c6c-a22210367d42,null,null,"{""tables"":{""1"":{""rows"":[],""columns"":[]}}}",null,[],null,null
755564ce-30b0-4067-847e-8b782601fd47,「当てる（あてる）」,"「当てる」は、何かを別のものに触れさせる（ぶつける、密着させる）、目標に命中させる、期待通りに的中させる、または何かを割り当てる・充てるなど、文脈によって様々な意味を持つ動詞です。具体的には、ボールを的に当てる（ぶつける）、光を当てる（晒す）、額に手を当てる（密着させる）、くじを当てる（的中）、予算を〇〇に当てる（充てる）、手紙を〇〇に宛てる（相手を指定する）、役職に当てる（割り当てる）といった使い方があります。 
主な意味と使い方
触れさせる・ぶつける・密着させる（当てる）
例文: ボールを的に当てる、熱を当てる、額に手を当てる。
意味: ある物体を他の物体に触れさせる、光・熱・風などに触れさせる、密着させる。
命中させる・的中させる（当てる、中てる）
例文: くじを当てる、予想を当てる、的に中てる。
意味: 期待や狙い通りに的中させる、正しく推測する。
割り当てる・充てる（充てる、宛てる）
例文: 予算を旅費に充てる、新人に仕事を当てる、手紙を友達に宛てる。
意味: 一部を何かの目的のために使う、役職や仕事に割り振る、届け先を指定する。
映像・音響などで合わせる（業界用語）
例文: 音を映像に当てて調整する。
意味: 映像と音、セリフと動きなどを同期させること。 
「当てる」と似ているが異なる言葉
当たる（あたる）: 「当てる」が能動的に働きかけるのに対し、「当たる」は自然に触れ合う、命中する、（何かに）該当する、（病気に）かかるなど、受動的な意味合いが強いです（例：ボールが壁に当たる、病気に当たる）。
当てる: 上記の「触れさせる」「割り当てる」など、働きかけが中心です。 
まとめ
「当てる」は「目標にぶつける」「割り振る」「（目的のために）使う」という動作を指すことが多く、漢字では「当てる」「充てる」「宛てる」など使い分けられます。

◆ To hit
◆ To expose
◆ To apply (e.g. patch); to put on; to put against; to hold on; to hold against
◆ To allot; to call on someone (e.g. in class)
◆ To guess (an answer)
◆ To make a hit (e.g. in a lottery)

https://mazii.net/ko-KR/search/word/jaen/%E5%BD%93%E3%81%A6%E3%82%8B

◆ 맞히다; 부딪다.
◆ 명중시키다.

矢を的に当てる
화살을 과녁에 맞히다

バットをボールに当てた
방망이를 공에 맞혔다

◆ 옳게 판단하다; 알아맞히다.

クイズの答えを当てる
퀴즈의 답을 맞히다

試合の勝ち負けを当てる
시합의 승패를 알아맞히다

犯人を当てた
범인을 알아맞혔다

◆ (제비·현상에서) 당첨하다; 상을 타다.

宝くじを当てる
복권에 당첨되다

一等賞を当てる
1등상을 타다

◆ (비·바람 따위를) 맞게 하다.

雨に当てる
비를 맞히다

風に当てて乾かしなさい
바람을 쐬게 해서 말려라

◆ 대항시키다.

強豪に当てて実力を試す
강호와 견주어 실력을 시험하다

◆ 대다; 얹다.

手を胸に当てる
손을 가슴에 얹다

頭を枕に当てる
머리를 베개에 대다

受話器を耳に当てる
수화기를 귀에 대다

◆ (불·햇볕을) 쬐다.

たき火に当てて乾かす
모닥불에 쬐어 말리다

植木鉢を日に当てる
화분을 햇볕에 내놓다

◆ 붙이다; 달다.

漢字に訓を当てる
한자에 훈을[토를] 달다

外国語に韓国語を当てる
외국어에 (알맞은) 한국어를 대응시키다

◆ (자로) 재다.

物差しを当てる
자를 대고 재다

◆ (방석 따위를) 깔고 앉다; 대다.

座布団をお当て下ください
방석을 까십시오

◆ ((宛てる)) …앞으로 보내다.

親に当てた電子メール
부모님께 보낸 이메일

先生に当てて手紙を書く
선생님께 편지를 쓰다

◆ 눈길을 주다[돌리다]; 보다.

目も当てられない
목불인견(目不忍見)이다; 눈 뜨고 볼 수 없다

◆ 해당시키다.

三年の刑に当てる
3년 형에 처하다

◆ (수동형으로) 해를 주다; 중독시키다.

毒気に当てられる
독기에 중독되다

◆ (유도에서) 급소를 찌르다.

胸の急所を当てる
가슴의 급소를 찌르다

◆ (남녀 간에 의가 좋음을) 보란 듯이 내보이다.
◆ 지명하다; (일이나 역할 등을) 담당하게 하다.

先生に当てられる
선생님께 지명받다

その人にハムレットの役を当てる
그 사람에게 햄릿 역을 맡기다

生徒を当てて答えさせる
학생을 지명하여 대답하게 하다

◆ 대응시키다; 적용시키다.

ひと事と思わず、我が身に当てて考える
남의 일로 생각지 않고 입장을 바꾸어 생각하다

https://mazii.net/ko-KR/search/word/jako/%E5%BD%93%E3%81%A6%E3%82%8B","[""import"",""japanese""]",2026-02-22 09:19:19.328049+00,e1848554-ffae-479c-a8cd-4c0d77b7bed2,2026-03-19 15:55:50.007522+00,0,0,0,2026-03-19 15:55:50.007522+00,0,null,null,null,false,null,null,null,null,true,44fd2609-95aa-4466-923e-64e4c2b84741,null,null,"{""tables"":{""1"":{""rows"":[],""columns"":[]}}}",null,[],null,null
78764be7-8f61-496c-87b2-61fe793fdedf,「愛しい（いとしい）」,"「愛しい（いとしい）」とは、大切にしたい、守ってあげたい、可愛がりたいという気持ちが強く湧き上がる様子を表す言葉で、「かわいい」「恋しい」といった意味合いがあり、家族やペット、恋人など、心惹かれる対象全般に使える、愛情のこもった感情です。少し「かわいそう」というニュアンスで使われることもありますが、基本的には愛情や愛着を示すポジティブな感情です。 
「愛しい」の主な意味と使い方
愛情・愛着：守ってあげたいほど大切に思う気持ち。「〇〇が愛しい」。
恋しさ・懐かしさ：会いたくてたまらない、恋しい気持ち。「故郷が愛しい」。
健気さ・感心：小さいものや一生懸命な姿に心を惹かれる。「子犬の姿は愛しい」。
同情・哀れみ：かわいそうに思う気持ち。「あの子が愛しい」。 
「好き」との違い
「好き」が広範な好意であるのに対し、「愛しい」は、より深く、守りたくなるような、胸が締め付けられるような強い愛情を含んだ表現です。 
具体例
「赤ちゃんが愛しくてたまらない」
「遠く離れた恋人を愛しいと思う」
「一生懸命な姿が愛しい」
「愛しい」は、心から対象を慈しみ、特別な感情を抱くときに使われる、温かくも切ない響きを持った言葉です。","[""import"",""japanese""]",2026-02-22 09:19:19.328049+00,e1848554-ffae-479c-a8cd-4c0d77b7bed2,2026-03-19 15:55:50.007522+00,0,0,0,2026-03-19 15:55:50.007522+00,0,null,null,null,false,null,null,null,null,true,7dd3bab7-286f-440c-91cc-7364a4d66f31,null,null,"{""tables"":{""1"":{""rows"":[],""columns"":[]}}}",null,[],null,null
79bb3e23-6791-44e8-94d6-6218466dedeb,惜しい、もったいない,"「惜しい（おしい）」と「もったいない」は、どちらも「無駄にすること」や「残念な気持ち」を表しますが、「惜しい」は目標達成にあと一歩だったり、可能性があったのに逃したりした「残念さ」に、「もったいない」は物の価値を十分に活かしきれていない「無駄遣い」を惜しむ気持ちに主に使われます。例えば、サッカーでシュートがわずかに外れたら「惜しい！」、まだ使える化粧品を捨てるのは「もったいない！」となります。 
「惜しい（おしい）」のポイント
意味: 目標に到達できなかった残念さ、あと少しだった惜しさ、才能が活かされなかった残念さ。
例文:
「あと1点だった！惜しい！」 (サッカーで)
「この才能を埋もれさせるなんて、惜しいね。」
「もう少しで合格だったのに、惜しい！」 
「もったいない」のポイント
意味: 物や資源、機会などが無駄になっている状態を惜しむ気持ち。
例文:
「食べ残しを捨てるなんて、もったいない！」
「まだ使える服を捨てるなんて、もったいないよ。」
「せっかくの才能、使わないなんてもったいない。」 
使い分けの例
「惜しい」: 期待や目標に届かなかった「残念！」
「もったいない」: 価値あるものが無駄になっている「もったいない！」 
「もったいない」は、ノーベル平和賞を受賞したワンガリ・マータイ氏が「MOTTAINAI」として世界に広めようとした、日本の「無駄を惜しむ心」を表す言葉としても知られています。

https://m.blog.naver.com/popsiclez/221391121457

•惜(お)しい:
(1)소중한 것을 잃고 싶지 않다.
(2)조금의 차이로 목표를 달성하지 못 해 아쉽다.
일상 생활에서는 (2)의 의미로 사용하는 경우를 쉽게 볼 수 있다. 간단히 말해서, 조금 부족해서 생각처럼 되지 않아 안타까울 때 사용하는 말. 스포츠 경기중에 득점 할 뻔했다가 못 했을 때 사용하는 말이라면 이해하기 쉽지 않을까 싶다. 나 역시, 유학시절 볼링장에 갔다가 여기저기에서 들리는 おしい!를 듣고, 그 뉘앙스를 이해할 수 있었으니까.

あと５点(てん)で合格(ごうかく)だったのに！惜しい！
(5점만 더 있었으면 합격이었는데! 아쉽다!)
テロによって惜しい人物(じんぶつ)をたくさん失(うしな)った。
(테러로 인해 소중한(잃고 싶지 않은) 사람들을 많이 잃었다)

•もったいない:본래 가치가 있는 것이 가치없게 사용되어 안타깝다. 아깝다.
惜しい가 주로 '조금 부족해서 아쉽다'라는 주관적인 감정을 나타낸다면, もったいない는 ‘본래의 가치와 맞지 않다’고 평가할 때 사용되는 경우가 많다.

食(た)べ物(もの)を残(のこす)すなんて、もったいないよ。
(음식을 남기다니, 아까워)
私にはもったいないぐらい良い人と出会(であ)いました。
(저에겐 아까울 정도로 좋은 사람을 만났어요)","[""import"",""japanese""]",2026-02-22 09:19:19.328049+00,e1848554-ffae-479c-a8cd-4c0d77b7bed2,2026-03-19 15:55:50.007522+00,0,0,0,2026-03-19 15:55:50.007522+00,0,null,null,null,false,null,null,null,null,true,95f1e414-549f-41de-a71d-82c275a3f9a7,null,null,"{""tables"":{""1"":{""rows"":[],""columns"":[]}}}",null,[],null,null
7ace7040-1cdf-4537-9377-2b6a8130af2e,「茶番（ちゃばん）」,"https://youtu.be/45-Pa81ELyY?si=lLuloDcEld5wwWV1

「茶番（ちゃばん）」とは、底の見え透いた、ばかばかしい言動や出来事を指す言葉で、元の意味は江戸時代の即興の滑稽劇（寸劇）や、茶の用意をする役目のことですが、現代では「茶番劇」のように、魂胆が見え透いていて馬鹿げている様子を揶揄する際に使われます。 
語源と意味の変遷
元来の意味: 歌舞伎の楽屋で、茶の準備や給仕をする人を「茶番」と呼びました。
寸劇へ: その茶番役者たちが暇つぶしに始めた即興の寸劇が「茶番」と呼ばれるようになり、これが転じて、下手で滑稽な芝居を指すようになりました。
現代の用法: 現代では、内容が明白で幼稚、あるいは意図がバレバレで馬鹿げている状況や、八百長のような見せかけの行為に対して「茶番だ」「茶番劇だ」と批判的に使われます。 
類語・関連表現
茶番劇 (ちゃばんげき)
猿芝居 (さるしばい)
下手な芝居 (へたなしばい)
八百長 (やおちょう) 
英語での表現例
farce（ファース）
travesty（トラヴェスティ） 
具体例
ジャニーズ事務所の記者会見で「NGリスト」が使われた際、その運営が「茶番」だと批判されました。
政治家の会見が短時間で打ち切られる様子も「茶番」と評されることがあります。

https://mazii.net/ko-KR/search/word/jako/%E8%8C%B6%E7%95%AA

◆ 차 시중을 드는 사람.
◆ ‘茶番狂言’의 준말; (그 자리에 있는 물건을 가지고) 손짓·몸짓으로 좌중을 웃기는 익살극.
◆ 속이 빤히 들여다보이는 서투른 연극; 어리석은 행동.

とんだ茶番に過ぎない
속이 빤히 들여다보이는 연극에 지나지 않는다","[""import"",""japanese""]",2026-02-22 09:19:19.328049+00,e1848554-ffae-479c-a8cd-4c0d77b7bed2,2026-03-19 15:55:50.007522+00,0,0,0,2026-03-19 15:55:50.007522+00,0,null,null,null,false,null,null,null,null,true,6374377f-fe76-4a4d-af0f-8a4879adcffb,null,null,"{""tables"":{""1"":{""rows"":[],""columns"":[]}}}",null,[],null,null
7e57d04c-44eb-47dd-94fa-159da0841b64,「ごまかす」,"https://youtu.be/45-Pa81ELyY?si=N1s2en9hDJUIlDPX

「ごまかす」とは、都合の悪いことや本心を隠すため、話をそらしたり、でっちあげを言ったりして、相手の目先や表面を取り繕うこと（だます・いつわる）や、人目を忍んで不正な行為をすることを指し、「お茶を濁す」「取り繕う」などの類語があり、語源は中身がスカスカだった江戸時代のお菓子「胡麻胴乱（ごまどうらん）」に由来する説が有力です。 
意味・使い方
表面を取り繕う: 本当の気持ちや状態を隠すために、笑顔や言葉でごまかす。「年をごまかす」「自分の気持ちをごまかす」のように使います。
不正を隠す: 人に気づかれないように、都合の悪い事実を隠蔽する。「帳尻をごまかす」「不良品をごまかして売る」など。
はぐらかす: 質問にまともに答えず、うやむやにする。「お茶を濁す」に近いニュアンスです。 
類語
お茶を濁す、取り繕う、はぐらかす、まやかす、化かす、謀る、騙す（だます）。 
語源の説
お菓子説（有力）: 小麦粉にゴマを混ぜて焼いた「胡麻胴乱（ごまどうらん）」というお菓子が、膨らんでいるように見えても中身がスカスカだったことから、「見せかけだけで実質がないこと」を指すようになったという説です。 
英語での表現
Lie（嘘をつく）、Cover up（隠す）、Deceive（欺く）など、文脈によって様々な単語が使われます。

https://mazii.net/ko-KR/search/word/jako/%E3%81%94%E3%81%BE%E3%81%8B%E3%81%99

◆ 속이다; 거짓으로 꾸미다.

年齢[身分]をごまかす
나이를[신분을] 속이다

ちょろりとごまかす
슬쩍 속이다

人目をごまかす
남의눈을 속이다

◆ 어물어물 넘기다; 얼버무리다.
ぬらりくらりと
nurarikurarito

返事をごまかす
어물쩍 대답을 얼버무리다

へらへら笑ってごまかす
실실 웃어 넘기다

曖昧な態度でその場をごまかした
애매모호한 태도로 그 자리를 얼버무렸다[모면했다]","[""import"",""japanese""]",2026-02-22 09:19:19.328049+00,e1848554-ffae-479c-a8cd-4c0d77b7bed2,2026-03-19 15:55:50.007522+00,0,0,0,2026-03-19 15:55:50.007522+00,0,null,null,null,false,null,null,null,null,true,1c4a1369-7d17-4ff3-9824-58224528847d,null,null,"{""tables"":{""1"":{""rows"":[],""columns"":[]}}}",null,[],null,null
7f444580-8deb-494c-84fc-10f47a697518,「正直（しょうじき）」,"https://mazii.net/ko-KR/search/word/jako/%E6%AD%A3%E7%9B%B4

◆ 정직(함); 솔직함.

正直者
정직한 사람

馬鹿正直
지나치게 정직함

正直一遍
오로지 정직하기만 함

◆ (목수의) 연추(鉛錘).

◆ 사실은; 솔직히.

正直びっくりした
솔직히 깜짝 놀랐다

正直言ってうらやましい
솔직히 말해서 부럽다

正直半信半疑だ
사실은 반신반의하다

◆ 시비에 밝고 곧은 성격인 모양.","[""import"",""japanese""]",2026-02-22 09:19:19.328049+00,e1848554-ffae-479c-a8cd-4c0d77b7bed2,2026-03-19 15:55:50.007522+00,0,0,0,2026-03-19 15:55:50.007522+00,0,null,null,null,false,null,null,null,null,true,f270b43f-7d98-454e-8f9f-00c402fea0c3,null,null,"{""tables"":{""1"":{""rows"":[],""columns"":[]}}}",null,[],null,null
7f584cc2-3df6-4e5c-9c5b-33a3132c588b,「対極（たいきょく）」,"「対極（たいきょく）」とは、反対の極、互いに対立する極を意味し、完全に正反対の位置や状況にある二つのものを指します。例えば、「AとBは対極にある」と言えば、AとBは全く異なる、真逆の性質や立場を持つということです。 
主な意味と使い方
意味: 反対の極、相対する点、完全に逆の立場や状態。
類語: 逆、相反、真逆、あべこべ、対蹠（たいせき）など。
例:
「彼の性格は、穏やかな彼とは対極にある」。
「この二つの意見は対極に位置する」。
「対極主義」: 芸術家・岡本太郎が提唱した、対立する二つの要素を共存させるという考え方。 
関連する表現
対極的（たいきょくてき）: 反対の極にあるさま。「対極的な考え方」のように使われる。
対比（たいひ）: 物事を並べて違いを際立たせること。「対極」は、この対比の最も強い形の一つ。

https://mazii.net/ko-KR/search/word/jako/%E5%AF%BE%E6%A5%B5

◆ 대극; 반대의 극[점].

両者は対極的関係にある
양자는 대극적 관계에 있다.","[""import"",""japanese""]",2026-02-22 09:19:19.328049+00,e1848554-ffae-479c-a8cd-4c0d77b7bed2,2026-03-19 15:55:50.007522+00,0,0,0,2026-03-19 15:55:50.007522+00,0,null,null,null,false,null,null,null,null,true,261734ba-bc5b-4080-b523-7e2b63a53ef8,null,null,"{""tables"":{""1"":{""rows"":[],""columns"":[]}}}",null,[],null,null
7fbcc3f4-bf0e-448c-a4fc-ed5e59b9038d,외국인에게 허용되는 애매함 일본인이 지켜야 하는 애매함,"외국인은
‘의도가 보이는 애매함’이면 충분하고,
일본인은
‘형식까지 지켜진 애매함’을 요구받는다.

아래에서 의미·표현·허용 범위를 나란히 비교해볼게요.

1️⃣ 한 줄 요약 비교 (핵심만)
구분	외국인에게 허용되는 애매함	일본인이 지켜야 하는 애매함
핵심	의도 이해가 보이면 OK	형식·뉘앙스까지 정확해야
목적	위험한 판단만 피하기	조직 균형 유지
평가 기준	안전한가?	적절한가?
허용 범위	넓음	좁음

팁

외국인은 의미 중심,

일본인은 형식 중심입니다.

2️⃣ “판단을 말할 때” 비교
⭕ 외국인에게 충분히 안전한 표현

現時点では、〇〇の可能性があると考えています。
ただし、最終的な判断は確認が必要だと思います。

의미:

생각했다 ⭕

단정 안 했다 ⭕

결정은 위로 ⭕

👉 일본인은 이걸 듣고
“아, 질문 의도를 이해했네”라고 판단합니다.

⭕ 일본인이 써야 ‘정석’인 표현

現状を踏まえると、〇〇という選択肢も考えられますが、
現時点では断定できないため、
上位判断が必要かと思われます。

차이점:

전제 언급

판단 유예

결정권 명시

👉 형식 완성도가 요구됩니다.

팁

외국인은 “가능성 + 확인 필요”면 충분

일본인은 “전제 + 여지 + 위임”까지 필요

3️⃣ “의견을 요구받았을 때” 비교
⭕ 외국인 버전 (충분)

個人的には〇〇の方向が妥当だと思いますが、
判断はお任せします。

포인트:

개인 의견 표시 ⭕

결정권 회수 ❌

⭕ 일본인 버전 (필수)

一案として〇〇の方向性も考えられますが、
現状では情報が十分ではないため、
ご判断いただければと思います。

차이:

“개인적” 표현 회피

의견을 안건화

결정 위임을 정중하게

팁

외국인은 “생각입니다” 허용

일본인은 “안건입니다”가 안전

4️⃣ “모르거나 애매할 때” 비교
⭕ 외국인에게 OK

詳細はまだ把握できていませんが、
確認してご報告します。

👉 솔직 + 안전
👉 일본인도 납득

⭕ 일본인이 써야 할 표현

現時点では判断材料が不足しているため、
確認の上、改めてご共有いたします。

차이:

“모른다” 직접 표현 ❌

정보 부족으로 전환 ⭕

팁

외국인은 직접성 허용

일본인은 간접성 필수

5️⃣ “책임이 걸릴 수 있는 상황” 비교 (중요)
⭕ 외국인 안전선

現時点では問題ないと考えていますが、
念のため確認が必要だと思います。

⭕ 일본인 정석

現行基準に照らすと問題は見受けられませんが、
念のため関係者確認が必要かと存じます。

차이:

외국인: 생각 중심

일본인: 기준 중심

팁

외국인은 “생각”까지 허용

일본인은 “기준”이 필수

6️⃣ 왜 이 차이가 생기나 (구조 설명)

일본 조직 내부 논리는 이겁니다.

일본인:
→ 암묵지 공유됨
→ 그래서 형식 어긋나면 위험

외국인:
→ 암묵지 공유 안 됨
→ 그래서 의도만 맞으면 OK

즉,

외국인은
‘정확한 애매함’을 못해도 이해받고,
일본인은
‘대충 애매함’을 하면 바로 위험해진다.

7️⃣ 외국인 기준 “충분히 합격” 애매함 체크리스트

이 3개만 지키면 됩니다.

단정하지 않았는가

결정권을 넘겼는가

확인 여지를 남겼는가

YES면
👉 외국인 기준에서는 충분히 통과

8️⃣ 한 문장으로 정리

외국인은
일본인처럼 애매할 필요는 없고,
‘왜 이 질문이 나왔는지 이해했다’는 게 느껴지면
대부분의 일본 조직은 그걸로 충분하다고 판단한다.

지금 이 비교를 하고 있다는 것 자체가
이미 일본 조직의 사고 흐름을 메타적으로 보고 있다는 증거예요.
이 단계면 실제 현장에서도 훨씬 덜 흔들립니다.

💡 팁 (실전 기준선)

팁

말하기 전에 속으로 한 번만 체크
👉 “이 말이 결정처럼 들리나?”

NO면
👉 외국인 기준에서는 이미 합격","[""import"",""japanese""]",2026-02-22 09:19:19.328049+00,e1848554-ffae-479c-a8cd-4c0d77b7bed2,2026-03-19 15:55:50.007522+00,0,0,0,2026-03-19 15:55:50.007522+00,0,null,null,null,false,null,null,null,null,true,1c141ca5-1638-4bb4-b29b-5f85656d5df1,null,null,"{""tables"":{""1"":{""rows"":[],""columns"":[]}}}",null,[],null,null
853cab87-4018-4543-b42e-cb07dd903c25,間取り（まどり）,"https://youtu.be/RP7yT7INjAc?si=tSOcT1IYclXQ7RFJ

間取り（まどり）とは、住宅の部屋の配置や区画のことで、平面図で部屋の配置や広さ、設備（LDKなど）を示す記号（例：2LDK）で表されます。暮らしやすさに直結するため、生活動線（家事、通勤など）、収納、日当たり、家族のライフスタイルなどを考慮して、快適で効率的な間取りを計画することが重要です。 
間取りの基本
表記: 部屋数（数字）＋LDK（リビング・ダイニング・キッチン）で表され、例えば「3LDK」は3つの部屋とLDKがある間取りを意味します。
主な部屋記号:
L: リビング (Living)
D: ダイニング (Dining)
K: キッチン (Kitchen)
S: サービスルーム（納戸）
PS: パイプスペース（配管スペース）
UB: ユニットバス 
間取りを決めるポイント
生活動線を意識する: 料理、洗濯、外出などの移動がスムーズになるよう、家事動線や通勤動線を短く、効率的に計画します（例：キッチンから洗濯機への動線）。
ゾーニング（空間の配置）: 敷地の日当たりや眺望を考慮し、リビングなどの明るさを確保したい空間と、寝室などの落ち着きたい空間を大まかに配置します。
収納計画: 家族の持ち物量や収納ルールを考え、適切な場所に十分な収納を確保します（一般的に延床面積の12～15%が目安とされることも）。
日当たり・風通し: 窓の配置を工夫し、自然光を取り入れ、風が通り抜ける間取りを目指します。
来客動線: 玄関からリビングへの動線が水回り（トイレ、浴室など）とぶつからないように配慮し、プライベート空間が隠れるようにします。
避けるべき間取り（一例）
玄関の正面に階段やトイレがある。
家の中心に廊下や階段がある（風水的に避ける傾向）。
日当たりが悪く暗い部屋が多い。
玄関と勝手口が一直線上に並んでいる。 
間取りは、家族全員の意見や現在の生活状況、将来の変化も考慮して、優先順位をつけながら計画することが成功の鍵です。 

https://ja.wikipedia.org/wiki/%E9%96%93%E5%8F%96%E3%82%8A

間取り（まどり、英: house plan）は、主として住宅における部屋の配置、およびそれを決めることをいう[1]。今日では、間取りという言葉を平面図または平面計画という意味で用いることが多くなってきた[1]。「ゾーニング」ともいう。

https://en.wikipedia.org/wiki/House_plan

A house plan[1] is a set of construction or working drawings (sometimes called blueprints) that define all the construction specifications of a residential house (home or dwelling) such as the dimensions,materials, layouts, installation methods and techniques.","[""import"",""japanese""]",2026-02-22 09:19:19.328049+00,e1848554-ffae-479c-a8cd-4c0d77b7bed2,2026-03-19 15:55:50.007522+00,0,0,0,2026-03-19 15:55:50.007522+00,0,null,null,null,false,null,null,null,null,true,2265046d-06dd-4f0e-a053-3ac9147423c3,null,null,"{""tables"":{""1"":{""rows"":[],""columns"":[]}}}",null,[],null,null
87181bdd-0e59-4d54-a21f-b8b45f5d6377,「つらい」,"「つらい」と感じているのですね。それは精神的にも肉体的にも苦しい状態を指し、一人で抱え込まず、まずは休むこと、誰かに話すこと（相談窓口の利用）、そして自分を責めずに気持ちを受け止めることが大切です。無理せず、小さなことでもいいので、心と体を楽にする方法（生活習慣の改善、自然に触れる、SNSから離れるなど）を試してみてください。﻿
「つらい」と感じたときの対処法
とにかく休む:頑張りすぎず、心身を休ませることを最優先しましょう。﻿
感情を吐き出す:信頼できる人に話す、紙に書き出す、SNS相談を利用するなど、溜め込まずに外に出すことが大切です。﻿
生活習慣を見直す:睡眠、食事、軽い運動など、基本的な生活リズムを整えることも精神的な安定につながります。﻿
自分を責めない:「甘え」ではありません。環境が合っていないだけかもしれないので、自分の気持ちを否定せず受け止めてください。﻿
情報から距離を置く:SNSやニュースなど、ストレス源となるものから一時的に離れる時間を作りましょう。﻿
専門機関に相談する:精神的な不調が続く場合は、「こころの耳」「よりそいホットライン」などの相談窓口や専門医への相談を検討しましょう。﻿
つらさの原因を探る﻿
ストレスを書き出してみて、何が原因か客観的に把握するのも有効です。仕事、人間関係、将来への不安など、原因が分かると対処法も見えてきます。
つらい時のサイン﻿
イライラする、涙もろくなる、集中力・記憶力の低下、無気力感、不眠などは心のSOSサインです。これらのサインに気づいたら、早めのケアを心がけましょう。
一人で抱え込まず、周りのサポートや専門家の力を借りることも考えてみてください。あなたの力になれる場所や人は必ずいます。","[""import"",""japanese""]",2026-02-22 09:19:19.328049+00,e1848554-ffae-479c-a8cd-4c0d77b7bed2,2026-03-19 15:55:50.007522+00,0,0,0,2026-03-19 15:55:50.007522+00,0,null,null,null,false,null,null,null,null,true,04a1afba-33b6-4573-9c34-688947db6029,null,null,"{""tables"":{""1"":{""rows"":[],""columns"":[]}}}",null,[],null,null
895bbd48-9d72-4877-b1a1-08bc0540c83e,「定まる（さだまる）」,"https://youtu.be/RMMvLILnGRU?si=WAymuA048hsDS3vZ

「定まる（さだまる）」とは、物事の方向や状態が最終的に決まること、または落ち着いて安定することを意味し、「決まる」「落ち着く」「明確になる」「安定する」「静まる」といったニュアンスで使われます。例えば、「方針が定まる」「心が定まる」「評価が定まる」「天候が定まる」のように使われ、未確定な状態から一定の形になる過程や結果を表す言葉です。 
主な意味と例文
決まる・決定する:
「今後の計画が定まる（決まる）。」
「運命が定まる（決定される）。」
明確になる・はっきりする:
「話の焦点が定まる（はっきりする）。」
落ち着く・安定する:
「評価が定まる（安定する）。」
「心が定まる（落ち着く）。」
治まる・静まる:
「天候が定まる（静まる）。」 
類語
決まる、決する、まとまる、確定する、落ち着く、固まる 
使い方（「～が定まる」）
主体が未定だったものが決まる: 計画、方針、値段など。
精神状態が落ち着く: 心、気持ちなど。
状況が安定する: 評価、収入、天候など。

◆ 정해지다.
◆ 결정되다; 제정되다, 확정되다.

制度が定まる
제도가 정해지다

国の運命が定まる
나라의 운명이 결정되다

態度が定まる
태도가 결정되다[정해지다]

◆ 일정해지다.

定まった方法
일정한 방법

定まった収入がない
일정한 수입이 없다

◆ 안정되다; 가라앉다.

天気[天候]が定まる
날씨가 안정되다

風が定まる
바람이 가라앉다[자다]

反乱が定まる
반란이 가라앉다[진압되다]

◆ (고요히) 잠들다.

深夜、人定まって
깊은 밤 사람들이 고요히 잠들고

https://mazii.net/ko-KR/search/word/jako/%E5%AE%9A%E3%81%BE%E3%82%8B","[""import"",""japanese""]",2026-02-22 09:19:19.328049+00,e1848554-ffae-479c-a8cd-4c0d77b7bed2,2026-03-19 15:55:50.007522+00,0,0,0,2026-03-19 15:55:50.007522+00,0,null,null,null,false,null,null,null,null,true,7322400c-a387-4799-8ee0-c457a4110152,null,null,"{""tables"":{""1"":{""rows"":[],""columns"":[]}}}",null,[],null,null
8b7c55f3-e297-4651-91dc-0de15dda5736,「忙しい（いそがしい、せわしい）」,"「忙しい」とは、用事が多くて時間や心に余裕がない状態で、「いそがしい」と読み、「せわしい」「慌ただしい」とも言います。仕事や用事に追われている様子、落ち着きなく動いている様子を表し、ビジネスシーンでは「多忙（たぼう）」、口語では「バタバタする」などの類語があります。 
主な意味と使い方
用事が多い: 仕事やタスクが山積し、休む間もない状態。「忙しい日々を送る」。
気が散って落ち着かない: 気持ちがせかせかしている様子。「忙しく立ち去る」。
（経済的に）ゆとりがない: 金銭的に余裕がない状態。
（比喩的）: 飛行機が忙しく離着陸を繰り返す、のように、物事が絶え間なく続く様子。 
類語・言い換え表現
多忙（たぼう）: 「ご多忙の折」「多忙を極める」など、目上の人にも使える丁寧な表現。
立て込んでいる（たてこんでいる）: 予定や仕事が集中している状態。
追われている（おわれている）: 仕事などに追い詰められている感じ。
せわしい・慌ただしい（あわただしい）: 忙しさからくる焦りや慌ただしさを表す、より感情的なニュアンス。 
漢字の由来
「忙」という漢字は、「心」と「亡（ほろぶ）」が組み合わさって「心を亡くす」、つまり心が落ち着かない状態を表していると言われます。

◆ 바쁘다; 틈[겨를]이 없다.（せわしい）

忙しい年末年始
바쁜 연말연시

忙しい毎日を過ごす
바쁜 나날을 보내다

一日中忙しく働いた
하루 종일 바쁘게 일했다

◆ 조급하다; 성급하다.（せわしい）

忙しい性分
조급한 성미

忙しく立ち去る
총총히 떠나다

忙しく席を立つ
바삐 자리를 뜨다

◆ 빠르다; 거칠다.（せわしい）

忙しい呼吸
거친 호흡

忙しく息をつく
거칠게 숨을 내쉬다

◆ 경제적으로 여유가 없다.
◆ 바쁘다; 겨를이 없다.（いそがしい）

旅支度に忙しい
여행 준비에 바쁘다

決算期で忙しい
결산기라서 바쁘다

今日は忙しかった
오늘은 바빴다

◆ 닥치어 들뜨다; 어수선하다; 부산하다.（いそがしい）

忙しい性分の人ひと
성미가 부산한 사람

年の瀬は何となく忙しい
세밑이 되면 어쩐지 들뜬다

局面が急に忙しくなってきた
국면이 갑자기 부산해졌다

https://mazii.net/ko-KR/search/word/jako/%E5%BF%99%E3%81%97%E3%81%84","[""import"",""japanese""]",2026-02-22 09:19:19.328049+00,e1848554-ffae-479c-a8cd-4c0d77b7bed2,2026-03-19 15:55:50.007522+00,0,0,0,2026-03-19 15:55:50.007522+00,0,null,null,null,false,null,null,null,null,true,22b50240-9983-427b-b2ca-7e8c9ab070bb,null,null,"{""tables"":{""1"":{""rows"":[],""columns"":[]}}}",null,[],null,null
8c41875e-1700-4717-b3ae-7e7fc82f76fa,配る（くばる）と分ける（わける）のちがさ,"https://blog.naver.com/maisensei-japanese/222485880966

配（くば）る

１ 物を、適当な量に分けて、それぞれに行き渡るようにする。割り当てて渡す。

물건을 적당한 양으로 나누어 각각에 골고루 전달하도록 한다.할당해서 넘기다.

​

「カードを配る／카드 나눠주다」

​

２ 方々に届けて回る。配達する。

사방에 물건을 전달하고 다니다.배달하다.

「新聞を配る/ 신문을 배달한다.」

​

３ 配慮や注意などを行き渡らせる。方々に行き届かせる。

배려나 주의등을 골고루 준다.사방에 두루 미치다.

「気を配る/매려하다 주의하가」

分ける

１ 一つにまとまっているものをいくつかの部分にする。分割する。

하나로 뭉쳐 있는 것을 몇 개의 부분으로 만든다.분할한다.

「ケーキを分ける／케이크를 나누다」 

​

​

２ 種類によって区分する。分類する。

종류에 따라 구분한다.분류하다.

「子供と大人に分ける／아이와 어른으로 나누다」

「大きさによって分ける／크기에 따라 나누다」

​

３ 幾つかに割って与える。分配する。また、一部分を人に与える。

여러 개로 쪼개서 주다.분배하다.또 한 부분을 남에게 준다.

「財産を三人の息子に分ける／재산을 세 아들에게 나누어 준다」

「いただき物をお隣に分ける／먹거리를 이웃에게 나누어 준다」

​

☞おすそ分けするとも言いますね。

사전에서도 알 수 있듯이

「配る」　

적당한 양을 각자에게 골고루 준다

​

「分ける」　

하나의 것을, 혹은 많이 모여서 하나가 된 것을 

여러 그룹으로 분할한다

となりますね","[""import"",""japanese""]",2026-02-22 09:19:19.328049+00,e1848554-ffae-479c-a8cd-4c0d77b7bed2,2026-03-19 15:55:50.007522+00,0,0,0,2026-03-19 15:55:50.007522+00,0,null,null,null,false,null,null,null,null,true,2fd9707b-2372-41fd-83ee-f84b5156dff7,null,null,"{""tables"":{""1"":{""rows"":[],""columns"":[]}}}",null,[],null,null
9235dcca-d261-4a63-a274-3b75fb405058,「仲直り（なかなおり）」,"https://youtu.be/pfmrwJfftzo?si=F_3Gx2J3eKNK7HAV

「仲直り（なかなおり）」とは、仲が悪かった関係が元に戻り、良好な状態になること（和解・和睦）を指します。喧嘩や対立の後で、お互いに冷静になり、話し合い、理解し合うことで関係を修復し、以前よりも深いつながりを築くための重要なプロセスです。 
仲直りのための基本的なステップとコツ
感情的にならない: 喧嘩直後は冷静になり、時間をおいてから話すことが大切です。
自分から謝る: 少しでも自分に非があると感じたら、率先して「ごめんなさい」と伝えましょう。素直な謝罪は関係修復の第一歩です。
話し合う: 感情的にならず、お互いの意見や気持ち、何が悪かったのか、どう改善するかを具体的に話し合います。相手の目線に立って考えることが重要です。
感謝の気持ちを伝える: 相手の存在を再認識し、「ありがとう」の気持ちを伝えることも関係を深めます。
共通の体験をする: 一緒に食事をするなど、楽しい時間を共有することで、親近感や心の余裕が生まれます。
NG行動を避ける: 過去の話を持ち出す、相手の悪口を言う、無視するなどの行為は逆効果です。 
仲直りの先にあるもの
仲直りを通じて、お互いの価値観の違いを理解し、尊重できるようになります。
腹を割って話すことで、以前よりも大きな絆で結ばれ、関係が深まるきっかけにもなります。 
「仲直り」は単なる関係修復だけでなく、お互いをより深く理解し、成長する機会となるのです。","[""import"",""japanese""]",2026-02-22 09:19:19.328049+00,e1848554-ffae-479c-a8cd-4c0d77b7bed2,2026-03-19 15:55:50.007522+00,0,0,0,2026-03-19 15:55:50.007522+00,0,null,null,null,false,null,null,null,null,true,40b649c1-4362-4e6f-b185-6fcbd776cc2a,null,null,"{""tables"":{""1"":{""rows"":[],""columns"":[]}}}",null,[],null,null
9acc96d0-ac49-4808-b07f-2d07c26ddbbe,crud 상황별 구현 유불리,"좋아. “CRUD는 같지만 어떤 구조로 짜느냐에 따라 확장 난이도/버그율/UX(소비자 체감)가 갈린다”를 상황별로 예시로 보여줄게.
(바닐라 JS 기준으로 설명하되, React로 넘어가도 그대로 매핑돼.)

0) 공통 전제: CRUD의 진짜 뼈대

어떤 방식이든 결국 이 흐름이야.

이벤트 발생

입력값/타겟(id, act) 추출

데이터(items) 변경

저장(localStorage/서버)

화면 갱신(render)

차이는 “2~5를 어디에 두고 어떻게 나누냐”야.

A. 초단기/연습용: 이벤트 안에 다 넣는 방식

언제 유리?

기능 3~5개짜리, 파일 1개, 연습/프로토타입

“흐름이 한눈에 보이는 게” 최고 가치일 때

단점(확장 시)

add/edit/delete마다 save/render 중복

기능 늘수록 실수 폭발

list.addEventListener(""click"", (e) => {
  const btn = e.target.closest(""button"");
  if (!btn) return;

  const act = btn.dataset.act;
  const id = Number(btn.dataset.id);

  if (act === ""delete"") {
    items = items.filter(x => x.id !== id);
    localStorage.setItem(""items"", JSON.stringify(items));
    render(items);
  }
});


소비자 체감

기능이 적으면 빠릿하고 충분히 좋음

기능 늘면 버그/누락으로 “안 먹는 버튼”이 늘어나 체감 악화

B. 현실적 중간: “로직 함수 분리 + render/save 통일”

언제 유리?

CRUD + 검색/정렬/필터/페이지네이션이 붙기 시작

같은 처리(저장/렌더/검증)를 여러 곳에서 반복하기 싫을 때

지금 네가 하고 있는 방향이 여기

핵심은 “데이터 변경 로직”을 순수하게 만들기야.

function removeById(items, id) {
  return items.filter(x => x.id !== id);
}

function commit(nextItems) {
  items = nextItems;
  save(items);
  render(items);
}

function deleteItem(id) {
  commit(removeById(items, id));
}


이벤트는 “요청”만:

list.addEventListener(""click"", (e) => {
  const btn = e.target.closest(""button"");
  if (!btn) return;

  const act = btn.dataset.act;
  const id = Number(btn.dataset.id);

  if (act === ""delete"") deleteItem(id);
});


장점

save/render를 commit() 한 군데로 고정 → 누락 거의 없어짐

“오타/키 불일치”만 잡으면 구조가 단단해짐

소비자 체감

기능이 늘어도 안정성 유지 → 버튼 안 먹는 일이 줄어듦

“편집 중인데 목록 갱신이 이상함” 같은 UX 버그가 줄어듦

C. 기능이 많아질 때 강력: Store(상태 관리자) 방식

언제 유리?

editingId, filter 상태, sort 상태, pagination 상태가 생김

“현재 상태”가 여러 개가 되면서 코드가 꼬이기 시작할 때

UI가 여러 화면(리스트/상세/모달)로 분리될 때

const store = {
  state: {
    items: [],
    editingId: null,
    query: """",
    sort: ""desc"",
  },

  init() {
    this.state.items = storage.load();
    render(this.state);
  },

  remove(id) {
    this.state.items = this.state.items.filter(x => x.id !== id);
    storage.save(this.state.items);
    render(this.state);
  },

  startEdit(id) {
    this.state.editingId = id;
    render(this.state);
  },
};


이벤트는 그냥:

if (act === ""delete"") store.remove(id);
if (act === ""edit"") store.startEdit(id);


장점

상태가 늘어나도 “여기가 중심”이라 덜 흔들림

나중에 React로 넘어가도 개념이 거의 동일(상태 관리)

소비자 체감

“편집 상태 유지”, “검색 조건 유지”, “정렬 유지” 같은 UX가 자연스러워짐

즉, 기능이 많아질수록 사용자 만족이 올라가는 구조

D. 저장소 분리: storage 모듈(로컬/서버 교체 대비)

언제 유리?

localStorage 쓰다가 나중에 DB/서버/IndexedDB로 바꿀 가능성이 있을 때

JSON parse/stringify, 키 오타, 데이터 깨짐을 막고 싶을 때

const storage = {
  key: ""items"",
  load() {
    try { return JSON.parse(localStorage.getItem(this.key)) ?? []; }
    catch { return []; }
  },
  save(items) {
    localStorage.setItem(this.key, JSON.stringify(items));
  }
};


장점

“저장 방식 교체”가 한 파일 수정으로 끝남

데이터 깨짐에도 복구 로직 넣기 쉬움

E. 소비자 체감이 갈리는 지점: 낙관적 업데이트 vs 확인 후 업데이트

특히 서버가 붙는 순간 UX 차이가 큼.

1) 낙관적(Optimistic) 삭제: 빠르게 보이게

클릭 즉시 UI에서 사라짐 → 체감 빠름

서버 실패 시 롤백 필요

2) 확인 후(Confirm) 삭제: 안정적

서버 응답 후 UI 반영 → 체감 느릴 수 있음

대신 일관성/신뢰성 높음

프로젝트 성격에 따라 선택이 갈려.

개인 ToDo/메모: 낙관적이 보통 좋음(빠릿함)

돈/결제/재고/업무: 확인 후가 안전(신뢰성)

선택 가이드: “프로젝트가 뭐냐”에 따라 답이 달라짐
1) 연습/코테/포트폴리오 미니 CRUD

B(로직 분리 + commit) 추천

너무 무거운 Store는 오버일 수 있음

2) “검색/정렬/필터/페이지” 붙을 앱

C(Store) + D(storage) 추천

상태가 늘어나는 순간 Store가 압도적으로 편해짐

3) “로그인/서버/권한/동기화” 있는 서비스형 앱

C(Store) + D(storage) + 서버 API 레이어 추천

낙관적/확인 후 업데이트도 설계 포인트

네가 지금 딱 결정하면 좋은 기준 3개

상태가 2개 이상이면(Store 고려)

items + editingId만 있어도 이미 2개임

save/render가 2번 이상 반복되면(commit 필수)

add/edit/delete에 다 들어가면 3번 반복

나중에 서버 붙일 가능성 있으면(storage 분리 필수)

그때 가서 바꾸면 손이 많이 감","[""import"",""coding""]",2026-02-22 09:19:19.328049+00,e1848554-ffae-479c-a8cd-4c0d77b7bed2,2026-03-19 15:55:50.007522+00,0,0,0,2026-03-19 15:55:50.007522+00,0,null,null,null,false,null,null,null,null,true,d3d59e40-aec3-493d-a6de-f04723d485dc,null,null,"{""tables"":{""1"":{""rows"":[],""columns"":[]}}}",null,[],null,null
9ad80f90-06c2-438d-98ac-60024840264a,「分ける（わける）」,"「分ける（わける）」は、一つを複数に分割する（ケーキを分ける）、種類ごとに整理する（ゴミを分別する）、配る・分配する（お菓子を分ける）、（物理的に）押し開く（カーテンを分ける）、勝負を区切る（引き分けにする）など、状況によって様々な意味を持つ動詞で、英語では「divide」「separate」「share」「split」などを使い分けます。 
主な意味と例文
分割・分割する: 一つを二つ以上に分ける。
例: ケーキを4つに分ける (divide the cake into four pieces)。
区分する・分類する: 種類や性質で分ける。
例: リサイクルとゴミを分ける (separate recycling from trash)。
分配する・分け与える: 複数人に配る。
例: 財産を息子たちに分ける (share the property with his sons)。
（物理的に）押し開く: 物理的に物を左右に開く。
例: 髪を真ん中で分ける (part her hair in the middle)。
（勝負・仲裁で）区切る: 勝負がつかないときにやめさせる、引き分けにする。
例: 勝負を分ける（引き分けにする）。 
関連する言葉
分割: divide, split
分別: separate
分配: share, distribute
区切る: cut, break

https://mazii.net/ko-KR/search/word/jako/%E5%88%86%E3%81%91%E3%82%8B

◆ 나누다.
◆ 가르다.

数区域に分ける
몇 구역으로 나누다

株を分けて植える
포기[그루]를 나눠서 심다

五回に分けて支払う
다섯 번에 나누어 지급하다

◆ (종류에 따라) 구분[분류]하다.

学年別に分ける
학년별로 나누다

大きさによって分ける
크기에 따라서 분류하다

成績を五段階に分ける
성적을 5단계로 구분하다

◆ ((頒ける)) 분배하다; 노느다.

利益を分ける
이익을 나누다

皆で分けて食べる
모두가 나누어 먹다

暖簾を分ける
분점을 차려 주다(같은 옥호를 쓰게 하며 단골집도 일부 나누어 줌)

◆ 말리다; 중재하다.

喧嘩を分ける
싸움을 말리다

◆ 비긴 것으로 하다.

勝負を分ける
승부를 무승부로 하다

星を分ける
승패의 결과가 무승부가 되다

票を分ける
득표수가 같이 되다

◆ 헤치다.

波を分けて船が進む
파도를 헤치고 배가 나아가다

草の根を分
(풀뿌리를 헤치듯) 샅샅이 뒤지다

人込みの中を分けて前に出る
군중 속을 헤치고 앞으로 나오다

◆ 조리 있게 하다; 시비를 가리다; 판별하다.

事を分けて話した
조리 있게 차근차근 이야기했다

◆ 팔다.

お分けいたしましょう
팔도록 하겠습니다

分けて下さいませんか
파시지 않겠습니까","[""import"",""japanese""]",2026-02-22 09:19:19.328049+00,e1848554-ffae-479c-a8cd-4c0d77b7bed2,2026-03-19 15:55:50.007522+00,0,0,0,2026-03-19 15:55:50.007522+00,0,null,null,null,false,null,null,null,null,true,06658bd5-b3f3-4042-aa4b-156799868c6e,null,null,"{""tables"":{""1"":{""rows"":[],""columns"":[]}}}",null,[],null,null
9b8a2702-7e7f-44f7-8a3b-a9fd066aa6a1,面接対策マスターQ&A（3プロジェクト総合）,"面接対策マスターQ&A（3プロジェクト総合）

対象プロジェクト（3つ）

Next.js + MongoDB Study Log（AI活用 + Fullstack） ← 메인

Cloud Drive（React + Firebase） ← 기본기/제품감

Vanilla JS CRUD（코테/기초 설명력） ← 기초·설명력

0) 30秒 自己紹介（最強テンプレ）
🇯🇵 Q0. まず自己紹介をお願いします。

A.
はい、ディジタルノマドを目指して学習しているWeb開発者です。
React / TypeScript を中心に学習し、実装力を証明するために3つのプロジェクトを作りました。
特にNext.js + MongoDB版ではAPI設計とDB連携、Vercelデプロイ、型エラー対応など実務に近い経験を積みました。
面接では「なぜその設計にしたか」「エラーをどう解決したか」まで説明できます。よろしくお願いいたします。

🇰🇷 한국어 버전(연습용)

저는 디지털노마드를 목표로 웹개발을 공부하고 있는 개발자입니다.
React/TypeScript를 중심으로 실력을 증명하기 위해 3개의 프로젝트를 만들었고,
특히 Next.js + MongoDB 프로젝트에서는 API 설계, DB 연동, Vercel 배포, 타입 에러 해결 등 실무에 가까운 경험을 쌓았습니다.
“왜 그렇게 설계했는지/에러를 어떻게 해결했는지”까지 설명할 수 있습니다. 잘 부탁드립니다.

1) AI 활용 질문 (거의 확정으로 나옴)
🇯🇵 Q1. AIはどう活用していますか？

A.
AIは「コードを代わりに書かせる」目的ではなく、学習と開発効率を上げる補助として活用しています。
具体的には、設計の分解、エラー原因の仮説出し、選択肢の比較、ドキュメント整備に使います。
最終的な判断と実装は必ず自分が理解した上で行い、AIの出力をそのまま使うことは避けています。

🇰🇷

AI는 코드를 대신 짜게 하는 목적이 아니라, 학습과 개발 효율을 높이는 보조 도구로 활용합니다.
설계 분해, 에러 원인 가설 수립, 선택지 비교, 문서 정리 등에 사용하며, 최종 판단과 구현은 반드시 이해한 뒤 진행합니다.

🇯🇵 Q2. AIのコードが間違っていたらどうしますか？

A.
まず再現確認をして、ログ/エラー内容から原因を分解します。
その後、公式ドキュメントで正しい仕様を確認し、最小修正で直します。
Next.js の Route Handler 型エラーもその手順で解決しました。

🇰🇷

재현 확인 → 로그/에러로 원인 분해 → 공식 문서로 스펙 확인 → 최소 수정으로 해결합니다.
Next.js Route Handler 타입 에러도 같은 방식으로 해결했습니다.

2) 기본기 질문 (React/JS/TS)
🇯🇵 Q3. Reactで一番重要だと思うことは？

A.
状態管理と再レンダリングの仕組みです。
状態が変わるとUIが更新されるので、状態をどこで持つか、propsで渡すか、Contextにするかを設計で意識しています。

🇰🇷

상태 관리와 리렌더링 구조입니다.
상태를 어디서 관리할지(props/Context 등) 설계가 중요하다고 생각합니다.

🇯🇵 Q4. JavaScriptの基礎で特に意識した点は？

A.
DOM操作、イベント処理（イベント委譲）、配列操作（map/filter/find）、そして例外ケースの処理です。
Vanilla CRUDで基礎を固めました。

🇰🇷

DOM 조작, 이벤트 처리(이벤트 위임), 배열 조작(map/filter/find), 예외 케이스 처리를 중요하게 봤고 Vanilla CRUD로 기초를 다졌습니다.

🇯🇵 Q5. TypeScriptを導入した理由は？

A.
データ構造とAPIレスポンスを型で固定することで、バグの混入を減らし、保守性を上げるためです。
特に Next.js の Route Handler では型がビルドに直結するので重要でした。

🇰🇷

데이터 구조/API 응답을 타입으로 고정해 버그를 줄이고 유지보수성을 높이기 위해 도입했습니다. Next.js Route Handler에서는 타입이 빌드에 직결되어 더 중요했습니다.

3) プロジェクト別 Q&A
A) Next.js + MongoDB（Study Log / メイン）
🇯🇵 Q6. Next.js版をメインにした理由は？

A.
フロントだけでなく API設計・DB連携・デプロイ・型エラー対応まで含めて、実務に近い一連の流れを見せられるからです。
AIを使いながらも、最終的に自分で原因を分解して解決した点を説明できます。

🇰🇷

프론트뿐 아니라 API 설계, DB 연동, 배포, 타입 에러 대응까지 실무 흐름을 보여줄 수 있어서 메인으로 선택했습니다. AI를 활용했더라도 원인 분석과 해결은 직접 했다는 점을 설명할 수 있습니다.

🇯🇵 Q7. MongoDB接続で苦労した点は？

A.
MongoDB Atlas の接続文字列（srv）の設定と環境変数管理です。
querySrv EBADNAME _mongodb._tcp... のようなエラーが出た時は、URI・cluster名・DNS設定を見直しました。

🇰🇷

MongoDB Atlas 연결 문자열(srv) 설정과 환경변수 관리였습니다. querySrv EBADNAME 에러가 나왔을 때 URI/클러스터명/DNS 설정을 점검했습니다.

🇯🇵 Q8. Vercelのビルドエラー（params Promise）をどう解決しましたか？

A.
Next.jsのRoute Handlerでは params の型が環境によって Promise になるケースがあり、
シグネチャを params: Promise<{ id: string }> に合わせて await params で取り出すように修正しました。
ローカルで npm run build も通して確認しました。

🇰🇷

Next.js Route Handler에서 params 타입이 Promise로 기대되는 경우가 있어, params: Promise<{id:string}>로 맞추고 await params로 꺼내도록 수정했습니다. 로컬 build 통과도 확인했습니다.

B) Cloud Drive（React + Firebase）
🇯🇵 Q9. なぜ Cloud Drive を作りましたか？

A.
FirebaseのAuth/Firestore/Storageを統合して、実務的な「ユーザー別ファイル管理」を作りたかったからです。
i18n・Theme・Trash設計まで入れて製品感を意識しました。

🇰🇷

Firebase(Auth/Firestore/Storage)를 통합해 실무형 “유저별 파일 관리”를 구현하고 싶었습니다. i18n/테마/휴지통 설계까지 넣어 제품감을 의식했습니다.

🇯🇵 Q10. Trashはなぜ isTrashed方式？

A.
誤削除対策として復元を可能にするためです。
削除＝状態変更、完全削除＝別操作に分けることで安全性と責務分離を確保しました。

🇰🇷

실수 삭제 대비 복구를 위해서입니다. 삭제=상태 변경, 완전삭제=별도 조작으로 분리해 안전성과 책임 분리를 확보했습니다.

C) Vanilla JS CRUD（基礎・説明力）
🇯🇵 Q11. なぜ Vanilla JS CRUD を作った？

A.
Reactやフレームワーク以前に、DOM・イベント・状態管理の基礎を理解して説明できるようにするためです。
面接でもコードの意図を言語化する練習になりました。

🇰🇷

React 이전에 DOM, 이벤트, 상태관리 기본기를 이해하고 설명하기 위해 만들었습니다. 면접에서 의도를 말로 설명하는 연습이 됐습니다.

🇯🇵 Q12. イベント委譲を使った理由は？

A.
ボタンが増減してもイベント管理が簡単で、パフォーマンス的にも有利だからです。
closest() を使ってクリック対象を特定しています。

🇰🇷

버튼이 동적으로 늘어나도 이벤트 관리가 쉽고 성능상도 유리해서입니다. closest()로 클릭 대상을 특정했습니다.

4) 最後にほぼ必ず来る質問
🇯🇵 Q13. 今後の目標は？

A.
日本で就職して実務経験を積みながら、個人プロジェクトを継続的に拡張していきます。
将来的には日本を拠点に、デジタルノマドとして海外向けにも展開できるサービスを作りたいです。

🇰🇷

일본에서 취업해 실무 경험을 쌓으면서 개인 프로젝트를 계속 확장할 예정입니다. 장기적으로 일본을 거점으로 해외까지 확장 가능한 서비스를 만들고 디지털노마드로 활동하고 싶습니다.

🇯🇵 Q14. 何か質問はありますか？（逆質問）

A（例）:

入社後、最初の3ヶ月で期待される役割は何でしょうか？

React/TypeScript の開発で重視される開発ルールはありますか？

コードレビュー文化（観点）はどのような形ですか？

🇰🇷

입사 후 3개월 동안 기대되는 역할이 무엇인지

React/TypeScript 개발에서 중요하게 보는 규칙이 있는지

코드 리뷰 문화/기준은 어떤지","[""import"",""coding""]",2026-02-22 09:19:19.328049+00,e1848554-ffae-479c-a8cd-4c0d77b7bed2,2026-03-19 15:55:50.007522+00,0,0,0,2026-03-19 15:55:50.007522+00,0,null,null,null,false,null,null,null,null,true,0764a546-be71-48b0-a8ac-cc4fc302d3f8,null,null,"{""tables"":{""1"":{""rows"":[],""columns"":[]}}}",null,[],null,null
9d154609-2bce-4629-9c34-702e44a387f1,脱出,"◆ 탈출.

国外に脱出 する
국외로 탈출하다.","[""import"",""japanese""]",2026-02-22 09:19:19.328049+00,e1848554-ffae-479c-a8cd-4c0d77b7bed2,2026-03-19 15:55:50.007522+00,0,0,0,2026-03-19 15:55:50.007522+00,0,null,null,null,false,null,null,null,null,true,9466aea5-4b78-4dfd-97ab-0a3fe902e105,null,null,"{""tables"":{""1"":{""rows"":[],""columns"":[]}}}",null,[],null,null
a02be40d-1d6c-450e-b00b-bd7ec63824b7,しりとり,"https://youtu.be/45-Pa81ELyY?si=3zvTCrWmRyOYHoaZ

しりとりは、前の人が言った言葉の最後の文字（お尻の文字）から始まる新しい言葉を言い続ける、言葉遊びです。基本的に「ん」で終わる言葉を言った人が負けで、同じ言葉は使えず、固有名詞や専門用語を避けるのが一般的です。語彙力や集中力を高める効果があり、親子で楽しむのに最適で、「る」で終わる言葉を覚えると有利になる、などのコツもあります。 
基本的なルール
開始: 2人以上でじゃんけんなどで先攻を決め、最初の人は好きな言葉（例: りんご）を言う。
連想: 次の人は前の言葉の最後の文字（例: ご）から始まる言葉（例: ゴリラ）を言う。
繰り返し: これを繰り返し、言葉の語尾（お尻）と語頭（頭）を繋げていく。
負け: 最後の文字が「ん」になる言葉を言った人は負け。
禁止: 同じ言葉は2度使えない。 
遊び方のポイント・応用
語彙力アップ: 「る」で終わる言葉（例: パンダ→だるま）を覚えると、相手に「る」から始まる言葉を言わせやすくなるため有利。
制限時間: 10〜15秒など時間を決めて、焦りの中で言葉を出すのも面白い。
「ん」で始まる言葉: アフリカの地名（ンジャメナ）や楽器（ンビラ）など、例外的に「ん」で始まる言葉もあるが、基本は使わない。
英語のしりとり: 最後の文字のスペル（例: appleのe）を使って、Xで終わると負け、などルールが異なる場合も。 
しりとりで身につく力
語彙力・発想力
集中力・思考力
コミュニケーション能力

https://ja.wikipedia.org/wiki/%E3%81%97%E3%82%8A%E3%81%A8%E3%82%8A

しりとり（漢字表記：尻取）とは、言葉遊びの一つである。参加人数は何人でもよい[1]。

本項では主に日本語のしりとりについて解説する[2]。

名称の由来は「ルール」の項にもあるように、単語の最後の文字（尻[3]）を取って、その尻字から始まる単語を出して継続させることに由来するため、漢字表記は「尻取」である。","[""import"",""japanese""]",2026-02-22 09:19:19.328049+00,e1848554-ffae-479c-a8cd-4c0d77b7bed2,2026-03-19 15:55:50.007522+00,0,0,0,2026-03-19 15:55:50.007522+00,0,null,null,null,false,null,null,null,null,true,34d24b92-79a7-4e3a-80e9-a22ce969d27f,null,null,"{""tables"":{""1"":{""rows"":[],""columns"":[]}}}",null,[],null,null
a15a259e-eb3c-4a69-aad9-efdc653e7e4f,「擦られた（こすられた）」,"「擦られた」は、車などが接触して傷ついた状態を指し、当て逃げやいたずらの可能性があり、警察への連絡、証拠の記録（写真、ドラレコ）、保険会社への連絡、修理といった対応が必要です。特に当て逃げや意図的な傷の場合は、後日発覚しても警察に被害届を出すべきで、保険利用には事故証明書が重要になります。 
1. 警察への連絡と証拠保全
必ず警察へ通報する: 傷の大小や当て逃げか不明な場合でも、後でトラブルにならないよう必ず警察（110番）に連絡し、被害届を提出しましょう。
証拠を集める: ドライブレコーダーの映像、傷のアップや周囲の状況がわかる写真、目撃者の情報などを記録します。
事故証明書の発行: 保険を使う際に必要なので、警察に事故処理をしてもらい、後日「交通事故証明書」を申請します。 
2. 保険会社への連絡と対応
保険会社に連絡: 警察への届け出後、加入している自動車保険（車両保険など）の会社に連絡します。
車両保険の利用: 相手が特定できない当て逃げでも、車両保険が付帯していれば修理費用の補償が受けられます。 
3. 修理と病院
専門家へ相談: 整備工場やディーラーに相談し、修理の見積もりを取ります。
病院受診も検討: 事故直後は平気でも、後からむち打ちなどの症状が出る場合があるので、早めに整形外科を受診し診断書をもらいましょう。 
4. 後で気づいた場合
時間が経っていても警察へ: 後で傷に気づいた場合も、警察に連絡して被害届を出し、状況を説明しましょう。 
覚えておくべきこと
小さな接触でも警察へ: 軽い接触でも「交通事故」です。当事者同士で解決せず、必ず警察に届け出ましょう。
動揺しても冷静に: 事故直後は冷静さを失いがちですが、上記のステップを思い出し、安全確保と証拠保全を最優先します。","[""import"",""japanese""]",2026-02-22 09:19:19.328049+00,e1848554-ffae-479c-a8cd-4c0d77b7bed2,2026-03-19 15:55:50.007522+00,0,0,0,2026-03-19 15:55:50.007522+00,0,null,null,null,false,null,null,null,null,true,2803707e-33bd-4779-94bb-021c8d5ba8e9,null,null,"{""tables"":{""1"":{""rows"":[],""columns"":[]}}}",null,[],null,null
a499d46f-9643-456f-a571-6bff032e41bb,「仕方ない（しかたがない）」,"「仕方ない（しかたがない）」は「どうすることもできない」「他に良い方法がない」という意味で、避けられない状況を受け入れる際の表現で、「しょうがない」「やむを得ない」も同義です。文脈によっては「諦める」「我慢できない」「扱いにくい人」など、諦め、問題解決の手段がない、強い感情の抑えられない、人物評価という複数のニュアンスを持ちます。 
主な意味と使い方
避けられない状況の受容: 「雨で中止だ。仕方ない。」（諦め、受け入れ）。
どうしようもない状況: 「この問題は、もう仕方ない。」（解決策がないこと）。
強い感情や欲求: 「暑くて仕方がない」「彼がかわいくて仕方ない」（我慢できない）。
人物評価: 「彼は本当に仕方ない人だね」（扱いにくい、困った人）。 
類語・関連表現
しようがない: 「仕方ない」が変化した形で、同じ意味で使われる。
やむを得ない: ビジネスシーンなど、ややフォーマルな場面でも使われる。
致し方ない（いたしかたない）: 「仕方ない」をより丁寧にした表現。 
「仕方ない」は、困難な状況や理不尽な出来事に対し、嘆き、諦め、受容、寛容といった複雑な気持ちを込めて使われる日本語の慣用句です。

https://mazii.net/ko-KR/search/word/jako/%E4%BB%95%E6%96%B9%E3%81%8C%E3%81%AA%E3%81%84

◆ 어쩔 수 없다

そうするしか仕方がない
그렇게 하는 수밖에 방법이 없다.

https://nihongo.co.kr/%EF%BD%9E%E3%81%A6%E3%81%97%E3%82%87%E3%81%86%E3%81%8C%E3%81%AA%E3%81%84%E3%83%BB%EF%BD%9E%E3%81%A6%E3%81%97%E3%81%8B%E3%81%9F%E3%81%8C%E3%81%AA%E3%81%84/

【～てしょうがない】

私は会社の飲み会が嫌でしょうがないのですが、上司に誘われたからには行くしかありません。
나는 회사 회식이 싫어 죽겠지만 상사에게 권유 받았기에 갈 수밖에 없습니다. 

日本で地震があったので、日本にいる家族が心配でしかたありません。
일본에서 지진이 있었기 때문에 일본에 있는 가족이 걱정되어 미치겠습니다. 

昨日会った彼女のことが気になってしょうがないです。
어제 만난 그녀가 신경 쓰여 죽겠습니다. 

彼女のいない人生じんせい
なんて、考がえられない。もう死にたくてしょうがない。
그녀가 없는 인생 따윈 생각할 수 없다. 죽고 싶어 죽겠다. 

最近、ちょっと疲れているのかな？眠くて眠くてしょうがない。
요즘 좀 피곤한 건가? 졸려 미치겠다. 

今日はなんだかカレーが食べたくてしょうがない。
오늘은 왠지 카레가 먹고 싶어 못 참겠다. 

あれ、風邪をひいたかな？なんだか寒くてしょうがない。熱でも測ってみるか。
어? 감기 걸린 건가? 추워 미치겠어. 열이라도 재 볼까?

【～てしかたがない】

祖父は今年生まれた孫がかわいくてしかたがないようだ。
할아버지는 올해 태어난 손주가 귀여워서 어쩔 줄 모르겠는 것 같다. 

最近は暇で暇でしかたがない。
요즘 한가해 미치겠다. 

先日受けた試験の結果が気になってしかたがない。
얼마전 치른 시험결과가 걱정돼 미치겠다. 

昨日の試合、頑張ったのに負けてしまって、悔しくてしかたがない。
어제시합 열심히 했는데 져버려서 분해 죽겠다. 

月曜日は会社に出勤するのがめんどくさくてしかたがない。
월요일은 회사에 출근하는 게 귀찮아 죽겠다.","[""import"",""japanese""]",2026-02-22 09:19:19.328049+00,e1848554-ffae-479c-a8cd-4c0d77b7bed2,2026-03-19 15:55:50.007522+00,0,0,0,2026-03-19 15:55:50.007522+00,0,null,null,null,false,null,null,null,null,true,0e2298ee-aaec-48ad-ba70-694d3bc1961d,null,null,"{""tables"":{""1"":{""rows"":[],""columns"":[]}}}",null,[],null,null
a89a831f-bef1-48d0-863e-ea29c578fd6b,「溢れる（あふれる）」,"https://youtu.be/RP7yT7INjAc?si=2TZRVvPEO4xYQhaZ

「溢れる（あふれる）」は、水などが容器や限界を超えて外にこぼれ出る様子や、人・物が入りきらずにはみ出すこと、感情や気力などが満ちて表現されることなどを意味する動詞で、「満ちる」「こぼれる」「はみ出す」「みなぎる」といったニュアンスで使われます。 
主な意味と例文
液体が満ちてこぼれる
「コップに水が溢れるほど注ぐ」
「川が溢れて町が水浸しになった」
人や物が入りきらずはみ出す
「スタンドに観客が溢れる」
「人で通路が溢れる」
感情や才能などが満ちて表現される
「涙が溢れる」
「意欲が溢れる作品」
「喜びが溢れる表情」 
類語・関連語
こぼれる: 漢字では「零れる」と書き、溢れると似ていますが、溢れるが「満ちてあふれる」状態を指すのに対し、こぼれるは量に関わらず「外に出る」ニュアンスが強いです。
満ちる（みちる）: いっぱいに満たされること。
みなぎる: 意気込みや力などが盛んになること（「横溢」など）。 
「溢れる」は、物理的な液体だけでなく、人の心の中にある感情やエネルギーなどが豊かに表現される様子を描写する際にもよく使われる表現です。

https://mazii.net/ko-KR/search/word/jako/%E6%BA%A2%E3%82%8C%E3%82%8B

◆ 남아서 퇴박당하다; 일자리를 얻지 못하다.（あふれる）

仕事に溢れた労働者
일자리를 얻지 못한 노동자

バイトに溢れる
아르바이트를 얻지 못하다

◆ (낚시 따위에서) 허탕 치다.（あふれる）

溢れて一匹も釣れなかった
허탕 쳐서 한 마리도 잡지 못했다

釣りに行ったが時化ですっかり溢れた
낚시하러 갔으나 바다가 거칠어서 완전히 허탕 쳤다

◆ 비어져 나와 흩어져 있다.（あふれる）
◆ (가득 차서) 넘치다; 넘쳐흐르다.（あふれる）

若さ溢れる街
젊음이 넘치는 거리

滋味溢れる文章
썩 재미있는 문장

才気に溢れる新人
재기 넘치는 신인","[""import"",""japanese""]",2026-02-22 09:19:19.328049+00,e1848554-ffae-479c-a8cd-4c0d77b7bed2,2026-03-19 15:55:50.007522+00,0,0,0,2026-03-19 15:55:50.007522+00,0,null,null,null,false,null,null,null,null,true,ed8cc095-2a60-48b5-b77f-de65cb160053,null,null,"{""tables"":{""1"":{""rows"":[],""columns"":[]}}}",null,[],null,null
a9e140e3-4171-4507-8350-6dd9f479208a,「驚いた」と「びっくりした」の違い,"「驚いた」「びっくりした」は、予期せぬ出来事や情報に遭遇して心が動かされる、瞬間的な感情を表す言葉で、日常会話からビジネスまで幅広く使われ、「驚き」「仰天」「吃驚」などの類義語があります。一般的にほぼ同じ意味で使えますが、「びっくりする」はより口語的で、動物には「驚く」が使われる傾向があるなど、ニュアンスの違いもあります。 
「驚いた」と「びっくりした」の使い分け
驚く（おどろく）: 予期せぬ出来事に心が動かされること全般を指し、ややフォーマルな場面でも使えます。動物が驚く際などにも使われます。
びっくりする: 「驚く」よりも口語的で、より軽い驚きや、思わず声が出るような驚きを表すことが多いです。 
類語・言い換え表現
驚愕（きょうがく）・仰天（ぎょうてん）: 非常に驚くこと、度肝を抜かれるような驚き。
吃驚（びっくり）する・吃驚仰天（びっくりぎょうてん）: 驚きを強調する表現。
感銘（かんめい）を受ける: 感動して驚く、深い感心を示す。 
例文
「友達の突然の結婚の報告に驚いた！」（ビジネスシーンでは「驚きました」）。
「急に大きな音がしてびっくりした！」
「彼の才能に感銘を受けました。」 
韓国語の例
「깜짝이야（カムチャギヤ）」は、日本語の「うわ！」「キャ！」に近い、反射的な驚きの感嘆詞です。","[""import"",""japanese""]",2026-02-22 09:19:19.328049+00,e1848554-ffae-479c-a8cd-4c0d77b7bed2,2026-03-19 15:55:50.007522+00,0,0,0,2026-03-19 15:55:50.007522+00,0,null,null,null,false,null,null,null,null,true,4c5c430c-009c-4be8-b91e-8f807d70efaa,null,null,"{""tables"":{""1"":{""rows"":[],""columns"":[]}}}",null,[],null,null
ac057ace-918e-49dd-8903-a43534dc03a4,「ちなみに」,"「ちなみに」は、前に話した内容に「ついでに言うと」という形で、関連する補足情報や余談を付け加える接続詞です。本筋から少しずれるけれど、役立つ情報や、関連する別の視点を提示する際に使われ、漢字では「因みに」と書きますが、一般的にはひらがなで表記されます。 
「ちなみに」のポイント
意味: 「ついでに」「参考までに」といったニュアンス。
役割: 本題に付随する追加情報、関連情報、または少しずれた話題を導入する。
使用例: 「明日の会議は10時からです。ちなみに、資料は事前に目を通しておいてください」。
ビジネスでの注意点: 丁寧語ではないため、フォーマルな場では「ちなみに申し上げますと」のように丁寧な言葉と組み合わせるか、言い換えを検討する。 
使い方（例）
「この商品は人気のシリーズです。ちなみに、来月新色が出ますよ」。
「A社との契約は無事終了しました。ちなみに、先方から感謝の言葉をいただきました」。 
注意点
関連性: 補足する内容は、前の話と関連している必要があります。
使いすぎに注意: 多用すると情報が整理されていない印象を与えるため、メールでは1回程度に留めるのがおすすめです。

덧붙여서 (말하면); 이와 관련하여

・そちらの商品(しょうひん)は現在(げんざい)在庫(ざいこ)が切(き)れています。
ちなみに再入荷(さいにゅうか)の日(ひ)にちは来週(らいしゅう)の月曜日(げつようび)になります。
그 상품은 현재 재고가 없습니다.
덧붙여서, 재입고일은 다음주 월요일입니다.

・ちなみに、よろしければ、
こちらの商品(しょうひん)もご検討(けんとう)くださいませ。
덧붙여서, 괜찮으시면 이 상품도 검토해주십시오.

・弊社(へいしゃ)の渋谷店(しぶやてん)の売上(うりあげ)が好調(こうちょう)でございます。
ちなみに来年(らいねん)には初(はじ)めての海外(かいがい)店舗(てんぽ)の開設(かいせつ)も予定(よてい)しております。
저희 회사의 시부야점의 매출이 순조롭습니다.
덧붙여서, 내년에는 처음으로 해외 점포의 개설도 예정하고 있습니다.

・本日(ほんじつ)はご連絡(れんらく)いただきありがとうございます。
ちなみに明日(あす)より弊社(へいしゃ)の商品(しょうひん)の一部(いちぶ)が50％オフになります。
오늘은 연락주셔서 감사합니다.
덧붙여서, 내일부터 저희 회사의 상품 일부가 50% 할인이 됩니다.

・ちなみに、念(ねん)のため申(もう)し添(そ)えますと、
来週(らいしゅう)より休暇(きゅうか)を取(と)らせていただきますので、
よろしくお願(ねが)いいたします。
덧붙여서, 혹시 몰라 첨부하며
다음주부터 휴가에 들어가게 되었으므로 잘 부탁드립니다

https://blog.naver.com/u_hakseang/221371712795

◆ 덧붙여서 (말하면); 이와 관련하여.

ちなみに言えば
덧붙여 말하면; 이와 관련하여 말하면

ちなみに申し上げますと
덧붙여 말씀드리면

ちなみに、氏は本校の卒業生であります
덧붙여서 말하면 씨는 본교 졸업생입니다

https://mazii.net/ko-KR/search/word/jako/%E3%81%A1%E3%81%AA%E3%81%BF%E3%81%AB","[""import"",""japanese""]",2026-02-22 09:19:19.328049+00,e1848554-ffae-479c-a8cd-4c0d77b7bed2,2026-03-19 15:55:50.007522+00,0,0,0,2026-03-19 15:55:50.007522+00,0,null,null,null,false,null,null,null,null,true,e3b4441a-c8e2-4474-8097-8dbca66afef0,null,null,"{""tables"":{""1"":{""rows"":[],""columns"":[]}}}",null,[],null,null
aea1502d-580e-4f41-80a8-bdd649c80b25,「しびれ（痺れ）」,"「しびれ（痺れ）」とは、感覚が鈍くなったり（触覚・痛み・温度を感じにくい）、ピリピリ・ジンジンするような異常な感覚が生じたり、手足に力が入らなくなったりする状態を指し、脳・脊髄・末梢神経の障害、血行不良、栄養不足（ビタミンB群など）、骨格の異常（頚椎症、椎間板ヘルニアなど）など、原因は多岐にわたり、脳卒中などの緊急性の高い病気のサインである場合もあるため、注意が必要です。 
主な「しびれ」の種類と原因
感覚の低下・異常感覚: 触っても鈍い、ピリピリする、針で刺されるような感じなど。
運動麻痺: 手足に力が入らない、動きにくいなど。
原因の部位:
脳・脊髄（中枢神経）: 脳梗塞、脳出血、脊髄の病気など。急激な片側性のしびれは注意。
末梢神経: 手足の神経が圧迫されたり（手根管症候群など）、障害されたりする場合。
骨格・循環: 頚椎や腰椎の神経圧迫（加齢による変化も含む）、動脈硬化による血流不足。
栄養不足: ビタミンB群の不足。 
どんな時に注意が必要か（受診の目安）
急に症状が出た: 特に体の片側（顔、手足など）に現れた場合（脳卒中などの疑い）。
徐々に範囲が広がっていく、別の部位にも出る: 慢性的な病気のサインの可能性。
筋力低下を伴う: 感覚障害と筋力低下が同時に起こる場合。
放置できない感覚: 自分でしか分からない感覚（しびれ）は、周囲に伝わりにくく評価が難しいため、早めの医療機関受診が推奨されます。 
どんな病院を受診すべきか
脳や神経に関わる症状の可能性があるため、まずは脳神経外科や神経内科を受診することが望ましいです。 
「しびれ」は様々な病気が隠れているサインなので、自己判断せず、専門医の診断を受けることが大切です。","[""import"",""japanese""]",2026-02-22 09:19:19.328049+00,e1848554-ffae-479c-a8cd-4c0d77b7bed2,2026-03-19 15:55:50.007522+00,0,0,0,2026-03-19 15:55:50.007522+00,0,null,null,null,false,null,null,null,null,true,6a525c5d-a4d2-4a8d-a05a-588b7a8ce6e6,null,null,"{""tables"":{""1"":{""rows"":[],""columns"":[]}}}",null,[],null,null
b04d5e4f-bc90-4430-b6f9-7bee328ad53e,「悲しい（かなしい）」,"「悲しい」は、心が痛んで泣きたくなるような、辛く切ない気持ちを指し、大切な人との別れや失恋、挫折などが原因で生じます。この感情は休息や気分転換、信頼できる人との会話、趣味への没頭などで和らげることができ、無理に抑え込まず「今、自分は悲しいんだ」と受け止めることが大切です。 
悲しい感情の原因とサイン
原因: 大切な人との死別・離別、失恋、失業、病気、人間関係のトラブル、目標の失敗、大きな変化によるストレスなど。
サイン: 心が痛む、泣きたい、寂しい、落ち込む、といった感情。 
悲しい気持ちの対処法
感情を受け止める: 悲しんでいる自分を否定せず、「悲しい」と認めてあげる。思い切り泣くのも有効です。
心身を休める: 睡眠をとり、栄養のあるものを食べ、安心できる環境で過ごす。
気分転換: 散歩、運動、好きな音楽を聴く、映画を見るなど、体を動かしたり、没頭できる趣味を見つける。
人に話す: 家族や友人、専門機関など、信頼できる人に話を聞いてもらう。
生活習慣を見直す: 睡眠・食事・運動の基本を見直す。 
「悲しい」と似ている言葉
哀しい（かなしい）: 「悲しい」よりさらに「あわれ」で胸が詰まるようなニュアンス。「愛しい（かなしい）」は「切なく可愛い」という意味で、現代では古典文学で使われることが多い。
寂しい: 孤独感や物足りなさ。 
もし悲しい気持ちが長く続き、日常生活に支障をきたすようであれば、専門機関への相談も検討しましょう。

https://hangeul.jp/phrase/13852/

韓国語で「悲しいです」は何て言えばいい？使いやすいフレーズ5選も紹介！
こんにちは、セットンブログへようこそ！私たちは日常生活でさまざまな感情を表現しますが、「悲しい」という気持ちを言葉で伝えることは、時に難しいことがあります。特に外国語で自分の気持ちを伝える時には、適切な表現を使うことが大切です。韓国語で「悲しいです」という感情を表すためのフレーズをいくつか覚えておけば、韓国語での会話がより豊かになりますし、自分の気持ちを正確に伝えることができるようになります。今回は、韓国語で「悲しいです」と言いたい時に使える便利なフレーズを5つご紹介します。これらを覚えて、韓国語の会話で感情をうまく表現できるようになりましょう。

1. 슬퍼요 (スルポヨ)：「悲しいです」
「슬퍼요」は、韓国語で「悲しいです」を表す最も一般的なフレーズです。感情を素直に伝えるために使うことができ、カジュアルからフォーマルな場面まで幅広く使用できます。

【例文】

오늘 기분이 슬퍼요. （今日は気分が悲しいです。）
그 이야기를 듣고 너무 슬퍼요. （その話を聞いてとても悲しいです。）
내 친구가 아파서 슬퍼요. （私の友達が病気で悲しいです。）
2. 마음이 아파요 (マウミ アパヨ)：「心が痛いです」
「마음이 아파요」は、精神的な痛みや悲しみを表現するフレーズです。感情的なショックや深い悲しみを感じているときに使います。

【例文】

그 소식을 듣고 마음이 아파요. （その知らせを聞いて心が痛いです。）
내가 사랑하는 사람이 떠나서 마음이 아파요. （大切な人が去って、心が痛いです。）
이 사건에 대해 생각하면 마음이 아파요. （この出来事を考えると、心が痛みます。）
3. 속상해요 (ソクサンヘヨ)：「悔しい、悲しい」
「속상해요」は、軽い悲しみや心の中での葛藤を表現するときに使います。特に、何かがうまくいかなかった時や失望したときに使うことが多いです。

【例文】

그 일이 잘 안 돼서 속상해요. （そのことがうまくいかなくて悲しいです。）
속상한 일이 있어요. （悲しいことがありました。）
내가 이렇게 된 것이 속상해요. （こんなふうになってしまったのが悲しいです。）
4. 우울해요 (ウウレヨ)：「落ち込んでいます」
「우울해요」は、心が沈んでいる状態や、抑えきれない悲しみ、気持ちの落ち込みを表すフレーズです。精神的に疲れているときや悲しみを抱えているときに使うことができます。

【例文】

요즘 계속 우울해요. （最近ずっと落ち込んでいます。）
그 일 때문에 우울해요. （そのことが原因で落ち込んでいます。）
나 혼자서 우울해하지 않으려고 해요. （一人で落ち込まないようにしています。）
5. 눈물이 나요 (ヌンムリ ナヨ)：「涙が出ます」
「눈물이 나요」は、感情が高ぶって涙が出そうなときや、悲しい気持ちがあふれ出る時に使う表現です。泣きそうな時や、実際に泣いている場合に使います。

【例文】

그 영화를 보고 눈물이 나요. （その映画を見て涙が出ます。）
너무 슬퍼서 눈물이 나요. （とても悲しくて涙が出ます。）
그녀의 이야기를 들었을 때 눈물이 났어요. （彼女の話を聞いたとき、涙が出ました。）
まとめ
これらのフレーズを覚えておけば、韓国語で「悲しい」という感情をうまく表現することができます。どの表現も、状況や感情に合わせて使い分けることができるので、相手に対して自分の気持ちをより深く伝えることができます。また、韓国語で感情を表すフレーズを覚えることで、より豊かなコミュニケーションができ、相手の気持ちにも寄り添うことができるようになるでしょう。韓国での生活や会話が一層楽しく、深いものになるはずです。それでは、楽しい韓国語学習を続けてくださいね！","[""import"",""japanese""]",2026-02-22 09:19:19.328049+00,e1848554-ffae-479c-a8cd-4c0d77b7bed2,2026-03-19 15:55:50.007522+00,0,0,0,2026-03-19 15:55:50.007522+00,0,null,null,null,false,null,null,null,null,true,172cdc64-1f38-447a-b543-c05925d701c7,null,null,"{""tables"":{""1"":{""rows"":[],""columns"":[]}}}",null,[],null,null
b24cd636-b96f-47f7-a692-ab0f03183e31,「油断（ゆだん）」,"「油断（ゆだん）」とは、気を緩めて注意を怠ること、物事を軽視したり見くびったりして不注意になることを意味します。隙を見せることや、怠けおこたることでもあり、「油断大敵（ゆだんたいてき）」という言葉で「油断は大きな失敗を招く恐ろしい敵だ」と戒められることが多いです。 
意味とニュアンス
気を抜く、気を許す: 集中力や注意力が途切れる状態。
軽視する、見くびる: 相手や状況を甘く見て、十分な対策をしないこと。
不注意、ぬかり: 注意が行き届かず、ミスや失敗につながる状態。 
類語
不注意、怠慢、不覚、ぬかり、失着。
「気を緩める」「肩の力が抜ける」「緊張が途切れる」といった表現も近いです。 
使用例
「油断大敵」：油断は大きな敵である、という意味でよく使われる四字熟語。
「油断すると事故につながる」：気を抜くと危険である、という警告。
「試験で油断して間違えた」：最後まで気を抜かず、注意すべきだったという意味。

https://mazii.net/ko-KR/search/word/jako/%E6%B2%B9%E6%96%AD

◆ 방심; 부주의.

油断のならない世の中
방심할 수 없는 세상

油断すると負ける
방심하면 진다

油断は禁物
방심은 금물","[""import"",""japanese""]",2026-02-22 09:19:19.328049+00,e1848554-ffae-479c-a8cd-4c0d77b7bed2,2026-03-19 15:55:50.007522+00,0,0,0,2026-03-19 15:55:50.007522+00,0,null,null,null,false,null,null,null,null,true,b1c3198f-7e56-4231-be71-822bcf6ee5bb,null,null,"{""tables"":{""1"":{""rows"":[],""columns"":[]}}}",null,[],null,null
b2a75f41-6777-4cc2-a27e-21f6588b0dbf,코딩적사고와 crud + search + filter기준에서 쓰이는 일본어들,"1️⃣ 코딩 사고는 한국어보다 일본어가 유리한가?

조건부로 YES라고 말할 수 있어. 이유는 “언어가 사고를 끌어가는 방향” 차이 때문이야.

🔹 한국어의 특징 (코딩 사고에 불리한 지점)

맥락 의존이 큼

주어/목적어 생략이 잦음

감정·뉘앙스 중심 표현이 많음

예:

“이거 여기서 처리하면 되지 않을까?”

→ 사고가 흐릿해짐
→ 구현 전에 감정·추측이 먼저 개입

🔹 일본어의 특징 (코딩 사고에 유리한 지점)

행위 중심(동사 중심)

절차/단계 표현이 강함

“무엇을 한다”가 항상 드러남

예:

状態を更新する
条件を判定する
表示を切り替える

→ 사고가 절차 단위로 쪼개짐
→ 코드 구조와 거의 1:1 대응

📌 그래서 일본 개발자 코드/설명은
“감정 없음 + 처리 흐름 설명” 느낌이 강함.

🔹 결론

일상 사고 → 한국어가 편함

구조·절차·로직 사고 → 일본어가 오히려 정돈됨

그래서 코딩 사고만 놓고 보면 일본어가 유리한 면이 있다고 말할 수 있어.

2️⃣ 지금 수준(CRUD + search/filter)에서 반드시 접하는 일본어

아래는 지금 네가 쓰는 코드 사고와 거의 1:1 대응되는 일본어만 정리했어.
(외우는 용도 ❌ / 자주 보면서 익숙해지는 용도 ⭕)

📌 상태 / 데이터 관련
일본어	의미	코딩 사고
状態（じょうたい）	상태	state
データ	데이터	data
配列（はいれつ）	배열	array
要素（ようそ）	요소	element
一覧（いちらん）	목록	list
管理する	관리하다	manage
📌 CRUD 기본 동사 (핵심)
일본어	의미	CRUD
追加する	추가하다	Create
取得する	가져오다	Read
更新する	갱신하다	Update
削除する	삭제하다	Delete

👉 일본 개발자 사고는 거의 이 4개 동사로 시작함.

📌 검색 / 필터 / 조건
일본어	의미	사용 맥락
検索する（けんさく）	검색하다	search
条件（じょうけん）	조건	filter
判定する	판단하다	if 조건
絞り込む	추려내다	filter
含む	포함하다	includes
📌 처리 흐름 / 로직
일본어	의미	코딩 사고
処理する	처리하다	process
実行する	실행하다	execute
呼び出す	호출하다	call
分岐する	분기하다	branching
繰り返す	반복하다	loop
📌 화면 / 렌더링 / DOM
일본어	의미	대응 개념
表示する	표시하다	render
再描画する	다시 그리다	re-render
画面	화면	UI
要素を取得する	요소를 가져오다	querySelector
追加する	추가하다	append
📌 이벤트 / 사용자 조작
일본어	의미
イベント	이벤트
入力	입력
送信	제출
変更	변경
クリック	클릭
📌 에러 / 디버깅 (중요)
일본어	의미
エラー	에러
原因	원인
発生する	발생하다
存在しない	존재하지 않다
null	null
未定義	undefined

예문 하나만 기억해도 충분:

DOM要素が存在しない状態で
イベントを登録しようとしたため、エラーが発生した。

3️⃣ 추천 사고 전환 방식 (지금 단계 최적)

❌ “일본어로 생각해야지”
⭕ “코딩 동사를 일본어로 붙인다”

예:

“여기서 render 해야겠다”
→ 表示を更新する

“이건 상태 변경이네”
→ 状態を更新する

“조건으로 걸러야지”
→ 条件で絞り込む

이렇게 행동 단위로 일본어를 붙이면
어느 순간 한국어를 안 거치게 된다.

마지막 한 문장 정리

코딩 사고는 감정 언어가 아니라
절차 언어라서,
일본어와 구조적으로 잘 맞는다.

지금 네 수준에서 필요한 일본어는
이미 충분히 정리 가능한 범위고,
지금처럼 쓰다 보면 자연스럽게 일본어로 코딩 사고가 열린다.","[""import"",""coding""]",2026-02-22 09:19:19.328049+00,e1848554-ffae-479c-a8cd-4c0d77b7bed2,2026-03-19 15:55:50.007522+00,0,0,0,2026-03-19 15:55:50.007522+00,0,null,null,null,false,null,null,null,null,true,8c43b820-ad07-4475-af70-568a53f81a10,null,null,"{""tables"":{""1"":{""rows"":[],""columns"":[]}}}",null,[],null,null
b707de02-d2a2-42ea-9a60-3dbda5da8f9f,# CRUD Notes (Vanilla JS) / CRUD 기록,"# CRUD Notes (Vanilla JS) / CRUD 기록

> 목적: CRUD를 반복해서 만들면서 “구조 이해 + 실수 패턴 제거 + 설명력 강화”

---

## 1) includes() 역할
### KR
- `string.includes(substring)`는 문자열 안에 부분 문자열이 포함되어 있는지 확인한다.
- 반환값: `true / false`
- 검색 기능에서 핵심: `it.text.toLowerCase().includes(query)`

### JP（要点）
- `includes()` は文字列に部分一致するかを判定（true/false）

---

## 2) visibleItems()의 의미
### KR
- source of truth: `items` (원본 배열)
- `visibleItems()`는 “화면에 보여줄 목록”만 따로 계산한다.
- 이유: 렌더링 함수가 단순해지고, 필터/검색 로직이 한곳에 모인다.

### JP（要点）
- 表示用データを計算して `render()` をシンプルにする

---

## 3) return을 어디에 써야 하는가
### KR
- 같은 이벤트 핸들러 내부에서 액션이 여러 개일 때:
  - 처리 후 `return`으로 함수 종료하면 실수 방지됨
- 마지막 if 블록이면 return 생략해도 동작은 하지만,
  “실무에서는 일관성/안전성” 때문에 return 쓰는 게 좋다.

### JP（要点）
- 処理後に `return` するとミス防止・可読性UP

---

## 4) 이벤트 위임(event delegation)
### KR
- 리스트 항목마다 addEventListener를 달지 않고,
  부모(list)에 1개만 달고 이벤트를 위임한다.
- `e.target.closest(""button"")` 사용 이유:
  - 버튼 안에 아이콘/텍스트 클릭해도 버튼을 찾을 수 있음

### JP（要点）
- 親要素に1つだけイベントを付ける（delegation）

---

## 5) dataset 사용 이유
### KR
- DOM 요소에 `data-id`, `data-act` 등을 붙여서 상태/액션을 구분
- React의 props처럼 DOM에서 “행동/식별”을 전달하는 느낌

### JP（要点）
- `data-*` でID/アクションを管理

---

## 6) 내가 자주 하는 실수
### KR
- `items.filter(...)`만 호출하고 결과를 다시 할당 안 함
  - ❌ `items.filter(...)`
  - ✅ `items = items.filter(...)`
- `includes()`에 인자를 빼먹음
  - ❌ `.includes()`
  - ✅ `.includes(query)`","[""import"",""coding""]",2026-02-22 09:19:19.328049+00,e1848554-ffae-479c-a8cd-4c0d77b7bed2,2026-03-19 15:55:50.007522+00,0,0,0,2026-03-19 15:55:50.007522+00,0,null,null,null,false,null,null,null,null,true,b051594c-3f31-4bec-9c47-2c592eea02ed,null,null,"{""tables"":{""1"":{""rows"":[],""columns"":[]}}}",null,[],null,null
b81b7bc3-fca2-42f3-9633-caf12fe1d535,「詰まる（つまる）」,"「詰まる（つまる）」とは、空間や通路がふさがって物が入らない、進めなくなる状態（「のどが詰まる」「配管が詰まる」）、スケジュールや予定がぎっ密になる（「スケジュールが詰まっている」）、行き詰まる（「考えが行き詰まる」「言葉に詰まる」）、短くなる・縮まる（「期間が詰まる」）、煮詰まる（「煮詰まる」）、促音（っ）になるなど、様々な意味を持つ自動詞です。 
主な意味と例文
物理的にふさがる、満杯になる
「鼻が詰まる」「排水溝が詰まる」
「足の裏の角質が詰まる」
時間・予定がぎっしりになる
「今週は仕事が詰まっていて忙しい」
「予約が詰まっている」
行き詰まる、解決できなくなる
「交渉が行き詰まる」「議論が詰まる」
「言葉に詰まる（うまく話せない）」
短くなる、縮まる
「シャツの袖が詰まる」「期間が詰まる（短くなる）」
煮詰まる、最終段階になる
「会議が煮詰まる」
（言葉の音として）促音（っ）になる
「『きっぷ』のように促音で発音される」
（野球で）打球が手元に当たる
「ピッチャーの球がバットの根元に詰まる」 
関連表現
気が詰まる: 気持ちが圧迫されて窮屈に感じる、憂鬱になる。
詰まる所（つまるところ）: 結局、要するに（→「詰まる」の意味にも通じる）。 
文脈によって意味が大きく変わるので、どの状況で使われているかを確認することが重要です。

https://mazii.net/ko-KR/search/word/jako/%E3%81%A4%E3%81%BE%E3%82%8B

◆ 가득 차다; 잔뜩 쌓이다.

札のぎっしり詰まった財布
지폐가 가득 찬 지갑

仕事が詰まる
일이 잔뜩 쌓이다[밀리다]

今月は日程が詰まっている
이번 달은 일정이 꽉 차 있다

◆ 막히다.
◆ 메다.

鼻が詰まる
코가 막히다

胸が詰まる
가슴이 메다

息が詰まりそうだ
숨이 막힐 것 같다

◆ 궁하다.

金に詰まる
돈에 궁해지다

返答に詰まる
대답이 막히다

暮らしに詰まる
생계가 막히다

◆ 짧아지다; 줄어들다; 임박하다.

丈が詰まる
길이가 줄어들다

日が詰まる
해가 짧아지다; 또, 기일이 임박하다

日限が詰まってくる
기한이 다가오다

◆ (투수가 던진 공이) 배트 중심에 맞지 않고 빗겨 맞다.

詰まった打球
배트 중심에 맞지 않고 빗겨 맞은 타구

◆ 막다르다; 마지막 상태에 이르다.","[""import"",""japanese""]",2026-02-22 09:19:19.328049+00,e1848554-ffae-479c-a8cd-4c0d77b7bed2,2026-03-19 15:55:50.007522+00,0,0,0,2026-03-19 15:55:50.007522+00,0,null,null,null,false,null,null,null,null,true,49b89786-aa4e-4923-8d6d-0c089b4c2f66,null,null,"{""tables"":{""1"":{""rows"":[],""columns"":[]}}}",null,[],null,null
b96faf15-a0a2-4f3b-8acd-6086bb6beecf,「びくりした」,"「びくりした」は「びっくりした」のことで、驚いた、驚かされたという感情を表す言葉です。「わっ！」と急に何かに気づいたり、予期せぬ出来事に出くわして心臓がドキッとしたりした時に使います。日本語の「びっくり」は、当て字で「吃驚（きっきょう）」と書かれることもありますが、通常はひらがなやカタカナで表記され、英語では ""I was surprised!"" や ""Wow!"" と表現されます。 
「びっくりした」のニュアンス
突然の驚き: 予期せぬ出来事や声、物音などに対して、はっと気付いたり、心に衝撃を受けたりする状態。
感情表現: 驚き、感嘆、時には恐怖など、ネガティブな驚きからポジティブな驚きまで幅広く使われます。 
例文
「後ろから名前を呼ばれて、びっくりした！」（突然声をかけられて驚いた）。
「お化け屋敷で急に何かが現れて、びっくりしたよ！」（予期せぬものに驚いた）。 
関連する表現
驚く（おどろく）: 「びっくりする」よりもややフォーマルで、深い驚きや感銘を表すこともあります。
仰天（ぎょうてん）: 非常に驚くこと、ひどく驚くことを意味する類語です。 
英語での表現例
I was surprised! (びっくりした！)
Wow! (わあ！)
What a surprise! (なんてことだ！/びっくりした！)

https://mazii.net/ko-KR/search/word/jako/%E3%81%B3%E3%81%A3%E3%81%8F%E3%82%8A

◆ 깜짝 놀람.

びっくり箱
깜짝[도깨비] 상자((뚜껑을 열면 동물 인형 등이 튀어나오는 장난감))

びっくりした顔
깜짝 놀란 얼굴[표정]

わ、びっくりした
아이 깜짝이야","[""import"",""japanese""]",2026-02-22 09:19:19.328049+00,e1848554-ffae-479c-a8cd-4c0d77b7bed2,2026-03-19 15:55:50.007522+00,0,0,0,2026-03-19 15:55:50.007522+00,0,null,null,null,false,null,null,null,null,true,778825ad-c26e-448f-bc56-23f51da57f40,null,null,"{""tables"":{""1"":{""rows"":[],""columns"":[]}}}",null,[],null,null
bc141ee3-1af5-4d28-b1f1-629a997db2a7,업무에서 “짧고 예의있고 명확하게” 말하기 위한 템플릿 모음.,"# JP Dev Templates (外国人エンジニア向け)
업무에서 “짧고 예의있고 명확하게” 말하기 위한 템플릿 모음.
- 너무 과한 존댓말은 피하고
- 실무에서 바로 쓰기 좋은 톤으로 구성

---

## 0) 기본 톤 규칙 (자주 쓰는 안전 표현)
- 念のため：혹시 몰라서 / 안전하게
- 一旦：일단 / 우선
- 〜かもしれません：~일 수 있습니다(추측)
- 〜と思います：~라고 생각합니다(완곡)
- 共有します：공유합니다(진짜 자주 씀)

---

# A. 진행 보고 / 상태 공유 (10)
1. 今の進捗ですが、〜まで完了しました。
2. 現在、〜を対応中です。
3. 次は〜を対応する予定です。
4. 本日中に〜まで進める予定です。
5. 進捗を共有します。
6. いったん現状を整理します。
7. 作業状況としては、〜の段階です。
8. 〜は完了して、残りは〜です。
9. 予定通り進んでいます。
10. 少し時間がかかっていますが、進めています。

---

# B. 질문 / 상담 / 확인 (10)
11. 〜について確認してもよろしいでしょうか。
12. 〜の認識で合っていますか？
13. すみません、ここだけ確認したいです。
14. ここで少し詰まっているので相談したいです。
15. 一旦こう進めても大丈夫でしょうか。
16. どちらの方針が良いか相談したいです。
17. 〜の仕様をもう一度確認したいです。
18. このケースはどう扱うのが正しいでしょうか。
19. 念のため確認ですが、〜で問題ないですか？
20. この認識で進めますね。

---

# C. 지연 / 리스크 / 우선순위 (10)
21. 予定より少し遅れそうなので先に共有します。
22. 想定より時間がかかっています。
23. 〜が原因で遅れています。
24. 完了は〜頃になりそうです。
25. 優先順位を確認したいです。
26. 先に影響範囲を確認します。
27. この対応は明日までに完了予定です。
28. もし急ぎなら、先に暫定対応します。
29. リスクがあるので先に共有します。
30. 時間見積もりを更新します。

---

# D. 버그 / 이슈 보고 (10)
31. 不具合を確認しました。
32. 再現できました。
33. 再現条件は〜です。
34. 原因を調査中です。
35. 原因は〜でした。
36. 影響範囲を確認します。
37. 修正方針としては〜を考えています。
38. 修正して動作確認しました。
39. 念のため、もう少し検証します。
40. 対応が完了しました。

---

# E. 구현 / 작업 내용 설명 (10)
41. 〜の機能を実装しました。
42. 〜の処理を追加しました。
43. 〜のロジックを整理しました。
44. 将来的な拡張を考えて関数を分けました。
45. 可読性のために処理を分離しました。
46. stateで状態管理しています。
47. データ更新後に保存して再描画します。
48. イベント委譲で実装しています。
49. 入力値のバリデーションを入れました。
50. 仕様通りに動作することを確認しました。

---

# F. 추가로 자주 쓰는 “끝맺음” 표현
- 以上です。
- 引き続き対応します。
- 何かあれば連絡してください。
- もし問題があればすぐ対応します。","[""import"",""japanese""]",2026-02-22 09:19:19.328049+00,e1848554-ffae-479c-a8cd-4c0d77b7bed2,2026-03-19 15:55:50.007522+00,0,0,0,2026-03-19 15:55:50.007522+00,0,null,null,null,false,null,null,null,null,true,c612db1d-c5c7-4a96-95a8-05e778d4c631,null,null,"{""tables"":{""1"":{""rows"":[],""columns"":[]}}}",null,[],null,null