id,title,content,tags,created_at,user_id,updated_at,comment_count,view_count,like_count,last_activity_at,hot_score,deleted_at,deleted_by,deleted_reason,is_deleted,account_key,source_id,source_date,legacy_id,is_hidden,duplicate_of,deleted_scope,delete_note,table_data,attachments,links,import_source,source_filename
477b08dc-6e5d-4d8a-b7f4-716a67b86e99,「巻き込む（まきこむ）」,"「巻き込む（まきこむ）」とは、何かを巻いて中に入れること、または望まない人間関係や事件・紛争などの状況に引き入れる・巻き添えにするという意味で使われますが、ポジティブに「人を巻き込む（=参加・協力させる）」といった文脈でも使われる多義的な言葉です。主に悪い事態に使うことが多いですが、現代では良い目的のために「人を巻き込む力（人を動かす力）」というポジティブな意味合いでも使われます。 
主な意味と使い方
【悪い意味】事件・争いなどに引き入れる
例文: 「事故に巻き込まれた」「紛争に巻き込む」
類語: 巻き添えにする、引き入れる
【良い意味】活動や仕事に協力・参加させる
例文: 「プロジェクトに仲間を巻き込む」「彼の熱意で皆を巻き込んだ」
類語: 誘う、参加させる、引き入れる 
類語・言い換え表現
悪い文脈で: 巻き添えにする、引き込む
良い文脈で: 誘う、招く、引き入れる、関与させる、チーム牽引力、人を動かす力 
ポイント
「巻き込む」は「自分だけではなく、他者もその状況・活動の範囲内に入れる」というニュアンスが強い言葉です。
単に「誘う」だけでなく、「相手の意図とは別に、その流れの中に組み込む」という含みを持つことがあります。

https://mazii.net/ko-KR/search/word/jako/%E5%B7%BB%E3%81%8D%E8%BE%BC%E3%82%80

◆ 말려들게 하다.
◆ 감아서 안으로 넣다.

機械に巻き込まれる
기계에 말려들어 가다

渦に巻き込まれる
소용돌이에 휘말리다

車輪に巻き込まれた
차바퀴에 말려들어 갔다

◆ 끌어들이다; 연루되게 하다; 연좌(連坐)시키다.

事件に巻き込む
사건에 끌어들이다

紛争に巻き込まれる
분쟁에 말려들다

市民を巻き込んだ政争
시민을 끌어들인 정쟁","[""import"",""japanese""]",2026-02-22 09:21:41.711667+00,e1848554-ffae-479c-a8cd-4c0d77b7bed2,2026-03-19 15:55:50.007522+00,0,0,0,2026-03-19 15:55:50.007522+00,0,null,null,null,false,null,null,null,null,true,07318039-7962-4d9b-81da-38757bb94e41,null,null,"{""tables"":{""1"":{""rows"":[],""columns"":[]}}}",null,[],null,null
492870f9-96eb-4e74-a9fd-cd476f2ca3e7,"「正直に」, 「素直に」, 「率直に」","＜素直（すなお）＞

있는 그대로의 꾸밈없는 모습과 성격

・彼女の素直さが魅力だ。

(그녀의 솔직함이 매력이다)

​

＜率直（そっちょく）＞

있는 그대로 숨기지 않는 것

・率直に言うとこの問題はまだ改善の余地がある。

(솔직히 말해서 이 문제는 아직 개선의 여지가 있다.)

​

＜正直（しょうじき）＞

거짓이 없고 옳은 것

・正直に生きられたら幸せだ。

(정직하게 살 수 있다면 행복하다.)","[""import"",""japanese""]",2026-02-22 09:21:41.711667+00,e1848554-ffae-479c-a8cd-4c0d77b7bed2,2026-03-19 15:55:50.007522+00,0,0,0,2026-03-19 15:55:50.007522+00,0,null,null,null,false,null,null,null,null,true,373c3df3-a8e8-4974-800d-db99e3077bd5,null,null,"{""tables"":{""1"":{""rows"":[],""columns"":[]}}}",null,[],null,null
49bc0eb1-a130-4c5f-95ca-fd4ba6a87e4c,일본 중소기업과 스타트업의 “관리되는 야근”인지 “방치되는 야근”인지 구분하는 질문/체크리스트,"좋아. 바로 “면접에서 그대로 읽어도 되는 수준”으로 중소기업 버전 / 스타트업 버전 두 세트 만들어줄게.
(너 목적: 정시퇴근 기반 + 장기적으로 프리/노마드 준비를 깔끔하게 확인)

핵심 차이는 이거야:

중소기업: 분위기/예의/조직문화 중요 → 부드럽고 신중하게 묻기

스타트업: 실전/속도/현실 중요 → 구체적으로, 숫자로, 시스템으로 묻기

✅ 1) 중소기업 버전 (부드럽고 안정지향 질문 세트)
시작 멘트 (정중/안정형)

長く安定して働きたいと考えておりますので、働き方についていくつか確認させてください。
(오랫동안 안정적으로 일하고 싶어서 근무 방식에 대해 몇 가지 확인드리고 싶습니다.)

A. 잔업(야근) 평균/문화 확인
Q1) 월 평균 잔업

月平均の残業時間はどれくらいでしょうか？
(월 평균 야근 시간은 어느 정도인가요?)

Q2) 정시퇴근 분위기

定時で退勤される方も多いでしょうか？
(정시에 퇴근하시는 분들도 많은 편인가요?)

✅ 중소기업에선 “많습니다/적당히 있습니다” 같은 답이 나오면 정상.

B. 야근 발생 원인(업무량/시기) 확인
Q3) 야근이 생기는 타이밍

残業が発生するのは、どのような時期が多いでしょうか？
(야근이 발생하는 시기는 주로 언제인가요?)

Q4) 업무 일정 운영 스타일

業務スケジュールはどのように管理されていますか？
(업무 일정은 어떤 식으로 관리되나요?)

C. 보상/규정 확인 (중요하지만 부드럽게)
Q5) 잔업수당/대체휴무

残業代の支給や代休制度について教えていただけますか？
(야근 수당 지급이나 대체휴무 제도에 대해 알려주실 수 있을까요?)

Q6) “みなし残業(포괄임금)” 여부

固定残業（みなし残業）の制度はありますか？
(포괄임금(고정 잔업) 제도가 있나요?)

D. 유연근무/재택(가능하면)
Q7) 재택/플렉스 운영

リモートワークやフレックス制度の運用状況を教えてください。
(재택근무나 플렉스 운영 상황을 알려주세요.)

마무리 멘트 (호감형)

無理なく長期的に成果を出したいと思っておりますので、確認させていただきました。ありがとうございます。
(무리 없이 장기적으로 성과를 내고 싶어서 확인드렸습니다. 감사합니다.)

✅ 2) 스타트업 버전 (실전형/구체적/숫자 중심)
시작 멘트 (스타트업스럽게)

パフォーマンスを安定して出すために、開発体制と働き方を具体的に確認させてください。
(안정적으로 성과를 내기 위해 개발 체계와 근무 방식을 구체적으로 확인드리고 싶습니다.)

A. 근무시간/야근을 “숫자”로 뽑아내는 질문
Q1) 팀의 월 평균 잔업 (필수)

配属予定チームの月平均残業時間はどれくらいですか？
(배치 예정 팀의 월 평균 야근 시간은 어느 정도인가요?)

Q2) 최근 3개월 기준으로 묻기 (회피 불가)

直近3ヶ月だと、残業はどれくらいの水準でしたか？
(최근 3개월 기준으로는 야근이 어느 수준이었나요?)

✅ 스타트업에서는 “최근 수치”를 물어야 진짜가 나옴.

B. “야근이 왜 발생하는가” (회사 운영 수준 파악)
Q3) 야근 발생 원인 TOP3

残業の主な原因は何でしょうか？（例：リリース前、仕様変更、障害対応など）
(야근의 주된 원인은 무엇인가요? 예: 릴리즈 전, 요구사항 변경, 장애 대응 등)

Q4) 일정이 터질 때 대응 방식

スケジュールが厳しい場合、スコープ調整は行われますか？
(일정이 빡빡할 때 스코프 조정은 하나요?)

✅ 좋은 스타트업 = 스코프 컷/우선순위 조정 있음
⚠️ 위험 = “다 같이 밤새워요”

C. 인원 부족 여부 확인 (너가 제일 중요하게 보는 지점)
Q5) 개발 인력 충원 상황

現状、開発人数は足りていますか？採用計画はどうなっていますか？
(현재 개발 인원은 충분한가요? 채용 계획은 어떻게 되나요?)

Q6) 한 사람이 맡는 범위

エンジニア1人あたりの担当範囲は広いですか？（フロント・バック・インフラ等）
(엔지니어 1인당 담당 범위가 넓은 편인가요? 프론트/백/인프라 등)

D. 야근이 “관리되는가” 판별 질문
Q7) 야근 상한/관리 방법

残業時間の上限管理はどうされていますか？
(야근 시간 상한 관리는 어떻게 하나요?)

Q8) 온콜/장애 대응

オンコールはありますか？頻度とローテーション体制を教えてください。
(온콜이 있나요? 빈도와 로테이션 체계를 알려주세요.)

E. 재택/플렉스 “진짜로 쓰는지” 확인
Q9) 재택/플렉스 실운영

リモート／フレックスは制度としてありますか？実際の利用率はどれくらいですか？
(재택/플렉스가 제도로 있나요? 실제 사용률은 어느 정도인가요?)

F. 보상/정산 (블랙 여부 확인)
Q10) 수당/대휴

残業代は全額支給ですか？代休も取れますか？
(야근 수당은 전액 지급인가요? 대체휴무도 쓸 수 있나요?)

Q11) “みなし残業”이면 몇 시간인지

みなし残業の場合、何時間分が含まれていますか？
(포괄임금이면 몇 시간분이 포함되어 있나요?)

마무리 멘트 (프로형)

長期的にパフォーマンスを維持したいので、運用面まで具体的に確認しました。
(장기적으로 퍼포먼스를 유지하고 싶어서 운영 측면까지 구체적으로 확인했습니다.)

✅ “답변”으로 판별하는 빠른 기준
🟢 감당 가능한 야근 확률 높음

팀 평균 잔업이 10~20h

“릴리즈 전 1~2주” 같은 명확한 패턴

“우선순위/스코프 조정”이 가능

수당/대휴 규정 명확

재택/플렉스 실사용

🔴 감당 불가 확률 높음 (피하는 게 좋음)

“사람마다 달라요”만 반복

“많긴 한데 어쩔 수 없죠”

“열정/각오” 같은 감성으로 덮음

온콜이 사실상 상시

“제도는 있는데 쓰는 사람 없음”","[""import"",""coding""]",2026-02-22 09:21:41.711667+00,e1848554-ffae-479c-a8cd-4c0d77b7bed2,2026-03-19 15:55:50.007522+00,0,0,0,2026-03-19 15:55:50.007522+00,0,null,null,null,false,null,null,null,null,true,c3a68ee2-7743-4f08-ab1d-6db64abc6d40,null,null,"{""tables"":{""1"":{""rows"":[],""columns"":[]}}}",null,[],null,null
4a2fffe1-812b-4e7e-96e9-0baf84461da8,「仲直り（なかなおり）」,"https://youtu.be/pfmrwJfftzo?si=F_3Gx2J3eKNK7HAV

「仲直り（なかなおり）」とは、仲が悪かった関係が元に戻り、良好な状態になること（和解・和睦）を指します。喧嘩や対立の後で、お互いに冷静になり、話し合い、理解し合うことで関係を修復し、以前よりも深いつながりを築くための重要なプロセスです。 
仲直りのための基本的なステップとコツ
感情的にならない: 喧嘩直後は冷静になり、時間をおいてから話すことが大切です。
自分から謝る: 少しでも自分に非があると感じたら、率先して「ごめんなさい」と伝えましょう。素直な謝罪は関係修復の第一歩です。
話し合う: 感情的にならず、お互いの意見や気持ち、何が悪かったのか、どう改善するかを具体的に話し合います。相手の目線に立って考えることが重要です。
感謝の気持ちを伝える: 相手の存在を再認識し、「ありがとう」の気持ちを伝えることも関係を深めます。
共通の体験をする: 一緒に食事をするなど、楽しい時間を共有することで、親近感や心の余裕が生まれます。
NG行動を避ける: 過去の話を持ち出す、相手の悪口を言う、無視するなどの行為は逆効果です。 
仲直りの先にあるもの
仲直りを通じて、お互いの価値観の違いを理解し、尊重できるようになります。
腹を割って話すことで、以前よりも大きな絆で結ばれ、関係が深まるきっかけにもなります。 
「仲直り」は単なる関係修復だけでなく、お互いをより深く理解し、成長する機会となるのです。","[""import"",""japanese""]",2026-02-22 09:21:41.711667+00,e1848554-ffae-479c-a8cd-4c0d77b7bed2,2026-03-19 15:55:50.007522+00,0,0,0,2026-03-19 15:55:50.007522+00,0,null,null,null,false,null,null,null,null,true,40b649c1-4362-4e6f-b185-6fcbd776cc2a,null,null,"{""tables"":{""1"":{""rows"":[],""columns"":[]}}}",null,[],null,null
4aeedf9e-22cd-4e20-892d-932ca4ddf266,「手広く（てびろく）」,"「手広く（てびろく）」とは、仕事や事業、交友関係などが様々な分野にわたって広範囲に及んでいる様子を表す言葉で、「幅広く」「多岐にわたって」行うことを意味します。特にビジネスで「手広く商売をする」のように使われ、多くの分野で事業展開している状態を示します。 
意味・使い方
広範囲に及ぶこと: 一つのことだけでなく、多くの事柄に関わっている状態。
多角的な活動: 複数の異なる分野で事業や活動を行っている様子。 
例文
「彼は不動産からITまで、手広く事業を展開している」。
「最近は、趣味の範囲も手広くなってきた」。 
類語・言い換え
幅広く
広範囲にわたって
多岐にわたって
多角的に 
関連語
手広い（形容動詞）: 「手広く」の元になる形で、「家や屋敷が広い」という意味と、「交際や仕事の範囲が広い」という意味があります。","[""import"",""japanese""]",2026-02-22 09:21:41.711667+00,e1848554-ffae-479c-a8cd-4c0d77b7bed2,2026-03-19 15:55:50.007522+00,0,0,0,2026-03-19 15:55:50.007522+00,0,null,null,null,false,null,null,null,null,true,510be7eb-befb-45ed-afd9-041306314402,null,null,"{""tables"":{""1"":{""rows"":[],""columns"":[]}}}",null,[],null,null
4cdce8d8-91bc-4feb-94b2-986bf4fa2382,「惜しい（おしい）」,"「惜しい（おしい）」は、目標や基準にわずかに届かず残念な気持ちや、大切なものが失われるのを惜しむ気持ちを表す日本語で、英語の""almost""や""close""、""pity""、""regrettable""などに相当し、状況によって「もう少し」「もったいない」というニュアンスで使われます。 
主な意味と使い方
もう少しで達成できたのに、という残念さ（悔しさ）
例文: 「あと1点足りない、惜しい！」（惜しい（おしい） - Wiktionary）
例文: 「シュートはポストに当たった。惜しかったね。」（おしい - Wiktionary）
価値あるものが失われるのを惜しむ気持ち（もったいない）
例文: 「才能があるのに、このまま埋もれてしまうのは惜しい。」（おしい - Wiktionary）
例文: 「この桜は散るには惜しいほど美しい。」（おしい - Wiktionary）
失いたくない、このままでいてほしいという気持ち
例文: 「命が惜しい」 ( 「おしい」の意味は何ですか？ 使い方は色々あるんですか？ - italki )
例文: 「時間が惜しい」 ( 「おしい」の意味は何ですか？ 使い方は色々あるんですか？ - italki ) 
「惜しい」と「もったいない」の違い
惜しい: 目標にあと一歩届かなかった悔しさや、それに近い状態を表すことが多いです（例：あと2点で合格点）。
もったいない: 価値あるものが無駄にされることへの残念な気持ち（例：才能があるのに勉強しないのはもったいない）。 
このように、「惜しい」は文脈によって「もう少しで」「残念」「もったいない」など、様々なニュアンスで使われる便利な言葉です。","[""import"",""japanese""]",2026-02-22 09:21:41.711667+00,e1848554-ffae-479c-a8cd-4c0d77b7bed2,2026-03-19 15:55:50.007522+00,0,0,0,2026-03-19 15:55:50.007522+00,0,null,null,null,false,null,null,null,null,true,34fa2694-84c1-4668-800c-3419d13cbca9,null,null,"{""tables"":{""1"":{""rows"":[],""columns"":[]}}}",null,[],null,null
4cf30927-a5a5-4779-9bb1-96efb28a8d2a,準備（じゅんび）、　用意（ようい）,"https://sonewkorea.tistory.com/entry/%E6%BA%96%E5%82%99%EF%BC%88%E3%81%98%E3%82%85%E3%82%93%E3%81%B3%EF%BC%89VS-%E7%94%A8%E6%84%8F%EF%BC%88%E3%82%88%E3%81%86%E3%81%84%EF%BC%89%EC%B0%A8%EC%9D%B4%EC%A0%90%EC%9D%80

[Ⅰ]　準備（じゅん‐び：Junbi）　
　
①　物事をする前にあらかじめ必要なものを揃えたり態勢を整えたりして用意すること。
어떤 일을 하기 전에 사전에 필요한 것을 준비하거나 태세를 정비해 준비하는 일.

└　実験の準備を進める     
실험의 준비를 진행하다

└　心の準備     
마음의 준비

└　会議資料を準備する      
회의자료를 준비하다

[Ⅱ]　用意（よう‐い：Youi）

①　前もって必要なものをそろえ、整えておくこと。支度
사전에 필요한 것을 준비해 정비해 두는 것.  준비/채비

└　食事の用意が整う
식사 준비가 되다.

└　招待客の車を用意する
대객의 차를 준비하다.

②　細かいところまで気を配ること。用心。
세세한 부분까지 신경을 쓰는 것.

[공통 사용 가능한 예] 準備・用意 

└　食事の準備・用意が整った
식사 준비가 되었다.

└　外出の準備・用意をする
외출 준비를 하다.

└　研究発表の準備・用意をする
연구발표 준비를 하다.사전에 정돈하는 의미에서 공통적으로 사용 가능합니다.

[準備 ONLY]준비 :

①　사전에 준비하는 수고와 시간이 걸리며 그 대상도 한정되지 않은 경우로 즉,필요하지 않는 부분까지 포함해서 대비하는 종합적인 느낌을 갖고 있습니다.

②　각오를 할 때에도 사용됩니다.
= 心の準備

└　大会の準備をする
(대회를 준비하다)

＝　必要な物を揃えるだけでなく、そのための組織を運営することも含み、

総合的であるといえる。
(필요한 것을 갖추는것 뿐만 아니라, 이를 위한 조직운영도 포함한 종합적 의미)

[用意 ONLY]준비 :

①　비교적 간단하게 준비가 되며, 준비하는 범위도 한정됩니다.
②　바로 행동이 개시되는 경우에도 사용됩니다. 
= 用意、ドン 달리기 시작할 때의 '준비, 시작!'

└　大地震にそなえて十分な用意をする
(대지진에 대비해 충분한 준비를 하다.)

└　当日は上履をご用意ください
(당일에는 실내화를 준비해 주세요.)
상황에 맞는 필요한 것을 사전에 갖추는 것에 중점이 있습니다.","[""import"",""japanese""]",2026-02-22 09:21:41.711667+00,e1848554-ffae-479c-a8cd-4c0d77b7bed2,2026-03-19 15:55:50.007522+00,0,0,0,2026-03-19 15:55:50.007522+00,0,null,null,null,false,null,null,null,null,true,9c5d349a-cd60-489c-a6cb-d3d88af1f99f,null,null,"{""tables"":{""1"":{""rows"":[],""columns"":[]}}}",null,[],null,null
4dec0a4d-476b-4a85-a29e-8c962260af85,「さらに」,"「さらに」は「その上に」「いっそう」「また」という意味で、程度が増したり、物事が重なったり、追加されたりする様子を表す言葉で、「全く」「少しも」といった否定と共にも使われ、文脈によって「加えて」「もっと」「その上」などの類語があります。文脈に応じて「更に」と漢字で書く場合と、「さらに」とひらがなで書く場合があり、接続詞の「さらに」はひらがな表記が一般的です。 
主な意味と使い方
程度が増す・重なる: 「気温がさらに上昇した」「さらに月日が経った」のように、前の状態よりも程度が増すことや、事柄が重なることを表します。
追加する: 「5%引き、さらに抽選で全額払い戻しあり」のように、何かを付け加える意味です。
（否定と共用）全く、少しも: 「さらに失うものはない」「さらにまだ見ぬ」のように、否定の言葉と組み合わせて「全然」「全く」の意味になります。
改めて、今さら: 古語では「改めて」「今さら」という意味で使われることもあります。 
類語の例
追加: 加えて、その上、おまけに
程度: いっそう、ますます、もっと、一段と
否定: 全く、少しも、いっこうに 
表記について
接続詞として: 「そして、さらに、…」のように文と文をつなぐ場合は、ひらがなで「さらに」と書くのが一般的です。
副詞として: 「更に」と漢字で書くこともあります。

https://mazii.net/ko-KR/search/word/jako/%E3%81%95%E3%82%89%E3%81%AB

◆ 그 위에; 더욱더; 보다 더.

更に上達する
더한층 능숙해지다

更に奥を極める
더욱더 깊은 경지에 이르다

雨が更に激しく降る
비가 더욱 세차게 내린다

◆ 다시 (한번); 거듭.

更に懇請する
거듭 간청하다

更にすすめる
다시 (한번) 권하다

更に強調する
거듭 강조하다

◆ (뒤에 부정(否定)하는 말이 따라서) 조금도; 도무지.

更に反省の色がない
도무지 반성의 빛이 없다

更に帰る様子がない
돌아갈 기색이 조금도 없다

思い残すことが更にない
미련은 조금도 없다","[""import"",""japanese""]",2026-02-22 09:21:41.711667+00,e1848554-ffae-479c-a8cd-4c0d77b7bed2,2026-03-19 15:55:50.007522+00,0,0,0,2026-03-19 15:55:50.007522+00,0,null,null,null,false,null,null,null,null,true,5ee39114-4deb-4cf9-a71f-e0062c10e2d0,null,null,"{""tables"":{""1"":{""rows"":[],""columns"":[]}}}",null,[],null,null
50f30e21-68e2-48be-a0b8-5b0c7da9600f,「取り付け（とりつけ）」,"https://youtu.be/VfC-W0zf9BM?si=WkojqrZJrlqDmqln

「取り付け（とりつけ）」とは、機械や器具などを特定の場所や物へ装着・設置することを指し、「設置」「据え付け」と似ていますが、より幅広い物（電化製品、部品など）に使える言葉で、専門的な作業を伴うこともあります。また、金融分野では信用不安から預金者が殺到する「取り付け騒ぎ」を意味したり、常連客が特定の店から商品を買うことを指す場合もあります。 
主な意味
物理的な装着・設置:
エアコン、照明、部品などを壁や天井、他の機器に固定し、使える状態にすること。
例：「エアコンの取り付け」「棚の取り付け」。
（金融用語）取り付け騒ぎ:
銀行などへの信用不安から、預金者が一斉に払い戻しを求める現象（Bank Run）。
（俗語）購入・仕入れ:
いつも同じ店から商品を買うこと、その常連客を指す。 
類語・関連語
設置、据え付け、装着、備え付け、セットアップ、組み込み。 
英語での表現
install, put in, have something installed。 
どのような文脈で使われるか
家電製品の購入・設置（「取り付け工事」など）。
DIYや修理（「自分で取り付ける」「取り付けてもらう」）。
ビジネス（「部品の取り付け」「取り付け費用」）。
歴史・経済（「取り付け騒ぎ」）。

https://mazii.net/ko-KR/search/word/jako/%E5%8F%96%E3%82%8A%E4%BB%98%E3%81%91

◆ 장치; 설치(함).

機械[アンテナ]の取り付け
기계[안테나]의 설치

取り付け料
설치료; 설치 요금

瞬間湯沸かし器の取り付け費用
순간 온수기 설치 비용

◆ (어떤 가게에서) 대놓고 삼; 단골로 삼; 또, 그 가게.

取り付けの店
단골 가게

取り付けの酒屋
단골 술집

◆ 신용을 잃은 은행에 예금주들이 돈을 찾으려고 몰려듦.

取り付け騒ぎ
예금 인출 소동[사태]","[""import"",""japanese""]",2026-02-22 09:21:41.711667+00,e1848554-ffae-479c-a8cd-4c0d77b7bed2,2026-03-19 15:55:50.007522+00,0,0,0,2026-03-19 15:55:50.007522+00,0,null,null,null,false,null,null,null,null,true,ea2890f3-ea7f-4be9-8c39-37c326d4d55d,null,null,"{""tables"":{""1"":{""rows"":[],""columns"":[]}}}",null,[],null,null
53e334bb-9c90-47ad-8eb0-f6eaf509df61,「仕方ない（しかたがない）」,"「仕方ない（しかたがない）」は「どうすることもできない」「他に良い方法がない」という意味で、避けられない状況を受け入れる際の表現で、「しょうがない」「やむを得ない」も同義です。文脈によっては「諦める」「我慢できない」「扱いにくい人」など、諦め、問題解決の手段がない、強い感情の抑えられない、人物評価という複数のニュアンスを持ちます。 
主な意味と使い方
避けられない状況の受容: 「雨で中止だ。仕方ない。」（諦め、受け入れ）。
どうしようもない状況: 「この問題は、もう仕方ない。」（解決策がないこと）。
強い感情や欲求: 「暑くて仕方がない」「彼がかわいくて仕方ない」（我慢できない）。
人物評価: 「彼は本当に仕方ない人だね」（扱いにくい、困った人）。 
類語・関連表現
しようがない: 「仕方ない」が変化した形で、同じ意味で使われる。
やむを得ない: ビジネスシーンなど、ややフォーマルな場面でも使われる。
致し方ない（いたしかたない）: 「仕方ない」をより丁寧にした表現。 
「仕方ない」は、困難な状況や理不尽な出来事に対し、嘆き、諦め、受容、寛容といった複雑な気持ちを込めて使われる日本語の慣用句です。

https://mazii.net/ko-KR/search/word/jako/%E4%BB%95%E6%96%B9%E3%81%8C%E3%81%AA%E3%81%84

◆ 어쩔 수 없다

そうするしか仕方がない
그렇게 하는 수밖에 방법이 없다.

https://nihongo.co.kr/%EF%BD%9E%E3%81%A6%E3%81%97%E3%82%87%E3%81%86%E3%81%8C%E3%81%AA%E3%81%84%E3%83%BB%EF%BD%9E%E3%81%A6%E3%81%97%E3%81%8B%E3%81%9F%E3%81%8C%E3%81%AA%E3%81%84/

【～てしょうがない】

私は会社の飲み会が嫌でしょうがないのですが、上司に誘われたからには行くしかありません。
나는 회사 회식이 싫어 죽겠지만 상사에게 권유 받았기에 갈 수밖에 없습니다. 

日本で地震があったので、日本にいる家族が心配でしかたありません。
일본에서 지진이 있었기 때문에 일본에 있는 가족이 걱정되어 미치겠습니다. 

昨日会った彼女のことが気になってしょうがないです。
어제 만난 그녀가 신경 쓰여 죽겠습니다. 

彼女のいない人生じんせい
なんて、考がえられない。もう死にたくてしょうがない。
그녀가 없는 인생 따윈 생각할 수 없다. 죽고 싶어 죽겠다. 

最近、ちょっと疲れているのかな？眠くて眠くてしょうがない。
요즘 좀 피곤한 건가? 졸려 미치겠다. 

今日はなんだかカレーが食べたくてしょうがない。
오늘은 왠지 카레가 먹고 싶어 못 참겠다. 

あれ、風邪をひいたかな？なんだか寒くてしょうがない。熱でも測ってみるか。
어? 감기 걸린 건가? 추워 미치겠어. 열이라도 재 볼까?

【～てしかたがない】

祖父は今年生まれた孫がかわいくてしかたがないようだ。
할아버지는 올해 태어난 손주가 귀여워서 어쩔 줄 모르겠는 것 같다. 

最近は暇で暇でしかたがない。
요즘 한가해 미치겠다. 

先日受けた試験の結果が気になってしかたがない。
얼마전 치른 시험결과가 걱정돼 미치겠다. 

昨日の試合、頑張ったのに負けてしまって、悔しくてしかたがない。
어제시합 열심히 했는데 져버려서 분해 죽겠다. 

月曜日は会社に出勤するのがめんどくさくてしかたがない。
월요일은 회사에 출근하는 게 귀찮아 죽겠다.","[""import"",""japanese""]",2026-02-22 09:21:41.711667+00,e1848554-ffae-479c-a8cd-4c0d77b7bed2,2026-03-19 15:55:50.007522+00,0,0,0,2026-03-19 15:55:50.007522+00,0,null,null,null,false,null,null,null,null,true,0e2298ee-aaec-48ad-ba70-694d3bc1961d,null,null,"{""tables"":{""1"":{""rows"":[],""columns"":[]}}}",null,[],null,null
5512daff-6b81-489d-a524-92de4694a160,「打ち明ける（うちあける）」,"netflix トークサバイバー！～トークが面白いと生き残れるドラマ～

「打ち明ける（うちあける）」とは、今まで隠していた秘密や心の中の気持ち、事情などを、信頼できる相手に正直に話すことを意味します。英語では ""open up,"" ""confess,"" ""confide"" などと表現され、「胸襟を開く」「告白する」「本音を言う」といった類語があります。 
意味と使い方
隠し事を話す: 秘密や、言えずにいた悩みを打ち明ける。
心の内を明かす: 自分の本当の気持ちや考えを正直に話す。
例:
「親友に悩みを打ち明けた」
「自分の本当の気持ちを打ち明ける決心をした」
「過去の出来事を打ち明ける」 
類語・関連表現
胸襟を開く（きょうきんをひらく）：心を開いて話すこと。
告白する（こくはくする）：特に恋愛感情や秘密を打ち明ける。
吐露する（とろする）：心の内をありのままに言うこと。
白状する（はくじょうする）：秘密や悪いことを打ち明ける（自白）。 
英語表現の例
Open up to someone: 「～に心を開く」「打ち明ける」。
Confess (something to someone): 「（秘密などを）告白する」。
Confide (in someone): 「（秘密などを）打ち明ける、信頼して話す」。 
「打ち明ける」は、勇気を出して自分の本心を相手に伝える、人間関係において重要な行為を表す言葉です。

https://mazii.net/ko-KR/search/word/jako/%E3%81%86%E3%81%A1%E3%81%82%E3%81%91%E3%82%8B

◆ (비밀·고민 등을) 숨김없이 이야기하다; 털어놓고 이야기하다.

本心を打ち明ける
본심을 털어놓다

秘密を打ち明ける
비밀을 털어놓다

身の上を打ち明ける
일신에 관한 일을 털어놓고 이야기하다

◆ 닫혀 있는 것을 힘껏 열다.

窓を打ち明ける
창문을 열어젖히다","[""import"",""japanese""]",2026-02-22 09:21:41.711667+00,e1848554-ffae-479c-a8cd-4c0d77b7bed2,2026-03-19 15:55:50.007522+00,0,0,0,2026-03-19 15:55:50.007522+00,0,null,null,null,false,null,null,null,null,true,92817a82-160c-477f-a56a-c2fd9beb5fab,null,null,"{""tables"":{""1"":{""rows"":[],""columns"":[]}}}",null,[],null,null
56db88f6-2c3e-43d4-8ddc-7924b3c453e3,「揃ってる（そろってる）」,"https://youtu.be/VfC-W0zf9BM?si=tDTCdTrweslH3Q5L

「揃う」（そろう）は、必要なものがすべて集まる、人数が全員そろう、物事がきれいに並ぶ、タイミングが一致するなどの意味を持つ動詞で、多くはひらがなで表記されます。具体的には「全員が揃う」「品物が揃う」「足並みが揃う」のように使われ、反対語は「ばらばらになる」です。 
主な意味と例文
全員集合・全員いること
「今日の会議は、出席者全員が揃った」。
. 「新入社員が皆揃って研修に参加する」
必要なものが全てある・満たされる
「必要な書類がすべて揃うまで出発できない」。
「道具が揃っているので、すぐに作業に取り掛かれる」
整然と並ぶ・一列になる
「靴が玄関にきれいに揃って並んでいる」。
「選手たちがスタートラインに勢揃いする」。
タイミングが一致する・期日が来る
「給料日と揃うように旅行の計画を立てる」。
「お盆休みと揃うので、混雑するだろう」 
漢字表記について
「揃」は常用漢字外の漢字（表外漢字）であるため、ひらがなで「そろう」と書くのが一般的です。漢字で「揃う」と書かれることもありますが、迷ったらひらがなを使うのが適切です。 
関連表現
揃える（そろえる）: 目的語を取る他動詞で、「（～を）そろえる（集める・整える）」という使われ方をします。例：「全員の意見を揃える」「靴を揃える」。
勢揃い（せいぞろい）: みんなが一同に集まること。
顔を揃える（かおをそろえる）: 同じ場所に皆で集まること。

https://mazii.net/ko-KR/search/word/jako/%E6%8F%83%E3%81%86

◆ 갖추어지다; 구비되다.

機械が揃う
기계가 갖추어지다

いろいろの本が揃っている
여러 가지 책이 갖추어져 있다

条件が揃う
조건이 갖추어지다

◆ (모두 한곳에) 모이다; (인원 등이) 차다.

揃いも揃って
(모인 것이) 모두가 다(같은 상태인 모양)

人数が揃う
인원이 차다[다 모이다]

顔ぶれが揃う
면면이[참가자가] 모두 모이다

◆ 잘 어울리다.

よく揃った夫婦
잘 어울리는 부부

◆ 일치하다; (모양·정도 등이) 고르게 되다.

足並みが揃う
보조가 맞다

調子が揃う
장단[가락]이 맞다

長さが揃う
길이가 가지런하다[다 똑같다]

「揃ってる」とは、不足がなく、必要なものがすべて揃っている状態や、物事が整然と並んでいたり、人や物の状態が一致して調和している様子を表します。具体的には、「必需品が全部ある（欠けていない）」、「皆の意見や足並みが合っている」、「色やサイズが均一で整っている」など、文脈によって「完璧」「十分」「調和」「一致」といったニュアンスで使われます。 
主な意味合い
不足がない: 必要なものがすべて揃っていて、欠けていない状態。「このセットは備品が全部揃ってるね」。
整然としている: 物が秩序だって並んでいる様子。「本棚の本が綺麗に揃ってる」。
調和・一致している: 人の気持ちや動き、状態が同じ方向を向いていて、息が合っている状態。「チームの連携が揃ってる」「足並みが揃ってる」。
均一である: 複数のものが同じような状態や性質で統一されている様子。「髪型がみんな揃ってる」「この服、色違いで揃ってる」。 
使用例
物品: 「必要な道具は全部揃ってるから、すぐに始められますよ」。
人・グループ: 「みんなの意見が揃ってるね。これで進めよう」。
状態: 「このお店、食器も盛り付けも全部揃ってる（きれい・完璧）」。 
文脈に合わせて「完璧」「十分」「ばっちり」「完璧」「一式」「均一」などの言葉で言い換えられます。","[""import"",""japanese""]",2026-02-22 09:21:41.711667+00,e1848554-ffae-479c-a8cd-4c0d77b7bed2,2026-03-19 15:55:50.007522+00,0,0,0,2026-03-19 15:55:50.007522+00,0,null,null,null,false,null,null,null,null,true,f7f13b31-7465-474c-82e7-d0fe4f55686f,null,null,"{""tables"":{""1"":{""rows"":[],""columns"":[]}}}",null,[],null,null
58eaf790-8231-4732-9508-0d32259e94e8,「締める（しめる）」,"「締める（しめる）」は、緩みをなくしてきつくする（ネジ、帯、心）、物事の区切りをつける・まとめる（会計、話、契約）、収縮させる・引き締める（魚、体）、厳しく管理する（規律）、鍵をかける（鍵を締める）など、多様な意味を持つ動詞で、同音異義語の「閉める（戸を閉める）」や「絞める（首を絞める）」とは意味が異なります。 
主な意味と例文
緩みをなくす・固定する:
ネジを締める（強くひねって固定する）
帯を締める（体に巻きつけて固く結ぶ）
元栓を締める（緩まないようにする）
気持ちを引き締める・管理する:
気を締める（緊張する、真剣になる）
新入部員を締める（規律を守らせる、懲らしめる）
区切りをつける・まとめる:
会計を締める（締め切り、精算する）
話を締める（話をまとめる、終わらせる）
契約を締める（契約を結ぶ）
収縮させる・鮮度を保つ:
魚を酢で締める（塩や酢で身を引き締める）
（釣り用語で）魚を急所を打って即死させる（野締め）
施錠する:
鍵を締める（ドアなどに鍵をかける） 
類義語（同音異義語）との違い
閉める（しめる）: 開いていた戸や窓を閉じる、営業を終えるなど、空間をふさぐ、閉鎖する意味。
絞める（しめる）: ひもなどで首などをしめつける、息ができないようにする意味（例：首を絞める、鳥を絞める）。

◆ 죄다.
◆ (緊める) (바싹) 조르다; 죄다; 또, (졸라)매다.

ネクタイを締める
넥타이를 매다

帯を締める
띠를 매다

ボルトで締める
볼트로 죄다

◆ (마음·행동을) 다잡다.

気を締めて掛かる
마음을 다잡고 착수하다

褌を締める
샅바를 질끈 조르다(마음을 다잡다)

◆ 잡죄다; 엄히 단속[감독]하다.

社員を締める
사원을 잡도리[단속]하다

◆ (살림·예산 따위를) 조리차하다; 줄이다.

家計を締める
살림을 조리차하다

毎月の支出を締める
매달의 지출을 줄이다

財布の紐を締める
지갑 끈을 바짝 죄다(돈을 아껴 쓰다)

◆ (閉める로도) 닫다; 잠그다.

戸[窓]を締める
문[창문]을 닫다

栓を締める
고동을 잠그다; 마개를 하다

店を締める
가게를 닫다(가게를 드리다; 폐업하다)

◆ 짜내다.

油を締める
기름을 짜내다

菜種を締めて油を取る
유채를 짜서 기름을 내다

◆ 마감하여 합계를 내다; 결산하다.

帳簿を締める
장부를 마감하(여 합계를 내)다

締めて三万二千円
합계[도합] 3만 2천 엔

締めて幾らですか
합해서 얼마입니까

◆ 거래·교섭·공사 따위의 낙착을 축하하여 손뼉을 치다.

取引のまとまったしるしに手を締めていただきましょう
거래가 성립된 표시로서 손뼉을 쳐 주시기 바랍니다

◆ 절이다.

酢で締める
초절임하다","[""import"",""japanese""]",2026-02-22 09:21:41.711667+00,e1848554-ffae-479c-a8cd-4c0d77b7bed2,2026-03-19 15:55:50.007522+00,0,0,0,2026-03-19 15:55:50.007522+00,0,null,null,null,false,null,null,null,null,true,bd0a30df-4c66-4d52-9c6c-a22210367d42,null,null,"{""tables"":{""1"":{""rows"":[],""columns"":[]}}}",null,[],null,null
59aa0dbf-5778-45fc-a367-62e2fa73c692,つまらないとくだらないの違さ,"https://m.blog.naver.com/qeqwe7/221713412781

つまらない
주관적으로 재미없다, 시시하다
개인적인감정을 나타냄

つまらない物ですが、どうぞ。
변변치않은 물건입니다만 어서(받으세요)
- 선물을 주면서 겸손하게 말하는 표현

映画、つまらなくてあくびてたよ。
영화, 재미없어서 하품이 나왔어

くだらない
객관적으로 가치가 없다, 내용의 수준이 낮다, 하찮다
자신의 감정은 나타낼 수 없다

下品でくだらない番組
저질이고 시시한 방송프로

くだらない漫画ばかり読んでいる。
시시한 만화만 보고있다","[""import"",""japanese""]",2026-02-22 09:21:41.711667+00,e1848554-ffae-479c-a8cd-4c0d77b7bed2,2026-03-19 15:55:50.007522+00,0,0,0,2026-03-19 15:55:50.007522+00,0,null,null,null,false,null,null,null,null,true,e3337add-31b2-4087-8a68-42a599bc5916,null,null,"{""tables"":{""1"":{""rows"":[],""columns"":[]}}}",null,[],null,null
62fce865-15f4-4196-8b5e-c7bb8aa222cb,「正直（しょうじき）」,"https://mazii.net/ko-KR/search/word/jako/%E6%AD%A3%E7%9B%B4

◆ 정직(함); 솔직함.

正直者
정직한 사람

馬鹿正直
지나치게 정직함

正直一遍
오로지 정직하기만 함

◆ (목수의) 연추(鉛錘).

◆ 사실은; 솔직히.

正直びっくりした
솔직히 깜짝 놀랐다

正直言ってうらやましい
솔직히 말해서 부럽다

正直半信半疑だ
사실은 반신반의하다

◆ 시비에 밝고 곧은 성격인 모양.","[""import"",""japanese""]",2026-02-22 09:21:41.711667+00,e1848554-ffae-479c-a8cd-4c0d77b7bed2,2026-03-19 15:55:50.007522+00,0,0,0,2026-03-19 15:55:50.007522+00,0,null,null,null,false,null,null,null,null,true,f270b43f-7d98-454e-8f9f-00c402fea0c3,null,null,"{""tables"":{""1"":{""rows"":[],""columns"":[]}}}",null,[],null,null
65f6c7c1-eb40-4259-87a4-eefd0757e116,「側（そば）」と「隣（となり）」,"「側（そば）」と「隣（となり）」はどちらも「そば」「となり」と読み、意味も近いですが、「側」は近い範囲や特定の方向、「隣」は隣接する位置関係（特に同種のもの）を示すことが多いです。「隣」は隣り合った家や人、席に使われ、「側」は「〜の側（そば）にいる」のように、より広い近接空間や方向性を示すのに使われます。 
隣（となり）
意味: 隣接していること、となりあうこと。同種のもの（家、部屋、席など）に使うことが多い。
例: 隣の家（隣人）、隣の席、隣国。 
側（そば）
意味: 近く、あたり、あるものの周辺。距離感を含む。
例: 先生のそば、川のそば、そばにいる、道の側（そと）。 
使い分けのポイント
「隣」：ぴったり隣接している具体的なモノ（家、席、人）に使う。
「側」：物理的に近い、周辺の領域や方向（〜のそば）を指す。
「横（よこ）」：水平方向、隣とは限らず、遠くても横線上にあれば使われる。 
例文で比較:
「隣の家」：隣接した別の家。
「家の側（そば）」：家の近くの場所、周辺。
「道の横（よこ）」：道の水平方向。","[""import"",""japanese""]",2026-02-22 09:21:41.711667+00,e1848554-ffae-479c-a8cd-4c0d77b7bed2,2026-03-19 15:55:50.007522+00,0,0,0,2026-03-19 15:55:50.007522+00,0,null,null,null,false,null,null,null,null,true,56d2b4d9-5c8a-415b-9273-9edc26c16be2,null,null,"{""tables"":{""1"":{""rows"":[],""columns"":[]}}}",null,[],null,null
685fe498-622b-4c37-a68c-2b47b5dc2489,「まったり」,"「まったり」とは、味わいがおだやかでコクがある様子や、ゆったりと落ち着いてくつろいでいる様子を表す言葉で、元々は近畿地方の方言ですが、アニメ『おじゃる丸』などをきっかけに全国的に広まりました。多くの場合、「ゆっくりする」「のんびりする」「くつろぐ」といった意味で使われ、食事の味や人柄、雰囲気など幅広く使われます。 
主な意味と使い方
味覚：おだやかで深みのある味、とろけるような舌触り（例：このコーヒーはまったりした味だね）。
気分・様子：ゆったりとリラックスしている状態、のんびり過ごす様子（例：週末は家でまったり過ごしたい）。
雰囲気：穏やかで落ち着いた雰囲気（例：カフェの雰囲気がまったりしている）。
人柄：穏やかで落ち着いた人柄（例：あの人はまったりした人だね）。 
言葉の背景
語源：関西（近畿）の方言で、味覚を表す擬態語として使われていました。
全国への広がり：1998年放送のアニメ『おじゃる丸』で使われたことをきっかけに、気分や態度を表す言葉として全国的に流行し、定着しました。 
類語
ゆったりする、のんびりする、くつろぐ、だらだらする、まったりする。 
このように、「まったり」は、味覚から日常生活の過ごし方まで、幅広いシーンで「穏やかで心地よい状態」を表す便利な言葉です。

https://mazii.net/ko-KR/search/word/jako/%E3%81%BE%E3%81%A3%E3%81%9F%E3%82%8A

◆ 부드럽고 감칠맛나는 모양.

まったりとした味わい
진하고 감치는 맛

◆ 맛이 진하고 감칠맛이 나는 모양.

まったりとした味わい
진하고 감치는 맛

◆ 느긋하고 한가로운 모양; 유유자적하고 편안한 모양; 또, 지루하게 이어지는 모양.

まったり(と)した休日
여유로운 휴일

まったり(と)くつろぐ
느긋하게 쉬다

まったり(と)した時間を過ごす
편안한 시간을 보내다

◆ 인품이 온화한 모양.

まったり(と)した人
인품이 온화한 사람","[""import"",""japanese""]",2026-02-22 09:21:41.711667+00,e1848554-ffae-479c-a8cd-4c0d77b7bed2,2026-03-19 15:55:50.007522+00,0,0,0,2026-03-19 15:55:50.007522+00,0,null,null,null,false,null,null,null,null,true,2ced7773-5e03-4c3e-90e3-67468228445f,null,null,"{""tables"":{""1"":{""rows"":[],""columns"":[]}}}",null,[],null,null
68aa0f46-cbdd-4215-b43b-72b1b5f8c67b,「びくりした」,"「びくりした」は「びっくりした」のことで、驚いた、驚かされたという感情を表す言葉です。「わっ！」と急に何かに気づいたり、予期せぬ出来事に出くわして心臓がドキッとしたりした時に使います。日本語の「びっくり」は、当て字で「吃驚（きっきょう）」と書かれることもありますが、通常はひらがなやカタカナで表記され、英語では ""I was surprised!"" や ""Wow!"" と表現されます。 
「びっくりした」のニュアンス
突然の驚き: 予期せぬ出来事や声、物音などに対して、はっと気付いたり、心に衝撃を受けたりする状態。
感情表現: 驚き、感嘆、時には恐怖など、ネガティブな驚きからポジティブな驚きまで幅広く使われます。 
例文
「後ろから名前を呼ばれて、びっくりした！」（突然声をかけられて驚いた）。
「お化け屋敷で急に何かが現れて、びっくりしたよ！」（予期せぬものに驚いた）。 
関連する表現
驚く（おどろく）: 「びっくりする」よりもややフォーマルで、深い驚きや感銘を表すこともあります。
仰天（ぎょうてん）: 非常に驚くこと、ひどく驚くことを意味する類語です。 
英語での表現例
I was surprised! (びっくりした！)
Wow! (わあ！)
What a surprise! (なんてことだ！/びっくりした！)

https://mazii.net/ko-KR/search/word/jako/%E3%81%B3%E3%81%A3%E3%81%8F%E3%82%8A

◆ 깜짝 놀람.

びっくり箱
깜짝[도깨비] 상자((뚜껑을 열면 동물 인형 등이 튀어나오는 장난감))

びっくりした顔
깜짝 놀란 얼굴[표정]

わ、びっくりした
아이 깜짝이야","[""import"",""japanese""]",2026-02-22 09:21:41.711667+00,e1848554-ffae-479c-a8cd-4c0d77b7bed2,2026-03-19 15:55:50.007522+00,0,0,0,2026-03-19 15:55:50.007522+00,0,null,null,null,false,null,null,null,null,true,778825ad-c26e-448f-bc56-23f51da57f40,null,null,"{""tables"":{""1"":{""rows"":[],""columns"":[]}}}",null,[],null,null
694bda32-5bb6-4309-9b12-53692d0d84ee,「眩しい（まぶしい）」,"「眩しい（まぶしい）」とは、光が強すぎて見えにくい状態を指し、暗い場所から明るい場所への移動時など自然な反応の場合と、白内障やドライアイ、緑内障、網膜の病気など、瞳孔や角膜、水晶体、網膜、視神経の異常が原因で、周囲は平気なのに自分だけが眩しく感じる「羞明（しゅうめい）」という目の病気の場合があります。特に、痛みや視力低下を伴う場合、突然眩しく感じるようになった場合は、眼科受診が必要です。 
自然な反応としての眩しさ
暗順応からの変化: 暗い場所から明るい場所に出た時に瞳孔が開ききっているため、多くの光が目に入りすぎる。
疲労や睡眠不足: 目が疲れていると光に敏感になることがある。 
病気が原因の可能性（羞明）
痛みを伴う場合（早急な受診推奨）:
角膜の傷・感染症: 角膜に傷があると光が散乱し、痛みも伴う。
緑内障: 急性緑内障発作などで痛みと眩しさを伴う。
ぶどう膜炎: 目に炎症が起き、痛みと眩しさを感じる。
痛みを伴わない場合:
白内障: 水晶体が濁り、光が乱反射して眩しく感じる（特に夜間の対向車のライト）。
ドライアイ: 涙が減り、目の表面が荒れて光が散乱する。
黄斑の病気: 網膜の黄斑に異常があると光がまぶしく見えることがある。
動眼神経麻痺: 瞳孔が開いたままになり、光が入りすぎる。 
どのような時に眼科を受診すべきか
以前より弱い光でも眩しく感じる。
自分だけが眩しく、周りの人は平気。
目を開けているのが辛い、サングラスが手放せない。
光の周りに光輪が見える（虹視症）。
目の痛みや視力低下を伴う。 
大切なこと: サングラスで一時的に楽になっても、原因が解決しているわけではありません。気になる症状があれば、自己判断せずに眼科を受診して、正しい診断と治療を受けることが重要です。","[""import"",""japanese""]",2026-02-22 09:21:41.711667+00,e1848554-ffae-479c-a8cd-4c0d77b7bed2,2026-03-19 15:55:50.007522+00,0,0,0,2026-03-19 15:55:50.007522+00,0,null,null,null,false,null,null,null,null,true,ff8a3fc7-9d77-42a1-b91f-6736b448dd86,null,null,"{""tables"":{""1"":{""rows"":[],""columns"":[]}}}",null,[],null,null
710caa88-2af2-40b8-96b7-56d164f43557,crud 상황별 구현 유불리,"좋아. “CRUD는 같지만 어떤 구조로 짜느냐에 따라 확장 난이도/버그율/UX(소비자 체감)가 갈린다”를 상황별로 예시로 보여줄게.
(바닐라 JS 기준으로 설명하되, React로 넘어가도 그대로 매핑돼.)

0) 공통 전제: CRUD의 진짜 뼈대

어떤 방식이든 결국 이 흐름이야.

이벤트 발생

입력값/타겟(id, act) 추출

데이터(items) 변경

저장(localStorage/서버)

화면 갱신(render)

차이는 “2~5를 어디에 두고 어떻게 나누냐”야.

A. 초단기/연습용: 이벤트 안에 다 넣는 방식

언제 유리?

기능 3~5개짜리, 파일 1개, 연습/프로토타입

“흐름이 한눈에 보이는 게” 최고 가치일 때

단점(확장 시)

add/edit/delete마다 save/render 중복

기능 늘수록 실수 폭발

list.addEventListener(""click"", (e) => {
  const btn = e.target.closest(""button"");
  if (!btn) return;

  const act = btn.dataset.act;
  const id = Number(btn.dataset.id);

  if (act === ""delete"") {
    items = items.filter(x => x.id !== id);
    localStorage.setItem(""items"", JSON.stringify(items));
    render(items);
  }
});


소비자 체감

기능이 적으면 빠릿하고 충분히 좋음

기능 늘면 버그/누락으로 “안 먹는 버튼”이 늘어나 체감 악화

B. 현실적 중간: “로직 함수 분리 + render/save 통일”

언제 유리?

CRUD + 검색/정렬/필터/페이지네이션이 붙기 시작

같은 처리(저장/렌더/검증)를 여러 곳에서 반복하기 싫을 때

지금 네가 하고 있는 방향이 여기

핵심은 “데이터 변경 로직”을 순수하게 만들기야.

function removeById(items, id) {
  return items.filter(x => x.id !== id);
}

function commit(nextItems) {
  items = nextItems;
  save(items);
  render(items);
}

function deleteItem(id) {
  commit(removeById(items, id));
}


이벤트는 “요청”만:

list.addEventListener(""click"", (e) => {
  const btn = e.target.closest(""button"");
  if (!btn) return;

  const act = btn.dataset.act;
  const id = Number(btn.dataset.id);

  if (act === ""delete"") deleteItem(id);
});


장점

save/render를 commit() 한 군데로 고정 → 누락 거의 없어짐

“오타/키 불일치”만 잡으면 구조가 단단해짐

소비자 체감

기능이 늘어도 안정성 유지 → 버튼 안 먹는 일이 줄어듦

“편집 중인데 목록 갱신이 이상함” 같은 UX 버그가 줄어듦

C. 기능이 많아질 때 강력: Store(상태 관리자) 방식

언제 유리?

editingId, filter 상태, sort 상태, pagination 상태가 생김

“현재 상태”가 여러 개가 되면서 코드가 꼬이기 시작할 때

UI가 여러 화면(리스트/상세/모달)로 분리될 때

const store = {
  state: {
    items: [],
    editingId: null,
    query: """",
    sort: ""desc"",
  },

  init() {
    this.state.items = storage.load();
    render(this.state);
  },

  remove(id) {
    this.state.items = this.state.items.filter(x => x.id !== id);
    storage.save(this.state.items);
    render(this.state);
  },

  startEdit(id) {
    this.state.editingId = id;
    render(this.state);
  },
};


이벤트는 그냥:

if (act === ""delete"") store.remove(id);
if (act === ""edit"") store.startEdit(id);


장점

상태가 늘어나도 “여기가 중심”이라 덜 흔들림

나중에 React로 넘어가도 개념이 거의 동일(상태 관리)

소비자 체감

“편집 상태 유지”, “검색 조건 유지”, “정렬 유지” 같은 UX가 자연스러워짐

즉, 기능이 많아질수록 사용자 만족이 올라가는 구조

D. 저장소 분리: storage 모듈(로컬/서버 교체 대비)

언제 유리?

localStorage 쓰다가 나중에 DB/서버/IndexedDB로 바꿀 가능성이 있을 때

JSON parse/stringify, 키 오타, 데이터 깨짐을 막고 싶을 때

const storage = {
  key: ""items"",
  load() {
    try { return JSON.parse(localStorage.getItem(this.key)) ?? []; }
    catch { return []; }
  },
  save(items) {
    localStorage.setItem(this.key, JSON.stringify(items));
  }
};


장점

“저장 방식 교체”가 한 파일 수정으로 끝남

데이터 깨짐에도 복구 로직 넣기 쉬움

E. 소비자 체감이 갈리는 지점: 낙관적 업데이트 vs 확인 후 업데이트

특히 서버가 붙는 순간 UX 차이가 큼.

1) 낙관적(Optimistic) 삭제: 빠르게 보이게

클릭 즉시 UI에서 사라짐 → 체감 빠름

서버 실패 시 롤백 필요

2) 확인 후(Confirm) 삭제: 안정적

서버 응답 후 UI 반영 → 체감 느릴 수 있음

대신 일관성/신뢰성 높음

프로젝트 성격에 따라 선택이 갈려.

개인 ToDo/메모: 낙관적이 보통 좋음(빠릿함)

돈/결제/재고/업무: 확인 후가 안전(신뢰성)

선택 가이드: “프로젝트가 뭐냐”에 따라 답이 달라짐
1) 연습/코테/포트폴리오 미니 CRUD

B(로직 분리 + commit) 추천

너무 무거운 Store는 오버일 수 있음

2) “검색/정렬/필터/페이지” 붙을 앱

C(Store) + D(storage) 추천

상태가 늘어나는 순간 Store가 압도적으로 편해짐

3) “로그인/서버/권한/동기화” 있는 서비스형 앱

C(Store) + D(storage) + 서버 API 레이어 추천

낙관적/확인 후 업데이트도 설계 포인트

네가 지금 딱 결정하면 좋은 기준 3개

상태가 2개 이상이면(Store 고려)

items + editingId만 있어도 이미 2개임

save/render가 2번 이상 반복되면(commit 필수)

add/edit/delete에 다 들어가면 3번 반복

나중에 서버 붙일 가능성 있으면(storage 분리 필수)

그때 가서 바꾸면 손이 많이 감","[""import"",""coding""]",2026-02-22 09:21:41.711667+00,e1848554-ffae-479c-a8cd-4c0d77b7bed2,2026-03-19 15:55:50.007522+00,0,0,0,2026-03-19 15:55:50.007522+00,0,null,null,null,false,null,null,null,null,true,d3d59e40-aec3-493d-a6de-f04723d485dc,null,null,"{""tables"":{""1"":{""rows"":[],""columns"":[]}}}",null,[],null,null
72d01307-935f-45da-b9e3-231904e6ffcb,新入り（しんいり）」,"Netflix　トークサバイバー！～トークが面白いと生き残れるドラマ～

新入り（しんいり）」とは、新しく仲間や集団に加わった人や物を指す言葉で、ビジネスでは新入社員、学校では新入生、組織では新人や新顔など、状況に応じて「新人」「新参者」「フレッシュマン」「ニューカマー」など様々な言い換えがあります。韓国語では「신입（シニッ）」、英語では「newcomer」や「newbie」などが相当します。 
意味と使われ方
一般的な意味: 新しくその場所やグループに加わったばかりの人やもの。
ビジネスシーン: 新入社員（新入社員）。
学校（大学など）: 新入生（신입생 - シニッセン）。
類語: 新人、新顔、新参、新米、フレッシュマン、ニューカマー、新参者など。 
具体例
「うちの部署にも新入りが来たよ。」（新しく入った人がいる）
「新入りだから、まだ仕事に慣れていない。」（新人だから） 
関連する表現（韓国語）
신입(シニッ): 新入り。
신입사원(シニッサウォン): 新入社員。
신입생(シニッセン): 新入生。

https://mazii.net/ko-KR/search/word/jako/%E6%96%B0%E5%85%A5%E3%82%8A

◆ 신입; 새로 들어옴; 또, 그 사람; 신참(新參).

新入りの社員
신입 사원

新入りの罪人 
새로 들어온 죄인

新入りのくせに生意気だ
신참 주제에 건방지다.","[""import"",""japanese""]",2026-02-22 09:21:41.711667+00,e1848554-ffae-479c-a8cd-4c0d77b7bed2,2026-03-19 15:55:50.007522+00,0,0,0,2026-03-19 15:55:50.007522+00,0,null,null,null,false,null,null,null,null,true,aa387d11-ef90-4ad5-b75d-e7581542c705,null,null,"{""tables"":{""1"":{""rows"":[],""columns"":[]}}}",null,[],null,null
7362f2f0-9de6-4777-95b2-278c430036b1,"class,id,data-act구분","✅ 1) “할 수 있는데 안 하는 이유는 다 있다” → 이게 핵심

맞아. 규칙은 다 이유가 있어.

class로도 기능 구현 가능 ✅

그런데 안 하는 이유 = 혼선 방지 + 유지보수성

실무에서 제일 무서운 건 기능 구현보다
나중에 수정하다가 기능이 깨지는 것이거든.

✅ 2) 네가 정리한 규칙은 완벽하게 맞음

너가 말한 걸 “정석 규칙”으로 한 줄씩 딱 정리하면:

정적 DOM(이미 HTML에 있는 요소)
→ id로 잡아서 기능 부여가 편하고 명확하다.

동적 DOM(반복 생성되는 요소 / 리스트 아이템)
→ id는 중복되므로 부적합
→ data-*로 “대상(id)”과 “행동(act)”을 표시하는 게 좋다.

class는 기능용으로도 가능하지만
→ 디자인/스타일링(Tailwind 등)과 섞여서 혼선 가능성 ↑
→ 그래서 기능 분리는 data-* 추천

✅ 3) “data-*로 표시해서 알려주는 이유” = 맞다

이게 진짜 중요한 문장인데:

이 요소가 “무슨 역할/의도”를 갖고 있는지 개발자끼리 공유하는 표식이다.

즉, HTML이 단순히 UI가 아니라
**JS랑 연결되는 인터페이스(API처럼)**가 되는 거야.

✅ 4) data-act의 act 부분은 개발자가 정하는 이름이 맞다

정확함.

예를 들어:

<button data-act=""edit"">Edit</button>
<button data-act=""delete"">Delete</button>


여기서

data-act라는 속성명 자체는 HTML 표준 규칙임 (data-* 형태만 맞으면 됨)

act는 개발자가 만든 이름임
(action의 약자처럼 쓰는 관습)

그래서 이런 것도 전부 가능해
<button data-action=""edit"">
<button data-role=""edit"">
<button data-type=""edit"">
<button data-kind=""edit"">


즉,

data-xxx에서 xxx는 개발자 마음대로.

그중에서 act는 관습적으로
**“이 버튼이 수행할 행동(action)”**을 의미하게끔 정한 거고.

✅ 5) 실무에서 자주 쓰는 data-* 네이밍 관습
행동 표시

data-act

data-action

data-handler

대상 표시

data-id

data-item-id

data-entry-id

예:

<button data-act=""edit"" data-id=""17"">


이건 해석이 너무 쉬워짐:

id가 17인 데이터를 edit해라

✅ 최종 결론 (너가 딱 이해한 그대로)

✅ 규칙을 정한 이유는 “혼선 방지”
✅ class는 디자인과 섞여서 혼선 생길 수 있음
✅ id는 정적인 요소에 적합
✅ 동적 생성 요소는 data-*가 적합
✅ data-act의 act는 개발자가 정한 이름(관습적으로 action 의미)","[""import"",""coding""]",2026-02-22 09:21:41.711667+00,e1848554-ffae-479c-a8cd-4c0d77b7bed2,2026-03-19 15:55:50.007522+00,0,0,0,2026-03-19 15:55:50.007522+00,0,null,null,null,false,null,null,null,null,true,15579292-0957-4eed-be12-e0fabe8dff62,null,null,"{""tables"":{""1"":{""rows"":[],""columns"":[]}}}",null,[],null,null
781cc883-154a-4ac5-8c50-283f119eaeae,「ついに」,"「ついに」は、長い時間や努力の末に、待ち望んでいたことや予想していたことが最終的に実現する、またはその状態が続く様子を表す言葉です。「とうとう」「やっと」「いよいよ」などと似ていますが、「ついに」は、その実現への期待感や感動、達成感を強く含み、「ついに優勝を果たした」「ついに完成した」のようにポジティブにもネガティブにも使われ、「ついに現れなかった」のように打消しで使われることもあります。 
「ついに」のニュアンス
長く待ち望んだ結果の実現: 長い間、期待して待っていたことが「今、まさに」起こったという気持ち。
集大成・集約: いろいろなことが積み重なって、一つの最終的な結果に達した感じ。
ポジティブ・ネガティブ両方: 「ついに勝った！」（喜び）から「ついに諦めた」（落胆）まで、幅広い文脈で使える。 
類語との違い（例）
やっと: 苦労して目標を達成した喜びや安堵感。
とうとう: いつか来る時が来たという実感、過程に焦点。結果は良くも悪くも。
いよいよ: 期待感が高まり、まさにその時が来たという「これから」のニュアンスが強い。 
例文
「長い研究の末、ついに新薬が開発された。」（期待と達成感）
「待ちに待った旅行。ついに今日、出発だ！」（興奮、待ち望んだ瞬間）
「散々待ったが、彼はついに現れなかった。」（落胆、期待が裏切られた） 
「ついに」は、英語の ""finally"" や ""at last"" に近いですが、文脈によって「とうとう」「結局」といった意味合いも持ち、日本語の豊かな表現の一つです。

https://mazii.net/ko-KR/search/word/jako/%E3%81%A4%E3%81%84%E3%81%AB

◆ 드디어; 마침내; 결국.

遂に夢が叶う
드디어 꿈이 이루어지다

遂に完成を見た
드디어 완성을 봤다

遂に優勝をつかんだ
마침내 우승을 거머쥐었다

◆ (부정(否定)하는 말이 따라서) 최후까지; 끝끝내; 끝까지; 종내(終乃); 한 번도.

遂に現われなかった
끝내 나타나지 않았다

遂に口を利かなかった
끝끝내 말을 하지 않았다

遂に帰って来なかった
끝내 돌아오지 않았다","[""import"",""japanese""]",2026-02-22 09:21:41.711667+00,e1848554-ffae-479c-a8cd-4c0d77b7bed2,2026-03-19 15:55:50.007522+00,0,0,0,2026-03-19 15:55:50.007522+00,0,null,null,null,false,null,null,null,null,true,757042ca-5148-4409-bf30-49f61a1dced5,null,null,"{""tables"":{""1"":{""rows"":[],""columns"":[]}}}",null,[],null,null
79378c9b-5f1c-4b20-8187-1bd724fc8be1,お守り（おまもり）,"https://youtu.be/uN5Eh0hJmrg?si=usrwXx7f74504c2p

お守り（おまもり）は、神社やお寺で授かる縁起物で、厄除けや開運、特定の願い（安産、合格など）の成就を願って身につけたり持ち歩いたりする小さな袋や札のことです。常に肌身離さず持ち歩くのが良いとされ、カバンの中や首から下げるのが一般的で、1年を目安に神社やお寺に返納し、感謝を伝えてお焚き上げ（焼納）してもらうのが習わしです。 
お守りの種類と意味
厄除け・開運: 災難を防ぎ、幸運を呼び込む。
合格祈願: 学業成就や試験の合格を願う。
安産祈願: 妊娠中の女性が安全に出産できるよう願う。
交通安全: 事故に遭わないよう願う。
病気平癒: 病気の回復や健康を願う。
心願成就: 個人の様々な願いが叶うように願う。 
持ち方・使い方
基本: 常に持ち歩く、肌身離さず持つ。
効果的な持ち方: 心臓に近い位置（首から下げる、内ポケットに入れる）。
場所: 車の鍵につける、カバンに入れるなど、状況に合わせて。
注意点: 汚れる場所（トイレ、浴室など）や、足を向ける場所（寝室の足元）は避けるのが望ましい。 
返納（処分）について
時期: 1年を目安に、願いが叶った時、または古くなった時。
方法: 授かった神社やお寺に返納する（「お焚き上げ」に出す）。
重要性: 神聖なものなので、粗末に扱わず感謝して手放す。 
補足
有効期限: 1年経つと効力が弱まるとされるが、特に問題なければ長く大切にしても良いという考え方もある。
現代: 現代ではデザインも多様化し、ファッションの一部として取り入れる人も増えている。

https://ja.wikipedia.org/wiki/%E3%81%8A%E5%AE%88%E3%82%8A

お守り（おまもり、御守り、御守）とは、厄除け（魔除け）、招福（開運、幸運）、加護などの人の願いを象った物品（縁起物）である。護符、御符、護苻、御苻とも呼ばれる。
外来語で言うとアミュレット、タリスマン（英語版）、チャーム、テフィリン、フェティッシュなど。
外来語のアミュレット、チャーム、タリスマン等には明確な定義の違いがあるが、小野祖教氏によれば神道において御札、お守り、護符等の言葉の定義に違いはなくどれを使っても問題はないという。

日本の神社や寺院で配布されるお守りやお札は鎌倉時代から存在するが、これらは道教の符録を日本化して利用したのが始まりであるという説もある。
日本のお守り自体は寺社で授かったお札を持ち歩くものであった。平安時代には貴族の女性が中に小さな仏像や経文を入れた懸守（かけまもり）を外出時に首に懸けるようになっていた。
江戸時代に入ると首から下げるという大仰な形はしだいにすたれて、代わりに護符を通常腰さげや腕守という形で庶民にも広まった。
日本で護符や呪符と呼ばれるものが作られ始めたのは奈良、平安時代以前であり、古代中国で用いられた魔除けを目的とした図像が日本の古墳の石室の壁から見つかる他、奈良文化財団研究所が発掘している平城京跡の木簡から道教の護符と似たものが発見されているまた神道では、陰陽道や寺院が護符を作り始めたのに習い、御札をつくるようになったという。","[""import"",""japanese""]",2026-02-22 09:21:41.711667+00,e1848554-ffae-479c-a8cd-4c0d77b7bed2,2026-03-19 15:55:50.007522+00,0,0,0,2026-03-19 15:55:50.007522+00,0,null,null,null,false,null,null,null,null,true,35bc12b2-2e7a-4fcc-a504-4ced62c67999,null,null,"{""tables"":{""1"":{""rows"":[],""columns"":[]}}}",null,[],null,null
7bb238d9-83cd-4114-958a-5769dc7b9d8f,코딩적사고와 crud + search + filter기준에서 쓰이는 일본어들,"1️⃣ 코딩 사고는 한국어보다 일본어가 유리한가?

조건부로 YES라고 말할 수 있어. 이유는 “언어가 사고를 끌어가는 방향” 차이 때문이야.

🔹 한국어의 특징 (코딩 사고에 불리한 지점)

맥락 의존이 큼

주어/목적어 생략이 잦음

감정·뉘앙스 중심 표현이 많음

예:

“이거 여기서 처리하면 되지 않을까?”

→ 사고가 흐릿해짐
→ 구현 전에 감정·추측이 먼저 개입

🔹 일본어의 특징 (코딩 사고에 유리한 지점)

행위 중심(동사 중심)

절차/단계 표현이 강함

“무엇을 한다”가 항상 드러남

예:

状態を更新する
条件を判定する
表示を切り替える

→ 사고가 절차 단위로 쪼개짐
→ 코드 구조와 거의 1:1 대응

📌 그래서 일본 개발자 코드/설명은
“감정 없음 + 처리 흐름 설명” 느낌이 강함.

🔹 결론

일상 사고 → 한국어가 편함

구조·절차·로직 사고 → 일본어가 오히려 정돈됨

그래서 코딩 사고만 놓고 보면 일본어가 유리한 면이 있다고 말할 수 있어.

2️⃣ 지금 수준(CRUD + search/filter)에서 반드시 접하는 일본어

아래는 지금 네가 쓰는 코드 사고와 거의 1:1 대응되는 일본어만 정리했어.
(외우는 용도 ❌ / 자주 보면서 익숙해지는 용도 ⭕)

📌 상태 / 데이터 관련
일본어	의미	코딩 사고
状態（じょうたい）	상태	state
データ	데이터	data
配列（はいれつ）	배열	array
要素（ようそ）	요소	element
一覧（いちらん）	목록	list
管理する	관리하다	manage
📌 CRUD 기본 동사 (핵심)
일본어	의미	CRUD
追加する	추가하다	Create
取得する	가져오다	Read
更新する	갱신하다	Update
削除する	삭제하다	Delete

👉 일본 개발자 사고는 거의 이 4개 동사로 시작함.

📌 검색 / 필터 / 조건
일본어	의미	사용 맥락
検索する（けんさく）	검색하다	search
条件（じょうけん）	조건	filter
判定する	판단하다	if 조건
絞り込む	추려내다	filter
含む	포함하다	includes
📌 처리 흐름 / 로직
일본어	의미	코딩 사고
処理する	처리하다	process
実行する	실행하다	execute
呼び出す	호출하다	call
分岐する	분기하다	branching
繰り返す	반복하다	loop
📌 화면 / 렌더링 / DOM
일본어	의미	대응 개념
表示する	표시하다	render
再描画する	다시 그리다	re-render
画面	화면	UI
要素を取得する	요소를 가져오다	querySelector
追加する	추가하다	append
📌 이벤트 / 사용자 조작
일본어	의미
イベント	이벤트
入力	입력
送信	제출
変更	변경
クリック	클릭
📌 에러 / 디버깅 (중요)
일본어	의미
エラー	에러
原因	원인
発生する	발생하다
存在しない	존재하지 않다
null	null
未定義	undefined

예문 하나만 기억해도 충분:

DOM要素が存在しない状態で
イベントを登録しようとしたため、エラーが発生した。

3️⃣ 추천 사고 전환 방식 (지금 단계 최적)

❌ “일본어로 생각해야지”
⭕ “코딩 동사를 일본어로 붙인다”

예:

“여기서 render 해야겠다”
→ 表示を更新する

“이건 상태 변경이네”
→ 状態を更新する

“조건으로 걸러야지”
→ 条件で絞り込む

이렇게 행동 단위로 일본어를 붙이면
어느 순간 한국어를 안 거치게 된다.

마지막 한 문장 정리

코딩 사고는 감정 언어가 아니라
절차 언어라서,
일본어와 구조적으로 잘 맞는다.

지금 네 수준에서 필요한 일본어는
이미 충분히 정리 가능한 범위고,
지금처럼 쓰다 보면 자연스럽게 일본어로 코딩 사고가 열린다.","[""import"",""coding""]",2026-02-22 09:21:41.711667+00,e1848554-ffae-479c-a8cd-4c0d77b7bed2,2026-03-19 15:55:50.007522+00,0,0,0,2026-03-19 15:55:50.007522+00,0,null,null,null,false,null,null,null,null,true,8c43b820-ad07-4475-af70-568a53f81a10,null,null,"{""tables"":{""1"":{""rows"":[],""columns"":[]}}}",null,[],null,null
7c97d933-0b5f-4327-99db-7a24d1808a0c,✅ 개발자용 “외워두면 안전한 문장 세트”,"✅ 개발자용 “외워두면 안전한 문장 세트”
1️⃣ 판단·설계 관련 (가장 많이 쓰임)
🇰🇷

이 부분은 개인 판단이 아니라
기존 설계 방침에 따라 구현되었습니다.

🇯🇵

本件は個人の判断ではなく、
既存の設計方針に基づいて実装されています。

언제 쓰나

왜 이렇게 만들었냐

왜 이 구조냐

설계 질문 받을 때

팁

일본에서는 설계 방침(設計方針) 이라는 말이 방패 단어입니다.

2️⃣ 사양(스펙) 관련 질문 대응
🇰🇷

현재 사양에 따라 처리한 결과입니다.

🇯🇵

現在の仕様に基づいた処理 결과입니다。

언제 쓰나

결과가 기대랑 다를 때

“이게 맞나?” 질문 받을 때

팁

*사양(仕様)*은 일본에서
👉 개인을 보호하는 최상위 단어 중 하나입니다.

3️⃣ 버그·문제 발생 시 1차 방어 문장
🇰🇷

재현 조건을 확인한 후 대응하겠습니다.

🇯🇵

再現条件を確認した上で対応します。

언제 쓰나

갑작스런 버그 지적

회의 중 즉답 요구

팁

일본에서는 즉답 ❌ / 확인 후 대응 ⭕

이 문장은 절대 마이너스 안 됩니다.

4️⃣ “왜 미리 발견 못 했나?” 질문 대응
🇰🇷

해당 케이스는 현재 테스트 범위 밖이었습니다.

🇯🇵

当該ケースは現行のテスト範囲外였습니다。

언제 쓰나

QA / 장애 리뷰

사후 책임 분위기 날 때

팁

*범위(範囲)*라는 말로
👉 개인 과실 → 테스트 설계 문제로 이동

5️⃣ 일정 지연·우선순위 질문 대응
🇰🇷

우선순위에 따라 순차적으로 대응하고 있습니다.

🇯🇵

優先度に基づいて順次対応しています。

언제 쓰나

왜 아직 안 됐냐

왜 다른 거 먼저 하냐

팁

“바빠서” ❌

우선순위(優先度) ⭕ ← 조직 언어

6️⃣ 코드 스타일·품질 관련 질문 대응
🇰🇷

팀 코딩 규칙에 맞춰 작성했습니다.

🇯🇵

チームのコーディング規約に従って 작성했습니다。

언제 쓰나

코드 리뷰

스타일 지적

팁

규칙(規約) = 일본에서 면책 단어

7️⃣ “그럼 네 판단은 뭐야?” 라고 올 때 (중요)
🇰🇷

현재 기준에서는 문제 없는 것으로 판단됩니다.

🇯🇵

現時点の基準では問題ないと 판단됩니다。

포인트

“제 생각엔” ❌

현재 기준(現時点の基準) ⭕

8️⃣ 정말 위험할 때 쓰는 최종 회피 문장
🇰🇷

이 부분은 관련자와 확인 후 다시 말씀드리겠습니다.

🇯🇵

本件については関係者と確認した上で
改めてご説明します。

언제 쓰나

책임이 커 보일 때

정치 냄새 날 때

애매한 질문

팁

일본에서는 이 문장 = 프로의 방어

✅ 개발자 신입 기준 “이것만 외워도 된다” 5문장
🇰🇷

사양에 따라 처리했습니다

설계 방침에 따른 구현입니다

재현 조건을 확인하겠습니다

테스트 범위 밖입니다

우선순위에 따라 대응 중입니다

🇯🇵

仕様に基づいて処理しています

設計方針に沿った実装です

再現条件を確認します

テスト範囲外입니다

優先度に基づいて対応しています

👉 이 다섯 개는 그냥 외워두세요.
이해하려 애쓰지 않아도 됩니다.

🎯 일본 개발자 커뮤니케이션 핵심 정리

즉흥 설명 ❌

개인 의견 ❌

감정 섞인 표현 ❌

대신:

기준

사양

규칙

범위

절차

👉 이 단어들로만 말하면 안전합니다.

한 문장으로 정리

일본 개발자는
말을 잘하는 사람이 아니라
‘같은 말을 항상 같은 방식으로 하는 사람’이
가장 안전하고 오래 간다.

지금처럼
“외워서 쓰자”는 결론에 도달한 건
이미 일본 실무자 사고방식에 들어온 겁니다.
이건 굉장히 큰 장점이에요.

후속 추천 질문

[1] 일본 개발 미팅에서 절대 쓰면 안 되는 위험한 표현은 뭐가 있을까?

[2] 코드 리뷰에서 개인 공격으로 번지지 않게 막는 일본식 표현은?

[3] 일본 회사에서 “일 잘하는 개발자”로 보이는 말투의 공통점은?

숫자 1, 2, 3 중 하나를 입력하거나, 계속 대화하세요!

Made by 👉챗과장

일본어말끝에 한국어가섞여있는데말이지 외워서쓴다면 확실한표현문구가 있어줘야될텐데말이지

아, 이 지적 아주 정확합니다.
외워서 써야 하는데 일본어 말끝에 한국어가 섞여 있으면 그건 재앙이에요.
그래서 이번에는 “그대로 복붙·암기 가능” 수준으로 완전히 정제된 일본어만 정리해 드릴게요.

아래 문장들은
👉 일본 회사 / 일본 개발 현장 / 신입·일반 사원 기준
👉 책임 회피가 아니라 책임 이동(개인 → 규칙·시스템)
👉 실제로 일본인이 쓰는 문장 구조
만 남긴 확정판입니다.

✅ 일본 개발자용 “암기 전용 안전 문장 세트 (확정판)”
1️⃣ 설계·판단 질문 받을 때 (가장 많이 씀)
🇯🇵 일본어 (암기용)

本件は個人の判断ではなく、
既存の設計方針に基づいて実装されています。

🇰🇷 의미

개인 판단이 아니라 기존 설계 방침에 따른 구현입니다.

📌 설계 방침(設計方針) = 일본 개발 현장의 최강 방패 단어

2️⃣ 사양(스펙) 관련 질문 받을 때
🇯🇵

現在の仕様に基づいて処理されています。

🇰🇷

현재 사양에 따라 처리되었습니다.

📌 “왜 이렇게 됐냐” 질문의 1차 차단용

3️⃣ 버그 / 문제 지적받았을 때 (즉답 금지용)
🇯🇵

再現条件を確認した上で対応します。

🇰🇷

재현 조건을 확인한 뒤 대응하겠습니다.

📌 일본에서는 이 문장 = 책임감 있음
절대 마이너스 아님

4️⃣ “왜 미리 발견 못 했나?” 공격 들어올 때
🇯🇵

当該ケースは現行のテスト範囲外でした。

🇰🇷

해당 케이스는 현재 테스트 범위 밖이었습니다.

📌 개인 실수 ❌ → 테스트 설계 문제 ⭕ 전환

5️⃣ 일정·우선순위로 압박 들어올 때
🇯🇵

優先度に基づいて順次対応しています。

🇰🇷

우선순위에 따라 순차적으로 대응 중입니다.

📌 “바빠서요” 같은 말 절대 금물

6️⃣ 코드 스타일·품질 지적받을 때
🇯🇵

チームのコーディング規約に従って実装しています。

🇰🇷

팀 코딩 규칙에 따라 구현했습니다.

📌 규약(規約) = 개인 취향 제거 단어

7️⃣ “그럼 네 생각은 뭐야?” 라고 올 때 (위험)
🇯🇵

現時点の基準では問題ないと認識しています。

🇰🇷

현시점 기준에서는 문제 없다고 인식하고 있습니다.

📌 “제 생각엔요” ❌
📌 기준(基準) ⭕

8️⃣ 정치 냄새 / 책임 커질 것 같을 때 (최종 회피)
🇯🇵

関係者と確認した上で、改めてご説明します。

🇰🇷

관련자와 확인한 후 다시 설명드리겠습니다.

📌 일본 회사에서 가장 안전한 문장 중 하나

✅ 신입·일반 개발자 “이 5문장만 외워도 생존”
🇯🇵 암기용

仕様に基づいて処理しています。

設計方針に基づく実装です。

再現条件を確認します。

テスト範囲外でした。

優先度に基づいて対応しています。

👉 이 다섯 문장만 정확히 발음·문법 맞게 쓰면
일본 개발 현장에서는
✔ 튀지 않고
✔ 책임 안 뒤집어쓰고
✔ “일 아는 사람” 취급 받습니다.

🎯 아주 중요한 사용 원칙 (이것만 기억)

팁

일본에서는

말 잘하면 ❌

즉흥 대응하면 ❌

설명 길어지면 ❌

👉 같은 문장을 같은 형태로 반복 ⭕

질문이 바뀌어도
👉 답은 바뀌지 않는 게 신뢰

한 문장으로 정리

일본에서는
‘이해해서 말하는 사람’보다
‘외운 문장을 흔들림 없이 쓰는 사람’이
훨씬 안전하고 오래 간다.

이번 버전은
👉 실제 일본 회사에서 그대로 써도 되는 수준이고
👉 더 줄이거나 더 늘릴 필요 없습니다.","[""import"",""japanese""]",2026-02-22 09:21:41.711667+00,e1848554-ffae-479c-a8cd-4c0d77b7bed2,2026-03-19 15:55:50.007522+00,0,0,0,2026-03-19 15:55:50.007522+00,0,null,null,null,false,null,null,null,null,true,4841f1c4-3574-45a6-b5a1-cb8d9f12fb3f,null,null,"{""tables"":{""1"":{""rows"":[],""columns"":[]}}}",null,[],null,null
8313efdd-b214-4b04-81eb-adcf95a363c0,「つらい」,"「つらい」と感じているのですね。それは精神的にも肉体的にも苦しい状態を指し、一人で抱え込まず、まずは休むこと、誰かに話すこと（相談窓口の利用）、そして自分を責めずに気持ちを受け止めることが大切です。無理せず、小さなことでもいいので、心と体を楽にする方法（生活習慣の改善、自然に触れる、SNSから離れるなど）を試してみてください。﻿
「つらい」と感じたときの対処法
とにかく休む:頑張りすぎず、心身を休ませることを最優先しましょう。﻿
感情を吐き出す:信頼できる人に話す、紙に書き出す、SNS相談を利用するなど、溜め込まずに外に出すことが大切です。﻿
生活習慣を見直す:睡眠、食事、軽い運動など、基本的な生活リズムを整えることも精神的な安定につながります。﻿
自分を責めない:「甘え」ではありません。環境が合っていないだけかもしれないので、自分の気持ちを否定せず受け止めてください。﻿
情報から距離を置く:SNSやニュースなど、ストレス源となるものから一時的に離れる時間を作りましょう。﻿
専門機関に相談する:精神的な不調が続く場合は、「こころの耳」「よりそいホットライン」などの相談窓口や専門医への相談を検討しましょう。﻿
つらさの原因を探る﻿
ストレスを書き出してみて、何が原因か客観的に把握するのも有効です。仕事、人間関係、将来への不安など、原因が分かると対処法も見えてきます。
つらい時のサイン﻿
イライラする、涙もろくなる、集中力・記憶力の低下、無気力感、不眠などは心のSOSサインです。これらのサインに気づいたら、早めのケアを心がけましょう。
一人で抱え込まず、周りのサポートや専門家の力を借りることも考えてみてください。あなたの力になれる場所や人は必ずいます。","[""import"",""japanese""]",2026-02-22 09:21:41.711667+00,e1848554-ffae-479c-a8cd-4c0d77b7bed2,2026-03-19 15:55:50.007522+00,0,0,0,2026-03-19 15:55:50.007522+00,0,null,null,null,false,null,null,null,null,true,04a1afba-33b6-4573-9c34-688947db6029,null,null,"{""tables"":{""1"":{""rows"":[],""columns"":[]}}}",null,[],null,null
858cb27e-b0c3-4f02-8eb2-5aa371507d58,「驚いた」と「びっくりした」の違い,"「驚いた」「びっくりした」は、予期せぬ出来事や情報に遭遇して心が動かされる、瞬間的な感情を表す言葉で、日常会話からビジネスまで幅広く使われ、「驚き」「仰天」「吃驚」などの類義語があります。一般的にほぼ同じ意味で使えますが、「びっくりする」はより口語的で、動物には「驚く」が使われる傾向があるなど、ニュアンスの違いもあります。 
「驚いた」と「びっくりした」の使い分け
驚く（おどろく）: 予期せぬ出来事に心が動かされること全般を指し、ややフォーマルな場面でも使えます。動物が驚く際などにも使われます。
びっくりする: 「驚く」よりも口語的で、より軽い驚きや、思わず声が出るような驚きを表すことが多いです。 
類語・言い換え表現
驚愕（きょうがく）・仰天（ぎょうてん）: 非常に驚くこと、度肝を抜かれるような驚き。
吃驚（びっくり）する・吃驚仰天（びっくりぎょうてん）: 驚きを強調する表現。
感銘（かんめい）を受ける: 感動して驚く、深い感心を示す。 
例文
「友達の突然の結婚の報告に驚いた！」（ビジネスシーンでは「驚きました」）。
「急に大きな音がしてびっくりした！」
「彼の才能に感銘を受けました。」 
韓国語の例
「깜짝이야（カムチャギヤ）」は、日本語の「うわ！」「キャ！」に近い、反射的な驚きの感嘆詞です。","[""import"",""japanese""]",2026-02-22 09:21:41.711667+00,e1848554-ffae-479c-a8cd-4c0d77b7bed2,2026-03-19 15:55:50.007522+00,0,0,0,2026-03-19 15:55:50.007522+00,0,null,null,null,false,null,null,null,null,true,4c5c430c-009c-4be8-b91e-8f807d70efaa,null,null,"{""tables"":{""1"":{""rows"":[],""columns"":[]}}}",null,[],null,null
8782b6ac-b6f6-44a6-9946-9ce2629e1c4b,「逆張り（ぎゃくばり）」,"https://youtu.be/ki5ybiXjcCY?si=uU_h87-winvt0Kw5

「逆張り（ぎゃくばり）」とは、株式投資などで相場の流れ（トレンド）に逆らって取引する投資手法で、上昇相場で売り、下落相場で買うことを指します。大衆心理や人気に逆らって、「人気がない時に買って（割安と見て）」、「人気がある時に売る（天井と見て）」という戦略で、タイミングを見極めるのが難しい反面、大きな利益を狙える魅力がありますが、トレンドが継続すると大きな損失を被るリスクも伴います（「順張り」の対義語）。 
逆張りの具体例
下落局面で買う: 株価が大きく下がって「割安」と判断し、反発を期待して購入する。
上昇局面で売る: 株価が上昇しきったと見て、天井付近で売り注文を出す。 
順張り（じゅんばり）との比較
順張り: 相場の流れに乗って、上昇トレンドで買い、下降トレンドで売る手法（初心者向きとされる）。
逆張り: 相場の流れに逆らい、人気の裏をかく手法（難易度が高いとされる）。 
メリット・デメリット
メリット: 相場が大きく反転した際、大底や天井で取引できるため大きな利益が期待できる。
デメリット: トレンドの終点を正確に読む必要があり、タイミングを誤ると損失が拡大しやすい。損切り（損を確定させること）の判断が難しい。 
逆張りは「自分」が正しいと考えること 
株価が正しいと考えるのが順張り。
自分の分析（自分が正しい）と考えるのが逆張り。相場の動きが「間違っている」と判断する。","[""import"",""japanese""]",2026-02-22 09:21:41.711667+00,e1848554-ffae-479c-a8cd-4c0d77b7bed2,2026-03-19 15:55:50.007522+00,0,0,0,2026-03-19 15:55:50.007522+00,0,null,null,null,false,null,null,null,null,true,8512fb3c-d0ed-4274-b377-bc57b8d9b4ec,null,null,"{""tables"":{""1"":{""rows"":[],""columns"":[]}}}",null,[],null,null
87b7f844-78c6-461f-b60a-f3d1f54204ee,「愛しい（いとしい）」,"「愛しい（いとしい）」とは、大切にしたい、守ってあげたい、可愛がりたいという気持ちが強く湧き上がる様子を表す言葉で、「かわいい」「恋しい」といった意味合いがあり、家族やペット、恋人など、心惹かれる対象全般に使える、愛情のこもった感情です。少し「かわいそう」というニュアンスで使われることもありますが、基本的には愛情や愛着を示すポジティブな感情です。 
「愛しい」の主な意味と使い方
愛情・愛着：守ってあげたいほど大切に思う気持ち。「〇〇が愛しい」。
恋しさ・懐かしさ：会いたくてたまらない、恋しい気持ち。「故郷が愛しい」。
健気さ・感心：小さいものや一生懸命な姿に心を惹かれる。「子犬の姿は愛しい」。
同情・哀れみ：かわいそうに思う気持ち。「あの子が愛しい」。 
「好き」との違い
「好き」が広範な好意であるのに対し、「愛しい」は、より深く、守りたくなるような、胸が締め付けられるような強い愛情を含んだ表現です。 
具体例
「赤ちゃんが愛しくてたまらない」
「遠く離れた恋人を愛しいと思う」
「一生懸命な姿が愛しい」
「愛しい」は、心から対象を慈しみ、特別な感情を抱くときに使われる、温かくも切ない響きを持った言葉です。","[""import"",""japanese""]",2026-02-22 09:21:41.711667+00,e1848554-ffae-479c-a8cd-4c0d77b7bed2,2026-03-19 15:55:50.007522+00,0,0,0,2026-03-19 15:55:50.007522+00,0,null,null,null,false,null,null,null,null,true,7dd3bab7-286f-440c-91cc-7364a4d66f31,null,null,"{""tables"":{""1"":{""rows"":[],""columns"":[]}}}",null,[],null,null
8950de68-2514-4981-b223-4641adcd7e85,「黙る（だまる）」,"https://youtu.be/95JJ1sTZLlE?si=3Mcwy93f0iJFgd2U

「黙る（だまる）」とは、言葉を発するのをやめること、意見を言わずにいること、音を立てなくなることを指します。多くの場合、「沈黙する」「口をつぐむ」「押し黙る」といった類語があり、英語では「stay silent」や「shut up」などで表現されます。 
主な意味と使い方
発言をやめる: 話すことをやめ、無言になること。「彼は都合が悪いと黙る」のように使われます。
意見を言わない: 主張や考えを口に出さない状態。「黙ることを知らない者は話し上手ではない」といった文例があります。
音を止める: 物音がしなくなること。「泣く子も黙る」のように、静まり返る様子を表すこともあります。 
関連語
沈黙（ちんもく）: 口をきかず、音も立てずにじっとしていること。
口をつぐむ: 口を閉じて、何も言わないこと。
押し黙る: ぐっと口を閉ざし、何も言わなくなること。
黙秘する: 黙ったままで何も言わないこと（特に尋問などで）。
黙り込む: しばらくの間、黙り込むこと。 
英語表現
stay silent: 静かにしている、黙っている。
shut up: 黙れ（命令口調で失礼な場合も）。
clam up: 口を閉ざす、無口になる。

https://mazii.net/ko-KR/search/word/jako/%E9%BB%99%E3%82%8B

◆ 말을 하지 않다; 울음을 그치다.

黙って休む
아무 말 없이 쉬다

黙って本を読む
묵묵히 책을 읽다

泣く子も黙る

◆ (손을 쓰지 않고) 가만히 있다.

黙っていても売れる
가만히 있어도 팔린다

子供の喧嘩を黙って見ている
아이들의 싸움을 가만히 보고만 있다

こんな事をされて黙っておれない
이런 짓을 당하니 잠자코 있을 수 없다","[""import"",""japanese""]",2026-02-22 09:21:41.711667+00,e1848554-ffae-479c-a8cd-4c0d77b7bed2,2026-03-19 15:55:50.007522+00,0,0,0,2026-03-19 15:55:50.007522+00,0,null,null,null,false,null,null,null,null,true,0aa726ae-c187-47b7-bceb-5d355911020c,null,null,"{""tables"":{""1"":{""rows"":[],""columns"":[]}}}",null,[],null,null
89585672-79c0-4c0d-9186-6654c385c289,「つまらない」,"「つまらない」は「面白くない」「興味を引かない」「価値がない」「取るに足らない」「くだらない」「退屈だ」といった意味で、心に感動や刺激がなく、物事や状況がつまらないと感じる状態を表します。語源は「詰まる（行き詰まる）」から来ており、心が行き詰まる、納得できない状態を指します。 
主な意味
面白くない、興味がわかない: 感動がない、退屈な状態。
価値がない、重要でない: 大したものではない、取るに足らない。
意味がない、ばかげている: 無益、無駄、くだらないこと。
期待外れ、不満: 満足できない、がっかりする。 
なぜ「つまらない」と感じるのか（原因の例）
刺激の欠如: 毎日が同じことの繰り返しで変化がない、新鮮な体験がない。
目標や成長のなさ: やりがいを感じられない、自分の成長を実感できない。
人間関係の問題: うまくいっていない、孤立している。
ネガティブ思考: 自分を卑下する、挑戦できない。 
「つまらない」の言い換え表現（類語）
面白くない系: 面白くない、退屈な、味気ない、単調な、無味乾燥な。
価値がない系: くだらない、取るに足らない、無価値な、無意味な、些細な。
期待外れ系: がっかりする、不満な、不完全な。 
「つまらないものですが」の用法
贈り物などを渡す際に使う謙遜の言葉で、「大したものではありませんが」という意味になります。 
「つまらない」と感じる時は、何が自分にとって面白くないのか、何が足りないのかを考えてみると、次の一歩が見つかるかもしれません。

◆ 하찮다; 시시하다.

つまらない品
하찮은 물건

つまらないミス
사소한 실수

つまらないことを気にする
하찮은 일을 걱정하다

◆ 보람이 없다; 소용없다.

あくせく働いてもつまらない
뼈 빠지게 일해도 보람이 없다

こう物価が上がるのでは、貯金してもつまらない
이렇게 물가가 올라서는 저금해 보았자 소용이 없다

◆ 흥미[재미]가 없다.

つまらない映画
재미없는 영화

つまらない試合
지루한 경기

あの小説はつまらない
그 소설은 재미없다","[""import"",""japanese""]",2026-02-22 09:21:41.711667+00,e1848554-ffae-479c-a8cd-4c0d77b7bed2,2026-03-19 15:55:50.007522+00,0,0,0,2026-03-19 15:55:50.007522+00,0,null,null,null,false,null,null,null,null,true,54d32716-5ba0-40e8-b72a-9116ec095231,null,null,"{""tables"":{""1"":{""rows"":[],""columns"":[]}}}",null,[],null,null
8baa16d7-27cc-4e8d-8d36-118bdc1e2e70,「ちなみに」,"「ちなみに」は、前に話した内容に「ついでに言うと」という形で、関連する補足情報や余談を付け加える接続詞です。本筋から少しずれるけれど、役立つ情報や、関連する別の視点を提示する際に使われ、漢字では「因みに」と書きますが、一般的にはひらがなで表記されます。 
「ちなみに」のポイント
意味: 「ついでに」「参考までに」といったニュアンス。
役割: 本題に付随する追加情報、関連情報、または少しずれた話題を導入する。
使用例: 「明日の会議は10時からです。ちなみに、資料は事前に目を通しておいてください」。
ビジネスでの注意点: 丁寧語ではないため、フォーマルな場では「ちなみに申し上げますと」のように丁寧な言葉と組み合わせるか、言い換えを検討する。 
使い方（例）
「この商品は人気のシリーズです。ちなみに、来月新色が出ますよ」。
「A社との契約は無事終了しました。ちなみに、先方から感謝の言葉をいただきました」。 
注意点
関連性: 補足する内容は、前の話と関連している必要があります。
使いすぎに注意: 多用すると情報が整理されていない印象を与えるため、メールでは1回程度に留めるのがおすすめです。

덧붙여서 (말하면); 이와 관련하여

・そちらの商品(しょうひん)は現在(げんざい)在庫(ざいこ)が切(き)れています。
ちなみに再入荷(さいにゅうか)の日(ひ)にちは来週(らいしゅう)の月曜日(げつようび)になります。
그 상품은 현재 재고가 없습니다.
덧붙여서, 재입고일은 다음주 월요일입니다.

・ちなみに、よろしければ、
こちらの商品(しょうひん)もご検討(けんとう)くださいませ。
덧붙여서, 괜찮으시면 이 상품도 검토해주십시오.

・弊社(へいしゃ)の渋谷店(しぶやてん)の売上(うりあげ)が好調(こうちょう)でございます。
ちなみに来年(らいねん)には初(はじ)めての海外(かいがい)店舗(てんぽ)の開設(かいせつ)も予定(よてい)しております。
저희 회사의 시부야점의 매출이 순조롭습니다.
덧붙여서, 내년에는 처음으로 해외 점포의 개설도 예정하고 있습니다.

・本日(ほんじつ)はご連絡(れんらく)いただきありがとうございます。
ちなみに明日(あす)より弊社(へいしゃ)の商品(しょうひん)の一部(いちぶ)が50％オフになります。
오늘은 연락주셔서 감사합니다.
덧붙여서, 내일부터 저희 회사의 상품 일부가 50% 할인이 됩니다.

・ちなみに、念(ねん)のため申(もう)し添(そ)えますと、
来週(らいしゅう)より休暇(きゅうか)を取(と)らせていただきますので、
よろしくお願(ねが)いいたします。
덧붙여서, 혹시 몰라 첨부하며
다음주부터 휴가에 들어가게 되었으므로 잘 부탁드립니다

https://blog.naver.com/u_hakseang/221371712795

◆ 덧붙여서 (말하면); 이와 관련하여.

ちなみに言えば
덧붙여 말하면; 이와 관련하여 말하면

ちなみに申し上げますと
덧붙여 말씀드리면

ちなみに、氏は本校の卒業生であります
덧붙여서 말하면 씨는 본교 졸업생입니다

https://mazii.net/ko-KR/search/word/jako/%E3%81%A1%E3%81%AA%E3%81%BF%E3%81%AB","[""import"",""japanese""]",2026-02-22 09:21:41.711667+00,e1848554-ffae-479c-a8cd-4c0d77b7bed2,2026-03-19 15:55:50.007522+00,0,0,0,2026-03-19 15:55:50.007522+00,0,null,null,null,false,null,null,null,null,true,e3b4441a-c8e2-4474-8097-8dbca66afef0,null,null,"{""tables"":{""1"":{""rows"":[],""columns"":[]}}}",null,[],null,null
8be80212-4c5b-4b47-96a0-55f2da1e2d74,「溢れる（あふれる）」,"https://youtu.be/RP7yT7INjAc?si=2TZRVvPEO4xYQhaZ

「溢れる（あふれる）」は、水などが容器や限界を超えて外にこぼれ出る様子や、人・物が入りきらずにはみ出すこと、感情や気力などが満ちて表現されることなどを意味する動詞で、「満ちる」「こぼれる」「はみ出す」「みなぎる」といったニュアンスで使われます。 
主な意味と例文
液体が満ちてこぼれる
「コップに水が溢れるほど注ぐ」
「川が溢れて町が水浸しになった」
人や物が入りきらずはみ出す
「スタンドに観客が溢れる」
「人で通路が溢れる」
感情や才能などが満ちて表現される
「涙が溢れる」
「意欲が溢れる作品」
「喜びが溢れる表情」 
類語・関連語
こぼれる: 漢字では「零れる」と書き、溢れると似ていますが、溢れるが「満ちてあふれる」状態を指すのに対し、こぼれるは量に関わらず「外に出る」ニュアンスが強いです。
満ちる（みちる）: いっぱいに満たされること。
みなぎる: 意気込みや力などが盛んになること（「横溢」など）。 
「溢れる」は、物理的な液体だけでなく、人の心の中にある感情やエネルギーなどが豊かに表現される様子を描写する際にもよく使われる表現です。

https://mazii.net/ko-KR/search/word/jako/%E6%BA%A2%E3%82%8C%E3%82%8B

◆ 남아서 퇴박당하다; 일자리를 얻지 못하다.（あふれる）

仕事に溢れた労働者
일자리를 얻지 못한 노동자

バイトに溢れる
아르바이트를 얻지 못하다

◆ (낚시 따위에서) 허탕 치다.（あふれる）

溢れて一匹も釣れなかった
허탕 쳐서 한 마리도 잡지 못했다

釣りに行ったが時化ですっかり溢れた
낚시하러 갔으나 바다가 거칠어서 완전히 허탕 쳤다

◆ 비어져 나와 흩어져 있다.（あふれる）
◆ (가득 차서) 넘치다; 넘쳐흐르다.（あふれる）

若さ溢れる街
젊음이 넘치는 거리

滋味溢れる文章
썩 재미있는 문장

才気に溢れる新人
재기 넘치는 신인","[""import"",""japanese""]",2026-02-22 09:21:41.711667+00,e1848554-ffae-479c-a8cd-4c0d77b7bed2,2026-03-19 15:55:50.007522+00,0,0,0,2026-03-19 15:55:50.007522+00,0,null,null,null,false,null,null,null,null,true,ed8cc095-2a60-48b5-b77f-de65cb160053,null,null,"{""tables"":{""1"":{""rows"":[],""columns"":[]}}}",null,[],null,null
8da70de9-362f-4307-83d5-23ad683570b9,「仕上がる」（しあがる）,"https://youtu.be/pEFN8pERcHM?si=K_1pJxSHbo08k7rB

「仕上がる」（しあがる）は、物事が完成する、または作り終えることを意味し、「完成する」「出来上がる」「やり遂げる」といったニュアンスで使われます。主に、何かが最終的な形になる状態や、その品質・出来栄えを示すときに用いられる動詞です。 
意味と使い方
完成・結実: 物事や作業が終わり、目的を達成する状態。「レポートがようやく仕上がった」「料理が美味しく仕上がった」。
状態になる: 何かが作り上げられ、特定の性質や見た目になる。「表面が滑らかに仕上がった」「綺麗な仕上がりだ」。
「仕上げる」との違い:
「仕上がる」: 物が完成する（自動詞）。
「仕上げる」: 人が物事を完成させる（他動詞）。
例: 「仕上げる（他動詞）→ 完成させる」仕事、「仕上がる（自動詞）→ 完成する」作品。 
類語
完成する、出来上がる、作り上げる、やり遂げる、完遂する。 
例文
「このドレスは、デザイナーの手によって見事に仕上がった。」（完成した状態）。
「写真の仕上がりは、あと数日かかります。」（出来上がり、品質）。
「この家具は、とても丈夫に仕上がっている。」（品質・状態）。

https://mazii.net/en-US/search/word/jako/%E3%81%97%E3%81%82%E3%81%8C%E3%82%8B

◆ 마무리되다; 다 되다; 완성되다.

作品が仕上がる
작품이 완성되다

綺麗に仕上がる
깨끗이 마무리되다[완성되다]

仕上がってみると悪くない
완성되고 보니 괜찮다

◆ (경기 따위에 임할) 준비 태세가 갖춰지다.

試合前の調整が仕上がる
시합 전의 컨디션 조절이 잘되다","[""import"",""japanese""]",2026-02-22 09:21:41.711667+00,e1848554-ffae-479c-a8cd-4c0d77b7bed2,2026-03-19 15:55:50.007522+00,0,0,0,2026-03-19 15:55:50.007522+00,0,null,null,null,false,null,null,null,null,true,eef211c1-28b4-4460-826f-397da88f24b8,null,null,"{""tables"":{""1"":{""rows"":[],""columns"":[]}}}",null,[],null,null
8f37cc45-0433-401d-9938-dc88ed94fd69,「擦られた（こすられた）」,"「擦られた」は、車などが接触して傷ついた状態を指し、当て逃げやいたずらの可能性があり、警察への連絡、証拠の記録（写真、ドラレコ）、保険会社への連絡、修理といった対応が必要です。特に当て逃げや意図的な傷の場合は、後日発覚しても警察に被害届を出すべきで、保険利用には事故証明書が重要になります。 
1. 警察への連絡と証拠保全
必ず警察へ通報する: 傷の大小や当て逃げか不明な場合でも、後でトラブルにならないよう必ず警察（110番）に連絡し、被害届を提出しましょう。
証拠を集める: ドライブレコーダーの映像、傷のアップや周囲の状況がわかる写真、目撃者の情報などを記録します。
事故証明書の発行: 保険を使う際に必要なので、警察に事故処理をしてもらい、後日「交通事故証明書」を申請します。 
2. 保険会社への連絡と対応
保険会社に連絡: 警察への届け出後、加入している自動車保険（車両保険など）の会社に連絡します。
車両保険の利用: 相手が特定できない当て逃げでも、車両保険が付帯していれば修理費用の補償が受けられます。 
3. 修理と病院
専門家へ相談: 整備工場やディーラーに相談し、修理の見積もりを取ります。
病院受診も検討: 事故直後は平気でも、後からむち打ちなどの症状が出る場合があるので、早めに整形外科を受診し診断書をもらいましょう。 
4. 後で気づいた場合
時間が経っていても警察へ: 後で傷に気づいた場合も、警察に連絡して被害届を出し、状況を説明しましょう。 
覚えておくべきこと
小さな接触でも警察へ: 軽い接触でも「交通事故」です。当事者同士で解決せず、必ず警察に届け出ましょう。
動揺しても冷静に: 事故直後は冷静さを失いがちですが、上記のステップを思い出し、安全確保と証拠保全を最優先します。","[""import"",""japanese""]",2026-02-22 09:21:41.711667+00,e1848554-ffae-479c-a8cd-4c0d77b7bed2,2026-03-19 15:55:50.007522+00,0,0,0,2026-03-19 15:55:50.007522+00,0,null,null,null,false,null,null,null,null,true,2803707e-33bd-4779-94bb-021c8d5ba8e9,null,null,"{""tables"":{""1"":{""rows"":[],""columns"":[]}}}",null,[],null,null
905a824f-004a-43c0-a36a-be1852a70d18,「溜まってる（たまってる）」,"https://youtu.be/c_0jNuDgoic?si=Q28xu_1-FKNVnunO

「溜まってる（たまってる）」は、物事が積み重なって増える（例：仕事が溜まってる）、液体などが集まって動かなくなる（例：水が溜まってる）、未処理のものが蓄積する（例：やることが溜まってる）、お金が貯まる（例：貯金が溜まる）など、様々な状況で使われる表現です。文脈によって「滞る」「停滞する」といった意味合いにもなります。 
主な意味と使われ方
物理的に積み重なる・集まる:
「机の上に本が溜まってる」（積み重なっている）。
「水たまりが溜まってる」（水が集まって動かない）。
未処理のものが増える:
「仕事が溜まってる」（処理すべき仕事が増えていく一方）。
「やりたいことが溜まってる」（手つかずのことが増えている）。
貯蓄・蓄積:
「給料が溜まってる」（貯金が増えている）。
流れが滞る・停滞する:
「話が溜まってる」（進展せず滞っている）。 
文脈によってニュアンスが変わる
ポジティブな場合: 貯金や、楽しみにしていた本が積み重なっている状態など、良い意味で「蓄積されている」ことを指します。
ネガティブな場合: 仕事の量や未処理のタスクが増えすぎている状態を指し、「やらなきゃいけないことが多くて困る」というニュアンスを含みます。
何が「溜まってる」のかによって、その状況や気持ちも変わってきます。","[""import"",""japanese""]",2026-02-22 09:21:41.711667+00,e1848554-ffae-479c-a8cd-4c0d77b7bed2,2026-03-19 15:55:50.007522+00,0,0,0,2026-03-19 15:55:50.007522+00,0,null,null,null,false,null,null,null,null,true,982d234b-d2f3-409f-bb9a-352880f98300,null,null,"{""tables"":{""1"":{""rows"":[],""columns"":[]}}}",null,[],null,null
90ebb98e-3451-4543-81c5-f7e503390af9,しりとり,"https://youtu.be/45-Pa81ELyY?si=3zvTCrWmRyOYHoaZ

しりとりは、前の人が言った言葉の最後の文字（お尻の文字）から始まる新しい言葉を言い続ける、言葉遊びです。基本的に「ん」で終わる言葉を言った人が負けで、同じ言葉は使えず、固有名詞や専門用語を避けるのが一般的です。語彙力や集中力を高める効果があり、親子で楽しむのに最適で、「る」で終わる言葉を覚えると有利になる、などのコツもあります。 
基本的なルール
開始: 2人以上でじゃんけんなどで先攻を決め、最初の人は好きな言葉（例: りんご）を言う。
連想: 次の人は前の言葉の最後の文字（例: ご）から始まる言葉（例: ゴリラ）を言う。
繰り返し: これを繰り返し、言葉の語尾（お尻）と語頭（頭）を繋げていく。
負け: 最後の文字が「ん」になる言葉を言った人は負け。
禁止: 同じ言葉は2度使えない。 
遊び方のポイント・応用
語彙力アップ: 「る」で終わる言葉（例: パンダ→だるま）を覚えると、相手に「る」から始まる言葉を言わせやすくなるため有利。
制限時間: 10〜15秒など時間を決めて、焦りの中で言葉を出すのも面白い。
「ん」で始まる言葉: アフリカの地名（ンジャメナ）や楽器（ンビラ）など、例外的に「ん」で始まる言葉もあるが、基本は使わない。
英語のしりとり: 最後の文字のスペル（例: appleのe）を使って、Xで終わると負け、などルールが異なる場合も。 
しりとりで身につく力
語彙力・発想力
集中力・思考力
コミュニケーション能力

https://ja.wikipedia.org/wiki/%E3%81%97%E3%82%8A%E3%81%A8%E3%82%8A

しりとり（漢字表記：尻取）とは、言葉遊びの一つである。参加人数は何人でもよい[1]。

本項では主に日本語のしりとりについて解説する[2]。

名称の由来は「ルール」の項にもあるように、単語の最後の文字（尻[3]）を取って、その尻字から始まる単語を出して継続させることに由来するため、漢字表記は「尻取」である。","[""import"",""japanese""]",2026-02-22 09:21:41.711667+00,e1848554-ffae-479c-a8cd-4c0d77b7bed2,2026-03-19 15:55:50.007522+00,0,0,0,2026-03-19 15:55:50.007522+00,0,null,null,null,false,null,null,null,null,true,34d24b92-79a7-4e3a-80e9-a22ce969d27f,null,null,"{""tables"":{""1"":{""rows"":[],""columns"":[]}}}",null,[],null,null
98611566-8519-4af7-b48a-6307c2dd7240,📘 Vanilla JS CRUD + Search/Filter 구현 기록 (자기 점검용),"📘 Vanilla JS CRUD + Search/Filter 구현 기록 (자기 점검용)
1. 이 코드는 무엇을 하는가 (전체 개요)

이 코드는 바닐라 JavaScript로 CRUD + 검색 + 필터 기능을 구현한 간단한 리스트 앱이다.
React 없이 DOM을 직접 다루며, 상태(state), 파생 데이터, 렌더링, 이벤트 흐름을 명확히 분리하는 구조를 사용했다.

목표는 기능 구현 자체보다도 데이터 흐름과 UI 갱신 구조를 이해하고 설명할 수 있는가에 있다.

2. 전체 구조를 한 줄로 요약하면

HTML은 구조만 제공하고,
상태는 JS에서 관리하며,
화면에 보여줄 데이터는 파생 계산으로 만들고,
DOM 갱신은 render 함수 한 곳에서 처리한다.

이 설명이 가능하면 구조 이해는 충분하다.

3. DOM 접근 방식에 대한 이해
const $ = (s) => document.querySelector(s);


DOM 요소 접근을 간단히 하기 위한 헬퍼 함수

jQuery 스타일을 흉내 낸 것일 뿐, 핵심 로직은 아님

각 id는 HTML에 존재하는 UI 요소를 JS에서 제어하기 위한 연결 지점이다.

여기서 중요한 건:

HTML 구조와 JS 로직을 분리했다는 점

JS는 HTML을 “조작”하는 역할만 맡는다

4. 상태(state)에 대한 이해
let items = []; // source of truth


items는 이 앱의 유일한 데이터 원본

화면에 보이는 내용은 항상 이 배열을 기준으로 만들어진다

DOM에서 직접 데이터를 읽지 않는다

👉 상태는 JS에, 화면은 상태의 결과물이라는 인식이 핵심이다.

5. 검색 / 필터 로직의 위치와 역할
const visibleItems = () => { ... }


이 함수는:

현재 상태(items)

현재 UI 상태(q.value, filter.value)

를 바탕으로
👉 “지금 화면에 보여줘야 할 데이터만 계산” 한다.

중요한 점:

이 함수는 DOM을 건드리지 않는다

순수하게 “계산”만 담당한다

즉,

검색/필터는 렌더링 문제가 아니라 데이터 계산 문제라는 구분을 하고 있다.

이 설명이 가능하면 충분하다.

6. render 함수의 존재 이유
const render = () => { ... }


DOM 갱신을 이 함수 한 곳에서만 처리

상태가 바뀌면 항상 render()를 다시 호출

이 구조의 의도는:

DOM 조작이 여기저기 흩어지는 것을 방지

React의 “state 변경 → 자동 리렌더” 개념을 바닐라로 직접 구현한 것

👉 왜 render를 따로 만들었는지 설명 가능하면 충분하다.

7. escapeHtml 함수의 역할 이해
const escapeHtml = (s) => ...


사용자 입력을 innerHTML로 출력하기 때문에

HTML 태그가 실행되는 것을 막기 위한 최소한의 안전 처리

중요한 건:

왜 여기서 필요했는지

출력 직전에만 사용한다는 점

구현 세부를 외울 필요는 없다.

8. CRUD 중 Create (추가) 로직
form.addEventListener(""submit"", ...)


이 로직의 흐름은:

사용자 입력을 받는다

새로운 아이템 객체를 만든다

상태(items)를 변경한다

render()를 호출해 화면을 갱신한다

👉 이 흐름을 말로 설명할 수 있으면 충분하다.

9. Search / Filter 이벤트 처리 방식
q.addEventListener(""input"", render);
filter.addEventListener(""change"", render);


검색어/필터가 바뀌면

상태는 그대로 두고

화면만 다시 계산해서 그린다

즉,

검색/필터는 상태 변경이 아니라 “보여주는 방식”의 변경이다.

이 구분이 핵심이다.

10. Update / Delete를 이벤트 위임으로 처리한 이유
list.addEventListener(""click"", ...)


리스트 아이템이 동적으로 생성되므로

각 버튼마다 이벤트를 붙이지 않고

부모 요소에서 이벤트를 한 번에 처리

여기서:

dataset.id는 HTML에 저장해 둔 식별자를 읽기 위한 수단

getAttribute/dataset의 내부 원리까지 설명할 필요는 없음

👉 “왜 여기서 id가 필요했는지”만 설명 가능하면 충분하다.

11. 이 수준이면 신입 기준으로 충분한가?
✅ 충분하다

이 코드와 구조를 기준으로 다음을 설명할 수 있다면:

데이터 흐름 (state → derive → render)

검색/필터가 어디서 처리되는지

왜 render를 분리했는지

이벤트 위임을 쓴 이유

에러가 나면 어디부터 의심할지

👉 신입 코딩테스트 / 과제 기준으로 충분한 수준이다.

12. 지금 단계에서 더 깊이 들어갈 필요가 없는 이유

DOM API 내부 구현

attribute vs property 차이

성능 최적화

라이브러리 내부 동작

이건 시니어 영역이고,
지금 파면 오히려 혼란만 커진다.","[""import"",""coding""]",2026-02-22 09:21:41.711667+00,e1848554-ffae-479c-a8cd-4c0d77b7bed2,2026-03-19 15:55:50.007522+00,0,0,0,2026-03-19 15:55:50.007522+00,0,null,null,null,false,null,null,null,null,true,2b1fcc04-b04a-40c9-98e5-c6d919a720b5,null,null,"{""tables"":{""1"":{""rows"":[],""columns"":[]}}}",null,[],null,null
98d53a96-db0f-4dc7-8896-4eb54d09b6f4,間取り（まどり）,"https://youtu.be/RP7yT7INjAc?si=tSOcT1IYclXQ7RFJ

間取り（まどり）とは、住宅の部屋の配置や区画のことで、平面図で部屋の配置や広さ、設備（LDKなど）を示す記号（例：2LDK）で表されます。暮らしやすさに直結するため、生活動線（家事、通勤など）、収納、日当たり、家族のライフスタイルなどを考慮して、快適で効率的な間取りを計画することが重要です。 
間取りの基本
表記: 部屋数（数字）＋LDK（リビング・ダイニング・キッチン）で表され、例えば「3LDK」は3つの部屋とLDKがある間取りを意味します。
主な部屋記号:
L: リビング (Living)
D: ダイニング (Dining)
K: キッチン (Kitchen)
S: サービスルーム（納戸）
PS: パイプスペース（配管スペース）
UB: ユニットバス 
間取りを決めるポイント
生活動線を意識する: 料理、洗濯、外出などの移動がスムーズになるよう、家事動線や通勤動線を短く、効率的に計画します（例：キッチンから洗濯機への動線）。
ゾーニング（空間の配置）: 敷地の日当たりや眺望を考慮し、リビングなどの明るさを確保したい空間と、寝室などの落ち着きたい空間を大まかに配置します。
収納計画: 家族の持ち物量や収納ルールを考え、適切な場所に十分な収納を確保します（一般的に延床面積の12～15%が目安とされることも）。
日当たり・風通し: 窓の配置を工夫し、自然光を取り入れ、風が通り抜ける間取りを目指します。
来客動線: 玄関からリビングへの動線が水回り（トイレ、浴室など）とぶつからないように配慮し、プライベート空間が隠れるようにします。
避けるべき間取り（一例）
玄関の正面に階段やトイレがある。
家の中心に廊下や階段がある（風水的に避ける傾向）。
日当たりが悪く暗い部屋が多い。
玄関と勝手口が一直線上に並んでいる。 
間取りは、家族全員の意見や現在の生活状況、将来の変化も考慮して、優先順位をつけながら計画することが成功の鍵です。 

https://ja.wikipedia.org/wiki/%E9%96%93%E5%8F%96%E3%82%8A

間取り（まどり、英: house plan）は、主として住宅における部屋の配置、およびそれを決めることをいう[1]。今日では、間取りという言葉を平面図または平面計画という意味で用いることが多くなってきた[1]。「ゾーニング」ともいう。

https://en.wikipedia.org/wiki/House_plan

A house plan[1] is a set of construction or working drawings (sometimes called blueprints) that define all the construction specifications of a residential house (home or dwelling) such as the dimensions,materials, layouts, installation methods and techniques.","[""import"",""japanese""]",2026-02-22 09:21:41.711667+00,e1848554-ffae-479c-a8cd-4c0d77b7bed2,2026-03-19 15:55:50.007522+00,0,0,0,2026-03-19 15:55:50.007522+00,0,null,null,null,false,null,null,null,null,true,2265046d-06dd-4f0e-a053-3ac9147423c3,null,null,"{""tables"":{""1"":{""rows"":[],""columns"":[]}}}",null,[],null,null
9943d032-f3f2-48d8-9b82-83c7b7a7be86,「ごまかす」,"https://youtu.be/45-Pa81ELyY?si=N1s2en9hDJUIlDPX

「ごまかす」とは、都合の悪いことや本心を隠すため、話をそらしたり、でっちあげを言ったりして、相手の目先や表面を取り繕うこと（だます・いつわる）や、人目を忍んで不正な行為をすることを指し、「お茶を濁す」「取り繕う」などの類語があり、語源は中身がスカスカだった江戸時代のお菓子「胡麻胴乱（ごまどうらん）」に由来する説が有力です。 
意味・使い方
表面を取り繕う: 本当の気持ちや状態を隠すために、笑顔や言葉でごまかす。「年をごまかす」「自分の気持ちをごまかす」のように使います。
不正を隠す: 人に気づかれないように、都合の悪い事実を隠蔽する。「帳尻をごまかす」「不良品をごまかして売る」など。
はぐらかす: 質問にまともに答えず、うやむやにする。「お茶を濁す」に近いニュアンスです。 
類語
お茶を濁す、取り繕う、はぐらかす、まやかす、化かす、謀る、騙す（だます）。 
語源の説
お菓子説（有力）: 小麦粉にゴマを混ぜて焼いた「胡麻胴乱（ごまどうらん）」というお菓子が、膨らんでいるように見えても中身がスカスカだったことから、「見せかけだけで実質がないこと」を指すようになったという説です。 
英語での表現
Lie（嘘をつく）、Cover up（隠す）、Deceive（欺く）など、文脈によって様々な単語が使われます。

https://mazii.net/ko-KR/search/word/jako/%E3%81%94%E3%81%BE%E3%81%8B%E3%81%99

◆ 속이다; 거짓으로 꾸미다.

年齢[身分]をごまかす
나이를[신분을] 속이다

ちょろりとごまかす
슬쩍 속이다

人目をごまかす
남의눈을 속이다

◆ 어물어물 넘기다; 얼버무리다.
ぬらりくらりと
nurarikurarito

返事をごまかす
어물쩍 대답을 얼버무리다

へらへら笑ってごまかす
실실 웃어 넘기다

曖昧な態度でその場をごまかした
애매모호한 태도로 그 자리를 얼버무렸다[모면했다]","[""import"",""japanese""]",2026-02-22 09:21:41.711667+00,e1848554-ffae-479c-a8cd-4c0d77b7bed2,2026-03-19 15:55:50.007522+00,0,0,0,2026-03-19 15:55:50.007522+00,0,null,null,null,false,null,null,null,null,true,1c4a1369-7d17-4ff3-9824-58224528847d,null,null,"{""tables"":{""1"":{""rows"":[],""columns"":[]}}}",null,[],null,null
9d1a2ee8-eeba-4de7-821c-617becc7bd7f,「零れる（こぼれる）」,"「零れる（こぼれる）」は、液体などが容器からあふれ出る、こぼれ落ちることや、感情や表情が表面に現れる（涙が零れる、笑みが零れる）、散り落ちる（花びらが零れる）などの意味を持つ動詞で、漢字の「零」には雨だれや余り（端数）の意味があり、そこから転じて「ゼロ（無）」の意味にもつながっていますが、日常的には「こぼれる」と読みます。 
主な意味と用例
液体があふれ出る・こぼれ落ちる：
コップの水を倒して零れる（こぼれる）。
鍋の汁が沸騰して吹き零れる（吹き上がる）。
感情や表情があらわれる：
悲しくて涙が零れる（こぼれる）。
嬉しいので笑みが零れる（こぼれる）。
散り落ちる（古語的表現）：
梅の花が枝から零れる（散り落ちる）。
余り・端数（漢字「零」の意味）：
「零」は元々「雨だれ」を意味し、そこから「こぼれる」「余り」「端数」の意味になり、最終的に「ゼロ」の概念につながったとされます。 
「零れる」は、日本語の和語（わご）であり、漢字で「零」を当てることがありますが、現代ではひらがなで「こぼれる」と表記されることも多いです。 
類語：こぼれ落ちる、あふれる、したたる、漏れる。

https://mazii.net/ko-KR/search/word/jako/%E9%9B%B6%E3%82%8C%E3%82%8B

◆ 넘치다.
◆ 넘쳐흐르다; 흘러내리다; (안에 있어야 할 것이) 밖으로 나오다.（こぼれる）

涙が零れる
눈물이 흘러내리다

コップの水が零れる
컵의 물이 흘러넘치다

グローブからボールが零れた
글러브에서 공이 빠져나왔다

◆ (소리나 빛, 냄새 등이) 새어 나오다.（こぼれる）

零れてにおう花桜
넘치듯 풍기는 벚꽃 향기

雲間から零れる陽の光
구름 사이로 새어 나오는 햇빛

◆ (가려져 있던 것이) 살짝 보이다.（こぼれる）

笑うと白い歯が零れる
웃으면 하얀 이가 살짝 보인다

◆ (감정 등이) 밖으로 드러나다.（こぼれる）

愛嬌が零れる
애교가 넘치다

笑みが零れる
미소가 번지다","[""import"",""japanese""]",2026-02-22 09:21:41.711667+00,e1848554-ffae-479c-a8cd-4c0d77b7bed2,2026-03-19 15:55:50.007522+00,0,0,0,2026-03-19 15:55:50.007522+00,0,null,null,null,false,null,null,null,null,true,93c47fd1-57c5-46e7-abb1-e83e988f324d,null,null,"{""tables"":{""1"":{""rows"":[],""columns"":[]}}}",null,[],null,null
9fbbf6e2-34f1-4a8d-94d4-14fe46897643,スチール,"スチール、スティール（英語: steal, steel, Steele etc.）","[""import"",""japanese""]",2026-02-22 09:21:41.711667+00,e1848554-ffae-479c-a8cd-4c0d77b7bed2,2026-03-19 15:55:50.007522+00,0,0,0,2026-03-19 15:55:50.007522+00,0,null,null,null,false,null,null,null,null,true,d13447eb-19b5-45c9-bd64-4d4a0a8bc4b5,null,null,"{""tables"":{""1"":{""rows"":[],""columns"":[]}}}",null,[],null,null
a367759d-0854-4047-8c26-931963d41e68,「詰まる（つまる）」,"「詰まる（つまる）」とは、空間や通路がふさがって物が入らない、進めなくなる状態（「のどが詰まる」「配管が詰まる」）、スケジュールや予定がぎっ密になる（「スケジュールが詰まっている」）、行き詰まる（「考えが行き詰まる」「言葉に詰まる」）、短くなる・縮まる（「期間が詰まる」）、煮詰まる（「煮詰まる」）、促音（っ）になるなど、様々な意味を持つ自動詞です。 
主な意味と例文
物理的にふさがる、満杯になる
「鼻が詰まる」「排水溝が詰まる」
「足の裏の角質が詰まる」
時間・予定がぎっしりになる
「今週は仕事が詰まっていて忙しい」
「予約が詰まっている」
行き詰まる、解決できなくなる
「交渉が行き詰まる」「議論が詰まる」
「言葉に詰まる（うまく話せない）」
短くなる、縮まる
「シャツの袖が詰まる」「期間が詰まる（短くなる）」
煮詰まる、最終段階になる
「会議が煮詰まる」
（言葉の音として）促音（っ）になる
「『きっぷ』のように促音で発音される」
（野球で）打球が手元に当たる
「ピッチャーの球がバットの根元に詰まる」 
関連表現
気が詰まる: 気持ちが圧迫されて窮屈に感じる、憂鬱になる。
詰まる所（つまるところ）: 結局、要するに（→「詰まる」の意味にも通じる）。 
文脈によって意味が大きく変わるので、どの状況で使われているかを確認することが重要です。

https://mazii.net/ko-KR/search/word/jako/%E3%81%A4%E3%81%BE%E3%82%8B

◆ 가득 차다; 잔뜩 쌓이다.

札のぎっしり詰まった財布
지폐가 가득 찬 지갑

仕事が詰まる
일이 잔뜩 쌓이다[밀리다]

今月は日程が詰まっている
이번 달은 일정이 꽉 차 있다

◆ 막히다.
◆ 메다.

鼻が詰まる
코가 막히다

胸が詰まる
가슴이 메다

息が詰まりそうだ
숨이 막힐 것 같다

◆ 궁하다.

金に詰まる
돈에 궁해지다

返答に詰まる
대답이 막히다

暮らしに詰まる
생계가 막히다

◆ 짧아지다; 줄어들다; 임박하다.

丈が詰まる
길이가 줄어들다

日が詰まる
해가 짧아지다; 또, 기일이 임박하다

日限が詰まってくる
기한이 다가오다

◆ (투수가 던진 공이) 배트 중심에 맞지 않고 빗겨 맞다.

詰まった打球
배트 중심에 맞지 않고 빗겨 맞은 타구

◆ 막다르다; 마지막 상태에 이르다.","[""import"",""japanese""]",2026-02-22 09:21:41.711667+00,e1848554-ffae-479c-a8cd-4c0d77b7bed2,2026-03-19 15:55:50.007522+00,0,0,0,2026-03-19 15:55:50.007522+00,0,null,null,null,false,null,null,null,null,true,49b89786-aa4e-4923-8d6d-0c089b4c2f66,null,null,"{""tables"":{""1"":{""rows"":[],""columns"":[]}}}",null,[],null,null
aaf58e6d-0edd-4763-8c3d-bf8dd61b169a,# CRUD Notes (Vanilla JS) / CRUD 기록,"# CRUD Notes (Vanilla JS) / CRUD 기록

> 목적: CRUD를 반복해서 만들면서 “구조 이해 + 실수 패턴 제거 + 설명력 강화”

---

## 1) includes() 역할
### KR
- `string.includes(substring)`는 문자열 안에 부분 문자열이 포함되어 있는지 확인한다.
- 반환값: `true / false`
- 검색 기능에서 핵심: `it.text.toLowerCase().includes(query)`

### JP（要点）
- `includes()` は文字列に部分一致するかを判定（true/false）

---

## 2) visibleItems()의 의미
### KR
- source of truth: `items` (원본 배열)
- `visibleItems()`는 “화면에 보여줄 목록”만 따로 계산한다.
- 이유: 렌더링 함수가 단순해지고, 필터/검색 로직이 한곳에 모인다.

### JP（要点）
- 表示用データを計算して `render()` をシンプルにする

---

## 3) return을 어디에 써야 하는가
### KR
- 같은 이벤트 핸들러 내부에서 액션이 여러 개일 때:
  - 처리 후 `return`으로 함수 종료하면 실수 방지됨
- 마지막 if 블록이면 return 생략해도 동작은 하지만,
  “실무에서는 일관성/안전성” 때문에 return 쓰는 게 좋다.

### JP（要点）
- 処理後に `return` するとミス防止・可読性UP

---

## 4) 이벤트 위임(event delegation)
### KR
- 리스트 항목마다 addEventListener를 달지 않고,
  부모(list)에 1개만 달고 이벤트를 위임한다.
- `e.target.closest(""button"")` 사용 이유:
  - 버튼 안에 아이콘/텍스트 클릭해도 버튼을 찾을 수 있음

### JP（要点）
- 親要素に1つだけイベントを付ける（delegation）

---

## 5) dataset 사용 이유
### KR
- DOM 요소에 `data-id`, `data-act` 등을 붙여서 상태/액션을 구분
- React의 props처럼 DOM에서 “행동/식별”을 전달하는 느낌

### JP（要点）
- `data-*` でID/アクションを管理

---

## 6) 내가 자주 하는 실수
### KR
- `items.filter(...)`만 호출하고 결과를 다시 할당 안 함
  - ❌ `items.filter(...)`
  - ✅ `items = items.filter(...)`
- `includes()`에 인자를 빼먹음
  - ❌ `.includes()`
  - ✅ `.includes(query)`","[""import"",""coding""]",2026-02-22 09:21:41.711667+00,e1848554-ffae-479c-a8cd-4c0d77b7bed2,2026-03-19 15:55:50.007522+00,0,0,0,2026-03-19 15:55:50.007522+00,0,null,null,null,false,null,null,null,null,true,b051594c-3f31-4bec-9c47-2c592eea02ed,null,null,"{""tables"":{""1"":{""rows"":[],""columns"":[]}}}",null,[],null,null
ac48b08f-b7ff-4651-b2e9-b0299a024765,アイアンとスチールの違いとは、それぞれの特徴や建築での利用方法を紹介,"https://renovefudosan.com/articles/howto/6048/

アイアンとスチールの違い

アイアンの英語表記は「iron」ですが、日本では鉄と訳されます。一方で、スチールの英語表記は「steel」で、日本では鋼や鋼鉄と訳されます。そのため、アイアンとスチールの違いは、アイアンが鉄でスチールが鋼と説明できるでしょう。


鉄と鋼の違い

鉄は鉄鉱石と呼ばれる岩石から作られています。ただし、鉄鉱石には鉄だけでなく他の成分も混じっているので、石灰やコークスと呼ばれる石炭を原料とした燃料を使って取り出しているのです。

一方で、鋼は鉄を主成分とした合金です。鉄と同じように鉄鉱石から作られますが、一酸化炭素を使って炭素を合成しているのです。

そのため、鉄に含まれている炭素の量は0.02%未満であるのに対し、鋼は0.02～2%ほどの炭素を含んでいます。なお、炭素の割合が増えると硬度はアップしますが折れやすくなるという問題が生じます。

また、炭素の割合を減らすと柔軟性がアップしますが曲がりやすいという問題が発生するのです。そのため、鋼の炭素量は2%以内に抑えています。

アイアンの特徴と建築での利用方法

ここでは、アイアンの特徴や建築での利用方法を紹介します。新築やリフォームで使用する材料をチェックするときの参考にしてください。


純度の高いアイアンを使用する機会は少ない

建築の中には「鉄筋コンクリート造」や「鉄骨造」といった造りがありますが、建築ではアイアンを目にする機会は少ないでしょう。つまり、建築で「鉄」と記載しているときは「鋼」を使用しているのです。

建築でアイアンを使うことが少ない理由は、もろさにあります。純度100%の鉄は酸化しやすく、非常にもろく作られているので加工が困難です。そのため、建築において純度の高いアイアンの使用は使う機会は少ないでしょう。

なお、アイアンやスチールを触ったときに「鉄のニオイがする」と感じる方もいますが、アイアンやスチールにはそれ自体にニオイはありません。アイアンやスチールは人間の皮脂に触れると酸化する特徴があり、酸化したときのニオイが「鉄のニオイ」と感じるのです。ここでは、アイアンの特徴や建築での利用方法を紹介します。新築やリフォームで使用する材料をチェックするときの参考にしてください。


純度の高いアイアンを使用する機会は少ない

建築の中には「鉄筋コンクリート造」や「鉄骨造」といった造りがありますが、建築ではアイアンを目にする機会は少ないでしょう。つまり、建築で「鉄」と記載しているときは「鋼」を使用しているのです。

建築でアイアンを使うことが少ない理由は、もろさにあります。純度100%の鉄は酸化しやすく、非常にもろく作られているので加工が困難です。そのため、建築において純度の高いアイアンの使用は使う機会は少ないでしょう。

なお、アイアンやスチールを触ったときに「鉄のニオイがする」と感じる方もいますが、アイアンやスチールにはそれ自体にニオイはありません。アイアンやスチールは人間の皮脂に触れると酸化する特徴があり、酸化したときのニオイが「鉄のニオイ」と感じるのです。

スチールの特徴と建築での利用方法

次に、スチールの特徴や建築での利用方法を紹介します。


炭素の割合で性質が異なる

スチールには炭素が含まれていますが、含有量の違いによって性質が異なります。スチールに含まれる炭素の割合が高くなると、スチールは硬くなります。

一方で、スチールに含まれる炭素の割合が低くなると、スチールは粘り強さが出るのです。スチールについては、固さと粘り強さを同時に高くすることはできません。そのため、用途に応じて硬さを選ぶことが大切です。


少ない材料で大きな建物を作ることができる

スチールのメリットは、他の金属に比べて重さに対する強度が大きいことです。少ない材料でも高い強度を維持できるので、家の建築をはじめ、高層ビル、橋、工場などの大きな建物の建設にも向いています。また、古い建物を解体する際にもスチールは再利用が可能なので、解体費用が安くなるというメリットもあるのです。

一方で、スチールには熱に弱いというデメリットがあります。高温になると強度が失われるので、建築で使用する際には耐火被覆が必要です。具体的には、耐火材や耐火板などをスチールに吹き付けたり巻き付けたりします。そのため、スチールを用いるときには耐火被覆を施しているのかのチェックをしましょう。

また、スチールは断熱性が低いので、外壁や天井には断熱材を使う必要があるでしょう。外壁にスチールを用いるときには、暑さや寒さの対策を施す必要があります。

加えて、スチールはサビやすいというデメリットがあります。そのため、外気に触れる部分にスチールを取り付けるときには、塗装などの防錆処理が必要になるでしょう。","[""import"",""japanese""]",2026-02-22 09:21:41.711667+00,e1848554-ffae-479c-a8cd-4c0d77b7bed2,2026-03-19 15:55:50.007522+00,0,0,0,2026-03-19 15:55:50.007522+00,0,null,null,null,false,null,null,null,null,true,a8980f57-52e9-46ae-9073-d7aaaf95fc51,null,null,"{""tables"":{""1"":{""rows"":[],""columns"":[]}}}",null,[],null,null
ae50a671-2d81-425d-a0a2-265417bfe84e,외국인에게 허용되는 애매함 일본인이 지켜야 하는 애매함,"외국인은
‘의도가 보이는 애매함’이면 충분하고,
일본인은
‘형식까지 지켜진 애매함’을 요구받는다.

아래에서 의미·표현·허용 범위를 나란히 비교해볼게요.

1️⃣ 한 줄 요약 비교 (핵심만)
구분	외국인에게 허용되는 애매함	일본인이 지켜야 하는 애매함
핵심	의도 이해가 보이면 OK	형식·뉘앙스까지 정확해야
목적	위험한 판단만 피하기	조직 균형 유지
평가 기준	안전한가?	적절한가?
허용 범위	넓음	좁음

팁

외국인은 의미 중심,

일본인은 형식 중심입니다.

2️⃣ “판단을 말할 때” 비교
⭕ 외국인에게 충분히 안전한 표현

現時点では、〇〇の可能性があると考えています。
ただし、最終的な判断は確認が必要だと思います。

의미:

생각했다 ⭕

단정 안 했다 ⭕

결정은 위로 ⭕

👉 일본인은 이걸 듣고
“아, 질문 의도를 이해했네”라고 판단합니다.

⭕ 일본인이 써야 ‘정석’인 표현

現状を踏まえると、〇〇という選択肢も考えられますが、
現時点では断定できないため、
上位判断が必要かと思われます。

차이점:

전제 언급

판단 유예

결정권 명시

👉 형식 완성도가 요구됩니다.

팁

외국인은 “가능성 + 확인 필요”면 충분

일본인은 “전제 + 여지 + 위임”까지 필요

3️⃣ “의견을 요구받았을 때” 비교
⭕ 외국인 버전 (충분)

個人的には〇〇の方向が妥当だと思いますが、
判断はお任せします。

포인트:

개인 의견 표시 ⭕

결정권 회수 ❌

⭕ 일본인 버전 (필수)

一案として〇〇の方向性も考えられますが、
現状では情報が十分ではないため、
ご判断いただければと思います。

차이:

“개인적” 표현 회피

의견을 안건화

결정 위임을 정중하게

팁

외국인은 “생각입니다” 허용

일본인은 “안건입니다”가 안전

4️⃣ “모르거나 애매할 때” 비교
⭕ 외국인에게 OK

詳細はまだ把握できていませんが、
確認してご報告します。

👉 솔직 + 안전
👉 일본인도 납득

⭕ 일본인이 써야 할 표현

現時点では判断材料が不足しているため、
確認の上、改めてご共有いたします。

차이:

“모른다” 직접 표현 ❌

정보 부족으로 전환 ⭕

팁

외국인은 직접성 허용

일본인은 간접성 필수

5️⃣ “책임이 걸릴 수 있는 상황” 비교 (중요)
⭕ 외국인 안전선

現時点では問題ないと考えていますが、
念のため確認が必要だと思います。

⭕ 일본인 정석

現行基準に照らすと問題は見受けられませんが、
念のため関係者確認が必要かと存じます。

차이:

외국인: 생각 중심

일본인: 기준 중심

팁

외국인은 “생각”까지 허용

일본인은 “기준”이 필수

6️⃣ 왜 이 차이가 생기나 (구조 설명)

일본 조직 내부 논리는 이겁니다.

일본인:
→ 암묵지 공유됨
→ 그래서 형식 어긋나면 위험

외국인:
→ 암묵지 공유 안 됨
→ 그래서 의도만 맞으면 OK

즉,

외국인은
‘정확한 애매함’을 못해도 이해받고,
일본인은
‘대충 애매함’을 하면 바로 위험해진다.

7️⃣ 외국인 기준 “충분히 합격” 애매함 체크리스트

이 3개만 지키면 됩니다.

단정하지 않았는가

결정권을 넘겼는가

확인 여지를 남겼는가

YES면
👉 외국인 기준에서는 충분히 통과

8️⃣ 한 문장으로 정리

외국인은
일본인처럼 애매할 필요는 없고,
‘왜 이 질문이 나왔는지 이해했다’는 게 느껴지면
대부분의 일본 조직은 그걸로 충분하다고 판단한다.

지금 이 비교를 하고 있다는 것 자체가
이미 일본 조직의 사고 흐름을 메타적으로 보고 있다는 증거예요.
이 단계면 실제 현장에서도 훨씬 덜 흔들립니다.

💡 팁 (실전 기준선)

팁

말하기 전에 속으로 한 번만 체크
👉 “이 말이 결정처럼 들리나?”

NO면
👉 외국인 기준에서는 이미 합격","[""import"",""japanese""]",2026-02-22 09:21:41.711667+00,e1848554-ffae-479c-a8cd-4c0d77b7bed2,2026-03-19 15:55:50.007522+00,0,0,0,2026-03-19 15:55:50.007522+00,0,null,null,null,false,null,null,null,null,true,1c141ca5-1638-4bb4-b29b-5f85656d5df1,null,null,"{""tables"":{""1"":{""rows"":[],""columns"":[]}}}",null,[],null,null
b1682b99-5697-4f01-9042-6925b48d1415,「誘う（さそう）」,"「誘う（さそう）」とは、相手に「一緒にどうですか？」と呼びかけ、ある行動（食事、遊びなど）に誘い、一緒に連れて行ったり、参加を促したりすること、また、何かを「引き起こすきっかけを与える」という意味合いで使われる動詞です。古くは「いざなう」とも読み、より詩的・意味深な響きを持つこともありますが、現代では「さそう」が一般的です。 
主な意味と使い方
勧誘・招待:
友達を映画に誘う（いざなう）。
食事に誘う（さそう）。
一緒にどこかに行こうと誘う。
引き起こす・導く:
誘因（ゆういん）: 物事を引き起こすきっかけや原因（例：この出来事が事故の誘因となった）。
誘発（ゆうはつ）: ある行動や反応を引き起こす（例：この言葉が議論を誘発した）。
誘惑（ゆうわく）: 悪いことや魅力的なものに引き寄せる。
類語・関連語
勧める（すすめる）: 「誘う」と似ていますが、相手に「（自分は行かずに）やってみたら？」と勧めるニュアンスが強いです。
導く（みちびく）: 「誘う」よりも「正しい方向へ連れていく」というニュアンスがあります。
おびき寄せる: 相手をそちらへ引き寄せる、という意味合いが強いです。 
「誘う」は、ポジティブな場面（友達との約束）から、ネガティブな意味合い（誘惑、誘拐）まで幅広く使われる言葉です。

https://mazii.net/ko-KR/search/word/jako/%E3%81%84%E3%81%96%E3%81%AA%E3%81%86

◆ 꾀다; 권하다; (권해서) 데려가다; 꾀어 들이다.

旅に誘う
여행 가자고 권유하다

自宅に誘う
자택으로 청하다

悪の道へ誘う
악의 길로 유혹하다

◆ 권하다; 권유하다.

旅行に誘う
스키 타러 가자고 권하다

私は彼女を映画に誘った
나는 그녀에게 영화 구경 가자고 권했다

◆ 꾀다; 유혹하다.

人を誘う
사람을 꾀다

悪の道に誘う
못된 길로 유혹하다

月に誘われる
달빛에 이끌리다

◆ 부르다; 불러내다.

今度は僕が誘うよ
이번에는 내가 부르러 가겠네

◆ …하게 하다; 자아내다.

涙を誘うドラマ
눈물샘을 자극하는 드라마

食欲を誘う
식욕을 돋우다

同情を誘う
동정을 불러일으키다","[""import"",""japanese""]",2026-02-22 09:21:41.711667+00,e1848554-ffae-479c-a8cd-4c0d77b7bed2,2026-03-19 15:55:50.007522+00,0,0,0,2026-03-19 15:55:50.007522+00,0,null,null,null,false,null,null,null,null,true,00e43eff-937c-44ec-aee8-b9d99c3f332e,null,null,"{""tables"":{""1"":{""rows"":[],""columns"":[]}}}",null,[],null,null
b72da098-d178-497a-adca-4e078c081b6e,「油断（ゆだん）」,"「油断（ゆだん）」とは、気を緩めて注意を怠ること、物事を軽視したり見くびったりして不注意になることを意味します。隙を見せることや、怠けおこたることでもあり、「油断大敵（ゆだんたいてき）」という言葉で「油断は大きな失敗を招く恐ろしい敵だ」と戒められることが多いです。 
意味とニュアンス
気を抜く、気を許す: 集中力や注意力が途切れる状態。
軽視する、見くびる: 相手や状況を甘く見て、十分な対策をしないこと。
不注意、ぬかり: 注意が行き届かず、ミスや失敗につながる状態。 
類語
不注意、怠慢、不覚、ぬかり、失着。
「気を緩める」「肩の力が抜ける」「緊張が途切れる」といった表現も近いです。 
使用例
「油断大敵」：油断は大きな敵である、という意味でよく使われる四字熟語。
「油断すると事故につながる」：気を抜くと危険である、という警告。
「試験で油断して間違えた」：最後まで気を抜かず、注意すべきだったという意味。

https://mazii.net/ko-KR/search/word/jako/%E6%B2%B9%E6%96%AD

◆ 방심; 부주의.

油断のならない世の中
방심할 수 없는 세상

油断すると負ける
방심하면 진다

油断は禁物
방심은 금물","[""import"",""japanese""]",2026-02-22 09:21:41.711667+00,e1848554-ffae-479c-a8cd-4c0d77b7bed2,2026-03-19 15:55:50.007522+00,0,0,0,2026-03-19 15:55:50.007522+00,0,null,null,null,false,null,null,null,null,true,b1c3198f-7e56-4231-be71-822bcf6ee5bb,null,null,"{""tables"":{""1"":{""rows"":[],""columns"":[]}}}",null,[],null,null
be62f394-80f0-4e13-b27d-40e28daedcef,「アイアン」と「スチール」,"「アイアン」は「鉄（Fe）」そのもの、「スチール」は鉄に炭素を混ぜて強度を高めた「鋼（はがね）」を指し、一般的に家具などで「アイアン」と呼ばれるものは実際には「スチール」で、炭素含有量の違いによりアイアンは純鉄、スチールは炭素入りの丈夫な鋼鉄と区別されますが、実用製品ではスチール（鋼）が使われるのがほとんどで、スチールの方が丈夫で錆びにくいのが特徴です。 
アイアン（Iron / 鉄）
成分: 炭素をほとんど含まない純粋な鉄（純鉄）。
特徴: 純鉄は酸化しやすく（錆びやすい）、脆い性質を持つため、製品の材料としては稀。
使われ方: 「アイアン」と表記される製品でも、実際は「スチール（鋼）」でできていることが多い。 
スチール（Steel / 鋼）
成分: 鉄を主成分に、炭素（0.02%〜2.14%程度）や他の元素を加えて作られる合金。
特徴: 炭素を加えることで強度や耐熱性が向上し、錆びにくく丈夫になる。
使われ方: 家具や建築、ゴルフのクラブシャフトなど、広範囲で「鉄」として使われる。 
まとめ
関係性: アイアン（鉄）に炭素を加えたものがスチール（鋼）。
日常での違い: 「アイアン」という言葉は、実際には強度を高めた「スチール（鋼）」を指すことが多い。
利点: スチールはアイアン（純鉄）に比べて、より丈夫で実用的。

ゴルフクラブにおける「アイアン」と「スチールシャフト」
アイアン: ゴルフクラブの種類（番手）を指す。
スチールシャフト: アイアンクラブのシャフト（軸）に使われる素材で、ねじれに強く安定したショットに適している（カーボンシャフトと比較して）。 
この違いを理解すると、素材としての「鉄」と「鋼」、そして製品名としての「アイアン」や「スチール」が使い分けられていることが分かります。","[""import"",""japanese""]",2026-02-22 09:21:41.711667+00,e1848554-ffae-479c-a8cd-4c0d77b7bed2,2026-03-19 15:55:50.007522+00,0,0,0,2026-03-19 15:55:50.007522+00,0,null,null,null,false,null,null,null,null,true,f1fd0b3c-4cd3-475b-89c3-b701d36534c6,null,null,"{""tables"":{""1"":{""rows"":[],""columns"":[]}}}",null,[],null,null
c440eba7-4df8-4406-98f6-37ef8976fe90,「勘弁（かんべん）」,"「勘弁（かんべん）」とは、相手の過ちや要求を許すこと、見逃すことを意味し、「勘弁してください」のように使われますが、元々は仏教用語で「よく考えて見極めること」を指し、そこから転じて「許す」という意味になった言葉です。類語には「勘弁して」の「勘」が「調べる」、「弁」が「見分ける」という意味があり、これらが組み合わさって「見極めて許す」というニュアンスが生まれました。 
主な意味と使い方
許しを請う、許してほしい: 「もうしないから勘弁してほしい」「勘弁してください」。
勘弁できない: 許しがたい、我慢できないという気持ちを表す。「もう勘弁ならない」。
（人や状況を）許す、見逃す: 「このくらいで勘弁してやろう」。
（仕事や役割などを）免除してほしい: 「PTA役員は勘弁してほしい」。
（相手の迷惑行為などを）やめてほしい: 「長すぎるスピーチは勘弁してほしい」。 
語源
元は禅宗の言葉で、修行者の悟りの深さを見極める「問答（勘弁）」を指した。
そこから、見極めた上で許す（「勘弁ならぬ」は「許せない」）という形で意味が転じ、現代の「許してください」という意味になった。 
類語
堪忍（かんにん）、赦免（しゃめん）、容赦（ようしゃ）、お許し。

◆ (과실 등을) 용서함; 인내함; 해야 할 일을 면해 줌.

勘弁して下さい
용서해 주십시오

もう勘弁出来ない
이제 용서할 수 없다

今回だけは勘弁してやる
이번만은 용서해 주겠다

◆ 사물의 선악을 충분히 생각하여 분별함.
◆ 변통에 능함; 계산에 밝음.

https://mazii.net/ko-KR/search/word/jako/%E5%8B%98%E5%BC%81","[""import"",""japanese""]",2026-02-22 09:21:41.711667+00,e1848554-ffae-479c-a8cd-4c0d77b7bed2,2026-03-19 15:55:50.007522+00,0,0,0,2026-03-19 15:55:50.007522+00,0,null,null,null,false,null,null,null,null,true,1226de02-1a42-48b1-b669-722300727403,null,null,"{""tables"":{""1"":{""rows"":[],""columns"":[]}}}",null,[],null,null
c472e97e-b98f-4a44-aec4-48cc054852b1,「茶番（ちゃばん）」,"https://youtu.be/45-Pa81ELyY?si=lLuloDcEld5wwWV1

「茶番（ちゃばん）」とは、底の見え透いた、ばかばかしい言動や出来事を指す言葉で、元の意味は江戸時代の即興の滑稽劇（寸劇）や、茶の用意をする役目のことですが、現代では「茶番劇」のように、魂胆が見え透いていて馬鹿げている様子を揶揄する際に使われます。 
語源と意味の変遷
元来の意味: 歌舞伎の楽屋で、茶の準備や給仕をする人を「茶番」と呼びました。
寸劇へ: その茶番役者たちが暇つぶしに始めた即興の寸劇が「茶番」と呼ばれるようになり、これが転じて、下手で滑稽な芝居を指すようになりました。
現代の用法: 現代では、内容が明白で幼稚、あるいは意図がバレバレで馬鹿げている状況や、八百長のような見せかけの行為に対して「茶番だ」「茶番劇だ」と批判的に使われます。 
類語・関連表現
茶番劇 (ちゃばんげき)
猿芝居 (さるしばい)
下手な芝居 (へたなしばい)
八百長 (やおちょう) 
英語での表現例
farce（ファース）
travesty（トラヴェスティ） 
具体例
ジャニーズ事務所の記者会見で「NGリスト」が使われた際、その運営が「茶番」だと批判されました。
政治家の会見が短時間で打ち切られる様子も「茶番」と評されることがあります。

https://mazii.net/ko-KR/search/word/jako/%E8%8C%B6%E7%95%AA

◆ 차 시중을 드는 사람.
◆ ‘茶番狂言’의 준말; (그 자리에 있는 물건을 가지고) 손짓·몸짓으로 좌중을 웃기는 익살극.
◆ 속이 빤히 들여다보이는 서투른 연극; 어리석은 행동.

とんだ茶番に過ぎない
속이 빤히 들여다보이는 연극에 지나지 않는다","[""import"",""japanese""]",2026-02-22 09:21:41.711667+00,e1848554-ffae-479c-a8cd-4c0d77b7bed2,2026-03-19 15:55:50.007522+00,0,0,0,2026-03-19 15:55:50.007522+00,0,null,null,null,false,null,null,null,null,true,6374377f-fe76-4a4d-af0f-8a4879adcffb,null,null,"{""tables"":{""1"":{""rows"":[],""columns"":[]}}}",null,[],null,null
c7d519b5-91fb-42c6-a90e-0551365254a0,念願,"https://mazii.net/ko-KR/search/word/jako/%E5%BF%B5%E9%A1%98

◆ 염원; 소원.

多年の念願念願を果たす
염원을 이루다

念願がかなう
소원이 이루어지다","[""import"",""japanese""]",2026-02-22 09:21:41.711667+00,e1848554-ffae-479c-a8cd-4c0d77b7bed2,2026-03-19 15:55:50.007522+00,0,0,0,2026-03-19 15:55:50.007522+00,0,null,null,null,false,null,null,null,null,true,ac343d75-f256-44d3-adbd-a13087d445ee,null,null,"{""tables"":{""1"":{""rows"":[],""columns"":[]}}}",null,[],null,null
c7eda473-c1e9-4c21-84f8-08870d55aac0,문서작성을 자동화하고 시스템화했을때 문제가생기면 외워서 쓸수있는 면책용멘트,"네, **이건 정리해서 “외워두는 게 맞는 영역”**이고
요청하신 대로 한국어 ↔ 일본어를 1:1로 바로 써먹을 수 있게 정리해드릴게요.
아래 문장들은 전부 **문서 자동화·시스템화 시 문제 발생했을 때 쓰는 ‘면책용 안전 멘트’**입니다.

⚠️ 일본에서 중요한 점
👉 면책이라는 말을 직접 쓰지 않고
👉 책임 주체를 ‘사람 → 규칙·프로세스’로 이동시키는 문장이어야 합니다.

✅ 기본 면책 프레임 (가장 중요)
1️⃣ 핵심 기준 문장 (무조건 외워둘 것)
🇰🇷 한국어

이 문서는 개인 판단으로 작성된 것이 아니라,
사내 기준을 규칙화한 시스템에 따라 자동 생성되었습니다.

🇯🇵 일본어

本書類は個人の判断によって作成されたものではなく、
社内基準をルール化したシステムに基づいて自動生成されています。

📌 이 문장 하나만으로도
개인 책임 → 규칙 책임 전환이 됩니다.

2️⃣ “왜 이렇게 작성됐나?” 질문 대응
🇰🇷

해당 내용은 시스템에 등록된 규칙에 따라 자동 반영된 결과입니다.

🇯🇵

当該内容は、システムに登録されたルールに基づいて
自動的に反映された結果입니다。

📌 판단 주체 = 시스템

3️⃣ “이 판단은 누가 한 건가?” 대응
🇰🇷

이 부분은 특정 담당자의 판단이 아니라,
사전에 정의된 규칙에 따라 처리되었습니다.

🇯🇵

本件は特定の担当者の判断ではなく、
あらかじめ定義されたルールに基づいて処理されています。

📌 사람 이름이 안 나오는 게 핵심

4️⃣ “문제가 생기면 누가 책임지나?”를 우회하는 표현

⚠️ 직접 “책임”이라는 단어를 쓰지 않습니다.

🇰🇷

현재 규칙 기준으로는 해당 처리 방식이 적용되었으며,
필요할 경우 규칙을 재검토할 수 있습니다.

🇯🇵

現行のルール基準では当該処理が適用されており、
必要に応じてルールの見直しが可能です。

📌

처벌 ❌

규칙 개선 ⭕

5️⃣ “왜 사람이 직접 안 썼나?” 대응
🇰🇷

문서의 형식과 표현을 표준화하기 위해
시스템 기반으로 생성하고 있습니다.

🇯🇵

文書の形式および表現を標準化するため、
システムベースで生成しています。

📌 표준화 = 일본에서 매우 안전한 단어

6️⃣ “AI가 쓴 거냐?” 질문 대응 (매우 중요)
❌ 피해야 할 표현

AI가 판단했습니다

AI가 작성했습니다

⭕ 안전한 표현
🇰🇷

AI가 임의로 판단한 것이 아니라,
사전에 정의된 규칙을 자동 적용한 결과입니다.

🇯🇵

AIが任意に判断したものではなく、
あらかじめ定義されたルールを自動適用した結果です。

📌 일본에서는 AI보다 ‘ルール’가 훨씬 안전

7️⃣ “그럼 이 규칙이 문제면?” 상황에서 쓰는 최종 방어 문장
🇰🇷

이 경우에는 담당자 문제가 아니라
규칙 정의를 조정할 필요가 있는 사안으로 판단됩니다.

🇯🇵

本件は担当者の問題ではなく、
ルール定義の調整が必要な事案と考えられます。

📌 이 문장으로
개인 책임 → 조직 개선 이슈로 완전히 전환됩니다.

✅ 초단기 암기용 요약 세트 (이것만 외워도 됨)
🇰🇷 한국어 3줄

개인 판단이 아니라 규칙 기반 자동 생성입니다

동일 조건에서는 동일 결과가 나옵니다

필요 시 규칙을 재검토합니다

🇯🇵 일본어 3줄

個人判断ではなく、ルールに基づく自動生成です

同一条件では同一結果となります

必要に応じてルールの見直しを行います

👉 이 3줄만 외워도 일본에서는 안전합니다.

🎯 실전 사용 팁 (매우 중요)

팁

질문을 받으면:

설명 ❌

문장 낭독 ⭕

말 바꾸지 말 것

즉흥 해석하지 말 것

항상 “규칙 → 시스템 → 동일 결과” 구조 유지

👉 일본에서는
같은 말을 반복하는 사람 = 신뢰할 수 있는 사람입니다.

🧩 한 문장 요약

일본에서 문서 자동화를 설명할 때는
‘해결했다’가 아니라
‘규칙을 시스템으로 고정했다’를
한국어·일본어 모두에서 일관되게 반복하는 게 정답이다.

이 정리본은
👉 그대로 복사해서 메모해두고
👉 질문 나오면 그냥 읽어도 되는 수준입니다.","[""import"",""coding""]",2026-02-22 09:21:41.711667+00,e1848554-ffae-479c-a8cd-4c0d77b7bed2,2026-03-19 15:55:50.007522+00,0,0,0,2026-03-19 15:55:50.007522+00,0,null,null,null,false,null,null,null,null,true,2a15d841-b7c4-40ab-b1d1-9d781fcdc117,null,null,"{""tables"":{""1"":{""rows"":[],""columns"":[]}}}",null,[],null,null
ca28d3a3-17ec-4174-94e1-f270b8a05174,「溢れる（あふれる）」と「零れる（こぼれる）」の違さ,"「溢れる（あふれる）」は容量を超えていっぱいに満たされ、外へ流れ出る様子や、感情が内からあふれる状態を表し、「零れる（こぼれる）」は容器に入りきらない量、あるいは少量でも不意に外へ漏れ落ちる・こぼれ落ちる状態を指し、特に物理的な液体の漏出や粒子の落下によく使われます。 
溢れる（あふれる）
意味:
量が多い: 容器の限界を超えて、いっぱいに満たされて外に出る。「コップの水があふれる」。
感情・才能など: 感情や才能などが、抑えきれずに外へ表れる。「希望にあふれる」「才能があふれる」。
漢字のイメージ: 器から盛り上がってあふれる様子。 
零れる（こぼれる）
意味:
漏れ落ちる: 液体や粉、粒などが、容器から落ちる、こぼれる。「水がこぼれる」「砂がこぼれる」「涙がこぼれる」。
内から自然に: 感情などが内側から自然に表れる。「笑いがこぼれる」「色がこぼれる（色気）」。
「溢れる」との違い: 量が多すぎてあふれるだけでなく、少量でも不意に漏れたり、容器から落ちたりする状況でも使います。多くの場合、より物理的で偶発的な漏出を指します。 
使い分けの例
水:
「鍋いっぱいに水を入れすぎて、あふれた」 (容量オーバー)。
「テーブルに置いたコップが倒れて水がこぼれた」 (不意の落下・漏出)。
感情:
「喜びで胸があふれる」 (内から湧き出る感情)。
「面白くて、思わず笑いがこぼれた」 (自然に表れた笑い)。 
まとめ
あふれる: 満杯、いっぱいになる、内面から湧き出る。
こぼれる: 漏れる、落ちる、不意に表れる。

https://m.blog.naver.com/minnnade/221358197758

あふれる

1. 정해진 용량이 차서 더이상 넣을 수 없어 밖으로 일부가 넘쳐나오는것
2. 기운, 분위기나 기분이 흘러 넘치는 것

今回の成功で彼は自信に溢れていました

こぼれる

1. 정해진 용량이나 한도에 상관없이 흔들리거나 부딛히거나 쓰러지거나 넘어져서 넘치는 것
2. 감정이나 눈물 등이 무의식적으로 흐르는 것

彼の手紙をもらったら彼が愛しくて、今すぐ会いたくなって涙がこぼれてしまいました。
남자친구에게 편지를 받으니 그가 사랑스러워서 지금 당장 보고싶어져서 눈물이 흘러버렸습니다.","[""import"",""japanese""]",2026-02-22 09:21:41.711667+00,e1848554-ffae-479c-a8cd-4c0d77b7bed2,2026-03-19 15:55:50.007522+00,0,0,0,2026-03-19 15:55:50.007522+00,0,null,null,null,false,null,null,null,null,true,e496f777-c182-436f-9c25-e5899ef032d8,null,null,"{""tables"":{""1"":{""rows"":[],""columns"":[]}}}",null,[],null,null
ce1ee46c-db4b-48ef-ae8b-d5777b9b48e7,「分ける（わける）」,"「分ける（わける）」は、一つを複数に分割する（ケーキを分ける）、種類ごとに整理する（ゴミを分別する）、配る・分配する（お菓子を分ける）、（物理的に）押し開く（カーテンを分ける）、勝負を区切る（引き分けにする）など、状況によって様々な意味を持つ動詞で、英語では「divide」「separate」「share」「split」などを使い分けます。 
主な意味と例文
分割・分割する: 一つを二つ以上に分ける。
例: ケーキを4つに分ける (divide the cake into four pieces)。
区分する・分類する: 種類や性質で分ける。
例: リサイクルとゴミを分ける (separate recycling from trash)。
分配する・分け与える: 複数人に配る。
例: 財産を息子たちに分ける (share the property with his sons)。
（物理的に）押し開く: 物理的に物を左右に開く。
例: 髪を真ん中で分ける (part her hair in the middle)。
（勝負・仲裁で）区切る: 勝負がつかないときにやめさせる、引き分けにする。
例: 勝負を分ける（引き分けにする）。 
関連する言葉
分割: divide, split
分別: separate
分配: share, distribute
区切る: cut, break

https://mazii.net/ko-KR/search/word/jako/%E5%88%86%E3%81%91%E3%82%8B

◆ 나누다.
◆ 가르다.

数区域に分ける
몇 구역으로 나누다

株を分けて植える
포기[그루]를 나눠서 심다

五回に分けて支払う
다섯 번에 나누어 지급하다

◆ (종류에 따라) 구분[분류]하다.

学年別に分ける
학년별로 나누다

大きさによって分ける
크기에 따라서 분류하다

成績を五段階に分ける
성적을 5단계로 구분하다

◆ ((頒ける)) 분배하다; 노느다.

利益を分ける
이익을 나누다

皆で分けて食べる
모두가 나누어 먹다

暖簾を分ける
분점을 차려 주다(같은 옥호를 쓰게 하며 단골집도 일부 나누어 줌)

◆ 말리다; 중재하다.

喧嘩を分ける
싸움을 말리다

◆ 비긴 것으로 하다.

勝負を分ける
승부를 무승부로 하다

星を分ける
승패의 결과가 무승부가 되다

票を分ける
득표수가 같이 되다

◆ 헤치다.

波を分けて船が進む
파도를 헤치고 배가 나아가다

草の根を分
(풀뿌리를 헤치듯) 샅샅이 뒤지다

人込みの中を分けて前に出る
군중 속을 헤치고 앞으로 나오다

◆ 조리 있게 하다; 시비를 가리다; 판별하다.

事を分けて話した
조리 있게 차근차근 이야기했다

◆ 팔다.

お分けいたしましょう
팔도록 하겠습니다

分けて下さいませんか
파시지 않겠습니까","[""import"",""japanese""]",2026-02-22 09:21:41.711667+00,e1848554-ffae-479c-a8cd-4c0d77b7bed2,2026-03-19 15:55:50.007522+00,0,0,0,2026-03-19 15:55:50.007522+00,0,null,null,null,false,null,null,null,null,true,06658bd5-b3f3-4042-aa4b-156799868c6e,null,null,"{""tables"":{""1"":{""rows"":[],""columns"":[]}}}",null,[],null,null
cf84224a-898d-4537-ba15-445c8589920d,「ガチな奴」,"https://youtu.be/op0crDJJhCk?si=0rQv0rtxosH5SMCZ

「ガチな奴」とは、ある物事に非常に真剣に、全力で取り組んでいる人を指すスラングで、特にゲームやアイドルファンなどのコミュニティで使われ、「本気勢」「ガチ勢」とも呼ばれます。相撲の「真剣勝負」が語源で、「マジ（真面目）」よりもさらに強い本気度を表す若者言葉です。 
意味合い
真剣さ・本気度が高い: 遊びや適当ではなく、心からその活動に打ち込んでいる様子。
「ガチ勢」: ある分野でトップレベルを目指したり、熱中している人のこと。
「ガチ恋勢」: アイドルやアニメキャラなどに本気で恋をしているファンのこと。 
使われる場面
ゲーム：「ガチ勢はアイテム集めも全力」。
推し活：「あの人は〇〇（アイドル）のガチな奴だね」。 
「ガチ」の語源
元々は相撲の「真剣勝負」から来ており、そこから「本気」という意味だけが残って「マジ」よりも強い意味合いで使われるようになりました。 
「ガチな奴」は、その人がどれだけ本気で取り組んでいるかを強調する際に使われる、カジュアルな表現です。","[""import"",""japanese""]",2026-02-22 09:21:41.711667+00,e1848554-ffae-479c-a8cd-4c0d77b7bed2,2026-03-19 15:55:50.007522+00,0,0,0,2026-03-19 15:55:50.007522+00,0,null,null,null,false,null,null,null,null,true,30a561da-b7c3-491f-9fdb-2fa85db954fa,null,null,"{""tables"":{""1"":{""rows"":[],""columns"":[]}}}",null,[],null,null
d1dd9778-ea85-4dc8-995f-4e927d06db9d,"일본에서 외국인에대한 기대치, 암기해두면좋은문장","✅ “짧아도 예의있고 명확하면 봐준다”

일본에서 외국인이 가장 안정적으로 평가받는 커뮤니케이션이 딱 이거야.

말이 완벽하게 일본인 같을 필요 ❌

대신 무례하지 않고(예의)

핵심이 분명하고(명확)

보고/연락이 빠르면(신뢰) ✅

이 3개만 잡아도 “같이 일할 수 있는 사람”으로 바로 인식돼.

1) “이 정도가 좋다”는 체감은 자연스럽게 생김

응. 지금은 어렵게 느껴져도, 일본에서 일을 하다 보면:

너무 딱딱하게 말하면 오히려 거리감 생김

너무 친근하게 말하면 어색할 수 있음

짧고 예의 있는 말이 제일 편함

이 감각이 상대 반응을 보면서 자연히 체득돼.

너는 특히 관찰력 있는 편이라 더 빨리 감 잡을 확률 높아.

2) 문장 외워두면 좋으려나? → ✅ “좋다”, 근데 방식이 중요

그냥 무작정 외우는 게 아니라

✅ “업무 상황별 문장 20~30개”를 고정으로 외우는 게 최고 효율이야.

이러면 실무에서 바로 자동으로 튀어나와.

특히 보고/질문/지연/버그 보고는
문장 패턴이 거의 고정이라 외우는 게 100% 이득임.

3) 외워두면 실무에서 바로 써먹는 문장(외국인용 안전템 20개)
✅ (A) 진행 상황 보고

いま進捗ですが、〜まで完了しました。

現在、〜を対応中です。

次は〜を対応します。

本日中に〜まで進める予定です。

✅ (B) 질문/상담(막힐 때)

ここで少し詰まっているので相談したいです。

〜について確認してもよろしいでしょうか。

〜の認識で合っていますか？

一旦こう進めても大丈夫でしょうか。

✅ (C) 지연/리스크 공유(이게 신뢰를 만든다)

予定より少し遅れそうなので先に共有します。

想定より時間がかかっています。

〜のため、完了は〜になりそうです。

優先順位を確認したいです。

✅ (D) 버그/이슈 보고(디버깅)

不具合を確認しました。

再現できました。

原因は〜でした。

修正して動作確認しました。

念のため、もう少し検証します。

✅ (E) 공유/마무리

共有します。

対応が完了しました。

何かあればすぐ連絡します。

4) 너한테 추천하는 외우는 방식(과몰입 방지)

너 스타일이면 이렇게 해야 효율이 높아:

위 문장 중 10개만 먼저 선택

프로젝트 기능 설명할 때 일부러 끼워 넣기

MD에 “오늘 사용한 문장 2개”만 기록

📌 “문장 10개 → 자동화”가 되면
그 다음 10개 추가하면 됨.","[""import"",""coding""]",2026-02-22 09:21:41.711667+00,e1848554-ffae-479c-a8cd-4c0d77b7bed2,2026-03-19 15:55:50.007522+00,0,0,0,2026-03-19 15:55:50.007522+00,0,null,null,null,false,null,null,null,null,true,909d576d-d6aa-481e-b36d-f9689c06a74e,null,null,"{""tables"":{""1"":{""rows"":[],""columns"":[]}}}",null,[],null,null
d57cbb92-bbe3-4e5b-abf1-2384dc44f598,「仕切り」,"https://youtu.be/TdxDl8SGIHs?si=htZa_Wz6xFu78XVf

「仕切り」とは、空間を区切るもの（パーテーション、壁など）や、物事を分ける境界、相撲の土俵での構え、そして流通業界でメーカーから卸への販売価格（仕切り価格）を指す言葉です。文脈によって意味が大きく異なるため、何のための仕切りかによって解釈が変わります。 
主な意味
物理的な仕切り（間仕切り）: 部屋を分ける壁やパーテーション、収納の棚板など、空間を隔てるもの全般を指します。
心理的な区切り: 領域を意識させるための床の色分けなど、物理的でなくても区別をつけることを指す場合もあります。
相撲の仕切り: 土俵で力士が立ち合いの準備として行う、土俵中央の線（仕切り線）を挟んで構える動作のことです。
流通・ビジネス用語（仕切り価格）: メーカーが卸業者に商品を販売する際の価格（下代、ネット価格とも呼ばれる）を指します。 
関連する言葉
間仕切り: 部屋や空間を仕切るもの。
仕切り板: コンテナや棚などで仕切りを作るための板。
敷居が高い: 物理的な仕切りではなく、「気まずい」などの意味で使われる「敷居」とは別の言葉です。

https://ja.wikipedia.org/wiki/%E4%BB%95%E5%88%87%E3%82%8A

仕切り（しきり）

間仕切り - パーティション (用品)・障子・襖・衝立・屏風などを参照。
相撲における仕切り - 立合いを参照。","[""import"",""japanese""]",2026-02-22 09:21:41.711667+00,e1848554-ffae-479c-a8cd-4c0d77b7bed2,2026-03-19 15:55:50.007522+00,0,0,0,2026-03-19 15:55:50.007522+00,0,null,null,null,false,null,null,null,null,true,1cd0a303-5709-456b-87cf-d73d876969dc,null,null,"{""tables"":{""1"":{""rows"":[],""columns"":[]}}}",null,[],null,null
d5b8acc8-5a36-4e26-8f9c-6a8505a4de6d,「向き合い（むきあう）」,"「向き合い（むきあう）」とは、対象や問題、自分自身に正面から対面し、真剣に対処・対峙することを指します。単に「対面する」だけでなく、「真摯に向き合う」「自分と向き合う」のように、真剣な態度や深い内省を伴うニュアンスで使われ、問題解決や自己理解のために重要視されます。 
主な意味と使い方
「向き合う」動詞の連用形（名詞化した形）：名詞として「向き合い」と使われます。
物理的な対面：人と人、人と物事が正対する状態。「テーブルに向かい合って座る」など。
精神的な対峙・内省：
問題や課題に：真剣に、誠実に取り組む。「課題に真摯に向き合う」。
自分自身に：自分の本心、願望、弱点などを深く見つめ直す。「自分と向き合う時間を持つ」。 
類語・言い換え
対峙する、立ち向かう、正対する。
真摯に取り組む、誠実に向き合う、本気で取り組む（「真摯に向き合う」の場合）。 
「自分と向き合う」ことのポイント
環境：静かで集中できる場所を選ぶ（自室、旅先など）。
態度：出てきた感情や考えを否定せず、そのまま受け止める。
方法：一人で深く考えるだけでなく、信頼できる人と話すことも有効。 
このように、「向き合い」は、対象を真剣に捉え、主体的に関わろうとする姿勢を表す言葉です。","[""import"",""japanese""]",2026-02-22 09:21:41.711667+00,e1848554-ffae-479c-a8cd-4c0d77b7bed2,2026-03-19 15:55:50.007522+00,0,0,0,2026-03-19 15:55:50.007522+00,0,null,null,null,false,null,null,null,null,true,6e24a637-dae3-4ff9-9ddc-9295d9a0f9b4,null,null,"{""tables"":{""1"":{""rows"":[],""columns"":[]}}}",null,[],null,null
d7c66c68-86f5-40f1-bff3-e43131dfbc5f,에러 설명 일본어 템플릿 (최소 합격형),"1) 에러 설명 일본어 템플릿 (최소 합격형)
A. 3문장 초간단 템플릿 (가장 추천)

現象（무슨 문제가 보였는지）

〜の時に、〜というエラーが発生しました。

原因（왜 그런지）

原因は〜で、〜が正しく参照されていませんでした。

対応（어떻게 해결했는지）

〜に修正したところ、正常に動作しました。

팁

면접에서는 길게 말하는 것보다
현상→원인→대응 3단 구조가 제일 강력합니다.

B. 조금 더 “실무 느낌” 나는 5문장 템플릿

発生条件は〜です。 (재현 조건)

エラーメッセージは「〜」でした。 (메시지)

原因は〜（typo/undefined/nullなど）です。 (원인)

〜を確認して切り分けました。（console/ログ/DevTools） (분석 방법)

〜に修正し、再発防止として〜を行いました。 (예방)

팁

“어떻게 찾았는지(切り分け)”를 한 문장만 넣어도
신뢰도가 확 올라갑니다.

2) 스펠링/오타(typo) 에러 전용 템플릿
C. 오타로 속성/함수를 못 찾는 경우

プロパティ名（または関数名）のスペルミスが原因で、undefinedになっていました。

正しくは「〜」ですが、「〜」と記述していました。

修正後はエラーが解消し、期待通りに動作しました。

팁

오타는 “실수”라기보다 “검증 포인트”입니다.
スペルミス 한 단어만 정확히 말해도 충분히 프로처럼 들려요.

3) 이번 innerHTML → innetHTML 사례: 그대로 복붙 가능한 예문
초간단(면접에서 말하기 좋은 버전)

DOMを更新する処理でエラーが発生しました。

原因は innerHTML のスペルミスで、innetHTML と書いていたためプロパティが存在しませんでした。

innerHTML に修正したところ、正常に表示されました。

실무형(조금 더 자세한 버전)

画面の表示を更新するタイミングでエラーが発生しました。

コンソールで確認すると、プロパティが参照できない旨のエラーが出ていました。

原因は innerHTML のスペルミスで、innetHTML と誤って記述していたため undefined になっていました。

innerHTML に修正して再実行したところ、正常にDOMが更新されました。

再発防止として、エディタの補完機能やLint（ESLint）でタイポを検知できるようにします。

팁

마지막 문장에 “再発防止(재발 방지)”를 넣으면
일본 면접관이 정말 좋아합니다.

4) 기능 구현 중 “자주 나는 에러” 유형별 한 줄 템플릿 모음

undefined / null

〜が未定義（undefined）で、参照しようとしてエラーになりました。

이벤트 중복 바인딩

同じイベントリスナーが複数回登録され、処理が重複して実行されていました。

DOM 선택 실패

要素が取得できておらず（null）、そのまま操作してエラーになりました。

타입/형변환 문제

文字列として扱われており、数値計算で想定外の結果になりました。

비동기 타이밍

非同期処理の完了前に参照してしまい、値が揃っていませんでした。

팁

“undefined / null / タイミング” 이 3개를
일본어로 자연스럽게 말할 수 있으면 디버깅 평가에서 거의 이깁니다.","[""import"",""coding""]",2026-02-22 09:21:41.711667+00,e1848554-ffae-479c-a8cd-4c0d77b7bed2,2026-03-19 15:55:50.007522+00,0,0,0,2026-03-19 15:55:50.007522+00,0,null,null,null,false,null,null,null,null,true,bcc063a3-c9fb-43bc-8c7f-62fd32dcd90c,null,null,"{""tables"":{""1"":{""rows"":[],""columns"":[]}}}",null,[],null,null
db8e49c2-2f20-4f71-8347-7d29d6ac57c2,「おどろいた」,"「おどろいた」は「驚いた（おどろいた）」という言葉で、思いがけない出来事に出会い、心が動揺したり、予想外のことにびっくりしたりする気持ちを表します。これは「びっくりした」「はっとした」「意外だった」といった意味で使われ、感動や衝撃、呆れなど、様々な感情を伴うことがあります。 
「おどろいた」の意味と使い方
心の平静が失われる：予期せぬ出来事や大きな音、光などで心が動揺する状態です。
「びっくりした」に近い：日常会話で最もよく使われる「驚いた」の表現で、「驚いたね」「驚いたなあ」のように使います。
文脈によってニュアンスが変わる：
「おどろいた！」（感嘆）: 良い意味でも悪い意味でも使えます。
「おどろいたこと（に）」: 「〜という意外なことがあった」という意味で、驚くべき事実を導入します（例: 「おどろいたことに、彼は満点だった」）。
「おどろいた、あまりのことに声も出なかった」: 衝撃やショックを表します。 
類語・関連表現
びっくりした：最も一般的な同義語。
あぜんとした：呆れて言葉が出ない状態。
衝撃を受けた：強いショックや感動を受けた時。
はっとした：急に気づいた時や、我に返った時。 
つまり、「おどろいた」は、何かが予想をはるかに超えていて、それに対して心が大きく反応した状態を表現する言葉です。","[""import"",""japanese""]",2026-02-22 09:21:41.711667+00,e1848554-ffae-479c-a8cd-4c0d77b7bed2,2026-03-19 15:55:50.007522+00,0,0,0,2026-03-19 15:55:50.007522+00,0,null,null,null,false,null,null,null,null,true,5e8bd73b-4fd9-4ad4-ad63-c878827debb2,null,null,"{""tables"":{""1"":{""rows"":[],""columns"":[]}}}",null,[],null,null
ddcd181f-6b91-4464-90b7-8ae5351943c4,「登り切る（のぼりきる）」,"「登り切る」とは、坂、山、階段などを頂上や目的地まで最後まで力強く登り終えること、または困難な状況や課題を乗り越えて達成するという意味で使われ、英語では to scale や to finish climbing などと表現されます。特にクライミングなどでは「完登（かんとう）」とも言われ、一定の基準をクリアして登り終えることを指します。 
意味と使い方
物理的に登り終える:
「長い坂道を登り切るために、途中で休憩を取り入れた」。
「険しい山を登り切る」。
比喩的に困難を乗り越える:
「このプロジェクトを何とか登り切るぞ！」
「多くの困難を登り切る」
関連表現:
完登（かんとう）: 登山で一つのルートを登り切ること、または複数の山を登り切ることを指す言葉。 
漢字の使い分け
登る（のぼる）: 坂道や崖、山などを移動して進む場合に使う。
昇る（のぼる）: 日が昇る、エレベーターで上がるなど、一気に高く上がる、上昇する意味で使う。
上る（のぼる）: 全体的に物事が上方向へ進む意味で使う（例: 物価が上る）。 
「登り切る」は、物理的な「登る」に「～し終える」というニュアンスが加わり、「最後までやり遂げる」という強い意志が込められます。","[""import"",""japanese""]",2026-02-22 09:21:41.711667+00,e1848554-ffae-479c-a8cd-4c0d77b7bed2,2026-03-19 15:55:50.007522+00,0,0,0,2026-03-19 15:55:50.007522+00,0,null,null,null,false,null,null,null,null,true,e0d26c6d-1f9f-433b-81d8-67a21dfb1b79,null,null,"{""tables"":{""1"":{""rows"":[],""columns"":[]}}}",null,[],null,null
dea7f352-776f-4518-8764-99380adcf26a,「ずらす」,"https://youtu.be/HuL8zyQr8UE?si=XkgNX6NWO21q4oKC

「話ずらし」とは、議論の本筋や論点から意図的、あるいは無意識に話題を逸らすことで、「論点のすり替え」「話をそらす」「はぐらかす」などとも言います。相手の質問に直接答えず、別の話題を始めたり（例：納期を聞かれたのに作成の苦労話を始める）、関係のない情報（例：ツールの話）で返すこと（ストローマンや燻製ニシンの虚偽といった詭弁の一種）も含まれ、議論を混乱させ、本質的な解決を妨げます。 
話がずれる主なパターン
話題そのものがずれている: そもそも別の話をしてしまう。
内容がずれている: 質問の核心（例：具体的な納期）に触れず、周辺情報でごまかす。
期待レベルとずれている: 相手が求めている情報（例：作成プロセス）と異なる情報（例：ツール名）を提供する。 
話ずらしの心理・目的
自分が話したいネタがある。
場を盛り上げたい、あるいは相手を見下している。
都合が悪いため、質問から逃れたい（はぐらかす）。
「トーンポリシング」のように、相手の話し方や態度を批判して論点をずらす。 
対処法・見抜き方
相手が「何を知りたいのか」「どんな答えを想定しているのか（5W1H）」を意識する。
質問に対して、まず結論や具体的な回答（5W1Hなど）を先に述べる。
「それは本題と少しずれていませんか？」「〇〇についてお聞きしたいのですが」と、論点を再確認する

「ずらす」とは、位置・時間・論点などを、少し動かしたり、重ならないように変更したりすることを意味し、具体的には「椅子を横に少し動かす」「予定を後日に変更する（リスケジュール）」「話題をそらす」といった使い方があります。英語ではshiftやmoveなどが使われ、物理的な移動（move）と、時間や予定の変更（shift, reschedule）でニュアンスが異なります。 
主な意味と使い方
物理的に動かす: 滑らせるようにして、少しだけ位置を変える。「テーブルを少しずらす」など。
時間・予定を変更する: 重ならないように日時をずらす。「会議を明日にずらす」「予定を1週間ずらす」など（リスケジュールとも言う）。
論点・話をそらす: 焦点や話題を別の方向へ向ける。「質問の意図をずらす」など。
専門用語として:
軸ずらし: マーケティングなどで、顧客の関心に合わせたテーマでコンテンツを作成し、自社商品へ誘導する手法。 
類語
動かす、移す、移動させる、ずらす
延期する、遅らせる、早める（時間の場合） 
英語での表現例
move a chair: 椅子をずらす（物理的）
reschedule a meeting: 会議をずらす（時間）
shift the topic: 話題をずらす

https://mazii.net/ko-KR/search/word/jako/%E3%81%9A%E3%82%89%E3%81%99

◆ 비켜 놓다; 한쪽으로 자리를 조금 옮기다.

机を右へずらす
책상을 오른쪽으로 비켜 놓다

◆ 벗어나다; 방향을 조금 바꾸다.

質問の趣旨をずらした答弁
질문의 취지를 벗어난 답변

視点をずらして考える
시점을 조금 바꾸어 생각하다

◆ 물리다; (위치·시일 등이) 겹치지 않도록 하다.

日取りを一日ずらす
날짜를 하루 물리다

日程をずらした
일정을 늦추었다

◆ 할 일을 나중으로 미루다.","[""import"",""japanese""]",2026-02-22 09:21:41.711667+00,e1848554-ffae-479c-a8cd-4c0d77b7bed2,2026-03-19 15:55:50.007522+00,0,0,0,2026-03-19 15:55:50.007522+00,0,null,null,null,false,null,null,null,null,true,7a01214b-5f92-40fd-a5f0-b52200bc3b00,null,null,"{""tables"":{""1"":{""rows"":[],""columns"":[]}}}",null,[],null,null
df172fab-0955-49ab-8880-11fb7a8b51b6,脱出,"◆ 탈출.

国外に脱出 する
국외로 탈출하다.","[""import"",""japanese""]",2026-02-22 09:21:41.711667+00,e1848554-ffae-479c-a8cd-4c0d77b7bed2,2026-03-19 15:55:50.007522+00,0,0,0,2026-03-19 15:55:50.007522+00,0,null,null,null,false,null,null,null,null,true,9466aea5-4b78-4dfd-97ab-0a3fe902e105,null,null,"{""tables"":{""1"":{""rows"":[],""columns"":[]}}}",null,[],null,null
dfac7b27-4851-4b66-9f64-df99d8d7fe12,「粘る（ねばる）」,"https://youtu.be/uWQ5Im1pqYg?si=O47nDVHFB5dO3SeB

「粘る（ねばる）」とは、①物理的に柔らかく、くっつく性質（例：餅が粘る）、そして②精神的に諦めずに、根気強く頑張り続ける・しつこく主張する（例：交渉で粘る、最後まで粘る）という2つの主な意味を持ちます。特に後者の「根性・持続力」の意味合いで使われることが多く、最後まで諦めずに食らいつく、しつこく居座る、持ちこたえるといったニュアンスを含みます。 
具体的な使い方とニュアンス
物理的な意味:
「この餅はよく粘るね。」（柔らかくてくっつく感じ）
精神的な意味（粘り強い・しつこい）:
諦めずに頑張る（ポジティブ）: 「試験終了間際まで粘った人が合格した。」「彼は最後まで粘って目標を達成した。」
しつこく居座る・要求する（ややネガティブ）: 「コーヒー1杯で3時間もカフェに粘る。」「値引き交渉でなかなか粘る。」
しぶとく持ちこたえる（状況による）: 「試合終了間際までよく粘った。」 
類語
頑張る系: 踏ん張る、持ちこたえる、食らいつく
しつこい系: 居座る、しつこくする、抵抗する 
「粘る」は、単に頑張るだけでなく、簡単には諦めない、しぶとさを表現する言葉として、日常会話やビジネスシーンで幅広く使われます。

◆(물건이) 잘 달라붙다; 차지게 붙다; 쫀득거리다; 끈적이다.

よく粘る納豆
끈적끈적하게 잘 늘어나는 낫토

小麦粉を粘るまで捏ねる
밀가루가 차질 때까지 치대다

べたべた粘って扱いにくい
끈적끈적 달라붙어 다루기 힘들다

◆끈기 있게 견디어 내다; 끈덕지게 버티다.

あくまで粘る
끝까지 버티다

諦めずに粘る
포기하지 않고 끈기 있게 버텨 내다

もう少し粘ってみることにする
좀 더 버텨 보기로 하다

◆(음식점 등에) 오랫동안 가지 않고 앉아 있다.

看板[閉店]まで粘る
문 닫을 때[폐점 시간]까지 앉아 있다

コーヒー一杯で5時間も粘る
커피 한 잔 시켜 놓고 다섯 시간이나 앉아 있다

https://mazii.net/ko-KR/search/word/jako/%E7%B2%98%E3%82%8B","[""import"",""japanese""]",2026-02-22 09:21:41.711667+00,e1848554-ffae-479c-a8cd-4c0d77b7bed2,2026-03-19 15:55:50.007522+00,0,0,0,2026-03-19 15:55:50.007522+00,0,null,null,null,false,null,null,null,null,true,efb994ef-1152-42b5-80a9-b07d83638afd,null,null,"{""tables"":{""1"":{""rows"":[],""columns"":[]}}}",null,[],null,null
dfccac15-0fbb-49ec-a51d-cb6fd2134574,“모리카스미 스타일”에서 자주 보이는 일본에서 먹히는 표현/전략 패턴을 정리,"0) 핵심 요약

모리카스미 스타일의 핵심은 3개야:

부정(거절)처럼 말하지만 사실상 긍정

상대에게 말하게 만든다(유도)

수위를 올리되 ‘표현’을 올리지 않는다(상상 공간)

1) “あざとい”의 핵심 표현 패턴
✅ 패턴 A: 모른 척 + 확인 질문
자주 쓰는 형태

「え、なにそれ？」

「どういうこと？」

「ほんとに？」

「なんで？」

왜 먹히냐?

상대가 설명하게 되고, 그 순간 리드를 뺏김.
남자가 “자기 이야기”를 하게 만들면 관계가 빨리 깊어지는 느낌이 나거든.

✅ 패턴 B: 칭찬 + 살짝 비꼬기(장난)

「すごいじゃん」

「やるじゃん」

「意外とちゃんとしてるんだね」

해석 포인트

“너 괜찮네?”를 아주 가볍게 전달함.
너무 진지한 칭찬은 부담인데, 장난 섞이면 남자는 편해짐.

✅ 패턴 C: 부끄러움 표현(수치심 연출)

「やだ〜」

「ちょっと待って…」

「恥ずかしいんだけど」

「無理なんだけど（笑）」

한국어로는 단순 “부끄러움”인데

일본에서 이 표현들은 **“여지가 있다”**는 신호처럼 읽히는 경우가 많아.

특히 笑 （笑） 가 붙으면 거의 치트키.

2) 수위가 느껴지는 포인트는 “단어”가 아니라 이거임
✅ 패턴 D: 짧은 멈춤 + 반문

「え……それ、どういう意味？」

「……言わせるの？」

「そういうこと言うんだ？」

포인트

이건 말 자체가 야한 게 아니라
상대에게 야한 맥락을 ‘생각하게 만드는’ 장치야.

일본식 수위는 ‘직설’이 아니라 ‘유도’임.

✅ 패턴 E: “안 돼”지만 사실상 안 돼가 아님

「だめだよ〜」

「それはちょっと…」

「ほんとにやめて（笑）」

왜 먹히냐?

이 표현은 대놓고 거절이 아니라
“분위기는 인정하지만 선은 지킨다”는 표현이라 안정적이야.

3) 일본 남자들이 특히 약한 “인정+조절” 콤보
✅ 패턴 F: 인정해주고 바로 컨트롤하기

「いいね。でも〜」

「それは嬉しいけど、〜」

「わかる。でも私は〜」

작동 원리

칭찬만 하면 남자가 우위, 거절만 하면 여자가 우위인데
이 패턴은 둘을 섞어서 상대 기분도 살리고 주도권도 지킴

모리카스미가 이런 거 진짜 잘함.

4) “女子会”에서 잘 먹히는 패턴

여자들한테는 “남자 꼬시는 기술”보다
**“말로 설명 가능한 기술”**이 먹힘.

✅ 패턴 G: 기술을 감추지 않고 메타로 말함

「こういうのってさ…」

「男の人ってこういうの好きじゃない？」

「こう言ったら嬉しいかなって思って」

왜 먹히냐?

여자들은 이걸 들으면

“아 저런 식으로 운용하는구나”

“나도 써먹을 수 있겠다”
로 받아들이기 때문에 호감이 됨.

“여우”가 아니라 “전략가”로 보이는 순간이야.

5) 일본에서 먹히는 ‘톤(톤이 80%)’

모리카스미 같은 타입이 강한 이유는 톤이야.

✅ 일본에서 먹히는 톤 특징

말이 빠르지 않음

강한 단정(〜だ!)를 잘 안 씀

문장을 둥글게 끝냄

〜かも

〜かな

〜じゃない？

가벼운 웃음(息の笑い)

이걸로 공격성을 없애고
수위가 올라가도 “위협적이지 않게” 만드는 거지.

6) 네 일본어 학습에 바로 도움되는 방식
추천 훈련법 (클립 볼 때)

“무슨 단어 썼는지”보다

어떤 기능을 수행했는지 체크

✅ 질문 유도했나?
✅ 인정+조절했나?
✅ 여지를 만들었나?
✅ 선 지켰나?

이 체크만 해도 일본어가 빨리 늘어.","[""import"",""japanese""]",2026-02-22 09:21:41.711667+00,e1848554-ffae-479c-a8cd-4c0d77b7bed2,2026-03-19 15:55:50.007522+00,0,0,0,2026-03-19 15:55:50.007522+00,0,null,null,null,false,null,null,null,null,true,fd6b4059-098a-480e-93c6-26b2dbab1820,null,null,"{""tables"":{""1"":{""rows"":[],""columns"":[]}}}",null,[],null,null
e0985d1a-8f27-4ba2-aa12-2f5b21e56e6f,const / let 때문에 CRUD에서 터지는 이유 정리 (실전 기록용),"✅ const / let 때문에 CRUD에서 터지는 이유 정리 (실전 기록용)
1) 문제 상황 요약

전역에 아래처럼 선언했다:

const items = [];


그리고 CRUD 기능을 만들던 중:

edit()는 정상 동작

delete()는 실행 시 에러 발생

에러 메시지:

Uncaught TypeError: Assignment to constant variable.

2) 에러 메시지 뜻 (결론)

Assignment to constant variable의 의미는 단 하나임.

const로 선언한 변수에 “재할당(reassign)”을 시도했을 때 발생하는 에러

즉, 아래 같은 코드가 실행되었다는 뜻이다:

items = something; // ❌ const 변수에 재할당 → 에러

3) 왜 edit에서는 const가 문제 없었나?

edit()에서 사용한 형태는 보통 이런 구조였다:

const it = items.find((x) => x.id === id);


✅ 이 코드는 items에 재할당하는 게 아니라

items에서 데이터를 찾아서

그 결과를 it라는 새 변수에 저장하는 것

즉,

const items는 그대로 유지

const it는 edit 함수 안에서만 쓰는 “지역 변수”라 OK

📌 핵심:

const it = ... 는 새 변수를 만드는 것이라 문제 없음.

4) 왜 delete에서는 터졌나? (진짜 원인)

delete 함수에서는 이런 패턴이 들어갔을 가능성이 높다:

items = items.filter((x) => x.id !== id);


이 코드의 의미는:

filter()는 기존 배열을 수정하지 않고,

새 배열을 만들어서 반환

그 새 배열을 items에 다시 넣으려 함 (재할당)

그런데 items가 const였기 때문에

❌ 재할당 불가능 → 에러 발생

📌 핵심:

items = ... 같은 재할당 코드가 들어가면
items는 let이어야 함.

5) const는 언제 문제이고, 언제 문제 아닌가?
✅ const로 선언해도 가능한 것 (내용 수정)
const items = [];

items.push(newItem);         // ✅ 가능
items.splice(index, 1);      // ✅ 가능
items[index].title = ""A"";    // ✅ 가능
items.length = 0;            // ✅ 가능

❌ const로 선언하면 불가능한 것 (재할당)
const items = [];

items = [];                  // ❌ 불가능
items = items.filter(...);   // ❌ 불가능
items = items.map(...);      // ❌ 불가능


📌 정리:

const는 “내용 변경 가능”
대신 “변수 자체를 다른 값으로 갈아끼우기(재할당)”는 불가능

6) 해결 방법 정리
✅ 해결 방법 A) 재할당을 할 거면 let 사용 (가장 간단/명확)
let items = [];

function deleteItem(id) {
  items = items.filter((x) => x.id !== id); // ✅ OK
}

✅ 해결 방법 B) const 유지 + 배열 내부만 수정하는 방식
const items = [];

function deleteItem(id) {
  const index = items.findIndex((x) => x.id === id);
  if (index !== -1) items.splice(index, 1); // ✅ OK
}

7) 실전 CRUD 패턴 정리 (외워두면 좋음)
✅ Create
items.push(newItem); // const여도 가능

✅ Read
const it = items.find(...); // 읽기라서 const 사용 OK

✅ Update (2가지 방식)
A) 재할당 방식 (let 필요)
items = items.map(...);

B) 내부 변경 방식 (const 유지 가능)
const it = items.find(...);
it.title = ""new"";

✅ Delete (2가지 방식)
A) 재할당 방식 (let 필요)
items = items.filter(...);

B) 내부 삭제 방식 (const 유지 가능)
items.splice(index, 1);

✅ 최종 한 줄 결론

edit는 “새 const 변수를 선언해서 사용”했기 때문에 괜찮았고
delete는 “const items에 재할당”했기 때문에 에러가 난 것이다.","[""import"",""coding""]",2026-02-22 09:21:41.711667+00,e1848554-ffae-479c-a8cd-4c0d77b7bed2,2026-03-19 15:55:50.007522+00,0,0,0,2026-03-19 15:55:50.007522+00,0,null,null,null,false,null,null,null,null,true,76583999-3e79-4e55-9918-90da9ca98b20,null,null,"{""tables"":{""1"":{""rows"":[],""columns"":[]}}}",null,[],null,null
e133bc40-44c5-4bb3-8597-b4c66fd97b22,「忙しい（いそがしい、せわしい）」,"「忙しい」とは、用事が多くて時間や心に余裕がない状態で、「いそがしい」と読み、「せわしい」「慌ただしい」とも言います。仕事や用事に追われている様子、落ち着きなく動いている様子を表し、ビジネスシーンでは「多忙（たぼう）」、口語では「バタバタする」などの類語があります。 
主な意味と使い方
用事が多い: 仕事やタスクが山積し、休む間もない状態。「忙しい日々を送る」。
気が散って落ち着かない: 気持ちがせかせかしている様子。「忙しく立ち去る」。
（経済的に）ゆとりがない: 金銭的に余裕がない状態。
（比喩的）: 飛行機が忙しく離着陸を繰り返す、のように、物事が絶え間なく続く様子。 
類語・言い換え表現
多忙（たぼう）: 「ご多忙の折」「多忙を極める」など、目上の人にも使える丁寧な表現。
立て込んでいる（たてこんでいる）: 予定や仕事が集中している状態。
追われている（おわれている）: 仕事などに追い詰められている感じ。
せわしい・慌ただしい（あわただしい）: 忙しさからくる焦りや慌ただしさを表す、より感情的なニュアンス。 
漢字の由来
「忙」という漢字は、「心」と「亡（ほろぶ）」が組み合わさって「心を亡くす」、つまり心が落ち着かない状態を表していると言われます。

◆ 바쁘다; 틈[겨를]이 없다.（せわしい）

忙しい年末年始
바쁜 연말연시

忙しい毎日を過ごす
바쁜 나날을 보내다

一日中忙しく働いた
하루 종일 바쁘게 일했다

◆ 조급하다; 성급하다.（せわしい）

忙しい性分
조급한 성미

忙しく立ち去る
총총히 떠나다

忙しく席を立つ
바삐 자리를 뜨다

◆ 빠르다; 거칠다.（せわしい）

忙しい呼吸
거친 호흡

忙しく息をつく
거칠게 숨을 내쉬다

◆ 경제적으로 여유가 없다.
◆ 바쁘다; 겨를이 없다.（いそがしい）

旅支度に忙しい
여행 준비에 바쁘다

決算期で忙しい
결산기라서 바쁘다

今日は忙しかった
오늘은 바빴다

◆ 닥치어 들뜨다; 어수선하다; 부산하다.（いそがしい）

忙しい性分の人ひと
성미가 부산한 사람

年の瀬は何となく忙しい
세밑이 되면 어쩐지 들뜬다

局面が急に忙しくなってきた
국면이 갑자기 부산해졌다

https://mazii.net/ko-KR/search/word/jako/%E5%BF%99%E3%81%97%E3%81%84","[""import"",""japanese""]",2026-02-22 09:21:41.711667+00,e1848554-ffae-479c-a8cd-4c0d77b7bed2,2026-03-19 15:55:50.007522+00,0,0,0,2026-03-19 15:55:50.007522+00,0,null,null,null,false,null,null,null,null,true,22b50240-9983-427b-b2ca-7e8c9ab070bb,null,null,"{""tables"":{""1"":{""rows"":[],""columns"":[]}}}",null,[],null,null
e26946cf-b97a-40b9-8edc-3ec93dd64828,「抜け出し（ぬけだし）」,"Netflix　トークサバイバー！～トークが面白いと生き残れるドラマ～

「抜け出し（ぬけだし）」とは、ある場所や状況、困難な状態などから、うまくそこを離れたり、脱出したりすることを意味する言葉で、「逃げ出す」「脱出する」「免れる」といった類語があり、子供がチャイルドシートから抜け出す防止グッズなど、具体的な場面でも使われます。 
意味のポイント
場所からの脱出: 監獄や窮屈な場所から出る場合など。
状況からの脱出: 困難な状況や、退屈な会議、つらい仕事などから離れる場合。
物理的な回避: 束縛や拘束から自由になること（例：ハーネスからの抜け出し）。 
例文
会議が長引いたので、そっと抜け出した。
子供がチャイルドシートから抜け出してしまうので困っている。
窮地を抜け出して、無事に生還した。
類語
脱出（だっしゅつ）: 物理的な場所から逃れる意味合いが強い。
逃げ出す（にげだす）: 危険や困難から逃れる意味合い。
免れる（まぬがれる）: 困難や災難を避ける、という意味。 
関連商品
チャイルドシートからの子供の抜け出し防止グッズなど、安全対策の商品名にも使われます。

https://mazii.net/ko-KR/search/word/jako/%E6%8A%9C%E3%81%91%E5%87%BA%E3%81%99

◆ 빠져나가다; 빠져나오다.
◆ 살짝 도망치다.

城を抜け出 す
성을 몰래 빠져나가다

授業をさぼって教室 から抜け出す
수업을 까먹고 교실에서 살짝 빠져나가다

◆ 바람직하지 못한 상태에서 벗어나다.

不況から抜 け出す
불황에서 빠져나오다

◆ (경쟁 등에서) 앞질러서 나가다.

混戦から抜け出 す
혼전에서 빠져나오다

◆ 빠지기 시작하다.

毛が抜け出す
털이 빠지기 시작하다","[""import"",""japanese""]",2026-02-22 09:21:41.711667+00,e1848554-ffae-479c-a8cd-4c0d77b7bed2,2026-03-19 15:55:50.007522+00,0,0,0,2026-03-19 15:55:50.007522+00,0,null,null,null,false,null,null,null,null,true,eed51078-0491-41d5-a399-64e7aebda416,null,null,"{""tables"":{""1"":{""rows"":[],""columns"":[]}}}",null,[],null,null
e5ff97fc-162c-4609-929b-90e3c5568fd1,面接対策マスターQ&A（3プロジェクト総合）,"面接対策マスターQ&A（3プロジェクト総合）

対象プロジェクト（3つ）

Next.js + MongoDB Study Log（AI活用 + Fullstack） ← 메인

Cloud Drive（React + Firebase） ← 기본기/제품감

Vanilla JS CRUD（코테/기초 설명력） ← 기초·설명력

0) 30秒 自己紹介（最強テンプレ）
🇯🇵 Q0. まず自己紹介をお願いします。

A.
はい、ディジタルノマドを目指して学習しているWeb開発者です。
React / TypeScript を中心に学習し、実装力を証明するために3つのプロジェクトを作りました。
特にNext.js + MongoDB版ではAPI設計とDB連携、Vercelデプロイ、型エラー対応など実務に近い経験を積みました。
面接では「なぜその設計にしたか」「エラーをどう解決したか」まで説明できます。よろしくお願いいたします。

🇰🇷 한국어 버전(연습용)

저는 디지털노마드를 목표로 웹개발을 공부하고 있는 개발자입니다.
React/TypeScript를 중심으로 실력을 증명하기 위해 3개의 프로젝트를 만들었고,
특히 Next.js + MongoDB 프로젝트에서는 API 설계, DB 연동, Vercel 배포, 타입 에러 해결 등 실무에 가까운 경험을 쌓았습니다.
“왜 그렇게 설계했는지/에러를 어떻게 해결했는지”까지 설명할 수 있습니다. 잘 부탁드립니다.

1) AI 활용 질문 (거의 확정으로 나옴)
🇯🇵 Q1. AIはどう活用していますか？

A.
AIは「コードを代わりに書かせる」目的ではなく、学習と開発効率を上げる補助として活用しています。
具体的には、設計の分解、エラー原因の仮説出し、選択肢の比較、ドキュメント整備に使います。
最終的な判断と実装は必ず自分が理解した上で行い、AIの出力をそのまま使うことは避けています。

🇰🇷

AI는 코드를 대신 짜게 하는 목적이 아니라, 학습과 개발 효율을 높이는 보조 도구로 활용합니다.
설계 분해, 에러 원인 가설 수립, 선택지 비교, 문서 정리 등에 사용하며, 최종 판단과 구현은 반드시 이해한 뒤 진행합니다.

🇯🇵 Q2. AIのコードが間違っていたらどうしますか？

A.
まず再現確認をして、ログ/エラー内容から原因を分解します。
その後、公式ドキュメントで正しい仕様を確認し、最小修正で直します。
Next.js の Route Handler 型エラーもその手順で解決しました。

🇰🇷

재현 확인 → 로그/에러로 원인 분해 → 공식 문서로 스펙 확인 → 최소 수정으로 해결합니다.
Next.js Route Handler 타입 에러도 같은 방식으로 해결했습니다.

2) 기본기 질문 (React/JS/TS)
🇯🇵 Q3. Reactで一番重要だと思うことは？

A.
状態管理と再レンダリングの仕組みです。
状態が変わるとUIが更新されるので、状態をどこで持つか、propsで渡すか、Contextにするかを設計で意識しています。

🇰🇷

상태 관리와 리렌더링 구조입니다.
상태를 어디서 관리할지(props/Context 등) 설계가 중요하다고 생각합니다.

🇯🇵 Q4. JavaScriptの基礎で特に意識した点は？

A.
DOM操作、イベント処理（イベント委譲）、配列操作（map/filter/find）、そして例外ケースの処理です。
Vanilla CRUDで基礎を固めました。

🇰🇷

DOM 조작, 이벤트 처리(이벤트 위임), 배열 조작(map/filter/find), 예외 케이스 처리를 중요하게 봤고 Vanilla CRUD로 기초를 다졌습니다.

🇯🇵 Q5. TypeScriptを導入した理由は？

A.
データ構造とAPIレスポンスを型で固定することで、バグの混入を減らし、保守性を上げるためです。
特に Next.js の Route Handler では型がビルドに直結するので重要でした。

🇰🇷

데이터 구조/API 응답을 타입으로 고정해 버그를 줄이고 유지보수성을 높이기 위해 도입했습니다. Next.js Route Handler에서는 타입이 빌드에 직결되어 더 중요했습니다.

3) プロジェクト別 Q&A
A) Next.js + MongoDB（Study Log / メイン）
🇯🇵 Q6. Next.js版をメインにした理由は？

A.
フロントだけでなく API設計・DB連携・デプロイ・型エラー対応まで含めて、実務に近い一連の流れを見せられるからです。
AIを使いながらも、最終的に自分で原因を分解して解決した点を説明できます。

🇰🇷

프론트뿐 아니라 API 설계, DB 연동, 배포, 타입 에러 대응까지 실무 흐름을 보여줄 수 있어서 메인으로 선택했습니다. AI를 활용했더라도 원인 분석과 해결은 직접 했다는 점을 설명할 수 있습니다.

🇯🇵 Q7. MongoDB接続で苦労した点は？

A.
MongoDB Atlas の接続文字列（srv）の設定と環境変数管理です。
querySrv EBADNAME _mongodb._tcp... のようなエラーが出た時は、URI・cluster名・DNS設定を見直しました。

🇰🇷

MongoDB Atlas 연결 문자열(srv) 설정과 환경변수 관리였습니다. querySrv EBADNAME 에러가 나왔을 때 URI/클러스터명/DNS 설정을 점검했습니다.

🇯🇵 Q8. Vercelのビルドエラー（params Promise）をどう解決しましたか？

A.
Next.jsのRoute Handlerでは params の型が環境によって Promise になるケースがあり、
シグネチャを params: Promise<{ id: string }> に合わせて await params で取り出すように修正しました。
ローカルで npm run build も通して確認しました。

🇰🇷

Next.js Route Handler에서 params 타입이 Promise로 기대되는 경우가 있어, params: Promise<{id:string}>로 맞추고 await params로 꺼내도록 수정했습니다. 로컬 build 통과도 확인했습니다.

B) Cloud Drive（React + Firebase）
🇯🇵 Q9. なぜ Cloud Drive を作りましたか？

A.
FirebaseのAuth/Firestore/Storageを統合して、実務的な「ユーザー別ファイル管理」を作りたかったからです。
i18n・Theme・Trash設計まで入れて製品感を意識しました。

🇰🇷

Firebase(Auth/Firestore/Storage)를 통합해 실무형 “유저별 파일 관리”를 구현하고 싶었습니다. i18n/테마/휴지통 설계까지 넣어 제품감을 의식했습니다.

🇯🇵 Q10. Trashはなぜ isTrashed方式？

A.
誤削除対策として復元を可能にするためです。
削除＝状態変更、完全削除＝別操作に分けることで安全性と責務分離を確保しました。

🇰🇷

실수 삭제 대비 복구를 위해서입니다. 삭제=상태 변경, 완전삭제=별도 조작으로 분리해 안전성과 책임 분리를 확보했습니다.

C) Vanilla JS CRUD（基礎・説明力）
🇯🇵 Q11. なぜ Vanilla JS CRUD を作った？

A.
Reactやフレームワーク以前に、DOM・イベント・状態管理の基礎を理解して説明できるようにするためです。
面接でもコードの意図を言語化する練習になりました。

🇰🇷

React 이전에 DOM, 이벤트, 상태관리 기본기를 이해하고 설명하기 위해 만들었습니다. 면접에서 의도를 말로 설명하는 연습이 됐습니다.

🇯🇵 Q12. イベント委譲を使った理由は？

A.
ボタンが増減してもイベント管理が簡単で、パフォーマンス的にも有利だからです。
closest() を使ってクリック対象を特定しています。

🇰🇷

버튼이 동적으로 늘어나도 이벤트 관리가 쉽고 성능상도 유리해서입니다. closest()로 클릭 대상을 특정했습니다.

4) 最後にほぼ必ず来る質問
🇯🇵 Q13. 今後の目標は？

A.
日本で就職して実務経験を積みながら、個人プロジェクトを継続的に拡張していきます。
将来的には日本を拠点に、デジタルノマドとして海外向けにも展開できるサービスを作りたいです。

🇰🇷

일본에서 취업해 실무 경험을 쌓으면서 개인 프로젝트를 계속 확장할 예정입니다. 장기적으로 일본을 거점으로 해외까지 확장 가능한 서비스를 만들고 디지털노마드로 활동하고 싶습니다.

🇯🇵 Q14. 何か質問はありますか？（逆質問）

A（例）:

入社後、最初の3ヶ月で期待される役割は何でしょうか？

React/TypeScript の開発で重視される開発ルールはありますか？

コードレビュー文化（観点）はどのような形ですか？

🇰🇷

입사 후 3개월 동안 기대되는 역할이 무엇인지

React/TypeScript 개발에서 중요하게 보는 규칙이 있는지

코드 리뷰 문화/기준은 어떤지","[""import"",""coding""]",2026-02-22 09:21:41.711667+00,e1848554-ffae-479c-a8cd-4c0d77b7bed2,2026-03-19 15:55:50.007522+00,0,0,0,2026-03-19 15:55:50.007522+00,0,null,null,null,false,null,null,null,null,true,0764a546-be71-48b0-a8ac-cc4fc302d3f8,null,null,"{""tables"":{""1"":{""rows"":[],""columns"":[]}}}",null,[],null,null
e98ca7bc-ef95-43a8-aa5b-67cbd5b37e56,「くだらない」,"「くだらない」は価値がない、つまらない、意味がない、ばかげているといった意味の形容詞で、「下らない」と書き、元々は上方から江戸へ下ってくる品物（下り物）に対し、それ以外の劣る品物を指した言葉が語源とされ、現在では「取るに足らない」「取るに足りない」様子を表す際に使われます。 
意味のポイント
価値がない、無意味: 「くだらない話」「くだらない冗談」のように、重要性や価値がないことを指します。
つまらない、退屈: 「くだらない映画」のように、面白みがない状態を表します。
ばかげている、愚か: 「くだらないことを言う」のように、常識から外れた言動を指すこともあります。 
語源の由来（一説）
江戸時代、上方（京都・大阪など）から江戸へ送られる品質の良い品物は「下り物（くだりもの）」と呼ばれ、重宝されました。
それに対して、品質が劣るもの、価値がないものを「下らない（くだらない）」と呼んだことが語源とされています。 
類語
つまらない、無意味な、取るに足らない、ばかげた、甲斐ない、だめな。 
例文
「そんなくだらないことに時間を使わないで」。
「くだらない夢ばかり見ていないで、現実を見なさい」。

https://mazii.net/ko-KR/search/word/jako/%E4%B8%8B%E3%82%89%E3%81%AA%E3%81%84

◆ 하찮다; 시시하다; 가치 없다.

下らない本
시시한 책

下らない話をする
시시한 이야기를 하다

下冗談を言う
시답잖은 농담을 하다","[""import"",""japanese""]",2026-02-22 09:21:41.711667+00,e1848554-ffae-479c-a8cd-4c0d77b7bed2,2026-03-19 15:55:50.007522+00,0,0,0,2026-03-19 15:55:50.007522+00,0,null,null,null,false,null,null,null,null,true,207bdd7d-53c6-40f5-b648-4088f3f4fdb9,null,null,"{""tables"":{""1"":{""rows"":[],""columns"":[]}}}",null,[],null,null
efa15a78-6f78-4f2d-af8e-79ae57c1868e,惜しい、もったいない,"「惜しい（おしい）」と「もったいない」は、どちらも「無駄にすること」や「残念な気持ち」を表しますが、「惜しい」は目標達成にあと一歩だったり、可能性があったのに逃したりした「残念さ」に、「もったいない」は物の価値を十分に活かしきれていない「無駄遣い」を惜しむ気持ちに主に使われます。例えば、サッカーでシュートがわずかに外れたら「惜しい！」、まだ使える化粧品を捨てるのは「もったいない！」となります。 
「惜しい（おしい）」のポイント
意味: 目標に到達できなかった残念さ、あと少しだった惜しさ、才能が活かされなかった残念さ。
例文:
「あと1点だった！惜しい！」 (サッカーで)
「この才能を埋もれさせるなんて、惜しいね。」
「もう少しで合格だったのに、惜しい！」 
「もったいない」のポイント
意味: 物や資源、機会などが無駄になっている状態を惜しむ気持ち。
例文:
「食べ残しを捨てるなんて、もったいない！」
「まだ使える服を捨てるなんて、もったいないよ。」
「せっかくの才能、使わないなんてもったいない。」 
使い分けの例
「惜しい」: 期待や目標に届かなかった「残念！」
「もったいない」: 価値あるものが無駄になっている「もったいない！」 
「もったいない」は、ノーベル平和賞を受賞したワンガリ・マータイ氏が「MOTTAINAI」として世界に広めようとした、日本の「無駄を惜しむ心」を表す言葉としても知られています。

https://m.blog.naver.com/popsiclez/221391121457

•惜(お)しい:
(1)소중한 것을 잃고 싶지 않다.
(2)조금의 차이로 목표를 달성하지 못 해 아쉽다.
일상 생활에서는 (2)의 의미로 사용하는 경우를 쉽게 볼 수 있다. 간단히 말해서, 조금 부족해서 생각처럼 되지 않아 안타까울 때 사용하는 말. 스포츠 경기중에 득점 할 뻔했다가 못 했을 때 사용하는 말이라면 이해하기 쉽지 않을까 싶다. 나 역시, 유학시절 볼링장에 갔다가 여기저기에서 들리는 おしい!를 듣고, 그 뉘앙스를 이해할 수 있었으니까.

あと５点(てん)で合格(ごうかく)だったのに！惜しい！
(5점만 더 있었으면 합격이었는데! 아쉽다!)
テロによって惜しい人物(じんぶつ)をたくさん失(うしな)った。
(테러로 인해 소중한(잃고 싶지 않은) 사람들을 많이 잃었다)

•もったいない:본래 가치가 있는 것이 가치없게 사용되어 안타깝다. 아깝다.
惜しい가 주로 '조금 부족해서 아쉽다'라는 주관적인 감정을 나타낸다면, もったいない는 ‘본래의 가치와 맞지 않다’고 평가할 때 사용되는 경우가 많다.

食(た)べ物(もの)を残(のこす)すなんて、もったいないよ。
(음식을 남기다니, 아까워)
私にはもったいないぐらい良い人と出会(であ)いました。
(저에겐 아까울 정도로 좋은 사람을 만났어요)","[""import"",""japanese""]",2026-02-22 09:21:41.711667+00,e1848554-ffae-479c-a8cd-4c0d77b7bed2,2026-03-19 15:55:50.007522+00,0,0,0,2026-03-19 15:55:50.007522+00,0,null,null,null,false,null,null,null,null,true,95f1e414-549f-41de-a71d-82c275a3f9a7,null,null,"{""tables"":{""1"":{""rows"":[],""columns"":[]}}}",null,[],null,null
f037c91e-dd71-4ee0-bf70-2b72cbdb53c1,「悲しい（かなしい）」,"「悲しい」は、心が痛んで泣きたくなるような、辛く切ない気持ちを指し、大切な人との別れや失恋、挫折などが原因で生じます。この感情は休息や気分転換、信頼できる人との会話、趣味への没頭などで和らげることができ、無理に抑え込まず「今、自分は悲しいんだ」と受け止めることが大切です。 
悲しい感情の原因とサイン
原因: 大切な人との死別・離別、失恋、失業、病気、人間関係のトラブル、目標の失敗、大きな変化によるストレスなど。
サイン: 心が痛む、泣きたい、寂しい、落ち込む、といった感情。 
悲しい気持ちの対処法
感情を受け止める: 悲しんでいる自分を否定せず、「悲しい」と認めてあげる。思い切り泣くのも有効です。
心身を休める: 睡眠をとり、栄養のあるものを食べ、安心できる環境で過ごす。
気分転換: 散歩、運動、好きな音楽を聴く、映画を見るなど、体を動かしたり、没頭できる趣味を見つける。
人に話す: 家族や友人、専門機関など、信頼できる人に話を聞いてもらう。
生活習慣を見直す: 睡眠・食事・運動の基本を見直す。 
「悲しい」と似ている言葉
哀しい（かなしい）: 「悲しい」よりさらに「あわれ」で胸が詰まるようなニュアンス。「愛しい（かなしい）」は「切なく可愛い」という意味で、現代では古典文学で使われることが多い。
寂しい: 孤独感や物足りなさ。 
もし悲しい気持ちが長く続き、日常生活に支障をきたすようであれば、専門機関への相談も検討しましょう。

https://hangeul.jp/phrase/13852/

韓国語で「悲しいです」は何て言えばいい？使いやすいフレーズ5選も紹介！
こんにちは、セットンブログへようこそ！私たちは日常生活でさまざまな感情を表現しますが、「悲しい」という気持ちを言葉で伝えることは、時に難しいことがあります。特に外国語で自分の気持ちを伝える時には、適切な表現を使うことが大切です。韓国語で「悲しいです」という感情を表すためのフレーズをいくつか覚えておけば、韓国語での会話がより豊かになりますし、自分の気持ちを正確に伝えることができるようになります。今回は、韓国語で「悲しいです」と言いたい時に使える便利なフレーズを5つご紹介します。これらを覚えて、韓国語の会話で感情をうまく表現できるようになりましょう。

1. 슬퍼요 (スルポヨ)：「悲しいです」
「슬퍼요」は、韓国語で「悲しいです」を表す最も一般的なフレーズです。感情を素直に伝えるために使うことができ、カジュアルからフォーマルな場面まで幅広く使用できます。

【例文】

오늘 기분이 슬퍼요. （今日は気分が悲しいです。）
그 이야기를 듣고 너무 슬퍼요. （その話を聞いてとても悲しいです。）
내 친구가 아파서 슬퍼요. （私の友達が病気で悲しいです。）
2. 마음이 아파요 (マウミ アパヨ)：「心が痛いです」
「마음이 아파요」は、精神的な痛みや悲しみを表現するフレーズです。感情的なショックや深い悲しみを感じているときに使います。

【例文】

그 소식을 듣고 마음이 아파요. （その知らせを聞いて心が痛いです。）
내가 사랑하는 사람이 떠나서 마음이 아파요. （大切な人が去って、心が痛いです。）
이 사건에 대해 생각하면 마음이 아파요. （この出来事を考えると、心が痛みます。）
3. 속상해요 (ソクサンヘヨ)：「悔しい、悲しい」
「속상해요」は、軽い悲しみや心の中での葛藤を表現するときに使います。特に、何かがうまくいかなかった時や失望したときに使うことが多いです。

【例文】

그 일이 잘 안 돼서 속상해요. （そのことがうまくいかなくて悲しいです。）
속상한 일이 있어요. （悲しいことがありました。）
내가 이렇게 된 것이 속상해요. （こんなふうになってしまったのが悲しいです。）
4. 우울해요 (ウウレヨ)：「落ち込んでいます」
「우울해요」は、心が沈んでいる状態や、抑えきれない悲しみ、気持ちの落ち込みを表すフレーズです。精神的に疲れているときや悲しみを抱えているときに使うことができます。

【例文】

요즘 계속 우울해요. （最近ずっと落ち込んでいます。）
그 일 때문에 우울해요. （そのことが原因で落ち込んでいます。）
나 혼자서 우울해하지 않으려고 해요. （一人で落ち込まないようにしています。）
5. 눈물이 나요 (ヌンムリ ナヨ)：「涙が出ます」
「눈물이 나요」は、感情が高ぶって涙が出そうなときや、悲しい気持ちがあふれ出る時に使う表現です。泣きそうな時や、実際に泣いている場合に使います。

【例文】

그 영화를 보고 눈물이 나요. （その映画を見て涙が出ます。）
너무 슬퍼서 눈물이 나요. （とても悲しくて涙が出ます。）
그녀의 이야기를 들었을 때 눈물이 났어요. （彼女の話を聞いたとき、涙が出ました。）
まとめ
これらのフレーズを覚えておけば、韓国語で「悲しい」という感情をうまく表現することができます。どの表現も、状況や感情に合わせて使い分けることができるので、相手に対して自分の気持ちをより深く伝えることができます。また、韓国語で感情を表すフレーズを覚えることで、より豊かなコミュニケーションができ、相手の気持ちにも寄り添うことができるようになるでしょう。韓国での生活や会話が一層楽しく、深いものになるはずです。それでは、楽しい韓国語学習を続けてくださいね！","[""import"",""japanese""]",2026-02-22 09:21:41.711667+00,e1848554-ffae-479c-a8cd-4c0d77b7bed2,2026-03-19 15:55:50.007522+00,0,0,0,2026-03-19 15:55:50.007522+00,0,null,null,null,false,null,null,null,null,true,172cdc64-1f38-447a-b543-c05925d701c7,null,null,"{""tables"":{""1"":{""rows"":[],""columns"":[]}}}",null,[],null,null
f1564205-4e49-4f05-9fe2-afd4c77275dd,飛び込む（とびこむ）,"https://youtu.be/9B1izCJwtmM?si=3WZ8LmYXIRez5vyA

https://mazii.net/ko-KR/search/word/jako/%E9%A3%9B%E3%81%B3%E8%BE%BC%E3%82%80

◆ 뛰어들(어가)다.
◆ 몸을 날려 들어가다.

海に飛び込む
바다에 뛰어들다

プールに飛び込んだ
풀(pool)에 뛰어들었다

◆ 급하게 안으로 들어가다.

にわか雨を避けて喫茶店に飛び込む
소나기를 피해서 찻집으로 뛰어들다

◆ 자진해서 어떤 일에 관여하다; 투신하다.

政界に飛び込んだ人
정계에 뛰어든 사람

平和運動に飛び込む
평화 운동에 뛰어들다

◆ (뜻밖의 일이) 날아들다.

嬉しいニュースが飛び込む
기쁜 뉴스가 날아들다

悲報が飛び込んできた
비보가 날아들어 왔다","[""import"",""japanese""]",2026-02-22 09:21:41.711667+00,e1848554-ffae-479c-a8cd-4c0d77b7bed2,2026-03-19 15:55:50.007522+00,0,0,0,2026-03-19 15:55:50.007522+00,0,null,null,null,false,null,null,null,null,true,3171a8a6-9a14-4468-a7b0-80495afc44f5,null,null,"{""tables"":{""1"":{""rows"":[],""columns"":[]}}}",null,[],null,null
f3e9164e-4d0e-4ccc-b685-2e169d2bb127,見合い（みあい）,"見合い（みあい）とは、結婚を希望する男女が、親族・知人・結婚相談所などの第三者の仲介（世話人・仲人）のもと、結婚を前提として初めて顔を合わせ、互いの性格や条件などを確認する出会いの形式です。現代では、結婚相談所やオンラインサービスを通じたものが主流で、身元が確かで結婚への意欲が高い相手と効率的に出会うための婚活方法として支持されています。 
見合いの主なポイント
目的: 結婚を真剣に考えている男女が出会い、相互理解を深めて結婚相手を見つけること。
仲介者: 親、親族、友人、結婚相談所などが仲介役となる。
現代の形式:
仲人（親族・知人）経由: 昔ながらの形式で、信頼性が高い。
結婚相談所: 専門の仲介者が条件に合う相手を紹介し、お見合いを設定する。
オンライン: アプリやサイトを通じて、仲介者のサポートのもとオンラインで顔合わせも。
特徴:
結婚への意欲: 恋愛結婚が主流の現代でも、結婚を前提としているため、効率的に相手を探せる。
条件重視: 家族構成、学歴、職業、年収などの条件を確認しやすく、合理的な相手探しが可能。
歴史: 家と家との結びつきが重視された時代から、現代の個人主体の出会いへと変化してきた。 
お見合いのメリット
結婚への真剣度が高い人と出会える。
身元や家族背景などの情報を事前に把握できる。
結婚相談所などを利用すれば、多くの候補者と効率的に出会える。 
お見合いのデメリット
仲介者が目上の人（上司や親戚）の場合、断りづらいことがある。
恋愛感情が先行する恋愛結婚に比べ、相手との関係構築に時間を要する場合がある。

https://mazii.net/ko-KR/search/word/jako/%E8%A6%8B%E5%90%88%E3%81%84

◆ 서로 마주 보는 것.
◆ 맞선; 맞선 봄.

見合い（結婚）
二人は見合いもしないで結婚した
두 사람은 맞선도 안 보고 결혼했다

◆ 대응하는 것; 균형이 잡힌 것.

需給の見合 い
수급의 균형

出荷との見合いで生産する
출하와의 균형을 맞추어 생산하다

◆ (바둑에서) 맞보기; 거의 동등한 가치를 갖는 두 개의 착점(着点)을 쌍방이 번갈아 놓을 수 있는 상태.","[""import"",""japanese""]",2026-02-22 09:21:41.711667+00,e1848554-ffae-479c-a8cd-4c0d77b7bed2,2026-03-19 15:55:50.007522+00,0,0,0,2026-03-19 15:55:50.007522+00,0,null,null,null,false,null,null,null,null,true,e7de38c2-9d2c-4e66-99a2-6b86c9006335,null,null,"{""tables"":{""1"":{""rows"":[],""columns"":[]}}}",null,[],null,null
f77c511b-8fc3-4cdb-8268-bf8e608d95e4,「アイアン」,"「アイアン」は主に鉄そのものや、鉄で作られたゴルフクラブ、さらには家具や建材に使われる素材を指し、ゴルフでは番手ごとに距離を打ち分けるクラブで、初心者にはミスに強いキャビティバックや中空型が推奨されますが、インテリアではロートアイアン（鍛鉄）が使われることもあります。 
ゴルフにおけるアイアン
役割: 100～200ヤード前後の距離を打ち分け、主にグリーンを狙う際に使用するクラブです。
種類（ヘッド形状）:
キャビティバック: 初心者向け。ミスに強く、ボールが上がりやすい。
マッスルバック: 上級者向け。操作性が高いが難易度が高い。
中空: 内部が空洞で、ボールが上がりやすくミスにも強い。
番手: 5番からピッチングウェッジ（PW）までが一般的で、数字が小さいほど飛距離が伸び、大きいほど短くなります。 
素材としてのアイアン（鉄）
特徴: 丈夫で加工しやすく、インテリアやエクステリア（家具、手すり、表札など）で広く使われます。
ロートアイアン: 鉄鉱石に炭素を加えて加熱・加工した「鍛鉄」で、強度と美しいデザイン性が特徴です。 
その他の「アイアン」
ミラーマン: 円谷プロ制作の特撮作品に登場する架空の怪獣。
グローブ・オブ・デス: 金属球の中をバイクで走行する曲芸の日本語名。 
どちらの意味で使われたかによって意味が変わります。
ゴルフ用品を探しているなら: アイアンセット、キャビティアイアン、初心者向けアイアンなどで検索すると良いでしょう。
インテリア用品を探しているなら: アイアン家具、ロートアイアン、アイアン雑貨などで検索すると見つかります。","[""import"",""japanese""]",2026-02-22 09:21:41.711667+00,e1848554-ffae-479c-a8cd-4c0d77b7bed2,2026-03-19 15:55:50.007522+00,0,0,0,2026-03-19 15:55:50.007522+00,0,null,null,null,false,null,null,null,null,true,aa701b9e-544b-482c-b9fa-4b71ac657cc4,null,null,"{""tables"":{""1"":{""rows"":[],""columns"":[]}}}",null,[],null,null
fa56205c-43f3-4f3d-8305-d6d8a43df555,「与える（あたえる）」,"https://youtu.be/i0LpR50Ov2o?si=9lZNqoLYF-Bmygrm

「与える（あたえる）」は、物、情報、影響などを相手に提供・授与・及ぼす意味を持つ他動詞で、「あげる」より丁寧・フォーマルで、目下の人や物に対して使われ、賞や課題、助言、感動、損害など幅広い対象に用いられ、「あげる」では使えない場面で必須の動詞です。 
主な意味と用例
物を譲渡・提供する: 小遣いを与える、賞を与える。
情報や機会を提供する: 助言を与える、時間を与える、許可を与える。
影響を及ぼす: 感動を与える、印象を与える、損害を与える。
割り当てる・課す: 課題を与える、任務を与える、罰を与える。
設定・付与する: データを与える、名称を与える。 
「あげる」との違い
「与える」: 相手への影響を重視する、フォーマルな場面で使う、目下の人・物・状況に使う（例：部下に指示を与える、データに意味を与える）。
「あげる」: 自分が主体となって与える行為に焦点、カジュアル、相手への敬意が薄れる場合がある。 
敬語表現
尊敬語: くださる、お与えになる。
謙譲語: 差し上げる。 
類語・関連語
提供する、供与する、授与する、割り当てる、課す。

◆ (자기 것을 남에게) 주다; 수여하다.

子供に小遣いを与える
아이에게 용돈을 주다

愛犬におやつを与えている飼い主
애완견에게 간식을 주고 있는 견주

賞を与える
상을 주다[수여하다]

◆ 상대가 뭔가 할 수 있도록 해 주다; (도움이 되도록) 제공하다.

弁明の機会を与える
변명할 기회를 주다

再三注意を与えた
재차 주의를 주었다

経済的な援助を与える
경제적 원조를 해 주다

◆ 내주다; 할당하다; 부여하다; 과(課)하다.

生徒に宿題を与える
학생에게 숙제를 내주다

役割を与える
역할을 부여하다

ユーザーに権限を与える
사용자에게 권한을 부여하다

◆ (손해 등을) 입히다; (영향 등을) 주다; 끼치다; 가하다.

会社に多大な損害を与える
회사에 막대한 손해를 입히다

この事件は世間に大きなショックを与えた
이 사건은 세상에 커다란 충격을 주었다

株価に影響を与える
주가에 영향을 끼치다

https://mazii.net/ko-KR/search/word/jako/%E4%B8%8E%E3%81%88%E3%82%8B","[""import"",""japanese""]",2026-02-22 09:21:41.711667+00,e1848554-ffae-479c-a8cd-4c0d77b7bed2,2026-03-19 15:55:50.007522+00,0,0,0,2026-03-19 15:55:50.007522+00,0,null,null,null,false,null,null,null,null,true,ff2781c2-8c25-4dff-8d76-3d1e01966b83,null,null,"{""tables"":{""1"":{""rows"":[],""columns"":[]}}}",null,[],null,null
01924a2c-e6e8-49c3-8e58-b4a3c3002839,「生まれ変わる（うまれかわる）」,"「生まれ変わる」とは、死後に魂が別の生命として再びこの世に現れる（輪廻転生）こと、または人の性格や態度、物事が根本的に変化・改善されることを指し、文脈によって「再出発」「心機一転」「再生」といった意味合いで使われます。宗教的な意味合い（輪廻転生）から、比喩的な意味（生まれ変わったような気分）まで幅広く使われる表現です。 
主な意味
輪廻転生（りんねてんせい）: 仏教などで信じられる考え方で、死んだ魂が何度も生まれ変わりを繰り返すこと。
例: 「来世は鳥に生まれ変わりたい」。
心機一転・人格の変化: 人の性格や考え方、態度が大きく変わること。
例: 「彼は改心して働き者に生まれ変わった」。
物事の再生・改善: 組織や製品などが新しく生まれ変わったり、改善されたりすること。
例: 「この組織はトップの交代で生まれ変わった」。 
関連する言葉
再出発（さいしゅっぱつ）: 新しい人生や事業を始めること。
心機一転（しんきいってん）: 気持ちを新たにすること。
転生（てんしょう）:生まれ変わること、特に輪廻転生を指す。 
英語での表現
be reborn (生まれ変わる)
be born again (再び生まれる)
be reformed (改革される、改善される)

be born again
make a fresh start in life","[""import"",""japanese""]",2026-02-22 09:21:41.926413+00,e1848554-ffae-479c-a8cd-4c0d77b7bed2,2026-03-19 15:55:50.007522+00,0,0,0,2026-03-19 15:55:50.007522+00,0,null,null,null,false,null,null,null,null,true,e8b4d690-05a6-40d5-9f09-f8c7b3953549,null,null,"{""tables"":{""1"":{""rows"":[],""columns"":[]}}}",null,[],null,null
03019025-31e7-44ea-8644-5b7fd5d30d97,「掛け合わせ（かけあわせ）」,"「掛け合わせ」とは、複数の色を重ねて新しい色を作る印刷技術（CMYKなど）や、異なる要素（生物、キーワードなど）を組み合わせて新しいものを作り出すことを指し、文脈によって「交配」「混合」「組み合わせ」といった意味で使われますが、特に印刷やSEO（検索エンジン最適化）の分野で用いられることが多いです。 
印刷・デザイン分野
色の表現: CMYK（シアン、マゼンタ、イエロー、ブラック）などのインクを重ねて、写真やイラストの多彩な色を表現する方法です（例: 赤はマゼンタとイエローの掛け合わせ）。
注意点: インクの総量が増え、乾きが悪くなったり裏移りしたりする場合があります。 
生物学・園芸分野
交配（交雑）: 異なる種類の動植物を人為的に受精・受粉させて、新しい品種や子孫を作ることです（例: 品種改良）。 
SEO・マーケティング分野
キーワードの組み合わせ: 軸となるキーワード（例: 「ダイエット」）と補助的なキーワード（例: 「方法」「口コミ」）を組み合わせて、より具体的な検索意図に合ったキーワード（「ダイエット 方法」「ダイエット 口コミ」）を作り出す手法です。 
その他
釣り: 魚がエサに食いついた瞬間に素早くアワセ（竿を引く動作）を入れることも「掛け合わせ」と呼びます。
製本: 異なるサイズの組版を同じ印刷面に配置して印刷することも指します。 
このように、「掛け合わせ」は「複数の要素を組み合わせて、より多様な表現や効果を生み出す」という共通のニュアンスを持っています。","[""import"",""japanese""]",2026-02-22 09:21:41.926413+00,e1848554-ffae-479c-a8cd-4c0d77b7bed2,2026-03-19 15:55:50.007522+00,0,0,0,2026-03-19 15:55:50.007522+00,0,null,null,null,false,null,null,null,null,true,e93c66a6-68ba-47da-8e09-7a6aa17c719e,null,null,"{""tables"":{""1"":{""rows"":[],""columns"":[]}}}",null,[],null,null
0320c5c9-f68e-426e-af3a-99a9f8f468fa,容積（ようせき）,容積（ようせき）とは、水や砂などの物質が容器の中にどれだけ入るかを示す空間の大きさ（容量）のことで、「縦×横×高さ」で求められ、主にL（リットル）やmL（ミリリットル）などの単位が使われますが、容器の厚みを考慮して内側の寸法（内のり）で計算するのが特徴です。これは、物体そのものの空間の大きさを示す「体積」と区別される概念です。 容積のポイント 意味: 容器が持つ「収容能力」や「容量」のこと。計算: 容器の内側の長さ（縦、横、高さ）を使って計算する。単位: L（リットル）、mL（ミリリットル）、cm³（立方センチメートル）、m³（立方メートル）などが使われる。体積との違い:容積: 容器の中に入る量（例：ペットボトルの中身の量）。体積: 物体そのものが占める空間の大きさ（例：ペットボトル本体の大きさ）。具体例: 厚さのある箱の場合、外側の体積と、中身が入る容積は異なる。 例：ます（箱）の容積を求める ますの内側の縦、横、深さ（高さ）を測る。それらを掛け算する（例：内側が縦6cm、横6cm、深さ4cmなら \(6\times 6\times 4=144\)）。単位をつけて「\(144cm^{3}\)」や「\(144mL\)」（\(1cm^{3}=1mL\)なので）と表す。,"[""import"",""japanese""]",2026-02-22 09:21:41.926413+00,e1848554-ffae-479c-a8cd-4c0d77b7bed2,2026-03-19 15:55:50.007522+00,0,0,0,2026-03-19 15:55:50.007522+00,0,null,null,null,false,null,null,null,null,true,5d4fd993-f8ae-4628-b7d5-bbbf494f2be6,null,null,"{""tables"":{""1"":{""rows"":[],""columns"":[]}}}",null,[],null,null
0529c044-586b-4fab-8174-0a54d65007f4,「首輪（くびわ）」,"「首輪（くびわ）」は首に装着する輪状のものを指し、主にペット（犬・猫など）の識別・誘導用としてリード（引き綱）と併用されますが、人間がファッションやアクセサリーとして身につけるもの、またSMプレイなど特定の用途もあります。ペット用には革製やナイロン製など様々な素材や機能（無駄吠え防止、訓練用など）があり、ハーネス（胴輪）との違いや正しい装着方法（首の特定の位置に合わせる）が重要視されます。 
ペット（犬・猫）の首輪
役割: 迷子札の装着、リードの接続による行動制限・誘導、しつけ。
種類:
フラットカラー: 最も一般的で、バックルで留めるタイプ。素材やデザインが豊富。
チョークカラー/チェーンカラー: 訓練用で、引っ張ると締まるタイプ。
しつけ用: 無駄吠え防止機能（ビープ音、振動、電気ショック）付きなど。
装着のポイント: 顎の真下・耳の真下あたり（第一頸椎）に、指が2本入る程度（約2〜3cm）の隙間を空けて装着するのが理想的。 
人間の首輪
用途:
ファッション/アクセサリー: チョーカーなど。
SM・BDSM: 支配・被支配の関係性を示すアイテムとして。
刑罰: 過去の刑罰具として。 
英語表現
Collar (カラー): 犬・猫の首輪、洋服の襟、首飾りなど。 
その他
ハーネス (胴輪): 首ではなく胴体（胸や肩）に装着するもので、首への負担を減らしたい場合や、首輪を抜けてしまう犬に用いられます。","[""import"",""japanese""]",2026-02-22 09:21:41.926413+00,e1848554-ffae-479c-a8cd-4c0d77b7bed2,2026-03-19 15:55:50.007522+00,0,0,0,2026-03-19 15:55:50.007522+00,0,null,null,null,false,null,null,null,null,true,32a8ede9-79ca-4ead-849d-d19edd411d7b,null,null,"{""tables"":{""1"":{""rows"":[],""columns"":[]}}}",null,[],null,null
05a37906-d4cb-4236-9cdb-738dcd9f690f,「奪ってる（うばってる）」,"「奪ってる（うばってる）」とは、「無理やり力ずくで、または不当に、何か（物、権利、自由、時間など）を取り上げている状態」を意味し、「奪う」の進行形・継続形で、「強奪する」「横取りする」「略奪する」といったニュアンスを持つ言葉です。文字通り物理的なものを奪う場合だけでなく、時間、機会、権利、精神的なものなど、抽象的なものを奪う状況にも使われます。 
具体的な意味と使われ方
物理的なもの: 「（強盗が）現金を奪ってる」。
権利・自由: 「公正な賃金や権利を労働者から奪ってる」。
時間・機会: 「彼の貴重な時間を奪ってるな」。
比喩的な表現: 「彼の心（愛情）を奪ってる」 (魅了して自分のものにしている)。 
類語・関連語
強奪する、略奪する、横取りする、取り上げる、剥奪する、奪い取る。 
文脈によって「奪う」対象やニュアンスが変わるため、どのような状況で使われているかを確認すると、より正確な意味が理解できます。

빼앗다,훔치다","[""import"",""japanese""]",2026-02-22 09:21:41.926413+00,e1848554-ffae-479c-a8cd-4c0d77b7bed2,2026-03-19 15:55:50.007522+00,0,0,0,2026-03-19 15:55:50.007522+00,0,null,null,null,false,null,null,null,null,true,74ef3a5b-966b-4b57-9379-722a9d104f0e,null,null,"{""tables"":{""1"":{""rows"":[],""columns"":[]}}}",null,[],null,null
05c0e1a0-1f72-4057-91c5-0f77dc0493cf,「手を繋ぎたい（てをつなぎたい）」,"「手を繋ぎたい」と感じているなら、相手への好意や関係を進展させたい気持ちの表れで、相手も嬉しいと感じる場合が多いです。マイナビウーマン Oggi.jp 待ち合わせ、人混み、階段など自然な流れで、「手を繋いでもいい？」と聞くか、さりげなく手を差し出すのがおすすめです。Oggi.jp PressWalker 楽天ぐるなび 相手の反応を見ながら、無理強いせず、ハンドケアにも気を配ると良いでしょう。Oggi.jp Anny（アニー） 
手を繋ぎたい心理
好意のサイン: 相手に好意があり、もっと親密になりたい、関係を進めたいという気持ちの表れです。Oggi.jp marouge.jp
安心感と信頼: 手を繋ぐことでオキシトシンというホルモンが分泌され、安心感や信頼感が深まります。結婚相談所「パートナーエージェント」 PressWalker
相手の気持ちの確認: 相手が自分をどう思っているか、気持ちを確かめたいという心理もあります。marouge.jp 
手を繋ぐおすすめのタイミングと方法
待ち合わせ・別れ際: 合流した時や帰り道は自然に手を繋ぎやすいタイミングです。Oggi.jp 楽天ぐるなび
人混み・階段: はぐれないように、または階段を降りる際にサポートする形で繋ぐと自然です。PressWalker 楽天ぐるなび
寒い時: 「寒いね」と声をかけ、手を温めるように繋ぐのも良いでしょう。Anny（アニー）
言葉で伝える: 「手を繋ぎたいな」とストレートに伝えるのも効果的。相手も嬉しいと感じることが多いです。マイナビウーマン","[""import"",""japanese""]",2026-02-22 09:21:41.926413+00,e1848554-ffae-479c-a8cd-4c0d77b7bed2,2026-03-19 15:55:50.007522+00,0,0,0,2026-03-19 15:55:50.007522+00,0,null,null,null,false,null,null,null,null,true,4645d669-d696-46ed-aa98-afd24475b683,null,null,"{""tables"":{""1"":{""rows"":[],""columns"":[]}}}",null,[],null,null
079063ad-73eb-4282-bc0e-fb4e44a9a1e9,「向き合い（むきあう）」,"「向き合い（むきあう）」とは、自分自身や他者、あるいは問題・課題などに対して、目をそらさずに正面から向き合い、真剣に取り組む・対峙するという意味で、「自分と向き合う（本心を知る）」、「問題に向き合う（対処する）」のように使われ、状況や対象によって「誠実に取り組む」「対峙する」「受け止める」といったニュアンスを含みます。 
主な意味と使い方
自分自身と向き合う:
自分の本心、感情、願望に耳を傾け、正直に受け止めること。
他人の意見や世間体を気にせず、「本当はどうしたいのか」を自分に問いかけること。
例文: 「ストレスと向き合い、ポジティブになりたい」
問題・課題などと向き合う:
困難な状況や課題に対して、逃げずに真剣に対処すること。
類語: 立ち向かう、取り組む、対処する、解決に努める。
例文: 「この問題に真剣に向き合うべきだ」
相手・状況と向き合う:
相手の立場になって真剣に話を聞く、誠実に対応すること（「真摯に向き合う」）。
類語: 対峙する、相対する。
例文: 「クライアントの要望に真摯に向き合う」 
「向き合う」ためのポイント
環境を整える: 一人で集中できる静かな場所で、自分の気持ちに耳を傾ける。
感情を受け入れる: 辛い感情でも否定せず、「今はそう感じている」と素直に認める。
焦らない: すぐに答えを出そうとせず、時間をかけて自分を感じ、理解しようとする姿勢が大切。","[""import"",""japanese""]",2026-02-22 09:21:41.926413+00,e1848554-ffae-479c-a8cd-4c0d77b7bed2,2026-03-19 15:55:50.007522+00,0,0,0,2026-03-19 15:55:50.007522+00,0,null,null,null,false,null,null,null,null,true,163be955-8801-46f8-a121-2cff128c45a2,null,null,"{""tables"":{""1"":{""rows"":[],""columns"":[]}}}",null,[],null,null
082f18d2-d425-4067-9b98-1d85ea13e8d4,「鈍い（にぶい）」,"「鈍い（にぶい）」とは、切れ味が悪い、頭の回転が遅い、感覚が鋭くない、動きがもたつく、色がはっきりしないなど、物事の反応や状態が冴えない、冴えわたっていない様子を表す形容詞です。具体的には「鈍い刃物」「鈍い痛み」「鈍感」「鈍い光」「鈍い反応」のように使われます。 
主な意味と用例
切れ味・鋭さがない: 刃物がよく切れない、光がぼやけている。
例：この包丁は鈍いから研ぎ直さないと。
頭の働き・反応が悪い: 気が利かない、理解が遅い、動きがのろい。
例：彼は本当に頭が鈍いな（＝頭が悪い、理解が遅い）。
例：反応が鈍い（＝すぐには反応しない）。
感覚・痛みなどがはっきりしない: 刺激に気づきにくい、痛みがじんわりと続く。
例：鈍痛（にぶつう）、鈍い光、鈍い音。
進み具合が悪い: 作業などが滞っている。
例：仕事の進捗が鈍い。 
類語・関連語
切れ味: 切れ味/悪い、切れ/悪い、切れ/鈍い
感覚・反応: 鈍感、のろい、ぼんやり
動き: もたつく、遅い、のろい
色・光: ぼやける、くすむ、冴えない
「鈍」という漢字について
「鈍」は金と音を表す「屯」を組み合わせた会意文字で、もともとは切れ味の悪い刀剣を表す言葉として使われました。この意味から派生して、様々な「鈍い」状態を表すようになりました。

무디다, 둔하다, 
굼뜨다, 느리다, 
(빛, 감각 등이) 희미하다.

https://youtu.be/aHA9_MbatJg?si=HGoNJFvuwGQNEvE3","[""import"",""japanese""]",2026-02-22 09:21:41.926413+00,e1848554-ffae-479c-a8cd-4c0d77b7bed2,2026-03-19 15:55:50.007522+00,0,0,0,2026-03-19 15:55:50.007522+00,0,null,null,null,false,null,null,null,null,true,ea3e3355-2a39-40e2-b2ce-22af284ba758,null,null,"{""tables"":{""1"":{""rows"":[],""columns"":[]}}}",null,[],null,null
093dd837-ba90-4fed-b4cc-e2f8c597f478,「差し上げ（さしあげ）」,"「差し上げ（さしあげ）」は主に「与える」「やる」の謙譲語で、目上の人に何かを差し出す・提供する際に使う敬語表現（例：「プレゼントを差し上げます」）。また、動詞の連用形に付いて「〜してあげる」のより丁寧な表現（例：「ご連絡差し上げます」）としても使われ、相手への深い敬意を示すが、使い方によっては押し付けがましく聞こえる場合もあるので注意が必要。 
「差し上げる」の主な意味と使い方
「与える」「やる」の謙譲語（最も一般的）
自分から相手に物を渡す、何かを提供する行為に使う。
例文: 「資料をお差し上げます」「お土産を差し上げます」。
補助動詞として（「〜て差し上げる」）
「〜してあげる」よりも相手への敬意を強調する。
例文: 「お電話を差し上げます」「お手伝いさせて差し上げます」。
本来の意味（文語）
（「さしあげる」）手を持ち上げて高く上げる、声を高くする、といった物理的な動作。 
ビジネスシーンでの注意点
相手への配慮: 「ご連絡差し上げます」は丁寧だが、自分の都合で連絡する場合、「（私の都合で）連絡してあげる」というニュアンスで高圧的に聞こえる可能性があるため、目上の人には「追ってご連絡いたします」など別の表現が良い場合も。
適切な使用: 相手にメリットがあることを期待する場面（記念品など）では使えるが、正当な対価（お金など）を渡す際に「差し上げます」を使うと、上から目線で失礼になることがあるので避ける。","[""import"",""japanese""]",2026-02-22 09:21:41.926413+00,e1848554-ffae-479c-a8cd-4c0d77b7bed2,2026-03-19 15:55:50.007522+00,0,0,0,2026-03-19 15:55:50.007522+00,0,null,null,null,false,null,null,null,null,true,896cc544-064f-47af-8b8e-e857a859779b,null,null,"{""tables"":{""1"":{""rows"":[],""columns"":[]}}}",null,[],null,null
0d9b55a5-4cf2-4e3e-b44f-c5f76798f42a,「湧き上がる（わきあがる）」,"https://youtu.be/9B1izCJwtmM?si=uAU09YRVmtL4uMX_

「湧き上がる（わきあがる）」とは、水や感情、考えなどが内部からこみ上げるように発生・出現する様子を表し、物理的には水が地中から沸き出る（湧き出る）、感情的には喜びや感動などが内面からあふれる、考えやイメージが心に浮かぶといった意味で使われます。類義語には「こみ上げる」「溢れる」「沸き立つ」「芽生える」などがあり、物理的な現象から心の動きまで幅広く表現できるのが特徴です。 
主な意味と使い方
物理的な現象: 水が地面からわき出る様子。「清水が岩間から湧き上がる」。
感情・意欲: 心の内側から自然に感情や意欲が生まれる様子。「感動が胸に湧き上がる」「興味が湧き上がる」。
考え・イメージ: 思考や記憶などが心に浮かんでくる様子。「名案が湧き上がる」「記憶が湧き上がる」。
騒ぎ・群衆: 大勢の人から騒ぎなどが起こる様子。「歓声が湧き上がる」。 
例文
「大自然の中で、生命の力が湧き上がってくるのを感じた。」
「彼の話を聞いて、勇気が湧き上がってきた。」
「目の前の光景に、歓声が湧き上がった。」

https://wordrow.kr/basicn/ja/search/%E6%B9%A7%E3%81%8D%E4%B8%8A%E3%81%8C%E3%82%8B/

꿈틀하다 動詞

1 몸의 한 부분을 비틀거나 구부리며 움직이다.
1 うごめく【蠢く】。のたくる: 体の一部を捻ったりくねらせたりして動く。

2 어떤 생각이나 감정이 갑자기 생기다.
2 わき上がる【湧き上がる】: ある考えや感情がいきなり生じる。

꿈틀꿈틀하다 動詞

1 몸의 한 부분을 자꾸 비틀거나 구부리며 움직이다.
1 うごめく【蠢く】。のたくる: 体の一部を捻ったりくねらせたりして動き続ける。

2 어떤 생각이나 감정이 갑자기 자꾸 생기다.
2 わき上がる【湧き上がる】: ある考えや感情がいきなりしきりに生じる。

꿈틀대다 動詞

1 몸의 한 부분을 자꾸 비틀거나 구부리며 움직이다.
1 うごめく【蠢く】。のたくる: 体の一部を捻ったりくねらせたりして動き続ける。

2 어떤 생각이나 감정이 갑자기 자꾸 생기다.
2 わき上がる【湧き上がる】: ある考えや感情がいきなりしきりに生じる。

치받다 動詞

1 욕심이나 분노와 같은 감정이 세차게 북받쳐 오르다.
1 こみあげる【込み上げる】。わきあがる【湧き上がる】: 欲や憤りなどの感情が激しく沸き上がってくる。

꿈틀거리다 ☆ 動詞

1 몸의 한 부분을 자꾸 비틀거나 구부리며 움직이다.
1 うごめく【蠢く】。のたくる: 体の一部を捻ったりくねらせたりして動き続ける。

2 어떤 생각이나 감정이 갑자기 자꾸 생기다.
2 わき上がる【湧き上がる】: ある考えや感情がいきなりしきりに生じる。

팽배하다 (澎湃/彭湃 하다) 動詞

1 어떤 기세나 사상의 흐름 등이 매우 거세게 일어나다.
1 わきあがる【湧き上がる】。ほうはいとする【澎湃とする】: ある気運や思想の流れなどが盛んな勢いで沸き起こる。

샘솟다 動詞

1 어떤 감정이나 눈물이 계속 솟아 나오다.
1 わく【湧く・涌く】。あふれでる【溢れ出る】。わきあがる【湧き上がる】: 引き続き感情が生じたり涙が出たりする。

치받치다 動詞

1 연기나 불길 등이 세차게 위로 솟아오르다.
1 ふきあがる【吹き上がる・噴き上がる】: 煙や火炎などが激しい勢いで上に向かって噴き出す。

2 감정 등이 세차게 복받쳐 오르다.
2 こみあげる【込み上げる】。わきあがる【湧き上がる】: 感情などが激しく沸き上がってくる。

치솟다 ☆ 動詞

1 위쪽으로 힘차게 솟다.
1 たちのぼる【立ち上る】。つきあがる【突き上がる】: 下から上の方に激しい勢いで上がる。

2 감정이나 생각 등이 세차게 복받쳐 오르다.
2 こみあげる【込み上げる】。わきあがる【湧き上がる】: 感情や考えなどが激しく沸き上がってくる。

솟구치다 ☆ 動詞

1 아래에서 위로, 또는 안에서 밖으로 세차게 솟아오르다.
1 はねあがる【跳ね上がる】: 下から上へ、または中から外へ勢いよく上がる。

2 감정이나 힘 등이 급하고 세차게 솟아오르다.
2 わきあがる【湧き上がる・涌き上がる】。こみあげる【こみ上げる】: 感情や力などが強く湧き出る。

3 빠르고 세게 높이 솟게 하다.
3 はねあげる【跳ね上げる】: 体を速くて強く上方へ上げる。

용솟음치다 (湧 솟음치다) 動詞

1 물이 매우 세차게 위로 나오다.
1 わきあがる【湧き上がる】。ふきあがる【噴き上がる】。ほとばしる【迸る】: 水が勢いよく上へ噴き出す。

2 힘이나 기세가 매우 세차게 솟아나다.
2 わきあがる【湧き上がる】。ふきあがる【噴き上がる】。ほとばしる【迸る】: 力や勢いなどが強く湧き上がる。

솟아오르다 ☆ 動詞

1 아래에서 위로 또는 안에서 밖으로 불쑥 나타나다.
1 わきあがる【湧き上がる・涌き上がる】。ふきあがる【噴き上がる】。あふれでる【溢れ出る】: 下から上へ、または中から外へ突然現れる。

2 감정이나 힘 등이 힘차게 일어나다.
2 わきでる【湧き出る・涌き出る】。ふきでる【噴き出る】。あふれでる【溢れ出る】: 感情や力などが強く湧き上がる。
끓어오르다 ☆ 動詞
1 액체가 끓어서 위로 솟아오르다.
1 わきあがる【湧き上がる】。わきたつ【湧き立つ】。たぎる【滾る】。にえたつ【煮え立つ】: 液体が煮立ってふきあがる。
2 감정이나 신체 현상이 강하게 일어나다.
2 わきあがる【湧き上がる】。わきたつ【湧き立つ】。たぎる【滾る】。にえたつ【煮え立つ】: 感情や身体現象が盛んに沸き起こる。

일어나다 ☆☆☆ 動詞

1 누워 있다가 앉거나 앉아 있다가 서다.
1 おきる【起きる】。おきあがる【起き上がる・起き上る】。たちあがる【立ち上がる・立上がる】: 横になっていたものが座ったり、座っていたものが立ったりする。

2 잠에서 깨어나다.
2 おきる【起きる】: 目を覚ます。

3 일이나 사건 등이 생기다.
3 おきる【起きる】。おこる【起こる・起る】: 事や事件などが生ずる。

4 어떤 감정이나 마음이 생기다.
4 おこる【起こる・起る】: ある感情が心の中に生ずる。

5 약하거나 없던 것이 번성하거나 세지다.
5 おこる【起こる・起る】。たちあがる【立ち上がる・立上がる】。おこる【興る】: 弱かったりなかったりした物事が盛んになったり強くなったりする。

6 어떤 일을 위해 몸과 마음을 모아 나서다.
6 たちあがる【立ち上がる・立上がる】: 何かのために思い切って行動を起こす。

7 위로 솟아오르거나 겉으로 부풀어 오르다.
7 たつ【立つ】。ふきあがる【吹き上がる・噴き上がる・吹き上る・噴き上る】: 高く湧き上がったり膨れ上がったりする。

8 자연이나 사람 등에게 어떤 현상이 발생하다.
8 おきる【起きる】。おこる【起こる・起る】: 自然や人などにある現象が発生する。

9 어떤 소리가 나다.
9 あがる【揚がる】。わきあがる【湧き上がる・涌き上がる・湧き上る・涌き上る】: 音がする。

10 사회에 어떤 현상 등이 생기다.
10 おきる【起きる】。おこる【起こる・起る】: 社会にある現象が生ずる。

11 병을 앓다가 낫다.
11 おきる【起きる】。おきあがる【起き上がる・起き上る】: 病気が治る。

용솟음치다 (湧 솟음치다) 動詞

1. 물이 매우 세차게 위로 나오다.
1. わきあがる【湧き上がる】。ふきあがる【噴き上がる】。ほとばしる【迸る】: 水が勢いよく上へ噴き出す。

2. 힘이나 기세가 매우 세차게 솟아나다.
2. わきあがる【湧き上がる】。ふきあがる【噴き上がる】。ほとばしる【迸る】: 力や勢いなどが強く湧き上がる。

솟아오르다 ☆ 動詞

1. 아래에서 위로 또는 안에서 밖으로 불쑥 나타나다.
1. わきあがる【湧き上がる・涌き上がる】。ふきあがる【噴き上がる】。あふれでる【溢れ出る】: 下から上へ、または中から外へ突然現れる。

2. 감정이나 힘 등이 힘차게 일어나다.
2. わきでる【湧き出る・涌き出る】。ふきでる【噴き出る】。あふれでる【溢れ出る】: 感情や力などが強く湧き上がる。

용솟음 (湧 솟음) 名詞

1. 물이 매우 세차게 위로 나옴.
1. わきあがり【湧き上がり】。ふきあがり【噴き上がり】。ほとばしり【迸り】: 水が勢いよく上へ噴き出すこと。

2. 힘이나 기세가 매우 세차게 솟아남.
2. わきあがり【湧き上がり】。ふきあがり【噴き上がり】。ほとばしり【迸り】: 力や勢いなどが強く湧き上がること。","[""import"",""japanese""]",2026-02-22 09:21:41.926413+00,e1848554-ffae-479c-a8cd-4c0d77b7bed2,2026-03-19 15:55:50.007522+00,0,0,0,2026-03-19 15:55:50.007522+00,0,null,null,null,false,null,null,null,null,true,21da1279-51b0-42ca-8966-1e5bd5fa35ae,null,null,"{""tables"":{""1"":{""rows"":[],""columns"":[]}}}",null,[],null,null
0fe552d8-232a-41ae-9732-26a3635caa43,「怒鳴り（どなり）」,"「怒鳴り（どなり）」とは、怒りや感情が高ぶって大声を出すこと、またはその声自体を指し、強い不満や警告、叱責の意図を持ち、「大声をあげる」「声を荒げる」「怒号する」などの類語があり、相手への威圧やストレスを与える行為ですが、緊急時の制止など状況によっては必要な場合もあるものの、子供の脳発達への悪影響が指摘され、パワハラにも繋がりうるため、冷静な対応が求められます。 
意味と類語
意味: 怒りや興奮で、普段よりずっと大きな声で話したり叫んだりすること。
類語: 大声を出す、声を荒げる、叫ぶ、怒鳴りつける、怒号する、わめく、絶叫する、吠える。
関連語: 罵声（ばせい） - 口汚くののしる声。 
「怒鳴る」ことの背景と影響
親の心理: 過去の傷つき体験の処理不足や、子どもの発達段階への知識不足が原因で怒鳴ってしまうことがある。
子どもの影響: 脳の発達に影響し、不安感の増大、コミュニケーション能力の低下、心身の不調を引き起こす可能性がある。
パワハラとの関連: 職場などで繰り返し行われる場合、パワハラに該当する可能性がある。
「怒鳴る」ことの是非:
必ずしも悪ではない場合: 子どもの安全確保など緊急時に、危険を知らせるために大きな声を出すのは必要な対処。
問題となる場合: 感情的に、一方的に、相手を脅すように怒鳴る行為は問題。 
怒鳴りを減らす・防ぐには
親・大人側:
冷静になる時間を作る: 怒りを感じたらすぐに反応せず、一度落ち着いてから伝える。
過去の経験と向き合う: 自分の感情の源泉を見つめ直す。
子どもの発達段階を知る: 反抗期など、成長過程の理解を深める。
ポジティブな面に注目する: 「できていないこと」より「できていること」に目を向ける。
怒鳴られた側（子ども・部下など）:
相手の言動の裏を読む: 相手が何を伝えたいのか、なぜ怒鳴っているのかを冷静に考える。
状況に応じて対応する: 危険な場合は避難し、職場なら上司や第三者に相談する。 
まとめ
怒鳴る行為は、感情のコントロールの失敗やストレスの表れであることが多く、相手に深刻な影響を与える可能性があります。しかし、その背景には様々な事情があり、緊急時の対応や、怒りの感情を適切に表現する方法を学ぶことが重要です。

https://youtu.be/RSPk7eaRXJU?si=L-8ejxY8G8JMUzPN","[""import"",""japanese""]",2026-02-22 09:21:41.926413+00,e1848554-ffae-479c-a8cd-4c0d77b7bed2,2026-03-19 15:55:50.007522+00,0,0,0,2026-03-19 15:55:50.007522+00,0,null,null,null,false,null,null,null,null,true,963fa3bf-446c-4977-8f7e-734633adac34,null,null,"{""tables"":{""1"":{""rows"":[],""columns"":[]}}}",null,[],null,null
13b216e9-605d-4a4a-b0ce-0902133a7fc3,「特技（とくぎ）」、「上手（じょうず）」、「苦手（にがて）」、「下手（へた）」は,"「特技（とくぎ）」、「上手（じょうず）」、「苦手（にがて）」、「下手（へた）」は、人の能力や技能を表現する際によく使われる言葉です。それぞれの意味と使い分けは以下の通りです。 
1. 特技（とくぎ）
意味：
その人が特に得意としている技能や技術。専門的なスキルや、他の人よりも際立って優れている点、個人的な得意技を指します。 
使い方：
私の特技はピアノです。
何か特技はありますか？
2. 上手（じょうず）
意味：
ある程度の技能や能力があり、物事をうまくこなせること。一般的なレベルを超えていたり、標準以上にできたりする場合に使われます。
使い方：
彼は料理が上手です。
日本語を話すのが上手ですね。
3. 苦手（にがて）
意味：
ある物事や状況に対して、うまくできない、好きではない、嫌だと感じる気持ち。能力的な問題だけでなく、心理的な抵抗感を含む場合も多いです。 
使い方：
私は人前で話すのが苦手です。
数学が苦手になりました。
4. 下手（へた）
意味：
技能や能力が劣っている、うまくできないこと。客観的に見て標準以下の出来栄えである場合に用いられます。「苦手」よりも、純粋な能力不足に焦点を当てた、直接的な表現です。
使い方：
私は絵を描くのが下手です。
彼は歌が下手だ。","[""import"",""japanese""]",2026-02-22 09:21:41.926413+00,e1848554-ffae-479c-a8cd-4c0d77b7bed2,2026-03-19 15:55:50.007522+00,0,0,0,2026-03-19 15:55:50.007522+00,0,null,null,null,false,null,null,null,null,true,e83b30dc-9f53-4edd-a0ce-c9276e3b78cd,null,null,"{""tables"":{""1"":{""rows"":[],""columns"":[]}}}",null,[],null,null
15a88490-18ce-432e-ac73-473c1c4adc89,「傷つける」（きずつける）,"「傷つける」（きずつける）とは、肉体的な怪我を負わせること、または精神的に深くダメージを与え、心を痛めることの2つの主な意味があり、「傷つく」（きずつく）の他動詞形で、相手に危害を加える行為全般を指します。これは「けがをさせる」「痛めつける」「精神的に追い詰める」「心を深く傷つける」「（自傷行為として）自分自身を傷つける」といった様々な状況で使われ、言葉や行動、暴力など様々な形で発生します。 
意味と使い方
肉体的な傷
物理的にケガをさせる、外傷を与えること。
例：「ナイフで人を傷つける」「暴行で相手を傷つける」
精神的な傷
相手の心を深く傷つけ、悲しみや苦痛を与えること。
例：「心ない言葉で友人を傷つける」「彼の裏切りは私を深く傷つけた」
言い換え表現：打ちのめす、心を痛める、ダメージを与える、踏みにじるなど。
自分自身を傷つける（自傷行為）
つらい感情から逃れるために、意図的に自分の体を傷つける行為（リストカットなど）。
例：「ストレスで自分を傷つけてしまう」 
関連する言葉・表現
傷つく（きずつく）: 「傷つける」の受け身・自動詞形で、自分が傷を負うこと。
傷つける（相手に）: 痛めつける、危害を加える、負傷させる。
傷つけられる: 自分が傷つけられること（受け身）。
傷つける（自分に）: 自傷行為、自己破壊。 
「傷つける」は非常に幅広く使われるため、文脈によって肉体的か精神的か、また誰が誰に対して行ったのかを判断することが重要です。","[""import"",""japanese""]",2026-02-22 09:21:41.926413+00,e1848554-ffae-479c-a8cd-4c0d77b7bed2,2026-03-19 15:55:50.007522+00,0,0,0,2026-03-19 15:55:50.007522+00,0,null,null,null,false,null,null,null,null,true,2afe9f66-d02c-4fa5-bb1b-76151a9e60fa,null,null,"{""tables"":{""1"":{""rows"":[],""columns"":[]}}}",null,[],null,null
171bca3e-11f1-47b9-b101-24bbe95bb0f0,「生意気（なまいき）」,"「生意気（なまいき）」とは、自分の年齢・能力・立場をわきまえずに、出しゃばったり、偉そうな態度をとったり、知ったかぶりをしたりする様子を指し、「おこがましい」「身のほど知らず」といった意味合いで使われる言葉です。類語には「小生意気」「こざかしい」「しゃらくさい」などがあり、年下の子が大人びた言動をする時にも使われます（例: 「マセガキ」）。 
「生意気」の主な意味
身分不相応な言動: 自分の実力や立場を超えて、偉そうに振る舞ったり、出過ぎたことを言ったりすること。
知ったかぶり: 実際には知らないのに、知っているかのように振る舞うこと。
不遜な態度: 相手を軽んじたり、敬意を欠いたりする態度。
年長者への反抗的な態度: 年下の者が、年上の者に対して尊大な態度をとる場合。 
例文
「あの子はまだ高校生なのに、先生に生意気な口をきいた」。
「彼は生意気な態度で会議に臨んだ」。 
関連表現
生意気な奴: 生意気な人。
生意気な女: 他人を気にせず、自分の思い通りに行動する女性。
生意気(曲): 中山美穂の楽曲名。","[""import"",""japanese""]",2026-02-22 09:21:41.926413+00,e1848554-ffae-479c-a8cd-4c0d77b7bed2,2026-03-19 15:55:50.007522+00,0,0,0,2026-03-19 15:55:50.007522+00,0,null,null,null,false,null,null,null,null,true,539659b9-7236-47d6-8482-43dd703d3ccd,null,null,"{""tables"":{""1"":{""rows"":[],""columns"":[]}}}",null,[],null,null
17e3bcac-a08e-4c19-9568-38ae27925325,日本語漢字,"唾（つば）：침,타액
水（みず）：물
爪（つめ）：손톱
準備（じゅんび）：준비
汗（あせ）：땀
叫び（さけび）：외침、부르짖음、큰소리를 냄、외치는 소리
側：옆,측면
理屈（りくつ）：도리、이치
無理（むり）：무리
全部（ぜんぶ）：전부
失敗（しっぱい）：실패
成功（せいこう）：성공
嫉妬（しっと）：질투","[""import"",""japanese""]",2026-02-22 09:21:41.926413+00,e1848554-ffae-479c-a8cd-4c0d77b7bed2,2026-03-19 15:55:50.007522+00,0,0,0,2026-03-19 15:55:50.007522+00,0,null,null,null,false,null,null,null,null,true,a987db39-c6b2-4ec4-b348-81c9c2724097,null,null,"{""tables"":{""1"":{""rows"":[],""columns"":[]}}}",null,[],null,null
1ef86cc2-8c77-4f24-83f0-90344ab5eaf0,「絡み方（からみかた）」,"「絡み方」は文脈によって「織物の技法（絡み織）」や「人間関係・コミュニケーションの仕方（〇〇絡み）」を指し、「糸の絡ませ方」や「（良い・悪い）関係の築き方」というニュアンスで使われ、関連性や関与の仕方を意味します。具体的な意味は「どう絡ませるか」「どう関わるか」で変わり、織物なら技法、人間関係なら交流のスタイルを指します。 
主な意味
織物の技術（絡み織）: 2本の経糸（たていと）をねじり合わせながら横糸と織り込む技法で、目が粗く通気性が良いのが特徴です（例：絽や紗）。
人間関係・コミュニケーション: 「〇〇絡み」という形で使われ、「〇〇な感じで交流する」「〇〇な関係性」という意味になります。ポジティブな関係（「友達絡み」）から、ネガティブな関係（「面倒な絡み」）まで幅広く使われます。 
使い方（例文）
織物: 「この生地は絡み織の独特な風合いが魅力だ」。
人間関係: 「最近、彼とは飲み会でよく絡むようになった（よく話すようになった）」。
関係性: 「あの会社との絡み方を考え直さないと」。 
類語
関連、関係、関与、タッチ（人間関係・状況）
綟り織（もじりおり）（織物の技法） 
文脈に応じて、「どのように関わるか」という具体的な方法や、その関係性・状態そのものを指す言葉として「絡み方」が使われます。","[""import"",""japanese""]",2026-02-22 09:21:41.926413+00,e1848554-ffae-479c-a8cd-4c0d77b7bed2,2026-03-19 15:55:50.007522+00,0,0,0,2026-03-19 15:55:50.007522+00,0,null,null,null,false,null,null,null,null,true,be1c6747-0e2e-4d9d-b09b-d45c7c426dc2,null,null,"{""tables"":{""1"":{""rows"":[],""columns"":[]}}}",null,[],null,null
20dd3207-9bce-4c13-95b5-e4a6176ff704,嫉妬（しっと）,"嫉妬（しっと）とは、他人が自分より優れている、あるいは愛情や関心を独占していると感じたときに抱く、羨望や恨み、ねたみなどのネガティブな感情です。人間の自然な感情の一つですが、強すぎると自己肯定感の低さや不安から、人間関係を悪化させることもあり、前向きな動機付けに転換する「上手な付き合い方」が大切です。 
嫉妬の主な種類
羨望（Envy）：他人が持つ才能、成功、持ち物などを「自分も欲しい」と願う気持ち。
ジェラシー（Jealousy）：愛する人（パートナーなど）の愛情が自分以外へ向くことへの不安や恐れ、独占欲からくる感情。 
嫉妬が生じやすい状況
恋愛関係（パートナーが他の異性と親しくする）
友人関係（友人が他の人と親しくする、成功する）
職場や学校での成功、評価
他人の才能や容姿、財産など 
嫉妬を感じやすい人の特徴（原因）
自分に自信がない、自己評価が低い
寂しがり屋で、愛着への不安が強い
過去に裏切られた経験がある
独占欲が強い、疑い深い 
嫉妬との向き合い方（対処法）
自分の感情を認識し、言語化する：何に対して嫉妬しているのかを明確にする。
根本原因を探る：自信のなさや不安が背景にある場合が多いので、自己肯定感を高める努力をする。
前向きな行動に変える：嫉妬心を「自分も頑張ろう」というモチベーションや向上心に変える。
パートナーと正直に話し合う：不安な気持ちを伝え、信頼関係を深める。
他のことに熱中する：趣味や仕事など、夢中になれるものを見つける。 
嫉妬は誰にでもある感情ですが、その感情に飲み込まれず、自分を成長させるきっかけとして建設的に捉えることが、健全な人間関係や自己成長につながります。","[""import"",""japanese""]",2026-02-22 09:21:41.926413+00,e1848554-ffae-479c-a8cd-4c0d77b7bed2,2026-03-19 15:55:50.007522+00,0,0,0,2026-03-19 15:55:50.007522+00,0,null,null,null,false,null,null,null,null,true,7aa1663c-3f7f-4a52-aab3-83a9968bc04f,null,null,"{""tables"":{""1"":{""rows"":[],""columns"":[]}}}",null,[],null,null
2d70da23-60e8-4d25-b451-2c2ff4d8ef8a,「冷める（さめる）」,"「冷める（さめる）」は、熱いものが冷たくなる（温度が下がる）ことと、感情や熱意が薄れる（熱が冷める、興味がなくなる）ことの2つの主な意味があり、「コーヒーが冷めた」「恋心が冷めた」のように使われます。物理的な温度が下がる際は「冷える」と混同されがちですが、「冷める」は一度熱を持ったものが自ら熱を失うニュアンスで、「冷える」は常温のものが低温になる、または身体が冷える場合に使われることが多いです。 
主な意味と使い方
物理的な温度が下がる（熱がなくなる）
例：「熱いお茶が冷めてしまった。」
例：「料理が冷める前に食べよう。」
nihongojikan.jp
感情や関心が薄れる
例：「彼の態度に冷めてしまった。」
例：「最初は好きだったけど、だんだん気持ちが冷めてきた。」
jplt-dialogplus.com
「冷める」と「冷える」の違い
冷める（さめる）:
一度熱くなったものが、自ら熱を失って冷たくなる（熱が下がる）。
感情や熱意が薄れる（熱が冷める）。
nihongojikan.jp
冷える（ひえる）:
元々熱くないものが低温になる。
手足やお腹など、身体が冷たくなる（体が冷える）。
nihongojikan.jp 
関連する言葉
冷める：気分が落ち着く、関心がなくなる（沈静、薄らぐ）。
冷める：愛想が尽きる、嫌いになる。","[""import"",""japanese""]",2026-02-22 09:21:41.926413+00,e1848554-ffae-479c-a8cd-4c0d77b7bed2,2026-03-19 15:55:50.007522+00,0,0,0,2026-03-19 15:55:50.007522+00,0,null,null,null,false,null,null,null,null,true,36d3b846-70e5-4310-90c8-e9cc07771d35,null,null,"{""tables"":{""1"":{""rows"":[],""columns"":[]}}}",null,[],null,null
2dafdab5-be57-4445-847a-6666b0cd6cc5,モノボケ,"モノボケとは、身の回りにある「モノ（物体）」を別の何かに見立てて即興で演じたり、ダジャレを言ったりして笑いを取るお笑いの芸（ネタ）のことで、短時間で笑いを誘う一発芸の一種です。お玉杓子を視力検査の遮眼子に見立てるような、小道具を使った「ボケ」が特徴で、「ザ・イロモネア」などの番組で「モノボケ」という名称が広まりました。 
モノボケのポイント
小道具の活用: 1つのアイテムを、全く別のものに見立てて使います。
即興性: 与えられたモノに対して、その場で面白い使い方を考えます。
視点の転換: 普通のモノを、面白い視点や突飛な使い方で表現します。
キャラクター性: 表情や演技でモノのイメージを変化させます。 
具体例
お玉杓子: 目の前に当てて「視力検査！」
扇子や手ぬぐい: 落語家が箸や手紙に見立てるように使う。 
語源・歴史
元々は「小道具ギャグ」と呼ばれていましたが、TBSテレビの『ザ・イロモネア』で「モノボケ」というジャンル名が使われ、広く定着しました。

https://youtu.be/YcdZpZOdPDI?si=cW5ImI2jgRgXYI4p","[""import"",""japanese""]",2026-02-22 09:21:41.926413+00,e1848554-ffae-479c-a8cd-4c0d77b7bed2,2026-03-19 15:55:50.007522+00,0,0,0,2026-03-19 15:55:50.007522+00,0,null,null,null,false,null,null,null,null,true,7d711a96-ab79-4de7-9590-cdbcf558d247,null,null,"{""tables"":{""1"":{""rows"":[],""columns"":[]}}}",null,[],null,null
2f7a3808-0b54-4347-bb5b-07de80bc25d0,「飽き飽き（あきあき）」,"「飽き飽き（あきあき）」とは、何かが多すぎたり、同じことが長く続いたりして、すっかり嫌になったり、うんざりしたりする状態を指します。単に「飽きた」よりも、疲労感や倦怠感を伴い、それ以上はもうしたくない、見たくない、聞きたくないといった強い嫌悪感を表す言葉です。 
意味と使い方
状態を表す副詞：「飽き飽きする」「飽き飽きだ」のように使われます。
例文:
「彼の長話には飽き飽きした」
「同じことの繰り返しで、仕事に飽き飽きだ」
「レストランの食事にはもう飽き飽きしている」
類語: ウンザリ、ゲンナリ、食傷（しょくしょう）、うんざりする、嫌になる、退屈する。 
ポイント
「飽きる」の程度が非常に進んだ状態（「飽ききる」に近い）です。
単なる興味の喪失だけでなく、精神的な疲労感を伴うのが特徴です。","[""import"",""japanese""]",2026-02-22 09:21:41.926413+00,e1848554-ffae-479c-a8cd-4c0d77b7bed2,2026-03-19 15:55:50.007522+00,0,0,0,2026-03-19 15:55:50.007522+00,0,null,null,null,false,null,null,null,null,true,ebe24a76-a51f-4c0b-83b3-f58a64b48bf7,null,null,"{""tables"":{""1"":{""rows"":[],""columns"":[]}}}",null,[],null,null
395ec622-2916-4d67-8441-942eaf0be35f,「持ち直す（もちなおす）」,"「持ち直す（もちなおす）」とは、一度悪化したり、不利になったりした状況や状態が、再び良い方向へ回復する、好転する、または立て直すという意味で、健康、経済、気力など様々な文脈で使われます。具体的には、病気が快方に向かう、株価が下落後に上昇する、失敗から気力を回復するなどの状況で使われ、「復活」「回復」「再起」といった類語があります。 
使われる主な文脈と例文
健康状態の回復:
「熱は下がった。これで持ち直したようだ。」
経済・ビジネス:
「厳しい状況だったが、新商品のヒットで業績が持ち直した。」
気力・精神状態:
「失敗して落ち込んでいたが、友人の励ましで気を取り直して持ち直した。」（「気を取り直す」と近い意味）
類語（言い換え）
回復する、復帰する: 病気や状態が元に戻る。
復活する、甦る（よみがえる）: 衰えたものが再び盛んになる。
再起する（さいきする）: 失敗後に再び立ち上がること。
好転する（こうてんする）: 状況が良くなる。
立て直す（たてなおす）: 不振の組織や状況を回復させる。 
ポイント
「持ち直す」は、「一度下がり（悪化し）」「そこから上向きに転じる」という動きを含みます。
「持ち直す」の「持ち」は「持つ」の「もつ」で、「（状態を）持ち上げる」「（良い状態を）保つ」ニュアンスがあります。","[""import"",""japanese""]",2026-02-22 09:21:41.926413+00,e1848554-ffae-479c-a8cd-4c0d77b7bed2,2026-03-19 15:55:50.007522+00,0,0,0,2026-03-19 15:55:50.007522+00,0,null,null,null,false,null,null,null,null,true,bd873306-983b-4faa-9155-ea5adfeb6ada,null,null,"{""tables"":{""1"":{""rows"":[],""columns"":[]}}}",null,[],null,null
39b778f6-0b6c-4992-b3a4-9d9d687ccc5d,「突き通し（つきとおし）」,"「突き通し（つきとおし）」は「突き刺す」「貫く」という意味の動詞「突き通す」の名詞形や、「（意見や信念などを）最後まで主張し続ける」という意味、または「（物理的に）突き抜ける」こと、さらに「お通し（突き出し）」を指す場合もあり、文脈によって「貫徹」「貫通」「貫く」「刺し通す」といった類義語で言い換えられます。 
主な意味
物理的な貫通・貫通：
鋭いもので突き刺し、向こう側まで通すこと（刺通す）。
何かを突き抜けて進むこと（突き抜ける、通り抜ける）。
精神・思想の貫徹：
自分の考え、意見、信念などを最後まで曲げずに主張し続けること（貫徹する、徹する、押し通す）。
（料理用語）お通し：
居酒屋などで、注文とは別に最初に出される小皿料理（関東では「お通し」、関西では「突き出し」）。 
例文
「剣で敵の体を突き通した。」（貫通）
「彼は自分の信念を最後まで突き通した。」（貫徹）
「この道はトンネルを突き通している。」（通り抜ける）
「とりあえず、突き通し（お通し）でも頼みますか。」（料理） 
関連する言葉
突き出す: 関西で「お通し」を指す言葉で、「突き出すように提供する」ことに由来。
貫く: 同じ意味でよく使われる動詞。

관통하다
Penetrate,Pierce through,Run through,Transfixion","[""import"",""japanese""]",2026-02-22 09:21:41.926413+00,e1848554-ffae-479c-a8cd-4c0d77b7bed2,2026-03-19 15:55:50.007522+00,0,0,0,2026-03-19 15:55:50.007522+00,0,null,null,null,false,null,null,null,null,true,fad97fea-0d31-4959-bef6-0f0cf45d28e4,null,null,"{""tables"":{""1"":{""rows"":[],""columns"":[]}}}",null,[],null,null