id,title,content,tags,created_at,user_id,updated_at,comment_count,view_count,like_count,last_activity_at,hot_score,deleted_at,deleted_by,deleted_reason,is_deleted,account_key,source_id,source_date,legacy_id,is_hidden,duplicate_of,deleted_scope,delete_note,table_data,attachments,links,import_source,source_filename
32659810-ba0e-4e8c-b5b0-e8e8e3449a5b,生しらす,"https://youtu.be/1yAAeWj2ch8?si=xAyfHwXk8aOx22eo

生しらすは、カタクチイワシ等の稚魚を水揚げ直後に急速冷凍・出荷した、プリプリの食感とほのかな苦味が特徴の逸品。新鮮なものは生姜醤油や酢みそで食べるのが定番で、産地直送の冷凍品や通販でも人気。賞味期限が非常に短いため、解凍後はすぐに食べるのが鉄則。 
特徴と魅力
食感と味: プリプリとした食感と、苦味が混ざる爽やかな海の味。
旬と産地: 3〜10月が旬（特に春〜秋）で、静岡（駿河湾）、淡路島、鎌倉などが有名。
栄養: カルシウム、ビタミンD、鉄分などが豊富。 
食べ方・保存
定番料理: 生しらす丼、お刺身、ポン酢和え、軍艦巻き。
保存法: 冷凍で1ヶ月程度、解凍後は当日中。
下処理: 新鮮なものはそのまま食べられるが、気になる場合は冷水でさっと洗う。 
注意点
鮮度: アジ（味）が落ちやすく、新鮮でないと苦味や臭みが出やすい。
安全性: 寄生虫（アニサキス）のリスクがあるため、生の魚介類と同様に注意が必要。 
冷凍技術の向上により、現在は淡路島や静岡の最高鮮度の生しらすをネット通販で楽しむことができる。","[""import"",""japanese""]",2026-02-22 09:21:41.476371+00,e1848554-ffae-479c-a8cd-4c0d77b7bed2,2026-03-19 15:55:50.007522+00,0,0,0,2026-03-19 15:55:50.007522+00,0,null,null,null,false,null,null,null,null,true,72bd350e-dfea-420a-bf08-d5009df7ff71,null,null,"{""tables"":{""1"":{""rows"":[],""columns"":[]}}}",null,[],null,null
36096294-eefb-4896-9d5e-9c22208c64e2,「渋い（しぶい）」,"「渋い（しぶい）」は、控えめで落ち着いた、奥深い味わいや美意識を表す日本語です。元来は柿の渋味や味覚を指していましたが、現在では地味ながら洗練された色やデザイン、落ち着いた雰囲気の中年男性の魅力（ダンディ）、あるいは渋い趣味など、ポジティブな大人の魅力を形容する言葉として広く使われています。 
具体的には以下の要素が含まれます。
美意識・趣（しぶみ）: 派手ではなく、上品で落ち着きのある深い味わい。
人物・スタイル: ダンディで、男性的な引き締まった魅力がある様子。
味覚: 柿や茶のような、収斂（しゅうれん）性のある渋い味。
感覚・趣味: 派手すぎず、洗練されたクールさや質素な趣（例：渋い趣味）。 
元は室町時代の「渋し」に由来し、甘さの対義語として使われていました。

https://mazii.net/ko-KR/search/word/jako/%E6%B8%8B%E3%81%84

◆ 떫다.

渋い味
떫은맛

渋いお茶
떫은 차

この柿は渋くてとても食べられない
이 감은 떫어서 도저히 못 먹겠다

◆ (표정이) 떠름하다; 지르퉁하다.

渋い顔
떠름한[떨떠름한] 얼굴[표정]

渋い返事
떠름한 대답

◆ (화려하지 않고) 차분한 멋이 있다; 수수하다; 구성지다.

渋い柄の着物
수수한 무늬의 (일본) 옷

渋い声
차분한[구성진] 목소리

渋い好み
은근한 멋을 좋아하는 성미; 수수한 취미

◆ 인색하다; 다랍다; 쩨쩨하다.

なかなか渋い奴だ
아주 쩨쩨한 녀석이다

払いが渋い
지불이 인색하다; 돈에 인색하다

◆ (움직임이) 매끄럽지 못하다.

渋い戸
잘 닫히지 않는 문

https://www.kpedia.jp/w/2647

「渋い」の韓国語「떫다」を使った例文

・감이 떫다.
柿が渋い。

・떫은 표정을 짓다.
渋い顔をする。

・감이 떫어서 못 먹겠어요.
柿が渋くて食べれない。

・이 과일은 덜 익어서 떫어요.
この果物は未熟で渋いです。

・감이 아직 안 익어서 떫어요.
柿がまだ熟してないので渋いです。

・떫은 감을 따서 껍질을 벗긴 다음, 시원하고 그늘진 곳에 매달아 곶감을 만든다.
渋いカキを取って皮をむいた後、涼しい日陰の場所にぶら下げて干し柿を作る。

・떫은 감을 숙성시키면 홍시로 먹을수 있어요.
渋い柿を熟成させたら熟柿で食べられます。

・떫은맛의 요리가 건강에 좋다고 알려져 있다.
渋い味の料理が健康に良いとされている。

・이 차는 떫은맛이 난다.
このお茶は渋い味がする。

・녹차의 떫은맛을 좋아해요.
禄茶の渋みが好きです。

・감은 떫은 맛이 납니다.
柿は渋い味がします。","[""import"",""japanese""]",2026-02-22 09:21:41.476371+00,e1848554-ffae-479c-a8cd-4c0d77b7bed2,2026-03-19 15:55:50.007522+00,0,0,0,2026-03-19 15:55:50.007522+00,0,null,null,null,false,null,null,null,null,true,67a5e2f9-f68e-4717-98ae-9fd4a8b43112,null,null,"{""tables"":{""1"":{""rows"":[],""columns"":[]}}}",null,[],null,null
38710eaa-ff9d-4cb6-a161-2771cfba3873,「駆け上がる（かけあがる）」,"Netflix　Talk Queens　03

「駆け上がる（かけあがる）」とは、走るようにして坂や階段などを勢いよく登っていくこと、または急速に地位や名声を高めていくことを指し、「上り詰める」「のし上がる」といった意味合いもありますが、基本は「走って上がる」という動作の表現で、「階段を駆け上がる」「坂道を駆け上がる」のように使われます。 
意味と使い方
物理的に勢いよく登る:
例：「彼は息を切らしながら階段を駆け上がった。」（run up the stairs）
例：「丘の頂上まで一気に駆け上がる。」（run up to the top of a hill）
比喩的に地位や名声を急速に高める:
例：「若手俳優が人気番組で駆け上がった。」（rapidly gained fame）
類語：「のし上がる」「台頭する」「急成長する」など。 
類語
物理的なもの: 駆けのぼる、走って上がる、這い上がる、よじ登る。
比喩的なもの: のし上がる、台頭する、急伸する、頭角を現す。 
英語での表現例
run up (the stairs, a hill)
dash up (the stairs)
storm up (the stairs, to the stage)

https://mazii.net/ko-KR/search/word/jako/%E9%A7%86%E3%81%91%E4%B8%8A%E3%81%8C%E3%82%8B

◆ 뛰어 올라가다.

階段を駆上 がる
계단을 뛰어 올라가다.","[""import"",""japanese""]",2026-02-22 09:21:41.476371+00,e1848554-ffae-479c-a8cd-4c0d77b7bed2,2026-03-19 15:55:50.007522+00,0,0,0,2026-03-19 15:55:50.007522+00,0,null,null,null,false,null,null,null,null,true,759eda2f-2abc-402a-a734-3df6aa5ada73,null,null,"{""tables"":{""1"":{""rows"":[],""columns"":[]}}}",null,[],null,null
39013577-947f-42c7-a909-31853dee62e5,「戒め（いましめ）」N1,"https://youtu.be/45-Pa81ELyY?si=rXSQvt-Vqdqewwzp

「戒め（いましめ）」とは、過ちを繰り返さないように前もって注意することや、そのための忠告・訓戒、または同様の過ちを犯さないための懲らしめや教訓を指し、仏教用語の「戒律」に由来し、注意や警戒、禁制の意味合いを持ちます。具体的には、「今後の戒めとする（教訓にする）」や「戒めを解く（縛りから解放される）」のように使われ、単なる注意から、懲罰的な意味合い、あるいは禁じられた行為そのものを指す場合もあります。 
主な意味と使い方
注意・訓戒（訓戒）: 「今後の戒めとする」「自戒（自分自身への戒め）」のように、失敗から学び、将来のために気をつけること。
懲らしめ・制裁: 悪い行いをしないように罰すること。「廊下に立たされる」などが例。
禁制・規則: 仏教用語の「戒律（かいりつ）」のように、守るべき禁じられた事柄やその縛り。
警戒・用心: 危険を避けるための用心深さや見張り。 
類語・関連語
教訓、反面教師、他山の石（教訓として）
注意、忠告、警告、説教（注意を与える側）
自戒、克己、慎み（自分自身に対して）
禁制、禁止、罰、懲罰（規則や罰則として） 
例文
「この経験を戒めに、二度と同じ過ちは繰り返さないようにしよう。」（教訓）
「厳しい戒めが解けて、ようやく自由になった。」（罰・縛り）
「彼に戒めを与える」（注意や懲罰を与える）。 
「戒め」は、失敗から学び、未来の行動を律するというポジティブな側面と、罰や制裁というネガティブな側面の両方を持つ言葉です。

https://mazii.net/ko-KR/search/word/jako/%E6%88%92%E3%82%81

◆ 훈계; 교훈.

再三の戒めにもかかわらず
재삼 훈계했는데도 불구하고

親の戒 めをよく守る
부모의 교훈을 잘 지키다

皆の良い戒めになる
모든 사람에게 좋은 교훈이 된다

◆ 응징; 징계.

戒めとして罰を与える
징계로 벌을 주다

◆ 포박; 잡아서 묶는 것; 또, 그 줄.
◆ 금제(禁制); 제지(制止).
◆ 경계; 방비.

https://blog.naver.com/hackersjapan/222123251357

戒 いましめを厳重 げんじゅうにする
경계를 엄중히 하다; 방비를 튼튼히 하다

제지하다,금하다
子供のいたずらを戒めた。

훈게하다,경고하다
上司が部下に堅く戒めた。

구속하다,포박하다
泥棒を荒縄で厳しく戒めた。

경계하다
セキュリティ入口を厳重に戒めた。","[""import"",""japanese""]",2026-02-22 09:21:41.476371+00,e1848554-ffae-479c-a8cd-4c0d77b7bed2,2026-03-19 15:55:50.007522+00,0,0,0,2026-03-19 15:55:50.007522+00,0,null,null,null,false,null,null,null,null,true,549b4529-5f83-49d1-a8dd-7e29740994bb,null,null,"{""tables"":{""1"":{""rows"":[],""columns"":[]}}}",null,[],null,null
3c296a87-2140-4c16-bec0-714bdd5963e6,React든 바닐라든 무조건 쓰는 실무 필수 메서드들.,"React든 바닐라든 무조건 쓰는 실무 필수 메서드들.

✅ JS 객체

Object.entries(obj)

Object.keys(obj)

Object.values(obj)

✅ 문자열

startsWith

includes

slice

trim

toLowerCase

✅ 배열

map

filter

find

some / every

sort","[""import"",""coding""]",2026-02-22 09:21:41.476371+00,e1848554-ffae-479c-a8cd-4c0d77b7bed2,2026-03-19 15:55:50.007522+00,0,0,0,2026-03-19 15:55:50.007522+00,0,null,null,null,false,null,null,null,null,true,238dd5c9-d84e-4a6f-9121-60009e76c16b,null,null,"{""tables"":{""1"":{""rows"":[],""columns"":[]}}}",null,[],null,null
44d3ae62-8485-4de1-a92b-82a90a9ae39c,発酵（はっこう）,"https://youtu.be/dmKuEIvfpek?si=HYIzQOrltJOXv-Zc

発酵（はっこう）は、微生物（乳酸菌、麹菌、酵母など）の酵素が有機物を分解・代謝し、人間にとって有益な物質を作り出す現象です。風味向上、保存性向上、栄養価アップ（ビタミン、アミノ酸の増加など）のメリットがある。ヨーグルト（乳酸発酵）、パン・ワイン（アルコール発酵）、味噌・醤油（麹菌）などが代表的である。 
1. 発酵の仕組みと特徴
微生物の働き: 乳酸菌、カビ（麹菌）、酵母菌などが原料の栄養を分解し、エネルギーを獲得する過程で物質が変化する。
腐敗との違い: 微生物による有機物の変質という点では同じだが、人間に有益なのが「発酵」、害をもたらすのが「腐敗」である。
酸素の有無: 嫌気（酸素がない）状態で進むことが多いが、カビの有機酸発酵など酸素が必要な場合もある。 
2. 主な発酵の種類
アルコール発酵: 酵母が糖をアルコールと炭酸ガスに分解。ビール、ワイン、パンなど。
乳酸発酵: 乳酸菌が糖を乳酸に分解。ヨーグルト、キムチ、チーズ、漬物など。
酢酸発酵: 酢酸菌がアルコールを酢酸に分解。お酢。
アミノ酸発酵: 微生物がアミノ酸を生成。調味料など。 
3. 日本における発酵文化
国菌「麹菌」: 味噌、醤油、酒、酢、みりんなど、日本の調味料は麹（こうじ）カビを活用したものが非常に多い。
多様性: 高温多湿な気候により、納豆、鰹節、漬物などバラエティに富んだ発酵食品が発展した。 
4. 発酵のメリット
保存性の向上: 微生物が生成する酸やアルコールが腐敗菌の繁殖を抑える。
栄養価の向上: ビタミンB群やアミノ酸が増加し、食材が消化しやすくなる。
旨味の向上: タンパク質がアミノ酸に分解されることで深い味わいが出る。 
5. 近年の展開
食品以外にも、美容、健康、医療、バイオ燃料、産業用酵素の生産など、幅広い分野に応用されている。

https://ja.wikipedia.org/wiki/%E7%99%BA%E9%85%B5

発酵（はっこう、英: fermentation、醱酵[注釈）は、酵素の働きによって有機物質に化学変化をもたらす代謝プロセスである。生化学では、酸素のない状態で炭水化物からエネルギーを取り出すことと、狭義に定義される。食品製造（英語版）においては、より広く、微生物の活動が食品や飲料に望ましい変化をもたらすあらゆる過程を指すこともある[1]。発酵の科学は発酵学または酵素学と呼ばれる。

微生物において、発酵は、有機栄養素の嫌気的（英語版）な分解を通じてアデノシン三リン酸（ATP）を生成する主要な手段である。

人類は新石器時代から、食品や飲料の生産に発酵を利用してきた。たとえば、発酵は、キュウリのピクルス、コンブチャ、キムチ、ヨーグルトなどの酸っぱい食品に含まれる乳酸を生成する工程で長期保存を可能としたり、ビールやワインなどのアルコール飲料の製造（英語版）にも利用されている。また、発酵は、人間を含むすべての動物の消化管内でも起こる。

工業的発酵（英語版）とは、化学物質、バイオ燃料、酵素、タンパク質、医薬品の大規模製造に微生物を応用する工程を指す、さらに上位の概念である。","[""import"",""japanese""]",2026-02-22 09:21:41.476371+00,e1848554-ffae-479c-a8cd-4c0d77b7bed2,2026-03-19 15:55:50.007522+00,0,0,0,2026-03-19 15:55:50.007522+00,0,null,null,null,false,null,null,null,null,true,d5bcb736-15af-4590-a9f5-3f6b42109a5d,null,null,"{""tables"":{""1"":{""rows"":[],""columns"":[]}}}",null,[],null,null
4525f4a3-102e-4101-87d0-9dac2598a9f6,通報（つうほう）,"通報（つうほう）は、事件・事故・違反などの情報を緊急機関や関係機関に知らせることです。緊急時は110番（警察）や119番（消防・救急）へ電話し、状況に応じて匿名での通報や、警察相談専用電話「＃9110」の利用も可能です。ネット上の犯罪はインターネット・ホットラインセンターへ報告します。 
主な通報窓口と用途
警察 (110番): 事件・事故の発生、犯罪の目撃など緊急事態。
消防・救急 (119番): 火災、急病、事故による救急搬送。
警察相談専用電話 (#9110): ストーカー、DV、悪質商法など緊急ではない悩み・相談。
インターネット・ホットラインセンター: ネット上の違法・有害情報。
匿名通報ダイヤル: 暴力団や特殊詐欺、薬物犯罪などの情報提供。 
通報時のポイント
110番・119番: 「場所」「何が起きたか」「負傷者の有無」「通報者の氏名・連絡先」を落ち着いて伝えます。
匿名性: 犯罪の通報は匿名でも可能であり、警察は必要に応じて対応します。
SNS・ネット: チャットやSNS上の迷惑行為は各プラットフォームの機能で通報できます。 
緊急でない相談は「＃9110」や最寄りの警察署を利用してください。","[""import"",""japanese""]",2026-02-22 09:21:41.476371+00,e1848554-ffae-479c-a8cd-4c0d77b7bed2,2026-03-19 15:55:50.007522+00,0,0,0,2026-03-19 15:55:50.007522+00,0,null,null,null,false,null,null,null,null,true,b9e78177-a10d-40eb-8daf-9ebf97e28f6e,null,null,"{""tables"":{""1"":{""rows"":[],""columns"":[]}}}",null,[],null,null
4a5deaac-7fdd-4783-92df-e83f8854d966,有休消化（ゆうきゅうしょうか）,"https://youtu.be/X_2YUYblyfk?si=urJKLiTZE5edEVy4

有休消化（ゆうきゅうしょうか）とは、労働者に付与された年次有給休暇を実際に取得・消費することで、2019年4月からの法改正で「年10日以上の有給が付与される労働者」に対し、年間5日の有給取得が義務化されました。会社はこれを強制でき、違反すると罰金が科される場合があり、従業員はリフレッシュや生産性向上のために、退職時には残りの有休を消化することが一般的です。 
有休消化のポイント
義務化の内容: 年10日以上の有給が付与される労働者（管理職含む）は、付与日から1年以内に最低5日取得する必要がある（バクラク, GMOサイン, ミイダス corp.）。
対象者: 雇用形態に関わらず、有給付与日数が10日以上の全労働者が対象（マネーフォワード クラウド）。
期限: 有給が付与された日（基準日）から1年以内（バクラク, ジンジャー）。
罰則: 違反した企業には、労働者1人につき30万円以下の罰金が科される可能性がある（バクラク, GMOサイン）。
目的: 従業員の疲労回復、リフレッシュ、労働意欲の向上、生産性向上（マネーフォワード クラウド, ジンジャー）。 
退職時の有休消化
権利: 退職が決まっていても、残った有給は法的に取得可能（マネーフォワード クラウド, MS-Japan）。
円満退職のために: 会社との調整や引き継ぎを考慮し、できるだけ早めに退職意思と有休消化の計画を伝えることが望ましい（マネーフォワード クラウド, MS-Japan）。
拒否された場合: 会社が一方的に拒否することはできないが、業務への支障がある場合は時季変更権を行使できる（マネーフォワード クラウド, Freee）。
買い取り: 法律で義務付けられておらず、会社の就業規則に明記されていなければ買い取りは拒否される場合がある（マネーフォワード クラウド, Freee）。
会社側の対応
義務化への対応: 計画的付与制度の導入や、半日・時間単位での取得を認めるなどの施策が有効","[""import"",""japanese""]",2026-02-22 09:21:41.476371+00,e1848554-ffae-479c-a8cd-4c0d77b7bed2,2026-03-19 15:55:50.007522+00,0,0,0,2026-03-19 15:55:50.007522+00,0,null,null,null,false,null,null,null,null,true,519429bd-d4f5-4bf3-8c62-8edf23dec28a,null,null,"{""tables"":{""1"":{""rows"":[],""columns"":[]}}}",null,[],null,null
4bc4e209-6894-4d4f-ae55-797493c51816,「召し上がれ（めしあがれ）」,"https://youtu.be/aHA9_MbatJg?si=yeTezhpY-d_Xa5Tj

「召し上がれ（めしあがれ）」は、料理を相手に勧める際に「食べてください」をより丁寧・親しみ深く表現する言葉です。食事を楽しんでもらう気持ちを伝える決まり文句であり、英語では""Enjoy your meal""や""DMM英会話 Enjoy!""、フランス語では""フランス語教室F10 Bon appétit""（ボナペティ）が相当します。 
主な特徴・用法
敬語の構成: 「食べる」の尊敬語「召し上がる」の命令形（「～なさい」に近い表現）です。
文脈: 主に料理を出す側が、食べる人に対して温かい雰囲気で使います。
類語: より丁寧な表現として「どうぞお召し上がりください」「ご賞味ください」などがあります。
注意点: 目上の方に対して「召し上がれ」だけではやや強制的（命令的）に聞こえる場合があるため、その際は「どうぞ召し上がってください」が適しています。 
温かい食事の場面で使われる、心遣いを伝える言葉です。","[""import"",""japanese""]",2026-02-22 09:21:41.476371+00,e1848554-ffae-479c-a8cd-4c0d77b7bed2,2026-03-19 15:55:50.007522+00,0,0,0,2026-03-19 15:55:50.007522+00,0,null,null,null,false,null,null,null,null,true,27ce7724-0a99-4f01-b7bb-5884fe136167,null,null,"{""tables"":{""1"":{""rows"":[],""columns"":[]}}}",null,[],null,null
4e90439f-997e-4261-a44c-8ba01d7bf3ca,「媚びる（こびる）」,"「媚びる（こびる）」とは、気に入られようとして相手の機嫌をとったり、相手の気を引くようななまめかしい態度（しな）をとったりする行動です 小学館。へつらう、おもねると同義で、目的達成のために実力以上に相手を立てたり、過度に同調したりする姿勢を指します 情報・知識＆オピニオン imidas、株式会社創寫舘。 
主な意味とニュアンス
へつらう・おもねる: 上司や目上の人に気に入られるよう機嫌をとる（例：媚びを売る）。
色目を使う・しなを作る: 異性の気を引こうと、なまめかしい仕草をする。
同調・追従: 自分の意思よりも相手の意見に合わせて気に入られようとする。 
「媚びる」人の特徴や背景
自信が希薄: 自己評価が低く、他者からの評価を最優先する。
メリット重視: 出世や好感度を狙った行動であることが多い。
リスク: 相手が実力主義者の場合、逆効果で評価が下がる可能性がある。 
類語・関連語
阿諛（あゆ）する、取り入る、おべっかを使う。 
以前は女性から男性への態度に使われる傾向がありましたが、現代では性別に関係なく使われています。

https://mazii.net/ko-KR/search/word/jako/%E5%AA%9A%E3%81%B3%E3%82%8B

◆ 알랑거리다; 아첨하다; 비위를 맞추다.

上司[上役]に媚びる同僚
상사에게 알랑거리는 동료

権力に媚びる
권력에 빌붙다

時流に媚びない
시류에 영합하지 않다

◆ 아양 떨다; 교태를 부리다.

媚びるような表情
아양을 떠는 듯한 표정

母親に媚びるようにしなだれかかる
엄마에게 아양을 떨며 몸을 기대다

しなを作って媚びる
(갖은) 교태와 아양을 부리다","[""import"",""japanese""]",2026-02-22 09:21:41.476371+00,e1848554-ffae-479c-a8cd-4c0d77b7bed2,2026-03-19 15:55:50.007522+00,0,0,0,2026-03-19 15:55:50.007522+00,0,null,null,null,false,null,null,null,null,true,775f572d-7d97-4977-be9e-2b9105c8aa5c,null,null,"{""tables"":{""1"":{""rows"":[],""columns"":[]}}}",null,[],null,null
4fc254ac-9347-46d0-9005-2784ed1e3bb6,「取り消し（とりけし）」,"「取り消し」とは、一度有効に成立した契約や法律行為を、後からその効果を「初めに遡って」無効にすることです。制限能力者や詐欺・強迫などの問題がある行為に適用され、取り消されると契約は当初からなかったものとみなされます。似た言葉の「撤回」は将来に向けて効力を消滅させる点で異なります。 
取り消しの主な詳細：
効果: 法律行為の効力を遡及的に失わせる（最初からなかったことになる）。
対象: 詐欺・強迫による意思表示、未成年者など制限能力者の行為。
期限: 追認できる時から5年、行為の時から20年で時効消滅する。
第三者対応: 原則として取り消しの効果は第三者に対抗できるが、詐欺による取消しは善意の第三者に対抗できない場合がある。
対比: 契約締結時からの問題に基づき過去に遡る「取消し」に対し、適法に成立した後に事情変更で将来の効力をなくすのは「撤回」。 
日常生活におけるキャンセル、あるいは手続きのやり直し全般を指す場合にも使用されます。","[""import"",""japanese""]",2026-02-22 09:21:41.476371+00,e1848554-ffae-479c-a8cd-4c0d77b7bed2,2026-03-19 15:55:50.007522+00,0,0,0,2026-03-19 15:55:50.007522+00,0,null,null,null,false,null,null,null,null,true,bb8f28ed-ce0b-4eac-bfcc-bcd87244b90e,null,null,"{""tables"":{""1"":{""rows"":[],""columns"":[]}}}",null,[],null,null
543e0585-8e68-4496-9e06-0d00d5d58a64,封筒（ふうとう）,"封筒（ふうとう、봉투）は、手紙や書類、荷物などを送る際に内容物を保護・梱包するためのもので、長形（和封筒）、角形（洋封筒）、洋形（横型封筒）などの種類があり、定形郵便と定形外郵便でサイズが細かく分かれ、クラフト、OPP（透明）、クッション封筒など素材も多様で、用途（DM、フリマ発送、ビジネス文書など）に合わせて選ばれ、郵便局や文具店、通販サイトで購入できます。 
主な封筒の種類と用途
長形（なががた）: 和封筒とも呼ばれ、長3封筒（A4三つ折り）、長4封筒（B5四つ折り）が代表的で、ビジネス文書や請求書、お礼状などに広く使われます。
角形（かくがた）: A4用紙を折らずに入れられる角2封筒がビジネスで定番で、履歴書やカタログ送付に便利です。
洋形（ようがた）: 招待状や案内状、DM（ダイレクトメール）によく使われ、ダイヤモンド貼り（カマス貼り）などの貼り方があります。
クッション封筒: 中にプチプチ（緩衝材）が付いており、衝撃に弱い小物や化粧品などの発送に適しています。
OPP（透明）封筒: 中身が見えるため、アパレルや雑貨の発送、ラッピングなどに使われます。 
選び方のポイント
送るものに合わせてサイズを選ぶ: A4用紙なら角2、A4三つ折りなら長3（または洋長3）など、中身のサイズに合わせます。
用途で素材を選ぶ: 大切な書類は透けない封筒や厚手のもの、CDや小物ならクッション封筒など、保護したい度合いで選びます。
郵便料金を確認する: 定形郵便（長3・長4など）か定形外郵便（角2など）かで料金が変わるため、重さとサイズを確認します。 
便利な機能
テープ付き（のり付き）: 封を素早くできるため、大量発送に便利です。
透けない（地紋入り）: プライバシー保護や内容物が見えないようにしたい場合に役立ちます。 
どこで買う？
郵便局（レターパックなど特定郵便物も）
文具店、ホームセンター、スーパー（Amazon、楽天、ASKUL、モノタロウなどの通販サイトも豊富）","[""import"",""japanese""]",2026-02-22 09:21:41.476371+00,e1848554-ffae-479c-a8cd-4c0d77b7bed2,2026-03-19 15:55:50.007522+00,0,0,0,2026-03-19 15:55:50.007522+00,0,null,null,null,false,null,null,null,null,true,ae93ff7c-da43-4eb1-8ddd-7468d28b799c,null,null,"{""tables"":{""1"":{""rows"":[],""columns"":[]}}}",null,[],null,null
5645ada6-03a2-4232-93e1-6121dfd56db3,「イラッとした」,"「イラッとした」時は、怒りのピークである最初の「6秒」をやり過ごすのが効果的です。深呼吸をする、その場を離れる、心の中で数字を数える（アンガーマネジメント）などが有効です。溜め込まず、疲労回復や運動、趣味で気分転換をして、心の余裕を取り戻しましょう。 
イラッとした時の具体的な対処法
6秒待つ・数える: 怒りの感情（アドレナリン）のピークは最初の6秒です。数字を数えることで理性を取り戻しやすくなります。
深呼吸・その場を離れる: 一旦物理的に距離を置き、気持ちを落ち着かせます。
原因を書き出す: 何にイライラしたのかを書き出し、客観視して整理します。
思考の切り替え: 「他人は思い通りにならない」と認識したり、イライラするメリットを考えてみたりします。
身体を動かす・リラックス: ヨガ、ストレッチ、散歩などでセロトニンを増やし、ストレスを解消します。 
イラつく原因の傾向
仕事・家庭のストレス: 思った通りにいかない、家事分担の不満など。
期待とのズレ: 相手に期待しすぎていた場合。
身体の疲れ: 疲労やストレスが溜まっているとイライラしやすくなります。 
まずはひと呼吸おいて、自分に合った発散方法を見つけてみてください。","[""import"",""japanese""]",2026-02-22 09:21:41.476371+00,e1848554-ffae-479c-a8cd-4c0d77b7bed2,2026-03-19 15:55:50.007522+00,0,0,0,2026-03-19 15:55:50.007522+00,0,null,null,null,false,null,null,null,null,true,60acb7dd-d756-4883-8d24-bb6ac4e6e9f2,null,null,"{""tables"":{""1"":{""rows"":[],""columns"":[]}}}",null,[],null,null
570b112c-f159-4d93-a55a-f474a4a0b044,「不甲斐ない（ふがいない）」,"鬼滅の刃無限列車編

「不甲斐ない（ふがいない）」は、期待に応えられず情けない、だらしない、意気地がない様子を表す言葉です。自分の力不足や結果が出なかったことに対する反省・自責の念、あるいは他者に対する失望を表す際に主に用いられます。 
主な意味とニュアンス
意味: 情けないほど意気地がない。だらしない。頼りにならない。
ニュアンス: ネガティブな感情が強く、主に自分自身の言動を恥じる際や、期待外れな結果に終わった時に使われる。 
例文・使い方
「不甲斐ない自分に腹が立つ」
「このような不甲斐ない結果になり、申し訳ありません」
「不甲斐ない部下だ」 
類語・言い換え
情けない
意気地がない
だらしない
力不足
頼りない 
注意点
「不」と「ない」の二重否定であるにもかかわらず、プラスの意味にならず、ネガティブな意味（否定的な状況）で使われるのが特徴。 

https://mazii.net/ko-KR/search/word/jako/%E4%B8%8D%E7%94%B2%E6%96%90%E3%81%AA%E3%81%84

◆ 기개가 없다; 칠칠치 못하다; 한심스럽다.

腑甲斐無い奴め
칠칠치 못한 녀석 같으니라고

腑甲斐無い成績
한심스러운 성적

あんな相手に負けるなんて腑甲斐無い
저런 상대에게 지다니 한심하다","[""import"",""japanese""]",2026-02-22 09:21:41.476371+00,e1848554-ffae-479c-a8cd-4c0d77b7bed2,2026-03-19 15:55:50.007522+00,0,0,0,2026-03-19 15:55:50.007522+00,0,null,null,null,false,null,null,null,null,true,d77f1240-f7e7-453e-9a5c-cbb9d234c3ae,null,null,"{""tables"":{""1"":{""rows"":[],""columns"":[]}}}",null,[],null,null
5abb0ff3-9ba2-4a3d-b192-cf271bfc360b,「湿る（しめる）」,"Netflix　Talk Queens　07

「湿る（しめる）」は、物や空気が水分を含んでしっとりする、または濡れる状態を指す動詞です。洗濯物、湿気を含んだ空気、海苔などの乾燥食品が柔らかくなる際によく使われます。類語には濡れる、湿気を帯びる、湿り気を持つなどがあります。 
意味と特徴
物理的な湿気: 物が水分を吸って、乾いていない状態。「湿った洗濯物」「湿った海苔」。
大気の湿度: 空気が湿り気を帯びている状態。「空気が湿る」「湿った風が吹く」。
古語・その他: 火が消える、静かになる、物思いに沈むなどの意味でも使われました。 
「湿る」と類似語・関連語の使い分け
湿る (しめる): わずかな水分を含んだ状態。
湿気る (しける): 主に乾燥食品が空中の水分を吸って食感が悪くなること。「海苔が湿気る」。
濡れる (ぬれる): 水がついて濡れている状態。滴る（したたる）ほど濡れていることも含む。 
よく使われる表現
湿った空気 / 湿った風
洗濯物が湿る
湿っぽい（しめっぽい：湿り気がある、またはお通夜などのしんみりした様子） 

https://mazii.net/ko-KR/search/word/jako/%E6%B9%BF%E3%82%8B

◆ 축축[눅눅]해지다; 촉촉히 젖다; 습기 차다.

夜露で湿った地面
밤이슬로 촉촉히 젖은 지면

湿った布団を日に干す
축축한 이불을 햇볕에 말리다

梅雨時で家の中が湿ってきた
장마철이라서 집 안이 눅눅해졌다

◆ 우울[침울]해지다; 활기가 없이 가라앉은 상태가 되다.

座が湿る
분위기가 가라앉다

打線が湿っている
(야구의) 타선이 활기를 잃고 있다

気持ちが湿りがちになる
기분이 자꾸 우울해지려 하다","[""import"",""japanese""]",2026-02-22 09:21:41.476371+00,e1848554-ffae-479c-a8cd-4c0d77b7bed2,2026-03-19 15:55:50.007522+00,0,0,0,2026-03-19 15:55:50.007522+00,0,null,null,null,false,null,null,null,null,true,e4a89acb-8bb9-4228-bc19-15f79efb83ff,null,null,"{""tables"":{""1"":{""rows"":[],""columns"":[]}}}",null,[],null,null
5cac1574-7602-41b2-96c0-b35e04da251f,「手薄（てうす）になった」,"https://youtu.be/_kp2NeaJsCc?si=YkLKXjQA7w5QCnZA

つまり国境の警備は手薄になっている。
결국엔 국경의 경비가 허술해졌다.

「手薄（てうす）になった」とは、人手、金銭、物資などの用意・準備が不十分になり、必要な量が不足している状態を意味する表現。人手が少なくなった場合や、警備や防衛が脆弱になった状況でよく使われる。 
「手薄になった」の主な意味と使用例
人手不足・人員不足: 「忙しくて人手が手薄になった」
警備・防衛の脆弱化: 「防衛が手薄になる」
資金・準備の不足: 「資金が手薄になる」 
類語・言い換え
人手が不足する
手薄になる
働き手が少なくなる
心もとない 
対義語としては、「手厚い（てあつい）」や「余裕がある」が挙げられます。

https://mazii.net/ko-KR/search/word/jako/%E6%89%8B%E8%96%84

◆ 일손이 적음; 허술함; 불충분함.

手薄に乗じて
허술함을 틈타서

警備が手薄だ
경비가 허술하다

控えの選手が手薄だ
예비 선수가 부족하다

◆ (수중에 금품 따위가) 적음.

所持金が手薄だ
소지금이 부족하다

在庫が手薄になる
재고가 바닥을 드러내다","[""import"",""japanese""]",2026-02-22 09:21:41.476371+00,e1848554-ffae-479c-a8cd-4c0d77b7bed2,2026-03-19 15:55:50.007522+00,0,0,0,2026-03-19 15:55:50.007522+00,0,null,null,null,false,null,null,null,null,true,728df3dd-19d6-4d3b-91b0-80b34c1ede29,null,null,"{""tables"":{""1"":{""rows"":[],""columns"":[]}}}",null,[],null,null
5f4c4d81-1abf-44d9-abcb-f523684e1ed3,覚ます、覚める,"主な違いと使い分け
覚ます（他動詞）：目的語（目、意識、迷いなど）を能動的にさめさせる。
例：目覚まし時計が私を覚ます。
例：夢から（自分を）覚ます。
覚める（自動詞）：対象が自然にさめる、眠りから覚める。
例：朝の光で目が覚める。
例：酔いが覚める。 
共通する意味
眠っている状態、または夢・迷い・酔いから抜け出し、意識がはっきりしている「覚醒」状態を指します。 
言い換えの例
目が覚める：起床する、目が開く。
目を覚ます：目を醒ます、意識を取り戻す。 
基本的には、自分の意識や眠りが自然に終わる場合は「覚める」、能動的な働きかけがある場合は「覚ます」と使い分けます。
【医師監修】覚醒とはどういう状態を指す？睡眠のメカニズムや質を ...
2026. 1. 19. — 目を覚ます状態を意味する言葉には、ほかにも「起床する」「起きる」「目覚める」など複数ありますが、覚醒と意味に大きな違いは...

NELL マットレス
Usage of 目を覚ます and 目が覚める
2012. 1. 16. — As you said, one is transitive, the other is intransitive. 目...

Japanese Language Stack Exchange

さます - ウィクショナリー日本語版
動詞:覚ます・醒ます 眠っているものが覚醒する。 心の迷いを解く。

Wiktionary
모두 표시
「覚ます」と「覚める」は、主に睡眠や意識の状態を表す他動詞と自動詞の関係です。「目を覚ます」は意図的に起きる、あるいは起こす能動的な動作を指し、「目が覚める」は眠りから自然に意識が戻る自動的な状態を表します。","[""import"",""japanese""]",2026-02-22 09:21:41.476371+00,e1848554-ffae-479c-a8cd-4c0d77b7bed2,2026-03-19 15:55:50.007522+00,0,0,0,2026-03-19 15:55:50.007522+00,0,null,null,null,false,null,null,null,null,true,35270308-fb94-4e5b-ad87-7f536fa62a8e,null,null,"{""tables"":{""1"":{""rows"":[],""columns"":[]}}}",null,[],null,null
5f630dbb-7fc1-435c-b6e8-5c1f6e5c78ed,"for → if/else → for 구조,알아두면 좋은 명령어/개념","for → if/else → for 구조가 왜 이런 모양인지

네가 보여준 코드에서 알아두면 좋은 명령어(메서드/개념) 정리

1) for 안에 if/else 안에 for… 이 구조가 왜 나오냐?
이 코드는 “DOM 요소를 만드는 함수”인데, 입력이 이렇게 들어와:

props는 어떤 키가 올지 모르는 옵션 묶음(객체)
예: { class, id, dataset, onClick, text, ... }

children도 문자열/노드/숫자/null 등 여러 타입이 섞여서 들어올 수 있음

즉, 입력이 유연한 만큼 처리 로직이 분기(조건)로 늘어나는 구조가 자연스러워.

(A) 바깥 for가 필요한 이유: props를 전부 순회해야 하니까
for (const [k, v] of Object.entries(props)) {


props에 뭐가 들어왔든 하나씩 처리하려면 순회가 필요해.

(B) if / else if가 필요한 이유: key마다 처리 방식이 다르니까

class는 setAttribute가 아니라 className으로 처리하는 게 편함

dataset은 한 번에 못 넣고, 내부 key들을 다시 순회해야 함

onClick 같은 건 setAttribute가 아니라 addEventListener로 처리해야 함

text는 textContent로 처리해야 함

그 외는 일반 속성으로 처리

그래서 “키 종류 판별”을 위해 if/else 체인이 생김.

(C) 안쪽 for가 또 필요한 이유: dataset은 “객체 안의 객체”라서
else if (k === ""dataset"" && v && typeof v === ""object"") {
  for (const [dk, dv] of Object.entries(v)) node.dataset[dk] = String(dv);
}


dataset은 { id: 3, type: ""note"" }처럼 여러 개가 들어오니까
그 내부를 다시 순회해야 해서 for가 한 번 더 나오는 거야.

✅ 결론:
**“다양한 입력을 한 함수로 처리하려고 만든 유틸”**이라
순회(for) + 분기(if) + 중첩 데이터 순회(for)가 자연스럽게 생긴 구조야.

React에서는 이걸 프레임워크가 내부에서 대신 처리해줘서 우리가 못 보게 되는 거고.

2) 네 코드에서 “알아두면 좋은 명령어/개념” 정리
A. DOM 선택/생성/삭제

querySelector(sel) : 선택자로 요소 1개 찾기

document.createElement(tag) : 요소 생성

node.removeChild(child) : 특정 자식 제거

node.firstChild : 첫 번째 자식 노드 (있으면 truthy)

node.append(...) : 자식으로 “뒤에” 추가 (문자열/노드 모두 가능, 여러 개 가능)

node.appendChild(node) : 자식으로 추가(노드만 가능)

B. 객체 순회/분해

Object.entries(obj) : [[key, value], ...] 형태로 변환해서 순회 가능

for (const [k, v] of ...) : 구조분해로 key/value 바로 받기

C. 문자열 처리(안전하게 처리하는 습관)

String(x) : 뭐가 오든 문자열로 변환 (에러 줄임)

v ?? """" : null/undefined일 때만 기본값 적용

k.startsWith(""on"") : ""on""으로 시작하는지 검사

k.slice(2) : 앞의 2글자 잘라내기 (onClick → Click)

.toLowerCase() : 소문자로 변환 (Click → click)

D. 이벤트

node.addEventListener(type, handler) : 이벤트 등록
(onClick을 click으로 바꿔서 등록하는 패턴)

E. 타입/존재 체크(실무에서 엄청 중요)

Array.isArray(x) : 배열인지 체크

typeof x === ""function"" : 함수인지 체크

x && typeof x === ""object"" : “null이 아닌 객체”인지 체크

ch == null : null/undefined 둘 다 거르기 (의도적인 패턴)

ch.nodeType : DOM 노드인지 판별 (노드면 숫자 타입 값이 있음)","[""import"",""coding""]",2026-02-22 09:21:41.476371+00,e1848554-ffae-479c-a8cd-4c0d77b7bed2,2026-03-19 15:55:50.007522+00,0,0,0,2026-03-19 15:55:50.007522+00,0,null,null,null,false,null,null,null,null,true,1a5e1034-f858-4903-8358-8f8376466abc,null,null,"{""tables"":{""1"":{""rows"":[],""columns"":[]}}}",null,[],null,null
64c995f3-a422-4739-975f-f635cbef68fb,脈絡（みゃくらく）,"https://mazii.net/ko-KR/search/word/jako/%E3%81%BF%E3%82%83%E3%81%8F%E3%82%89%E3%81%8F

◆ 맥락.
◆ 혈맥; 혈관.

脈絡膜
맥락막.

◆ 연관; 연결; 관련.

脈絡のない文章
문맥이 통하지 않는 문장

前後の脈絡
앞뒤의 연관

両者の間には脈絡が認められない
양자 사이에는 관련성을 찾아볼 수 없다

https://www.kpedia.jp/w/41883

「脈絡」の韓国語「맥락」を使った例文

・이야기에 맥락이 없다.
話に脈絡がない

・전후의 맥락을 살펴보면 공무원의 직무유기라는 점에는 변명의 여지가 없어 보인다.
前後の脈絡をみると、公務員の職務放棄という点には弁解の余地がなさそうにみえる。

・학술 논문에서 연표를 사용하여 역사의 맥락을 설명한다.
学術論文で年表を使用し、歴史の脈絡を説明する。

・그 표현은 이 맥락에서 조금 이상해.
その表現はこの文脈では少し変だ。","[""import"",""japanese""]",2026-02-22 09:21:41.476371+00,e1848554-ffae-479c-a8cd-4c0d77b7bed2,2026-03-19 15:55:50.007522+00,0,0,0,2026-03-19 15:55:50.007522+00,0,null,null,null,false,null,null,null,null,true,6a900e49-4e2c-43b9-8c75-5b978424c12d,null,null,"{""tables"":{""1"":{""rows"":[],""columns"":[]}}}",null,[],null,null
658ccec1-2a82-47c7-8b3a-b3acc6acb536,嵐（あらし）,"NetflixドラゴンボールZタイトル

スーパーサイヤ人限界突破嵐を呼ぶトランクス
초사이어인의 한계돌파 폭풍을부르느 트랭크스

https://nihongokanji.com/1815

嵐（あらし）는 ""폭풍우""","[""import"",""japanese""]",2026-02-22 09:21:41.476371+00,e1848554-ffae-479c-a8cd-4c0d77b7bed2,2026-03-19 15:55:50.007522+00,0,0,0,2026-03-19 15:55:50.007522+00,0,null,null,null,false,null,null,null,null,true,547a370e-e94f-44fc-a4f8-1438c37441d6,null,null,"{""tables"":{""1"":{""rows"":[],""columns"":[]}}}",null,[],null,null
66533a80-b915-4f41-a07d-5bcbebe18179,「古い（ふるい）」,"「古い（ふるい）」は、長い年月が経っていること（例：古い建物、古い話）、時代遅れであること（例：古い考え方）、または新鮮でないこと（例：古い食べ物）を表す日本語の形容詞で、対義語は「新しい」です。具体的な使い方としては「古い制度」「古くからの顔ぶれ」「感覚が古い」「古いりんご」などがあります。 
主な意味
時間的経過: 多くの年月が過ぎている状態。「古いアルバム」「古い歌」。
時代遅れ・旧式: 今の時代に合わない、古風な様子。「古いデザイン」「古い習慣」。
鮮度がない: 食べ物などが新鮮さを失っていること。「古いパン」。 
関連語・類語
古びた、古めかしい、老朽化した: 物理的に古くなった様子。
時代遅れ、古臭い、旧式: 流行や感覚が古いこと。
古典的、アンティーク、ヴィンテージ: 趣がある、価値のある古いもの。 

https://mazii.net/ko-KR/search/word/jako/%E3%81%B5%E3%82%8B%E3%81%84

◆ 오래되다; 오래다.

古い友人
오래된 친구

古い家柄
오랜 가문

古い法律
오래된 법률

◆ 헐다; 오래 사용하여 낡다.

古い机
헌 책상

古い皮袋に新しい酒を盛る
헌 부대에 새 술을 담다(새로운 내용을 낡은 형식으로 표현함의 비유)

◆ 옛일이다.

古い時代
옛 시대

彼と知り合ったのも古い話だ
그와 알게 된 것도 옛이야기다

◆ 신식이 아니다; (생각 등이) 낡다.

古い型の洋服
구형[구식] 양복

古い洒落[話]
케케묵은 익살[이야기]

頭が古い
구식이다; 완고하다

◆ (음식 등이) 신선하지 않다.

古い牛乳
신선하지 않은 우유

◆ 연공(年功)이 쌓이다; 노련하다.","[""import"",""japanese""]",2026-02-22 09:21:41.476371+00,e1848554-ffae-479c-a8cd-4c0d77b7bed2,2026-03-19 15:55:50.007522+00,0,0,0,2026-03-19 15:55:50.007522+00,0,null,null,null,false,null,null,null,null,true,acd61de9-39d9-407a-b7db-1e2172dd4d78,null,null,"{""tables"":{""1"":{""rows"":[],""columns"":[]}}}",null,[],null,null
68d78c34-7565-4599-b18f-21562ac98b79,「誘われる（さそわれる）」,"https://youtu.be/n3KEuVXaMmw?si=Gf3NjFcTh246T8_h

「誘われる（さそわれる）」は、誰かから行動（食事、遊び、イベントなど）に誘いかけられること、または何かに引き寄せられることを指す言葉です。受動的な意味のほか、誘惑されるといった文脈でも使われます。また、韓国語では「招待を受ける（초대받다）」という意味でも翻訳されます。 
意味とニュアンス
行動のはたらきかけ: 誰かからお誘いを受ける、声をかけられること。
心理的な引き寄せ: 心が惹かれる、魅了されること。
誘惑・影響: 誘惑によって正常な判断ができなくなること。 
関連・類語表現
誘いに乗る・応じる: 誘われて行くこと。
引き寄せられる・吸い寄せられる: 自然と心が向かうこと。
ナンパされる・声をかけられる: 異性などから声をかけられること。 
文脈による解釈
ポジティブ: デートやお食事への誘い。
ネガティブ: 良くないことに誘われる、騙される（誘惑される）。
自発的なニュアンス: 「自然と〜へ誘われる」のように、抗えない魅力に引き込まれる様子。","[""import"",""japanese""]",2026-02-22 09:21:41.476371+00,e1848554-ffae-479c-a8cd-4c0d77b7bed2,2026-03-19 15:55:50.007522+00,0,0,0,2026-03-19 15:55:50.007522+00,0,null,null,null,false,null,null,null,null,true,b08c93d8-49f8-4b9e-90f3-83bb2dca72b6,null,null,"{""tables"":{""1"":{""rows"":[],""columns"":[]}}}",null,[],null,null
697e60fa-9f68-41a4-93b0-3940ac87f674,目が合う（めがあう）,"Netflix　Talk Queens　07

目が合う（めがあう）とは、2人の視線と焦点が偶然または意識的に一致する「アイコンタクト」のことです。好意のサイン（特に頻繁な場合）、興味・好奇心、あるいはたまたま見渡した先といった理由が挙げられます。目が合った後の笑顔や照れ隠し（視線を逸らす）は親近感や脈ありの可能性を示唆します。 
目が合う時の心理と状況
好意・興味（脈あり）: よく目が合うのは、相手があなたの表情を伺っていたり、好意を持って見つめていたりする可能性が高いです。
好奇心: 「面白い」「気になる」という好奇心から視線を向けているケースです。
偶然・確認: 単に周囲を見渡していた、または安全確認の動作など。
用件がある: 職場で、仕事の確認や相談事がある場合。 
心理的・行動的サインの読み解き方
頻度が高い: 1日に何度も目が合うなら、相手があなたを強く意識しているサイン。
目が合った後の反応:
微笑む・照れる: 好意の証拠。心動いた瞬間。
すぐに逸らす: 照れ隠しや、あまりに強く見つめすぎて動揺したケース。逆に全く無関心な場合も。
凝視する: 興味が強い、あるいは何かを伝えたい。
距離感: 1.2m以内の近い距離（パーソナルスペース内）でよく合う場合は、親密になりたい心理の表れ。 
対処法
気になる相手であれば、笑顔で返したり、軽い会釈をしたりすることで、自然にコミュニケーションのきっかけを作ることができます。","[""import"",""japanese""]",2026-02-22 09:21:41.476371+00,e1848554-ffae-479c-a8cd-4c0d77b7bed2,2026-03-19 15:55:50.007522+00,0,0,0,2026-03-19 15:55:50.007522+00,0,null,null,null,false,null,null,null,null,true,018018a4-74dd-453a-be9b-feb1a8d5d62d,null,null,"{""tables"":{""1"":{""rows"":[],""columns"":[]}}}",null,[],null,null
6a2d56b5-22a7-49d6-8317-1a20f121fbb7,「具材（ぐざい）、식자재」,"「具材（ぐざい）、식자재」とは、鍋物や汁物、カレーなどの料理に入れる肉・魚・野菜などの材料を指し、食材（スーパーで買う前の状態）と材料（料理に使う具体的なもの）の中間の意味合いで使われ、具（ぐ）や「かやく」とも呼ばれます。定番は白菜や大根、鶏肉、豆腐などで、種類は豊富で、料理や地域によって異なります。 
具材の種類例
肉類: 鶏肉、豚肉（バラ、ロース）、牛肉（すじ）、つくねなど。
魚介類: 鮭、たら、エビ、カニ、ホタテ、牡蠣、ちくわ、はんぺんなど。
野菜類: 大根、白菜、長ネギ、玉ねぎ、人参、じゃがいも、もやし、春菊、水菜など。
その他: 豆腐、油揚げ、こんにゃく、しらたき、きのこ類（しいたけ、えのき、しめじなど）、餅巾着など。 
具材の選び方のポイント
栄養バランス: 低脂肪の肉や魚、食物繊維豊富な野菜、きのこ類を意識する。
満腹感: 豆腐、しらたき、食物繊維の多い野菜などを加える。
旨味と食感: 煮込むと甘みが出る玉ねぎ、味が染みやすい大根など、食材の特性を活かす。 
英語での表現
「ingredients（材料）」が一般的です。例: ""Please mix all the ingredients."" (すべての具材を混ぜてください)。

https://kotobank.jp/word/%E5%85%B7%E6%9D%90-483004

料理で、汁や鍋物に入れる肉・魚・野菜などのこと。たね。具。","[""import"",""japanese""]",2026-02-22 09:21:41.476371+00,e1848554-ffae-479c-a8cd-4c0d77b7bed2,2026-03-19 15:55:50.007522+00,0,0,0,2026-03-19 15:55:50.007522+00,0,null,null,null,false,null,null,null,null,true,088c1eac-3296-4d28-9aa1-63f967fcb446,null,null,"{""tables"":{""1"":{""rows"":[],""columns"":[]}}}",null,[],null,null
6ae1c704-831e-448a-8778-5467197efe7a,「失い（うしない）」,"「失い（うしない）」は、動詞「失う（うしなう）」の連用形、あるいは名詞化された形であり、持っていたもの、見えていたもの、場所や機会などをなくすことを指します。紛失、消失、喪失といったネガティブな結果や、見失う、あるいは「安物買いの銭失い」といった表現でよく使われます。 
主な用法・関連表現：
見失う（みうしなう）: 見えていたものの行方が分からなくなること。
安物買いの銭失い（ぜにうしない）: 安いものを買って、結局損をすること。
喪失（そうしつ）: 職、自信、記憶などをなくすこと。
失うの言い換え: 紛失、逸失、手元からなくなる。 
関連して、心理的な喪失や、能力の低下などを表す際にも幅広く用いられます。

https://mazii.net/ko-KR/search/word/jako/%E5%A4%B1%E3%81%84%E3%81%BE%E3%81%97%E3%81%9F

◆ 잃다.
◆ 잃어버리다.

職を失った人
실직한 사람

金を失う
돈을 잃다

心を失う
정신 나가다; 평정을 잃다

◆ 사별(死別)하다; 여의다.

父を失う
아버지를 여의다

子を失う
자식을 잃다

交通事故で家族を失った
교통사고로 가족을 잃었다

◆ 놓치다.

機会を失う
기회를 놓치다
大
事な試合を失った
중요한 시합을 놓쳤다

◆ (‘…たるを失わない’의 꼴로) …의 자격이 있다.

偉人たるを失わない
충분히 위인의 자격[능력]이 있다((위인답다))

◆ 죽이다.

失はむとたくらむ
죽이려고 계획하다","[""import"",""japanese""]",2026-02-22 09:21:41.476371+00,e1848554-ffae-479c-a8cd-4c0d77b7bed2,2026-03-19 15:55:50.007522+00,0,0,0,2026-03-19 15:55:50.007522+00,0,null,null,null,false,null,null,null,null,true,8c95ee56-d21b-418b-8f8b-c6b929187fef,null,null,"{""tables"":{""1"":{""rows"":[],""columns"":[]}}}",null,[],null,null
6c270c6b-6ce5-49ab-ab3c-723cc531c988,「絡み合い（からみあい）」,"https://youtu.be/JJbyZ3hoENw?si=GrpGWy_6-CJAW9KU

そしてその二人はお姫様に内緒でだんだん絡み合いました

「絡み合い（からみあい）」は、複数の物体や事象が互いにもつれ合う、あるいは密接に関係し合う状態を指す言葉です。紐などの物理的な絡まり、複雑な人間関係、絡み合う感情、または物理的な「entanglement」などの文脈で使われます。 
主な意味・用途:
物理的なもつれ: 紐や枝などが互いに巻き付くこと。
関係・状況: 複雑な要因が絡み合うこと。
心理・情景: 感情や思いが交錯すること。 
類語には、「縺れ合い」「絡まり合い」「交錯」などがあります。 

https://mazii.net/ko-KR/search/word/jako/%E7%B5%A1%E3%81%BF%E5%90%88%E3%81%84

◆ 서로 얽히다[엉키다]; 뒤얽히다.

糸が絡み合う
실이 엉키다

男女の関係が複雑に絡み合う
남녀의 관계가 복잡하게 얽히다

絡み合って倒れる
뒤엉기어 쓰러지다.","[""import"",""japanese""]",2026-02-22 09:21:41.476371+00,e1848554-ffae-479c-a8cd-4c0d77b7bed2,2026-03-19 15:55:50.007522+00,0,0,0,2026-03-19 15:55:50.007522+00,0,null,null,null,false,null,null,null,null,true,6f51493a-d681-44c2-a3a0-d60e592fc9a4,null,null,"{""tables"":{""1"":{""rows"":[],""columns"":[]}}}",null,[],null,null
6c3d0adb-c5c2-4593-b42f-ffe004676b70,人見知り（Shyness）,"https://youtu.be/Of5pAeBB9VY?si=8SLtX3YIRLHbMkhK

人見知り（Shyness）とは、初対面や不慣れな相手に対して、不安、緊張、恥ずかしさを感じ、コミュニケーションが消極的になる性格傾向です。元来は乳幼児期に見知らぬ人への恐怖感を表す言葉ですが、大人でも内気や人目が気になる性格を指して使われ、場慣れや会話の積み重ねで軽減可能です。 
人見知りの主な特徴・原因
特徴: 初対面で話しにくい、受け身である、リアクションが薄い、警戒心が強い、よく思われようとして緊張する。
原因: 「周りの目が気になる」といった公的自己意識の高さ、自己評価の低さ、場慣れしていないことなどが挙げられます。
強み: 慎重で相手を気遣う力が強い、慣れると深い人間関係を築ける、観察力が高い。 
人見知りの改善・克服方法
自分から挨拶・笑顔を心がける: 小さなコミュニケーションを積み重ねる。
場数を踏む: 新しい環境や人との交流に少しずつ慣れる。
相手に興味を持つ: 「自分がどう見られているか」から「相手がどんな人か」に意識を向ける。
リラックスする: 完璧に話そうとせず、緊張している自分を受け入れる。
聞き手に回る: 会話において、自分から話さなくても質問をして相手に話をしてもらう。 
人見知りは、周囲への配慮や深い信頼関係を築ける前向きな特性でもあります。緊張や不安が強い場合も、行動を工夫することで人間関係のストレスを軽減することが可能です。

https://mazii.net/ko-KR/search/word/jako/%E4%BA%BA%E8%A6%8B%E7%9F%A5%E3%82%8A

◆ 낯가림.

人見知りをする子
낯가림을 하는 아이

人見知りしない性格
낯을 가리지 않는 성격

人見知りが激しい
낯가림이 심하다

https://www.kpedia.jp/w/8084

「人見知り」の韓国語「낯가림」を使った例文

・그는 낯가림이 심해 사람을 쉽게 사귀지 못해요.
彼は人見知りがひどくて人とたやすく付き合うことができません。

・제가 낯가림이 좀 심해요. 이해해 주세요．
人見知りが激しいので理解してください。","[""import"",""japanese""]",2026-02-22 09:21:41.476371+00,e1848554-ffae-479c-a8cd-4c0d77b7bed2,2026-03-19 15:55:50.007522+00,0,0,0,2026-03-19 15:55:50.007522+00,0,null,null,null,false,null,null,null,null,true,ce0149b0-eb8d-4f99-8513-530366cae1e5,null,null,"{""tables"":{""1"":{""rows"":[],""columns"":[]}}}",null,[],null,null
6cf11228-6a7e-4784-a3e3-1a227caf73ee,彼が普通に受け入れたのには少しイラっとした。,"Netflixホットスポット4話

彼が普通に受け入れたのには少しイラっとした。
그가아무렇지않게 받아들인게 약간 짜증이났다.","[""import"",""japanese""]",2026-02-22 09:21:41.476371+00,e1848554-ffae-479c-a8cd-4c0d77b7bed2,2026-03-19 15:55:50.007522+00,0,0,0,2026-03-19 15:55:50.007522+00,0,null,null,null,false,null,null,null,null,true,2808f0ec-54e3-43ff-a02c-e3ad5510ad62,null,null,"{""tables"":{""1"":{""rows"":[],""columns"":[]}}}",null,[],null,null
6d0fbde3-bc70-4c77-8add-8c45610e8bac,歯磨き(はみがき),"https://youtu.be/HLiervLfbbo?si=JHfBon1qFNhv1mz0

歯磨きしてきました。
양치하고왔어요","[""import"",""japanese""]",2026-02-22 09:21:41.476371+00,e1848554-ffae-479c-a8cd-4c0d77b7bed2,2026-03-19 15:55:50.007522+00,0,0,0,2026-03-19 15:55:50.007522+00,0,null,null,null,false,null,null,null,null,true,ed89dc62-df30-4a89-bc48-0c2f3626176a,null,null,"{""tables"":{""1"":{""rows"":[],""columns"":[]}}}",null,[],null,null
6eb36179-9a3e-4d62-a496-e2bf5dfb6448,「粗めに（あらめに）」,"https://youtu.be/pv7ZxPPICq4?si=Z5u-mIpBCgHCwmER

「粗めに（あらめに）」とは、編み目、木目、粒子などが細かくなく、ざらざらした状態や目の粗い状態を指す表現です。一般的に、素材の表面や材料のカット、粉砕の度合いを示す際に用いられます。 
特徴と用法
素材・目: 布や網などが「荒目（あらめ）」の場合、隙間が大きいことを指す 荒目とは | 墓石に関する用語集。
研磨・面: サンドペーパーなどで「粗い面」や「ざらざらした面」を表現する 粗面 | 広辞典 | 情報・知識＆オピニオン imidas。
料理・加工: 食材を大きく切る、または粗く砕くことを指す（例：粗めに刻む）。 
料理においては、「粗めに刻む」「粗めに砕く」といった表現が使われ、食感や風味を残したい場合に適した加工方法です。","[""import"",""japanese""]",2026-02-22 09:21:41.476371+00,e1848554-ffae-479c-a8cd-4c0d77b7bed2,2026-03-19 15:55:50.007522+00,0,0,0,2026-03-19 15:55:50.007522+00,0,null,null,null,false,null,null,null,null,true,f0535d99-0f20-4574-beba-75117b241c18,null,null,"{""tables"":{""1"":{""rows"":[],""columns"":[]}}}",null,[],null,null
723f3a6f-4bc4-4904-b77a-923d0cf86717,「やがて」,"「やがて」は「まもなく」「そのうちに」「いずれ」といった意味で、近い将来に何かが起こる様子や、最終的にそうなるといった状況を表す副詞で、「そのまま」という古語由来の「状態が連続する」意味も持ちます。文脈によって「すぐに」「最終的に」「ほとんど」など、ニュアンスが変わるのが特徴です。 
主な意味と使い方
まもなく、そのうちに (soon, before long): 近い将来に起こることを示す場合に使われます。
例：「やがて雨が降りそうだ。」（まもなく雨が降りそうだ）
最終的に、結局 (eventually, in the end): 時間が経った後の結果や結末を表します。
例：「努力はやがて実を結ぶだろう。」（努力は最終的に実を結ぶだろう）
そのまま、引き続いて (continuing state): ある状態が継続していることを指します（古語の「そのまま」の意味）。
例：「病気でやがて寝入ってしまった。」（病気のまま、そのまま寝入ってしまった）
ほとんど、危うく (almost, nearly): ほぼその状態である、というニュアンスです。
例：「やがて、一歩及ばず失敗した。」（ほとんど、危うく失敗した） 
類語・言い換え
まもなく、そのうち、いずれ、いつか
最終的に、ゆくゆくは
すぐに、ただちに（古語・文脈による） 
例文
「やがて冬が来る。」（まもなく冬が来る）
「やがて、彼はその道の達人になった。」（最終的に、彼はその道の達人になった）","[""import"",""japanese""]",2026-02-22 09:21:41.476371+00,e1848554-ffae-479c-a8cd-4c0d77b7bed2,2026-03-19 15:55:50.007522+00,0,0,0,2026-03-19 15:55:50.007522+00,0,null,null,null,false,null,null,null,null,true,d10030c8-8acd-4563-9df3-aa6d8a7a34c3,null,null,"{""tables"":{""1"":{""rows"":[],""columns"":[]}}}",null,[],null,null
735ce777-9f1d-4690-bd85-8c07e116d0c6,「使い切り」,"https://youtu.be/mdLc-sEqF2M?si=4Baf9GZzo04Lj8OR

「使い切り」とは、製品や食材などを一度、または短期間で残さず全部使ってしまうこと、またはそのように包装・設計されたものを指す コトバンク、www.marutomo.co.jp。小分けパックやプリペイドカードのように、一回限りの利用や使いやすさを重視した製品に多い概念である。 
主なポイント
全部使い果たす： 削り節の使い切りパックのように、一度で使い切れる大きさ。
一度だけ使って捨てる： いわゆる「使い捨て」と同様に、再利用不可な製品。
用途： 小分けパック（衛生面・鮮度維持）、プリペイドカード（限度額管理）など。
類語： 「使い捨て」、「残量ゼロ」、「消耗品」。 
食品では残さず新鮮なうちに使い切る「スマートな食スタイル」として、また日用品では「便利で衛生的なアイテム」として活用されている。","[""import"",""japanese""]",2026-02-22 09:21:41.476371+00,e1848554-ffae-479c-a8cd-4c0d77b7bed2,2026-03-19 15:55:50.007522+00,0,0,0,2026-03-19 15:55:50.007522+00,0,null,null,null,false,null,null,null,null,true,4c8b3811-2773-41eb-b836-6313a5c13372,null,null,"{""tables"":{""1"":{""rows"":[],""columns"":[]}}}",null,[],null,null
76d8cc9f-7be9-43b2-b0fc-65cccf50d86a,「シコル」,"「シコル」は文脈によって意味が異なり、主に韓国の新世界百貨店が運営するコスメセレクトショップ「CHICOR（シコル）」を指す場合と、俗語で男性の自慰行為や、こだわり・遺恨が残る状態を指す場合がありますが、後者は刑事弁護の分野で使われることもあります。 
CHICOR（コスメショップ）の場合
概要: 韓国のデパート「新世界百貨店」が展開する、K-Beautyから海外コスメまで幅広く扱う体験型のビューティーセレクトショップです。
特徴: コスメのタッチアップやパーソナルカラー診断など、購入だけでなく体験ができるのが魅力で、明洞店や江南駅店などが有名です。 
俗語・スラングの場合
語源: 「シコシコする」という擬音語から来ています。
意味:
男性の自慰行為（マスターベーション）を指します。
転じて、物事にこだわりや執着が残る状態、遺恨（いこん）が残る状態を指すこともあります。 
文脈に合わせて「CHICOR」というお店のことか、俗語の意味か判断すると良いでしょう。","[""import"",""japanese""]",2026-02-22 09:21:41.476371+00,e1848554-ffae-479c-a8cd-4c0d77b7bed2,2026-03-19 15:55:50.007522+00,0,0,0,2026-03-19 15:55:50.007522+00,0,null,null,null,false,null,null,null,null,true,4de687a0-3899-47c3-b9a5-5042c869cf28,null,null,"{""tables"":{""1"":{""rows"":[],""columns"":[]}}}",null,[],null,null
78e2cc60-36be-4408-a3b5-958f4c45efe7,「いたずら（悪戯）」,"「いたずら（悪戯）」は、笑って許せる程度の悪ふざけ（英語ではprank）や、他人を不快にさせる嫌がらせ、または子供の無邪気な遊び心などを指す行為です。古語の「徒（いたづら）なり（無駄、役に立たない）」が語源であり、現代では主に「度を越した悪ふざけ」を指すことが多い。 
いたずらの要素
目的・性質: 相手を驚かせる、笑わせる、少し困らせる。
類語: 悪ふざけ、おイタ、ドッキリ、ちょっかい。
英語表現: Play a prank on someone。 
語源と変遷
徒（いたづら）: 無駄、役に立たない、暇なこと。
意味の転換: 無駄なことで遊ぶ（=悪戯）という意味から、現代の「悪ふざけ」の意へ。
現代: 「悪戯（いたずら）」と表記され、悪意の有無に関わらず、ふざけて悪いことをする意味で使用される。

https://www.kpedia.jp/w/6689

「いたずら」の韓国語「장난」を使った例文

・지금 장난칠 때가 아니라고요.
今、 ふざけてる場合じゃないんですよ。

・장난은 들키고 말았다.
イタズラがばれてしまった。

・장난이지?
嘘だろ？

・장난이에요.
冗談です。

・혼인신고가 애들 장난이야?
婚姻届けは、遊びじゃないのよ！

・결혼이 애들 장난이야？
結婚を遊びだと思ってるの？

・아이들이 장난을 심하게 해서 성났다.
子どもたちがひどいいたずらをして腹が立った。

・고약한 장난으로 친구를 놀렸다.
たちの悪い冗談で友達をからかった。

・그의 장난은 정말 고약하다.
彼のいたずらは本当にたちが悪い。

・아이들이 엉거주춤 앉아 장난을 치고 있다.
子どもたちがもたつきながら座って遊んでいる。

・고양이가 이쪽저쪽 뛰어다니며 장난쳤다.
猫があっちこっち飛び回って遊んでいた。

・아이들이 발칙하게 장난을 쳤다.
子どもたちがずうずうしくいたずらをした。

・우리는 서로를 뚱뚱이라고 부르며 장난을 쳤다.
私たちはお互いをぽっちゃりと呼んで冗談を言い合った。

・그는 키득키득 웃으며 장난을 계속했다.
彼はくすくす笑いながらいたずらを続けた。

・친구들끼리 키득키득 장난을 쳤다.
友達同士でくすくすといたずらをした。

・겁없이 친구에게 장난을 쳤다.
恐れずに友達にいたずらをした。","[""import"",""japanese""]",2026-02-22 09:21:41.476371+00,e1848554-ffae-479c-a8cd-4c0d77b7bed2,2026-03-19 15:55:50.007522+00,0,0,0,2026-03-19 15:55:50.007522+00,0,null,null,null,false,null,null,null,null,true,0e2fbfbd-6036-43e5-b748-9a26dd922dd0,null,null,"{""tables"":{""1"":{""rows"":[],""columns"":[]}}}",null,[],null,null
79934fff-2ec7-4d7d-8165-a59a9561f795,「備えて（そなえて）」,"「備えて（そなえて）」は、将来起こるかもしれない不測の事態や必要性に対し、前もって準備や用意をしておく、あるいは必要なものを整えておくことを指す言葉です。防災準備や、リスク管理（「万が一に備えて」）など、事前に心身や物理的な態勢を整える文脈で幅広く使われます。 
主な意味と使い方
事前の準備: 災害やトラブルに備えて、食料や備品をストックする。
設備・機能の保有: 必要な性能や機能をあらかじめ整える、あるいは持たせる。
心の準備: 不安や危険に対して、精神的に心構えをする。 
関連する表現
万が一に備えて: 万一の事態を予想して準備する（念のため、大事をとって）。
準備を整える: 必要なものを全てそろえておく。
備えあれば憂いなし: 前もって準備をしておけば、いざという時にも心配ないという教え。","[""import"",""japanese""]",2026-02-22 09:21:41.476371+00,e1848554-ffae-479c-a8cd-4c0d77b7bed2,2026-03-19 15:55:50.007522+00,0,0,0,2026-03-19 15:55:50.007522+00,0,null,null,null,false,null,null,null,null,true,e26697e6-ef8c-417f-a0b1-3e6a085db1c2,null,null,"{""tables"":{""1"":{""rows"":[],""columns"":[]}}}",null,[],null,null
79c7f4b0-5eae-4c6b-8f70-d0e4322d2acc,「視線（しせん）」と「目線（めせん）」の違い,"「視線（しせん）」は目の向きや方向そのものを指し、「目線（めせん）」はある立場や視点からの見方・考え方を指し、「視線」より「点（視点）」に焦点があり、映画・演劇用語から広まった言葉で、「カメラ目線」「消費者目線」のように使われ、両者は意味が似ていますが「目線」はより視点・立場を強調します。 
視線（しせん）
意味: 目の向いている方向、見ている対象へ向かう線のこと。
用例: 「視線が合う」「視線をそらす」「世間の視線が気になる」など、物理的な目の動きや他人の視線を指すことが多い。 
目線（めせん）
意味: もともと映画・演劇業界で、俳優がカメラや特定の対象へ向ける目の位置（視点）を指す専門用語。
用法: 一般社会で「視点」「立場」の意味で広く使われるようになった。
用例: 「カメラ目線」「上から目線」「消費者目線」「子供目線」など、ある立場になって物事を考える視点を表す。 
違いのまとめ
視線: 目の動き、方向（線）。
目線: ある立場からの視点・座標（点）。 
「視線」は客観的な目の動き、「目線」は主観的な視点や立場に重点があり、「目線」は比較的新しく、俗語として一般化した言葉と言えます。","[""import"",""japanese""]",2026-02-22 09:21:41.476371+00,e1848554-ffae-479c-a8cd-4c0d77b7bed2,2026-03-19 15:55:50.007522+00,0,0,0,2026-03-19 15:55:50.007522+00,0,null,null,null,false,null,null,null,null,true,8e015689-f967-45c7-8985-9a47d980fd31,null,null,"{""tables"":{""1"":{""rows"":[],""columns"":[]}}}",null,[],null,null
7c20c275-3d06-4dad-948f-7314f5e47997,「攻める（せめる）」,"「攻める（せめる）」は、敵や目標に対して攻撃を仕掛け、防御を突破して有利な状況を作ること。相手の領地、相手の心理、または将棋の駒などにおいて、強気な姿勢で積極的に相手を追いつめる、または攻撃を仕掛けることを意味する。反意語は「守る（まもる）」。 
具体的な意味と使われ方：
攻撃する・襲う: 敵や城を攻める、軍事行動。
積極的に仕掛ける: 剣道で相手を崩す、恋愛でアプローチする、事業を展開する。
挑戦的な手法: 攻めてるファッション（＝攻めファッション）、新しい料理への挑戦。 
※注意：同音異義語の「責める（せめる）」は、過ちを非難したり（とがめる）、相手を追い詰めて苦しめる（責め苦）意味で使用される。","[""import"",""japanese""]",2026-02-22 09:21:41.476371+00,e1848554-ffae-479c-a8cd-4c0d77b7bed2,2026-03-19 15:55:50.007522+00,0,0,0,2026-03-19 15:55:50.007522+00,0,null,null,null,false,null,null,null,null,true,e0464fb9-438b-4533-b460-31e74b9b7f5b,null,null,"{""tables"":{""1"":{""rows"":[],""columns"":[]}}}",null,[],null,null
7cf939ef-3e51-408b-a9e0-150eb3bc4f78,～さえ・～すら　N2,"https://youtu.be/KKg1pBk53j4?si=BqhXOAER8Couvi6k

同じ事務所の渡部さんですら努力しないといけないくらい僕の印象がない

https://nihongo.co.kr/%EF%BD%9E%E3%81%95%E3%81%88%E3%83%BB%EF%BD%9E%E3%81%99%E3%82%89/

あの二人は仲が良いのに電話番号すら知しらないらしい。
저 두사람은 사이가 좋은데 전화번호조차 모른다는 것 같다. 

山田さんは韓国に住んで10年も経つのに、挨拶すら韓国語でできないらしい。
야마다씨는 한국에 산지 10년이나 지났는데 인사조차 한국어로 못한다는 것 같다. 

君にすら解けない問題だなんて、どんなに難しい問題なんだ。
너조차 풀지 못하는 문제라니 얼마나 어려운 문제인 거야. 

こんな簡単な問題、小学生ですら解けるよ。
이런 간단한 문제 초등학생조차 풀 수 있어. 

夫は酔っぱらいすぎて、話すことすらまともにできなかった。
남편은 너무 취해서 말하는 것조차 제대로 하지 못했다. 

昨日は忙しすぎて、ごはんを食べることすらできませんでした。
어제는 너무 바빠서 밥을 먹는 것조차 못했습니다. 

今、のどが痛くて水さえも飲めない。
지금 목이 아파서 물도 못 마시겠다. 

あなたさえいれば私は他になにもいりません。
당신만 있으면 나는 다른 것은 무엇도 필요 없습니다. 

彼の両親でさえ彼の行方を知らなかった。
그의 부모님조차 그의 행방을 몰랐다. 

彼女は妊娠の事実を親にさえ知らせなかった。
그녀는 임신 사실을 부모님에게조차 알리지 못했다. 

今の私にはこんな簡単な仕事さえできません。
지금에 나는 이런 간단한 일조차 불가능합니다.

昨日は体調が悪くて歩くことさえできず、ずっと横になっていました。
어제는 몸상태가 나빠서 걷는 것도 못하고 계속 누워있었습니다.","[""import"",""japanese""]",2026-02-22 09:21:41.476371+00,e1848554-ffae-479c-a8cd-4c0d77b7bed2,2026-03-19 15:55:50.007522+00,0,0,0,2026-03-19 15:55:50.007522+00,0,null,null,null,false,null,null,null,null,true,2d6117b1-552f-4ed7-849f-b8dba27b3440,null,null,"{""tables"":{""1"":{""rows"":[],""columns"":[]}}}",null,[],null,null
7f735536-b484-4caf-90ec-c1f43cca6fe3,「突っ込み（ツッコミ）」,"「突っ込み（ツッコミ）」は、漫才などで「ボケ」の言動の矛盾や間違いを鋭く指摘して笑いを誘う役割や行為を指すのが最も一般的ですが、勢いよく何かへ突進することや、一つの事柄に深く関わる・核心に触れるといった意味もあります。また、映画業界では緊急の原稿、レース用語ではコーナーへの進入を指すこともあります。 
主な意味
お笑い（漫才・コント）:
ボケ（おかしい言動をする人）に対して、その間違いや不自然な点を指摘する役割（ツッコミ役）や、その指摘そのもの。
「ボケ」と対になる概念で、話を進める役割も担います。
物理的な行動:
勢いよく前方に突進する、深く入っていく、飛び込むこと（例：「勢いよく突っ込む」）。
比喩的な意味:
相手の意見や話の核心、弱点、矛盾点などに深く切り込むこと。
「突っ込みどころ」という形で、指摘したくなるようなポイントを指すこともあります。 
その他の用法
映画業界: 臨時ニュースなど、急遽作成される原稿のこと。
レース用語: コーナー（カーブ）への進入時、減速を遅らせて突っ込むような走り方。 
文脈によって意味が異なりますが、現代ではお笑いの「ツッコミ」が最も広く使われている意味合いです。

https://mazii.net/ko-KR/search/word/jako/%E7%AA%81%E3%81%A3%E8%BE%BC%E3%82%81

◆ 돌입하다; 돌진하다.

敵中に突っ込む
적중에 돌입[돌격]하다

三塁走者が本塁に突 っ込
んだ
3루 주자가 홈으로 돌진했다

◆ 깊이 파고들다.

突っ込んだ話し合いをする
깊이 있는 대화를 하다

突っ込んで考える
깊이 생각하다

☆ 5단활용 타동사
◆ 처넣다; 처박다.

手をポケットに突っ込んで歩く
손을 호주머니에 질러 넣고 걷다

何でも引き出しに突っ込む
무엇이고 서랍에 처넣다

水たまりに足を突っ込む
물구덩이에 발을 처박다

◆ (잘못·문제점을) 날카롭게 찌르다; 추궁하다.

誤りを突 っ込む
잘못을 날카롭게 추궁하다

事件の核心を突っ込む
사건의 핵심을 찌르다

手落ちを突っ込 まれる
과실을 추궁당하다

◆ (깊이) 관계하다.

事件に首[頭]を突っ込む
사건에 깊이 관여하다","[""import"",""japanese""]",2026-02-22 09:21:41.476371+00,e1848554-ffae-479c-a8cd-4c0d77b7bed2,2026-03-19 15:55:50.007522+00,0,0,0,2026-03-19 15:55:50.007522+00,0,null,null,null,false,null,null,null,null,true,a84269b4-fdba-4415-b7ea-88f3fe40e065,null,null,"{""tables"":{""1"":{""rows"":[],""columns"":[]}}}",null,[],null,null
80782b40-ef4a-425a-bd82-5c1d61889b65,食材（しょくざい）,"https://ja.wikipedia.org/wiki/%E9%A3%9F%E6%9D%90

食材（しょくざい、英: food ingredients）とは、料理の材料のこと。

https://www.kpedia.jp/w/27986

＜식재료の韓国語例文＞
・	냉장고에 식재료가 듬뿍 있다.
冷蔵庫に食材がたっぷりある。
・	조합된 식재료가 훌륭한 맛을 냈다.
組み合わされた食材が素晴らしい味を出した。
・	식재료를 지역 농가에서 공급받는다.
食材を地域農家から仕入れている（供給を受けている）。
・	이 식당은 업소용﻿ 식재료를 사용한다.
このレストランは業務用﻿食材を使っている。
・	그들은 식재료를 부엌으로 옮겼다.
彼らは食材を台所に運んだ。
・	향토 음식에는 신선한 지역 식재료가 사용된다.
郷土料理は新鮮な地元の食材が使われる。
・	예열함으로써 식재료가 적절하게 조리됩니다.
予熱することで食材が適切に調理されます。
・	오븐을 예열하면 식재료가 균일하게 가열됩니다.
オーブンを予熱すると、食材が均一に加熱されます。
・	식재료에 적합한 방법으로, 제대로 된 밑 준비하는 것이 필요합니다.
食材に適した方法で、しっかりとした下処理を行うことが必要です。
・	우리는 시장에서 최저 가격에 식재료를 구입했다.
私たちは市場で最安値で食材を購入した。
・	비린내가 나는 환경에서는 식재료가 쉽게 상합니다.
生臭い環境では、食材が傷みやすくなります。
・	요리 전문가는 식재료에 관해서도 깊은 지식을 가지고 있습니다.
料理専門家は食材についても深い知識があります。
・	장기 보관 가능한 식재료를 쟁여놓아서 당분간 걱정 없어요.
長期保存できる食材を買い置きして、しばらく安心です。
・	킹크랩은 고급 식재료로, 특별한 날에 딱 맞다.
タラバガニは高級食材で、特別な日にぴったりだ。
・	콩기름을 사용하면 식재료의 맛이 돋보입니다.
大豆油を使うことで、食材の味が引き立ちます。
・	불필요한 살생을 막기 위해 식재료 선택에 신경을 쓰고 있습니다.
無駄な殺生を防ぐため、食材選びに気をつけています。
・	광장시장에는 신선한 식재료가 풍부하게 갖추어져 있습니다.
広蔵市場では、新鮮な食材が豊富に揃っています。
・	신선도가 좋은 식재료를 고르는 것이 맛있는 요리를 만드는 비결입니다.
鮮度が良い食材を選ぶことが、美味しい料理を作るコツです。
・	신선도를 유지하기 위해서는 식재료를 적절히 보관하는 것이 중요해요.
鮮度を保つために、食材は適切に保存することが大切です。
・	신선도가 떨어지면, 식재료의 풍미나 영양이 상실돼요.
鮮度が落ちると、食材の風味や栄養が失われます。
・	트러플은 매우 비싼 식재료로, 특별한 경우에 사용돼요.
トリュフは非常に高価な食材で、特別な場面で使われます。
・	트러플은 프랑스 요리에 빠질 수 없는 식재료 중 하나입니다.
トリュフはフランス料理に欠かせない食材の一つです。
・	어패류는 일본 요리에서 빠질 수 없는 식재료 중 하나입니다.
魚介類は日本料理において欠かせない食材の一つです。
・	우렁이는 일본과 한국에서 식재료로 사용돼요.
タニシは日本や韓国では食材として利用されます。
・	가재는 일본과 한국에서 식재료로 사용되기도 한다.
ザリガニは日本や韓国では食材として使われることがあります。
・	철갑상어의 알로 만든 캐비아는 고급 식재료로 유명합니다.
チョウザメの卵から作られるキャビアは高級食材として有名です。
・	철갑상어는 고급 식재료로 알려져 있으며 캐비어가 유명합니다.
チョウザメは高級食材として知られ、キャビアが有名です。
・	고형 카레는 바쁜 날에도 편리한 식재료입니다.
カレールーは、忙しい日にも便利な食材です。
・	염장한 식재료는 일정 시간 동안 담가 두어야 합니다.
塩漬けした食材は、一定の時間漬け込む必要があります。
・	할랄푸드에는 신선한 식재료가 많이 사용됩니다.
ハラルフードには新鮮な食材が多く使われています。
・	부추는 영양가가 높고 몸에 좋은 식재료입니다.
ニラは栄養価が高く、体に良い食材です。
・	해물파전은 한국의 식재료의 풍부함을 살린 요리입니다.
海鮮チヂミは韓国の食材の豊かさを活かした料理です。
・	무말랭이는 건강한 식재료입니다.
切り干し大根は健康的な食材です。
・	식재료를 골고루 썰었어요.
食材をまんべんなく切り分けました。
・	사계절 제철 식재료를 즐길 수 있는 레스토랑입니다.
一年中、旬の食材を楽しむことができるレストランです。
・	전분은 요리의 식감에 변화를 주기 위한 식재료입니다.
澱粉は料理の食感に変化を付けるための食材です。
・	양식된 식재료를 사용한 요리가 맛있었어요.
養殖された食材を使った料理が美味しかったです。
・	이 가게는 식재료가 신선해요.
この店は食材が新鮮です。
・	신선한 식재료를 사용합니다.
新鮮な食材を使います。
・	식재료의 조합에 따라 요리의 종류가 넓어집니다.
食材の組み合わせによって料理のバリエーションが広がります。
・	식재료를 사용하여 새로운 레시피를 시도해 보았습니다.
食材を使って新しいレシピを試してみました。
・	식재료를 신선한 상태로 저장합니다.
食材を新鮮な状態で保存します。
・	레시피에 사용되는 식재료를 조달하는 데 고생했어요.
レシピに使われている食材の調達に苦労しました。
・	식재료를 준비하고 나서 요리를 시작합니다.
食材を準備してから料理を始めます。
・	유기농 식재료를 사용하고 있습니다.
オーガニック食材を使っています。
・	식재료를 씻은 후 조리합니다.
食材を洗ってから調理します。
・	식재료를 다져서 가공합니다.
食材を刻んで加工します。
・	식재료의 조합에 따라 요리의 맛이 달라집니다.
食材の組み合わせによって料理の味が変わります。
・	식재료를 저장하기 위해 냉장고에 넣었습니다.
食材を保存するために冷蔵庫に入れました。
・	식재료를 고를 때는 신선함을 중시합니다.
食材を選ぶときは新鮮さを重視します。","[""import"",""japanese""]",2026-02-22 09:21:41.476371+00,e1848554-ffae-479c-a8cd-4c0d77b7bed2,2026-03-19 15:55:50.007522+00,0,0,0,2026-03-19 15:55:50.007522+00,0,null,null,null,false,null,null,null,null,true,33333f1f-db58-4865-add6-6b31d622b221,null,null,"{""tables"":{""1"":{""rows"":[],""columns"":[]}}}",null,[],null,null
811b10ed-3972-4282-bad1-5b8648fca65b,怒鳴る行為（怒鳴り）,"https://youtu.be/RSPk7eaRXJU?si=QpDIaQW7r7SoOx8R

怒鳴る行為（怒鳴り）は、怒りや感情の高ぶりにより大声を出すことであり、相手への精神的攻撃や威嚇、恐怖を与える行動です。職場ではパワーハラスメント、家庭では心理的虐待となる可能性があり、相手の心身に深刻な影響を及ぼします。冷静なコミュニケーションや一時的に距離を置く対策が必要です。 
怒鳴る行為の概要と影響
本質: 怒りによって声を荒らげる、わめき散らす行為。単なる大きな声だけでなく、相手をコントロールする目的で行われることも多い。
影響: 怒鳴られる側は恐怖や不安を覚え、長期的には脳の発達や心身の健康に悪影響が出る可能性がある。
法的側面: 相手の健康を害するほどの大声や脅迫的な言葉は、暴行罪や脅迫罪に抵触する恐れがある。 
怒鳴ってしまう理由と対処法（家庭・育児）
原因: 過去のトラウマ、日頃のストレス、睡眠不足、子供への過度な期待、感情コントロールの難しさ。
対策:
一呼吸置く: 怒りを感じたらその場を離れる、深呼吸する。
距離を置く: 子供と適度な距離を保ち、自分の時間を持つ。
ポジティブな感情を増やす: 子供と楽しい会話をする時間を増やす。
自己分析: なぜ怒鳴ってしまうのか、その瞬間の感情にラベルをつけてみる。 
怒鳴られた時の対処法
我慢しない: 黙って耐えると相手はエスカレートするため、静かに「そういう態度は困る」と伝える。
巻き込まれない: 相手の感情に反応せず、物理的に距離をとる。 
「怒鳴り」は、人間関係や職場環境を破壊する不適切な行為であり、感情をコントロールし、冷静に対処することが求められます。","[""import"",""japanese""]",2026-02-22 09:21:41.476371+00,e1848554-ffae-479c-a8cd-4c0d77b7bed2,2026-03-19 15:55:50.007522+00,0,0,0,2026-03-19 15:55:50.007522+00,0,null,null,null,false,null,null,null,null,true,e148c0ac-2cc3-436b-a8a9-75cc5a13cf13,null,null,"{""tables"":{""1"":{""rows"":[],""columns"":[]}}}",null,[],null,null
8a129b51-d036-4ea1-bea2-1129bd887ba7,「秘められた（ひめられた）」,"Netflixドラゴンボールタイトル

秘められた力ご飯が赤ん坊だった頃
숨겨진힘 오반이 아직 아기였을때

「秘められた」とは、表に出ないように、または知られないように隠されている状態を指す言葉です (Weblio辞書)。秘密、隠された、内緒の、トップシークレットといった類語があり、人の感情や秘密事項、隠されたストーリーなどを表現する際に用いられます。 
主な特徴と類語
意味: 外部に知られない、秘密にされている。
類語: 秘密の、隠された、内密な、オフレコの、極秘の、秘匿された。
表現例: 秘められた恋、秘められた能力、秘められた過去、秘められた想い。 
隠された事実や奥深い魅力を強調する文脈でよく使われる表現です。","[""import"",""japanese""]",2026-02-22 09:21:41.476371+00,e1848554-ffae-479c-a8cd-4c0d77b7bed2,2026-03-19 15:55:50.007522+00,0,0,0,2026-03-19 15:55:50.007522+00,0,null,null,null,false,null,null,null,null,true,692fb0c9-ab5f-4142-920f-5ef1cd54e779,null,null,"{""tables"":{""1"":{""rows"":[],""columns"":[]}}}",null,[],null,null
8cd88a47-55c3-4374-9aba-d0c317d6569f,「拝見（はいけん）」,"「拝見（はいけん）」とは、「見る」の謙譲語で、目上の人や相手に敬意を表し、自分がへりくだって物事を見る・確認する・会うことを意味します。ビジネスシーンで資料やメールを確認した際、「拝見しました」のように使われ、相手を立てて自分の行為を低く言う表現です。 
意味と使い方
「見る」の謙譲語: 自分がへりくだることで相手を立てる表現です。
対象: 相手から送られた資料、メール、作品、相手の姿（会うこと）など。
例文:
「お送りいただいた企画書を拝見しました。大変参考になりました。」
「ご連絡いただいたメールを拝見しました。」
「先日、会議でお姿を拝見しました。お元気そうで何よりです。」 
注意点
二重敬語に注意: 「拝見させていただきます」は二重敬語（謙譲語＋「させてもらう」）なので、「拝見します」「拝見いたしました」が適切です。
「拝見する」と「拝読する」: 「拝読」は「読む」の謙譲語で、「拝見」は「見る」の謙譲語ですが、文脈で自然な方を使えば問題ありません。","[""import"",""japanese""]",2026-02-22 09:21:41.476371+00,e1848554-ffae-479c-a8cd-4c0d77b7bed2,2026-03-19 15:55:50.007522+00,0,0,0,2026-03-19 15:55:50.007522+00,0,null,null,null,false,null,null,null,null,true,628cf2ab-52ed-4b5c-a1cb-4efb28653173,null,null,"{""tables"":{""1"":{""rows"":[],""columns"":[]}}}",null,[],null,null
93152abc-521e-4e14-ae4e-1ba809e948d2,「にやにや」,"「にやにや」とは、声を出さずに口元だけで笑う様子を表す擬態語で、何かを企んでいる、面白がっている、あるいは不敵な気持ちでいる時に使われ、「にこにこ」が幸せな笑顔なのに対し、後ろめたい、不気味、またはちょっと意地悪なニュアンスを含むことが多いです。また、北海道や青森など一部方言では腹痛（しくしくする痛み）を指すこともあります。 
主な意味とニュアンス
薄笑い・含み笑い: 心の中で何かを企んでいたり、秘密を抱えたりして、口元だけで笑っている状態。
不敵な笑み: 恐れ知らずな雰囲気や、自信ありげな笑い方。
他人を面白がる・嘲笑: 他人の失敗や不幸を陰で面白がって笑う様子。
例: 「漫画を読みながら一人でにやにやしていた」「彼がにやにやしながらこちらを見ていた」。 
方言での意味
腹痛: 津軽弁（青森県）などでは、腹部の鈍い痛みを「にやにやする」と表現します。 
「にこにこ」との違い
にやにや: どこか後ろめたい、含みのある、あるいは不気味な笑い。
にこにこ: 幸せで明るい、心からの笑顔（例：「にこにこ笑顔」）。","[""import"",""japanese""]",2026-02-22 09:21:41.476371+00,e1848554-ffae-479c-a8cd-4c0d77b7bed2,2026-03-19 15:55:50.007522+00,0,0,0,2026-03-19 15:55:50.007522+00,0,null,null,null,false,null,null,null,null,true,3dbc2f24-5471-459a-b0ca-b98cb8c1bf53,null,null,"{""tables"":{""1"":{""rows"":[],""columns"":[]}}}",null,[],null,null
946515f9-196e-4cd7-a9b8-e56473b9d094,想定,"https://youtu.be/mdLc-sEqF2M?si=5mBoCSMv1dysyTwj

https://mazii.net/ko-KR/search/word/jako/%E6%83%B3%E5%AE%9A

◆ 상정; 어떤 조건이나 상황을 가정적으로 생각하여 단정하는 것.

想定敵国
상정[가상] 적국

勝つという想定のもとに事を運ぶ
승리한다는 상정하에 일을 진행하다

大地震発生を想定して防災訓練を行う
대지진 발생을 상정하여 방재 훈련을 하다","[""import"",""japanese""]",2026-02-22 09:21:41.476371+00,e1848554-ffae-479c-a8cd-4c0d77b7bed2,2026-03-19 15:55:50.007522+00,0,0,0,2026-03-19 15:55:50.007522+00,0,null,null,null,false,null,null,null,null,true,e5dbe628-4348-4d8e-9238-f0ea2d1ac813,null,null,"{""tables"":{""1"":{""rows"":[],""columns"":[]}}}",null,[],null,null
9d0f0e0e-dc7a-4d59-aaed-b4dda9ef1d88,つまり,"https://youtu.be/_kp2NeaJsCc?si=iPHmFidWVtlsU7Fb

つまりどういう意味か分かるか？

https://mazii.net/ko-KR/search/word/jako/%E3%81%A4%E3%81%BE%E3%82%8A

◆ 막히거나 가득 참; 또, 그 상태.

排水溝の詰まり
배수구가 막힘

流し台の詰まりの原因
싱크대 막힘 원인

トイレの詰まりで困っている
화장실이 막혀 애먹고 있다

◆ 줄어듦; 오그라듦.

袖丈の詰まり具合
소매 길이가 줄어든 상태

◆ 끝(장); 막판; 막다른 곳.

とどの詰まり
최후; 종말

身の詰まり
막다른 신세

https://www.kpedia.jp/w/12161

「つまり」の韓国語「즉」を使った例文

・이것이 즉 이 글의 핵심입니다.
これがすなわちこの文章の核心です。

・일본과 한국은 운전석이 반대이다. 즉, 한국은 왼쪽에 운전석이 있다.
日本と韓国は運転席の位置が反対だ。つまり、韓国は左に運転席がある。

・저 사람은 나의 아버지의 남동생입니다. 즉 나의 작은아버지입니다.
あの人は僕の父の弟です。つまり､僕のおじです。","[""import"",""japanese""]",2026-02-22 09:21:41.476371+00,e1848554-ffae-479c-a8cd-4c0d77b7bed2,2026-03-19 15:55:50.007522+00,0,0,0,2026-03-19 15:55:50.007522+00,0,null,null,null,false,null,null,null,null,true,8eb677f5-9e63-465f-b33a-72b66c59844a,null,null,"{""tables"":{""1"":{""rows"":[],""columns"":[]}}}",null,[],null,null
ad882a16-831b-4322-a789-9cfe10d7b8fd,「喋らんといて」,"「喋らんといて」は「喋らないで」「話さないで」という意味の関西弁や口語表現で、「しゃべる（話す）」の否定形「喋らへん」と、禁止や依頼を表す「〜んといて」が組み合わさったものです。つまり、「話すのをやめて」「黙って」と相手に伝えている命令や軽い要求になります。 
解説:
喋らんといて = 喋る（話す）＋〜んといて（〜しないで）
〜んといて は、「〜（し）ないで」という禁止や依頼を表す表現で、「〜んといてよ」のように使われることもあります。 
例文:
「もう喋らんといてや！」（もう喋らないでよ！）
「うるさいから喋らんといて」（うるさいから黙って） 
文脈によっては「もう話しかけないで」「黙ってて」といったニュアンスで使われます。","[""import"",""japanese""]",2026-02-22 09:21:41.476371+00,e1848554-ffae-479c-a8cd-4c0d77b7bed2,2026-03-19 15:55:50.007522+00,0,0,0,2026-03-19 15:55:50.007522+00,0,null,null,null,false,null,null,null,null,true,07f1cf98-740a-477d-80ad-508edc003dba,null,null,"{""tables"":{""1"":{""rows"":[],""columns"":[]}}}",null,[],null,null
adafcdfe-3087-4278-965c-cd5cfb0b12e6,～さえ・～すら　N2,"https://youtu.be/KKg1pBk53j4?si=BqhXOAER8Couvi6k

同じ事務所の渡部さんですら努力しないといけないくらい僕の印象がない

https://nihongo.co.kr/%EF%BD%9E%E3%81%95%E3%81%88%E3%83%BB%EF%BD%9E%E3%81%99%E3%82%89/

あの二人は仲が良いのに電話番号すら知しらないらしい。
저 두사람은 사이가 좋은데 전화번호조차 모른다는 것 같다. 

山田さんは韓国に住んで10年も経つのに、挨拶すら韓国語でできないらしい。
야마다씨는 한국에 산지 10년이나 지났는데 인사조차 한국어로 못한다는 것 같다. 

君にすら解けない問題だなんて、どんなに難しい問題なんだ。
너조차 풀지 못하는 문제라니 얼마나 어려운 문제인 거야. 

こんな簡単な問題、小学生ですら解けるよ。
이런 간단한 문제 초등학생조차 풀 수 있어. 

夫は酔っぱらいすぎて、話すことすらまともにできなかった。
남편은 너무 취해서 말하는 것조차 제대로 하지 못했다. 

昨日は忙しすぎて、ごはんを食べることすらできませんでした。
어제는 너무 바빠서 밥을 먹는 것조차 못했습니다. 

今、のどが痛くて水さえも飲めない。
지금 목이 아파서 물도 못 마시겠다. 

あなたさえいれば私は他になにもいりません。
당신만 있으면 나는 다른 것은 무엇도 필요 없습니다. 

彼の両親でさえ彼の行方を知らなかった。
그의 부모님조차 그의 행방을 몰랐다. 

彼女は妊娠の事実を親にさえ知らせなかった。
그녀는 임신 사실을 부모님에게조차 알리지 못했다. 

今の私にはこんな簡単な仕事さえできません。
지금에 나는 이런 간단한 일조차 불가능합니다.

昨日は体調が悪くて歩くことさえできず、ずっと横になっていました。
어제는 몸상태가 나빠서 걷는 것도 못하고 계속 누워있었습니다.","[""import"",""japanese""]",2026-02-22 09:21:41.476371+00,e1848554-ffae-479c-a8cd-4c0d77b7bed2,2026-03-19 15:55:50.007522+00,0,0,0,2026-03-19 15:55:50.007522+00,0,null,null,null,false,null,null,null,null,true,2d6117b1-552f-4ed7-849f-b8dba27b3440,null,null,"{""tables"":{""1"":{""rows"":[],""columns"":[]}}}",null,[],null,null
af355b8e-8146-4a99-8c88-6b12fa5e4e25,刺激（しげき）,"https://mazii.net/ko-KR/search/word/jako/%E5%88%BA%E6%BF%80

◆ 자극.

刺激剤
자극제

低刺激の化粧水 
저자극[순한] 화장수

刺激の強い食べ物[映画]
자극적인 음식[영화]

https://www.kpedia.jp/s/3/%EC%9E%90%EA%B7%B9%ED%95%98%EB%8B%A4

＜자극하다の韓国語例文＞
・	돌솥비빔밥의 지글지글 소리가 입맛을 자극한다.
石焼ビビンバのジュージューという音が食欲を刺激する。
・	그는 작은 자극에도 깜짝깜짝 반응한다.
彼は小さな刺激にもびくびく反応する。
・	사람들은 불안감을 자극하는 말에 쉽게 유인된다.
人は不安をあおる言葉に簡単に誘導される。
・	보물선 이야기는 많은 사람들의 상상력을 자극한다.
宝船の話は多くの人の想像力をかき立てる。
・	감정을 자극해 행동을 충동했다.
感情を刺激して行動をけしかけた。
・	자극적인 음식이 목을 후끈거리게﻿ 했다.
刺激的な食べ物が喉をヒリヒリさせた。
・	시각적 자극이 너무 강하면 쉽게 피로를 느낀다.
視覚的な刺激が強すぎると、すぐに疲れを感じる。
・	아침 햇살이 시각을 자극했다.
朝の日差しが視覚を刺激した。
・	라면 스프 냄새가 식욕을 자극해요.
ラーメンスープの香りが食欲をそそります。
・	그 기사 제목은 어그로를 끌기 위한 자극적인 문구다.
その記事のタイトルは注目を集めるための刺激的な文句だ。
・	어그로꾼들은 주로 자극적인 말을 한다.
挑発者はたいてい刺激的な言葉を使う。
・	친구들과의 경쟁심이 나를 자극했다.
友人との競争心が自分を刺激した。
・	문학적 표현은 독자의 상상력을 자극한다.
文学的表現は読者の想像力を刺激する。
・	그 아트전은 독창적인 작품이 많아 찾는 사람들에게 자극을 주었다.
そのアート展は独創的な作品が多く、訪れる人々に刺激を与えた。
・	그 소설의 줄거리는 독창적이었고 상상력을 자극했다.
その小説のプロットは独創的で、想像力を刺激した。
・	외부 자극이 가해졌습니다.
外部から刺激が加えられました。
・	정치인의 발언이 국민의 적개심을 자극했다.
政治家の発言が国民の敵愾心を刺激した。
・	그의 의기양양한 태도에 모두가 자극을 받았다.
彼の意気揚々とした態度に、みんなが刺激を受けた。
・	오감을 자극하는 미술 전시에 다녀왔다.
五感を刺激するアート展に行ってきた。
・	식당가를 걷다 보면 향기가 식욕을 자극해요.
食堂街を歩いていると、香りが食欲をそそります。
・	살무사는 공격적이지 않지만, 자극하면 물릴 수 있다.
マムシは攻撃的ではないが、刺激すると噛まれることがある。
・	고형 카레는 향신료의 향이 풍부해 식욕을 자극합니다.
カレールーは、スパイスの香りが豊かで食欲をそそります。
・	김치전을 먹으면 매콤한 맛이 식욕을 자극합니다.
キムチチヂミを食べると、ピリ辛な味が食欲をそそります。
・	곱창구이는 구울 때 나는 소리와 향이 식욕을 자극합니다.
ホルモン焼きは、焼いているときの音や香りが食欲をそそります。
・	명문대학 교수와의 교류가 그를 자극했습니다.
名門大学の教授との交流が彼を刺激しました。
・	숯불의 향기가 식욕을 자극한다.
炭火焼きの香りが食欲をそそる。
・	깍두기의 매운 맛이 식욕을 자극한다.
カクテキのピリ辛さが食欲をそそる。
・	주간지 독자들은 매주 새로운 호에서 자극적인 기사를 기대하고 있습니다.
週刊誌の読者は、毎週の新しい号で刺激的な記事を楽しみにしています。
・	돼지갈비를 구우면 고소한 냄새가 퍼져 식욕을 자극합니다.
豚カルビを焼くと、香ばしい匂いが広がって食欲を刺激します。
・	국장님이 보여주는 비전이 직원들에게 자극을 줍니다.
局長が示すビジョンが、職員に刺激を与えます。
・	광인 같은 꿈을 가진 그에게 자극을 받았어요.
気違いのような夢を持つ彼に刺激を受けました。
・	촌뜨기인 자신에게 도시는 자극적입니다.
田舎者の自分にとって、都会は刺激的です。
・	경혈을 자극하면 피로가 풀리는 느낌이 듭니다.
ツボを刺激すると、疲れが取れる感じがします。
・	발바닥 경혈을 자극하면 온몸이 가벼워집니다.
足裏のツボを刺激すると、全身が軽くなります。
・	발 경혈을 자극하는 마사지를 받았어요.
足のツボを刺激するマッサージを受けました。
・	역동적인 환경이 창의성을 자극합니다.
力動的な環境が創造性を刺激します。
・	피부는 외부로부터의 자극이나 세균 등의 감염으로부터 몸을 지켜주는 기관입니다.
皮膚は、外からの刺激や細菌などの感染から体を守ってくれる器官です。
・	뾰루지가 생기면 무리하게 자극하지 않는 것이 중요합니다.
おできができたら、無理に刺激しないことが大切です。
・	동심을 자극하는 이벤트가 개최됩니다.
童心をくすぐるイベントが開催されます。
・	자극이 적은 녹색은 보는 이에게 안정감을 준다.
刺激の少ない緑色は、見る人に安心感を与える。
・	입상하는 선수들을 보고 저도 자극을 받았어요.
入賞する選手たちを見て、自分も刺激を受けました。
・	지적 수준이 높은 사람과의 대화는 자극적입니다.
知的水準が高い人との会話は刺激的です。
・	다재다능한 친구에게서 자극을 받았어요.
多芸多才な友人から刺激を受けました。
・	화백의 예술이 저의 창의력을 자극합니다.
画伯のアートが、私の創造力を刺激します。
・	고추를 사용해서 요리에 자극을 주었습니다.
唐辛子を使って、料理に刺激を加えました。
・	청양고추를 사용한 소스는 매우 자극적입니다.
激辛唐辛子を使ったソースは、非常に刺激的です。
・	점막에 부담을 주지 않도록 자극적인 음식 섭취를 삼가도록 합시다.
粘膜に負担をかけないように、刺激物の摂取を控えましょう。
・	민감한 맨살에는 자극이 적은 스킨 케어를 사용하고 있습니다.
敏感な素肌には、刺激の少ないスキンケアを使用しています。
・	몸은 세균이나 바이러스 등 이물질에 의해 자극을 받았을 때 방어적 반응으로서 염증을 일으킨다.
体は、細菌やウィルスなどの異物によって刺激を受けた際、防御的反応として炎症を引き起こす。
・	때수건은 사용하면 기분 좋은 자극을 줍니다.
あかすりタオルは、使うと心地よい刺激を与えてくれます。","[""import"",""japanese""]",2026-02-22 09:21:41.476371+00,e1848554-ffae-479c-a8cd-4c0d77b7bed2,2026-03-19 15:55:50.007522+00,0,0,0,2026-03-19 15:55:50.007522+00,0,null,null,null,false,null,null,null,null,true,6558512e-d3bf-4f28-b159-96d6c93f72f3,null,null,"{""tables"":{""1"":{""rows"":[],""columns"":[]}}}",null,[],null,null
af5068fe-e8f7-414d-ae61-82c0a1974bd1,「シコロ」,"「シコロ」には、兜の防御具（錣）、北海道の方言でキハダ（黄肌）、忍者が使う開器（かいき）の主に3つの意味があり、文脈によって指すものが異なります。兜の「しころ」は首元を守る板状の防具で、キハダの「シコロ」はアイヌ語由来で食用や薬用にもなる木の実、忍具の「シコロ」は木を斬るのこぎり状の道具を指します。 
1. 兜の防御具「錣（しころ）」 
意味: 兜の鉢（鉢金）の左右や後方に垂らして、首筋から襟元を防御する部分。
特徴: 鉄板や革などを「おどし（紐）」で編み連ねたもので、時代と共に形状が変化しました。
用途: 背後からの弓矢や、徒歩戦での近接攻撃から身を守るため。 
2. 北海道の方言「シコロ（キハダ）」
意味: 和名キハダ（黄肌）のことで、アイヌ語由来の呼び名。
特徴: 皮を剥ぐと黄色い内皮（オウバク）があり、漢方やはちみつ、食用にも利用されます。
用途: 薬、保存食、はちみつの原料など。 
3. 忍具「シコロ」
意味: 忍者が使う特殊な開器（かいき）の一種。
特徴: のこぎりのような形状で、木や竹を切断できたとされる。 
まとめ
「シコロ」という言葉を見かけたら、それが防具（兜）、植物（キハダ）、忍具のどれを指しているのか、前後の文脈で判断する必要があります。","[""import"",""japanese""]",2026-02-22 09:21:41.476371+00,e1848554-ffae-479c-a8cd-4c0d77b7bed2,2026-03-19 15:55:50.007522+00,0,0,0,2026-03-19 15:55:50.007522+00,0,null,null,null,false,null,null,null,null,true,ef2fa649-f330-4c25-8c34-9728528f7154,null,null,"{""tables"":{""1"":{""rows"":[],""columns"":[]}}}",null,[],null,null
b0eb7b4f-7079-45ee-9992-06fb3ad41782,「白々（しらじら）」,"「白々（しらじら）」は、平気でとぼけたり、見え透いた嘘をついたりする様子、または関心がない・興ざめするような冷めた様子を表す言葉で、「白々しい」という形容動詞の連用形としても使われ、「白々しい言い訳」「白々しい態度」のように使われます。 
主な意味と使い方
とぼける・しらばっくれる: 嘘やごまかしが明らかで、誠実さに欠ける様子。
例：「彼は失敗を白々と言い逃れた」
関心が薄い・冷めている: 物事に対して興味や情が感じられず、冷淡な様子。
例：「白々とした目で彼を見つめた」
興ざめする: 面白みや感動がなくなり、がっかりした気分になる様子。 
関連語
白々しい（しろじろしい）: 上記の状態を表す形容動詞。
明々白々（めいめいはくはく）: 「白々」とは異なり、「非常に明らかで疑う余地がない」ことの強調表現。 
例文
「そんな白々な言い訳、誰も信じないよ。」（とぼけている様子）
「彼女の白々とした態度に、気分が冷めてしまった。」（関心がなく、興ざめする様子）

https://mazii.net/ko-KR/search/word/jako/%E7%99%BD%E7%99%BD%E3%81%97%E3%81%84

◆ 속이 빤히 들여다보이다.

白白しいお世辞を言う
속 보이는 (입)발림말을 하다

白白しい嘘をつく
빤한 거짓말을 하다

◆ 알면서 모르는 체하다; 시치미 떼다; 천연덕스럽다.

白白しい顔
천연덕스러운 얼굴

白白しい態度で押し通す
시치미 떼는 태도로 일관하다

知らないなどと白白しいことがよく言えるな
모른다는 둥 천연덕스럽게 잘도 말하는구나

◆ (흥 등이) 깨지다; 가시다; 입맛 떨어지다.

白白しいことを言うな
김새는 소리 하지 마!

白白しい空気が流れる
흥을 깨는[서먹한] 분위기가 감돌다

◆ 하얗게 보이다.

https://www.kpedia.jp/w/46061

「白々しい」の韓国語「뻔하다」を使った例文

・안 봐도 뻔하다.
見なくてもわかる。

・뻔한 이야기예요.
わかりきった話です。

・뻔한 거 아니야.
目に見えてるじゃないか。

・뻔하지요.
言わずと知れている。

・뻔하네요.
ベタですね。

・안 봐도 뻔해요.
見なくてもみえみえです。

・솔직히 남녀 사이 뻔한 거 아니야?
正直、男女の仲は知れたことじゃない？

・저 드라마 결말은 안 봐도 뻔해.
あのドラマの結末は見なくても分かるに決まってるよね。

・뻔한 질문처럼 들릴지 모르겠지만, 주말에는 주로 뭘 하시나요?
分かりきった質問のように聞こえるかもしれませんが、週末には主に何をされますか？

・내용이 뻔해서 안 봐도 알 거 같아.
内容がみえみえで、見なくても分かりそう。

・뻔한 월급을 쪼개 여행 계획을 세워보았습니다.
分かりきった給料を振り分けて旅行の計画を立ててみました。

・새빨간 거짓말인 게 뻔하다.
うそ八百に決まっていた。

・그의 뻔뻔한 태도에 속이 부글부글 끓었다.
彼の図々しい態度に怒りがふつふつと湧いた。

・그가 수중에 넣을 뻔한 기회를 다른 사람이 빼앗아 갔다.
彼の手に入るはずだったチャンスを、他の人が奪っていった。

・입벌구가 오늘도 또 뻔한 거짓말을 늘어놨어.
あの嘘つきが今日もまたお決まりの嘘を並べたよ。

・입벌구가 오늘도 또 뻔한 거짓말을 늘어놨어.
あの嘘つきが今日もまたお決まりの嘘を並べたよ。

・그는 양심도 죄의식도 없는 뻔뻔한 소시오패스다.
彼は良心も罪の意識もない厚かましいソシオパスだ。

・그는 뻔뻔한 태도로 다른 사람의 식사에 손을 댑니다.
彼は図々しい態度で、他人の食事に手を出します。

・그는 뻔뻔한 성격으로 항상 남의 소지품을 빌리려고 합니다.
彼は図々しい性格で、いつも他人の持ち物を借りようとします。

・그는 뻔뻔한 태도로 항상 자신의 형편을 우선시합니다.
彼は図々しい態度で、いつも自分の都合を優先します。

・그는 뻔뻔한 요구를 해도 상대방을 신경 쓰지 않는다.
彼は厚かましい要求をしても相手を気にしない。","[""import"",""japanese""]",2026-02-22 09:21:41.476371+00,e1848554-ffae-479c-a8cd-4c0d77b7bed2,2026-03-19 15:55:50.007522+00,0,0,0,2026-03-19 15:55:50.007522+00,0,null,null,null,false,null,null,null,null,true,7ccb595d-db20-49d6-b0cb-60ffbcb09e3b,null,null,"{""tables"":{""1"":{""rows"":[],""columns"":[]}}}",null,[],null,null
b6be7ab5-9ea2-4d87-9bbf-e7bfc83a6cc0,「目立っている」,"Netflix　Talk Queens　03

「目立っている」とは、周りのものと比べて際立って見え、人の注意を引く状態を指し、能力や外見が優れている（いい意味）場合も、失敗や振る舞いが悪く注目される（悪い意味）場合もあり、「際立っている」「注目される」「目を引く」などの類語で言い換えられますが、状況によって「異彩を放つ」「悪目立ち」といったニュアンスも持ちます。 
意味と使われ方
良い意味:
能力や才能が抜きん出ている（例: 「チームの中で彼だけが目立っている」）。
容姿や服装が魅力的で目を引く（例: 「彼女のドレスはひときわ目立っていた」）。
カリスマ性がある、存在感がある（例: 「プレゼンで彼が目立っていた」）。
悪い意味:
失敗や行動が周囲に気づかれやすい（例: 「彼は少し目立たないように振る舞った」）。
悪目立ちする、浮いて見える（例: 「派手な服装で目立っていた」）。
中立・その他:
物事がはっきりと認識できる状態（例: 「色の違いが目立っている」）。 
類語・言い換え表現
良い意味で目立つ: 際立つ、抜きん出る、秀でる、群を抜く、頭角を現す、異彩を放つ、抜群。
悪い意味で目立つ: 悪目立ち、人目を引く（悪い意味で）、目に付く。
中立的に目立つ: はっきりしている、明確、目を引く、人目に立つ、浮き上がる。

https://www.kpedia.jp/w/17743

「目立つ」の韓国語「눈에 띄다」を使った例文

・그는 잘 생겨서 많은 사람들 속에서도 단연 눈에 띈다.
彼はカッコよくて、人混みの中でもひときわ目立つ。

・학교에서는 눈에 띄지 않는 얘였거든요.
学校では目立たない子だったんですよ。

・잡지를 펼치자 스캔들 기사가 눈에 띄었습니다.
雑誌を開くとスキャンダルの記事が目につきました。

・그의 패션은 매우 독특해서 어디를 가든지 눈에 띈다.
彼のファッションはかなり独特なので、どこに行っても目立つ。

・망고 수입량이 눈에 띄게 증가하고 있다.
マンゴの輸入量が著しく伸びている。

・신인상 심사 위원을 맡고 있을 때 무명 작가의 문장이 눈에 띄었다.
新人賞の選考委員を務めたとき、無名の作家の文章が目に止まった。

・눈에 띄지 않는 작은 문제점을 하나 둘 개선해 나갔다.
目立たない小さな問題点を一つ、二つ改良していった。

・어렸을 때부터 눈에 띄는 외모로 어디를 가나 주목을 받았다.
幼い頃から人目を惹く外見で何処に行っても注目を浴びた。

・아이들의 성장은 눈에 띌 정도로 빠릅니다.
子供たちの成長は目立つほど早いです。

・그녀의 빨간 립스틱이 눈에 띄었습니다.
彼女の赤い口紅は目立っていました。

・그녀는 항상 눈에 띄는 복장을 한다.
彼女はいつも目立つ服装をする。

・연애인이라 그런지 역시 눈에 띄네요.
芸能人だからか、やはり目立ちますね。

・눈에 띄는 곳에 벽보를 붙였어요.
目に付く場所に貼り紙をしました。

・그 광고가 아주 눈에 띄는 디자인이에요.
その広告がとても目に付くデザインです。

・책상 위에 눈에 띄도록 책을 놓았어요.
机の上に目に付くように本を置きました。

・사람들 눈에 띄지 않는 장소를 골랐습니다.
人目につかない場所を選びました。

・남의 눈에 띄지 않는 시간대에 방문했어요.
人目につかない時間帯に訪問しました。

・남의 눈에 띄지 않는 곳에서 작업하고 있습니다.
人目につかないところで作業しています。

・그는 조용히 있으려 했지만 되려 눈에 띄었어요.
彼は目立たないようにしていたのに、むしろ目立ちました。

・그녀는 예뻐서 많은 유난히 눈에 띄었다.
彼女は美しく、ひときわ目立っていました。

・빨간 외관이 유난히 눈에 띄다.
赤い外観がひときわ目立つ。

・유난히 눈에 띄다.
ひときわ目立つ！

・오후가 되자 집중력이 눈에 띄게 감퇴했다.
午後になると集中力が目に見えて低下した。

・쓸쓸히 남겨진 의자 하나가 눈에 띄었다.
寂しく置かれた一脚の椅子が目に留まった。

・펄럭이는 현수막이 눈에 띄었어요.
はためく横断幕が目に留まりました。

・눈에 띄는 부분만 뽑아내서 보고했다.
目立つ部分だけを抜き出して報告した。

・건물의 돌출된 기둥이 눈에 띈다.﻿
建物の突出した柱が目立つ。﻿

・중소·영세 업체들의 폐업이 눈에 띄게 늘고 있다.
中小企業や零細企業等の廃業が目立って増えている。","[""import"",""japanese""]",2026-02-22 09:21:41.476371+00,e1848554-ffae-479c-a8cd-4c0d77b7bed2,2026-03-19 15:55:50.007522+00,0,0,0,2026-03-19 15:55:50.007522+00,0,null,null,null,false,null,null,null,null,true,e7adf48e-0ef6-4745-8ba3-2e3fc1ac1793,null,null,"{""tables"":{""1"":{""rows"":[],""columns"":[]}}}",null,[],null,null
b77cb636-e3b3-4031-87ae-2fc180d01e72,"'存分'(ぞんぶん, zonbun)","https://youtu.be/9B1izCJwtmM?si=2G6gnglAc7Pgmzgy

'存分'(ぞんぶん, zonbun)은 일본어 부사로, '마음껏', '충분히', '원하는 만큼' 이라는 뜻이며, 어떤 행동을 후회 없이 마음이 만족할 때까지 충분히 하는 것을 나타냅니다. 명사 '存分'으로 쓰이기도 하며, '思う存分'(오모우존분)처럼 다른 동사와 함께 쓰여 '마음껏 ~하다'라는 의미를 강조합니다. 
주요 의미:
마음껏, 실컷
충분히, 남김없이
원하는 만큼 
예시:
存分に楽しむ (zonbun ni tanoshimu): 마음껏 즐기다, 실컷 즐기다.
思う存分食べる (omou zonbun taberu): 배가 부를 때까지 먹다, 마음껏 먹다. 
한국어 사용 예시:
""오늘 저녁은 잔뜩 먹고 싶어."" (여기서 '잔뜩'이 '存分'의 뉘앙스와 유사)
""여행 가서 실컷 구경 하고 싶어."" (마음껏, 충분히의 의미)

https://mazii.net/ko-KR/search/word/jako/%E5%AD%98%E5%88%86

◆ 뜻대로; 생각대로; 마음껏; 흡족하게.

思う存分歌う
마음껏 노래하다

思う存分食べる
실컷 먹다

思う存分腕を振るう
마음껏 기량을 발휘하다[펼치다]","[""import"",""japanese""]",2026-02-22 09:21:41.476371+00,e1848554-ffae-479c-a8cd-4c0d77b7bed2,2026-03-19 15:55:50.007522+00,0,0,0,2026-03-19 15:55:50.007522+00,0,null,null,null,false,null,null,null,null,true,dc647940-16bd-405f-baee-670c3c655115,null,null,"{""tables"":{""1"":{""rows"":[],""columns"":[]}}}",null,[],null,null
b9964f82-3f65-4ca1-b9df-43bdd85394df,素人（しろうと）,"https://mazii.net/ko-KR/search/word/jako/%E7%B4%A0%E4%BA%BA

◆ (어떤 일에) 경험이 없는 미숙한 사람; 비전문가; 생무지; 초심자; 풋내기; 생수; 문외한.

素人には分からない
초심자에게는 이해가 안 간다

この方面ではずぶの素人です
이 방면에 대해서는 생초보입니다

素人離れした腕
초심자답지 않은 솜씨

◆ (직업으로서가 아니라) 취미 삼아 하는 사람; 아마추어.

素人劇
아마추어 연극

素人のど自慢
아마추어 노래자랑

素人芸
아마추어의 기예

◆ 일반 가정의 여자; 여염집 여자.

素人下宿
(직업적이 아닌) 여염집 하숙","[""import"",""japanese""]",2026-02-22 09:21:41.476371+00,e1848554-ffae-479c-a8cd-4c0d77b7bed2,2026-03-19 15:55:50.007522+00,0,0,0,2026-03-19 15:55:50.007522+00,0,null,null,null,false,null,null,null,null,true,51e92a92-e7aa-44b3-9f4d-a3fae8db939d,null,null,"{""tables"":{""1"":{""rows"":[],""columns"":[]}}}",null,[],null,null
bab63d67-00db-4793-b7ed-40d36b3c477c,仕組み（しくみ）,"仕組み（しくみ）とは、ある目的を達成するために組み立てられた構造、方法、または全体のプロセス（メカニズム）を指します。機械の動作原理から、ビジネスにおける業務手順、組織のルールまで広く使われます。仕組みを理解することで、物事の予測が可能となり、効率的かつ安定した結果を生み出せます。 
仕組みの具体的な内容
機械・装置の構造: 部品が連携し、動作する原理（例：時計のギア、エンジンの仕組み）。
ビジネス・組織の枠組み: 目標達成のために人やツール、ルールを配置する仕組み（例：人事制度、経理の仕組み）。
プロセスの流れ: 手順やルールに基づいた客観的な手法。 
仕組み化（しぐみか）の重要性
業務の属人化を防ぎ、いつ、誰が、どこで行っても同じ成果を出せる（再現性のある）状態にすること。 
メリット: 生産性向上、ムダの削減、ミスの防止、組織全体の品質安定。
具体策: マニュアル作成、チェックリストの活用、ツールの導入、業務フローの標準化。 
仕組みと類似語
システム: 相互に関連する要素の集合体。
メカニズム: 動作原理や機械的な構造。
構造・枠組み: 物事を構成する要素の組み合わせ。 
仕組みは、組織やシステムを安定して回し続けるための「標準化された手順やルール」であると言えます。","[""import"",""japanese""]",2026-02-22 09:21:41.476371+00,e1848554-ffae-479c-a8cd-4c0d77b7bed2,2026-03-19 15:55:50.007522+00,0,0,0,2026-03-19 15:55:50.007522+00,0,null,null,null,false,null,null,null,null,true,8b649396-5942-43ec-a4c1-573686561c70,null,null,"{""tables"":{""1"":{""rows"":[],""columns"":[]}}}",null,[],null,null
beca127d-7b8e-40a0-8d52-98e893707c30,潤う와 湿る와 濡れる의 뉘앙스 차이,"https://blog.naver.com/jlpt_jpt_eju/223066645705

１．潤う（うるおう）
  ㉠축축해지다,눅눅해지다
  ㉡넉넉해지다,윤택해지다,혜택을받다

「적당한 수분을 띄는 것으로 플러스 요인으로 사용」

例）この化粧水を使うと肌が潤う。
이 화장수를 사용하면 피부가 촉촉해진다

例）雨で潤い。
비로 촉촉해지다

例）生活が潤う。
생활이 넉넉해지다(윤택해지다)

例）新しい駅が出来て商店が潤う。
새로운 역이 생겨서 상점이 혜택을 받다

2. 湿る（しめる）：축축해지다,눅눅해지다

「수분이나 습기를 조금 머금안 상태」

例）湿っている洗濯物。
눅눅한(축축한) 빨래

夜露で湿った地面。
밤이슬로 축축한 지면

湿った空気。
습한 공기

3. 濡れる（ぬれる）：젖다

「물 등이 튀거나 튄 물이 스며들어 수분을 띠눈 상태 수분을 머금은 정도가 湿る보다 큼」

例）雨に濡れる。
비에 젖다

例）汗でシャツがびっしょり濡れる。
땀으로 셔츠가 흠뻑 젖었다

例）涙に濡れた目。
눈물로 젖은 눈","[""import"",""japanese""]",2026-02-22 09:21:41.476371+00,e1848554-ffae-479c-a8cd-4c0d77b7bed2,2026-03-19 15:55:50.007522+00,0,0,0,2026-03-19 15:55:50.007522+00,0,null,null,null,false,null,null,null,null,true,4a39604a-5c36-4933-bda3-2e3f5f224e23,null,null,"{""tables"":{""1"":{""rows"":[],""columns"":[]}}}",null,[],null,null
c08e45ec-892a-47f4-af99-8a49ede31228,「ご機嫌（ごきげん）」,"Netflix　Talk Queens　03

「ご機嫌（ごきげん）」とは、「気分」「心の調子」を意味し、「ご機嫌よう」のように相手の健康や様子を気遣う挨拶として使われたり、「ご機嫌斜め（ななめ）」のように機嫌が良くない状態を表したりする言葉です。現代では、特に丁寧な場面や伝統的な学校などで「ご機嫌よう」といった形で使われることが多い、古風で格式のある表現です。 
意味と使い方
気分・心の調子: 「機嫌」に丁寧語の「ご」をつけた形で、人の感情や調子を指します。
挨拶として:
「ご機嫌よう（ごきげんよう）」: 「お元気ですか」「ご機嫌いかがですか」という意味で、出会った時や別れ際に使われる、かしこまった挨拶です。
主に格式高い場面や、特定の学校（白百合学園など）で使われます。
状態を表す:
「ご機嫌がいい」: とても気分が良い状態。
「ご機嫌斜め（ななめ）」: 機嫌が良くない、少し不機嫌な状態。
「機嫌」の別の意味: 物事を行うのに「ちょうど良い時」「時期」という意味もあります（例：「ご機嫌を伺う」）。 
「ご機嫌よう」のニュアンス
もともとは相手の健康や機嫌を祝う気持ちを込めた言葉で、上品な印象を与えます。
日常会話ではあまり使われませんが、フィクション（時代劇、お嬢様キャラなど）や、ごく一部の伝統的な場で聞かれることがあります。 

https://mazii.net/ko-KR/search/word/jako/%E5%BE%A1%E6%A9%9F%E5%AB%8C

◆ ‘機嫌(=기분; 심기(心氣))’의 높임말.

御機嫌斜め
심기가 편치 않음; 저기압

御機嫌を取る
기분을 맞추다

御機嫌伺いに行く
문후[문안 인사]를 드리러 가다

◆ 아주 기분이 좋은 모양.

うまくいって御機嫌な顔
일이 잘되어서 기분 좋은 얼굴

御機嫌になる
기분이 좋아지다

だいぶ御機嫌だ
어지간히 기분이 좋다

◆ 멋지다; 근사하다; (취향에 맞아) 기분 좋게 느껴지다.

御機嫌な曲
근사한 곡

痛快で御機嫌な映画
통쾌하고 시원한 영화","[""import"",""japanese""]",2026-02-22 09:21:41.476371+00,e1848554-ffae-479c-a8cd-4c0d77b7bed2,2026-03-19 15:55:50.007522+00,0,0,0,2026-03-19 15:55:50.007522+00,0,null,null,null,false,null,null,null,null,true,68799434-c794-475b-83a8-427e1e89f5e3,null,null,"{""tables"":{""1"":{""rows"":[],""columns"":[]}}}",null,[],null,null
c22a87b4-5bd3-4a23-88cc-2588f3c50795,「代わりに（かわりに）」,"https://www.youtube.com/watch?v=UX2xgEVJUPE

「代わりに（かわりに）」は、「ある役割や機能ができないときに、別のものや人がその役割を果たす」ことや、「ある事柄の代償や条件として、別の事柄が起こる」状況を表す言葉で、英語の""instead of""や""in place of""に相当し、代理・代替（例：課長の代わりに私が参加する）や、トレードオフ・交換条件（例：安い代わりに交通が不便）の意味で使われます。 
主な意味と使い方
代理・代替（Aの代わりにBをする/BがAの役割を果たす）
人や物が欠けたときに、その役割を引き継ぐ。
例: 「部長が急用で出張に行けないので、私が部長の代わりに行きます。」
例: 「ネギを切るときは包丁の代わりにハサミを使ってもいいですよ。」
トレードオフ・交換条件（～の代わりに～）
プラス面とマイナス面が表裏一体の関係にあることを示す。
例: 「この家は家賃が安い代わりに、交通が不便だ。」
例: 「彼は語学が上手な代わりに、数学が苦手だ。」 
似た表現との違い
「代わり（かわり）」と「替わり（かわり）」:
代わり: 役割や位置の交代（代理・代替）。
替わり: 新しいものへの交換・更新（交換・変更）。
「〜に代わって（〜にかわって）」: 「〜の代わりに」とほぼ同じで、主に人や組織の代理（「〜に代わって、私が責任を取る」など）で使われます。 
接続のルール
動詞: 辞書形（例：行く代わりに）。
名詞: 「の」を付けて（例：課長の代わりに）。
な形容詞: 「な」を付けて（例：便利な代わりに）。 
まとめ
「代わりに」は、状況に応じて「代理」や「交換条件」のニュアンスで使われ、柔軟なコミュニケーションを可能にする便利な表現です。

https://mazii.net/ko-KR/search/word/jako/%E4%BB%A3%E3%82%8F%E3%82%8A%E3%81%AB

◆ 그 대신(에).

代わりにこれをあげよう
그 대신에 이것을 줄게

https://www.kpedia.jp/w/37979

「代わりに」の韓国語「대신에」を使った例文

・이 전화는 고장입니다. 대신에 이 전화를 사용하세요.
その電話は故障中です。代わりにこの電話を使ってください。

・나 대신에 니가 가라.
僕の代わりに君が行って。

・일요일 출근하는 대신에, 내일은 쉬게 해 주세요.
日曜日出勤するかわりに、明日は休ませてください。

・볼링 대신에 탁구를 쳤어.﻿
ボーリングの代わりに卓球をした。﻿

・도태되는 대신에 시장 변화에 빠르게 대응해야 한다.
淘汰される代わりに市場の変化に素早く対応しなければならない。

・몽둥이 대신에 방망이를 사용해야 한다고 말했다.
棒の代わりにバットを使うべきだと言った。

・마요네즈 대신에 요거트를 사용하는 경우도 있다.
マヨネーズの代わりにヨーグルトを使うこともある。

・독이 없는 대신에 다른 뱀보다 굵은 몸으로 조여 먹이를 질식하게 한다.
毒がない代わりに、他のヘビよりも太い体で締めつけて餌を窒息させる。

・에코백은 비닐봉투 대신에 장볼 때 사용하는 가방을 말합니다.
エコバッグはレジ袋の代わりに買い物に使用するバッグをいいます。

・버스를 타는 대신에 걸어서 귀가했다.
バスに乗る代わりに歩いて帰宅した。

・대수학은 숫자 대신에 문자를 사용해, 계산의 법칙・방정식의 해법 등을 주로 연구하는 수학의 일부분입니다.
代数学は数の代わりに文字を用い、計算の法則・方程式の解法などを主に研究する数学の一分野です。

・돈 대신에 몸으로 때우다.
金のかわりに体で償う。

・청소를 돕는 대신에 용돈을 받았다.
掃除を手伝う代わりにお小遣いをもらった。","[""import"",""japanese""]",2026-02-22 09:21:41.476371+00,e1848554-ffae-479c-a8cd-4c0d77b7bed2,2026-03-19 15:55:50.007522+00,0,0,0,2026-03-19 15:55:50.007522+00,0,null,null,null,false,null,null,null,null,true,6dc650fe-1e02-48ab-a118-08fd8f768cbd,null,null,"{""tables"":{""1"":{""rows"":[],""columns"":[]}}}",null,[],null,null
c2fb9ed6-ce27-4811-999d-7fbb4eab10ee,「段々」,"https://www.kpedia.jp/w/12158

「段々」の韓国語「점점」を使った例文

・점점 더워진다.
だんだん暑くなる。

・점점 추워진다.
だんだん寒くなる。

・점점 어두워진다.
だんだん暗くなる。

・기분이 점점 나빠지다.
気分が次第にわるくなる。

・밤이 점점 깊어 갑니다.
夜が次第にふけていきます。

・점점 그가 궁금해졌다.
少しずつ彼が気になって来た。

・사랑을 믿지 않는 그가 점점 좋아하게 되었다.
愛を信じない彼が徐々に好きになった。

・점점 더 많은 기업이 환경 문제에 대처하고 있다.
ますます多くの企業が環境問題に取り組んでいる。

・그의 리더십을 점점 인정받게 되었다.
彼のリーダーシップがますます認められるようになった。

・그 가게의 인기는 점점 상승하고 있다.
その店の人気はますます上昇している。

・이 영화의 평가가 점점 높아지고 있다.
この映画の評価がますます高まっている。

・점점 진화하는 테크놀로지에 놀라고 있다.
ますます進化するテクノロジーに驚いている。

・그의 음악 스타일은 점점 다양해지고 있다.
彼の音楽のスタイルはますます多様化している。

・일본어능력시험 공부를 하다보면 점점 자신감이 생긴다.
日本語能力試験の勉強をしていると、ますます自信がつく。

・점점 더 많은 사람들이 인터넷을 이용하고 있다.
ますます多くの人がインターネットを利用している。

・점점 고령화 사회가 진행되고 있다.
ますます高齢化社会が進んでいる。

・점점 더 많은 학생들이 유학을 희망하고 있다.
ますます多くの学生が留学を希望している。

・그의 건강 상태가 점점 좋아지고 있다.
彼の健康状態がますます良くなっている。

・그녀의 요리 솜씨가 점점 늘고 있다.
彼女の料理の腕前がますます上達している。

・이 책은 점점 더 독자들에게 사랑받고 있다.
この本はますます読者に愛されている。

・귀차니스트 성향이 점점 심해진다.
面倒くさがりな性格がだんだん強くなっている。

・가벼이 시작한 일이 점점 커졌다.
軽い気持ちで始めたことが、次第に大きくなった。

・시집살이 문화가 점점 사라지고 있다.
嫁入り後の生活文化はだんだん消えつつある。

・아이가 점점 얌전해졌다.
子どもがだんだんおとなしくなった。

・상황이 점점 이상야릇해졌다.
状況がだんだん怪しくなってきた。

・핼로윈 분위기가 점점 커지고 있다.
ハロウィンの雰囲気がだんだん高まっている。

・요즘은 이웃사촌 같은 사람들이 점점 줄어든다.
最近は、隣人も親戚も同然のような人がだんだん少なくなっている。

・환경 보호에 대한 담론이 점점 중요해지고 있다.
環境保護に関する言説がますます重要になっている。

・그의 태도에 점점 싫증이 났다.
彼の態度にだんだん嫌気がさしてきた。

・매일 불평을 듣다 보면 점점 싫증이 난다.
毎日の不満を聞いていると、だんだん嫌気がさしてくる。
< 前   次 >

	印刷する
	

時間・頻度関連の韓国語
오밤중（真夜中）
여섯 시（6時）
새벽녘（明け方）
오십 분（50分）
옛적（昔）
언제쯤（いつ頃）
다섯 시（五時）
매번（毎回）
때（時）
점점 더（さらに）
아침저녁（朝晩）
과거（過去）
벌건 대낮（白昼）
한밤중（真夜中）
시곗바늘（時計の針）
초기（初期）
종종（時々）
한참 동안（しばらくの間）
전후（前後）
일시（一時）
＜一覧を見る＞
基本単語オンライン韓国語教室
色
模様
図形
大きさ
単位
状態・様子
感覚
お金
順番
方向・位置
時間・頻度
曜日と日にち
季節と年月","[""import"",""japanese""]",2026-02-22 09:21:41.476371+00,e1848554-ffae-479c-a8cd-4c0d77b7bed2,2026-03-19 15:55:50.007522+00,0,0,0,2026-03-19 15:55:50.007522+00,0,null,null,null,false,null,null,null,null,true,7f94e241-117b-488d-bb9e-82fbf8d4a73d,null,null,"{""tables"":{""1"":{""rows"":[],""columns"":[]}}}",null,[],null,null
cec0ddbb-69d7-424a-a604-5b8b6cafa257,「閉（と）じる」と「閉（し）まる」は,"「閉（と）じる」と「閉（し）まる」は、いずれも開いているものを塞ぐ意で使われますが、「閉じる」は「本を閉じる」「傘を閉じる」のように折れ曲がって閉まる場合に、「閉まる」は「ドアが閉まる」「店が閉まる」のように自動詞として状態を表す場合に主に使用され、文脈により使い分けが必要です。 
とじる（閉じる）: 本、傘、目、口、蓋、店、区切りを付ける、など。
しまる（閉まる/閉める）: ドア、窓、お店、チャック、蓋、カーテン、鍵、蛇口。 
違いのポイント
「閉める」は他動詞、「閉まる」は自動詞: 鍵を閉める（他動詞）、鍵が閉まる（自動詞）。
「閉じる」は構造的・抽象的: 2枚のものを折りたたむ、区切りをつけるといったニュアンスがある。
使い分けの目安: 漢字で「閉じる」は、開いていたものをふさぐ行為全般に使用。
「閉まる」の限定的な使い方: 「ドアが閉まる」のように自動詞の形で使用されるが、受動的に「（誰かに）閉められる」という意味で使われることが多い。

閉める（しめる）와 閉じる（とじる）의 차이에 대해 알아봅시다.

우선,

「しめる」는 창문, 문, 서랍 등 열려있는 부분을 작게 해서 틈을 없앤다. 라는 의미입니다.

「とじる」와 다르게, 「半分閉（し）める」「少し閉（し）める」등으로 쓸 수 있습니다.



예문>

寒いから窓を閉（し）めよう。

引き出しがあいていたので、閉（し）めた。



「とじる」는 문, 책, 눈, 입 등 열려있는 것을, 원래의 열려있지 않는 상태로 되돌리는 것입니다. 안과 밖이 나뉘어져있는 것을 사용해서, 밖과의 연결을 끊는 느낌입니다.

그리고 「終わりになる」라는 의미로도 사용합니다.

​

예문>

目を閉（と）じて音楽を聞くと、いろいろな情景が浮かんでくる。

彼は読み終わると、そっと本を閉（と）じた。","[""import"",""japanese""]",2026-02-22 09:21:41.476371+00,e1848554-ffae-479c-a8cd-4c0d77b7bed2,2026-03-19 15:55:50.007522+00,0,0,0,2026-03-19 15:55:50.007522+00,0,null,null,null,false,null,null,null,null,true,afbf852f-1d26-4df7-a1f6-cdd941b53797,null,null,"{""tables"":{""1"":{""rows"":[],""columns"":[]}}}",null,[],null,null
d10e2159-bd0b-415b-adf4-048293931fc4,「こざかしい（小賢しい）」,"Netflix　ワンピース４７５話

「こざかしい（小賢しい）」は、利口ぶって生意気な様子、または浅薄な知恵で悪賢く立ち回る様子を表す否定的な形容詞です。能力や誠実さが伴わないのに、口先や小手先のずるさで抜け目なく振る舞う態度を指し、ほめ言葉としては使われません。 
主な意味とニュアンス
生意気：年下や下の立場の者が、さしでがましく利口ぶる様子。
悪賢い：小利口で、卑劣なずるさを身につけている。
「小」＋「賢しい」：接頭語の「小」がつき、賢さが大したことない、浅はかであるというニュアンスが含まれる。 
例文
「こざかしい口をきくな」
「あの新人はこざかしい真似ばかりする」
「こざかしい立ち回り」 
類語・言い換え
すばしこい
小利口（こりこう）
ずる賢い
あざとい
抜け目がない 
類語・関連表現
「小賢しい」は「こざか-し」という文語形（形容詞シク活用）に由来します。 
この言葉は、相手が知識をひけらかしたり、ずるく計算高い行動をとる際などに、嫌悪感や不快感を示す表現として使われます。

https://mazii.net/ko-KR/search/word/jako/%E5%B0%8F%E8%B3%A2%E3%81%97%E3%81%84

◆ 똑똑한 체하고 주제넘다; 건방지다; 깜찍하다.

小賢しい口をきく
건방진 소리를 하다

小賢しい真似をするな
주제넘은 짓(을) 하지 마라

◆ 교활하고 빈틈없다; 몹시 약다.

小賢しい手口
교활한 수법

小賢しく立ち回る
약게 굴다","[""import"",""japanese""]",2026-02-22 09:21:41.476371+00,e1848554-ffae-479c-a8cd-4c0d77b7bed2,2026-03-19 15:55:50.007522+00,0,0,0,2026-03-19 15:55:50.007522+00,0,null,null,null,false,null,null,null,null,true,024fc14f-b36a-4e2a-9599-86e0eb47239d,null,null,"{""tables"":{""1"":{""rows"":[],""columns"":[]}}}",null,[],null,null
d53e248e-1056-4e2a-958c-0e6ffedce0a4,「訪れた（おとずれた）」,"https://youtu.be/RP7yT7INjAc?si=TLyHPr_nqrROsUUO

「訪れた（おとずれた）」は、ある場所や人を訪問した（行った）、あるいは季節や状況がやってきたことを表す言葉です。観光地へ行く場合や、「秋が訪れた」のように時節の到来を表現する際によく用いられます。類語として「訪ねた」「来訪した」「やって来た」などがあります。 
詳細な解説：
意味1：訪問する
ある目的を持って人や場所へ出かけること。「旧友を訪れた」「名所を訪れた」。
意味2：時節・状況の到来
季節や特定の状況がやってくること。「静寂が訪れた」「観光のハイシーズンが訪れた」。
類語と表現
訪ねた： 人に会いに行くニュアンスが強い。
訪れた： 観光地や場所へ行く、または季節の到来に使う。
類語： 訪問した、来訪した、赴いた、立ち寄った、やってきた。
謙譲表現：
「訪れる」を謙譲表現にする場合は「伺う」「お伺いする」が使われる。 
文脈に応じて、場所への物理的な移動か、概念的な到来かを見極めて使用されます。

https://www.kpedia.jp/w/10831

「訪ねてくる」の韓国語「찾아오다」を使った例文

・기념식에 올해는 특별한 손님들이 찾아왔다.
記念式に、今年は特別なゲストらが訪れた。

・행복이란 작은 것에 기뻐하고 감사하는 사람에게 찾아옵니다.
幸せとは小さなことにうれしく、感謝する人にやってきます。

・근데 왜 날 찾아온 거예요?
ところでどうして僕を訪ねてきたんですか？

・근데 무슨 일로 절 찾아오신 거예요?
ところでどのような用件で私を訪ねて来られたんでしょうか？

・지난 주에 친구가 찾아왔다.
先週、友人が訪ねてきました。

・이웃이 오늘 아침에 찾아왔다.
隣人が今朝、訪ねてきました。

・오늘은 많은 친구들이 찾아왔어요.
今日はたくさんの友人が訪ねてくれました。

・오늘 회사 동료가 찾아왔다.
会社の同僚が今日、訪ねてきました。

・휴일에는 친구들이 찾아오는 경우가 있다.
休日には、友達が訪ねてくることがあります。

・봄 방학이 되면 친척들이 많이 찾아온다.
春休みには、親戚が訪ねてくることが多いです。

・오랜만에 친구가 찾아왔다.
久しぶりに友人が訪ねてきました。

・이 식당은 알음알음 찾아오는 손님이 많아요.
このレストランは口コミで来るお客さんが多いです。

・언젠가 전쟁이 끝나고 평화가 찾아오겠지요.
いつか戦争が終わって、平和が訪れるでしょう。

・사과하려고 친히 찾아왔다고 한다.
謝ろうとわざわざ訪ねてきたそうだ。

・다짜고짜 찾아와서 미안해.
いきなり訪ねてきてごめんね。

・대부분의 실패는 스스로 한계라고 느끼고 포기했을 때 찾아온다.
大部分の失敗は自ら限界だと感じ、諦めたときに来る。

・하다 하다 집까지 찾아오네.
とうとう家まで来たよ。

・두 사람이 급진전할 운명의 순간이 찾아왔습니다.
ふたりが急進展する運命の瞬間が訪れました。

・초대박 행운이 찾아왔다.
超ラッキーな幸運がやってきた。

・몰래 찾아와 선처해 달라고 호소했다.
ひそかに訪ねて来て善処してくれと訴えた。

・아무리 시간이 걸려도 사필귀정은 반드시 찾아온다.
どんなに時間がかかっても、事必帰正は必ず訪れる。","[""import"",""japanese""]",2026-02-22 09:21:41.476371+00,e1848554-ffae-479c-a8cd-4c0d77b7bed2,2026-03-19 15:55:50.007522+00,0,0,0,2026-03-19 15:55:50.007522+00,0,null,null,null,false,null,null,null,null,true,8e7520fc-70b2-4cad-b5c5-ee44337971c2,null,null,"{""tables"":{""1"":{""rows"":[],""columns"":[]}}}",null,[],null,null
d6849ef4-93d4-489b-86d8-f97a68894b55,✅ 바로 써먹는 일본어 커밋 템플릿 25개,"✅ 바로 써먹는 일본어 커밋 템플릿 25개

(그대로 복붙해도 됨)

기능 추가/구현

追加機能を実装

削除機能を実装

編集機能を実装

検索機能を実装

タグフィルターを実装

並び替えを実装

ピン留めを実装

버그 수정

削除が動かない問題を修正

datasetのキー名ミスを修正

id取得処理を修正

render更新漏れを修正

localStorage保存漏れを修正

개선/리팩토링

commit処理を整理

関数を分離して可読性を改善

state管理を整理

バリデーションを追加

例外処理を追加

문서/정리

READMEを更新

学習ログを追記

コメントを整理","[""import"",""japanese""]",2026-02-22 09:21:41.476371+00,e1848554-ffae-479c-a8cd-4c0d77b7bed2,2026-03-19 15:55:50.007522+00,0,0,0,2026-03-19 15:55:50.007522+00,0,null,null,null,false,null,null,null,null,true,c4060afd-d86c-4519-a757-3e0464b60fb9,null,null,"{""tables"":{""1"":{""rows"":[],""columns"":[]}}}",null,[],null,null
d6904f1e-bb8b-4937-9870-746144d49ecf,「閉じる（とじる）」,"「閉じる（とじる）」は、開いている本、傘、目、口などを閉じて元の状態に戻す、または会議や幕などを終わらせる際に使われる表現です。物理的なドアや窓を閉める「閉める（しめる）」と異なり、閉じる動作に加えて、内と外を遮断する、あるいは「店を閉じる（廃業する）」のような抽象的な終了のニュアンスが含まれます。 
閉じる（とじる）の主な用法と意味
物理的なものを閉じる: 本、傘、目、口などを閉じる。
例：本を閉じる、傘を閉じる、目を閉じる。
閉じる（完結・終了）: 続いていた状態や行事を終わらせる。
例：店を閉じる（廃業）、会議を閉じる、幕を閉じる。
閉じる（とじ込める・区切る）: 中に隠す、空間を閉ざす。 
関連表現との違い
閉める（しめる）: ドア、窓、引き出しなどを物理的に閉じる際に使用。
閉まる（しまる）: 「～が閉まる」という自動詞で、閉まっている状態を示す。
閉じる・閉めるの使い分け例:
〇本を閉じる / ×本を閉める
〇窓を閉める（しめる） / △窓を閉じる（とじる） ※可能だが「閉める」が一般的
〇店を閉める（その日の営業終了・廃業） / 〇店を閉じる（廃業） 
「閉じる」は、その状態を終わらせて元の形に戻す、あるいは幕を下ろすようなシーンで多用されます。 

https://mazii.net/ko-KR/search/word/jako/%E9%96%89%E3%81%98%E3%82%8B

◆ 닫히다
.
水門が閉じる
수문이 닫히다

風でドアが閉じる
바람에 문이 닫히다

何日もシャッターは閉じたままだ
며칠째 셔터가 내려져 있다

◆ (회의 따위가) 끝나다.

会が閉じる
폐회되다

☆ 상1단 타동사
◆ (열려 있는 것을) 닫다.

門を閉じる
문을 닫다

店を閉じる
가게를 닫다[그만두다]

心を閉じる
마음을 닫다

◆ 눈을 감다.

目を閉じて音楽を聞く
눈을 감고 음악을 듣다

◆ 덮다.

本を閉じる
책을 덮다

蓋を閉じる
뚜껑을 덮다

◆ 끝내다; 마치다.

株主総会を閉じる
주주 총회를 마치다

◆ (입을) 다물다.

口を閉じる
입을 다물다

◆ (펼친 것을) 접다.

傘を閉じる
우산을 접다

◆ (컴퓨터에서) 프로그램 등을 종료하다.

ファイルを保存せず閉じてしまった
파일을 저장하지 않고 닫아 버렸다","[""import"",""japanese""]",2026-02-22 09:21:41.476371+00,e1848554-ffae-479c-a8cd-4c0d77b7bed2,2026-03-19 15:55:50.007522+00,0,0,0,2026-03-19 15:55:50.007522+00,0,null,null,null,false,null,null,null,null,true,7a43b6f5-a4d1-40c3-86b7-a6b698a88c4c,null,null,"{""tables"":{""1"":{""rows"":[],""columns"":[]}}}",null,[],null,null
d6c0e246-5713-41a5-8f3e-615754b4f71b,「にこやか」,"https://youtu.be/giBJo6q04qo?si=Ivo3l3pAzR16FcCP

「にこやか」とは、明るく、楽しそうに、または穏やかに微笑んでいる様子を表す形容動詞（または形容詞）で、和やかで親しみやすい表情や雰囲気を指します。「和やか」「朗らか」「穏やか」といった意味合いがあり、人やその表情、雰囲気に使われます。 
意味と使い方
表情・顔つき: 「にこやかな笑顔」「にこやかな顔」のように、楽しそうに微笑んでいる様子。
雰囲気・様子: 「和やかな雰囲気」「穏やかな様子」のように、心が和み、温かい感じがする様子。
類語: 朗らか、晴れやか、穏やか、和やか、ほんわか。
用例:
「彼はいつもにこやかな表情をしている」
「和やかなにこやかな雰囲気で会合が進んだ」 
語源（参考）
「にこぐさ（柔らかい草）」という言葉から派生し、柔らかい様子を表す「にこ」と、接尾語の「やか」が合わさってできた言葉です。 
まとめ
「にこやか」は、単なる「笑顔」だけでなく、その笑顔から伝わる「温かさ」「親しみやすさ」「心の和み」といったニュアンスを含む、ポジティブで心地よい言葉です。","[""import"",""japanese""]",2026-02-22 09:21:41.476371+00,e1848554-ffae-479c-a8cd-4c0d77b7bed2,2026-03-19 15:55:50.007522+00,0,0,0,2026-03-19 15:55:50.007522+00,0,null,null,null,false,null,null,null,null,true,be68e8b7-dd5c-4552-b39d-081230ad6c91,null,null,"{""tables"":{""1"":{""rows"":[],""columns"":[]}}}",null,[],null,null
dd9d9988-8617-46e7-ad96-b21be2860651,「しぶとい」,"Netflix　ワンピース４７４話

「しぶとい」とは、簡単には負けたり、諦めたり、排除されたりしない、粘り強さや強情さを持つ様子を指す言葉です ウィクショナリー。困難な状況でも耐え抜く、あるいは何度失敗しても諦めずに続ける、しつこいほどの粘り強さを指す形容詞です。 
しぶといの意味と特徴
粘り強い・へこたれない: 困難に負けず、最後まで諦めずに続ける様子 コトバンク。
しつこい・強情: 自分の意見を曲げない、頑固である ウィクショナリー。
排除しにくい: なかなか解決・排除できない様子。 
言い換え・類語
粘り強い
我慢強い
根気強い
しつこい
頑固な
負けず嫌い 
例文
彼はとてもしぶといので、逆境でも諦めない。
この汚れはしぶとくて、なかなか落ちない。
しぶとい神経の持ち主だ。

https://mazii.net/ko-KR/search/word/jako/%E3%81%97%E3%81%B6%E3%81%A8%E3%81%84

◆ 고집이 세다; 완고하다; 끈질기다; 강인하다.

しぶとい人間だ
고집이 센 인간이다

しぶとく食いさがる
끈질기게 물고 늘어지다

しぶとく生き残る
끈질기게 살아남다","[""import"",""japanese""]",2026-02-22 09:21:41.476371+00,e1848554-ffae-479c-a8cd-4c0d77b7bed2,2026-03-19 15:55:50.007522+00,0,0,0,2026-03-19 15:55:50.007522+00,0,null,null,null,false,null,null,null,null,true,7c9c02e5-d7d9-471a-b35d-d7a28df501d0,null,null,"{""tables"":{""1"":{""rows"":[],""columns"":[]}}}",null,[],null,null
de5ffb01-aaf8-4ebc-aea6-5a225482ff3e,「繊細（せんさい）」,"「繊細（せんさい）」とは、物の形が細く小さいことや、優美でかよわい様子、あるいは感情や感覚が非常に細やかで敏感なことを指す言葉です。人に対しては、刺激に反応しやすく、共感力が高く、些細な変化に気づく、いわゆる「HSP（繊細さん）」のような気質を表現する際によく用いられます。 
繊細の主な意味と特徴
物理的な細やかさ: 物の形がほそぼそとしていて、優美であるさま（例：繊細なレース、繊細な作業）。
感覚・感情の敏感さ: デリケートで、微妙な心の動きや外部刺激に敏感なさま（例：繊細な心、繊細な味）。
人間性（HSP）: 5人に1人はいるとされる、生まれつき感覚処理が深い「HSP」の特性。深く考え、共感力が高く、五感に過敏で疲れやすい特徴がある。 
「繊細」と言われる人の心理・特徴（HSPの4つの要素）
Depth：物事を深く処理する（深く考える）
Overstimulation：刺激に過剰に反応し、圧倒されやすい（疲れやすい）
Empathy：感情反応が強く、共感力・感受性が高い
Subtlety：些細な刺激や変化に気づく 
繊細な気質との付き合い方
「繊細」さは病気や障害ではなく、生まれつきの体質（脳の感受性）です。疲れやすいなどの生きづらさを感じる場合は、一人で抱え込まず、刺激を減らすなどの対処法を見つけることが大切とされています。 
関連キーワード
HSP (Highly Sensitive Person)
繊細さん
デリケート
感受性
敏感

https://mazii.net/ko-KR/search/word/jako/%E7%B9%8A%E7%B4%B0

◆ 섬세(함).
◆ 곱고 우미(優美)한 모양.

繊細な指
섬세한 손가락

繊細な模様
섬세한 무늬

◆ (감정이나 감각 등이) 세세하고 세밀한 모양.

繊細な感情
섬세한 감정

繊細な性格
섬세한 성격

繊細な神経の持ち主
섬세한 신경의 소유자","[""import"",""japanese""]",2026-02-22 09:21:41.476371+00,e1848554-ffae-479c-a8cd-4c0d77b7bed2,2026-03-19 15:55:50.007522+00,0,0,0,2026-03-19 15:55:50.007522+00,0,null,null,null,false,null,null,null,null,true,44ed0778-4890-44af-9a5d-b721c522bdfd,null,null,"{""tables"":{""1"":{""rows"":[],""columns"":[]}}}",null,[],null,null
debc8515-bd00-470c-8868-f530fd9e460e,「すっかり」,"https://youtu.be/V_HI5p1-RMk?si=DoOjHCkhTjEBaTGZ

「すっかり」は、残りが全くない状態（例：貯金をすっかり使い切る）と、完全に何かの状態になっていること（例：すっかり元気がない、すっかり春らしい）を表す副詞です。多くの場合、「ぜんぜん」「まったく」「完全に」と同じような意味で使われ、何かを「全部」や「完全に」してしまった、あるいはそうなった状況を強調します。 
主な意味と使い方
残りが全くない様子（全部、ことごとく）
例：「貯金をすっかり使ってしまった。」（残らず全部使った）
例：「仕事がすっかり片付いた。」（仕事が全部終わった）
例：「宿題をすっかり忘れていた。」（完全に忘れて、記憶に残っていない）
完全に何かの状態になっている様子（まったく、完全に）
例：「体がすっかり良くなった。」（完全に回復した）
例：「今日はすっかり秋だね。」（完全に秋の気候になった）
例：「彼はすっかり変わってしまった。」（完全に別人のようになった） 
類語・関連語
全く（まったく）：意味が非常に近いですね。
ぜんぜん（全然）：否定的な文脈で「全く〜ない」の意味で使われますが、「すっかり」は肯定・否定どちらの文脈でも使えます。
しっかり：混同しやすいですが、「すっかり」が「全部」「完全に」なのに対し、「しっかり」は「丈夫に」「安定して」という意味で、「しっかり準備する」のように使います。
すっきり：これも似ていますが、「さっぱりして気持ちが良い」状態を表し、「部屋を掃除してすっきりした」のように使います。

https://www.kpedia.jp/w/32644

「すっかり」の韓国語「말끔히」を使った例文

・거울을 말끔히 닦았다.
鏡をきれいに拭いた。

・일을 말끔히 끝냈다.
仕事をすっかり終えた。

・그 약을 먹으니까 금세 말끔히 낫어요.
その薬を飲んだらすぐにすっかり良くなりました。

・말끔히 피로가 가신다.
すっかり疲れがとれる

・정리 정돈된 책장은 말끔히 치워져 있다.
整理整頓された書棚は綺麗に片付けてある。

・책상 위는 말끔히 치워져 있다.
机の上はこざっぱり片付いている。

・때수건으로 피부 때를 말끔히 제거할 수 있어요.
あかすりタオルで、肌の垢がすっきり取れます。

・마사지로 피로가 말끔히 풀립니다.
マッサージで、疲れがスッキリと取れます。

・경락 마사지로 피로가 말끔히 풀렸습니다.
経絡マッサージで、疲労がスッキリと取れました。

・탈취제를 사용하면 주방 냄새가 말끔히 사라집니다.
脱臭剤を使うと、キッチンの匂いがすっきりと消えます。

・그릇에 묻은 찌꺼기를 말끔히 씻어내다.
器についたかすをきれいに洗い出す。

・상의 안감이 말끔히 꿰매어져 있다.
上着の裏地がきれいに縫われている。

・서재를 말끔히 정리해 놓아라.
書斎をきれ いに整理しておいて。

・말끔히 피로가 가셨다.
すっかり疲れが取れた。

・일을 말끔히 끝냈다.
仕事をすっかり終えた。

・바닥을 말끔히 닦아라.
床をきれいに拭きなさい。

https://mazii.net/ko-KR/search/word/jaen/%E3%81%99%E3%81%A3%E3%81%8B%E3%82%8A

◆ All, completely, thoroughly

彼はすっかり興奮している。
He's all excited.

すっかりお膳立てができている。
It's all laid on.

ようやくすっかり終わった。
It is finally all over.

◆ All; completely; totally; entirely; thoroughly","[""import"",""japanese""]",2026-02-22 09:21:41.476371+00,e1848554-ffae-479c-a8cd-4c0d77b7bed2,2026-03-19 15:55:50.007522+00,0,0,0,2026-03-19 15:55:50.007522+00,0,null,null,null,false,null,null,null,null,true,1cc46b7e-65b8-4ed4-b631-0c5b568fb78b,null,null,"{""tables"":{""1"":{""rows"":[],""columns"":[]}}}",null,[],null,null
dfe3fa11-b7ea-4a45-ba07-925ac257a747,お召し物,"Netflix　Talk Queens　01

お召し物のお値段うかがいました！【”きものと”お金の座談会＠ザ ...「お召し物（おめしもの）」とは、相手の身につけている衣服や装い全般を指す丁寧な言葉で、「着る」の尊敬語である「召す（めす）」を使った敬語表現です。相手の服装を褒めたり、気遣ったりする際に使われ、「素敵なお召し物ですね」のように日常会話やビジネスシーンで用いられますが、元々は高貴な方がお召しになる特別な織物（御召）を指す言葉でもありました。 
意味と使い方
敬意を表す表現: 相手の服装に対して敬意を込めて「（あなたが）着ているもの」という意味で使います。
例文:
「本日は、華やかで素敵なお召し物でいらっしゃいますね。」
「雨が降っておりますので、どうぞお召し物にお気をつけください。」
「御召（おめし）」との違い:
「お召し物」は一般的な衣服全般の丁寧語ですが、「御召（おめし）」はシャリ感のある絹織物（着物）の一種を指します。 
類語
衣服、服装、装い、衣類、衣装、着物など。 
「お召し物」は、相手への配慮や敬意を示すために、適切な場面で使うと良いでしょう。

https://mazii.net/ko-KR/search/word/jako/%E3%81%8A%E5%8F%AC%E3%81%97%E7%89%A9

◆ 남의 의복의 높임말.

奥様のお召物
마님의 의복.","[""import"",""japanese""]",2026-02-22 09:21:41.476371+00,e1848554-ffae-479c-a8cd-4c0d77b7bed2,2026-03-19 15:55:50.007522+00,0,0,0,2026-03-19 15:55:50.007522+00,0,null,null,null,false,null,null,null,null,true,f0d07efd-5e41-43b7-af97-6cc34e415cee,null,null,"{""tables"":{""1"":{""rows"":[],""columns"":[]}}}",null,[],null,null
e1759a7c-634a-4040-b9ce-d0a573c00976,「寂しい（さびしい）」,"「寂しい」は、心が満たされず物足りない、孤独で心細い、または人の気配がなくひっそりしている状態を表す言葉で、英語では""lonely""や""sad""などに相当し、解消するには読書や運動、オンラインでの交流、美味しいものを食べる、新しい楽しみを見つけるなどの対処法があります。 
「寂しい」の意味と使われ方
感情的な寂しさ: 誰かと繋がっていたいのに繋がれない、必要とされていないと感じる気持ち。
状況的な寂しさ: 物理的に人がいない、静かでひっそりしている様子。
「寂しい」と「淋しい」: 「寂しい」は一般的・客観的、「淋しい」は主観的・詩的な表現で、公的な場では「寂しい」が使われます。「さみしい」はひらがなで書くのが適切です。 
寂しさを和らげるための対処法
行動を起こす: 散歩して日光を浴びる、運動する、新しい趣味や勉強を始める。
気分転換: 音楽・映画鑑賞、読書、美味しいものを食べる、お風呂でリラックスする。
人との繋がり: 友達と話す、オンラインコミュニティで交流する、相手の話に興味を持つ。
思考の転換: 未来の楽しみを想像する、一人でいることを肯定的に捉える時間にする。 
寂しいと感じやすい人へのヒント
寂しさは誰にでもある感情であり、無理に消そうとせず、自分と向き合う時間と捉えることも大切です。
寂しさを感じやすい性質は生まれつきの部分もあり、自分を理解し、うまく付き合っていく方法を見つけることが重要です。

https://mazii.net/ko-KR/search/word/jako/%E3%81%95%E3%81%B3%E3%81%97%E3%81%84

◆ 허전하다.（さびしい）

口が寂しい
입이 허전하다

懐が寂しい
호주머니가 허전하다((돈이 떨어지다))

◆ 쓸쓸하다; 적적하다; (슬프고) 외롭다（さびしい）

寂しい生活
쓸쓸한 생활

寂しい山道
호젓한 산길

一人寂しく暮らす
혼자 쓸쓸히 지내다

◆ 섭섭하다（さびしい）

友と別れて寂しい
친구와 헤어져 섭섭하다

◆ 쓸쓸하다; 적적하다（さみしい）

寂しい冬景色
쓸쓸한 겨울 풍경

寂しい夜道を歩く
호젓한 밤길을 걷다

一人ぼっちで寂しい
외돌토리가 되어 쓸쓸하다","[""import"",""japanese""]",2026-02-22 09:21:41.476371+00,e1848554-ffae-479c-a8cd-4c0d77b7bed2,2026-03-19 15:55:50.007522+00,0,0,0,2026-03-19 15:55:50.007522+00,0,null,null,null,false,null,null,null,null,true,5797a340-a7dd-4e8a-b88e-94f3db3b5be7,null,null,"{""tables"":{""1"":{""rows"":[],""columns"":[]}}}",null,[],null,null
e744141f-7d43-4518-9009-3cb8652b34a7,「物凄い（ものすごい）」,"https://youtu.be/kDFKrA89kj0?si=81zYInY2f-mO6lmb

やった目見ていかがですか？
ものスゴい緊張しました。

chromeAI

それは本当にお疲れ様でした！「ものスゴい」という言葉から、心臓がバクバクするような、かなりの大舞台や重要な局面だったことが伝わってきます。
無事に終わって（あるいは一段落して）、今ホッとされているところでしょうか。
まずは、その緊張に耐え抜いたご自身を、思いっきり労ってあげてください。
「よく頑張った」「緊張するのも当然なくらい大事なことだった」と認めてあげて、今日は温かいものを飲んだり、ゆっくりお風呂に入ったりして、心と体を休めてくださいね。
本当にお疲れ様でした。素晴らしいです！

「物凄い（ものすごい）」は、程度が並外れてはなはだしい様子、または非常に恐ろしく気味が悪い様子を指す形容詞です。単に「すごい」よりも程度が強調され、物事の激しさや桁外れな様子（例：物凄い人出、物凄い速さ）を表現する際に使われます。 
主な意味と使い方
程度が普通をはるかに超えている（はなはだしい）
例文：人出が物凄い、物凄い音、物凄い速さ。
非常に恐ろしい、気味が悪い
例文：怒った顔が物凄い、物凄い断崖絶壁。 
類語・類義表現
猛烈な、凄まじい、激烈な、強烈な（勢いが強い）
桁違い、並み外れ、甚だしい、えらい（程度が並外れている）
非常、とても、すごく、滅法（めっぽう）（強調の副詞的用法） 
類語として「凄まじい」「猛烈」などが挙げられ、非常に強いインパクトや恐れを感じる状況で用いられます。","[""import"",""japanese""]",2026-02-22 09:21:41.476371+00,e1848554-ffae-479c-a8cd-4c0d77b7bed2,2026-03-19 15:55:50.007522+00,0,0,0,2026-03-19 15:55:50.007522+00,0,null,null,null,false,null,null,null,null,true,f9961bee-0da2-41e1-ad19-5994bb178d5e,null,null,"{""tables"":{""1"":{""rows"":[],""columns"":[]}}}",null,[],null,null
e7983671-80f5-4d90-a7b1-fc4c183b6a12,若いアナウンサーなのに渋い貝が好き。,"https://youtu.be/PrUY5I8WACg?si=If53A1UFWkjWJxY0

若いアナウンサーなのに渋い貝が好き。
젊은아나운서인데도 떫은조개를 좋아한다.

貝（かい）：조개","[""import"",""japanese""]",2026-02-22 09:21:41.476371+00,e1848554-ffae-479c-a8cd-4c0d77b7bed2,2026-03-19 15:55:50.007522+00,0,0,0,2026-03-19 15:55:50.007522+00,0,null,null,null,false,null,null,null,null,true,abe06304-72bf-4286-b346-f4959af7f4d2,null,null,"{""tables"":{""1"":{""rows"":[],""columns"":[]}}}",null,[],null,null
eb7a3520-246c-4e00-b77b-940f409a4d0d,米津玄師 - さよーならまたいつか,"https://namu.wiki/w/%E3%81%95%E3%82%88%E3%83%BC%E3%81%AA%E3%82%89%E3%81%BE%E3%81%9F%E3%81%84%E3%81%A4%E3%81%8B%EF%BC%81

どこから春が巡り来るのか
도코카라 하루가 메구리 쿠루노카
어디에서 봄이 돌아오는지

知らず知らず大人になった
시라즈 시라즈 오토나니낫타
모르게 모르게 어른이 되었어

見上げた先には燕が飛んでいた
미아게타 사키니와 츠바메가 톤데이타
올려다본 앞길엔 제비가 날고 있었어

気のない顔で
키노 나이 카오데
무심한 얼굴로


もしもわたしに翼があれば
모시모 와타시니 츠바사가 아레바
만약 나에게 날개가 있다면

願う度に悲しみに暮れた
네가우 타비니 카나시미니 쿠레타
바랄 때마다 슬픔에 잠겼어

さよなら100年先でまた会いましょう
사요나라 햐쿠넨 사키데 마타 아이마쇼
안녕, 100년 뒤에 또 만나요

心配しないで
신파이시나이데
걱정하지 마


いつの間にか 花が落ちた
이츠노 마니카 하나가 오치타
어느새 꽃이 떨어졌어

誰かがわたしに嘘をついた
다레카가 와타시니 우소오 츠이타
누군가가 나에게 거짓말을 했어

土砂降りでも構わず飛んでいく
도샤부리데모 카마와즈 톤데이쿠
비가 쏟아져도 상관없이 날아갈 수 있는

その力が欲しかった
소노 치카라가 호시캇타
그런 힘을 원했어


誰かと恋に落ちて また砕けて
다레카토 코이니 오치테 마타 쿠다케테
누군가와 사랑에 빠지고 또 부서지고

やがて離れ離れ
야가테 하나레바나레
이윽고 뿔뿔이 흩어져

口の中なかはたと血が滲んで
쿠치노나카 하타토 치가 니진데
입 안에 순식간에 피가 번져

空に唾を吐く
소라니 츠바오 하쿠
하늘에 침을 뱉어


瞬け羽を広げ 気儘に飛べ
마타타케 하네오 히로게 키마마니 토베
반짝여라 날개를 펼쳐 마음대로 날아

どこまでもゆけ
도코마데모 유케
어디로든지 가라


100年先も憶えてるかな
햐쿠넨 사키모 오보에테루카나
100년 뒤에도 기억하고 있을까

知らねえけれど
시라네에케레도
모르겠지만

さよーならまたいつか!
사요나라 마타 이츠카!
안녕, 또 언젠가!


しぐるるやしぐるる町へ歩み入る
시구루루야 시구루루 마치에 아유미이루
늦가을 비 오락가락 내리는 마을로 걸어 들어가

そこかしこで袖触れる
소코카시코데 소데후레루
여기저기서 옷깃이 스치네

見上げた先には何も居なかった
미아게타 사키니와 나니모 이나캇타
올려다본 앞길엔 아무것도 없었어

(ああ居なかった)
아아 이나캇타
아아 없었어


したり顔で触らないで
시타리 카오데 사와라나이데
의기양양한 얼굴로 만지지 말아줘

背中を殴りつける的外れ
세나카오 나구리츠케루 마토하즈레
등을 후려치는 빗나감

人が宣う地獄の先にこそ わたしは春を見る
히토가 노타마우 지고쿠노 사키니코소 와타시와 하루오 미루
사람들이 말하는 지옥의 끝에서야말로 나는 봄을 봐


誰かを愛したくて でも痛くて
다레카오 아이시타쿠테 데모 이타쿠테
누군가를 사랑하고 싶어서 하지만 아파서

いつしか雨霰
이츠시카 아메아라레
어느새 비가 내리네

繋がれていた縄を握りしめて
츠나가레테이타 나와오 니기리시메테
이어져 있었던 밧줄을 움켜쥐고

しかと噛みちぎる
시카토 카미치기루
확실히 물어뜯어


貫け狙い定め 蓋し虎へ
츠라누케 네라이사다메 케다시 토라에
꿰뚫어라 정확히 노려 그야말로 호랑이처럼

どこまでもゆけ
도코마데모 유케
어디로든지 가라


100年先のあなたに会いたい
햐쿠넨 사키노 아나타니 아이타이
100년 뒤의 당신을 만나고 싶어

消え失せるなよ
키에우세루나요
사라지지 마

さよーならまたいつか！
사요나라 마타 이츠카!
안녕, 또 언젠가!


(今恋に落ちて また砕けて 離れ離れ)
이마 코이니 오치테 마타 쿠다케테 하나레바나레
지금 사랑에 빠지고 또 부서지고 뿔뿔이 흩어져

口の中はたと血が滲んで
쿠치노 나카 하타토 치가 니진데
입 안에 순식간에 피가 번져

空に唾を吐く
소라니 츠바오 하쿠
하늘에 침을 뱉어


(今羽を広げ 気儘に飛べ どこまでもゆけ)
이마 하네오 히로게 키마마니 토베 도코마데모 유케
지금 날개를 펼쳐 마음대로 날아 어디로든지 가라

生まれた日からわたしでいたんだ
우마레타 히카라 와타시데 이탄다
태어났을 때부터 나였던 거야

知らなかっただろ
시라나캇타다로
몰랐었겠지

さよーならまたいつか！
사요나라 마타 이츠카!
안녕, 또 언젠가!","[""import"",""japanese""]",2026-02-22 09:21:41.476371+00,e1848554-ffae-479c-a8cd-4c0d77b7bed2,2026-03-19 15:55:50.007522+00,0,0,0,2026-03-19 15:55:50.007522+00,0,null,null,null,false,null,null,null,null,true,a6d881dd-c503-4899-96be-3cb60cd73909,null,null,"{""tables"":{""1"":{""rows"":[],""columns"":[]}}}",null,[],null,null
ed577574-51a0-4539-bad5-03d901d5b1ad,「気取り」,"「気取り」とは、必要以上に体裁を飾ったり、実際よりも偉そうに見せたりする、もったいぶった振る舞いのこと ウィクショナリー。すかした態度や見栄を張る様子を指し、否定的なニュアンスで使われることが多い。名詞としては、気性や心構え、様子という意味も持つ コトバンク。 
主な意味と使い方
すかした態度・見栄: 実際以上によく見せようとする様子。「気取り屋」「気取った店」など Weblio類語辞典。
～気取り: 名詞の下について、その人物らしく振る舞っている（が、そうではない）様子を表す。「芸術家気取り」「先輩気取り」 コトバンク。 
類語・関連語
見栄、虚栄心、飾り気 Weblio類語辞典。
お高くとまる、すかす、もったいぶる。

◆ 젠체함.

気取り屋
젠체하는 사람

変な気取りがない
별다르게 젠체하는 데가 없다

気取りが少しもない
거드름 피우는 데가 조금도 없다

◆ (짐짓) …체함[연함]; 자처(自處)함.

芸術家[学者]気取り

예술가[학자]연함
◆ 기질; 마음씨; 성격.
◆ 취향; 궁리.
◆ 상태; 느낌.","[""import"",""japanese""]",2026-02-22 09:21:41.476371+00,e1848554-ffae-479c-a8cd-4c0d77b7bed2,2026-03-19 15:55:50.007522+00,0,0,0,2026-03-19 15:55:50.007522+00,0,null,null,null,false,null,null,null,null,true,71a1db1c-648c-4e88-b870-6474465a4c00,null,null,"{""tables"":{""1"":{""rows"":[],""columns"":[]}}}",null,[],null,null
ee1d6ba6-38e2-4f94-9ca6-60c41e44b1af,しんどい,"https://youtu.be/5pTO-tyNdpA?si=MN23bBLaFu7Lz8pL

しんどい時は、まず何よりも「休んでいい」と自分に許可を出してください。心身の疲労、ストレス、睡眠不足、または環境の変化など、その原因は様々です。無理をせず、質の良い睡眠、温かい飲み物、自然に触れること、あるいは何も考えない時間を作るなど、小さなセルフケアを試みてみてください。 
今すぐできること
休息をとる: 無理に動かず、身体と心を休める。
深呼吸をする: 呼吸が浅くなっている場合があるため、意識して整える。
場所を変える: 落ち着ける場所（布団、公園など）へ移動する。
書き出す: 今感じているストレスを紙に書き殴ってスッキリする。 
長引く場合の対処
生活習慣を見直す: 栄養のある食事と睡眠を意識する。
誰かに話す: 家族、友人、または専門の相談機関を利用する。 
「しんどい」は心と体からの「休憩サイン」です。自分を責めず、どうかご自身を大切にしてください。もし苦しい状況が続くようであれば、専門家への相談も検討してください。 

https://mazii.net/ko-KR/search/word/jako/%E3%81%97%E3%82%93%E3%81%A9%E3%81%84

◆ 힘이 들다; 골치 아프다; 벅차다; 어렵다.

この仕事はしんどい
이 일은 힘이 든다

全部一人でやるのはしんどい
전부 혼자 하기에는 벅차다

多くの客に対応するのがしんどい
많은 손님을 응대하기가 힘들다

◆ 지치다; 녹초가 되다.

おおしんどい
아아 지쳤다","[""import"",""japanese""]",2026-02-22 09:21:41.476371+00,e1848554-ffae-479c-a8cd-4c0d77b7bed2,2026-03-19 15:55:50.007522+00,0,0,0,2026-03-19 15:55:50.007522+00,0,null,null,null,false,null,null,null,null,true,4ba5ee5b-6c45-442e-8bf3-76437b112e5e,null,null,"{""tables"":{""1"":{""rows"":[],""columns"":[]}}}",null,[],null,null
ee250c03-8167-40a2-8c12-733f1427ce31,「バツイチ」,"Netflix　侵入者たちの晩餐

「バツイチ」とは、一度離婚を経験し、現在は独身である人を指す俗語です。かつての戸籍謄本において、離婚により婚姻の記録（バツ印）が記載されたことに由来しており、現代では25%以上が再婚を含む婚姻というデータもあり、広く定着しています。 
バツイチの概要と由来
由来: 昔の戸籍謄本で離婚した際に氏名の欄に「×」印が記載されていたことに由来します。
現状の戸籍: 現在はコンピューター化され、離婚した場合は「×」印ではなく「除籍」と記録されます。
語源の広まり: 1992年にタレントの明石家さんま氏が離婚会見で「バツイチですわ」と言ったことが広まるきっかけになったとされています。 
バツイチの現状
再婚率: 2022年の日本の婚姻総数において、再婚を含む結婚は約1/4を占めており、特に35歳以上の男性においては初婚よりもモテる（需要がある）という見方もあります。
メリット・魅力: 離婚という人生の大きな転機を乗り越えているため、精神的に余裕があり、自立している、あるいは包容力があるといった面が評価されることが多いです。
デメリット・不安点: 一度目の離婚の理由が、性格の不一致や生活習慣など再婚後も問題になりやすい場合、慎重になる傾向があります。 
離婚と戸籍に関する注意点
離婚歴は残る: 転籍や分籍などで新しい戸籍を作っても、過去の戸籍（除籍）には離婚の事実が残るため、完全に隠すことは難しいのが現状です。 
バツイチは「人生の経験者」として前向きにとらえられることも増えており、結婚相談所などではむしろ好意的に受け取られるケースも少なくありません。","[""import"",""japanese""]",2026-02-22 09:21:41.476371+00,e1848554-ffae-479c-a8cd-4c0d77b7bed2,2026-03-19 15:55:50.007522+00,0,0,0,2026-03-19 15:55:50.007522+00,0,null,null,null,false,null,null,null,null,true,4ecbabce-67b0-4d75-abe3-44899e8f2095,null,null,"{""tables"":{""1"":{""rows"":[],""columns"":[]}}}",null,[],null,null
f1bc212e-8948-4669-b453-daaff3b9223e,「紐づける（ひもづける）」,"「紐づける（ひもづける）」とは、2つ以上の情報、データ、または物事の間に、関連性や繋がりを持たせることを指す言葉です。特にITやビジネスの現場で、顧客データと購入履歴、IDとパスワードのように、要素同士を結びつけて管理・整理する文脈で頻繁に使用されます。 
意味: 関連付ける、結びつける、リンクさせる
文脈: 顧客データと購入履歴を紐づける、IDをSNSアカウントに紐づける、など
類語: 関連付ける、リンクする、接続する、連動させる
目的: 情報の整理、検索性の向上、複雑な情報の関連性明確化
英語表現: Link, Associate 
この言葉は、情報の関連性を明確にして理解しやすくしたり、処理の効率を向上させたりする際に有用な概念です。","[""import"",""japanese""]",2026-02-22 09:21:41.476371+00,e1848554-ffae-479c-a8cd-4c0d77b7bed2,2026-03-19 15:55:50.007522+00,0,0,0,2026-03-19 15:55:50.007522+00,0,null,null,null,false,null,null,null,null,true,8627f53b-8e3a-418d-b453-c405d2a5707c,null,null,"{""tables"":{""1"":{""rows"":[],""columns"":[]}}}",null,[],null,null
f366925a-a7dc-44d9-9349-7a98461b66c5,日傘（ひがさ）,"日傘（ひがさ）は、日差しや紫外線を遮り、暑さ対策や日焼け防止を目的とした傘で、遮光性・UVカット率・遮熱性が重要視され、素材（ポリエステル、綿、麻など）や色（黒は遮光、白は遮熱）、タイプ（長傘、折りたたみ）が多様で、最近では男性用や「晴雨兼用」も人気が高く、高機能な「完全遮光」タイプも豊富です。 
日傘の選び方
目的で選ぶ：
日焼け・紫外線対策重視：黒など濃い色は紫外線を吸収しやすく、遮光性が高いです。内側が黒いと照り返し対策にもなります。
暑さ（遮熱性）重視：白やシルバーなど明るい色は太陽光を反射し、熱をこもらせません。熱吸収を抑えたいならこちら。
機能性で選ぶ：
完全遮光：遮光率100%・UPF50+（最高値）の生地を使った高機能な製品です。
晴雨兼用：急な雨にも対応できる防水性を兼ね備え、機能性と品格を両立できます。
素材とタイプ：
素材：ポリエステルが一般的ですが、綿、麻、絹などの天然素材も使われます。
タイプ：持ち運びやすい「折りたたみ傘」と、しっかりした作りの「長傘」があります。
サイズ：親骨（中心から端までの長さ）が成人女性で60cm、男性で65cm程度が目安です。 
主な種類と特徴
遮光・UVカット重視：濃い色で、裏地が黒いものが多い。紫外線を通さず、日焼けを防ぎます。
遮熱・涼しさ重視：白や明るい色で、熱を反射して傘の下の温度上昇を抑えます。
晴雨兼用：遮光・UVカットと撥水・防水の両機能を持ち、オールシーズン・天候対応で便利です。
折りたたみ傘：軽量でコンパクト、持ち運びに便利で、急な雨や日差しに対応できます。 
日傘は、目的や季節に合わせて、色や機能、素材を考慮して選ぶと快適に過ごせます。","[""import"",""japanese""]",2026-02-22 09:21:41.476371+00,e1848554-ffae-479c-a8cd-4c0d77b7bed2,2026-03-19 15:55:50.007522+00,0,0,0,2026-03-19 15:55:50.007522+00,0,null,null,null,false,null,null,null,null,true,2873200c-abb3-4c36-8aca-916e09f6fce7,null,null,"{""tables"":{""1"":{""rows"":[],""columns"":[]}}}",null,[],null,null
0338e73f-ebc4-421d-8798-698c603976a2,업무에서 “짧고 예의있고 명확하게” 말하기 위한 템플릿 모음.,"# JP Dev Templates (外国人エンジニア向け)
업무에서 “짧고 예의있고 명확하게” 말하기 위한 템플릿 모음.
- 너무 과한 존댓말은 피하고
- 실무에서 바로 쓰기 좋은 톤으로 구성

---

## 0) 기본 톤 규칙 (자주 쓰는 안전 표현)
- 念のため：혹시 몰라서 / 안전하게
- 一旦：일단 / 우선
- 〜かもしれません：~일 수 있습니다(추측)
- 〜と思います：~라고 생각합니다(완곡)
- 共有します：공유합니다(진짜 자주 씀)

---

# A. 진행 보고 / 상태 공유 (10)
1. 今の進捗ですが、〜まで完了しました。
2. 現在、〜を対応中です。
3. 次は〜を対応する予定です。
4. 本日中に〜まで進める予定です。
5. 進捗を共有します。
6. いったん現状を整理します。
7. 作業状況としては、〜の段階です。
8. 〜は完了して、残りは〜です。
9. 予定通り進んでいます。
10. 少し時間がかかっていますが、進めています。

---

# B. 질문 / 상담 / 확인 (10)
11. 〜について確認してもよろしいでしょうか。
12. 〜の認識で合っていますか？
13. すみません、ここだけ確認したいです。
14. ここで少し詰まっているので相談したいです。
15. 一旦こう進めても大丈夫でしょうか。
16. どちらの方針が良いか相談したいです。
17. 〜の仕様をもう一度確認したいです。
18. このケースはどう扱うのが正しいでしょうか。
19. 念のため確認ですが、〜で問題ないですか？
20. この認識で進めますね。

---

# C. 지연 / 리스크 / 우선순위 (10)
21. 予定より少し遅れそうなので先に共有します。
22. 想定より時間がかかっています。
23. 〜が原因で遅れています。
24. 完了は〜頃になりそうです。
25. 優先順位を確認したいです。
26. 先に影響範囲を確認します。
27. この対応は明日までに完了予定です。
28. もし急ぎなら、先に暫定対応します。
29. リスクがあるので先に共有します。
30. 時間見積もりを更新します。

---

# D. 버그 / 이슈 보고 (10)
31. 不具合を確認しました。
32. 再現できました。
33. 再現条件は〜です。
34. 原因を調査中です。
35. 原因は〜でした。
36. 影響範囲を確認します。
37. 修正方針としては〜を考えています。
38. 修正して動作確認しました。
39. 念のため、もう少し検証します。
40. 対応が完了しました。

---

# E. 구현 / 작업 내용 설명 (10)
41. 〜の機能を実装しました。
42. 〜の処理を追加しました。
43. 〜のロジックを整理しました。
44. 将来的な拡張を考えて関数を分けました。
45. 可読性のために処理を分離しました。
46. stateで状態管理しています。
47. データ更新後に保存して再描画します。
48. イベント委譲で実装しています。
49. 入力値のバリデーションを入れました。
50. 仕様通りに動作することを確認しました。

---

# F. 추가로 자주 쓰는 “끝맺음” 표현
- 以上です。
- 引き続き対応します。
- 何かあれば連絡してください。
- もし問題があればすぐ対応します。","[""import"",""japanese""]",2026-02-22 09:21:41.711667+00,e1848554-ffae-479c-a8cd-4c0d77b7bed2,2026-03-19 15:55:50.007522+00,0,0,0,2026-03-19 15:55:50.007522+00,0,null,null,null,false,null,null,null,null,true,c612db1d-c5c7-4a96-95a8-05e778d4c631,null,null,"{""tables"":{""1"":{""rows"":[],""columns"":[]}}}",null,[],null,null
035661cb-3979-4cfd-a6a9-94187efb58a1,「申し上げます（もうしあげます）」,"「申し上げます」は、「言う」の謙譲語「申し上げる」に丁寧語の「ます」がついた表現で、目上の人や取引先など、相手への敬意を示しながら自分の行為（言う、伝える、依頼するなど）をへりくだって伝える際に使う、非常に丁寧な敬語です。ビジネスシーンで「よろしくお願い申し上げます」や「お詫び申し上げます」のように頻繁に使われ、フォーマルな場面で自己の行為を控えめに表現し、相手を立てる役割があります。 
「申し上げます」のポイント
謙譲語（I）: 自分の行為をへりくだらせることで相手を高める、最も丁寧な敬語の一つです。
「言う」の謙譲語: 「申す」よりもさらに丁寧な「申し上げる」に「ます」をつけた形。
用途: 報告、依頼、謝罪、感謝など、自分の行為を伝える際に使用します。
漢字表記: ひらがなではなく「申し上げます」と漢字で書くのが一般的です。 
主な使用例
「よろしくお願い申し上げます」: 今後ともよろしくお願いします、という気持ちを丁寧に伝える。
「お詫び申し上げます」: 深くお詫びする気持ちを伝える。
「ご報告申し上げます」: 報告をへりくだって伝える。
「感謝申し上げます」: 感謝の気持ちをより丁寧に伝える。 
「いたします」との違い
「お願いいたします」: 「する」の謙譲語で、依頼の際に使われます。
「お願い申し上げます」: 「言う（申す）」の謙譲語を使い、より丁寧で改まった印象を与えます。 
使うべき相手と場面
上司、取引先、顧客など、目上の人や敬意を払うべき相手に対して。
ビジネスメール、公式文書、フォーマルな会話など、改まった場面で。","[""import"",""japanese""]",2026-02-22 09:21:41.711667+00,e1848554-ffae-479c-a8cd-4c0d77b7bed2,2026-03-19 15:55:50.007522+00,0,0,0,2026-03-19 15:55:50.007522+00,0,null,null,null,false,null,null,null,null,true,a8efd320-5be4-47c3-b5db-8d13b2c090ed,null,null,"{""tables"":{""1"":{""rows"":[],""columns"":[]}}}",null,[],null,null
07405ee8-3224-44cf-8ffe-893808d605b6,일본스타트업 선택시 유의사항 ex)정시퇴근 개인사업,"1) 왜 정시퇴근 보장이 프리 전향에 필수인가?

프리는 실력도 필요하지만, 그 전에

시간

체력

에너지

이게 없으면 절대 못 함.

회사 일이 매일 9~10시까지 잡아먹으면:

사이드 프로젝트도 못 하고

외주도 못 하고

공부도 못 하고

결국 노마드 플랜이 “영원히 계획”으로만 남아.

그래서 네가 말한 건 진짜 핵심이야:

프리로 가려면 회사에 묶이면 안 된다.

2) 근데 면접에서 “정시퇴근 보장되나요?” 이렇게 물으면 위험할 수 있음

여기서 한 가지 전략이 필요해.

회사 입장에서 저 질문을 들으면 이렇게 해석할 수도 있어:

“이 사람은 워라밸만 따지는 사람인가?”

“스타트업에 안 맞는 타입인가?”

“필요할 때 야근 못 하겠다는 뜻인가?”

그래서 물어야 하긴 하는데, 물어보는 방식이 중요해.

3) “안 뽑을 수도 있다”는 건 오히려 좋은 신호일 수도 있음

냉정하게 말하면:

✅ 너의 목표: “정시퇴근 기반으로 프리/노마드 준비”
❌ 어떤 회사의 목표: “회사에 올인할 사람”

이건 가치관 충돌이라
서로 안 맞는 게 맞아.

그럼 차라리 초반에 걸러지는 게 장기적으로는 이득임.

4) 현실적인 최적 질문 방식 (안 튀면서 확인하기)

정시퇴근을 대놓고 “보장”으로 묻기보다는
업무 운영 방식을 묻는 게 실무에서 가장 자연스러워.

예를 들어:

✅ 질문 1) 평균 야근 빈도

“通常時の残業頻度はどれくらいでしょうか？”
(평소 야근 빈도는 어느 정도인가요?)

✅ 질문 2) 야근이 생기는 시점

“残業が発生するのは、どのようなタイミングが多いですか？”
(야근이 발생하는 타이밍은 주로 언제인가요?)

✅ 질문 3) 근무시간 문화

“勤務時間の考え方として、成果重視でしょうか、時間重視でしょうか？”
(근무시간은 성과 중심인가요, 시간 중심인가요?)

✅ 질문 4) 리모트/유연근무

“リモートワークやフレックスの運用状況を教えてください。”
(재택/플렉스 운영 상황을 알려주세요.)

이렇게 물으면

“워라밸충” 느낌이 아니라

진짜 실무 궁금증처럼 들리고

회사도 솔직하게 말할 확률이 높아.

5) 너의 결론을 더 강하게 만들어주는 한 문장

너가 원하는 회사는 결국 이거야:

“일은 빡세도 좋지만,
시간을 뺏기진 않는 회사”

스타트업 중에도 이런 회사는 분명히 존재하고,
그런 회사만 잡으면 프리/노마드 전환이 진짜 가능해져.","[""import"",""coding""]",2026-02-22 09:21:41.711667+00,e1848554-ffae-479c-a8cd-4c0d77b7bed2,2026-03-19 15:55:50.007522+00,0,0,0,2026-03-19 15:55:50.007522+00,0,null,null,null,false,null,null,null,null,true,3f3dfb28-2d3a-4ff9-be02-d7a50046fa37,null,null,"{""tables"":{""1"":{""rows"":[],""columns"":[]}}}",null,[],null,null
08aefb66-b1fd-438f-8623-aa29d77dfbb0,素直（すなお）,"'素直'(스나오)는 일본어 표현으로, '꾸밈없이 솔직하다', '순진하다', '고분고분하다', '있는 그대로 받아들인다'는 긍정적 의미의 '솔직함'을 나타내며, 거짓말을 하지 않는다는 뜻의 '正直'(쇼지키)와 달리, 꾸밈이나 억지스러움이 없이 자연스러운 상태를 강조합니다. 이는 주로 일본에서 사용되는 한자어이며, 한국어의 '솔직하다'와는 미묘한 뉘앙스 차이가 있습니다. 
'素直'(스나오)의 주요 의미:
있는 그대로의 모습: 겉으로 꾸미거나 변명하지 않고 자신의 감정이나 생각을 그대로 드러내는 것.
순수하고 고분고분함: 순진하고 순종적이며, 타인의 말이나 가르침을 잘 받아들이는 태도.
진솔함: 가식이나 억지가 없는 자연스러운 상태. 
'正直'(쇼지키)와의 차이점:
素直 (스나오): 긍정적인 의미의 솔직함, 꾸밈없는 순수함, 받아들임의 뉘앙스.
正直 (쇼지키): 거짓말을 하지 않는 상태, 옳고 그름을 따지는 정직함, 진실을 말하는 것에 초점. 
예시:
素直な気持ち (스나오나 키모치): 꾸밈없는 솔직한 마음, 순수한 마음.
素直に謝る (스나오니 아야마루): 변명 없이 순순히 사과하다. 
결론적으로 '素直'는 '순수하고 꾸밈없는 솔직함'을 뜻하며, 상황이나 상대방에 따라 유연하게 받아들이는 긍정적인 태도를 포함하는 일본어 단어입니다.

https://mazii.net/ko-KR/search/word/jako/%E7%B4%A0%E7%9B%B4

◆ (비뚤어지지 않고) 고분고분함; 순진함; 솔직함; 순수함.

素直な性格
솔직한 성격

素直な子
순수한 아이

言われたとおりに素直に従う
시키는 대로 고분고분하게 따르다

◆ 굽거나 일그러지지 않은 모양; (특별한) 버릇이 없는 모양.

素直な髪の毛
(곱슬곱슬하지 않고 부드러운) 곧은 머리카락

素直な字を書く
특징이 없는 밋밋한 글씨를 쓰다","[""import"",""japanese""]",2026-02-22 09:21:41.711667+00,e1848554-ffae-479c-a8cd-4c0d77b7bed2,2026-03-19 15:55:50.007522+00,0,0,0,2026-03-19 15:55:50.007522+00,0,null,null,null,false,null,null,null,null,true,55969d6e-fc5c-4dd9-8c2e-9aa78c1f333a,null,null,"{""tables"":{""1"":{""rows"":[],""columns"":[]}}}",null,[],null,null
0f4a80ad-3906-4e8c-9b16-3a85d8e1e298,家賃（やちん）,"家賃（やちん）とは、賃貸物件（アパート・マンションなど）を借りる人が貸主に毎月支払う使用料のことで、収入の25～30%が目安とされ、手取り額で計算することが推奨されますが、地域や物件によって相場は大きく異なり、最近の東京では上昇傾向にあります。 
家賃の目安と計算方法
収入の30%が目安: 一般的に、手取り月収の30%以下が無理のない範囲とされます。
貯蓄を重視するなら: さらに貯蓄をしたい場合は、手取りの25%以下に抑えると良いでしょう。
例: 手取り20万円なら5～6万円、手取り25万円なら6.25万～7.5万円が目安です。 
家賃相場と地域差
全国平均: 2024年調査では全国平均が月額53,135円ですが、地域によって大きく異なります。
東京の現状: 東京23区では家賃が高騰しており、過去最高値を更新しています。 
家賃を抑えるポイント
手取り額で考える: 額面ではなく、税金や社会保険料が引かれた後の手取り額で考えることが重要です。
エリアを広げる: 都心部から少し離れたり、家賃が比較的安価なエリアを選ぶと、良い物件が見つかりやすくなります。 
家賃以外の費用
家賃の他に、管理費・共益費、敷金・礼金、仲介手数料、火災保険料、更新料などがかかることも考慮しましょう。 
家賃についてさらに詳しく知りたい場合は、SUUMO (スーモ)やhomes (ホームズ)などの不動産情報サイトで、お住まいの地域の相場を調べてみてください。

https://ja.wikipedia.org/wiki/%E5%AE%B6%E8%B3%83

家賃（やちん）は、賃貸住宅を始めとする賃貸物件の賃貸借契約に基づく物件の使用における対価のこと。借用者が物件の所持者（管理者）に対して支払うものを指し、通常は通貨で支払われる。

なお、住宅以外の建物の賃料は、単に賃料と呼ばれることが多い。","[""import"",""japanese""]",2026-02-22 09:21:41.711667+00,e1848554-ffae-479c-a8cd-4c0d77b7bed2,2026-03-19 15:55:50.007522+00,0,0,0,2026-03-19 15:55:50.007522+00,0,null,null,null,false,null,null,null,null,true,8fdf3658-8235-4802-84e6-89625c2171bd,null,null,"{""tables"":{""1"":{""rows"":[],""columns"":[]}}}",null,[],null,null
10d10fb1-e232-4d47-a55e-346b7bc78e2f,反響,"https://youtu.be/3wzhZ5Acvt4?si=YFE43clCtI4zR54p

https://mazii.net/ko-KR/search/word/jako/%E5%8F%8D%E9%9F%BF

◆ 반향.
◆ 음파가 장벽에 부딪혀 반사하여 다시 들리는 현상; 또, 메아리.

歌声が建物の中に反響する
노랫소리가 건물 안에 메아리치다

◆ (발표된 사항·사건 등의 영향으로 인한) 반응.

反響を呼ぶ
반향을 불러일으키다

意外な反響があった
의외의 반향이 있었다

多大の反響を巻き起こす
다대한 반향을 불러일으키다","[""import"",""japanese""]",2026-02-22 09:21:41.711667+00,e1848554-ffae-479c-a8cd-4c0d77b7bed2,2026-03-19 15:55:50.007522+00,0,0,0,2026-03-19 15:55:50.007522+00,0,null,null,null,false,null,null,null,null,true,bdbc2a7e-40b7-4cc2-af09-cce1177112aa,null,null,"{""tables"":{""1"":{""rows"":[],""columns"":[]}}}",null,[],null,null
1fb67db4-bb61-4ebc-a4de-53aa7e4eb745,「対極（たいきょく）」,"「対極（たいきょく）」とは、反対の極、互いに対立する極を意味し、完全に正反対の位置や状況にある二つのものを指します。例えば、「AとBは対極にある」と言えば、AとBは全く異なる、真逆の性質や立場を持つということです。 
主な意味と使い方
意味: 反対の極、相対する点、完全に逆の立場や状態。
類語: 逆、相反、真逆、あべこべ、対蹠（たいせき）など。
例:
「彼の性格は、穏やかな彼とは対極にある」。
「この二つの意見は対極に位置する」。
「対極主義」: 芸術家・岡本太郎が提唱した、対立する二つの要素を共存させるという考え方。 
関連する表現
対極的（たいきょくてき）: 反対の極にあるさま。「対極的な考え方」のように使われる。
対比（たいひ）: 物事を並べて違いを際立たせること。「対極」は、この対比の最も強い形の一つ。

https://mazii.net/ko-KR/search/word/jako/%E5%AF%BE%E6%A5%B5

◆ 대극; 반대의 극[점].

両者は対極的関係にある
양자는 대극적 관계에 있다.","[""import"",""japanese""]",2026-02-22 09:21:41.711667+00,e1848554-ffae-479c-a8cd-4c0d77b7bed2,2026-03-19 15:55:50.007522+00,0,0,0,2026-03-19 15:55:50.007522+00,0,null,null,null,false,null,null,null,null,true,261734ba-bc5b-4080-b523-7e2b63a53ef8,null,null,"{""tables"":{""1"":{""rows"":[],""columns"":[]}}}",null,[],null,null
2ebca76f-c9b6-4f9d-8637-eaaf43066f77,✅ 면접 대비 완료 체크리스트 (필수 5개),"✅ 면접 대비 완료 체크리스트 (필수 5개)

자기소개 30초를 막힘없이 말한다

**프로젝트 3개 설명(각 1분)**이 가능하다

각 프로젝트마다

“왜 이 기술?”

“어려웠던 점?”

“어떻게 해결?”
이 3개를 말할 수 있다

보안 질문에 대해

Firebase Rules / owner(uid)

Next.js API에서 검증
이걸 “개념적으로라도” 설명 가능하다

Vercel 배포/에러 해결 사례를 “사건처럼” 설명 가능하다
(문제 → 원인 → 해결 → 재발 방지)

➡️ 이 5개 되면 면접 대비는 됐다고 봐도 돼.","[""import"",""coding""]",2026-02-22 09:21:41.711667+00,e1848554-ffae-479c-a8cd-4c0d77b7bed2,2026-03-19 15:55:50.007522+00,0,0,0,2026-03-19 15:55:50.007522+00,0,null,null,null,false,null,null,null,null,true,fcf16782-9ec5-4a17-b208-c5296a8ef5a5,null,null,"{""tables"":{""1"":{""rows"":[],""columns"":[]}}}",null,[],null,null
32328da7-1875-4fea-a5ac-b721986ea6de,「図る（はかる）」,"https://youtu.be/dHVuhGxpixo?si=5arPxaywud8tItbZ

「図る（はかる）」とは、ある目的を達成するために計画を立て、工夫し、実現させようと試みるという意味で、ビジネスや日常で広く使われる言葉です。「効率化を図る」「再起を図る」のように、単なる願望ではなく、具体的な手段を講じるニュアンスがあります。 
主な意味と使い方
計画・工夫する: ある目標（解決、改善、成功など）に向けて、手段や方法を考え、実行する。
例：「業務の改善を図る」「円滑な運営を図る」
試みる・企てる: 何らかの行動を起こして、目的の実現を目指す。
例：「成功を図る」「危機を脱する策を図る」
配慮・便宜を供する: 他人のために、便宜を図る（便宜を図る、世話を焼くような場合）。
例：「お客様の便宜を図る」 
類語との違い（「はかる」の他の漢字）
計る（はかる）: 時間や数量を数える、計算する（時間を計る、株価を計る）。
測る（はかる）: 長さ、深さ、温度などを調べる（身長を測る、水温を測る）。
量る（はかる）: 重さや体積を調べる（体重を量る、米を量る）。
謀る（はかる）: 悪いことを企む、画策する（大臣の失脚を謀る、会社の乗っ取りを謀る）。 
「図る」は、目的達成への積極的な意志と戦略的なアプローチを示す、ポジティブで前向きな表現として使われます。

◆ 생각하다.

図らずも
뜻하지 않게

あに図らんや
어찌 생각이나 했으랴

◆ 목적하다; 노리다.

再起を図る選手
재기를 노리는 선수

利益を図る
이익을 노리다

◆ 계획하다; 꾀하다; 도모하다.

独立を図る
독립을 꾀하다

便宜を図る
편의를 도모하다

完璧な証拠隠滅を図った
완벽한 증거 인멸을 꾀했다

https://mazii.net/ko-KR/search/word/jako/%E3%81%AF%E3%81%8B%E3%82%8B","[""import"",""japanese""]",2026-02-22 09:21:41.711667+00,e1848554-ffae-479c-a8cd-4c0d77b7bed2,2026-03-19 15:55:50.007522+00,0,0,0,2026-03-19 15:55:50.007522+00,0,null,null,null,false,null,null,null,null,true,73e0f335-18a5-424b-8666-8fc59e45d533,null,null,"{""tables"":{""1"":{""rows"":[],""columns"":[]}}}",null,[],null,null
32b5c322-ad9a-44b7-a2cb-55d3078fde67,「定まる（さだまる）」,"https://youtu.be/RMMvLILnGRU?si=WAymuA048hsDS3vZ

「定まる（さだまる）」とは、物事の方向や状態が最終的に決まること、または落ち着いて安定することを意味し、「決まる」「落ち着く」「明確になる」「安定する」「静まる」といったニュアンスで使われます。例えば、「方針が定まる」「心が定まる」「評価が定まる」「天候が定まる」のように使われ、未確定な状態から一定の形になる過程や結果を表す言葉です。 
主な意味と例文
決まる・決定する:
「今後の計画が定まる（決まる）。」
「運命が定まる（決定される）。」
明確になる・はっきりする:
「話の焦点が定まる（はっきりする）。」
落ち着く・安定する:
「評価が定まる（安定する）。」
「心が定まる（落ち着く）。」
治まる・静まる:
「天候が定まる（静まる）。」 
類語
決まる、決する、まとまる、確定する、落ち着く、固まる 
使い方（「～が定まる」）
主体が未定だったものが決まる: 計画、方針、値段など。
精神状態が落ち着く: 心、気持ちなど。
状況が安定する: 評価、収入、天候など。

◆ 정해지다.
◆ 결정되다; 제정되다, 확정되다.

制度が定まる
제도가 정해지다

国の運命が定まる
나라의 운명이 결정되다

態度が定まる
태도가 결정되다[정해지다]

◆ 일정해지다.

定まった方法
일정한 방법

定まった収入がない
일정한 수입이 없다

◆ 안정되다; 가라앉다.

天気[天候]が定まる
날씨가 안정되다

風が定まる
바람이 가라앉다[자다]

反乱が定まる
반란이 가라앉다[진압되다]

◆ (고요히) 잠들다.

深夜、人定まって
깊은 밤 사람들이 고요히 잠들고

https://mazii.net/ko-KR/search/word/jako/%E5%AE%9A%E3%81%BE%E3%82%8B","[""import"",""japanese""]",2026-02-22 09:21:41.711667+00,e1848554-ffae-479c-a8cd-4c0d77b7bed2,2026-03-19 15:55:50.007522+00,0,0,0,2026-03-19 15:55:50.007522+00,0,null,null,null,false,null,null,null,null,true,7322400c-a387-4799-8ee0-c457a4110152,null,null,"{""tables"":{""1"":{""rows"":[],""columns"":[]}}}",null,[],null,null
3388a5fb-2d41-4980-9c1c-1f81247b6575,「仕上がる」と「出来上がる」ｎ違い,"「仕上がる」は人（主体）が何かを作り終える・完成させる動作、「出来上がる」は物が完成した状態になることを表し、「仕上がる」は能動的（人主語）、「出来上がる」は自動的（物主語）なニュアンスで使い分けられます。「仕上がる」は「仕上げる」の自動詞形で、主語が人なら「仕上げる」、主語が物なら「仕上がる」となり、「仕上がる」は「出来上がる」とほぼ同じ意味で使えますが、「仕上がり」は完成した状態や出来栄えを指す名詞としても使われる点が特徴です。 
1. 「仕上がる（しあがる）」
意味: 物事が完成する、作り終える、望ましい状態になる。
主語: 人（作り終える）か物（完成する）の両方。
例:
「この絵は明日には仕上がるだろう。」（明日、完成する）
「職人が見事に仕上がった着物だ。」（完成した状態・出来栄え） 
2. 「出来上がる（できあがる）」
意味: 物事が完成する、完成した状態になる。
主語: 物（完成する）。
例:
「このビルは来年出来上がる予定だ。」（来年、完成する）
「この料理は3分で出来上がる。」（3分で完成する） 
まとめ：使い分けのポイント
能動性: 「仕上げる（人）」→「仕上がる（物）」という流れがあり、「仕上がる」は「出来上がる」と非常に近い意味で使えます。
名詞として: 「仕上がり」は「完成後の様子」や「出来栄え」を指す名詞として使われます。「あのパンの仕上がりは最高だ」のように使えますが、「出来上がり」も同様に使えます。
基本: 目的語（何が）がはっきりしていて、人間が関与して完成させる場合は「仕上げる」、単に物が完成した状態を表す場合は「出来上がる」または「仕上がる」が自然です。 
例文で比較
Aさん: 「このプラモデル、いつ仕上がる？」「いや、出来上がるまでまだ時間がかかるよ」。
Bさん: 「この企画書、今日中に仕上がるよ。」（今日中に完成させる）
Cさん: 「この企画書は、明日の朝には出来上がっているはずだ。」（明日の朝には完成している状態になる）","[""import"",""japanese""]",2026-02-22 09:21:41.711667+00,e1848554-ffae-479c-a8cd-4c0d77b7bed2,2026-03-19 15:55:50.007522+00,0,0,0,2026-03-19 15:55:50.007522+00,0,null,null,null,false,null,null,null,null,true,7e5dfce5-cf48-4634-953d-56d453645998,null,null,"{""tables"":{""1"":{""rows"":[],""columns"":[]}}}",null,[],null,null
34d32e36-66cd-4975-9f60-a0c8554597e8,「しびれ（痺れ）」,"「しびれ（痺れ）」とは、感覚が鈍くなったり（触覚・痛み・温度を感じにくい）、ピリピリ・ジンジンするような異常な感覚が生じたり、手足に力が入らなくなったりする状態を指し、脳・脊髄・末梢神経の障害、血行不良、栄養不足（ビタミンB群など）、骨格の異常（頚椎症、椎間板ヘルニアなど）など、原因は多岐にわたり、脳卒中などの緊急性の高い病気のサインである場合もあるため、注意が必要です。 
主な「しびれ」の種類と原因
感覚の低下・異常感覚: 触っても鈍い、ピリピリする、針で刺されるような感じなど。
運動麻痺: 手足に力が入らない、動きにくいなど。
原因の部位:
脳・脊髄（中枢神経）: 脳梗塞、脳出血、脊髄の病気など。急激な片側性のしびれは注意。
末梢神経: 手足の神経が圧迫されたり（手根管症候群など）、障害されたりする場合。
骨格・循環: 頚椎や腰椎の神経圧迫（加齢による変化も含む）、動脈硬化による血流不足。
栄養不足: ビタミンB群の不足。 
どんな時に注意が必要か（受診の目安）
急に症状が出た: 特に体の片側（顔、手足など）に現れた場合（脳卒中などの疑い）。
徐々に範囲が広がっていく、別の部位にも出る: 慢性的な病気のサインの可能性。
筋力低下を伴う: 感覚障害と筋力低下が同時に起こる場合。
放置できない感覚: 自分でしか分からない感覚（しびれ）は、周囲に伝わりにくく評価が難しいため、早めの医療機関受診が推奨されます。 
どんな病院を受診すべきか
脳や神経に関わる症状の可能性があるため、まずは脳神経外科や神経内科を受診することが望ましいです。 
「しびれ」は様々な病気が隠れているサインなので、自己判断せず、専門医の診断を受けることが大切です。","[""import"",""japanese""]",2026-02-22 09:21:41.711667+00,e1848554-ffae-479c-a8cd-4c0d77b7bed2,2026-03-19 15:55:50.007522+00,0,0,0,2026-03-19 15:55:50.007522+00,0,null,null,null,false,null,null,null,null,true,6a525c5d-a4d2-4a8d-a05a-588b7a8ce6e6,null,null,"{""tables"":{""1"":{""rows"":[],""columns"":[]}}}",null,[],null,null
3c05f92b-bcd3-4199-a21a-80a9a00535c5,実装(じっそう),"✅ 実装(じっそう) 뜻(핵심)

実装 = 기능을 실제로 구현해서 동작하게 만드는 것

한국어로 딱 대응시키면:

구현

(기능) 개발

코드로 만들어서 실제로 동작하게 함

즉, 머릿속 설계나 계획이 아니라
**“실제로 코드로 만들어서 돌아가게 한 상태”**를 말해.

예시로 감 잡기
1) “추가기능 구현했습니다”

追加機能を実装しました。
= 추가 기능을 구현했습니다.

2) “삭제기능 구현”

削除機能を実装しました。
= 삭제 기능을 구현했습니다.

“일본에만 있는 표현인가?”
결론: ❌ 일본만의 단어는 아님

원래 한자 의미 그대로야:

実 = 실제

装 = 장착/붙임(구현)

그래서 “실제로 붙여 넣었다 → 실제로 동작하게 만들었다” 느낌.

다만 개발 문화에서 ‘実装’이라는 말을 일본이 특히 자주 써.
한국은 상황에 따라 “개발/구현/만듦” 이런 식으로 섞어 말하는데,
일본은 개발 문서/면접에서도 実装을 거의 공식 용어처럼 쓴다고 보면 돼.

설계(設計) vs 구현(実装) 차이

이 차이를 이해하면 완벽해져.

設計(せっけい) = 설계 (어떻게 만들지 구조/계획)

実装(じっそう) = 구현 (코드로 실제로 만듦)

예)

設計しました → 구조를 정했다

実装しました → 진짜로 코드 작성해서 동작한다

추가로 같이 많이 나오는 표현

実装する = 구현하다

実装しました = 구현했습니다

実装方針 = 구현 방침

実装例 = 구현 예시

未実装 = 아직 구현 안 됨","[""import"",""japanese""]",2026-02-22 09:21:41.711667+00,e1848554-ffae-479c-a8cd-4c0d77b7bed2,2026-03-19 15:55:50.007522+00,0,0,0,2026-03-19 15:55:50.007522+00,0,null,null,null,false,null,null,null,null,true,4904e5d6-5dff-4153-8fdd-156836d7e76e,null,null,"{""tables"":{""1"":{""rows"":[],""columns"":[]}}}",null,[],null,null
3c70a80e-13f8-4842-a7a1-8cfcc9ee7403,「謙虚（けんきょ）」,"https://youtu.be/9B1izCJwtmM?si=20bTMrGG6AIX9Wde

「謙虚（けんきょ）」とは、自分の能力や立場を過大評価せず、控えめで素直な態度で人に接すること、また、他者の意見や存在を尊重し、常に学び成長しようとする姿勢を指します。自己を謙遜し、感謝の気持ちを持ち、自分にも改善の余地があると自覚できることが特徴で、良好な人間関係や自己成長に不可欠とされます。 
謙虚の主な意味と特徴
控えめで素直な態度: 自分の実力をひけらかさず、傲慢にならないこと。「能ある鷹は爪を隠す」のよう。
他者への尊重と学習: 他人の意見や助言を素直に受け入れ、常に自分を向上させようとする。
感謝の気持ち: 成果は自分一人の力ではなく、周囲のおかげと捉え、感謝を忘れない。
自己認識: 自分の能力や間違いを正しく認識し、改善点を見つけて努力する。 
謙虚と関連する言葉
謙遜（けんそん）: 自分の能力や価値をわざと低く言う行為。謙虚は本質的な態度であり、謙遜はその表現の一つ。
控えめ（ひかえめ）、慎ましい（つつましい）: 謙虚の類語で、目立たないように振る舞う様子。 
ビジネスシーンでの重要性
人間関係の円滑化: 謙虚な姿勢は、周囲からの信頼を得やすく、協力関係を築きやすい。
自己成長の促進: 自分の課題を認識し、他者から学ぶことで、ビジネスパーソンとしての成長を促す。
採用時の評価: 企業が人材に求める重要な資質の一つとされています。

https://mazii.net/ko-KR/search/word/jako/%E8%AC%99%E8%99%9A

◆ 겸허.

謙虚
な態度
겸허한 태도

謙虚に反省する
겸허히 반성하다

他人の意見を謙虚に聞く
남의 의견을 겸허하게 듣다

https://www.kpedia.jp/s/3/%EA%B2%B8%ED%97%88%ED%95%98%EB%8B%A4

＜겸허하다の韓国語例文＞

・자연의 이치와 세상의 이치를 겸허하게 받아들이다.
自然の理知と世界の理知を謙虚に受け入れる。

・생로병사를 이야기할 때는 겸허한 마음이 필요합니다.
生老病死を語るときは謙虚な心が必要です。

・그는 다재다능한 재능을 가지면서 겸허해요.
彼は多芸多才な才能を持ちながら、謙虚です。

・아무리 꾸며도 미인이 될 수 없다는 걸 겸허히 받아들였다.
いくら装っても美人にはなれない事を謙虚に受け入れた。

・그는 겸허하게 다른 사람의 의견을 반영시키고 있어요.
彼は謙虚に他人の意見を反映させています。

・그의 겸허한 태도는 많은 사람들에게 호감을 받고 있습니다.
彼の謙虚な態度は多くの人に好感を持たれています。

・그는 겸허하게 자신의 의견을 말합니다.
彼は謙虚に自分の意見を述べます。

・그는 리더로서 겸허하게 행동합니다.
彼はリーダーとして謙虚に振る舞います。

・그녀는 겸허하게 비판을 받아들였습니다.
彼女は謙虚に批判を受け止めました。

・그는 겸허하게 자신의 실수를 인정했습니다.
彼は謙虚に自分の間違いを認めました。

・효율적으로 일을 진행하고 싶다면 겸허한 자세가 중요합니다.
効率的に仕事を進めたいなら、謙虚な姿勢が重要です。

・겸허한 자세로 대하다.
謙虚な姿勢で接する。

・자신의 잘못을 겸허히 인정하는 그는 아주 좋은 사람이야.
自身の過ちを謙虚に認める彼はとても良い人だ。

・겸허한 태도로 사람을 대하도록 유의하다.
謙虚な態度で人に接するように心がける。

・그는 자신에게 엄격하고 겸허하다.
彼は自身には厳格で謙虚である。

・그녀는 매우 겸허하다.
彼女はとても謙虚だ。

・아무리 머리가 좋은 사람이라도 겸허한 사람은 이길 수 없다.
どんなに頭のいい人でも、謙虚な人にはかないません。

・좀 더 겸허해지는 것이 좋을 거야
もっと謙虚になった方がいいよ。

・겸허하게 반성하다.
謙虚に反省する。

・겸허하게 남의 의견을 듣다.
謙虚に他人の意見を聞く。

・그는 항상 겸허한 자세로 사람을 대하였다.
彼はいつも謙虚な姿勢で人に接する。

・그는 항상 겸허히 다른 사람의 의견을 존중해요.
彼はいつも謙虚に他人の意見を尊重します。

・그 선수는 경기 후에 겸허히 패배를 받아들였어요.
その選手は試合後に謙虚に敗北を受け入れました。

・그녀는 항상 겸허히 자신의 실수를 인정해요.
彼は成功をもっても謙虚に振る舞います。

・그 정치인은 겸허히 선거전을 치렀습니다.
その政治家は謙虚に選挙戦を戦いました。

・신인으로서 그녀는 겸허히 조언을 받아들였습니다.
新人として、彼女は謙虚にアドバイスを受け入れました。

・그는 항상 겸허히 자신의 성공을 말합니다.
彼は常に謙虚に自分の成功を語ります。

・그는 경험이 풍부하면서도 겸허히 계속 배웁니다.
彼は経験豊富ながらも謙虚に学び続けます。

・상사나 선배에게 겸허히 대하다.
上司や先輩には謙虚に接する。

・잘못을 겸허히 인정하다.
過ちを謙虚に認める。

・겸허히 반성하다.
謙虚に反省する。

・자연계의 놀라움은 우리를 겸허하게 합니다.
自然界の驚きは、私たちを謙虚にします。

・겸허함이 몸에 배었다.
謙虚さが身についてきた。

・저의 잘못을 겸허히 반성하며 사죄를 드리고자 합니다.
私の間違いを謙虚に反省し、謝罪を申し上げようと思います。

・국민의 비판을 겸허히 달게 받겠습니다.
国民の批判を謙虚に受け止めます。","[""import"",""japanese""]",2026-02-22 09:21:41.711667+00,e1848554-ffae-479c-a8cd-4c0d77b7bed2,2026-03-19 15:55:50.007522+00,0,0,0,2026-03-19 15:55:50.007522+00,0,null,null,null,false,null,null,null,null,true,829b13db-1001-433c-9a57-a9067455083c,null,null,"{""tables"":{""1"":{""rows"":[],""columns"":[]}}}",null,[],null,null
3d6d7059-bb3e-4c01-87d3-aae3b1004450,「渡す（わたす）」,"https://youtu.be/9B1izCJwtmM?si=2zmuvDdY8ToEFNDb

「渡す（わたす）」とは、手から手へ物や情報を受け渡す、相手に与える、別の場所へ移動させるという意味の動詞で、英語ではgive, pass, hand overなどに相当し、ビジネスシーンでは資料の受け渡しなどに使われ、より丁寧な表現として「お渡しする」「差し上げる」などがあります。 
基本的な意味と使い方
手から手へ受け渡す: 手に持ったものを相手の手に移す行為。「鍵を渡す」「書類を渡す」など。
与える・譲る: 権利や持ち物などを相手に与えること。「権利を譲り渡す」。
移動させる: 人や物を船などで対岸へ運んだり、ある場所から別の場所へ移したりすること。「人を船で渡す」「荷物を移す」。 
ビジネスシーンでの言い換え
お渡しする: 丁寧な表現。資料や品物を相手に渡す際に使います。
差し上げる: 相手を敬う気持ちを込めた表現。
お預けする: 預ける意味合いで、一時的に相手に物を渡す場合。
引き渡す: 相手に完全に譲り渡す、というニュアンス（例: 業務を引き渡す）。 
例文
「この資料を担当者の方に渡してください。」
「プレゼントを友達に渡した。」
「データをサーバーに渡す。」
英語表現
Give, pass, hand over, present, slip など、状況に応じて使い分けられます。 
マナー
相手に物を渡す際は、相手の正面を向けて両手で丁寧に渡すのが基本です。

https://mazii.net/ko-KR/search/word/jako/%E6%B8%A1%E3%81%99

◆ 건네주다.
◆ 건너가게 하다.

舟で人を渡す
배로 사람을 건네주다

◆ (넘겨)주다; 내주다; 양도하다.

金を渡す
돈을 (건네)주다

お土産を渡される
선물을 건네받다

家を人手に渡す
집을 남의 손에 넘기다

◆ 건너지르다; 걸치다; 놓다; (건너) 매다.

板を渡す
판자를 걸치다

川に橋を渡す
강에 다리를 놓다

綱を渡す
줄을 건너질러 매다

◆ (동사 연용형(連用形)에 붙어서) 그 동작이 널리 미치도록 하다.

かなたを見渡す
저편을 바라다보다

眺め渡す
멀리 바라보다

譲り渡す
양도하다","[""import"",""japanese""]",2026-02-22 09:21:41.711667+00,e1848554-ffae-479c-a8cd-4c0d77b7bed2,2026-03-19 15:55:50.007522+00,0,0,0,2026-03-19 15:55:50.007522+00,0,null,null,null,false,null,null,null,null,true,0240a403-f518-43e6-a883-457a5dea2f21,null,null,"{""tables"":{""1"":{""rows"":[],""columns"":[]}}}",null,[],null,null
3e1246eb-ba3e-421f-acbe-e0fabb58fb43,한일 개발한자어 구분,"좋아. 이건 진짜 “일본 취업/실무 적응”에 직결되는 정리라서 개발 실무에서 실제로 자주 쓰는 것들만 뽑아서 정리해줄게.

구성은 네가 말한 대로:

**한일 공통 한자어(같은 한자/같은 단어)**인데 쓰임이 다른 경우

한일 1:1 매칭되는 경우(그대로 쓰면 되는 단어)

1) 공통 한자어지만 “쓰임이 다른” 케이스 (중요)
A. 対応(대응)

🇰🇷 한국: 대응 = “대응하다”(보통 고객/사건 대응 느낌)

🇯🇵 일본: 対応 = 문제 처리 전반(개발에서 매우 범용)

✅ 일본 실무에서 쓰임

バグ対応しました (버그 처리했습니다)

仕様変更に対応しました (사양 변경 대응했습니다)

問い合わせ対応 (문의 대응)

📌 한국어 “처리/조치/대응”을 일본은 対応 하나로 많이 퉁침.

B. 管理(관리)

🇰🇷 한국: 관리 = 운영/관리 (넓게 사용)

🇯🇵 일본: 管理 = 리소스/권한/상태/버전/세션 등 “통제”에 가까움

✅ 실무 예시

状態管理(state management)

権限管理(permission management)

バージョン管理(version control)

📌 일본은 “state 관리” 말할 때 状態管理가 거의 공식어.

C. 設計(설계)

🇰🇷 한국: 설계 = 시스템 설계(큰 설계 느낌)

🇯🇵 일본: 設計 = 아주 일상적으로 씀 (작은 기능도 설계)

✅ 예시

画面設計 (화면 설계)

DB設計 (DB 설계)

API設計 (API 설계)

📌 일본은 “설계”를 훨씬 자주 말함.
신입에게도 “設計の意図”를 기대함.

D. 実装(실장/구현)

🇰🇷 한국: 구현/개발/작성 등 표현이 분산

🇯🇵 일본: 実装이 거의 표준 (개발 말투의 기본 단어)

✅ 예시

〜を実装しました (구현했습니다)

実装方針 (구현 방침)

未実装 (미구현)

📌 일본에서는 코드 작성 = 거의 実装.

E. 修正(수정)

🇰🇷 한국: 수정 = 버그 수정+기능 수정+UI 변경 다 포함

🇯🇵 일본: 修正 = ‘틀린 것/문제’ 고치는 뉘앙스가 강함

✅ 예시

バグを修正しました (버그 수정)

誤字を修正しました (오타 수정)

📌 일본에서 단순 UI 변경을 “修正”이라고 하면
“버그였나?” 느낌이 날 때가 있음 → 이럴 땐 改善/変更.

F. 改善(개선)

🇰🇷 한국: 개선 = 주로 UX/성능 개선(맞음)

🇯🇵 일본: 改善 = 진짜 자주 쓰는 만능 고급 단어

✅ 예시

パフォーマンスを改善しました

UI/UXを改善しました

可読性を改善しました(가독성 개선)

📌 일본은 “수정”보다 “개선”이 더 평가 좋게 들리는 경우 많음.

G. 変更(변경)

🇰🇷 한국: 변경 = 그냥 바꿈(중립)

🇯🇵 일본: 変更 = 사양/요구사항 변경을 공식적으로 말할 때 자주 씀

✅ 예시

仕様変更 (사양 변경)

変更対応 (변경 대응)

📌 “UI 조금 바꿈”도 変更으로 말하면 말이 정돈됨.

H. 確認(확인)

🇰🇷 한국: 확인 = 전부 “확인”

🇯🇵 일본: 確認도 쓰지만 상황별로 분화가 많음
(動作確認 / 検証 / 再現確認 등)

✅ 예시

動作確認しました (동작 확인했습니다)

再現を確認しました (재현 확인했습니다)

📌 그냥 確認만 쓰면 약간 “뭘 확인했는데?”가 될 수 있음.

I. 検証(검증)

🇰🇷 한국: 검증 = 테스트/검증(좋음)

🇯🇵 일본: 検証 = 조사+테스트+재현 포함하는 강한 단어

✅ 예시

原因を検証しました

再現性を検証しました

📌 “테스트”보다 더 분석적인 느낌.

J. 共有(공유)

🇰🇷 한국: 공유 = 공유

🇯🇵 일본: 共有 = 보고/전달도 포함하는 느낌(업무용)

✅ 예시

情報共有 (정보 공유)

認識共有 (인식 공유)

📌 회의체, 업무 흐름에서 진짜 많이 씀.

2) 한자어 1:1 매칭 (그대로 외워서 쓰면 되는 것들)

아래는 한국어 뜻과 일본어 쓰임이 거의 동일해서
그대로 가져다 쓰면 돼.

개발/업무 기본

開発 = 개발

環境 = 환경

仕様 = 사양

要件 = 요건

条件 = 조건

期限 = 기한

優先順位 = 우선순위

影響 = 영향

追加 = 추가

削除 = 삭제

更新 = 갱신/업데이트

保存 = 저장

復元 = 복원

取得 = 취득/가져오기(get)

作成 = 생성(create)

削減 = 삭감/감소(성능 최적화에도 씀)

最適化 = 최적화

自動化 = 자동화

품질/테스트

品質 = 품질

テスト = 테스트(가타카나지만 1:1)

検査 = 검사(품질 검사 쪽)

再現 = 재현

原因 = 원인

結果 = 결과

시스템/구조

構造 = 구조

処理 = 처리

速度 = 속도

負荷 = 부하

攻撃 = 공격(보안)

安全性 = 안전성

可用性 = 가용성

保守 = 보수/유지보수

拡張 = 확장

3) 실전 꿀팁: 일본은 “단어 선택”이 실력처럼 보임

일본은 같은 “수정”이라도 표현을 이렇게 나눠 쓰면 인상이 달라져:

修正しました = 틀린 걸 고쳤다(버그 느낌)

変更しました = 바꿨다(중립)

改善しました = 더 좋게 만들었다(긍정)

이 3개 구분만 해도 말이 실무스러워져.","[""import"",""japanese""]",2026-02-22 09:21:41.711667+00,e1848554-ffae-479c-a8cd-4c0d77b7bed2,2026-03-19 15:55:50.007522+00,0,0,0,2026-03-19 15:55:50.007522+00,0,null,null,null,false,null,null,null,null,true,038cb0e6-949c-448f-8add-49007194e2a1,null,null,"{""tables"":{""1"":{""rows"":[],""columns"":[]}}}",null,[],null,null
40a1d263-16d7-44b8-87aa-8f1c20a4768c,edit vs delete 구조 차이 정리,"✅ edit vs delete 구조 차이 정리 (기록용)
1) edit 함수 흐름 (find + early return)

edit는 보통 이런 구조가 맞다:

const it = items.find(x => x.id === id);
if (!it) return;

✅ 이유

edit는 “어떤 항목을 수정할지”가 명확해야 함

id로 해당 항목 1개를 찾아야 함 (find)

없으면 더 진행하면 안 되므로 조기 종료(early return) 하는 게 정석

📌 즉 edit는

대상 선택(find) → 검증(if(!it)return) → 수정 로직 실행

이 순서가 매우 자연스럽고 실무에서도 자주 쓰임.

2) delete 함수 흐름 (filter로 재할당)

delete는 보통 이런 스타일로 짧게 가능:

items = items.filter(x => x.id !== id);
render();

✅ 이유

delete는 “해당 id를 제외한 새 배열”이 필요함

그 역할이 filter

따라서 결과를 items에 재할당하는 패턴이 가장 흔함

📌 즉 delete는

배열 재구성(filter) → 재할당 → 다시 렌더링

이라서 짧아지는 게 정상임.

※ 다만 이 방식은 items가 const이면 재할당 불가능 → let items가 필요.

3) edit가 길어지고 delete가 짧아지는 이유 (핵심)

너가 말한 게 진짜 정확함.

✅ edit가 길어지는 이유

edit는 단순히 데이터만 바꾸는 게 아니라, 사용자와 상호작용 흐름이 있음.

너 edit는 이런 UX를 포함하고 있음:

prompt 창 열기

기존 텍스트 찾아서 prompt 기본값으로 뿌리기

사용자가 수정한 값을 입력

변경된 텍스트를 화면에 다시 렌더링
(필요하면 localStorage도 갱신)

즉 edit는

“UI 상호작용” + “데이터 수정”
두 축이 같이 들어가서 코드가 길어질 수밖에 없음.

✅ delete가 짧은 이유

delete는 UX적으로 사용자가 입력할 게 없음.

클릭

데이터에서 제거

렌더링

이게 끝이라서

데이터 조작만 하고 끝나는 단순 흐름 = 코드가 짧아짐

4) 너 표현 중 정확한 포인트 하나 보강

너가 “delete는 items를 재할당하고 filter 걸고 바로 리턴하는 방식”이라고 했는데
여기서 엄밀히 말하면:

filter 자체가 “return(반환)”을 함 (새 배열)

그 반환 값을 items에 재할당하는 구조

즉 “delete 함수가 리턴한다” 보단:

filter가 새 배열을 반환하고 → 그걸 items가 받아서 대체한다

이 흐름이 더 정확해.

✅ 최종 결론 한 줄

edit는 특정 대상을 찾아(find) 검증하고(early return) 사용자 입력(prompt)까지 받기 때문에 길어지는 게 정상

delete는 filter로 배열을 재구성해서 다시 렌더링만 하면 되므로 짧은 게 정상

이 정도로 이해했으면 이제 거의 “CRUD 설계 감각”이 생긴 상태야","[""import"",""coding""]",2026-02-22 09:21:41.711667+00,e1848554-ffae-479c-a8cd-4c0d77b7bed2,2026-03-19 15:55:50.007522+00,0,0,0,2026-03-19 15:55:50.007522+00,0,null,null,null,false,null,null,null,null,true,84d7f2f1-4188-4f13-a301-0ec7014beda5,null,null,"{""tables"":{""1"":{""rows"":[],""columns"":[]}}}",null,[],null,null
40fa9661-f66c-4f04-8065-74015a322690,「当てる（あてる）」,"「当てる」は、何かを別のものに触れさせる（ぶつける、密着させる）、目標に命中させる、期待通りに的中させる、または何かを割り当てる・充てるなど、文脈によって様々な意味を持つ動詞です。具体的には、ボールを的に当てる（ぶつける）、光を当てる（晒す）、額に手を当てる（密着させる）、くじを当てる（的中）、予算を〇〇に当てる（充てる）、手紙を〇〇に宛てる（相手を指定する）、役職に当てる（割り当てる）といった使い方があります。 
主な意味と使い方
触れさせる・ぶつける・密着させる（当てる）
例文: ボールを的に当てる、熱を当てる、額に手を当てる。
意味: ある物体を他の物体に触れさせる、光・熱・風などに触れさせる、密着させる。
命中させる・的中させる（当てる、中てる）
例文: くじを当てる、予想を当てる、的に中てる。
意味: 期待や狙い通りに的中させる、正しく推測する。
割り当てる・充てる（充てる、宛てる）
例文: 予算を旅費に充てる、新人に仕事を当てる、手紙を友達に宛てる。
意味: 一部を何かの目的のために使う、役職や仕事に割り振る、届け先を指定する。
映像・音響などで合わせる（業界用語）
例文: 音を映像に当てて調整する。
意味: 映像と音、セリフと動きなどを同期させること。 
「当てる」と似ているが異なる言葉
当たる（あたる）: 「当てる」が能動的に働きかけるのに対し、「当たる」は自然に触れ合う、命中する、（何かに）該当する、（病気に）かかるなど、受動的な意味合いが強いです（例：ボールが壁に当たる、病気に当たる）。
当てる: 上記の「触れさせる」「割り当てる」など、働きかけが中心です。 
まとめ
「当てる」は「目標にぶつける」「割り振る」「（目的のために）使う」という動作を指すことが多く、漢字では「当てる」「充てる」「宛てる」など使い分けられます。

◆ To hit
◆ To expose
◆ To apply (e.g. patch); to put on; to put against; to hold on; to hold against
◆ To allot; to call on someone (e.g. in class)
◆ To guess (an answer)
◆ To make a hit (e.g. in a lottery)

https://mazii.net/ko-KR/search/word/jaen/%E5%BD%93%E3%81%A6%E3%82%8B

◆ 맞히다; 부딪다.
◆ 명중시키다.

矢を的に当てる
화살을 과녁에 맞히다

バットをボールに当てた
방망이를 공에 맞혔다

◆ 옳게 판단하다; 알아맞히다.

クイズの答えを当てる
퀴즈의 답을 맞히다

試合の勝ち負けを当てる
시합의 승패를 알아맞히다

犯人を当てた
범인을 알아맞혔다

◆ (제비·현상에서) 당첨하다; 상을 타다.

宝くじを当てる
복권에 당첨되다

一等賞を当てる
1등상을 타다

◆ (비·바람 따위를) 맞게 하다.

雨に当てる
비를 맞히다

風に当てて乾かしなさい
바람을 쐬게 해서 말려라

◆ 대항시키다.

強豪に当てて実力を試す
강호와 견주어 실력을 시험하다

◆ 대다; 얹다.

手を胸に当てる
손을 가슴에 얹다

頭を枕に当てる
머리를 베개에 대다

受話器を耳に当てる
수화기를 귀에 대다

◆ (불·햇볕을) 쬐다.

たき火に当てて乾かす
모닥불에 쬐어 말리다

植木鉢を日に当てる
화분을 햇볕에 내놓다

◆ 붙이다; 달다.

漢字に訓を当てる
한자에 훈을[토를] 달다

外国語に韓国語を当てる
외국어에 (알맞은) 한국어를 대응시키다

◆ (자로) 재다.

物差しを当てる
자를 대고 재다

◆ (방석 따위를) 깔고 앉다; 대다.

座布団をお当て下ください
방석을 까십시오

◆ ((宛てる)) …앞으로 보내다.

親に当てた電子メール
부모님께 보낸 이메일

先生に当てて手紙を書く
선생님께 편지를 쓰다

◆ 눈길을 주다[돌리다]; 보다.

目も当てられない
목불인견(目不忍見)이다; 눈 뜨고 볼 수 없다

◆ 해당시키다.

三年の刑に当てる
3년 형에 처하다

◆ (수동형으로) 해를 주다; 중독시키다.

毒気に当てられる
독기에 중독되다

◆ (유도에서) 급소를 찌르다.

胸の急所を当てる
가슴의 급소를 찌르다

◆ (남녀 간에 의가 좋음을) 보란 듯이 내보이다.
◆ 지명하다; (일이나 역할 등을) 담당하게 하다.

先生に当てられる
선생님께 지명받다

その人にハムレットの役を当てる
그 사람에게 햄릿 역을 맡기다

生徒を当てて答えさせる
학생을 지명하여 대답하게 하다

◆ 대응시키다; 적용시키다.

ひと事と思わず、我が身に当てて考える
남의 일로 생각지 않고 입장을 바꾸어 생각하다

https://mazii.net/ko-KR/search/word/jako/%E5%BD%93%E3%81%A6%E3%82%8B","[""import"",""japanese""]",2026-02-22 09:21:41.711667+00,e1848554-ffae-479c-a8cd-4c0d77b7bed2,2026-03-19 15:55:50.007522+00,0,0,0,2026-03-19 15:55:50.007522+00,0,null,null,null,false,null,null,null,null,true,44fd2609-95aa-4466-923e-64e4c2b84741,null,null,"{""tables"":{""1"":{""rows"":[],""columns"":[]}}}",null,[],null,null
4192ecc1-af69-494e-b6cf-f3e4e3ce627c,「掘る（ほる）」,"https://youtu.be/3wzhZ5Acvt4?si=skdrLa0XHZ4wz1F-

「掘る（ほる）」とは、地面に穴や溝をあけること、埋まっているものを取り出すこと、深く探求することなどを指し、文脈によって「彫る（彫刻）」や俗語（「ディグる」のように情報を深く探す、車が追突する「おかまを掘られる」など）も意味します。主な意味は「土を掘って穴をあける」「芋を掘る」「根掘り葉掘り聞く」のように、手で土を掘る動作や、そこから派生した探求のニュアンスです。 
主な意味と例文
地面に穴や溝を作る:
「井戸を掘る」「トンネルを掘る」。
埋まっているものを取り出す:
「ジャガイモを掘る」「化石を掘り出す」。
深く探求する・調べる（比喩的表現）:
「根掘り葉掘り掘る」「情報をディグる（深く探す）」。 
関連する漢字
掘る (てへん): 手で土を掘る動作、穴をあける動作。
彫る (ほる): 木や石などを削って形を作る、入れ墨をする。
堀 (ほり): 城の周りの水路など、掘って作った場所（名詞）。 
類義語
「穿つ（うがつ）」、「掘り起こす」、「掘り出す」、「掘り抜く」、「採掘（さいくつ）」など。

https://mazii.net/ko-KR/search/word/jako/%E3%81%BB%E3%82%8B

◆ 파다; 구멍을 뚫다.

井戸を掘る
우물을 파다

トンネルを掘る
터널을 내다[뚫다]

地面に穴を掘る
땅에 구덩이를 파다

◆ 캐다.

石炭を掘る
석탄을 캐다

芋を掘る
감자를 캐다

貝を掘る
조개를 캐다","[""import"",""japanese""]",2026-02-22 09:21:41.711667+00,e1848554-ffae-479c-a8cd-4c0d77b7bed2,2026-03-19 15:55:50.007522+00,0,0,0,2026-03-19 15:55:50.007522+00,0,null,null,null,false,null,null,null,null,true,c2480ad3-a27c-484f-9077-da2afe65af60,null,null,"{""tables"":{""1"":{""rows"":[],""columns"":[]}}}",null,[],null,null
42e30133-310f-40c1-9612-af8748b89cf0,配る（くばる）と分ける（わける）のちがさ,"https://blog.naver.com/maisensei-japanese/222485880966

配（くば）る

１ 物を、適当な量に分けて、それぞれに行き渡るようにする。割り当てて渡す。

물건을 적당한 양으로 나누어 각각에 골고루 전달하도록 한다.할당해서 넘기다.

​

「カードを配る／카드 나눠주다」

​

２ 方々に届けて回る。配達する。

사방에 물건을 전달하고 다니다.배달하다.

「新聞を配る/ 신문을 배달한다.」

​

３ 配慮や注意などを行き渡らせる。方々に行き届かせる。

배려나 주의등을 골고루 준다.사방에 두루 미치다.

「気を配る/매려하다 주의하가」

分ける

１ 一つにまとまっているものをいくつかの部分にする。分割する。

하나로 뭉쳐 있는 것을 몇 개의 부분으로 만든다.분할한다.

「ケーキを分ける／케이크를 나누다」 

​

​

２ 種類によって区分する。分類する。

종류에 따라 구분한다.분류하다.

「子供と大人に分ける／아이와 어른으로 나누다」

「大きさによって分ける／크기에 따라 나누다」

​

３ 幾つかに割って与える。分配する。また、一部分を人に与える。

여러 개로 쪼개서 주다.분배하다.또 한 부분을 남에게 준다.

「財産を三人の息子に分ける／재산을 세 아들에게 나누어 준다」

「いただき物をお隣に分ける／먹거리를 이웃에게 나누어 준다」

​

☞おすそ分けするとも言いますね。

사전에서도 알 수 있듯이

「配る」　

적당한 양을 각자에게 골고루 준다

​

「分ける」　

하나의 것을, 혹은 많이 모여서 하나가 된 것을 

여러 그룹으로 분할한다

となりますね","[""import"",""japanese""]",2026-02-22 09:21:41.711667+00,e1848554-ffae-479c-a8cd-4c0d77b7bed2,2026-03-19 15:55:50.007522+00,0,0,0,2026-03-19 15:55:50.007522+00,0,null,null,null,false,null,null,null,null,true,2fd9707b-2372-41fd-83ee-f84b5156dff7,null,null,"{""tables"":{""1"":{""rows"":[],""columns"":[]}}}",null,[],null,null
45ba9e94-5499-490d-90cb-43f4e8ed2a78,あさとい,"한국어설명

1️⃣ あさとい(아사토이)의 기본 뜻

あさとい는 일본어 형용사 **「あざとい(아자토이)」**를
일부러 부드럽거나 귀엽게 발음한 비공식·구어체 표현입니다.

즉,

あさとい = あざとい의 발음 변형 / 애교 섞인 표현

사전에 정식으로 등재된 단어는 아니기 때문에
검색하면 잘 안 나오는 것이 정상입니다.

2️⃣ 원래 단어 あざとい의 의미

**あざとい(아자토이)**는 상황에 따라 긍정·부정이 갈리는 단어예요.

핵심 의미

눈치가 빠르고, 계산적이며,
자신의 매력이나 상황을 영리하게 이용하는 모습

한국어로 옮기면 (문맥별)

약간 부정적:

얄밉게 영리하다

계산이 빠르다

일부러 귀여운 척한다

중립~가벼운 뉘앙스:

센스가 좋다

자기 장점을 잘 안다

3️⃣ 왜 あさとい라고 쓰일까?
🔹 발음이 바뀐 이유

「ざ(자)」 → 「さ(사)」로 바꾸면
👉 더 순하고 귀엽게 들림

SNS, 캐릭터 말투, 팬덤 대화에서 자주 사용

🔹 느낌 차이
표현	느낌
あざとい	계산적, 얄밉다는 뉘앙스가 비교적 강함
あさとい	장난스럽고 귀여운 뉘앙스, 비난 수위 ↓
4️⃣ 실제 사용 예문
🗣️ 예문 1 (장난스럽게)

あの子、ちょっとあさといよね〜
(그 애, 좀 아사토이하지 않아? ㅎㅎ)

→ 귀엽게 계산적인데 미워하긴 어려운 느낌

🗣️ 예문 2 (호의적)

自分の見せ方があさとい
(자기 매력 어필을 되게 잘한다)

5️⃣ 정리 한 줄 요약 ✍️

あさとい는
👉 「あざとい」를 귀엽게 바꾼 비공식 표현으로
👉 ‘영리하게 매력을 쓰는 모습’을
👉 가볍고 장난스럽게 말할 때 사용한다

💡 팁 (기록용으로 쓸 때 이렇게 정리하면 좋아요)

팁

사전 정의로 쓰지 말고 SNS·구어체 표현이라고 명시하기

부정 단어가 아니라 뉘앙스 의존적 표현임을 같이 적기

“귀엽게 계산적인”이라는 완충 표현이 가장 안전함

📌 예시 기록 문장

あさとい: 일본어 구어체 표현. あざとい의 발음 변형으로,
계산적이지만 귀엽거나 장난스럽게 보이는 행동을 묘사할 때 사용됨.

일본어설명

1️⃣ 표기: あさとい vs あざとい (정확한 구분)
✅ 정식 일본어

あざとい

사전에 등재된 형용사

일본인이 “의미 설명”을 할 때 반드시 이 표현 사용

문어체·구어체 모두 사용 가능

⚠️ 비공식 변형

あさとい

사전 미등재

발음을 부드럽게 바꾼 구어·캐릭터 표현

SNS, 팬덤, 장난스러운 대화에서만 사용

👉 정리 한 줄

의미 설명·기록·정의 → あざとい
말투 표현·귀여운 뉘앙스 → あさとい

2️⃣ 일본어로 설명하면 이렇게 말한다 (정석 설명)

일본어에서 あざとい는 보통 아래처럼 설명됩니다.

あざといとは、
自分の立場や魅力を理解した上で、
計算して行動する様子を表す言葉。

조금 더 일상적인 설명은:

ずる賢く見えることもあるが、
世渡りが上手、要領がいいという意味でも使われる。

3️⃣ 일본어 사전식 정의 (정리용)

📘 기록용으로 쓰기 좋은 형태:

あざとい【形容詞】
自分を有利に見せるために、
計算して振る舞うさま。
文脈により、否定的にも肯定的にも使われる。

4️⃣ あさとい는 일본어로 어떻게 설명할까?

일본어 기준으로는 이렇게 설명하면 정확합니다.

あさといは、
「あざとい」を柔らかく・可愛く言い換えた話し言葉。
正式な言葉ではない。

또는 SNS식 설명:

わざと「ざ」を「さ」にして、
キツい印象を和らげた表現。

5️⃣ 뉘앙스 비교 (기록용 표)
표현	일본어 기준
あざとい	정식 / 의미 설명용 / 뉘앙스 명확
あさとい	비공식 / 귀엽게 말한 버전 / 의미 동일
💡 팁 (정리·기록할 때 추천 방식)

팁

표제어는 반드시 あざとい로 적기

あさとい는 “파생 표현”으로 따로 설명하기

“부정적일 수도 있지만, 반드시 나쁜 의미는 아님”을 명시하면 오해 방지됨

📌 추천 정리 예시 (완성본):

あざとい:
자신의 장점이나 상황을 계산하여 행동하는 모습을 뜻하는 일본어 형용사.
문맥에 따라 얄밉게 영리하다는 의미 또는 처세가 능숙하다는 긍정적 의미로도 사용됨.

あさとい:
あざとい를 귀엽고 부드럽게 발음한 비공식 구어 표현.","[""import"",""japanese""]",2026-02-22 09:21:41.711667+00,e1848554-ffae-479c-a8cd-4c0d77b7bed2,2026-03-19 15:55:50.007522+00,0,0,0,2026-03-19 15:55:50.007522+00,0,null,null,null,false,null,null,null,null,true,2680dd15-43d8-402e-a32d-a7ceeeb52bdf,null,null,"{""tables"":{""1"":{""rows"":[],""columns"":[]}}}",null,[],null,null
4687ce18-76b3-42a1-9ce8-34c1242f44ca,「受け入れ（うけいれ）」,"https://youtu.be/VfC-W0zf9BM?si=SwxU8k5JGwZ6WfGB

「受け入れ（うけいれ）」とは、人や物事を身に引き取ること、迎え入れることを指し、相手の意見や状況、現実などを理解し、承諾・容認する意味合いが強いです。ビジネスや人間関係では相手の提案や立場を尊重し、柔軟に対応する姿勢を示し、日常生活では新しい環境や変化を素直に認める際にも使われ、「accept」「receive」などの英語に相当します。 
意味のポイント
「受け止める」との違い: 「受け入れる」は相手の意見に賛成・同意するニュアンスを含むのに対し、「受け止める」はただ聞いたり理解したりする段階に留まります。
対象: 人（考え方、要求）、物事（事実、状況、環境）、情報など幅広く使われます。
使い方（例文）:
「新しい環境を受け入れる」
「友人の提案を受け入れる」
「失敗を受け入れて次に活かす」
「このホテルは犬を受け入れない（=許可しない）」 
類語・関連語
受容（じゅよう）: 精神的に受け入れる、包み込む意味合いが強い。
容認（ようにん）: 許可して受け入れること。
歓迎（かんげい）: 喜んで迎え入れること。 
英語表現（ニュアンス別）
accept: 最も一般的。「事実を受け入れる」「感情を受け入れる」など。
receive: 物理的に受け取る、自動的に受け取るイメージ。
welcome: 喜んで迎え入れる、好意的に受け入れる。
adapt: 新しいものに適応する形で受け入れる。 
このように、「受け入れ」は単に受け取るだけでなく、心理的な理解や同意、対応の姿勢を含む多義的な言葉です。

https://mazii.net/ko-KR/search/word/jako/%E5%8F%97%E3%81%91%E5%85%A5%E3%82%8C

◆ 받아들임.
◆ 맞아들임.

新入社員の受け入れ準備
신입 사원을 받아들일 준비

被災者の受け入れ態勢が整う
이재민을 받아들일 태세가 갖추어지다

◆ 승낙; 승인.

要求の受け入れに難色を示す
요구를 받아들이는 데 난색을 보이다

◆ 수납함; 또, (회계 장부에서) 수입.","[""import"",""japanese""]",2026-02-22 09:21:41.711667+00,e1848554-ffae-479c-a8cd-4c0d77b7bed2,2026-03-19 15:55:50.007522+00,0,0,0,2026-03-19 15:55:50.007522+00,0,null,null,null,false,null,null,null,null,true,0e99113e-ecf8-4965-ba07-a65f99b5b073,null,null,"{""tables"":{""1"":{""rows"":[],""columns"":[]}}}",null,[],null,null