id,title,content,tags,created_at,user_id,updated_at,comment_count,view_count,like_count,last_activity_at,hot_score,deleted_at,deleted_by,deleted_reason,is_deleted,account_key,source_id,source_date,legacy_id,is_hidden,duplicate_of,deleted_scope,delete_note,table_data,attachments,links,import_source,source_filename
cf8d59cc-4fd2-4f93-b835-d78a882fdf81,tuki - 最低界隈,"最低界隈
최저집단

満員電車触んなって きしょすぎな意味わからんおっさん
만인덴샤 사완낫테 키쇼스기나 이미 와카란 옷상
만원 전철에서 만지지 마, 징그러워 의미를 모르겠는 아저씨

制服スカート寒さ我慢 生きにくさですら慣れる練習？
세이후쿠 스카-토 사무사 가만 이키니쿠사데스라 나레루 렌슈-?
교복 치마의 추위도 참고, 살기 힘든 것조차 익숙해지는 연습?

アガらないね終わってんね 給料バイトよりちょいマシ？
아가라나이네 오왓텐네 큐-료 바이토요리 쵸이 마시?
기분 안 뜨네, 글렀네, 월급은 알바보다 조금 나은 정도?

人手が欲しい少子化だし 育てる未来見えんのこっち
히토데가 호시이 쇼-시카다시 소다테루 미라이 미엔노 콧치
일손이 부족해 저출산이라니, 미래를 키울 앞날이 안 보이는 건 이쪽이라고

日々日々困惑 矛盾に不純に横着
히비히비 콘와쿠 무쥰니 후쥰니 오-챠쿠
매일매일 혼란스러워, 모순에, 불순에, 뺀질거리고

不正に税金めにめに 夢見ろって？現実はバグ
후세-니 제-킨 메니메니 유메미롯테? 겐지츠와 바구
부정하게 쓴 세금 잘만 보이네, 꿈을 꾸라고? 현실은 버그투성이

推しのライブ いつも当たらんのエグい
오시노 라이부 이츠모 아타란노 에구이
최애의 라이브, 맨날 떨어지는 거 너무해

Gimme, gimme 落 BeReal で報告
기미, 기미 토라쿠 비리아루데 호-코쿠
Gimme, gimme 광탈했다고 BeReal에 보고

Wi-Fi あっても心の中圏外
와이파이 앗테모 코코로노 나카 켄가이
Wi-Fi는 터져도 마음속은 먹통

笑顔の下ではずっと不在通知
에가오노 시타데와 즛토 후자이 츠-치
웃는 얼굴 밑엔 끝없는 부재중 알림

うざい無理 歪な世界だ
우자이 무리 이비츠나 세카이다
짜증 나, 무리야, 비뚤어진 세상이야

将来いつかはママになってみたい とかなんとか思ってたっけ
쇼-라이 이츠카와 마마니 낫테미타이 토카 난토카 오못테탓케
나중에 언젠가는 엄마가 되어보고 싶다 같은 생각을 했었나

アプデ待ちの世の中どうにかして
아푸데 마치노 요노나카 도-니카시테
업데이트 대기 중인 이 세상, 어떻게 좀 해봐

最低界隈 最低界隈
사이테-카이와이 사이테-카이와이
최저집단, 최저집단

あいどんのー本当奥歯がたがた言わしたろかい
아이돈노 혼토 오쿠바 가타가타 이와시타로카이
'I DON'T KNOW' 진짜, 어금니 꽉 물게 해줄까

最低界隈 最低界隈
사이테-카이와이 사이테-카이와이
최저집단, 최저집단

夢は何？ラブみラブみ『奪われない事』
유메와 나니? 라부미 라부미 우바와레나이 코토
꿈이 뭐냐고? 완전 러브, 바로 『빼앗기지 않는 것』

テステスマイクテスト 私絶対的に私です
테스테스 마이쿠테스토 와타시 젯타이테키니 와타시데스
테스트, 마이크 테스트, 나는 절대적으로 나야

SNS でレス 誰のせいでもないのは嘘です
에스에누에스데 레스 다레노 세-데모 나이노와 우소데스
SNS 댓글, 누구의 탓도 아니라는 건 거짓말이야

テステスマイクテスト 私絶対的に私です
테스테스 마이쿠테스토 와타시 젯타이테키니 와타시데스
테스트, 마이크 테스트, 나는 절대적으로 나야

SNS でレス さささ最低界隈です
에스에누에스데 레스 사사사 사이테-카이와이데스
SNS 댓글, 여긴 최최최 최저 집단입니다

お小遣いじゃ足りないんです でもって何もかも高い問題
오코즈카이쟈 타리나인데스 데못테 나니모카모 타카이 몬다이
용돈만으론 부족해요, 게다가 뭐든지 비싼 게 문제

不測の事態流行ってんね なんかそれすらもバズなコンテンツ
후소쿠노 지타이 하얏텐네 난카 소레스라모 바즈나 콘텐츠
예상치 못한 일들이 유행이네, 왠지 그것마저도 핫한 콘텐츠

流行り現実逃避 将来は苦渋の選択
하야리 겐지츠토-히 쇼-라이와 쿠쥬-노 센타쿠
유행은 현실도피, 미래는 고통스러운 선택

勉学励んでめにめに 払えって現実はバグ
벤가쿠 하겐데 메니메니 하라엣테 겐지츠와 바구
공부나 하라고 눈에 불을 켜네, 돈 내라는 현실은 버그투성이

今日のメイクまつげ上がらんのエグい
쿄-노 메이쿠 마츠게 아가란노 에구이
오늘 화장, 속눈썹 안 올라가는 거 장난 아냐

日々日々模索 唯一無二かわいい
히비히비 모사쿠 유이이츠무니 카와이이
매일매일 찾아 헤매, 독보적인 귀여움을

結局もうどうかわかんないよ経済
켓쿄쿠 모- 도-카 와칸나이요 케-자이
결국 이젠 어떻게 될지 모르겠어, 경제는

学んでおけば良かった免罪符って 売れんだって高値で捌け
마난데오케바 요캇타 멘자이훗테 우렌닷테 타카네데 사바케
'배워뒀으면 좋았을걸'이란 면죄부, 잘 팔린다며 비싸게 넘겨버려

将来いつか富豪になってみたい とかなんとか思ってたっけ
쇼-라이 이츠카 후고-니 낫테미타이 토카 난토카 오못테탓케
나중에 언젠가는 부자가 되어보고 싶다 같은 생각을 했었나

アプデ待ちな世の中どうにかして
아푸데 마치나 요노나카 도-니카시테
업데이트 대기 중인 이 세상, 어떻게 좀 해봐

最低界隈 最低界隈
사이테-카이와이 사이테-카이와이
최저집단, 최저집단

あいどんのー本当奥歯がたがた言わしたろかい
아이돈노 혼토 오쿠바 가타가타 이와시타로카이
'I DON‘T KNOW 진짜, 어금니 꽉 물게 해줄까

最低界隈 最低界隈
사이테-카이와이 사이테-카이와이
최저집단, 최저집단

夢は何？ラブみラブみ『奪われない事』
유메와 나니? 라부미 라부미 우바와레나이 코토
꿈이 뭐냐고? 완전 러브, 바로 『빼앗기지 않는 것』

テステスマイクテスト 私絶対的に私です
테스테스 마이쿠테스토 와타시 젯타이테키니 와타시데스
테스트, 마이크 테스트, 나는 절대적으로 나야

SNS でレス これに生産性など皆無です
에스에누에스데 레스 코레니 세-산세-나도 카이무데스
SNS 댓글, 이런 짓에 생산성 따윈 눈곱만큼도 없어

テステスマイクテスト 私絶対的に私です
테스테스 마이쿠테스토 와타시 젯타이테키니 와타시데스
테스트, 마이크 테스트, 나는 절대적으로 나야

SNS でレス さささ最低界隈です
에스에누에스데 레스 사사사 사이테-카이와이데스
SNS 댓글, 여긴 최최최 최저 집단입니다

嫌んなってポイってして 感情はプラスチック
이얀낫테 포잇테 시테 칸죠-와 푸라스칫쿠
싫증 나서 휙 던져버린 감정은 플라스틱

体内漂って溜まっていきます
타이나이 타다욧테 타맛테이키마스
몸속을 떠다니며 쌓여만 가네

最低な気分なら最低でいい
사이테-나 키분나라 사이테-데 이이
기분이 최악이면 최악인 채로 괜찮아

黙っている方が不健康です
다맛테이루 호-가 후켄코-데스
입 다물고 있는 게 더 안 좋아

言いたいことは全部言って 出来る事あれば全部やって
이이타이 코토와 젠부 잇테 데키루 코토 아레바 젠부 얏테
하고 싶은 말은 전부 하고, 할 수 있는 일 있으면 전부 하라고

独り独りがそうやって 繋がって歌え
히토리 히토리가 소-얏테 츠나갓테 우타에
한 사람 한 사람이 그렇게 이어져서 노래해

此処に居る 此処に居る 物言わぬ屍じゃないわ
코코니 이루 코코니 이루 모노이와누 시카바네쟈 나이와
여기에 있어, 여기에 있어, 말 없는 시체가 아니라고

テステスマイクテスト 私絶対的に私です
테스테스 마이쿠테스토 와타시 젯타이테키니 와타시데스
테스트, 마이크 테스트, 나는 절대적으로 나야

SNS でレス これに生産性など皆無です
에스에누에스데 레스 코레니 세-산세-나도 카이무데스
SNS 댓글, 이런 짓에 생산성 따윈 눈곱만큼도 없어

テステスマイクテスト 私絶対的に私です
테스테스 마이쿠테스토 와타시 젯타이테키니 와타시데스
테스트, 마이크 테스트, 나는 절대적으로 나야

SNS でレス さささ最低界隈です
에스에누에스데 레스 사사사 사이테-카이와이데스
SNS 댓글, 여긴 최최최 최저 집단입니다","[""import"",""japanese""]",2026-02-22 11:37:06.628315+00,e1848554-ffae-479c-a8cd-4c0d77b7bed2,2026-03-19 15:55:50.007522+00,0,0,0,2026-03-19 15:55:50.007522+00,0,null,null,null,false,null,jp-dev-study-log-next,2025-12-28 17:23:27.007+00,1766942607007,false,null,null,null,"{""tables"":{""1"":{""rows"":[],""columns"":[]}}}",null,[],null,null
d082b975-92ef-49e6-a62f-41b34260eadf,日本語単語勉強22,"1️⃣ 한 문장 핵심 요약 (먼저 잡기)

急に → 흐름 속 변화 (감정/상황 포함)

いきなり → 예고 없는 체감 (화자 당혹감 강함)

突然 → 사건 발생의 사실 서술 (감정 배제)

👉 주관 vs 체감 vs 객관의 차이입니다.

팁
👉 “누가 느꼈는가?”를 기준으로 보면 구분이 쉽습니다.

내가 느낌 → 急に / いきなり

사건이 발생 → 突然

2️⃣ 突然（とつぜん）の 감각 구조
📌 본질

예측 불가능한 사건이 사실로서 발생

📌 특징

감정 표현 거의 없음

객관적

딱딱함

기사·보고·문어체에 강함

📌 자주 쓰이는 곳

뉴스

보고서

설명문

공식 발표

📌 예문

突然の出来事

突然、停電が起きた

突然の訃報

👉 “그런 일이 발생했다” 느낌

팁
👉 突然은
👉 ‘느꼈다’보다 ‘일어났다’에 초점이 있습니다.

3️⃣ 急に / いきなり와의 결정적 차이
🔹 감정 개입 여부
단어	화자 감정
急に	있음
いきなり	매우 강함
突然	거의 없음

그래서 같은 상황에서도 이렇게 달라집니다.

상황: 회의 취소

急に中止になった
→ 상황이 급변했다는 느낌

いきなり中止になった
→ 당황, 불만 뉘앙스

突然中止になった
→ 사실 전달 (담담)

팁
👉 불만·놀람을 넣고 싶으면 突然은 잘 안 씁니다.

4️⃣ “좀 딱딱한 느낌인가?” → 맞다, 정확하다

당신 감각이 정확해요.

왜 딱딱하게 느껴질까?

감정 삭제

설명체 문장

사건 중심 서술

그래서 일상 회화에서:

突然을 쓰면
→ 약간 거리감 / 공식 느낌이 납니다.

팁
👉 친구와 수다 → 急に / いきなり
👉 상황 설명 / 요약 → 突然

5️⃣ 외국인이 자주 하는 실수
❌ 일상 감정 표현에 突然 사용

突然びっくりした

→ 어색 ❌ (감정 + 객관 단어 충돌)

⭕ 자연스럽게

いきなりびっくりした

팁
👉 **감정 동사(놀라다, 화나다)**랑은
👉 突然이 잘 안 붙습니다.

6️⃣ 기록할 때 이렇게 남기면 깔끔하다
📌 추천 메모 포맷 (3개 한 세트)
急に
- 흐름 중 변화
- 감정 포함

いきなり
- 예고 없음
- 당혹감

突然
- 사건 발생
- 객관/공식


팁
👉 “회화용 / 설명용”으로 표시해 두면
👉 말할 때 자동으로 걸러집니다.

7️⃣ 한 문장으로 최종 정리

急には ‘상황의 급변’,
いきなり는 ‘체감된 돌발’,
突然은 ‘사실로서의 돌발 사건’

그래서
👉 突然이 가장 딱딱하고,
👉 대신 가장 안전한 설명용 단어입니다.

지금처럼
“이건 왜 느낌이 다르지?”를 캐치하는 감각이면
이미 일본어 뉘앙스 영역에 제대로 들어와 있습니다.

ーーーーーーーーーーーーーーーーーーーーーーーーーーーーーーーーーーーーーーーー

https://youtu.be/mqAvZ3EVyZo?si=2sOGlcV0OCvI4OrG

「つなぎ」は、「つなぐこと・もの」、「次の事までの時間をつなぐもの（場つなぎ）」、「料理で材料をまとめるもの（つなぎ粉、卵など）」、そして**「上下が一体になった作業服（オールインワン、ジャンプスーツ）」**といった複数の意味を持つ言葉です。文脈によって「繋ぎ」「接ぎ」「継ぎ」などの漢字が使われ、作業着は「オーバーオール」や「カバーオール」とも呼ばれます。 
主な意味と例
物理的に繋ぐこと・もの:
布と布を繋ぎ合わせる。
電話で回線を繋ぐ（「おつなぎいたします」）。
時間・場をつなぐもの:
「繋ぎの仕事」（本業の合間の仕事）。
「場つなぎに手品をする」（時間稼ぎ）。
料理で使う材料:
ハンバーグのひき肉をまとめるための小麦粉やパン粉、卵など。
そばに混ぜるヤマイモなど。
衣類:
上下が一体型の作業服（つなぎ服、作業着、オーバーオール、カバーオール、ジャンプスーツ）。
消防服やライダー服などにも使われる。

ーーーーーーーーーーーーーーーーーーーーーーーーーーーーーーーーーーーーーーーーーーーーーーーーーー

https://youtu.be/MRb6z5u7E34?si=s9A5b3727z8gWiB1

「頼り」（의지하다）、（たより）は、よりどころ、あてにできるもの・人、手掛かり、きっかけなどを意味し、「頼る」「頼りにする」という動詞「頼む」の名詞形です。現代では、「頼りになる人」（支えになる人）、「頼みの綱」（最後のよりどころ）、「便り」（連絡・知らせ）といった意味で使われ、古くは「機会」「ついで」の意味もありました。 
主な意味
よりどころ・支え: 困難な時に助けを求める対象や、頼って行動する根拠。
例: 「彼はいつも私の頼りだ」「地図を頼りに目的地へ着いた」。
手掛かり・きっかけ: 物事を進めるための手がかりや機会。
例: 「ある情報を頼りに調査を進める」。
（便り）連絡・知らせ: 手紙やメッセージなどの連絡手段（現代では「便り」と書くことが多い）。
例: 「ご無沙汰しておりますが、お便りお待ちしております」。 
類語・関連語
よりどころ、あて、頼みの綱、支え、当て、縁故、ツテ、コネ。 
使い方（例文）
「頼りになる存在」：信頼でき、助けになる人。
「頼りがなくなる」：支えを失うこと。
「頼りない」：頼りにならない、あてにならない様子。 
「頼り」は文脈によって「よりどころ」や「機会」、さらには「連絡」の意味を持つ、幅広く使われる日本語です。","[""import"",""japanese""]",2026-02-22 11:37:06.628315+00,e1848554-ffae-479c-a8cd-4c0d77b7bed2,2026-03-19 15:55:50.007522+00,0,0,0,2026-03-19 15:55:50.007522+00,0,null,null,null,false,null,jp-dev-study-log-next,2025-12-15 16:15:37.737+00,1765815337737,false,null,null,null,"{""tables"":{""1"":{""rows"":[],""columns"":[]}}}",null,[],null,null
d2852955-6492-4cdd-8570-c63a12421a43,"html,css tag 説明","📘 HTML & CSS チートシート（開発者ポートフォリオ向け / 日本語版）

本ドキュメントは、HTML と CSS の基礎から実務で頻繁に使用する要素までを体系的にまとめた学習・参照用の資料です。
コード例・役割・使用シーン・類似要素との比較などを含め、基本知識を確実に理解し、面接・技術説明の場でアピールできる構成となっています。

1. HTML 実務例：ポートフォリオページ

以下は、セマンティック HTML、テーブル、リスト、フォーム、メディア、レスポンシブ対応など
フロントエンドの基本要素を一度に理解できるサンプルコードです。

2. HTML タグ一覧（役割別）
■ 2.1 文書構造 / メタ情報
タグ 役割
<!DOCTYPE html> HTML5宣言（ブラウザに標準モードでレンダリングさせる）
html 文書のルート要素、lang=""ja"" など言語指定
head メタ情報、タイトル、スタイル、外部リソース
meta 文字コード、説明、viewport 設定
title ブラウザタブのタイトル
style 文書内の CSS
body 画面に表示されるコンテンツ全体
■ 2.2 セマンティック構造
タグ 役割
header ページまたはセクションのヘッダー領域
nav ナビゲーションリンク
main 文書の主要コンテンツ（1 ページに 1 つが理想）
section テーマ単位の区切り
article 独立したコンテンツ（ブログ記事、カードなど）
footer フッター、著作権、補足情報
■ 2.3 テキスト要素
タグ 役割
h1〜h3 見出し階層
p 段落
strong 重要性の強調（意味を持つ強調）
em 文脈上の強調（語調）
mark ハイライト
code コード・キーワードの表示
time 日付・時刻
abbr 略語に対する補足説明
■ 2.4 リスト・テーブル
タグ 役割
ul 箇条書きリスト
ol 番号付きリスト
li リスト項目
table データ表
thead 表ヘッダー
tbody 表本体
tr 表の行
th 見出しセル
td データセル
■ 2.5 メディア・インタラクション
タグ 役割
figure 画像・メディアのまとまり
figcaption 説明キャプション
img 画像
video 自前の動画再生
source 動画/音声のソース
iframe YouTube や外部サービス埋め込み
details 折りたたみ UI
summary details の要約行
■ 2.6 フォーム
タグ 役割
form 入力フォーム全体
label 入力項目のラベル
input 単一行入力（text/email など）
select ドロップダウン
option 選択肢
textarea 複数行入力
button 送信ボタン
3. CSS プロパティ一覧（役割別）
■ 3.1 レイアウト
● display
値 説明
block 行全体を占有
inline コンテンツ幅のみ。枠が設定できない
inline-block inline + width/height 可能
flex 1 次元レイアウト
grid 2 次元レイアウト
none 非表示
● position
値 基準 説明
static 文書フロー デフォルト
relative 自身 基準点のみ移動
absolute relative 祖先 自由配置
fixed 画面 スクロール固定
sticky 画面 一定位置で固定
● Flexbox の基本
display: flex;
flex-direction: row;
justify-content: center;
align-items: center;
gap: 16px;

● Grid の基本
display: grid;
grid-template-columns: repeat(3, 1fr);
gap: 20px;

■ 3.2 ボックスモデル
プロパティ 説明
width / height 要素サイズ
margin 外側の余白
padding 内側の余白
border 枠線
border-radius 角丸
box-sizing border-box 推奨
■ 3.3 タイポグラフィ
プロパティ 説明
font-size 文字サイズ
font-weight 太さ
line-height 行間
font-family フォント
text-align left, center, right
text-decoration 下線、取り消し線
color 文字色
■ 3.4 背景・色
プロパティ 説明
background / background-color 背景色
background-image 背景画像
background-size cover/contain
background-position 位置
■ 3.5 シャドウ & インタラクション
box-shadow: 0 2px 8px rgba(0,0,0,0.12);
transition: 0.2s ease;
transform: translateY(-2px);

■ 3.6 フォームスタイル

outline: none

:focus, :hover, :active

box-shadow を使ったアクセシビリティ強化

■ 3.7 レスポンシブ（Media Query）
@media (max-width: 640px) {
...
}

4. よくある比較（面接で話しやすいポイント）
● div vs section vs article
要素 役割 使いどころ
div 意味なし（スタイル用） 汎用コンテナ
section テーマ区分 “紹介 / スキル” など
article 独立可能な内容 ブログ記事/カード
● video vs iframe
video iframe
自前の動画再生 外部サービス埋め込み
カスタマイズ可能 UI は外部依存
● inline / inline-block / block
値 行を占有 サイズ変更 用途
inline ✕ ✕ テキスト
inline-block ✕ ○ ボタン
block ○ ○ セクション要素
● margin vs padding
margin padding
外側の余白 内側の余白
要素同士の距離 コンテンツと枠線の距離","[""import"",""coding""]",2026-02-22 11:37:06.628315+00,e1848554-ffae-479c-a8cd-4c0d77b7bed2,2026-03-19 15:55:50.007522+00,0,0,0,2026-03-19 15:55:50.007522+00,0,null,null,null,false,null,jp-dev-study-log-next,2025-11-16 15:33:30.597+00,1763307210597,false,null,null,null,"{""tables"":{""1"":{""rows"":[],""columns"":[]}}}",null,[],null,null
d31cd42b-f4e3-4901-9c8d-b8087e4127f4,「定まらない（さだまらない）」,"「定まらない」とは、物事の方向性、状態、心（気持ち）、焦点などがはっきりせず、ぐらぐらして落ち着かない、決まらない、一貫性がない状態を指し、文脈によって「話がまとまらない」「腰が据わらない」「心が揺れ動く」「焦点が合わない」などの意味合いで使われます。 
主な使われ方と類語
内容・話などがはっきりしない場合:
「とりとめのない」「一貫性がない」「まとまりがない」「焦点が定まらない」
例：「話の筋が定まらない」「内容が定まらない」
姿勢・態度などが不安定な場合:
「腰が据わらない」「足元が定まらない」「ふらつく」「ぶれる」
例：「腰が定まらない」「態度が定まらない」
心・気持ちが揺れ動く場合:
「心が定まらない」「移り気」「飽きっぽい」「気が多い」
例：「心が定まらない」「彼の心は定まらない」
物理的な状態が不安定な場合:
「揺れ動く」「安定しない」「ブレる」「ピンボケになる」
例：「写真のピントが定まらない」「焦点が定まらない」 
「定まらない」のポイント
「定める」の否定: 「決める」「固定する」という意味の動詞「定める」の未然形＋「ない」で、「（何かが）決まっていない」「固定されていない」状態を表します。
文脈で意味が変わる: 何が「定まらない」のか（話、心、姿勢、物理的焦点など）によって、ニュアンスや適切な言い換えが変わるのが特徴です。
もし具体的な文脈があれば、より的確な表現や意味を説明できます。","[""import"",""japanese""]",2026-02-22 11:37:06.628315+00,e1848554-ffae-479c-a8cd-4c0d77b7bed2,2026-03-19 15:55:50.007522+00,0,0,0,2026-03-19 15:55:50.007522+00,0,null,null,null,false,null,jp-dev-study-log-next,2026-01-01 00:33:39.875+00,1767227619875,false,null,null,null,"{""tables"":{""1"":{""rows"":[],""columns"":[]}}}",null,[],null,null
d70b4601-f90d-4613-8791-92b03c9d55bd,日本語単語勉強26,"https://youtu.be/QSfp39HAhQA?si=oF9ZTI0kMcZRxrEh

「表す（あらわす）」は、心の中にある思いや考え、形に見えないものを、言葉、表情、絵などを使って外に示したり、表現したりするという意味の動詞です。また、「現す（あらわす）」と混同されがちですが、「表す」は主に抽象的なものを表現する（例：喜びを表す）、一方「現す」は隠れたものや姿を明らかにする・現出させる（例：正体を現す）というニュアンスの違いがあります。 
主な意味と使い方
表現する（言葉、表情、絵などで）
例：「感謝の気持ちを言葉で表す」「この絵は私の感情を表している」
ポイント: 抽象的な感情や意図を具体化する。
意味する・示す
例：「このマークは危険を表す」「花言葉が嫉妬を表す」
ポイント: ある特定の意味や象徴を伝える。
（著す）書き記す・出版する
例：「古の出来事を文章に表す（著す）」
ポイント: 物語や記録を世に出すこと。 
「表す」と「現す」の使い分け
表す（おもてに、表）: 内面的なもの（感情、思想、意味）を表現する。
現す（あらわす、現）: 隠れていたもの（姿、事実、能力）を外に出して見えるようにする。 
例文
「彼の顔に表れた喜び」 → (隠れていた喜びが)現れた。
「彼の笑顔が喜びを表している」 → 感情を表現している。

乙女（おとめ）：결혼안한여성

https://m.blog.naver.com/062028/222062587257

https://youtu.be/lgKzMk1b1ns?si=C_195MmQvfYoNwmP

「割り勘（わりかん）」とは、複数人で飲食した際の代金を人数で均等に分けること、または各自が自分の注文分を支払うことの略で、「割り前勘定」の略称です。支払いを公平にするために、専用のアプリやQRコード決済の送金機能を使って精算することも一般的で、最近ではデート代としてもよく使われます。 
割り勘の主な意味と使い方
人数で均等に分ける: 最も一般的な意味で、総額を人数で割り、参加者全員が同じ金額を支払います。上司・部下など関係性に応じて負担割合を変えることもあります（「頭割り」とも呼ばれます）。
各自の注文分を支払う: 自分の食べたもの・飲んだものだけを払う場合も「割り勘」と呼びます。
正式名称: 「割り前勘定（わりまえかんじょう）」の略で、「割り前（取り分）」と「勘定（会計）」を合わせた言葉です。 
割り勘の精算方法
現金: 注文ごとに別会計にしてもらうか、店員に内訳を伝えて支払います。
QRコード決済: 「個人間送金」機能を使えば、手数料なしで素早く精算できます。
割り勘アプリ: 立て替え記録をつけ、自動で最適な清算額を計算してくれる「groupay」や「Walica」などがあります。 
英語表現
「Let's split the bill.（割り勘にしましょう）」。
「Can we have separate checks, please?（別々でお願いします）」。

結構（けっこう）：훌륭함,좋음,부족함이[더할 나위] 없음,만족스러움,다행임,괜찮음,이제 됐음(정중하게 사양하는 뜻으로도 씀),그런대로,제법,충분히

https://m.blog.naver.com/sonyloves/222518836946
https://m.blog.naver.com/airads/222147154059

우리말의 「뒤」라는 의미를 가진 일본어는 あと、うしろ、うら、のち
그 차이점에 대해서 알아봅시다.
 
https://blog.naver.com/vj8689/220389061780 

1. 後(あと)
 
① 위치적으로 뒤, 뒤쪽
ㆍ先生の後に立っている。선생님 뒤에 서 있다.
② 시간적으로 뒤, 나중, 다음
ㆍ三日後に旅行に行きます。3일 뒤에 여행을 갑니다.
③ 뒷일, 뒤의 사람, 나머지
ㆍ私は帰りますから、後をお願いします。저는 귀가할 테니까 뒤를 부탁합니다.
 
 
2. 後ろ(うしろ)
 
前(まえ)의 반대개념으로 뒤, 뒤쪽, 뒷모습, 그늘
ㆍ人の後ろに隠れる。사람 뒤에 숨다.
ㆍ家の後ろに木を植える。집 뒤에 나무를 심다.
 
 
3. 裏(うら)
 
「表(おもて)」의 반대개념으로 뒷면, 뒤쪽, 안(감), 이면
ㆍそのレコードの裏をかけてください。그 레코드의 뒷면을 틀어주십시오.
 
 
4. 後(のち)
 
① 어떤 일의 뒤, 어떤 일이 끝나고 나서의 뒤
ㆍ今日の天気は晴れ後曇りだとラジオで言った。
오늘 날씨는 맑은 뒤 흐림이라고 라디오에서 말했다.
② 미래, 장래
ㆍ後の世のために名作を残す。다음 세상을 위해서 명작을 남기다.","[""import"",""japanese""]",2026-02-22 11:37:06.628315+00,e1848554-ffae-479c-a8cd-4c0d77b7bed2,2026-03-19 15:55:50.007522+00,0,0,0,2026-03-19 15:55:50.007522+00,0,null,null,null,false,null,jp-dev-study-log-next,2025-12-19 17:00:48.798+00,1766163648798,false,null,null,null,"{""tables"":{""1"":{""rows"":[],""columns"":[]}}}",null,[],null,null
d82019a5-3f26-4835-9423-788c3a8810b8,「トロ」とは,"「トロ」とは、主にマグロの脂が乗った部位（腹身など）の総称で、口の中でとろけるような食感と濃厚な旨味が特徴の高級部位を指し、大トロ・中トロに分けられ、脂身が多すぎて敬遠されていた「猫またぎ」から、戦後の技術革新と食文化の変化で高級ネタへと変化しました。また、PlayStationの人気キャラクター名（井上トロ）でもあります。 
マグロの「トロ」について
部位: マグロの腹身（特に前方）に多く、脂身が多い部分。
種類:
大トロ: 最も脂が多く、希少で高価。特に脂の旨味が強い。
中トロ: 大トロと赤身の中間で、脂と赤身のバランスが良く、程よい甘みとしっとり感が魅力。
名前の由来: 口の中で「とろける」食感から来ているとされる（別名「アブ」「猫またぎ」）。
歴史: 江戸時代は脂っこいと嫌われ捨てられていたが、冷凍・冷蔵技術の発展と食味の変化（脂の旨味を好むように）により、現代では高級品に。 
キャラクターの「トロ」について
井上トロ: PlayStationのゲーム『どこでもいっしょ』シリーズに登場する、人間になることを夢見る白いネコのキャラクター。
特徴: 一人称は「トロ」、語尾に「ニャ」をつける。 
その他
マグロ以外でも、脂の乗った部位を「トロ」と呼ぶ（例：豚トロ、牛とろ丼）。
中落ち（中骨周りの身）をペースト状にしたものは「ネギトロ」。 
「トロ」は文脈によって指すものが異なりますが、多くは「とろける」食感のマグロの脂身、またはキャラクター名を指します。

https://ja.wikipedia.org/wiki/%E3%83%88%E3%83%AD","[""import"",""japanese""]",2026-02-22 11:37:06.628315+00,e1848554-ffae-479c-a8cd-4c0d77b7bed2,2026-03-19 15:55:50.007522+00,0,0,0,2026-03-19 15:55:50.007522+00,0,null,null,null,false,null,jp-dev-study-log-next,2025-12-26 14:35:00.263+00,1766759700263,false,null,null,null,"{""tables"":{""1"":{""rows"":[],""columns"":[]}}}",null,[],null,null
dd4a830f-b361-4c2b-a297-abc700f5d217,「相方」と「相棒」の違いとは？,"「相方」とは?
相方(あいかた)とは、いつも一緒にいる人のこと。

お笑い芸人のパートナー、結婚相手、そして最近は恋人のことを「相方」と呼ぶこともあります。

「相方」は「相」と「方」が組み合わさった言葉です。

「相」という漢字には、助ける・補佐するという意味があります。

そして「方」には仲間・同じグループという訳もあります。

つまり同じグループに属していて、助けあえる人が「相方」の本来の意味になります。

「もう1人」というニュアンスもあるので、2人組の片方をあらわすことが多いです。

使い方としては「人気お笑い芸人が、相方とのコンビ解消を発表した」や「ただいま相方募集中です」などと用います。

SNSなどでよく見かける「相方募集中」とは、一緒にあそぶ仲間や恋人を募集するメッセージです。

「相棒」とは?
相棒(あいぼう)とは、一緒に仕事する仲間のこと。

同じ目的に向かってすすむ、熱いチームメイトのことです。

人気刑事ドラマから一躍ヒットした、トレンド用語です。

相棒はもともと江戸時代に生まれた、歴史ある言葉です。

お殿さまやお姫さまを乗せる「かご」を2人1組で担いでいたことから「相棒」に。

重役を乗せる「かご」は、どちらかが怠けてしまえばすぐに地面に落ちてしまいます。

そのため「相棒」には、お互いの息をぴったり合わせる・協力して力をあわせるという意味があります。

使い方には「その時代劇の見どころは、主人公より相棒だ」や「事件解決のために、相棒に連絡した」などがあります。

「仕事の相棒は、優秀なノートパソコンだ」など、物に対してつかうこともあります。

「相方」と「相棒」の違い

どちらもよく似た用語のため、見間違えやすいです。

「相方」と「相棒」の違いを、分かりやすく解説します。

・カジュアルな「相方」、フォーマルな「相棒」「相方」と「相棒」はどちらも、助っ人・協力者という意味があります。

「相方」はもともと遊郭で使われていた隠語なので、ビジネスの場で用いられることはありません。

そのためお笑い芸人のコンビの片方、カップルの片割れなどに使われます。

くだけたシーンで用いられる、カジュアルな言葉です。

また「相棒」は刑事ドラマのタイトルを連想するように、かっちりした雰囲気の言葉です。

ビジネスパートナーや仕事の仲間などを表現します。

お笑いや恋愛、遊びのシーンでは「相方」。

ビジネスシーンでは「相棒」です。

まとめ
「相方」と「相棒」の違いを分かりやすくお伝えしました。

どちらも「仲間・連れ合い」をあらわす言葉です。

お笑い芸人の片方、配偶者をあらわすのが「相方」。

SNSでは「遊び仲間や恋人」として用いられることもあります。

対して仕事仲間という意味がある「相棒」。

一緒に働く人や物をあらわします。

紛らわしい言葉を覚えて、日本語の理解を深めていきましょう。

from : https://meaning-dictionary.com/%E3%80%8C%E7%9B%B8%E6%96%B9%E3%80%8D%E3%81%A8%E3%80%8C%E7%9B%B8%E6%A3%92%E3%80%8D%E3%81%AE%E9%81%95%E3%81%84%E3%81%A8%E3%81%AF%EF%BC%9F%E6%84%8F%E5%91%B3%E3%82%84%E9%81%95%E3%81%84%E3%82%92%E5%88%86/","[""import"",""japanese""]",2026-02-22 11:37:06.628315+00,e1848554-ffae-479c-a8cd-4c0d77b7bed2,2026-03-19 15:55:50.007522+00,0,0,0,2026-03-19 15:55:50.007522+00,0,null,null,null,false,null,jp-dev-study-log-next,2025-12-26 13:37:32.503+00,1766756252503,false,null,null,null,"{""tables"":{""1"":{""rows"":[],""columns"":[]}}}",null,[],null,null
e0d35cdc-04a1-46a4-ad9a-f22f94ec0e0a,相方（あいかた）,"「相方（あいかた）」とは、一緒に何かをする相手やパートナーを指す言葉で、元々は漫才のコンビや芸事における相棒を意味しますが、近年では恋人や配偶者、さらには趣味の仲間など、親しい二人組の関係を指すカジュアルな呼び方として若者を中心に広く使われています。お笑いの影響で広まった呼び方で、ユーモアを込めて使われることが多いです。 
主な意味と使われ方
芸事・仕事のパートナー: 漫才やコント、ビジネスなどで組む二人組の相手を指します。
恋人・配偶者: 恋人や夫・妻を指すカジュアルな表現として使われます。親近感や仲の良さを表現する際に用いられます。
友人・仲間: 共通の趣味や活動（例：ジャニーズのコンサートに一緒に行く人、ゲーム仲間）で一緒にいる相手を指すこともあります。
歴史的・専門用語: 伝統芸能（日本舞踊など）や、かつての遊里（娼妓）で客から見た相手の遊女を指すこともありました（「敵娼」と書く場合も）。 
使われる際の注意点
フォーマルな場では避ける: 恋人や配偶者を指す「相方」は親しい間柄でのみ使われるため、ビジネスシーンなどフォーマルな場では不適切です。
相手に違和感を与える可能性: お笑いのイメージが強いため、「漫才コンビみたい」と違和感を示す人もいます。 
「相方」は、「相棒」「パートナー」とほぼ同義で使われることが多いですが、特に恋人や配偶者を指す場合は、相手への親愛やユーモアが込められているのが特徴です。","[""import"",""japanese""]",2026-02-22 11:37:06.628315+00,e1848554-ffae-479c-a8cd-4c0d77b7bed2,2026-03-19 15:55:50.007522+00,0,0,0,2026-03-19 15:55:50.007522+00,0,null,null,null,false,null,jp-dev-study-log-next,2025-12-26 13:32:22.723+00,1766755942723,false,null,null,null,"{""tables"":{""1"":{""rows"":[],""columns"":[]}}}",null,[],null,null
e681cf2d-04c2-4d2d-ab5a-47b0b1a5d7b3,シーシャ（水タバコ）,"シーシャ（水タバコ）とは、水パイプという専用器具を使い、香料で味付けされた葉タバコの煙を水にくぐらせて吸引する嗜好品で、中東発祥、水を通すことで煙が冷やされ、やわらかい味わいが特徴、様々なフレーバー（香り）が楽しめ、長時間喫煙可能、日本では20歳以上が対象で、ニコチンを含む製品が一般的です。﻿
シーシャの仕組みと特徴
水パイプ:炭で加熱された煙が水槽（壺）を通る際に、水でろ過・冷却されます。﻿
フレーバー:糖蜜や香料（フルーツ、ミント、スパイスなど）で味付けされたタバコ葉を使用し、甘く豊かな香りが楽しめます。﻿
味わい:水を通すことで、紙タバコよりもマイルドで吸いやすいのが特徴です。﻿
長時間:1回のセットで1時間程度楽しめ、ゆっくりと時間をかけて味わえます。﻿
楽しみ方:フレーバーのミックスや、熱管理による味の変化を研究するなど、奥深い楽しみ方があります。﻿
健康・法律面
健康リスク:一般的なシーシャにはニコチンやタールが含まれ、一酸化炭素も発生するため健康リスクはあります。ノンニコチン製品もあります。﻿
年齢制限:日本では紙巻きタバコと同様の扱いのため、20歳未満の使用・所持は法律で禁止されており、シーシャ店への立ち入りも制限されます。﻿
人気と背景
SNSで話題となり、カフェなどで若者を中心に人気が広がっています。﻿
リラックス効果やストレス軽減、コミュニケーションツールとしても楽しまれています。","[""import"",""japanese""]",2026-02-22 11:37:06.628315+00,e1848554-ffae-479c-a8cd-4c0d77b7bed2,2026-03-19 15:55:50.007522+00,0,0,0,2026-03-19 15:55:50.007522+00,0,null,null,null,false,null,jp-dev-study-log-next,2025-12-31 15:32:27.177+00,1767195147177,false,null,null,null,"{""tables"":{""1"":{""rows"":[],""columns"":[]}}}",null,[],null,null
e83b30dc-9f53-4edd-a0ce-c9276e3b78cd,「特技（とくぎ）」、「上手（じょうず）」、「苦手（にがて）」、「下手（へた）」は,"「特技（とくぎ）」、「上手（じょうず）」、「苦手（にがて）」、「下手（へた）」は、人の能力や技能を表現する際によく使われる言葉です。それぞれの意味と使い分けは以下の通りです。 
1. 特技（とくぎ）
意味：
その人が特に得意としている技能や技術。専門的なスキルや、他の人よりも際立って優れている点、個人的な得意技を指します。 
使い方：
私の特技はピアノです。
何か特技はありますか？
2. 上手（じょうず）
意味：
ある程度の技能や能力があり、物事をうまくこなせること。一般的なレベルを超えていたり、標準以上にできたりする場合に使われます。
使い方：
彼は料理が上手です。
日本語を話すのが上手ですね。
3. 苦手（にがて）
意味：
ある物事や状況に対して、うまくできない、好きではない、嫌だと感じる気持ち。能力的な問題だけでなく、心理的な抵抗感を含む場合も多いです。 
使い方：
私は人前で話すのが苦手です。
数学が苦手になりました。
4. 下手（へた）
意味：
技能や能力が劣っている、うまくできないこと。客観的に見て標準以下の出来栄えである場合に用いられます。「苦手」よりも、純粋な能力不足に焦点を当てた、直接的な表現です。
使い方：
私は絵を描くのが下手です。
彼は歌が下手だ。","[""import"",""japanese""]",2026-02-22 11:37:06.628315+00,e1848554-ffae-479c-a8cd-4c0d77b7bed2,2026-03-19 15:55:50.007522+00,0,0,0,2026-03-19 15:55:50.007522+00,0,null,null,null,false,null,jp-dev-study-log-next,2025-12-26 15:21:11.763+00,1766762471763,false,null,null,null,"{""tables"":{""1"":{""rows"":[],""columns"":[]}}}",null,[],null,null
e8b4d690-05a6-40d5-9f09-f8c7b3953549,「生まれ変わる（うまれかわる）」,"「生まれ変わる」とは、死後に魂が別の生命として再びこの世に現れる（輪廻転生）こと、または人の性格や態度、物事が根本的に変化・改善されることを指し、文脈によって「再出発」「心機一転」「再生」といった意味合いで使われます。宗教的な意味合い（輪廻転生）から、比喩的な意味（生まれ変わったような気分）まで幅広く使われる表現です。 
主な意味
輪廻転生（りんねてんせい）: 仏教などで信じられる考え方で、死んだ魂が何度も生まれ変わりを繰り返すこと。
例: 「来世は鳥に生まれ変わりたい」。
心機一転・人格の変化: 人の性格や考え方、態度が大きく変わること。
例: 「彼は改心して働き者に生まれ変わった」。
物事の再生・改善: 組織や製品などが新しく生まれ変わったり、改善されたりすること。
例: 「この組織はトップの交代で生まれ変わった」。 
関連する言葉
再出発（さいしゅっぱつ）: 新しい人生や事業を始めること。
心機一転（しんきいってん）: 気持ちを新たにすること。
転生（てんしょう）:生まれ変わること、特に輪廻転生を指す。 
英語での表現
be reborn (生まれ変わる)
be born again (再び生まれる)
be reformed (改革される、改善される)

be born again
make a fresh start in life","[""import"",""japanese""]",2026-02-22 11:37:06.628315+00,e1848554-ffae-479c-a8cd-4c0d77b7bed2,2026-03-19 15:55:50.007522+00,0,0,0,2026-03-19 15:55:50.007522+00,0,null,null,null,false,null,jp-dev-study-log-next,2026-01-03 17:08:00.121+00,1767460080121,false,null,null,null,"{""tables"":{""1"":{""rows"":[],""columns"":[]}}}",null,[],null,null
e93c66a6-68ba-47da-8e09-7a6aa17c719e,「掛け合わせ（かけあわせ）」,"「掛け合わせ」とは、複数の色を重ねて新しい色を作る印刷技術（CMYKなど）や、異なる要素（生物、キーワードなど）を組み合わせて新しいものを作り出すことを指し、文脈によって「交配」「混合」「組み合わせ」といった意味で使われますが、特に印刷やSEO（検索エンジン最適化）の分野で用いられることが多いです。 
印刷・デザイン分野
色の表現: CMYK（シアン、マゼンタ、イエロー、ブラック）などのインクを重ねて、写真やイラストの多彩な色を表現する方法です（例: 赤はマゼンタとイエローの掛け合わせ）。
注意点: インクの総量が増え、乾きが悪くなったり裏移りしたりする場合があります。 
生物学・園芸分野
交配（交雑）: 異なる種類の動植物を人為的に受精・受粉させて、新しい品種や子孫を作ることです（例: 品種改良）。 
SEO・マーケティング分野
キーワードの組み合わせ: 軸となるキーワード（例: 「ダイエット」）と補助的なキーワード（例: 「方法」「口コミ」）を組み合わせて、より具体的な検索意図に合ったキーワード（「ダイエット 方法」「ダイエット 口コミ」）を作り出す手法です。 
その他
釣り: 魚がエサに食いついた瞬間に素早くアワセ（竿を引く動作）を入れることも「掛け合わせ」と呼びます。
製本: 異なるサイズの組版を同じ印刷面に配置して印刷することも指します。 
このように、「掛け合わせ」は「複数の要素を組み合わせて、より多様な表現や効果を生み出す」という共通のニュアンスを持っています。","[""import"",""japanese""]",2026-02-22 11:37:06.628315+00,e1848554-ffae-479c-a8cd-4c0d77b7bed2,2026-03-19 15:55:50.007522+00,0,0,0,2026-03-19 15:55:50.007522+00,0,null,null,null,false,null,jp-dev-study-log-next,2025-12-28 17:34:36.148+00,1766943276148,false,null,null,null,"{""tables"":{""1"":{""rows"":[],""columns"":[]}}}",null,[],null,null
e9c594b9-7538-4f07-9f00-d69524cf4c7f,日本語単語勉強23,"「改めて（あらためて）」は、「もう一度」「別の機会に」「今さらのように」といった意味で使われ、何かを再確認したり、新しい視点で見つめ直したり、改めて開始する際に用いる言葉です。ビジネスシーンでは「改めて感謝申し上げます」「改めてよろしくお願いします」のように、丁寧さや誠意を伝える際にも頻繁に用いられます。 
主な意味と使い方
再度の行為: 「改めて確認する」「改めて連絡する」など、もう一度行う場合。
再考・再認識: 「改めて考える」「改めて見ると」のように、別の視点で深く考える場合。
新たな気持ち・態度で: 「改めまして、よろしくお願いします」のように、あらたまって挨拶やお願いをする場合。
服装などを整える: 「身だしなみを改めて」という場合もある。 
例文
「改めて、皆様のご協力に感謝いたします。」（感謝の気持ちを改めて伝える）
「改めて、この件について話し合いましょう。」（別の機会に話し合う）
「改めて、事実を確認させていただきます。」（もう一度確認する） 
注意点
「新ためて」は誤りで、「改めて」が正しい表記です。
「改めまして」は、「改める」の丁寧な表現で、既に挨拶などを交わした後に、改めて本題に入る際などに使われます。

https://m.blog.naver.com/062028/222377203267

https://youtu.be/8AcGhlMHjGo?si=oVAGK3AKaNx_cSb9

禁制（きんせい）：《古くは「きんぜい」》ある行為を禁じること。また、その法規。「男子禁制」

https://kotobank.jp/word/%E7%A6%81%E5%88%B6-481344#goog_rewarded

https://youtu.be/3_LYY6WgLQU?si=UNg5qY7l0QpUrq1D

銀杏（ぎんなん）：은행(나무)

秋になると黄金色に色づき大変美しいイチョウは、もとは中国原産の裸子植物で、中生代より太古のままの姿で生存する大変めずらしい1属1種の植物です。

葉の形状は扇形で葉先が波形となる。雌雄異株で花は4月の新葉と共に開き、雄花は尾状花序、雌花は有梗で1～2個つける。果実は球形で秋に黄熟します。

この秋に落ちた果実の多肉質の部分(外種皮)は悪臭を放つことでも知られるが、皮膚炎を起こす物質も含まれているため、手指を介して間接的に接触した体の部位に炎症や浮腫性紅班等を起こします。

熟して落ちた果実から、その外種皮を取り除き、乾燥すると内種皮に包まれた白果ができます。これが食用とされる銀杏です。さらに内種皮を除いたものを白果仁と称し、中国の古書｢本草綱目｣にも咳、喀痰、気管支喘息などに効果がある鎮咳去痰薬として収載されています。

https://www.ginnan-ice.jp/ginnan/

https://youtu.be/X1GRGddvSiI?si=HvZ-NdVGgcLltmSY

「細い」（ほそい）は、太さや幅が小さいこと、隙間が少ないこと、細かいこと、詳細であることなどを表す日本語で、英語では ""thin"", ""slender"", ""narrow"", ""fine"", ""detailed"" などが該当します。物理的なもの（細い線、細い髪）から、抽象的な事柄（詳細、些細なこと）まで幅広く使われ、反対語は「太い」（ふとい）です。 
主な意味と例文
太さが小さい（Thin/Slender/Narrow）
細い線 (hosoi sen) - A thin line.
細い腕 (hosoi ude) - Slender arms.
細い道 (hosoi michi) - A narrow path.
細かい（Fine/Minute）
細筆 (hosofude) - A fine brush.
細菌 (saikin) - Bacteria (microscopic organisms).
詳細である、詳しい（Detailed/Minute）
詳細 (shousai) - Details.
委細 (isai) - Particulars/Details.
取るに足りない、些細な（Trivial/Minor）
細事 (hosogoto) - Trivial matters.
些細 (sasai) - Minor/Trivial (as in 些細なこと - sasai na koto). 
類語（同義語）
小さい (chiisai), ちっちゃい (chicchai).
微細 (bisai) - Very fine, minute.
繊細 (sensai) - Delicate, sensitive, fine. 
反対語
太い (futoi) - Thick, fat, broad.

https://youtu.be/i8atMqHCKoc?si=_wTK4wA2tQgBgDwB

「ツッコまれた」とは、主に漫才やコントなどの会話で、ボケ（面白いこと、おかしなこと）に対して、ツッコミ役が鋭く鋭い指摘や反論（ツッコミ）を入れること、またはそのように言及される状態を指し、「指摘された」「（話を）掘り下げられた」「鋭いことを言われた」といったニュアンスで使われます。 
主な意味と使われ方
会話での状況: 自分が言ったことやしたことに対して、相手から「なぜそうなるの？」「それはおかしいよ」といった形で反論や指摘が入る状況。
比喩的な意味:
鋭い指摘: 自分の発言の矛盾点や本質的な部分を突かれること。
掘り下げられる: 話題として深く取り上げられ、深掘りされること。
（ちょっとした）いじり: 親しい間柄で、冗談めかして面白おかしく指摘されること。
類語: 指摘される、突っ込みを受ける、言及される、論及される、批判されるなど。 
具体例
「あの映画の話をしたら、友人に『設定が無理ある』ってツッコまれた。」（設定の矛盾点を指摘された）
「会議で発言したら、上司に『具体的にどういうこと？』とツッコまれた。」（発言を深掘りされた、明確化を求められた）
「ツッコまれた」は、相手からの反応によって、少し困惑したり、反省したり、面白がったりと、様々な感情を伴うことが多い表現です。

「成り立つ」（なりたつ）は、「何らかの状態や目的が成立する、実現する、うまくいく」という意味で、論理的に筋が通る（成立する）、計画がうまく進む（うまくいく）、実を結ぶ（結実する）など、文脈によって様々なニュアンスで使われる動詞です。例えば、「計画が成り立つ」「理屈が成り立つ」「問題が成り立つ」のように使います。 
主な意味と使い方
成立する・実現する: 存在が認められる、形になる、実現する。
例: 「この提案は成り立つだろうか？」（この提案は承認され、実現するだろうか？）
論理的に筋が通る: 道理にかなっている、矛盾がない。
例: 「彼の説明は成り立つ。」（彼の説明は論理的で、筋が通っている。）
うまくいく・成功する: 計画通りに物事が進む、良い結果になる。
例: 「この作戦はきっと成り立つ。」（この作戦はきっと成功するだろう。）
（古語・文語的表現）: はっきりとある状態になる、実を結ぶ。 
類義語
成立する、成功する、うまくいく、結実する、実る。 
例文
「この理論は、現代の科学では成り立たない。」
「彼は、どんな状況でも場を成り立たせることができる。」
「長年の努力がようやく実を結び、事業が成り立った。」

資格証（しかくしょう）：자격증","[""import"",""japanese""]",2026-02-22 11:37:06.628315+00,e1848554-ffae-479c-a8cd-4c0d77b7bed2,2026-03-19 15:55:50.007522+00,0,0,0,2026-03-19 15:55:50.007522+00,0,null,null,null,false,null,jp-dev-study-log-next,2025-12-16 15:16:10.185+00,1765898170185,false,null,null,null,"{""tables"":{""1"":{""rows"":[],""columns"":[]}}}",null,[],null,null
ea3e3355-2a39-40e2-b2ce-22af284ba758,「鈍い（にぶい）」,"출처

[[link:be26d0fc-4cf0-4205-82f8-f31857993fd4]]

상황

ルシファー가 니헤이유우카상대로 시모네타(下ネタ)하는상황

사용예시

だから何だって、あなたも鈍い人だな、
그래서뭐냐니 당신도 참 둔하구만
だから、現行犯じゃないですよ。
그러니까 현행범이아니라고요","[""日本語"",""単語"",""youtube"",""ノブロックtv"",""二瓶有価"",""佐久間宣行""]",2026-02-22 11:37:06.628315+00,e1848554-ffae-479c-a8cd-4c0d77b7bed2,2026-04-12 01:05:30.285448+00,0,1,0,2026-04-12 01:05:30.285448+00,0,null,null,null,false,null,jp-dev-study-log-next,2026-01-02 17:10:24.193+00,1767373824193,false,null,null,null,"{""tables"":{""1"":{""rows"":[],""columns"":[]}}}",[],"[{""id"":""be26d0fc-4cf0-4205-82f8-f31857993fd4"",""url"":""https://youtu.be/aHA9_MbatJg?si=jRjKJ7ytA0GK0eiX"",""image"":""https://img.youtube.com/vi/aHA9_MbatJg/hqdefault.jpg"",""title"":""YouTube Video"",""siteName"":""YouTube"",""description"":null}]",null,null
ebe24a76-a51f-4c0b-83b3-f58a64b48bf7,「飽き飽き（あきあき）」,"「飽き飽き（あきあき）」とは、何かが多すぎたり、同じことが長く続いたりして、すっかり嫌になったり、うんざりしたりする状態を指します。単に「飽きた」よりも、疲労感や倦怠感を伴い、それ以上はもうしたくない、見たくない、聞きたくないといった強い嫌悪感を表す言葉です。 
意味と使い方
状態を表す副詞：「飽き飽きする」「飽き飽きだ」のように使われます。
例文:
「彼の長話には飽き飽きした」
「同じことの繰り返しで、仕事に飽き飽きだ」
「レストランの食事にはもう飽き飽きしている」
類語: ウンザリ、ゲンナリ、食傷（しょくしょう）、うんざりする、嫌になる、退屈する。 
ポイント
「飽きる」の程度が非常に進んだ状態（「飽ききる」に近い）です。
単なる興味の喪失だけでなく、精神的な疲労感を伴うのが特徴です。","[""import"",""japanese""]",2026-02-22 11:37:06.628315+00,e1848554-ffae-479c-a8cd-4c0d77b7bed2,2026-03-19 15:55:50.007522+00,0,0,0,2026-03-19 15:55:50.007522+00,0,null,null,null,false,null,jp-dev-study-log-next,2026-01-03 15:26:33.955+00,1767453993955,false,null,null,null,"{""tables"":{""1"":{""rows"":[],""columns"":[]}}}",null,[],null,null
ee595769-9696-4e0e-aab8-44904d0f8791,「面倒を見る（めんどうをみる）」,"「面倒を見る（めんどうをみる）」とは、人の世話をしたり、気を配って助けたりすることで、「世話をする」「ケアする」「< 手助けする」といった意味があり、子供の世話、ペットの世話、老親の世話など、さまざまな場面で使われますが、目上の人には「お世話になります」のように表現するのが適切です。﻿
意味と使い方
世話・介護:病人や高齢者、子供などを保護し、身の回りの世話をすること。「両親の面倒を見る」「子供の面倒を見る」のように使います。﻿
サポート・手助け:困っている人や、自分では難しいことを助けてあげること。「旅行中、友達が犬の面倒を見てくれた」「会社の経理の面倒を見る」など。﻿
「面倒」の語源:手数がかかってやっかいなこと（例：面倒な仕事）と、他人の世話（例：面倒をかける）の2つの意味があり、この場合は後者の「世話」の意味です。﻿
類語・言い換え表現
世話をする（せわをする）
世話を焼く（せわをやく）
手助けする（てだすけする）
ケアする（けあする）
介抱する（かいほうする）
（目上の人に対して）お世話になる（おせわになる）﻿
例文
「母が病気なので、しばらく私が面倒を見ます。」（世話をする）﻿
「彼はいつも後輩の面倒を見てくれる、面倒見の良い先輩だ。」（手助け・指導する）﻿
「旅行に行く間、実家に猫の面倒を見てほしいと頼んだ。」（ペットの世話）

Netflix　クレヨンしんちゃん:オラたちの恐竜日記","[""import"",""japanese""]",2026-02-22 11:37:06.628315+00,e1848554-ffae-479c-a8cd-4c0d77b7bed2,2026-03-19 15:55:50.007522+00,0,0,0,2026-03-19 15:55:50.007522+00,0,null,null,null,false,null,jp-dev-study-log-next,2026-01-03 00:12:38.117+00,1767399158117,false,null,null,null,"{""tables"":{""1"":{""rows"":[],""columns"":[]}}}",null,[],null,null
eee75a47-ab60-4b0c-9b6f-bf3777a86712,「頭が上がる（あたまがあがる）」,"https://youtu.be/45-Pa81ELyY?si=rbPCO9sG6S5PhqVA

「頭が上がる」は、主に「相手の恩義や力に負い目を感じて対等に振る舞えない」という意味で使われ、「頭が上がらない」と打消しで使うのが一般的ですが、文字通り「枕から頭を起こす」「顔を上げる」物理的な動作を指す場合もありますが、慣用句としては前者（対等に振る舞えない）の意味が主流です。 
主な意味と使い方
対等に振る舞えない（最も一般的）
相手に借りがある、世話になった、弱みを握られているなどの理由で、遠慮したり引け目を感じたりして、対等な立場で向き合えない状態を指します。
例文：「あの先生には、昔からお世話になっているので、頭が上がらないよ」。
ポイント：「～には頭が上がらない」と、打消しの表現で使われることが多いです。
（病気などで）枕から頭を起こす
体が弱って寝ている状態から、首を上げて顔を上げようとする様子。
例文：「熱で伏せっていたが、今は少し頭が上がってきた」。
（顔などを）上に向ける
文字通り、顔や頭を上の方へ持ち上げる動作。
例文：「空を見上げて頭を上げる」。 
混同しやすい表現
「頭が高い」： 相手の権威を無視して、ぞんざいな態度をとること（「頭が高い」は「おごり高ぶっている」ような意味で、「頭が上がらない」とは逆の意味です）。
「頭が下がる」： 相手の行為や能力に深く感銘を受け、尊敬や感謝の気持ちを表す表現（「頭が上がらない」とは似ていますが、こちらは肯定的な意味で使われます）。 
「頭が上がる」は、文脈によって意味が変わりますが、「頭が上がらない」の形で「相手に気後れして対等になれない」という意味で使われることがほとんどです。

https://blog.naver.com/iroha-eju/222182494680

頭が上がらない
은혜를 입어서 또는 약점을 잡혀서 대등하게, 동등하게 행동할수없다

ここまで育ててくれた親には頭が上がらない。
지금까지 키워주신 부모님에게는 머리가 올라가지않는다
->감사하다는 마음이 크다는 의미에서 사용됨

浮気をばれてから、妻には頭が上がらない。
바람핀게 걸린 이후로는 부인에게 머리가 올라가지않는다
->미안하다는 마음이 크다는 의미에서 사용됨

https://cafe.daum.net/japanese1961/Q4m/83

・頭が上がらない：相手に負い目があったり、権威に圧迫されたりして、対等に振舞えない。

子どもの時から世話になっているので、あの人にはどうも頭が上がらない。
 아이 때부터 신세를 지고 있기 때문에, 그 사람에게는 아무래도 기를 못 편다.

総理大臣でも、小学校のときの先生に会うと頭が上がらないそうです。
 総理大臣(국무총리)라도, 초등학교 선생님을 만나면 꼼짝 못한다고 합니다.

若くグラマーな、その２度目の女房に、専務が頭が上がらないのは有名な話だ。
 젊고 글래머인, 그 두 번 째 마누라에게, 전무가 설설 기는 것은 유명한 이야기다.","[""import"",""japanese""]",2026-02-22 11:37:06.628315+00,e1848554-ffae-479c-a8cd-4c0d77b7bed2,2026-04-06 00:27:17.036813+00,0,1,0,2026-04-06 00:27:17.036813+00,0,null,null,null,false,null,jp-dev-study-log-next,2025-12-29 23:04:58.916+00,1767049498916,false,null,null,null,"{""tables"":{""1"":{""rows"":[],""columns"":[]}}}",null,[],null,null
f155f1ac-233f-4f66-b122-433b18bc7d22,日本語単語勉強13,"https://youtu.be/Y1tVPCXXRVA?si=B-vmTEEhjRYVZbzx

「マシ」は「より良い」「まあまあ良い」という意味で使われる言葉です。その他に、「増えること」という意味や、古語で「あなた」を意味する代名詞としても使われます

https://youtu.be/laU9-imU9pM?si=ARUdnU9pQIaq82bX

「間に合わす（まにあわす）」とは、決められた期限までに物事を済ませること、または不足している部分を補うことを意味します。これは、時間や状況に合わせて物事を進めるための言葉です。

「喜ぶ（よろこぶ、기뻐하다. 즐거워하다. 좋아하다.）」は、うれしい気持ちになること、祝福すること、気持ちよく受け入れること、そして「喜んで」の形ですすんで何かをすることを意味します。

嬉しい　VS　喜び

■嬉しい (내가)기쁘다
テストに受かって嬉しい。시험에 합격해서 기쁘다
昨日、彼女にもらった電話は本当に嬉しかった。어제 여친에게서 받은 전화는 정말로 기뻤다
その晩は嬉しくて眠れなかった。그 밤은 기뻐서 잠들 수 없었다
문장 모두 주어인 내가 기쁜 상태임

■喜ぶ (제3자가)기뻐하다
彼女の喜ぶ顔を見たくて、高いプレゼントを買ってしまった。그녀의 기뻐하는 얼굴을 보고싶어서 비싼 선물을 사 버렸다
娘の結婚に、両親は心から喜んだ。딸의 결혼에 부모님은 마음으로 기뻐했다
みんな大いに喜んで、その晩は朝まで酒の席が続いた。모두 크게 기뻐하고 그 밤은 아침까지 술자리가 이어졌다
제3자가 기뻐하는 모양을 묘사함

脱毛(だつもう):탈모
털이 빠지는 것&털을 뽑아 제거하는 것.
https://blog.naver.com/popsiclez/221558363079

[ 일본어 관용표현 ]
足元(あしもと)にも及(およ)ばない。
발끝도 못 따라가다; 어림도 없다.

貼る　VS　張る：붙이다

貼る：풀,접착제로 딱 붙이는것

例文
ステッカーを貼る

張る：펼쳐서 고정시키는것、뻗다,부풀어오르다,붙이다,깔다

例文
根が張る：뿌리가 뻗다.
床にタイルを張る。：바닥에 타일을 깔다

怖い　VS　恐い

「怖い」は、感覚的・心理的な不安や驚き、恐れを感じたときに使う言葉です。
たとえば、ホラー映画を見て驚いたときや、暗い夜道を歩くときに感じる恐怖です。
身近な恐怖や、突然感じる怖さに対して使うことが多いのが特徴です。
また、「怖い顔」「怖い先生」など、相手の雰囲気や態度が威圧的だったり、威嚇を感じるような場合にも使われます。
このように、「怖い」は心理的な反応や一時的な感情を表すのにピッタリの言葉です。

「恐い」は、畏怖や尊敬の念、または避けたい強い恐怖を感じるときに使われます。
単なる驚きや不安よりも、もっと深く、根本的な恐怖や畏れが含まれるのが特徴です。
「自然の力が恐い」「運命が恐い」といったように、人間の力では抗えないものや、圧倒的な存在に対する恐れを表します。
また、文章やフォーマルな場面で使われることが多く、文学作品や報道記事などでもよく見かけます。

「怖い」と「恐い」の違いを比較｜実例でわかる使い分け

「怖い」と「恐い」はどちらも「こわい」と読みますが、使う場面や伝えたいニュアンスによって使い分けが求められます。
例えば、「犬が怖い」は犬に対する身近な恐怖や不安、「自然災害が恐い」は自然の力そのものへの畏れや、コントロールできないものに対する敬意や恐怖です。
「怖い」は身体的・心理的な反応、「恐い」は本質的・哲学的な恐れや畏怖と覚えておくとよいでしょう。
また、会話やSNSでは「怖い」が多用される一方で、論文や小説などでは「恐い」が用いられることが多いです。
どちらも正しい使い方を理解すると、自分の気持ちや伝えたいニュアンスをより的確に表現できるようになります。

from : https://job.migi-nanameue.co.jp/column/scary-vs-fearful-difference/

「驚いた(おどろいた)」は、予期しない出来事や情報に衝撃を受けた状態を表します。類語には「びっくりした」「吃驚した」などがあり、英語では一般的に ""surprised"" と訳されます。
「驚いた」の類語
びっくりした: 日常的な状況でよく使われます。
吃驚した（きっきょうした）: 「びっくりした」よりも少しフォーマルな表現です。
仰天した（ぎょうてんした）: 非常に驚いたときに使います。
たまげた: 驚きを強調する際に用いられる、口語的な表現です。

英語での表現

I was surprised: 自分が驚いたことを伝えたい場合に「私は驚いた」と訳せます。
I'm surprised: 驚いている現在の状況を伝えたいときに使います。
be surprised: 驚くべき状況であることを示す一般的な表現です。

from : chrome AI

https://youtu.be/YZUij1EaHJw?si=7qppjSwbsR10ekCf

番宣：番組宣伝의 준말: 프로그램 선전; (TV·라디오 등의) 특정 프로그램의 시청률·청취율을 높이기 위한 홍보·광고.

from : https://mazii.net/ko-KR/search/word/jako/%E7%95%AA%E5%AE%A3

https://youtu.be/WtulPRlMkZU?si=9X5FfHgBl78hyCZN

「仕掛け」は、巧みに工夫された装置やからくり、物事を始めることやそのやり方、相手に働きかけることや策略など、文脈によって様々な意味を持ちます。具体的には、釣りで使う糸や針、浮きなどを一式にしたものや、機械や花火の仕組み、仕事の準備、あるいは金銭のやり取りにおけるごまかしや策略などを指すことがあります。

https://youtu.be/Y6FtnkSPeQI?si=guqUGTeLU_xvkdpL

年収は1年間の収入（総支給額）を指しますが、実際に受け取った金額のことではありません。
年収とは、1月1日から12月31日までの1年間に、会社から支払われた総支給額のことで、基本給と各種手当に加え、ボーナスも含まれます。一般的に、会社が個人に代わって税金を納める源泉徴収を行いますが、年収は社会保険料や税金が天引きされる前の金額を指します。

年俸とは、年俸制によって支払われる給与のことで、スポーツ選手の契約などで用いられることが多く、雇用契約で定められた1年単位の報酬のことを指します。

所得（給与所得）とは、収入から必要な経費を引いた金額のことです。個人事業主の場合は、仕入れ原価や消耗品などを経費にできますが、会社員の場合、原則として必要経費は認められていません。しかし、会社員の場合も仕事のために必要な準備があることを考慮し、年収に応じて、一定の金額を控除する「給与所得控除」が設けられています。そのため、会社員の所得は、年収から給与所得控除を引いた金額のことを指します。

額面とは、会社から支払われる総支給額のことで、年収や収入と同じ意味です。基本給のほか、時間外手当（残業代）や通勤手当などの各種手当、ボーナスを含み、社会保険料や税金を差し引く前の金額です。なお、額面は、源泉徴収票の「支払金額」の欄に記載されています。

手取りとは、実際に受け取れる金額のことで、額面から社会保険料と税金を差し引いた金額です。手取りは、額面の金額をはじめ、所得税の税率や保険料率、扶養家族の有無などによって変わります。額面から正確な手取りを計算することは簡単ではありませんが、一般的に手取りは、額面のおよそ75～85％といわれています。

from : https://www.cr.mufg.jp/mycard/beginner/23014/index.html

https://youtu.be/XNk8EaTRZpo?si=YkVeO898lJxtmdEV

シミとは、皮膚にメラニン色素が過剰に蓄積して茶色く見える状態です。

from : chrome AI","[""import"",""japanese""]",2026-02-22 11:37:06.628315+00,e1848554-ffae-479c-a8cd-4c0d77b7bed2,2026-03-19 15:55:50.007522+00,0,0,0,2026-03-19 15:55:50.007522+00,0,null,null,null,false,null,jp-dev-study-log-next,2025-12-02 04:04:36.047+00,1764648276047,false,null,null,null,"{""tables"":{""1"":{""rows"":[],""columns"":[]}}}",null,[],null,null
f2e86877-0353-4d4e-bcd9-104a1efa7f93,日本語単語勉強15,"https://youtu.be/rhy3zlvNJVI?si=AOeZ-QR7L7vQheb7

「うに」は、棘皮動物の「海胆」または、加工食品の「雲丹」を指します。

下ネタ、下ねた（しもねた、Off-color humor）は、性や排泄といった下半身に関する話題のこと[1]。「しも」は下半身、「ねた」は「たね（種）」を逆に読んだ隠語である。

https://youtu.be/JnLWvHlBBss?si=tgixqzzuBxhFqpwM

痩せる（やせる）ためには、「摂取カロリーが消費カロリーを上回らない」ように、食事の見直しと運動を組み合わせることが重要です。

https://youtu.be/Z0AZQlMI1N0?si=WX3eszj-3y5aHbJC

「まずい」は、味が悪い、下手だ、都合が悪い、といった複数の意味を持つ言葉です。状況によって意味が異なりますが、一般的には「美味しくない」という意味で使われることが多いです。

主な意味

味が悪い

例：「冷めると料理がまずい」

下手だ

「拙い」とも書きます。

例：「まずい絵」

都合が悪い、具合が悪い

「醜い」という意味でも使われます。

例：「話を聞かれるとまずい」

状況別の使い分け

「まずい」が使われるのは、どんな状況ですか？

味が悪いこと、下手なこと、好ましくないこと（都合が悪い状況）などを表す場合に、「まずい」が使われます。

「まずい」と「やばい」の違いは何ですか？

「まずい」は、味や都合の悪さなど、比較的広範なネガティブな状況に使われます。

「やばい」は、危険や危うさなど、より強いネガティブな状況を表すことが多いです。

「拙い」は「つたない」と読み、技術や能力が未熟で下手であることを意味します。また、自分の発言や文章などを謙遜してへりくだる際にも使われ、「拙い説明ですが」のように使われます。

主な意味と使い方

技量や技術の未熟さ:

例：「拙い絵」

能力や行動の不十分さ:

例：「拙い説明」「拙い文章」

謙遜・控えめな表現:

相手への配慮を示すために、自分の能力や作品が不十分であることを伝えます。

ビジネスシーンでのプレゼンテーションやスピーチなどでよく使われます。

例：「拙い説明ではございましたが、お聞きいただきありがとうございました」

類義語

下手、まずい、稚拙、未熟

注意点

自己卑下ではなく謙遜として使うことが大切です。

多用しすぎると自信がないように見える場合があるため、使う場面を選ぶのが賢明です。

自己卑下（じこひげ）とは、自分自身を必要以上に低く評価し、価値のないもののように扱うことです。

「謙遜（けんそん）」とは、自分の能力や成果をへりくだって、控えめに振る舞うことを指します。

https://youtu.be/MCDelPo6rhU?si=DGqtMvuiGW86tAJN

「打ちあがる（うちあがる）」は、主に物理的に高いところへ行くことと、比喩的に地位や声などが高まること、そして興行や事業を終えることの3つの意味があります

主に（おもに）：주로

ネタ合わせとは、お笑い芸人同士がネタ（漫才やコントなどの台本）を互いに確認し合ったり、ネタを練り上げたりすることを指します。ネタを面白くするため、台本の内容、セリフ、キャラクターのイメージなどを話し合い、本番のパフォーマンスに向けて精度を高めていく作業です。","[""import"",""japanese""]",2026-02-22 11:37:06.628315+00,e1848554-ffae-479c-a8cd-4c0d77b7bed2,2026-03-19 15:55:50.007522+00,0,0,0,2026-03-19 15:55:50.007522+00,0,null,null,null,false,null,jp-dev-study-log-next,2025-12-04 04:02:16.969+00,1764820936969,false,null,null,null,"{""tables"":{""1"":{""rows"":[],""columns"":[]}}}",null,[],null,null
f2fca5c0-18ad-4550-b17a-beffc15b317d,日本語単語勉強02,"youtubeでわかる単語

https://youtu.be/abmrXurTfKY?si=oc5FFNkO7WSYqy-Y

負債（ふさい）：부채,経営（けいえい）：경영

https://youtu.be/PJxYzhLkfYg?si=xvadBwfOCSF9Til4

頭金（あたまきん）とは、分割払いなどで最初に支払うある程度のまとまった金銭[1]。一般では消費者が住宅や自動車などの高額な購入をする際に、ローンでの支払いを選択した場合に最初に支払うこととなるまとまった額の金銭。（https://ja.wikipedia.org/wiki/%E9%A0%AD%E9%87%91）

旧車（きゅうしゃ）とは、過去に製造された自動車やオートバイなどの車両を指す語である。クラシックカー、ヒストリックカーとも（https://ja.wikipedia.org/wiki/%E6%97%A7%E8%BB%8A）

https://youtu.be/CRmWDpJhEKc?si=nF_vKDpvAKvpX1Rn

エリンギ（큰느타리 버섯）

よくわからない単語

普段（ふだん）、普通（ふつう）

① 普段（ふだん）

일상생활과 다름없이 라는 의미입니다.
비슷한 일본어로는
日頃（ひごろ）가 있으며
이것 또한
평상시, 늘 이란 의미를 가지고 있습니다.
普段はそうしないよ～
보통은 그렇게 안하지~
(평상시에는 그렇게 안하지~)
あすも普段通りにして、見直しもしっかりしてミスがないように頑張っていきたい
내일도 평소처럼 정신차리고 검토도 한 번 더 하고 실수가 없도록 열심히 하고 싶다.

② 普通（ふつう）

특별히 드물거나 진귀하지 않다.
다른 것과 크게 다르지 않은 이라는 의미입니다.
普通、それくらいは考えらるでしょう。
보통 그정도는 생각할 수 있죠~
(특별하지도 않고 그정도는 생각 할 수 있죠~)
라고 할 때 사용합니다.
普通のオムレットでも十分楽しんでいただけると思います
평범한 오믈렛이어도 충분히 즐기실 수 있다고 생각합니다.

迷う(まよう)

갈피를 못 잡다, 결단을 내리지 못하(고 망설이)다.

거취를 결정짓지 못하다

선택[판단]을 망설이다

길을 잃고 갈팡대다

住む（すむ,거주하다）

例: 「東京に住む」「友だちは山の上に住んでいる」。

暮らす（くらす,생활하다）

例: 私は都会に一人で暮らすのが好きです

過ごす（すごす,지내다）

例: 夏休みを高原で過ごしました。","[""import"",""japanese""]",2026-02-22 11:37:06.628315+00,e1848554-ffae-479c-a8cd-4c0d77b7bed2,2026-03-19 15:55:50.007522+00,0,1,0,2026-03-19 15:55:50.007522+00,0,null,null,null,false,null,jp-dev-study-log-next,2025-11-20 09:03:38.345+00,1763629418345,false,null,null,null,"{""tables"":{""1"":{""rows"":[],""columns"":[]}}}",null,[],null,null
f4340de5-fca0-40f4-80b4-541866bc7f71,「焦る（あせる）」,"「焦る（あせる）」とは、物事が思うように進まなかったり、時間や状況に追われたりして、落ち着きを失い、そわそわしたり、イライラしたり、慌てたりする状態を指します。危険や失敗が迫る感覚からくることもあり、英語では panic, hurry, rushed, freaked out など状況によって表現が変わりますが、基本は心が動揺し、落ち着かなくなることです。 
「焦る」の主な意味・ニュアンス
時間的プレッシャー: 締め切りに追われる、時間がない、などで慌てる（例：残り1分で焦る）。
心理的な動揺: 予期せぬ事態で心が乱れる、狼狽する（例：転びそうになって焦った）。
いらだち・そわそわ: 思うように進まないことへの苛立ち、落ち着きがない状態（例：気ばかり焦ってうまくできない）。
切迫感: 危険や失敗が迫っているように感じて慌てること。 
「焦る」の類語・関連表現
焦燥感（しょうそうかん）: 焦りやいらだち、落ち着かない気持ちが強くなった状態。
ジリジリする: 精神的に追い詰められていらだつ様子。
イライラする: 不満や不快感からくる落ち着きのなさ。 
対処法
客観視する: 「自分は今、焦っているな」と自覚する。
休息をとる: 疲れていると焦りやすいため、まずは休む。
波に乗る: 状況が悪い時は無理せず、焦らず現状維持を心がける。 
「焦る」は日常的によく使われる言葉ですが、状況によっては「慌てる」や「いらだつ」といった、より具体的な感情と近い意味合いで使われます。

https://mazii.net/ko-KR/search/word/jako/%E7%84%A6%E3%82%8B

◆ 초조해하다; 안달[애타]하다; 조바심하다; 조급하게 굴다.

勝ちを焦る
조급하게 승리를 서두르다

焦っても仕様がない
안달해 봤자 소용없다[별수 없다]

焦れば焦るほどうまくいかない
조급하게 굴면 굴수록 (일이) 잘 안된다

https://news.yahoo.co.jp/expert/articles/9a51fbcb9b50a1710f7bfeb535b02ce7a8a8dae7

「焦る」、「焦った」は英語でなんというでしょうか？

今日は「焦る」、「焦った」を表現できる英語表現をご紹介します！

panic
一番わかりやすいのは""panic""だと思います。パニックになる、という意味で焦る、と伝えたい時に使えます。

I was so panicked because I forgot to bring all the material for presentation.
プレゼン資料忘れてすっごく焦った！

freak out
""freak out""は「パニくる」「びっくりする」「ビビる」という意味。

The news freaked me out.
そのニュースでパニクってしまった。

I haven’t finished my essay. I'm freaking out!
論文が終わってない。焦ってる！

in a hurry / rush
時間がなくて急いでいる、と伝えたい時は""in a hurry/rush""で表現することができます。

I was in a hurry because I was almost late.

遅刻しそうだったので急いでいた。

my mind go blank
頭が真っ白になっちゃったと言いたいときは""my mind went blank""を使うことができます。

I was so nervous. My mind went blank.
超緊張しちゃって。頭が真っ白になっちゃったんだよ。

I don’t remember what I said throughout the presentation.

My mind went blank.
プレゼンテーションで何を言っていたか覚えていない。

頭が空っぽになっちゃった。

最後に
他にも映画で学べる表現を勉強したい方はこちらをどうぞ！

また、インスタグラムでも使える英語を発信しています♪","[""import"",""japanese""]",2026-02-22 11:37:06.628315+00,e1848554-ffae-479c-a8cd-4c0d77b7bed2,2026-03-19 15:55:50.007522+00,0,0,0,2026-03-19 15:55:50.007522+00,0,null,null,null,false,null,jp-dev-study-log-next,2025-12-28 20:53:50.135+00,1766955230135,false,null,null,null,"{""tables"":{""1"":{""rows"":[],""columns"":[]}}}",null,[],null,null
f76fa93a-d1ba-4d85-bedb-596802671c0a,日本語単語勉強18,"https://youtu.be/XjatIo4lMhA?si=Xb0mZO_EFCw8Y5LR

「腹立つ（はらだつ）」とは、怒りや不満で感情が高ぶる、イライラする、むかつくといった状態を表す言葉で、相手の言動や状況に対して不快感や憤りを感じる時に使われます。類語には「カチンとくる」「イラつく」「ムカつく」「（頭に）血が上る」などがあり、日本語の口語表現として広く使われています。﻿
意味とニュアンス
怒る・いきどおる:感情的に腹の底から熱くなるような感覚です。古くは「腹が燃えるように怒る」という表現が語源です。﻿
イライラする・むかつく:特に、期待通りにいかない時や、理不尽なことに対して神経が高ぶる状態を指します。﻿
京阪での言い方:関西地方（京都・大阪）では「むかつく」が「腹が立つ」と同じ意味で使われ、「あいつ見てたらむかつく」のように使われますが、東京では「頭にくる」が一般的です。﻿
類語・言い換え表現
強い怒り:ブチギレる、キレる、逆上する、激怒する。﻿
不満・苛立ち:ムカつく、イライラする、カチンとくる、気に障る、腹が煮えくり返る。﻿
使われ方（例文）
「あいつの言い訳には腹が立つ！」
「こんなことで腹立ててどうするんだよ。」
「あの人の態度にムカつく。」
韓国語の「열받다（ヨルパッタ）」との関連
韓国語の「열받다（ヨルパッタ）」も「腹立つ」「熱受ける」という意味で、外部からの刺激で腹が立った時に使う慣用表現で、「腹立つ」と似たニュアンスを持ちます。

ひどい
잔인하다. 무정하다. 참혹하다.
지독하다. 혹독하다. 심하다.
형편없다.
https://mazii.net/ko-KR/search/word/jako/%E3%81%B2%E3%81%A9%E3%81%84

「果てる（지치다,끝내다）」（はてる）は主に「終わる」「死ぬ」という意味の自動詞で、動詞の連用形に付いて「すっかり〜し尽くす」「極限状態になる」という意味を表す補助動詞としても使われ、「あきれ果てる」「疲れ果てる」のように、物事の終わりや限界に達する様子を示します。

https://youtu.be/aL7lIL6nIVg?si=h1_qh_fwEp79TlOx

「映る（うつる）」は、鏡や水面、スクリーンなどに姿や影が反射・投影されて現れること、映像が再生されること、また色や服装などが本体によく似合う・調和すること、印象を与えることなどを意味する言葉です。多くは「写る」と意味が似ていますが、「映る」は光の反射や映像の投影（映す側）、「写る」は写真に撮られる（写される側）といった使い分けがあります。 
主な意味と例文
反射・投影で現れる
鏡に映る自分の顔。
障子に人影が映る。
川面に月が映る。
映像がスクリーンなどに現れる
テレビに映像がよく映る。
スライドを壁に映す（※「映す」は他動詞）。
色や物が調和する、似合う
彼女には赤い口紅がよく映る（似合う）。
この服には白いスカーフがよく映える（「映る」の使われ方）。
印象を与える（映ずる）
その行為は彼に奇異に映る（印象を与える）。
少年の目にアフリカが映る（見える、印象に残る）。 
「映る」と「写る」の違い
映る（うつる）: 光の反射やプロジェクターのように、他の物を通して姿が現れたり、映像が投影されたりする場合に使います（例：鏡に映る、映像が映る）。
写る（うつる）: 写真や絵に被写体として取り込まれる、姿がそのまま現れる場合に使います（例：写真に写る、ノートを写す）。

신체부위 일본어표현
https://m.blog.naver.com/sjn1203/221980685574","[""import"",""japanese""]",2026-02-22 11:37:06.628315+00,e1848554-ffae-479c-a8cd-4c0d77b7bed2,2026-03-19 15:55:50.007522+00,0,0,0,2026-03-19 15:55:50.007522+00,0,null,null,null,false,null,jp-dev-study-log-next,2025-12-10 23:44:02.352+00,1765410242352,false,null,null,null,"{""tables"":{""1"":{""rows"":[],""columns"":[]}}}",null,[],null,null
fa611284-abb0-4445-9abc-e22937729d7e,「口答え（くちごたえ）」,"「口答え（くちごたえ）」とは、目上の人や親、上司などに対して、逆らって言い返すこと、反論することを意味します。単に意見を言うだけでなく、批判的なニュアンスや、素直に聞かない態度が含まれ、相手の指示や言葉に対し否定的な反応を返す様子を指すことが多いです。 
主な意味と使われ方
目上の人への反発: 親や先生、上司に対して逆らって言い返す行為。
批判的な返答: 投げかけられた言葉にネガティブな反応や批判的な発言で返すこと。
言い換え: 「口返答（くちがえし）」「反論（はんろん）」「抗弁（こうべん）」など。
英語表現: ""talk back""、""sass""（生意気な態度で）など。 
親子の関係での「口答え」
子どもが口答えする行動は、自分の意見を持ち始めた成長の証と捉えられることもあります。
親が子どもの言い分を共感的に聞き、感情的にならずに冷静に伝えることが、関係改善のポイントとされています。 
例文
「彼は上司に口答えをして、後で反省した」。
「子どもが反抗期で、親の言うことに口答えばかりするようになった」。

https://youtu.be/oNF-yAYO5-M?si=ZLWNtbMshkbWPmJJ","[""import"",""japanese""]",2026-02-22 11:37:06.628315+00,e1848554-ffae-479c-a8cd-4c0d77b7bed2,2026-03-19 15:55:50.007522+00,0,0,0,2026-03-19 15:55:50.007522+00,0,null,null,null,false,null,jp-dev-study-log-next,2025-12-28 17:03:07.345+00,1766941387345,false,null,null,null,"{""tables"":{""1"":{""rows"":[],""columns"":[]}}}",null,[],null,null
fad97fea-0d31-4959-bef6-0f0cf45d28e4,「突き通し（つきとおし）」,"「突き通し（つきとおし）」は「突き刺す」「貫く」という意味の動詞「突き通す」の名詞形や、「（意見や信念などを）最後まで主張し続ける」という意味、または「（物理的に）突き抜ける」こと、さらに「お通し（突き出し）」を指す場合もあり、文脈によって「貫徹」「貫通」「貫く」「刺し通す」といった類義語で言い換えられます。 
主な意味
物理的な貫通・貫通：
鋭いもので突き刺し、向こう側まで通すこと（刺通す）。
何かを突き抜けて進むこと（突き抜ける、通り抜ける）。
精神・思想の貫徹：
自分の考え、意見、信念などを最後まで曲げずに主張し続けること（貫徹する、徹する、押し通す）。
（料理用語）お通し：
居酒屋などで、注文とは別に最初に出される小皿料理（関東では「お通し」、関西では「突き出し」）。 
例文
「剣で敵の体を突き通した。」（貫通）
「彼は自分の信念を最後まで突き通した。」（貫徹）
「この道はトンネルを突き通している。」（通り抜ける）
「とりあえず、突き通し（お通し）でも頼みますか。」（料理） 
関連する言葉
突き出す: 関西で「お通し」を指す言葉で、「突き出すように提供する」ことに由来。
貫く: 同じ意味でよく使われる動詞。

관통하다
Penetrate,Pierce through,Run through,Transfixion","[""import"",""japanese""]",2026-02-22 11:37:06.628315+00,e1848554-ffae-479c-a8cd-4c0d77b7bed2,2026-03-19 15:55:50.007522+00,0,0,0,2026-03-19 15:55:50.007522+00,0,null,null,null,false,null,jp-dev-study-log-next,2026-01-03 16:54:12.263+00,1767459252263,false,null,null,null,"{""tables"":{""1"":{""rows"":[],""columns"":[]}}}",null,[],null,null
fbfeef31-ed9c-460c-8757-d5b5a57e6e00,「界隈（かいわい）」,"「界隈（かいわい）」は元々「その辺り一帯、近辺」を指す言葉ですが、近年、Z世代を中心に「共通の趣味・価値観・境遇・業界などを持つ人々の集まり（コミュニティ）」を指す言葉としてSNSなどで広く使われています（例：「オタク界隈」「自然界隈」「#風呂キャンセル界隈」など）。これは、特定のジャンルやコンテンツ、ライフスタイルを共有する「仲間」を意味する、ゆるやかなネットワークを表す言葉として使われ、2024年の新語・流行語大賞にもノミネートされました。 
「界隈」の2つの主な意味
本来の意味（地域）: 特定の場所やその周辺地域を指します（例：銀座界隈、渋谷界隈）。
現代的な意味（コミュニティ）:
特定のジャンル・趣味: アニメ、アイドル、ファッション、推し活など、共通の関心を持つ人々。
価値観・ライフスタイル: 「風呂キャンセル界隈」のように、ある特定の行動や考え方を持つ人々。
SNSでの繋がり: 共通の話題でつながる、ゆるやかなファンダム（ファンコミュニティ）。 
使われ方の特徴
「○○界隈」の形: 「○○」の部分に趣味や事柄が入ります。
仲間意識: ポジティブな意味で「同じ趣味の仲間」を表す。
Z世代の言葉: SNSで頻繁に使われ、共感や居場所を求めるZ世代の心理を反映。 
例
「私はアイドルオタク界隈にいます。」（アイドルファンコミュニティに属している）
「最近、○○というブランドの界隈で話題になっている。」（そのブランドのファン層の間で話題）","[""import"",""japanese""]",2026-02-22 11:37:06.628315+00,e1848554-ffae-479c-a8cd-4c0d77b7bed2,2026-03-19 15:55:50.007522+00,0,0,0,2026-03-19 15:55:50.007522+00,0,null,null,null,false,null,jp-dev-study-log-next,2025-12-28 17:21:35.508+00,1766942495508,false,null,null,null,"{""tables"":{""1"":{""rows"":[],""columns"":[]}}}",null,[],null,null
fca07984-7ce7-40ce-9d07-f30b13ceb45c,「せめて」,"「せめて」は、理想通りにはいかなくても、最低限これだけは実現したい、あるいはしてほしいという気持ちを表す副詞で、「少なくとも」「～くらいは」「せめてもの」といった意味合いで使われます。期待や願望が込められ、状況が不十分な中で妥協点や最小限の要求を述べる際に用いられることが多いです。 
主な意味と使い方
最低限の要求・希望: 望む結果が得られない状況で、それだけでも達成したい、与えてほしいと願う気持ち。
例: 「せめて一言謝ってほしい」（少なくとも謝罪してほしい）。
例: 「せめて週末ぐらいは休みたい」（最低でも週末は休みたい）。
感情的なニュアンス: 主観的・感情的に最低限のものを求める際に使われ、「少なくとも」よりも強い願望が込められる。
語源: 動詞「責（せ）める」に由来し、「（最低限これだけは）責任をもって（やる/する）」というニュアンスを持つ。 
類語・関連表現
少なくとも: より客観的・論理的に最低限の条件を述べる場合に使われる。
****せめての: 「せめて」の連体形。「せめての心遣い」「せめての望み」のように名詞を修飾する。 
具体例
「せめて30分だけでも話せたら嬉しい」
「ご飯は残してもいいから、せめて刺身だけは全部食べて」（最低限これだけは食べてほしい）","[""import"",""japanese""]",2026-02-22 11:37:06.628315+00,e1848554-ffae-479c-a8cd-4c0d77b7bed2,2026-03-19 15:55:50.007522+00,0,0,0,2026-03-19 15:55:50.007522+00,0,null,null,null,false,null,jp-dev-study-log-next,2026-01-01 11:53:07.833+00,1767268387833,false,null,null,null,"{""tables"":{""1"":{""rows"":[],""columns"":[]}}}",null,[],null,null
fcef3c32-3c5e-4e9a-a34d-f9d86129a91a,日本語単語勉強16,"https://youtu.be/ptaT3HWkCJA?si=jHpXkoscVL3tap0V

「あざとさ」とは、図々しく抜け目がない様子や、計算してわざとらしく可愛らしく振る舞うことを指し、元々は「小聡明い（こしょうめいい）」と書き「小賢しい」「あくどい」といった否定的な意味でしたが、近年では**「計算された魅力的な振る舞い」**として、ポジティブな意味合いで使われることも増えています。特に、男性の気を引くために意図的に可愛く見せる女性の言動を指すことが多いです。","[""import"",""japanese""]",2026-02-22 11:37:06.628315+00,e1848554-ffae-479c-a8cd-4c0d77b7bed2,2026-03-19 15:55:50.007522+00,0,0,0,2026-03-19 15:55:50.007522+00,0,null,null,null,false,null,jp-dev-study-log-next,2025-12-05 09:12:13.067+00,1764925933067,false,null,null,null,"{""tables"":{""1"":{""rows"":[],""columns"":[]}}}",null,[],null,null
fd1451a0-4ef2-4033-a221-b0f01eb72976,「繋ぎ（つなぎ）」,"「繋ぎ（つなぎ）」は、上着とズボンが一体になった服（オールインワン、オーバーオール、ジャンプスーツなど）を指すのが一般的で、作業着として汚れ防止や動きやすさを目的としますが、ファッションアイテムとしても使われます。また、「つなぐ」という動作や、その間を埋めるもの（繋ぎの仕事、顔繋ぎ）を指す場合もあります。 
主な意味
作業着・衣服:
上着とズボンが縫い合わされた一枚の服。
別名：オールインワン、オーバーオール、ジャンプスーツ、カバーオールなど。
用途：作業効率向上、安全性確保（汚れ防止、怪我防止）。
素材：デニム、キャンバスなど丈夫な生地が使われる。
動作・役割:
「つなぐ」こと、またはそのためのもの。
「繋ぎの仕事」：次の仕事が始まるまでの間を埋めるための仕事。
「顔繋ぎ」：人との関係をつなぐこと。 
関連する言葉
続服（つづきふく）: 「つなぎ」の別表記。
コンビネゾン: 女性のファッションで使われる、つなぎタイプの服。 
このように、「繋ぎ」は文脈によって「一体型の服」または「何かをつなぐ行為やもの」を意味します。","[""import"",""japanese""]",2026-02-22 11:37:06.628315+00,e1848554-ffae-479c-a8cd-4c0d77b7bed2,2026-03-19 15:55:50.007522+00,0,0,0,2026-03-19 15:55:50.007522+00,0,null,null,null,false,null,jp-dev-study-log-next,2025-12-28 00:48:56.19+00,1766882936190,false,null,null,null,"{""tables"":{""1"":{""rows"":[],""columns"":[]}}}",null,[],null,null
fdad0833-8626-46b8-b6dd-a97cbdb6cfed,「うんざり」,"「うんざり」とは、何かに飽き飽きして嫌になること、我慢の限界に達して疲れること、期待が外れてガッカリする気持ちなどを表す言葉で、「もうたくさんだ」「もう懲り懲りだ」という気持ちが強く、退屈で気が滅入る状態（倦怠感）を指します。愚痴が多い人や自己中心的でしつこい人、マウントを取ってくる人など、人間関係でうんざりさせられることも多く、「うんざりするほどだ」のように使われます。 
主な意味とニュアンス
飽き飽きする、退屈: 同じことの繰り返しで、もうやりたくない、見たくない、聞きたくない状態。
嫌悪感・不快感: 我慢できないほど嫌悪感や不快感を抱くこと。生理的な嫌悪感に近い場合も。
疲労感・気力喪失: 精神的な疲労で、それ以上何もする気力がない状態。 
例文
「毎日の残業にうんざりする」
「彼のしつこい自慢話にうんざりした」
「この単調な作業にはもううんざりだ」
類語
飽き飽きする
（もう）たくさんだ
（もう）勘弁してほしい
（もう）こりごりだ
げんなりする 
どんな時に使う？
人間関係で疲れた時（例：愚痴ばかり言う友人）
仕事や勉強で同じことの繰り返しで飽きた時
期待していたことが裏切られてがっかりした時（例：期待外れのイベント）
特定の人物の言動がしつこくて不快な時
「うんざり」は、単なる「嫌い」よりも、「もう十分すぎるほど嫌で、嫌気がさして疲弊している」という強い感情を示す表現です。","[""import"",""japanese""]",2026-02-22 11:37:06.628315+00,e1848554-ffae-479c-a8cd-4c0d77b7bed2,2026-03-19 15:55:50.007522+00,0,0,0,2026-03-19 15:55:50.007522+00,0,null,null,null,false,null,jp-dev-study-log-next,2025-12-29 15:09:18.091+00,1767020958091,false,null,null,null,"{""tables"":{""1"":{""rows"":[],""columns"":[]}}}",null,[],null,null
fdbdbddf-e922-4c78-85e4-192245ac4e63,「結び（むすび）」,"「結び（むすび）」は、ひもを結ぶ行為やその部分、人と人との縁、物事の終わり（結末）、おむすび（握り飯）、数学の和集合など、文脈によって多様な意味を持つ言葉で、語源は「産み出す力（ムスヒ）」にあり、創造や関係性の成立を表す深い意味があります。 
主な意味
物理的な結び: ひもやロープを絡ませて繋ぐことや、その結び目（例: もやい結び、よろい結び）。
関係性の結び: 人と人との縁を結ぶこと、関係を成立させること（例: 縁結び、夫婦の契り）。
終わりの結び: 文章や相撲の取り組みなどの結び（終わり、結末） (例: 結びの言葉)。
食べ物: おむすび（握り飯）の別称。
数学: 和集合（2つ以上の集合をまとめること）。
神道: 「産霊（むすひ）」として、万物を生み出す神秘的な力、神霊の働き。 
語源と深い意味
語源: 日本神話に由来し、「ムス（産む）」と「ヒ（霊力）」が合わさった「ムスヒ（産霊）」から来ています。
創造: 結びつくことで新しいものが生まれる、創造する力。
つながり: 離れているものを繋ぎ、関係性を生み出す力。 
このように、「結び」は単なる行為だけでなく、創造、関係性、始まりと終わり、そして神秘的な力といった多岐にわたる概念を包括する言葉です。","[""import"",""japanese""]",2026-02-22 11:37:06.628315+00,e1848554-ffae-479c-a8cd-4c0d77b7bed2,2026-03-19 15:55:50.007522+00,0,0,0,2026-03-19 15:55:50.007522+00,0,null,null,null,false,null,jp-dev-study-log-next,2025-12-28 00:49:58.034+00,1766882998034,false,null,null,null,"{""tables"":{""1"":{""rows"":[],""columns"":[]}}}",null,[],null,null
ffa42d38-c07c-45e1-8163-51ff84ec0c55,「認める（みとめる）」,"Netflixドラマオクラ～迷宮入り事件捜査

何だよ。せっかく警察辞めてのんびり暮らしてたのによ
뭐야, 겨우 경찰 그만두고 느긋하게 사나했더니...

認めるのか？
인정하는거야?

「認める」は主に「みとめる」と読み、相手の権利や主張を「受け入れる」「許可する」「正しいと判断する」（承認、許可、受諾）意味と、事実や存在を「見分ける」「気づく」（認識、発見、観察）意味がありますが、文脈によっては「したためる」と読み、「手紙などを丁寧に書き記す」という意味も持ちます。
相手の才能や意見を肯定する時（承認）、間違いを認める時（告白）、許可を出す時（許可）、自分の非を認識する時（自覚）など、多様な場面で使われる動詞です。
 
主な意味と読み方
みとめる (mitomeru):
承認・許可: 相手の主張や要求を「受け入れる」「許可する」。「承認する」「公認する」「容認する」などの類語があります。例：「彼の意見を認める」「申請を認可する」。
認識・発見: ある物事の存在や事実を「見分ける」「気づく」「理解する」。例：「才能を認める」「異状を認める（認識する）」。
告白・自認: 自分の過ちや事実を「認める」「告白する」。例：「罪を認める」。
したためる (shitatameru):
書き記す: 丁寧に心構えを整えて手紙などを「書き表す」。例：「便りを認める（＝手紙を書く）」。 
読み方のポイント
「便り（手紙）」に関する文脈なら「したためる」が正解。
「権利」「承認」「許可」「認識」など、受け入れる・判断する文脈なら「みとめる」。
文脈で意味が変わり、「みとめる」と「したためる」は同じ漢字で表記されるため注意が必要です。","[""日本語"",""単語"",""ドラマ"",""オクラ～迷宮入り事件捜査""]",2026-02-22 11:37:06.628315+00,e1848554-ffae-479c-a8cd-4c0d77b7bed2,2026-03-19 15:55:50.007522+00,0,1,0,2026-03-19 15:55:50.007522+00,0,null,null,null,false,null,jp-dev-study-log-next,2025-12-28 17:32:59.507+00,1766943179507,false,null,null,null,"{""tables"":{""1"":{""rows"":[],""columns"":[]}}}",null,[],null,null
9466aea5-4b78-4dfd-97ab-0a3fe902e105,脱出,"◆ 탈출.

国外に脱出 する
국외로 탈출하다.","[""import"",""japanese""]",2026-02-22 12:35:09.025625+00,e1848554-ffae-479c-a8cd-4c0d77b7bed2,2026-03-19 15:55:50.007522+00,0,0,0,2026-03-19 15:55:50.007522+00,0,null,null,null,false,null,jp-dev-study-log-next,2026-01-12 09:52:34.822+00,1768211554822,false,null,null,null,"{""tables"":{""1"":{""rows"":[],""columns"":[]}}}",null,[],null,null
84fb7954-eb8c-4fbc-8e44-d905f10b7abc,気になる日本語単語,突飛（とっぴ）：뜻밖임; 엉뚱함; (이상) 야릇함.,"[""import"",""japanese""]",2026-02-22 12:35:09.383571+00,e1848554-ffae-479c-a8cd-4c0d77b7bed2,2026-03-19 15:55:50.007522+00,0,0,0,2026-03-19 15:55:50.007522+00,0,null,null,null,false,null,jp-dev-study-log-next,2025-12-28 20:52:24.539+00,1766955144539,false,null,null,null,"{""tables"":{""1"":{""rows"":[],""columns"":[]}}}",null,[],null,null
9469d1ae-6039-4390-934f-e35acdfe8b75,日本語単語勉強20,"Netflix 罵倒村

封印（ふういん）：봉인","[""import"",""japanese""]",2026-02-22 12:35:09.566202+00,e1848554-ffae-479c-a8cd-4c0d77b7bed2,2026-03-19 15:55:50.007522+00,0,0,0,2026-03-19 15:55:50.007522+00,0,null,null,null,false,null,jp-dev-study-log-next,2025-12-14 08:18:27.64+00,1765700307640,false,null,null,null,"{""tables"":{""1"":{""rows"":[],""columns"":[]}}}",null,[],null,null
ba2b906f-7915-4dc0-a9bc-fff738e8a79c,番手（ばんて）,"https://youtu.be/vrto__fOPBk?si=neTg3XHhWswzwKcA

番手的にも矢野ななかちゃんが上
순번적으로도 야노나나카가 앞선다

https://mazii.net/ko-KR/search/word/jako/%E3%81%B0%E3%82%93%E3%81%A6

◆ 성을 지키는 무사.
◆ 옛날, 싸움터에서 부대의 대오(隊伍)를 부르던 말.

一番手
일번수;제일먼저행동을개시하는것(부대(部隊))

◆ 순번을 나타내는 말.

一番手の選手
첫 번째 선수.

◆ 번수; 실의 굵기를 나타내는 단위((840야드로 1파운드인 것을 ‘一番手’라 하는데, 길이가 ‘番手’의 수에 비례하며, 가늘수록 수가 커짐)).

六十番手
60번수.","[""日本語"",""ノブロックtv"",""二瓶有価"",""佐久間宣行""]",2026-02-22 16:56:06.90763+00,e1848554-ffae-479c-a8cd-4c0d77b7bed2,2026-03-25 21:08:31.27939+00,0,3,0,2026-03-25 21:08:31.27939+00,0,null,null,null,false,null,null,null,null,false,null,null,null,"{""tables"":{""1"":{""rows"":[],""columns"":[]}}}",null,[],null,null
9da612b3-2ad5-482b-a2bf-148d9e8b12e9,番手（ばんて）,"https://youtu.be/vrto__fOPBk?si=QhVJK_L6lLi_JiZD

番手的にも矢野ななかが上
순번으로도 야노나나카가 앞이다

https://mazii.net/ko-KR/search/word/jako/%E3%81%B0%E3%82%93%E3%81%A6

◆ 성을 지키는 무사.
◆ 옛날, 싸움터에서 부대의 대오(隊伍)를 부르던 말.

一番手
일번수;제일먼저행동을개시하는것(부대(部隊）

◆ 순번을 나타내는 말.

一番手の選手
첫 번째 선수.

◆ 번수; 실의 굵기를 나타내는 단위((840야드로 1파운드인 것을 ‘一番手’라 하는데, 길이가 ‘番手’의 수에 비례하며, 가늘수록 수가 커짐)).

六十番手
60번수.","[""日本語、二瓶有価、佐久間信行""]",2026-02-22 17:00:10.176062+00,e1848554-ffae-479c-a8cd-4c0d77b7bed2,2026-03-19 15:55:50.007522+00,0,4,0,2026-03-19 15:55:50.007522+00,0,2026-03-05 20:03:56.142+00,e1848554-ffae-479c-a8cd-4c0d77b7bed2,null,true,null,null,null,null,false,null,null,null,"{""tables"":{""1"":{""rows"":[],""columns"":[]}}}",null,[],null,null
5f870ca5-9be5-4ca5-80df-39f05b375650,辛い,"https://youtu.be/iB_Br3BMpa0?si=3n_d4UhqgC8zP7La

とにかく辛酸っぱいタイのご飯は、でもこの辛酸っぱいスープ地味に癖になる。

https://mazii.net/ko-KR/search/word/jako/%ED%98%B9%EB%8F%85%ED%95%98%EB%8B%A4

◆ 맵다; 얼얼하다.（からい）

辛い食べ物が好きな人
매운 음식을 좋아하는 사람

山椒はぴりりと辛い
산초는 얼얼하게 맵다

◆ ((鹹い)) (맛이) 짜다.（つらい）

味噌汁がちょっと辛い
된장국이 좀 짜다

おかずが辛すぎる
반찬이 너무 짜다

◆ (술이) 독하다.（からい）

辛い酒
독한 술

◆ (평가 기준 등이) 짜다; 가혹하다; 박하다.

辛い評価（つらい）
가혹한 평가

点が辛い（からい）
점수가 짜다[박하다]

◆ 괴롭다.（からい）

辛い目を見る
괴로운 일을 당하다; 매운맛을 보다

◆ (‘辛くも’의 꼴로) 겨우; 간신히.（からい）

辛くもピンチを逃れた
간신히 위기를 벗어났다

◆ 고통스럽다; 괴롭다; 고되다.（つらい）

辛い別れ
괴로운 이별

仕事[修行]が辛い
일[수행]이 고되다

◆ (타인에 대해) 모질다; 냉혹하다; 혹독하다; 비정하다.（つらい）

辛い仕打
모진[가혹한] 처사

辛く当たる
심하게 대하다; 학대하다

◆ 대처하기 어렵다; 곤란하다; 난처하다.

辛い立場にいる
곤란한 입장에 있다

そう言われると辛いよ
그렇게 말하면 곤란해요

◆ (동사의 연용형에 붙어서) …하기가 어렵다; …하기 힘들다; …하기 거북하다.

読みづらい本
읽기 힘든 책

大きな声で言いづらい
큰 소리로 말하기 어렵다

歩きづらい症状で悩んでいる
걷기 힘든 증상으로 괴로워하고 있다","[""からい"",""つらい"",""いけちゃん"",""日本語""]",2026-02-22 18:46:24.498598+00,e1848554-ffae-479c-a8cd-4c0d77b7bed2,2026-03-19 15:55:50.007522+00,1,4,0,2026-03-19 15:55:50.007522+00,0,null,null,null,false,null,null,null,null,false,null,null,null,"{""tables"":{""1"":{""rows"":[],""columns"":[]}}}",null,[],null,null
f0f2bac8-e851-4d84-be06-7e9bda3b677a,仕草（しぐさ）,"https://youtu.be/5pTO-tyNdpA?si=8s2fhbXeUUVB0G-f

足を組む仕草とかはいい
다리꼬는행동은 좋다

仕草（しぐさ）とは、感情や気持ちの表れとして無意識、または意識的におこなう、日常の立ち居振る舞いや動作のこと。特に他者に何かを伝える「身ぶり」や、その人特有の癖、可愛らしさや魅力を感じさせる小さな動きを指すことが多い。類語には「所作」「身のこなし」「振る舞い」などがある。 
主な仕草の定義と特徴
日常の動作: 人間特有の身体技法であり、社会的にパターン化されている。
無意識の癖: ついやってしまう習慣的な動き。
情報伝達: 行為者の意識にかかわらず、見た人に印象を与える（潜在的身ぶり）。 
恋愛・コミュニケーションで注目される「仕草」の例
男性: 頭ポンポン、バックハグ、ネクタイをゆるめる、腕まくり、メガネを外す。
女性: 髪をかき上げる、あざとい行動、上目遣い、袖を引っ張る。 
アニヴェルセル
アニヴェルセル
 +4
「仕草」と「所作」の違い
仕草: 無意識の癖や日常的な小さな動き。
所作: 礼儀を踏まえた上で、より美しく品よく見せるための意識的な立ち居振る舞い。 
類語・言い換え
動き、動作、振る舞い、挙動、物腰、身ぶり、素振り、態度、身のこなし。 

https://mazii.net/ko-KR/search/word/jako/%E4%BB%95%E8%8D%89

◆ 행위; 처사; (하는) 짓(거리).

意地悪な仕草
짓궂은 짓

仕草が子供っぽい
하는 짓이 유치하다

あいつの仕草が気に入 らない
저놈 하는 짓이 마음에 안 든다

◆ 몸짓; 배우의 동작·연기·표정.

気取った仕草
점잔 빼는 몸짓

仕草がうまい
연기를 잘한다","[""日本語"",""ノブロックtv"",""立野沙紀""]",2026-02-23 12:45:00.980847+00,e1848554-ffae-479c-a8cd-4c0d77b7bed2,2026-03-19 15:55:50.007522+00,0,5,0,2026-03-19 15:55:50.007522+00,0,null,null,null,false,null,null,null,null,false,null,null,null,"{""tables"":{""1"":{""rows"":[],""columns"":[]}}}",null,[],null,null
2f0a6364-2376-4969-8c92-44f5fa77f4d0,「金目の物（かねめのもの）」,"ワンピース494話

お宝お宝、なんか金目の物、何かねえかな

「金目の物（かねめのもの）」とは、換金性が高く、経済的価値や金銭的な値打ちがある品物のこと。現金、貴金属、宝石、ブランド品、骨董品など、売却して金銭に換えられる高価なものを指す言葉である。 
具体的な例: 現金、預金、宝石、貴金属、高級時計、ブランドバッグ、骨董品、高額な商品在庫など。
類語: 貴重品、高価な品、値打ちのあるもの。
文脈: 主に「金目の物を探す」「部屋から金目の物が盗まれた」など、防犯や財産に関わる文脈で使用される。 
また、稀に「金目の」自体が高価、または価値があるという意味の形容詞としても使われる。 

https://kotobank.jp/word/%E9%87%91%E7%9B%AE-465440

１ 金銭的価値の高いこと。高価。「金目の品」
２ 金銭に換算した価値。値段。
「―に積もらば拾七八貫目が物あり」〈浮・万金丹・五〉","[""ワンピース"",""日本語"",""アニメ""]",2026-02-24 07:36:47.821449+00,e1848554-ffae-479c-a8cd-4c0d77b7bed2,2026-04-10 12:34:34.98737+00,0,2,0,2026-04-10 12:34:34.98737+00,0,null,null,null,false,null,null,null,null,false,null,null,null,"{""tables"":{""1"":{""rows"":[],""columns"":[]}}}",null,[],null,null
ba7c08f5-9228-4471-a4f5-88bda474097c,가가,나나나나나나나나나나나나나나나나나나나나나나나나나나나나나나나나나나나나나나나나나나나나나나,"[""다""]",2026-02-24 13:34:26.9054+00,e1848554-ffae-479c-a8cd-4c0d77b7bed2,2026-03-19 15:55:50.007522+00,0,0,0,2026-03-19 15:55:50.007522+00,0,null,null,null,false,null,null,null,null,false,null,null,null,"{""tables"":{""1"":{""rows"":[],""columns"":[]}}}",null,[],null,null
ea9773c4-b57f-40f4-b279-acb258f9dfff,「定まれております（さだまれております）」,"石子と羽男ーそんなコトで訴えます？ー2話

そうですね、まあ向こうの法務や顧問弁護士と話をつけることになるでしょうが民法第五条で未成年者が親の同意を得ずにした契約は取り消すができるだと定まれております。
이게 그러니까 그쪽 법무팀이나 변호사를 만나봐야할겁니다만 민법 제5조에는 미성년자가 부모동의없이 맺은 계약은 취소할수있다고 명시되어있습니다.

「定まれております（さだまれております）」は、「定まる（さだまる）」の受身・尊敬表現である「定まれる」に「おります」がついた表現です。
意味：
「（ルール、方針、基準、手順などが）しっかりと決まっている」「確定している」「一定している」という状態を、丁重に伝える表現です。 
mbp-japan.com
mbp-japan.com
 +1
使われる文脈：
法律、規則、条文などで決まっている場合
方針や手順が安定して定着している場合
具体的な基準が確定している場合 
mbp-japan.com
mbp-japan.com
 +1
例文：
「相続人となる人の順番は、法律の条文で定まれております。」
「当社の品質管理基準は、国際規格に沿って定まれております。」
「運賃は距離に応じて定まれております。」 
mbp-japan.com
mbp-japan.com
注意点：
文脈によっては「定められております（さだめられております）」の方が一般的です。「定まれております」は「定まる（自動詞）」の形態なので、より自然に「決まっている」というニュアンスが出ますが、「定められて」でも同様の意になります。","[""石子と羽男"",""そんなコトで訴えます"",""有村架純"",""赤楚衛二"",""日本語"",""ドラマ"",""netflix"",""일드"",""아리무라카스미"",""아카소에이지""]",2026-02-25 01:19:28.006674+00,e1848554-ffae-479c-a8cd-4c0d77b7bed2,2026-03-19 15:55:50.007522+00,0,2,0,2026-03-19 15:55:50.007522+00,0,null,null,null,false,null,null,null,null,false,null,null,null,"{""tables"":{""1"":{""rows"":[],""columns"":[]}}}",null,[],null,null
046ba2ed-1743-4267-af4e-8515e8a11161,법률용어,"定めている	규정하고 있다
とされている	~로 되어 있다
に基づき	~에 근거해
をめぐり	~을 둘러싸고
との見方	~라는 견해","[""法律用語""]",2026-02-25 01:56:27.38352+00,e1848554-ffae-479c-a8cd-4c0d77b7bed2,2026-03-19 15:55:50.007522+00,0,1,0,2026-03-19 15:55:50.007522+00,0,null,null,null,false,null,null,null,null,false,null,null,null,"{""tables"":{""1"":{""rows"":[],""columns"":[]}}}",null,[],null,null
779622b1-055b-4dee-8796-08ac5028d0d6,법률용어,"1️⃣ 법률·뉴스 공통 핵심 표현 구조
① ～と定めている / ～と規定している
📌 형태

AはBと定めている
AはBと規定している

📌 의미

→ A는 B라고 규정하고 있다

📌 예문

民法は未成年者の契約取消権を認めると定めている。

→ 민법은 미성년자의 계약 취소권을 인정한다고 규정하고 있다.

💡 뉴스에서 이렇게 나옵니다

法律では〇〇と規定している。

팁
定める, 規定する, 明記する는 거의 같은 번역군입니다.
→ 전부 “규정하다 / 명시하다”로 묶어서 처리하세요.

② ～とされている
📌 형태

수동 + ている

📌 의미

~라고 되어 있다

~라고 알려져 있다

~로 간주된다

📌 예문

刑法では懲役10年以下とされている。

→ 형법에서는 징역 10년 이하로 되어 있다.

이 표현은 뉴스에서 엄청 자주 나옵니다.

💡 왜 수동일까?

직접 말하지 않고 객관화하기 위해서입니다.

팁
뉴스에서 수동형은 거의 “객관 보도 톤”입니다.
번역할 때는 능동으로 바꿔도 자연스러운 경우가 많습니다.

③ ～に基づき / ～に基づいて
📌 의미

→ ~에 근거하여

📌 예문

法律に基づき処分を決定した。

→ 법률에 근거해 처분을 결정했다.

뉴스에서 매우 많이 등장합니다.

팁
基づく는 거의 항상
→ “~에 근거하여”로 자동 변환하세요.

④ ～をめぐり
📌 의미

→ ~을 둘러싸고

📌 예문

契約トラブルをめぐり訴訟が起きている。

→ 계약 분쟁을 둘러싸고 소송이 발생하고 있다.

뉴스 단골 표현입니다.

팁
をめぐり = “~을 둘러싸고” 자동치환

⑤ ～との見方を示した
📌 의미

→ ~라는 견해를 밝혔다

📌 예문

専門家は違法の可能性があるとの見方を示した。

→ 전문가들은 위법 가능성이 있다는 견해를 밝혔다.

팁
との見方 = ~라는 견해
との指摘 = ~라는 지적
との批判 = ~라는 비판

이 세 개는 뉴스 3대장입니다.

2️⃣ 법률 문장 구조 해부

법률 문장은 이런 특징이 있습니다:

특징	설명
한자어 많음	추상적
수동 많음	객관화
명사화 많음	딱딱함
정중체 사용	〜である, 〜しております
📌 법률 문장 예시 분석

未成年者が法定代理人の同意を得ずにした法律行為は、取り消すことができる。

구조
요소	설명
未成年者が	주어
同意を得ずに	~없이
した法律行為は	한 행위는
取り消すことができる	취소할 수 있다

→ 완전 뉴스식 구조입니다.

3️⃣ 뉴스 이해 실력 올리는 방법
1단계: 동사 패턴 자동화

다음은 거의 공식처럼 외우세요:

～とされている

～とみられている

～と発表した

～を明らかにした

～に踏み切った

팁
뉴스는 “패턴 반복”입니다.
어휘보다 패턴이 더 중요합니다.

2단계: 수동을 능동으로 바꿔보기

예:

違法と判断された。

→ 법원이 위법하다고 판단했다.

팁
수동문을 능동으로 바꾸는 연습을 하면 이해 속도가 2배 빨라집니다.

4️⃣ 이시코와 하네오 같은 드라마 이해력 높이는 법

이 드라마는 법률 + 뉴스 문체가 섞여 있습니다.

石子と羽男

이 작품에서는:

법률 문체

뉴스식 설명 대사

일상 회화

이 세 가지가 섞입니다.

그래서 어렵게 느껴지는 거예요.

🔥 오늘 배운 핵심 정리
일본어	자동 변환
定めている	규정하고 있다
とされている	~로 되어 있다
に基づき	~에 근거해
をめぐり	~을 둘러싸고
との見方	~라는 견해

이 다섯 개만 익숙해져도
일본 뉴스 이해도는 체감상 40% 이상 올라갑니다.","[""法律用語""]",2026-02-25 01:56:42.041685+00,e1848554-ffae-479c-a8cd-4c0d77b7bed2,2026-03-19 15:55:50.007522+00,0,2,0,2026-03-19 15:55:50.007522+00,0,null,null,null,false,null,null,null,null,false,null,null,null,"{""tables"":{""1"":{""rows"":[],""columns"":[]}}}",null,[],null,null
22683f20-c7e3-42d4-a252-32b5e6d9c286,相当見えないところで備えてレッスンに来てる感がビシビシ伝わってくる 문장분석,"📌 문제 문장

相当見えないところで備えてレッスンに来てる感がビシビシ伝わってくる

(원문에는 伝わてくる로 적으셨는데, 실제로는 伝わってくる가 맞습니다.)

1️⃣ 전체 의미 먼저 잡기

자연스럽게 번역하면:

상당히 보이지 않는 곳에서 준비를 해와서 레슨에 온 느낌이 팍팍 전해진다.

이미 당신 해석은 거의 맞습니다.
문제는 相当 처리입니다.

2️⃣ 구조부터 자르기 (블록 분해)

문장을 블록으로 나누겠습니다.

[相当]  
[見えないところで]  
[備えて]  
[レッスンに来てる]  
[感が]  
[ビシビシ伝わってくる]

이걸 구조화하면:

(상당히) (보이지 않는 곳에서) (준비해서) (레슨에 와 있는) 느낌이
팍팍 전해져 온다

3️⃣ 相当는 왜 막히는가?
🔎 相当의 기본 의미

상당히

꽤

어지간히

제법

여기서 중요한 건:

相当는 “강조 부사”입니다.

즉, “조금”이 아니라
“꽤 많이”라는 뉘앙스예요.

💬 이 문장에서의 역할

相当見えないところで備えて

이건 직역하면:

상당히 보이지 않는 곳에서 준비해서

하지만 자연화하면:

눈에 안 보이는 곳에서 꽤 많이 준비해서

즉:

👉 준비량이 많다는 강조

당신 해석에서 “살짝 든다”는 약합니다.
여기선 확신에 가까운 강조입니다.

4️⃣ 見えないところで 의 뉘앙스

이건 단순히 “잘 안 보이는 곳”이 아닙니다.

일본어에서 이 표현은:

남들 모르게
물밑에서
겉으로 드러나지 않게

이런 의미입니다.

5️⃣ 備えて는 왜 이렇게 쓰였을까?

備える = 준비하다

근데 여기선:

備えてレッスンに来てる

즉:

준비를 해온 상태로 레슨에 오고 있다

이미 연습하고 왔다는 의미입니다.

6️⃣ 感がビシビシ伝わってくる 해부
🔎 ビシビシ

의성어:

팍팍

강하게

직격으로

🔎 伝わってくる

전해져 오다
(화자 쪽으로 감각이 오는 느낌)

즉:

그 느낌이 팍팍 전해져 온다

이건 확신 + 감탄 뉘앙스입니다.

7️⃣ 전체 의미 재구성

자연 번역:

눈에 보이지 않는 데서 꽤 많이 준비해 와서 레슨에 온 게 팍팍 느껴진다.

상황 설명과 완벽하게 맞습니다.

아이돌 댄스 레슨 상황이면
칭찬 톤입니다.

8️⃣ 당신 해석과 비교

당신 해석:

살짝 그런 느낌이 든다

원문:

비시비시 전해진다 (강한 확신)

차이:

✔ 방향은 맞음
❗ 강도 조절이 약했음

9️⃣ 왜 相当에서 막혔을까?

이유는:

相当가 명사처럼 보이기 때문입니다.

하지만 여기선 부사입니다.

상당히 + 동사/형용사

이걸 자동 처리 못하면
멈추게 됩니다.

🔟 오늘 훈련의 핵심

지금 당신 상태는:

단어는 다 앎

연결 구조도 보임

강도·뉘앙스 조절에서 멈춤

이건 아주 고급 단계 고민입니다.

🔥 오늘 배운 포인트 정리
표현	의미
相当	꽤, 상당히 (강조 부사)
見えないところで	남들 모르게
備えて	준비해두고
感が	~라는 느낌이
ビシビシ	팍팍, 강하게
伝わってくる	전해져 오다
🎯 훈련 팁
① 부사 먼저 체크하기

相当, かなり, だいぶ → 강도 조절 단어

② 의성어는 강도 2배

ビシビシ, ガンガン, バンバン → 감정 강조

③ 伝わってくる는 “내 쪽으로 오는 느낌”

🔥 오늘 배운 포인트 정리
표현	의미
相当	꽤, 상당히 (강조 부사)
見えないところで	남들 모르게
備えて	준비해두고
感が	~라는 느낌이
ビシビシ	팍팍, 강하게
伝わってくる	전해져 오다","[""日本語"",""分析""]",2026-02-25 02:07:41.819878+00,e1848554-ffae-479c-a8cd-4c0d77b7bed2,2026-03-19 15:55:50.007522+00,0,2,0,2026-03-19 15:55:50.007522+00,0,null,null,null,false,null,null,null,null,false,null,null,null,"{""tables"":{""1"":{""rows"":[],""columns"":[]}}}",null,[],null,null
c424c238-d4b1-4d37-91a3-23bcd32c2093,일본어 표현강도차이 釣り、久しぶり,"1️⃣ 釣り = 낚시 + 속이다?
기본 의미

釣り（つり）
→ 낚시

하지만 인터넷·구어에서는 의미가 확장됩니다.

🔎 속이다 의미로 쓰일 때

釣る → 관심을 끌다

釣りタイトル → 낚시 제목 (클릭 유도)

釣られた → 낚였다 (= 속았다)

한국어랑 거의 동일한 확장입니다.

이건 우연이 아니라 구조가 같습니다.

왜 이런 의미가 생겼을까?

낚시는:

미끼를 던져서 물게 만든다

→ 인터넷에서는
“자극적인 제목으로 사람을 물게 한다”

그래서 속이다 의미로 발전.

🔥 예문

完全に釣られたわ。
→ 완전 낚였네 (속았네)

それ釣りでしょ？
→ 그거 낚시지?

🎯 팁

釣り가 나오면 먼저:

실제 낚시 상황?

인터넷/장난 맥락?

상황 판단부터 하세요.

2️⃣ 의성어 = 감정 강도 높은가?

좋은 관찰입니다.

결론:

✔ 대부분 감정 강도 상승 효과 있음
❗ 하지만 항상 강한 건 아님

🔎 ビシビシ 예시

빡빡

팍팍

직격으로

이건 확실히 강도 높음.

🔎 하지만 이런 건 강도 낮음

ちょっとドキドキ

なんとなくフワッと

→ 부드러운 감정도 있음

🎯 핵심

의성어는:

감정의 “밀도”를 올리는 역할

강도라기보다 생동감 추가 장치입니다.

3️⃣ 久しぶり 계열 차이

좋은 질문이에요.
이건 “거리감 레벨 조절” 문제입니다.

① お久しぶりです

가장 정중

공식적

직장/오랜만에 만난 지인

거리감 있음

② 久しぶり

기본형

무난

친구~동료

중립

③ 久々（ひさびさ）

구어체

가볍고 친근

캐주얼

친한 사이

거리감 표로 정리
표현	정중도	거리감
お久しぶりです	높음	있음
久しぶり	보통	중간
久々	낮음	친함","[""日本語"",""分析"",""表現""]",2026-02-25 02:19:12.202781+00,e1848554-ffae-479c-a8cd-4c0d77b7bed2,2026-03-19 15:55:50.007522+00,1,7,0,2026-03-19 15:55:50.007522+00,0,null,null,null,false,null,null,null,null,false,null,null,null,"{""tables"":{""1"":{""rows"":[],""columns"":[]}}}",null,[],null,null
01e3fa55-1f97-4fa0-a828-d781ac7faddc,骨抜き（ほねぬき）,"https://youtu.be/5K2o1-hj4mk?si=VF0fG42ftiNFwVwJ

今日までみたいな名言が出てない？
名言と言うか、逆に骨抜きにされた。

骨抜き（ほねぬき）は、魚の小骨を抜くためのピンセット状の調理道具です。ステンレス製が主流で、先端が斜めや平らになっており、しっかり骨を掴める構造が特徴。キッチン用品店やAmazonなどで購入でき、種類も豊富。また、比喩として、物事の中心（骨子）を失わせることや、気概を失い軟弱になることも指します。 

主な骨抜きの特徴とポイント
道具の形: 一般的な「ピンセットタイプ」と、力が入りやすい「プライヤー（ペンチ）タイプ」がある。
用途: 焼き魚や刺身の下ごしらえに必須。細かい小骨も逃さず抜ける。
素材・手入れ: ステンレス製が多く、食洗機に対応しているものも多い。
使い方のコツ: 骨を斜めに引き抜くと身が崩れにくい。 

主な骨抜きの種類（通販・キッチン用品店）
家事問屋 ほね抜き: 職人の刃合わせでしっかりキャッチ。
ベターホーム 骨抜き: 料理教室で生まれた、使いやすさ重視のステンレス製。
貝印 KAI ステンレス 骨抜き: 下ごしらえに便利な先斜めタイプ。
骨抜き名人: 軽い力で作業できる業務用。 

比喩的な意味（骨抜きにする） 
内容の重要部分を抜き取り、価値をなくすこと（例：政策が骨抜きにされる）。
気力を失わせ、腑抜けの状態にすること。 

https://ja.wikipedia.org/wiki/%E9%AA%A8%E6%8A%9C%E3%81%8D

骨抜き（ほねぬき、オランダ語 Fishbone Pincet、英語 Fishbone Tweezers）は、魚類の骨を挟んで抜くために用いる道具。魚類を加工・調理する際に骨を抜く用途に使われることが多く、加工工場や厨房で使用される。また研究用途として、生物の解剖にも使用される。ピンセット状の物からペンチ状の物まで各種あるが、一般にピンセットの一種に分類される。先端形状は平らになっており、骨を掴む用途に特化してある。骨は斜めに抜き取る。","[""日本語"",""abema"",""チャンスの時間"",""森香澄""]",2026-02-27 16:30:16.063872+00,e1848554-ffae-479c-a8cd-4c0d77b7bed2,2026-03-19 15:55:50.007522+00,0,0,0,2026-03-19 15:55:50.007522+00,0,null,null,null,false,null,null,null,null,false,null,null,null,"{""tables"":{""1"":{""rows"":[],""columns"":[]}}}",null,[],null,null
54649155-c6d9-41bb-b4d3-75de3f656ae9,嫌味（いやみ）,"https://youtu.be/5K2o1-hj4mk?si=t8IEOFJDtP9FwHhS

結局嫌味みたいになっちゃう。

嫌味（いやみ）とは、遠回しな表現や皮肉を用いて相手の欠点・不満を指摘し、不快な気分にさせる言葉や態度のことです。表面上は穏やかでも、裏に批判や嫉妬、攻撃性が隠れている場合が多く、直接的な反論がしにくい点が特徴です。 
嫌味の主な特徴と心理
心理: 相手への嫉妬、自己防衛（マウント）、認められたいという欲求、自身のネガティブな感情の投影。
表現: 「相変わらず〜だね（実際はそうではない）」、「忙しい人は違いますね」といった、トゲのある褒め言葉や嫌がらせ。
効果: 言われた側は混乱し、モヤモヤした気分になる。 

対処法
スルーする・真に受けない: 相手が反応を求めているため、冷静に聞き流す。
相手を理解する: 「この人は私を脅威に思っているんだ」「自己肯定感が低いんだ」と見下すくらいの気持ちで受け流す。
ユーモアで返す: 嫌味を「褒め言葉」として受け取るなど、予想外の反応をして攻撃を無力化する。 

嫌味を言ってくる人の心理的背景（ネガティブな感情）を理解することで、個人的な攻撃として受け止めず、冷静に対処できるようになります。","[""日本語"",""abema"",""チャンスの時間"",""森香澄""]",2026-02-27 16:37:47.934737+00,e1848554-ffae-479c-a8cd-4c0d77b7bed2,2026-03-19 15:55:50.007522+00,0,0,0,2026-03-19 15:55:50.007522+00,0,null,null,null,false,null,null,null,null,false,null,null,null,"{""tables"":{""1"":{""rows"":[],""columns"":[]}}}",null,[],null,null
f7d8dbb8-79be-4886-adcb-b98a32cb4645,刑事裁判では著作権法違反の罪で有罪が確定います。,"石子と羽男ーそんなコトで訴えます？ー著作権法違反 - 映画違法アップロードで逮捕!?

刑事裁判では著作権法違反の罪で有罪が確定います。
映画会社やテレビ局13社はファスト映画によって著作権が侵害されたとして５億円の賠償を求める訴える東京地裁におこしました。

형사재판에서 저작권법위반죄로 유죄가 확정됐습니다.
영화사나 방송국 13곳에서는 요약본으로 저작권이 침해당했다며 5억엔의  손해배상소송을 도쿄지방법원에 제기했습니다","[""日本語"",""石子と羽尾"",""netflix"",""ドラマ"",""有村架純"",""赤楚衛二""]",2026-02-28 13:55:27.964293+00,e1848554-ffae-479c-a8cd-4c0d77b7bed2,2026-05-03 14:28:24.249986+00,0,12,0,2026-05-03 14:28:24.249986+00,0,null,null,null,false,null,null,null,null,false,null,null,null,"{""tables"":{""1"":{""rows"":[],""columns"":[]}}}",null,[],null,null
d478b74c-8ce3-4822-81ba-44f0be3651ec,「訴える（うったえる）」,"「訴える（うったえる）」とは、一般的にトラブル解決のために裁判所へ審理を求める（訴訟提起）行為や、被害や不満を警察・検察に伝える（告訴）ことを指します。民事では個人間トラブル、刑事では犯罪の刑罰を求めます。また、感情や理性に働きかける「アピールする」という意味でも使われます。
訴えるの主な意味・用法
民事訴訟を起こす
金銭、離婚、土地などのトラブルを解決するため、裁判所に訴状を提出し、原告として被告の責任を追及すること。
刑事告訴・告発をする
犯罪被害者が警察や検察官に告訴状を提出し、犯罪捜査と処罰を求めること。
感情・理性に働きかける（アピール）
人々の心や感情に不満や訴えをアピールすること。「理性に訴える」など。
症状を訴える
「頭が痛いと訴える」のように、苦痛や症状を告げること。 

訴えるに関する知識
「訴える」と「告訴」の違い：法律的には「告訴」は犯罪行為を捜査機関に伝える行為、「訴える（起訴）」は検察官が裁判所に公判を求める行為を指す。
「訴えてやる」と言われたら：実際に裁判を起こすには費用や手間がかかるため、96%は実行されないと言われる。冷静に対応し、弁護士などに相談するのが良い。
脅迫罪との境界線：正当な権利行使の範囲（例：お金を返さない人を訴える）であれば、たとえ「訴える」と告げても通常は脅迫罪にはならないが、法的な義務がないことまで要求すると脅迫になり得る。
類語・関連語
類語：提訴する、告訴する、訴訟を起こす、アピールする、働きかける
関連用語：原告、被告、訴状、訴訟代理人、告訴状、民事訴訟、刑事訴訟","[""日本語"",""単語""]",2026-02-28 14:05:56.595119+00,e1848554-ffae-479c-a8cd-4c0d77b7bed2,2026-05-03 15:07:56.224718+00,0,2,0,2026-05-03 15:07:56.224718+00,0,null,null,null,false,null,null,null,null,false,null,null,null,"{""tables"":{""1"":{""rows"":[],""columns"":[]}}}",null,[],null,null
cb247e4d-c697-41eb-bbe8-32945d1e3818,手続き（てつづき）,"https://youtu.be/OYuQTPJVJQ4?si=VrMfRNXwc3AcAYTF

何かと高いホテルの方がチェックイン、アウト、どっちも手続きに時間かかるよね。
뭔가 비싼호텔쪽이 체크인 체크아웃 어느쪽이든 수속에 시간이 걸리네

手続き（てつづき）とは、物事を行うために定められた順序、方法、または一定の形式に基づく処理のことです。手はず、手順、段取りとも呼ばれます。入学、法的手続き、書面処理など、正式な過程を指す際に用いられ、公用文では「手続」と表記されることが多いです。 

手続きの主な要素
手順・方法: 物事を行うための具体的なステップや手順。
形式・処置: 決められたやり方や法律・規則に基づく処理。
過程: 行われたプロセス。 
関連用語・言い換え
類語: 順序、手順、段取り、プロセス、メソッド、ステップ。
英語表現: Procedure, Process, Formality。
表記: 正式には「手続」だが、一般的には「手続き」とも表記される。 
よく使われる表現
正式な手続き
入学の手続き
法律上の手続き
手続きを踏む 

ビジネス・文脈による意味
コンピュータ: 「プロシージャ」や「関数」を指し、処理の順序（手続き型プログラミング）を意味する。
行政・公用文: 「手続」が正式な表記として使用される。

https://www.kpedia.jp/w/11595

「手続き」の韓国語「절차」を使った例文

・절차가 까다롭다.
手続きが煩わしい。

・절차가 복잡하다.
手続きが複雑だ。

・절차를 밟다.
手続きを踏む。

・법은 사회의 갈등과 분쟁을 해결하는 최종 절차입니다.
法は、社会の葛藤と紛争を解決する最終手続きです。

・절차를 조속히 밟을 필요가 있습니다.
お手続きを早急に行う必要がございます。

・이 보험은 견적에서 계약 절차까지 인터넷으로 진행하고 있습니다.
この損保は見積りから契約手続きまでインターネットで行えます。

・우선 절차부터 정하자.
まず手順から決めよう。

・일을 행하는 순서나 방법을 절차라고 한다.
物事を行う順序や方法を手続きという。

・절차를 제대로 밟은 후에 합시다.
手続きをちゃんと踏んでからやりましょう。

・긴 절차를 거쳐 드디어 문제가 해결되었습니다.
長たらしい手続きを経て、ようやく問題が解決された。

・절차가 복잡해서 확인이 필요합니다.
手順が複雑なので確認が必要です。

・이 절차를 지켜주세요.
この手順を守ってください。

・당일까지 모든 절차를 완료해주세요.
当日までにすべての手続きを完了してください。

・입국 절차가 원활하게 진행되어 바로 출발했습니다.
入国手続きがスムーズに行われたため、すぐに出発しました。

・입국 절차에서 목적지를 묻는 경우가 있습니다.
入国手続きで、目的地を尋ねられることがあります。

・입국 절차 중 예상보다 시간이 더 걸릴 수 있습니다.
入国手続きの際には、予想よりも長時間かかることがあります。

・입국 절차는 보통 몇 분 안에 끝납니다.
入国手続きは通常、数分で終了します。

・절차를 무시하는 행위는 위법이다.
手続きを無視する行為は違法だ。

・항공기는 출발 전 영공권 확보 절차를 밟는다.
飛行機は出発前に領空権確保の手続きを行う。

・그 초등학교는 작년에 폐교 절차를 밟았다.
その小学校は昨年、廃校の手続きを取った。

・여론 수렴이나 국민의 동의를 구하는 절차가 없었다.
世論の集約や国民の同意を求める手続きがなかった。

・수출입 절차를 잘 알아야 한다.
輸出入の手続きをよく理解する必要がある。

・출입국 심사 절차가 엄격하다.
出入国審査の手続きは厳しい。

・외국에서는 공증이 중요한 법적 절차로 인정된다.
外国では公証が重要な法的手続きとして認められる。

・나포된 배는 법적 절차를 밟았다.﻿
拿捕された船は法的手続きを踏んだ。

・폐기 절차를 기록으로 남겨야 한다.
廃棄手続きを記録に残さなければならない。

・절차는 준엄하게 지켜져야 한다.
手続きは厳格に守られなければならない。

・적법한 절차를 거치지 않으면 효력이 없습니다.
適法な手続きを踏まなければ、効力はありません。","[""日本語"",""単語"",""いけちゃん"",""ホテル""]",2026-02-28 15:47:27.48889+00,e1848554-ffae-479c-a8cd-4c0d77b7bed2,2026-03-19 15:55:50.007522+00,0,1,0,2026-03-19 15:55:50.007522+00,0,null,null,null,false,null,null,null,null,false,null,null,null,"{""tables"":{""1"":{""rows"":[],""columns"":[]}}}",null,[],null,null
1b6e603b-b0fa-4bcb-ae4d-c854348f3619,일기 오늘의 들쑥날쑥감정변화,"📓 일기

처음엔 그냥 전략을 세우는 느낌이었다.
한국과 일본을 비교하고, 안정과 성장의 밸런스를 계산하고,
고용센터 취업 1년 정도를 발판으로 쓰고,
그 사이 개인 프로젝트를 유지하고,
장기적으로는 안정적인 수입원을 만들고,
기회가 오면 엑시트하고.

그럴듯했다.
논리적으로는 나쁘지 않아 보였다.

그런데 디테일로 들어갈수록 이상하게 숨이 막혔다.

공기업은 몰려 있고,
대기업은 쉽지 않고,
일본은 안정적이라지만 블랙기업도 많고,
사업은 실패 가능성이 있고,
취업은 노력해도 안 될 수 있고.

계산하려고 하면 할수록
모든 선택이 단점 투성이로 보였다.

그래서 어느 순간 이런 생각이 들었다.

“그냥 아무것도 안 하고 싶다.”

돈만 있으면,
아무 압박도 없으면,
누구랑 엮일 필요도 없으면,
그냥 혼자 개발만 하면서 조용히 살면 안 되나.

부자가 되고 싶은 것도 아니고,
남들 부러워하는 위치까지 갈 생각도 없고,
월 250~300 정도만 안정적으로 나오면 충분하다고 생각했는데,
그마저도 불안하다고 하면
그럼 나는 뭘 선택해야 하는 건지 모르겠다.

기초수급으로 생계가 유지된다면
그게 제일 편한 거 아닐까 싶은 생각도 든다.
사람이랑 안 엮여도 되고,
협업 안 해도 되고,
설명 안 해도 되고.

근데 또 한편으로는
완전히 그렇게 살아도 괜찮은지 모르겠다.

사람이 싫다고 말하면서도
말 걸 데가 여기밖에 없다는 게 좀 이상하다.

계속 계산하다가
결국 계산이 안 되는 상태가 됐다.

할 수 있는 게 거의 없는 상황에서
그 안에서 그나마 나은 선택을 골랐는데,
그것도 단점뿐이라면
그냥 멈추고 싶어진다.

밸런스라는 것도
여유 있는 사람이나 선택할 수 있는 거 아닌가 싶다.

나는 그냥
지친 것 같기도 하고,
막힌 것 같기도 하고,
어디에도 속하지 못한 느낌이 들기도 한다.

그래도 완전히 포기했다고는 말 못 하겠다.

계속 계산은 하고 있고,
계속 생각은 하고 있고,
아직은 여기 와서라도 말을 하고 있으니까.

지금은
결론을 내리고 싶은 게 아니라
그냥 숨 좀 고르고 싶은 상태에 가까운 것 같다.","[""일기"",""생존전략"",""감정변화""]",2026-03-01 23:17:25.873246+00,e1848554-ffae-479c-a8cd-4c0d77b7bed2,2026-05-27 19:37:23.003608+00,0,1,0,2026-05-27 19:37:23.003608+00,0,null,null,null,false,null,null,null,null,false,null,null,null,"{""tables"":{""1"":{""rows"":[],""columns"":[]}}}",null,[],null,null
bacca368-205d-4f1f-9397-f43d89a684cf,"Property 'key' is missing in type '{ pageSize, fetchPage, mapRow, mergeKey }'","좋아, 이건 타입 정의가 바뀌었는데 호출부를 안 맞춰서 생긴 에러야.

에러 핵심 문장:

❗ Property 'key' is missing in type '{ pageSize, fetchPage, mapRow, mergeKey }'

즉,

네가 어떤 pagination / infinite loader / cache hook 같은 함수에 옵션 객체를 넘기고 있는데
그 함수의 타입 정의에서 key가 필수(required) 로 바뀌었어.

🔍 지금 상황 정리

너가 넘긴 객체:

{
  pageSize,
  fetchPage,
  mapRow,
  mergeKey
}

그런데 그 함수 타입은 지금 이렇게 생긴 상태일 가능성이 높아:

type LoaderOptions<T> = {
  key: string; // ← 🔴 필수
  pageSize: number;
  fetchPage: FetchPage<T>;
  mapRow: (r: T) => T;
  filterItem?: (it: T) => boolean;
  mergeKey?: (it: T) => string;
  onCacheSave?: (items: T[]) => void;
}

그래서 TypeScript가:

key 빠졌는데?

라고 말하는 거야.

✅ 해결 방법
✔ 방법 1 (정석) — key 추가하기
usePagedLoader<SupportTicketListRow>({
  key: ""admin-support-list"",   // ✅ 이거 추가
  pageSize: 20,
  fetchPage: async ({ limit, offset }) => {
    return dbSupportList({ limit, offset });
  },
  mapRow: (r) => r,
  mergeKey: (r) => r.id,
});

보통 key는:

캐시 식별자

페이지 구분자

탭 구분자

로케일 구분자

같은 역할을 해.

✔ 방법 2 — key를 optional로 바꾸기 (비추천)

타입 정의에서:

key?: string;

로 바꾸면 에러는 사라지지만
이건 설계상 key가 필요한 구조라면 안 건드리는 게 좋아.

🧠 왜 key가 필요하냐면

너 지금 구조 보면:

mergeKey 있음

filterItem 있음

onCacheSave 있음

이거 100% 캐시 기반 pagination / infinite scroll 구조야.

key가 없으면

서로 다른 리스트가 같은 캐시를 공유

locale 바뀌었는데 데이터 안 바뀜

탭 바뀌었는데 이전 데이터 섞임

이런 버그가 생겨.

그래서 타입이 강제로 key를 요구하는 거야.","[""coding"",""react"",""typescript"",""error"",""property"",""key""]",2026-03-03 22:02:10.331836+00,e1848554-ffae-479c-a8cd-4c0d77b7bed2,2026-03-19 15:55:50.007522+00,0,0,0,2026-03-19 15:55:50.007522+00,0,null,null,null,false,null,null,null,null,false,null,null,null,"{""tables"":{""1"":{""rows"":[],""columns"":[]}}}",null,[],null,null
7de7d10b-9003-4e04-8ce7-6c30efd9df0f,BtoCはわかるよね,"https://youtu.be/fzQEkYjQGr4?si=4TSUgiqRwZcMx_nq

BtoCはわかるよね
こういうのは知ったかぶりしない方がいいよね
知らないことは知らないって言いなさいって研修の時言われたし

BtoC는알고있겠지?
이렇게말하는건 알고있는것처럼 하지않는게 좋겠지?
모르는건 모른다고 말하라고 연수때 말했으니까

1️⃣ BtoCはわかるよね

문장

BtoCはわかるよね

구조

BtoC
+
は
+
わかる
+
よね

의미

요소	의미
BtoC	비즈니스 용어
は	주제
わかる	알다 / 이해하다
よね	확인
자연스러운 의미
BtoC는 알지?

또는

BtoC는 알고 있지?
당신 번역
BtoC는 알고 있겠지?

→ 거의 맞습니다.

다만 일본어

よね

는 확인 느낌입니다.

💡 팁

よね

는

느낌
그렇지?
알지?

같은 공감 확인 표현입니다.

2️⃣ こういうのは知ったかぶりしない方がいいよね

문장

こういうのは知ったかぶりしない方がいいよね

구조

こういうの
+
は
+
知ったかぶり
+
しない
+
方がいい
+
よね

단어 의미

단어	의미
こういうの	이런 것
知ったかぶり	아는 척
しない	하지 않다
方がいい	하는 게 좋다
직역
이런 건 아는 척하지 않는 게 좋지?
자연스러운 의미
이런 건 아는 척 안 하는 게 좋지?
당신 번역
이렇게 말하는 건 알고있는 것처럼 하지 않는게 좋겠지?

→ 의미는 맞지만 조금 길어졌습니다.

더 자연스러운 번역

이런 건 아는 척 안 하는 게 좋지?

💡 팁

일본어

知ったかぶり

는 정말 자주 쓰는 표현입니다.

의미

아는 척

예

知ったかぶりするな
아는 척 하지 마
3️⃣ 知らないことは知らないって言いなさいって研修の時言われたし

문장

知らないことは知らないって言いなさいって研修の時言われたし

이 문장은 길지만 구조는 단순합니다.

구조
知らないことは
知らないって
言いなさいって
研修の時
言われた
し
단어 의미
표현	의미
知らないこと	모르는 것
知らないって	모른다고
言いなさい	말해라
研修	연수 / 교육
言われた	들었다
직역
모르는 건 모른다고 말하라고
연수 때 들었고

여기서

し

는

~기도 하고

같은 느낌입니다.

자연스러운 의미
모르는 건 모른다고 말하라고
연수 때도 들었고

또는

연수 때도 모르는 건 모른다고 말하라고 했잖아
당신 번역
모르는건 모른다고 말하라고 연수때 말했으니까

→ 의미는 맞지만

말했으니까

보다

말했잖아

또는

말했기도 하고

가 더 자연스럽습니다.

4️⃣ 전체 문장 자연스러운 번역

전체를 자연스럽게 하면

BtoC는 알지?
이런 건 아는 척 안 하는 게 좋지.
모르는 건 모른다고 말하라고 연수 때도 들었고.

조금 더 자연스럽게 하면

BtoC는 알지?
이런 건 괜히 아는 척 안 하는 게 좋잖아.
모르는 건 모른다고 말하라고 연수 때도 들었고.
5️⃣ 이 대사의 말하는 느낌

이건 일본어에서 꽤 흔한 말투입니다.

구조

Aよね
Bよね
Cし

이건

설득 + 자기 합리화

같은 느낌입니다.

즉 화자의 마음은

나도 잘 모른다
하지만 아는 척은 안 하겠다

입니다.

6️⃣ 듣기 해석 정확도

지금 번역 정확도는 대략

85~90%

정도입니다.

특히 잘한 점

✔ 문장 구조 파악
✔ 知ったかぶり 의미 이해
✔ 研修 문맥 이해

이 방식이면 일본어 예능이나 유튜브 듣기 실력이 빠르게 늘 수 있습니다.

💡 팁 (유튜브 일본어 공부)

지금처럼

1️⃣ 듣기
2️⃣ 직접 해석
3️⃣ 구조 분석
4️⃣ 자연스러운 번역

이 순서가 가장 좋은 방법입니다.

마지막으로 하나 흥미로운 포인트

이 영상에서 나온 표현

知ったかぶり

는 일본 예능에서 정말 자주 나옵니다.

예

知ったかぶりすんな
아는 척 하지 마","[""日本語"",""分析"",""森香澄"",""youtube"",""あざとくて何が悪いの？"",""일본어"",""분석"",""모리카스미"",""유튜브""]",2026-03-03 23:45:39.057349+00,e1848554-ffae-479c-a8cd-4c0d77b7bed2,2026-03-19 15:55:50.007522+00,1,2,0,2026-03-19 15:55:50.007522+00,0,null,null,null,false,null,null,null,null,false,null,null,null,"{""tables"":{""1"":{""rows"":[],""columns"":[]}}}",null,[],null,null
600044e3-6171-4e65-97ec-159364220683,「いじましい」,"https://youtu.be/fzQEkYjQGr4?si=YDLKTWmkpamqZKV_

今、おおらかな後輩が多いからいじましい先輩に譲ってくれる

「いじましい」は、根性が汚い、けちくさい、せせこましい様子を指す言葉です (日本国語大辞典, 3)。また、そのような様子が哀れを誘う、みじめったらしいといったニュアンスも含まれる表現です 情報・知識＆オピニオン imidas コトバンク。 
詳細と特徴
意味: 意地汚い、けちくさい、せせこましい。
ニュアンス: みじめったらしい、哀れを催す。
状況: お金や物に対して非常に執着し、心が狭い様子。
類語: けちくさい、せせこましい、浅ましい、みじめったらしい。 
例文：いじましい根性、いじましい生活。

https://mazii.net/ko-KR/search/word/jako/%E3%81%84%E3%81%98%E3%81%BE%E3%81%97%E3%81%84

◆ 인색하다; 좀스럽다; 다랍다.

いじましくもうけようとする
좀스럽게 벌려고 하다.

◆ 도량이 좁다.","[""日本語"",""単語"",""youtube"",""森香澄"",""鈴木愛理""]",2026-03-03 23:54:39.612418+00,e1848554-ffae-479c-a8cd-4c0d77b7bed2,2026-03-19 15:55:50.007522+00,0,0,0,2026-03-19 15:55:50.007522+00,0,null,null,null,false,null,null,null,null,false,null,null,null,"{""tables"":{""1"":{""rows"":[],""columns"":[]}}}",null,[],null,null
12765913-0aa1-4124-8d70-aa1294f06ab0,「おおらか」,"「おおらか」とは、細かいことにこだわらず、心がゆったりとして落ち着いている様子を指します。度量が大きく、前向きで、周囲を和ませる温厚な性格や態度を表す形容動詞（な形容詞）です。英語では「easy-going」や「generous」と表現されます。 
「おおらか」の意味と特徴
ゆったりした心: 些細なことで慌てたり、怒ったりせず、細かいことは気にしない。
広い心: 他人や多様な意見を受け入れる寛大な心を持っている。
のんびりした様子: 動きや雰囲気が落ち着いている。 
類語・言い換え
性格: 寛大、寛容、闊達、のんびり、大様（おおよう）。
態度: 鷹揚（おうよう）、おっとり、温厚。 
例文
彼はとてもおおらかな性格で、誰とでも仲良くなれる。
おおらかな気候の地域で育った。
細かい数字は気にせず、おおらかに捉える。","[""日本語"",""単語"",""youtube"",""森香澄"",""鈴木愛理""]",2026-03-03 23:57:07.887651+00,e1848554-ffae-479c-a8cd-4c0d77b7bed2,2026-03-19 15:55:50.007522+00,0,0,0,2026-03-19 15:55:50.007522+00,0,null,null,null,false,null,null,null,null,false,null,null,null,"{""tables"":{""1"":{""rows"":[],""columns"":[]}}}",null,[],null,null
189c2d64-2646-4f1d-882b-c9de9c61d4a7,私の名前は田中亜希子。普段は家事代行サービス会社“スレーヌ”で清掃業務を担当している。,"Netflix映画侵入者たちの晩餐

私の名前は田中亜希子。普段は家事代行サービス会社“スレーヌ”で清掃業務を担当している。
내이름은 타나카아키코. 평소에는 가사대행서비스회사 세레인에서 청소업무를 담당하고있다.","[""netflix"",""映画"",""侵入者たちの晩餐"",""白石麻衣"",""日本語"",""分析""]",2026-03-04 15:58:46.689128+00,e1848554-ffae-479c-a8cd-4c0d77b7bed2,2026-03-19 15:55:50.007522+00,0,2,0,2026-03-19 15:55:50.007522+00,0,null,null,null,false,null,null,null,null,false,null,null,null,"{""tables"":{""1"":{""rows"":[],""columns"":[]}}}",null,[],null,null
fc02182b-19c4-4b05-b81e-5f2a920be959,蛇口などの光る部分はきれいになったことが分かりやすいので特に念入りにやる。,"Netflix映画侵入者たちの晩餐

ちなみにお風呂場やトイレはどこのお宅もやる作業が決まっているので比較的に楽。
참고로 욕실과 화장실은 어느집이든 할일이 정해져있기때문에 비교적 편하다

蛇口などの光る部分はきれいになったことが分かりやすいので特に念入りにやる。
수도꼭지처럼 반짝이는부분은 청소한티가 확실히 나기 때문에 특별히 신경을쓴다","[""netflix"",""映画"",""侵入者たちの晩餐"",""日本語"",""分析""]",2026-03-04 16:08:28.01608+00,e1848554-ffae-479c-a8cd-4c0d77b7bed2,2026-03-19 15:55:50.007522+00,0,0,0,2026-03-19 15:55:50.007522+00,0,null,null,null,false,null,null,null,null,false,null,null,null,"{""tables"":{""1"":{""rows"":[],""columns"":[]}}}",null,[],null,null
6ade17fd-107d-48c9-9d33-aa9cc138b736,「ものものしい（物々しい）」,"Netflix映画侵入者たちの晩餐

何やらものものしい雰囲気に

「ものものしい（物々しい）」とは、周囲の雰囲気が非常に重々しく、厳重で威圧感がある様子、または大げさで仰々しい様子を指す言葉です。警備が過剰な時や、準備が誇大である状況などで使われ、やや否定的なニュアンスを含むこともあります。 
意味とニュアンス
厳重・威圧的：警備や準備が非常にしっかりしている、または重苦しい雰囲気。
大げさ・仰々しい：必要以上に大げさである様子。
立派・堂々としている：古風な表現や、格式高い様子。 
例文
海外の要人が来日し、周辺はものものしい警備態勢が敷かれた。
たったこれだけの報告に、わざわざものものしい会議を開く必要はない。
会場は、厳かな雰囲気というよりは、どこかものものしい空気に包まれていた。 
類語・言い換え
仰々しい（ぎょうぎょうしい）：大げさで威張った様子。
いかめしい：重々しく厳格な様子。
厳重（げんじゅう）：しっかりと守られている様子。
大袈裟（おおげさ）：実際より誇張する様子。 
「ものものしい」は、単に「すごい」や「盛ん」というより、「必要以上に」または「異様なほど」重々しい・大きいという意味合いが強い言葉です。

https://mazii.net/en-US/search/word/jako/%E3%82%82%E3%81%AE%E3%82%82%E3%81%AE%E3%81%97%E3%81%84

◆ 위엄이 있다; 어마어마하다; 장엄하다; 삼엄하다.

物々しい警戒態勢
삼엄한 경계 태세

物々しい雰囲気が漂う
삼엄한 분위기가 감돈다","[""日本語"",""単語"",""netflix"",""映画"",""侵入者たちの晩餐"",""白石麻衣""]",2026-03-05 06:05:33.704152+00,e1848554-ffae-479c-a8cd-4c0d77b7bed2,2026-03-19 15:55:50.007522+00,0,0,0,2026-03-19 15:55:50.007522+00,0,null,null,null,false,null,null,null,null,false,null,null,null,"{""tables"":{""1"":{""rows"":[],""columns"":[]}}}",null,[],null,null
7e103403-f6da-4900-a1b9-fbd5f5efe28f,「立ち入る」,"Netflix映画侵入者たちの晩餐

恐らく現場検証で警察が部屋に立ち入る
경찰이 집에 난입해 현장검증을 할것이다
(무섭게 현장검증을위해 경찰이 집에 들어온다)

「立ち入る」は、建物や区域へ中に入り込むこと、または他人の領域や私生活、問題などに深く干渉・介入することを指す言葉です。物理的な侵入（「立ち入り禁止」）や、プライバシーへの干渉（「個人的な話に立ち入る」）といった文脈で使われます。 
主な意味と用法
場所への侵入: 中に入り込む、立ち入る（例：立ち入り禁止区域）。
干渉・介入: 他人の私事に口を挟む、余計な世話を焼く（例：他人の家庭に立ち入る）。
詳細な調査: 深く入り込んで調べたり、細部にわたって議論したりすること（例：立ち入った話）。 
類語・関連語
入り込む、侵入する、介入する、干渉する、首を突っ込む。 

https://mazii.net/ko-KR/search/word/jako/%E7%AB%8B%E3%81%A1%E5%85%A5%E3%82%8B

◆ (안에) 들어가다; 출입하다.

芝生に立ち入る
잔디밭에 들어가다

迅速に事故現場に立ち入る
신속히 사고 현장에 들어가다

規制区域内に無断で立ち入った
규제 구역 내에 무단으로 출입했다

◆ 끼어들다; 간섭하다; 관여하다.

立ち入った振る舞い
주제넘은 행동

事件に立ち入る
사건에 관여하다

私生活に立ち入る
사생활에 개입하다

◆ 사사로운 일에 깊이 파고들다.

立ち入った話
깊이 파고든 개인적 이야기

少し立ち入った事を聞くようですが
좀 사사로운 일을 캐묻는 것 같습니다만","[""netflix"",""映画"",""侵入者たちの晩餐"",""日本語"",""単語"",""白石麻衣""]",2026-03-05 06:22:18.294712+00,e1848554-ffae-479c-a8cd-4c0d77b7bed2,2026-03-19 15:55:50.007522+00,3,2,0,2026-03-19 15:55:50.007522+00,0,null,null,null,false,null,null,null,null,false,null,null,null,"{""tables"":{""1"":{""rows"":[],""columns"":[]}}}",null,[],null,null
605ae50a-cecd-48dc-813e-d8865a30de61,drop error,"Error: Failed to run sql query: ERROR: 2BP01: cannot drop column delete_reason of table shiori_items because other objects depend on it DETAIL: view shiori_trash_user_v depends on column delete_reason of table shiori_items view shiori_trash_admin_v depends on column delete_reason of table shiori_items HINT: Use DROP ... CASCADE to drop the dependent objects too.

지금 에러 뜻은 딱 이거야:

shiori_items.delete_reason 컬럼을 뷰들이 참조 중

shiori_trash_user_v

shiori_trash_admin_v

그래서 컬럼을 drop 못 한다는 것

즉 “뷰부터 고치고(또는 갈아끼우고) → 그 다음 컬럼 drop” 순서로 가야 해.
CASCADE로 한방에 지워도 되긴 하는데, 그럼 뷰가 같이 날아가서 위험.

안전한 정리 순서 (추천)
0) 값 이관(이미 했으면 스킵)
update public.shiori_items
set deleted_reason = coalesce(deleted_reason, delete_reason)
where delete_reason is not null;
1) 의존하는 뷰들을 먼저 “delete_reason → deleted_reason”로 교체

여기서 핵심은 DROP VIEW + CREATE VIEW 또는 CREATE OR REPLACE VIEW야.

먼저 뷰 정의를 확인해:

select pg_get_viewdef('public.shiori_trash_user_v'::regclass, true) as user_v;

select pg_get_viewdef('public.shiori_trash_admin_v'::regclass, true) as admin_v;

그 결과에서 delete_reason을 deleted_reason으로 바꾼 뒤, 그대로 create or replace view로 다시 만들어.

예시(너의 실제 select 컬럼/where에 맞춰서 수정해야 함):

create or replace view public.shiori_trash_user_v as
select
  id,
  user_id,
  title,
  content,
  tags,
  created_at,
  deleted_at,
  deleted_reason -- ✅ 여기로 통일
from public.shiori_items
where is_deleted = true
  and hard_deleted_at is null; -- (있다면)
create or replace view public.shiori_trash_admin_v as
select
  id,
  user_id,
  title,
  content,
  tags,
  created_at,
  deleted_at,
  deleted_reason, -- ✅ 여기로 통일
  deleted_by
from public.shiori_items
where is_deleted = true;

포인트: select 목록과 where 조건은 네가 쓰는 뷰 정의 그대로 유지하고, 컬럼명만 바꾸면 됨.

2) 이제 컬럼 drop
alter table public.shiori_items
drop column delete_reason;
“CASCADE 써도 되나?”

가능은 해:

alter table public.shiori_items
drop column delete_reason cascade;

근데 이건 저 뷰 2개를 포함해서 연쇄적으로 의존 오브젝트가 같이 삭제될 수 있어서,
실수하면 “어? 뷰가 사라졌네?”가 되기 쉬움.
그래서 위처럼 뷰를 먼저 고쳐서 의존성을 끊고 drop이 안전해.

빠르게 끝내는 현실적인 방법 (내 추천)

pg_get_viewdef로 두 뷰 정의 뽑기

거기서 delete_reason만 deleted_reason으로 바꿔서 create or replace view

drop column delete_reason","[""react"",""typescript"",""supabase"",""error""]",2026-03-05 19:27:40.504467+00,e1848554-ffae-479c-a8cd-4c0d77b7bed2,2026-03-19 15:55:50.007522+00,0,1,0,2026-03-19 15:55:50.007522+00,0,null,null,null,false,null,null,null,null,false,null,null,null,"{""tables"":{""1"":{""rows"":[],""columns"":[]}}}",null,[],null,null
1a4d1b6e-4415-472a-b941-c418ef87244b,supabase cannot changed column,"Error: Failed to run sql query: ERROR: 2BP01: cannot drop column delete_reason of table shiori_items because other objects depend on it DETAIL: view shiori_trash_user_v depends on column delete_reason of table shiori_items view shiori_trash_admin_v depends on column delete_reason of table shiori_items HINT: Use DROP ... CASCADE to drop the dependent objects too.

맞아. Postgres는 CREATE OR REPLACE VIEW로 기존 뷰의 “컬럼 이름” 자체를 바꾸는 건 금지야. (정의 교체 과정에서 컬럼명이 달라지면 42P16 터짐)

해결은 2단계로 가면 깔끔해:

ALTER VIEW로 뷰 컬럼명 먼저 rename

그다음에 CREATE OR REPLACE VIEW로 정의를 deleted_reason 기준으로 교체

1) 뷰 컬럼명 먼저 바꾸기 (필수)
alter view public.shiori_trash_user_v
  rename column delete_reason to deleted_reason;

alter view public.shiori_trash_admin_v
  rename column delete_reason to deleted_reason;
2) 이제 뷰 정의를 교체 (이제는 에러 안 나야 정상)
create or replace view public.shiori_trash_user_v as
select
  id,
  user_id,
  title,
  created_at,
  source_date,
  tags,
  deleted_at,
  deleted_by,
  deleted_scope,
  deleted_reason,
  delete_note,
  view_count,
  comment_count
from public.shiori_items i
where deleted_scope = 'user'::text;
create or replace view public.shiori_trash_admin_v as
select
  id,
  user_id,
  title,
  created_at,
  source_date,
  tags,
  deleted_at,
  deleted_by,
  deleted_scope,
  deleted_reason,
  delete_note,
  view_count,
  comment_count,
  is_hidden,
  duplicate_of
from public.shiori_items i
where deleted_scope = 'admin'::text;
3) (선택) 데이터 이관 후 컬럼 드랍
update public.shiori_items
set deleted_reason = coalesce(deleted_reason, delete_reason)
where delete_reason is not null;
alter table public.shiori_items
drop column delete_reason;","[""react"",""typescript"",""supabase"",""error""]",2026-03-05 19:46:17.054826+00,e1848554-ffae-479c-a8cd-4c0d77b7bed2,2026-03-19 15:55:50.007522+00,0,2,0,2026-03-19 15:55:50.007522+00,0,null,null,null,false,null,null,null,null,false,null,null,null,"{""tables"":{""1"":{""rows"":[],""columns"":[]}}}",null,[],null,null
ecfad6c4-755a-4f0f-80cf-d6d8d7dea1e2,「かなり」,"「かなり」は、数量、程度、規模が予想や平均を大きく上回っている様子を表す言葉です。「とても」よりは客観的で、感心した時や驚いた時に使われます。主に「かなり高い」「かなり難しい」のように使われ、期待や基準以上であるというニュアンスを含みます。 

主な特徴・用法:
程度・数量: 「かなり暑い」「かなり混んでいる」のように、無視できないほど大きい程度を表す。
意外性: 予想していたよりも「すごい」と感じた時に使われる。
注意点: 主観的な判断を含むため、目上の人に対しては「かなりいい（＝最高ではないが良い）」と上から目線に響く場合があり、注意が必要。 

類語・関連表現:
結構、かなり、だいぶ、ずいぶん: 程度を表す似た言葉。
それなり: 予想通り、といったニュアンス。
かなりの（連体詞）: 「かなりの時間」のように名詞を修飾する形。","[""日本語"",""単語"",""風吹ケイ"",""youtube""]",2026-03-06 00:04:58.096215+00,e1848554-ffae-479c-a8cd-4c0d77b7bed2,2026-03-19 15:55:50.007522+00,0,0,0,2026-03-19 15:55:50.007522+00,0,null,null,null,false,null,null,null,null,false,null,null,null,"{""tables"":{""1"":{""rows"":[],""columns"":[]}}}",null,[],null,null
1316b3e7-97b9-4834-82d0-01847e8af41a,「かなり」,"「かなり」は、数量、程度、規模が予想や平均を大きく上回っている様子を表す言葉です。「とても」よりは客観的で、感心した時や驚いた時に使われます。主に「かなり高い」「かなり難しい」のように使われ、期待や基準以上であるというニュアンスを含みます。 

主な特徴・用法:
程度・数量: 「かなり暑い」「かなり混んでいる」のように、無視できないほど大きい程度を表す。
意外性: 予想していたよりも「すごい」と感じた時に使われる。
注意点: 主観的な判断を含むため、目上の人に対しては「かなりいい（＝最高ではないが良い）」と上から目線に響く場合があり、注意が必要。 

類語・関連表現:
結構、かなり、だいぶ、ずいぶん: 程度を表す似た言葉。
それなり: 予想通り、といったニュアンス。
かなりの（連体詞）: 「かなりの時間」のように名詞を修飾する形。

https://www.kpedia.jp/w/952

「かなり」の韓国語「꽤」を使った例文

・어려운 과제를 꽤 해결했습니다.
難しい問題をかなり解決しました。

・꽤 지친 모양입니다.
かなり疲れたようです。

・판매 촉진 계획을 고안하고 공표하는 것은 꽤 쉬웠다.
販売促進計画を考案し、公表する事はかなり容易だった。

・나의 가족과 나는 꽤 오랫동안 캐나다에서 살았었다.
私の家族と私はかなり長い間、カナダに住んでいました。

・이 소설은 꽤 재미있다.
この小説はわりにおもしろい。

・우리 꽤 친해.
うちらかなり仲いいよ。","[""日本語"",""単語"",""風吹ケイ"",""youtube""]",2026-03-06 00:06:32.992913+00,e1848554-ffae-479c-a8cd-4c0d77b7bed2,2026-03-19 15:55:50.007522+00,0,1,0,2026-03-19 15:55:50.007522+00,0,null,null,null,false,null,null,null,null,false,null,null,null,"{""tables"":{""1"":{""rows"":[],""columns"":[]}}}",null,[],null,null
0b541c27-db79-4423-99a2-9a21e0857c4c,"DrivePage.tsx:125   GET https://firebasestorage.googleapis.com/v0/b/upload-9b32a.appspot.com/o/uplo…databases-default-data-2F00-2F019cisWi7ZsQBXmeGoFp-2025-12-10-18_07_18.png 402 (Payment Required)  installHook.js:1 [uploadSingleFile] final step failed FirebaseError: Firebase Storage: Quota for bucket 'upload-9b32a.appspot.com' exceeded, please view quota on https://firebase.google.com/pricing/. (storage/quota-exceeded) installHook.js:1 [handleUpload] failed file = screencapture-console-firebase-google-project-upload-9b32a-firestore-databases-default-data-2F00-2F019cisWi7ZsQBXmeGoFp-2025-12-10-18_07_18.png FirebaseError: Firebase Storage: Quota for bucket 'upload-9b32a.appspot.com' exceeded, please view quota on https://firebase.google.com/pricing/. (storage/quota-exceeded)","DrivePage.tsx:125 
 GET https://firebasestorage.googleapis.com/v0/b/upload-9b32a.appspot.com/o/uplo…databases-default-data-2F00-2F019cisWi7ZsQBXmeGoFp-2025-12-10-18_07_18.png 402 (Payment Required)

installHook.js:1 [uploadSingleFile] final step failed FirebaseError: Firebase Storage: Quota for bucket 'upload-9b32a.appspot.com' exceeded, please view quota on https://firebase.google.com/pricing/. (storage/quota-exceeded)
installHook.js:1 [handleUpload] failed file = screencapture-console-firebase-google-project-upload-9b32a-firestore-databases-default-data-2F00-2F019cisWi7ZsQBXmeGoFp-2025-12-10-18_07_18.png FirebaseError: Firebase Storage: Quota for bucket 'upload-9b32a.appspot.com' exceeded, please view quota on https://firebase.google.com/pricing/. (storage/quota-exceeded)

이건 중복파일 문제가 아니라 Firebase Storage 쿼터 문제야.

에러를 그대로 풀면:

402 Payment Required

storage/quota-exceeded

Quota for bucket ... exceeded

즉 버킷 용량/사용량/과금 한도 쪽에 걸려서 업로드가 막힌 상태라는 뜻이야.

지금 의미

네 업로드 로직 자체가 완전히 틀린 건 아니야.
오히려 반대로:

업로드 요청은 정상적으로 감

Firebase까지 도달함

그런데 저장소 한도 때문에 일부 파일이 막힘

이거라서 로직은 대체로 맞고, 인프라 제한에 걸린 상태라고 보면 돼.

왜 어떤 건 되고 어떤 건 안 되냐

보통은 이런 경우가 많아.

이미 올라간 기존 파일은 정상

새 업로드 중 일부는 용량 때문에 실패

파일 크기나 남은 quota에 따라 어떤 건 되고 어떤 건 안 될 수 있음

즉 “업로드 로직이 랜덤하게 깨진다”기보다
남은 quota 범위 안이면 되고, 넘으면 안 되는 상태에 가까워.

지금 바로 해야 할 판단
1. 중복파일 제거로 바로 가는 건 잠깐 보류

지금은 중복 제거 로직보다 quota 문제를 먼저 정리하는 게 맞아.

이유는:

중복 제거를 만들어도

실제 업로드가 quota 때문에 막히면

새 파일 저장 자체가 안 될 수 있음

즉 지금은 기능 문제보다 저장소 상태 문제가 우선이야.

제일 먼저 해야 할 것
A. Firebase Storage 사용량 확인

Firebase 콘솔에서:

Storage

Usage 또는 quota

현재 버킷 용량 / 다운로드 / 업로드 한도

이걸 먼저 확인해야 해.

B. 필요 없는 기존 파일 정리

지금 실험용 프로젝트라면

테스트 파일

중복 업로드 파일

필요 없는 대용량 파일

부터 정리하는 게 제일 빠를 수 있어.

C. 새 Firebase 프로젝트를 빨리 만드는 것도 방법

어차피 너는 나중에

기존 Firebase

새 Firebase

를 나눌 생각이 있었잖아.

그럼 지금 이 문제는 오히려
**“새 Firebase 프로젝트로 업로드 저장소를 분리할 타이밍”**일 수도 있어.

지금 failed가 나는 위치 해석

네 로그 기준으로는:

Firebase 업로드 단계에서 실패

그래서 그 뒤 단계인

Firestore 저장

MongoDB 메타 저장
도 진행 안 됐을 가능성이 큼

즉 지금 failed는 업로드 첫 단계에서 막힌 것이야.

그래서 중복파일 제거 로직을 붙이기 전에,
먼저 업로드 가능한 버킷 상태를 만들어야 해.

그럼 업로드가 아예 안 되는 건 아니냐

로그상으론 쿼터를 넘는 파일은 안 된다고 보는 게 맞아.

즉:

서버/API 문제 아님

MongoDB 문제 아님

프론트 로직 문제 아님

Firebase Storage 자체가 막고 있음","[""react"",""typescript"",""firebase"",""quota"",""error""]",2026-03-08 16:42:35.549142+00,e1848554-ffae-479c-a8cd-4c0d77b7bed2,2026-03-19 15:55:50.007522+00,0,2,0,2026-03-19 15:55:50.007522+00,0,2026-03-08 20:38:40.162+00,e1848554-ffae-479c-a8cd-4c0d77b7bed2,null,true,null,null,null,null,false,null,null,null,"{""tables"":{""1"":{""rows"":[],""columns"":[]}}}",null,[],null,null
7698cb19-14d1-410e-9d58-89405fe11b53,server ts type error,"1️⃣ 타입 에러 원인

지금 코드:

const uri = process.env.MONGODB_URI;
client = new MongoClient(uri);

문제:

process.env.MONGODB_URI

의 타입은 항상

string | undefined

이다.

왜냐하면 TypeScript는 env가 있는지 확신할 수 없기 때문.

그래서 여기서 에러 발생:

Argument of type 'string | undefined'
is not assignable to parameter of type 'string'
2️⃣ 가장 깔끔한 해결 방법

이 방식이 실무에서도 가장 많이 쓴다.

const uri = process.env.MONGODB_URI;

if (!uri) {
  throw new Error(""MONGODB_URI is not defined"");
}

client = new MongoClient(uri);

이렇게 하면 TypeScript가 이해한다.

왜냐하면

if (!uri) throw

이후에는 uri가 string이라고 확정되기 때문.","[""react"",""typescript"",""mongodb""]",2026-03-08 23:05:22.666687+00,e1848554-ffae-479c-a8cd-4c0d77b7bed2,2026-03-19 15:55:50.007522+00,0,0,0,2026-03-19 15:55:50.007522+00,0,null,null,null,false,null,null,null,null,false,null,null,null,"{""tables"":{""1"":{""rows"":[],""columns"":[]}}}",null,[],null,null
41320ed4-3190-4e12-8ef8-c19bd24e9ddb,.env를 string으로 “강제”했다기보다 TypeScript에게 “여기서는 무조건 string이다”라고 확정시켜준 것 때문이야.,"핵심 이유는 .env를 string으로 “강제”했다기보다 TypeScript에게 “여기서는 무조건 string이다”라고 확정시켜준 것 때문이야.

조금 정확히 설명해줄게.

1️⃣ 원래 process.env 타입

TypeScript에서 process.env는 항상 이렇게 정의돼 있어.

process.env.MONGODB_URI: string | undefined

왜냐면:

.env가 없을 수도 있고

변수도 없을 수도 있기 때문

그래서 TypeScript는 항상 undefined 가능성을 남겨둔다.

2️⃣ 그래서 이 코드가 에러났던 것
const uri = process.env.MONGODB_URI;
client = new MongoClient(uri);

MongoClient는

new MongoClient(uri: string)

만 허용한다.

하지만 uri는

string | undefined

이라서 에러가 난 거야.

3️⃣ requireEnv()가 해결한 이유

이 코드:

function requireEnv(name: string): string {
  const value = process.env[name];
  if (!value) {
    throw new Error(`${name} is not defined`);
  }
  return value;
}

이렇게 되면 TypeScript는 이렇게 판단한다.

if (!value) throw

즉

여기 이후로 value는 undefined가 아니다

그래서 반환 타입을 string으로 확정할 수 있다.

4️⃣ 그래서 이 코드가 안전해진 것
const uri = requireEnv(""MONGODB_URI"");

이제 TypeScript는

uri: string

이라고 확정한다.

그래서

new MongoClient(uri)

타입 에러가 사라진다.

5️⃣ 이 방식이 좋은 이유

이 방법은 단순히 타입만 속이는 게 아니라 런타임도 안전하게 만든다.

예를 들어 .env가 없으면 서버 시작할 때 바로 터진다.

Error: MONGODB_URI is not defined

그래서 production에서도 안전한 코드다.

6️⃣ 반대로 하면 위험한 방법

이렇게 쓰는 방법도 있다.

const uri = process.env.MONGODB_URI!;

!는 TypeScript에게 ""무조건 있음""이라고 속이는 것이다.

하지만 실제로 env 없으면 런타임에서 터진다.

그래서 실무에서는 보통

requireEnv()

패턴을 더 많이 쓴다.

✔ 결론

네가 한 이해는 맞아.

하지만 정확히 말하면:

.env를 string으로 만든 게 아니라
TypeScript에게 undefined가 절대 아니라고 확정시켜준 것이다.

그래서 타입 에러가 사라진 거야.","[""react"",""typescript"",""dotenv"",""error""]",2026-03-08 23:25:33.600443+00,e1848554-ffae-479c-a8cd-4c0d77b7bed2,2026-03-19 15:55:50.007522+00,0,1,0,2026-03-19 15:55:50.007522+00,0,null,null,null,false,null,null,null,null,false,null,null,null,"{""tables"":{""1"":{""rows"":[],""columns"":[]}}}",null,[],null,null
4a183426-2cbd-452d-ba4f-a09bcc645bdf,「親しい（したしい）」,"https://youtu.be/4ZSA-PD46Mg?si=0g_a32OhZJffH-rL

親しい友達

「親しい（したしい）」は、互いに心を開いて仲が良い、または血縁や関係性が密接であることを指す形容詞。友人と親密な関係にある時、親族との縁が深い時、またはモノに親しみや愛着がある場合に広く使われます。类語には「親密」「懇意」「気安い」などがあり、特に「親しい間柄」「親しい友」といった表現で用いられます。 
主な用法・例文
親しい人・友人: 「親しい友人との会話は心地よい」
親しい関係: 「あの二人とは昔から親しい間柄だ」
親しく接する: 「クラスメイトと親しくなる」
馴染み深い: 「耳に親しいメロディ」 
同義語・類語
心理的に近い: 親密、懇意、気安い、心安い、睦まじい
身近・血縁: 親しい（ちかしい）、身近い、身近 
英語表現
Close (friend/relative)
Intimate (仲が良い)
Familiar (なじみ深い)

https://mazii.net/ko-KR/search/word/jako/%E8%A6%AA%E3%81%97%E3%81%84

◆ 친하다; 사이가 좋다; 의좋다.

親しい友人
친한 친구

親しい間柄
친한 사이

親しく付き合う
친교를 나누다; 가깝게 교제하다

◆ (혈연이) 가깝다.

親しい縁者
가까운 일가

◆ (연용형(連用形)으로서 부사적으로) 직접.

◆ 친히; 몸소.

親しく手に取って御覧になる
친히 손에 들고 보시다

親しく見聞なさる
몸소[친히] 견문하시다

親しく言葉をおかけになる
친히 말을 거시다

◆ 눈앞에; 목전에.

親しくこの目で見た
직접 이 눈으로 보았다

親しくこれを見る
눈앞에서 이것을 보다

◆ 낯익다; 친숙하다; 생소하지 않다.

国民の耳目に親しい
국민의 이목에 친숙하다

子どもの頃から耳に親しいおとぎ話
어릴 때부터 귀에 익은 동화

◆ 친하다; 친밀하다.（ちかしい）

近しい間柄だ
친한 사이다.

https://www.kpedia.jp/w/7597

「親しい」の韓国語「친하다」を使った例文

・그들은 가족끼리도 친하게 지내는 사이다.
彼らは家族同士も親しくしている間柄だ。

・우리 별로 안 친해.
うちらそんないうほど仲良くない。

・그녀와 나는 매우 친한 친구입니다.
彼女と私はとても親しい友達です。

・친하게 지내.
仲良く過ごそう。

・친해지자.
仲良くなろう。

・친한 친구에게 오랜만에 전화했다.
親友に久しぶりに電話した。

・끼리끼리 놀다 보면 외부 사람과 친해지기 어렵다.
仲間内で遊んでばかりいると、外の人と仲良くなりにくい。

・친한 척 행세를 해서 더 불편했다.
親しいふりをされて、かえって不快だった。

・그녀는 낯선 사람과도 금방 친해지는 외향적인 편이다.
彼女は初対面の人ともすぐ仲良くなる社交的なタイプだ。

・친한 사이니까 메롱도 웃고 넘긴다.
仲がいいから、べーっとされても笑って流せる。

・이혼하기 전에 친한 친구에게 상담했어요.
離婚する前に、親しい友人に相談しました。

・음악 취향이 잘 맞아서 금방 친해졌다.
音楽の趣味が合ってすぐ仲良くなった。

・그는 구김살이 없는 성격이라 누구와도 금방 친해진다.
彼はのびのびとした性格で、誰とでもすぐに打ち解ける。

・동질성 덕분에 쉽게 친해졌다.
同質性のおかげですぐ親しくなった。

・동질감 덕분에 금방 친해졌다.
共通点のおかげですぐ仲良くなった。

・의붓어머니와 친해지고 싶다.
継母と仲良くなりたい。","[""日本語"",""単語"",""youtube"",""あざとくて何が悪いの？""]",2026-03-10 13:23:58.79745+00,e1848554-ffae-479c-a8cd-4c0d77b7bed2,2026-08-18 17:30:24.4088+00,0,2,0,2026-08-18 17:30:24.4088+00,0,null,null,null,false,null,null,null,null,false,null,null,null,"{""tables"":{""1"":{""rows"":[],""columns"":[]}}}",null,[],null,null
eff6b9b0-aff9-4308-bccb-80dc1b2e8eac,手首（てくび、손목、wrist）,"https://youtu.be/MQwldEc3njk?si=wde1X2irBuQn7IpE

手首（wrist）は、前腕の橈骨・尺骨と手根骨をつなぐ可動性の高い関節部分。デスクワーク、スマホ操作、スポーツ（テニスやゴルフ）での過度な使用や転倒による突き指、捻挫、腱鞘炎、TFCC損傷などが特有の症状として挙げられる。 synonymは「手関節（しゅかんせつ）」。 

手首に関する情報・使用例
構造: 8つの小さな手根骨、橈骨、尺骨、多くの靭帯・腱で構成される複雑な部位。
症状と使用例:
腱鞘炎: パソコンの長時間操作などで親指側や手首が痛む。
TFCC損傷: 物を握る時や、手首を小指側に曲げた時に痛む。
捻挫・骨折: 転倒して手をついた際に発生しやすい。
対策: ストレッチで筋肉をほぐす、サポーターで固定する、湿布やテーピングで炎症を抑える。 
白金高輪やまと整形外科
白金高輪やまと整形外科

シノニム（同義語・関連語）
手関節（しゅかんせつ）
手根（しゅこん）
Wrist（英語）","[""日本語"",""単語""]",2026-03-10 14:11:22.572747+00,e1848554-ffae-479c-a8cd-4c0d77b7bed2,2026-03-19 15:55:50.007522+00,0,0,0,2026-03-19 15:55:50.007522+00,0,null,null,null,false,null,null,null,null,false,null,null,null,"{""tables"":{""1"":{""rows"":[],""columns"":[]}}}",null,[],null,null
495b747e-800c-4078-801b-290929f9eb4b,人目（ひとめ）,"'人目'는 일본어로 ひとめ(히토메)라고 읽으며, '남의 시선' 또는 '눈총'을 의미합니다. 대중이나 타인의 주목을 받는 상황을 나타내며, 주로 부정적인 뉘앙스(시선을 피하다 등)로 많이 쓰입니다. 
주요 예문 및 표현
人目に触れる: 남의 눈에 띄다.
人目を避ける: 남의 눈을 피하다.
人目が気になる: 남의 시선이 신경 쓰이다.
人目を盗む: 남의 눈을 속이다(몰래). 
다른 의미
숫자 뒤에 붙어 '~번째 사람'을 뜻하기도 합니다 (예: 三人目 - 3번째 사람). 
이 단어는 JLPT N1 수준의 명사입니다. 

◆ 남의 눈.

人目を避ける
남의 눈을 피하다

人目を気にする
남이 볼까 신경을 쓰다

人目がうるさい
남의 눈이 성가시다[귀찮다]

◆ 사람의 왕래.","[""日本語"",""単語"",""いけちゃん"",""旅行""]",2026-03-11 12:58:38.641586+00,e1848554-ffae-479c-a8cd-4c0d77b7bed2,2026-03-19 15:55:50.007522+00,0,0,0,2026-03-19 15:55:50.007522+00,0,null,null,null,false,null,null,null,null,false,null,null,null,"{""tables"":{""1"":{""rows"":[],""columns"":[]}}}",null,[],null,null
6bfa31b5-6a66-49d1-a6aa-1b18ddf33b04,建て直し(),"Netflixアニメダンダダンタイトル

家を建て直したい
집을다시짓고싶어

建て直し（建て替え）は、既存の建物を解体して更地にし、基礎から新しい住宅を建築することです。リフォームとは異なり、自由な間取り設計や耐震性・断熱性の向上が可能ですが、解体費用や仮住まい費用がかかるため、一般的にリフォームより高額になり、費用は1,500万〜4,500万円程度が相場です。 

建て直しの主な特徴・ポイント
メリット: 最新の耐震基準や設備を導入でき、間取りを大幅に変更可能。建物の老朽化・劣化を抜本的に解決できる。
デメリット・費用: 解体費、建築費、仮住まい費（賃貸）、引越し代が必要。
注意点: 再建築不可物件は建て替えできない。30年以上が建て替えの目安。
流れ: 業者選定・プラン作成 → 解体・地盤調査 → 新築工事 → 完成・引渡し。 

建て直しの際は、予算と現在の建物の劣化状況を考慮し、リフォームとのメリット・デメリットを比較することが重要です。

https://mazii.net/ko-KR/search/word/jako/%E5%BB%BA%E3%81%A6%E7%9B%B4%E3%81%97

◆ (집 등을) 다시[고쳐] 짓는 것; 개축.

建て直し工事
개축 공사

◆ 재정비; 재건; 바로잡음.

組織の建て直し
조직의 재정비

https://www.kpedia.jp/w/print/10854

・40년 이상 된 이 아파트는 붕괴 위험이 있어 재건축에 들어갔다.
40年以上たったこのアパートは崩壊の危険があり、建て替えに入った。

・오래된 목조 건축은 재건축을 해야 한다.
古くなった木造建築は建て替えをしなければならない。","[""日本語"",""単語"",""netflix"",""アニメ"",""ダンダダン""]",2026-03-12 08:53:15.720968+00,e1848554-ffae-479c-a8cd-4c0d77b7bed2,2026-03-19 15:55:50.007522+00,0,2,0,2026-03-19 15:55:50.007522+00,0,2026-03-12 09:22:56.228+00,e1848554-ffae-479c-a8cd-4c0d77b7bed2,null,true,null,null,null,null,false,null,null,null,"{""tables"":{""1"":{""rows"":[],""columns"":[]}}}",null,[],null,null
e1c34d6c-6f2b-4cc5-9f38-7af08253dcd3,建て直し(たてなおし),"Netflixアニメダンダダンタイトル

家を建て直したい
집을다시짓고싶어

建て直し（建て替え）は、既存の建物を解体して更地にし、基礎から新しい住宅を建築することです。リフォームとは異なり、自由な間取り設計や耐震性・断熱性の向上が可能ですが、解体費用や仮住まい費用がかかるため、一般的にリフォームより高額になり、費用は1,500万〜4,500万円程度が相場です。 

建て直しの主な特徴・ポイント
メリット: 最新の耐震基準や設備を導入でき、間取りを大幅に変更可能。建物の老朽化・劣化を抜本的に解決できる。
デメリット・費用: 解体費、建築費、仮住まい費（賃貸）、引越し代が必要。
注意点: 再建築不可物件は建て替えできない。30年以上が建て替えの目安。
流れ: 業者選定・プラン作成 → 解体・地盤調査 → 新築工事 → 完成・引渡し。 

建て直しの際は、予算と現在の建物の劣化状況を考慮し、リフォームとのメリット・デメリットを比較することが重要です。

https://mazii.net/ko-KR/search/word/jako/%E5%BB%BA%E3%81%A6%E7%9B%B4%E3%81%97

◆ (집 등을) 다시[고쳐] 짓는 것; 개축.

建て直し工事
개축 공사

◆ 재정비; 재건; 바로잡음.

組織の建て直し
조직의 재정비

https://www.kpedia.jp/w/print/10854

・40년 이상 된 이 아파트는 붕괴 위험이 있어 재건축에 들어갔다.
40年以上たったこのアパートは崩壊の危険があり、建て替えに入った。

・오래된 목조 건축은 재건축을 해야 한다.
古くなった木造建築は建て替えをしなければならない。","[""日本語"",""単語"",""netflix"",""アニメ"",""ダンダダン""]",2026-03-12 08:53:30.040409+00,e1848554-ffae-479c-a8cd-4c0d77b7bed2,2026-03-19 15:55:50.007522+00,0,1,0,2026-03-19 15:55:50.007522+00,0,null,null,null,false,null,null,null,null,false,null,null,null,"{""tables"":{""1"":{""rows"":[],""columns"":[]}}}",null,[],null,null
605257cc-ab58-4f13-bc0f-6067d8d75901,うちVSいえ,1️⃣ いえ (家) – 물리적인 집 / 객관적인 집,[],2026-03-13 13:12:27.124921+00,e1848554-ffae-479c-a8cd-4c0d77b7bed2,2026-03-19 15:55:50.007522+00,0,0,0,2026-03-19 15:55:50.007522+00,0,null,null,null,false,null,null,null,null,false,null,null,null,"{""tables"":{""1"":{""rows"":[],""columns"":[]}}}",null,[],null,null
83d6336d-4165-490f-805c-3248ae09cc8b,うちVSいえ,"1️⃣ いえ (家) – 물리적인 집 / 객관적인 집

いえ는 기본적으로 건물로서의 집을 의미합니다.

특징

객관적, 중립적 표현

건물 / 거주지 자체

조금 더 공식적인 느낌

예문

いえを買いました
→ 집을 샀습니다 (건물)

いえに帰ります
→ 집에 갑니다

大きないえですね
→ 큰 집이네요

여기서 집 = 건물에 초점이 있습니다.

👉 그래서 house에 더 가까운 느낌입니다.

팁
일본어에서 건물 느낌이 강하면 いえ를 떠올리면 이해하기 쉽습니다.

2️⃣ うち (内) – 우리 집 / 우리 가족 / 내 영역

うち는 훨씬 감정적이고 내부적인 표현입니다.

특징

우리 집 / 우리 집 사람들

내 영역

캐주얼한 표현

예문

うちに来る？
→ 우리 집 올래?

うちは犬を飼っています
→ 우리 집은 개를 키워요

うちの母
→ 우리 엄마

여기서 집이라는 건물보다는 ""우리 집""이라는 공동체 느낌입니다.

👉 그래서 home 느낌에 더 가깝습니다.

팁
うち = 우리 집 / 우리 가족 / 우리 쪽
이렇게 이해하면 대부분 맞습니다.

3️⃣ 실제 일본인이 느끼는 차이
표현	느낌	영어 비슷한 느낌
いえ	집(건물)	house
うち	우리 집 / 우리 쪽	home

예문 비교

いえ

いえに帰る
→ 집(건물)으로 돌아간다

うち

うちに帰る
→ 우리 집으로 돌아간다

의미는 거의 같지만 うち가 훨씬 자연스럽고 따뜻한 느낌입니다.

팁
일본 일상 대화에서는 うち가 훨씬 많이 쓰입니다.

4️⃣ 중요한 포인트 (많은 한국인이 헷갈리는 부분)
うち = 집만 의미하지 않음

우리 쪽 / 우리 회사 / 우리 팀 의미도 있습니다.

예문

うちの会社
→ 우리 회사

うちの店
→ 우리 가게

うちは大丈夫です
→ 저희 쪽은 괜찮습니다

즉 うち = my side / our side

팁
うち는 집보다 “우리 쪽” 개념이라고 이해하면 훨씬 자연스럽습니다.

5️⃣ 일본인이 실제로 쓰는 비율

일상 대화에서는

うち → 매우 많이 사용

いえ → 설명할 때 / 글 / 약간 공식

예

友達 대화

❌ いえに来る？
⭕ うちに来る？

うち가 훨씬 자연스럽습니다.

6️⃣ 재미있는 일본어 포인트

일본어에서 うち = 내부 / 안쪽입니다.

그래서

うち → 내부 (우리)

そと → 외부 (남)

이 개념이 일본 문화에서 굉장히 중요합니다.

内 (うち) / 外 (そと)

이게 일본 사회관계의 핵심 개념입니다.

팁
일본어 문화 이해하려면
うち / そと 개념을 알면 엄청 도움이 됩니다.

✅ 정리

いえ → 집 (건물)

うち → 우리 집 / 우리 쪽 / home 느낌

일상 회화에서는 うち를 더 많이 사용

그래서 질문하신 것처럼

house vs home 차이라고 보면 되려나?

👉 대체로 맞는 비유입니다.

다만 うち = home + our side 느낌까지 포함됩니다.","[""日本語"",""単語"",""ニュアンス""]",2026-03-13 13:13:19.467665+00,e1848554-ffae-479c-a8cd-4c0d77b7bed2,2026-03-19 15:55:50.007522+00,0,1,0,2026-03-19 15:55:50.007522+00,0,null,null,null,false,null,null,null,null,false,null,null,null,"{""tables"":{""1"":{""rows"":[],""columns"":[]}}}",null,[],null,null
72f987e6-05f7-4d7b-9b34-46597d08a60a,わからへんー＞わかんない,"1️⃣ わからない (기본형)

먼저 기준이 되는 표현입니다.

わからない

의미
→ 모르겠다 / 이해 못 하겠다

특징

표준어

중립적인 표현

상황 제한 없음

예

친구

회사

일상

대부분 상황에서 사용할 수 있습니다.

팁
일본어에서는 기본형이 가장 안전한 표현입니다.

2️⃣ わかんない (구어체 축약)

이 표현은 이렇게 변합니다.

わからない
↓
わかんない

여기서 중요한 점은 두 가지입니다.

① 발음 축약
ら → ん

이건 일본어 구어에서 흔합니다.

② 캐주얼한 느낌

이 표현은 보통

친구

가족

편한 사이

에서 사용합니다.

그래서 뉘앙스는

좀 더 가벼움

입니다.

예

모르겠어

잘 모르겠네

같은 느낌입니다.

팁
일본어 회화에서는 ない → んない 축약이 꽤 흔합니다.

3️⃣ わからへん (간사이벤)

이 표현은 구조가 다릅니다.

간사이벤에서는

ない
↓
へん

으로 바뀝니다.

그래서

わからない
↓
わからへん

이 됩니다.

의미는 동일합니다.

→ 모르겠다

하지만 특징은

간사이 지역 말투

친근한 느낌

입니다.

4️⃣ 뉘앙스 비교

세 표현을 비교하면 이렇게 됩니다.

표현	특징
わからない	기본 / 중립
わかんない	캐주얼 / 축약
わからへん	간사이벤

예를 들어 느낌으로 보면

わからない
→ 모르겠습니다 / 모르겠어요
わかんない
→ 모르겠어
わからへん
→ 몰라 / 모르겠네 (간사이 느낌)
5️⃣ 일본어에서 이런 변화는 매우 흔함

일본어 회화에서는 이런 축약이 많이 나타납니다.

예

している → してる
食べている → 食べてる
わからない → わかんない

그래서 콘텐츠를 많이 보면 이런 형태가 계속 들립니다.

핵심 정리
표현	의미	특징
わからない	모르겠다	기본형
わかんない	모르겠어	캐주얼
わからへん	모르겠다	간사이벤

즉

わかんない는 단순 축약이지만 동시에 캐주얼한 뉘앙스가 있습니다.","[""日本語"",""単語"",""ニュアンス""]",2026-03-13 13:17:24.101787+00,e1848554-ffae-479c-a8cd-4c0d77b7bed2,2026-03-19 15:55:50.007522+00,0,0,0,2026-03-19 15:55:50.007522+00,0,null,null,null,false,null,null,null,null,false,null,null,null,"{""tables"":{""1"":{""rows"":[],""columns"":[]}}}",null,[],null,null
75fe8a17-920d-4b17-ada6-933f7e9029ec,일본에서 쓰기 좋은 완곡한 표현 (업무/개발자 기준),일본에서 쓰기 좋은 완곡한 표현 (업무/개발자 기준),[],2026-03-13 13:30:57.11492+00,e1848554-ffae-479c-a8cd-4c0d77b7bed2,2026-03-19 15:55:50.007522+00,0,0,0,2026-03-19 15:55:50.007522+00,0,null,null,null,false,null,null,null,null,false,null,null,null,"{""tables"":{""1"":{""rows"":[],""columns"":[]}}}",null,[],null,null
a0203ab2-e31c-4b87-96c6-d23c43a0d90a,일본에서 쓰기 좋은 완곡한 표현 (업무/개발자 기준),"일본에서 쓰기 좋은 완곡한 표현 (업무/개발자 기준)
1️⃣ 의견을 말할 때 (직설을 피하는 표현)
직설적인 표현	일본식 완곡 표현	의미
이건 틀렸습니다	少し気になる点があります	조금 신경 쓰이는 부분이 있습니다
이 방식은 안 됩니다	別の方法も考えられるかもしれません	다른 방법도 생각해볼 수 있을 것 같습니다
이해가 안 됩니다	私の理解が間違っていたら申し訳ないですが	제가 이해한 게 틀렸다면 죄송하지만

예문

少し気になる点があるのですが、
このロジックだとエラーが発生する可能性があるかもしれません。

(조금 신경 쓰이는 부분이 있는데, 이 로직에서는 에러가 발생할 가능성이 있을 것 같습니다.)

팁

일본에서는 **단정형(です)**보다
**추측형(かもしれません / と思います)**을 많이 사용합니다.

2️⃣ 상대 의견을 부정할 때
직설 표현	완곡 표현
그건 틀렸습니다	少し認識が違うかもしれません
동의하지 않습니다	別の見方もあると思います
이건 안 됩니다	難しいかもしれません

예문

その方法だと少し難しいかもしれません。

(그 방법은 조금 어려울 수도 있을 것 같습니다.)

팁

일본에서는 **직접적인 NO 대신 “어려울 것 같습니다(難しい)”**를 많이 사용합니다.

3️⃣ 부탁할 때
직설 표현	완곡 표현
확인해주세요	ご確認いただけますでしょうか
해주세요	お願いできますでしょうか
지금 가능합니까	お時間あるときにお願いできますか

예문

お時間あるときにご確認いただけますでしょうか。

(시간 있으실 때 확인 부탁드려도 될까요?)

팁

일본에서는 부탁할 때 **쿠션어(クッション言葉)**를 앞에 붙입니다.

대표적인 쿠션어

恐れ入りますが (죄송하지만)

お手数ですが (번거로우시겠지만)

可能であれば (가능하다면)

예

お手数ですが、ご確認いただけますでしょうか。
4️⃣ 일정 관련 표현
직설 표현	완곡 표현
오늘 못 합니다	本日中は難しいかもしれません
일정이 촉박합니다	少しスケジュールがタイトかもしれません
시간이 부족합니다	もう少し時間をいただけると助かります

예문

もう少し時間をいただけると助かります。

(조금 더 시간을 주시면 도움이 될 것 같습니다.)

팁

일본에서는 “~していただけると助かります” 표현을 매우 자주 사용합니다.
(해주시면 도움이 됩니다 → 매우 부드러운 요청)

5️⃣ 코드 리뷰에서 쓰는 표현
상황	일본 표현
이 부분 확인해주세요	この部分ご確認いただけますでしょうか
다른 방법 제안	別のアプローチも考えられるかもしれません
버그 가능성	この場合エラーになる可能性があるかもしれません

예문

この処理だと例外が発生する可能性があるかもしれません。

(이 처리에서는 예외가 발생할 가능성이 있을 것 같습니다.)

팁

일본 코드 리뷰에서는 **断定(확정 표현)**을 거의 사용하지 않습니다.

예

❌ バグです

⭕ バグの可能性があるかもしれません

⭐ 일본 회사에서 많이 쓰는 만능 완곡 표현

아래 표현은 일본 직장에서 정말 많이 사용됩니다.

표현	의미
少し気になる点があります	조금 신경 쓰이는 부분이 있습니다
〜かもしれません	~일 수도 있습니다
〜と思います	~라고 생각합니다
〜いただけると助かります	해주시면 도움이 됩니다
可能であれば	가능하다면

팁

일본어 완곡 표현의 핵심 공식

단정 → 추측
틀렸습니다 → 틀렸을 수도 있습니다

예

違います ❌

違うかもしれません ⭕

🚀 일본 개발자가 실제로 많이 쓰는 문장

실제 회사 Slack / PR / 이메일에서 많이 쓰는 표현입니다.

私の理解が間違っていたら申し訳ないですが、
この処理だとエラーになる可能性があるかもしれません。

(제가 이해한 게 틀렸다면 죄송하지만, 이 처리에서는 에러가 발생할 가능성이 있을 것 같습니다.)

可能であればこちらの方法も検討していただけると助かります。

(가능하다면 이 방법도 검토해주시면 감사하겠습니다.)

お時間あるときにご確認いただけますでしょうか。

(시간 있으실 때 확인 부탁드립니다.)

팁

일본 비즈니스에서는 직접적인 비판 대신 ""제가 틀렸을 수도 있지만""을 앞에 붙이면 매우 부드러워집니다.

💡 일본에서 특히 중요한 표현

가장 일본다운 완곡 표현 3개

1️⃣ 少し気になる点があります
2️⃣ 私の理解が間違っていたら申し訳ないですが
3️⃣ 可能であれば

이 세 개만 알아도 일본 회사 커뮤니케이션 수준이 크게 올라갑니다.","[""日本語"",""文章"",""ニュアンス""]",2026-03-13 13:32:54.491573+00,e1848554-ffae-479c-a8cd-4c0d77b7bed2,2026-03-19 15:55:50.007522+00,0,1,0,2026-03-19 15:55:50.007522+00,0,null,null,null,false,null,null,null,null,false,null,null,null,"{""tables"":{""1"":{""rows"":[],""columns"":[]}}}",null,[],null,null
d70821d2-f5c3-47fb-b3be-9a1afddb3bb0,「去年」と「さくじつ（昨日）」,"「去年」と「さくじつ（昨日）」は、どちらも過去の時点を表す日本語ですが、指し示す期間が異なります。 
去年（きょねん）：今の年（今年）の前の年。英語の ""last year"" です。
昨日（さくじつ）：今日（きょう）の前の日。英語の ""yesterday"" です。 
それぞれ、より丁寧な表現や関連する言葉があります。
「去年」の別表現：昨年（さくねん）。
※「去年」は口語的・一般的で、「昨年」は書き言葉やビジネスシーンでよく使われます。
「昨日」の別表現：きのう。
その他の関連表現：
おととし（一昨年）：去年の前の年。
いっさくじつ（一昨日）：昨日の前の日（おととい）。 

混同しやすい注意点
「先日（せんじつ）」という言葉がありますが、これは「遠くない過去」を示す言葉であり、「昨日」や「一昨日」の直接的な言い換え（具体的な日付）としては使わないのが一般的です。","[""日本語"",""単語""]",2026-03-13 14:48:18.376905+00,e1848554-ffae-479c-a8cd-4c0d77b7bed2,2026-03-19 15:55:50.007522+00,0,0,0,2026-03-19 15:55:50.007522+00,0,null,null,null,false,null,null,null,null,false,null,null,null,"{""tables"":{""1"":{""rows"":[],""columns"":[]}}}",null,[],null,null
b051d94c-36b1-4c0d-89ff-21dc94966cf1,「きのう」と「さくじつ」,"「きのう」と「さくじつ」は、どちらも「昨日」という漢字を使い、1日前を指す言葉です。主な違いは使い方の丁寧さにあり、Weblio辞書では以下の通り定義されています。 
きのう (昨日): 日常会話やカジュアルな場面で広く使われる。
さくじつ (昨日): ビジネスや公の場など、改まった状況で使われる丁寧な表現 ビジネスゲーム研究所。
主な違い
フォーマルさ: 「さくじつ」の方が丁寧で、敬語に近い（改まり語）扱いとされる。
使用シーン: 「さくじつ」はビジネス文書や上司・顧客との会話向け、「きのう」は同僚や友人との会話向け。
響き: 「さくじつ」を使うことで、相手への特別感や敬意を示すことができる。 
例文
「昨日（きのう）、映画を見ました。」（日常会話）
「昨日（さくじつ）はご多忙の中、ありがとうございました。」（ビジネス）","[""日本語"",""単語""]",2026-03-13 14:54:58.629681+00,e1848554-ffae-479c-a8cd-4c0d77b7bed2,2026-03-19 15:55:50.007522+00,0,0,0,2026-03-19 15:55:50.007522+00,0,null,null,null,false,null,null,null,null,false,null,null,null,"{""tables"":{""1"":{""rows"":[],""columns"":[]}}}",null,[],null,null
0a8accb8-c562-448b-ac7a-b4ad78e547d1,「まとめ」,"Netflixドラマオクラ~迷宮入り事件捜査～

今日の捜査資料のまとめだ。
오늘 수사자료 정리한거야.

「まとめ」は、複数の情報や要素を整理・要約し、一つの結論や形に統合する行為です。ビジネスでは、意見の「集約」や「総括」、Web上の情報整理（旧NAVERまとめなど）、類語として「精査」「要約」などが挙げられます。

「まとめ」の主な意味と関連表現
整理・統合: ばらばらな要素をひとつにする行為。
要約: 要点を短くまとめること。
結論・終結: 物事に決まりをつけること。
類語: 精査、整理、集約、総括、要約。

ビジネス・日常シーンでの使い方
情報・データ: 情報を整理・分類してレポートにする。
意見・議論: 会議での意見を総括して決定する。
物品: 関連するものを一纏め（ひとまとめ）にする。 

「まとめ」の表現・類語
集約: 多くの情報やデータを1つにまとめること。
編纂（へんさん）: 大規模な情報や資料を体系的にまとめること。
総括: 全体を見渡して評価・結論付けること。","[""日本語"",""単語"",""netflix"",""ドラマ"",""オクラ~迷宮入り事件捜査～""]",2026-03-13 15:01:14.553738+00,e1848554-ffae-479c-a8cd-4c0d77b7bed2,2026-03-19 15:55:50.007522+00,0,1,0,2026-03-19 15:55:50.007522+00,0,null,null,null,false,null,null,null,null,false,null,null,null,"{""tables"":{""1"":{""rows"":[],""columns"":[]}}}",null,[],null,null
75107db7-c6a3-492e-8161-0bb65bca9855,うそなんでしょ？門真が言ってたことは全部デタラメなんでしょ？,"うそなんでしょ？
門真が言ってたことは全部デタラメなんでしょ？

넷플릭스 번역

거짓말이죠? 카도마가 헛소리한 거죠?

이 번역은 의미적으로 꽤 자연스러운 번역입니다.

이제 문장을 구조적으로 분석해 보겠습니다.

1️⃣ 첫 번째 문장 구조
うそなんでしょ？

문장 구조

うそ + なん + でしょ
요소	의미
うそ	거짓말
なん	명사 + 설명
でしょ	확인/추궁

자연스러운 의미

거짓말인 거죠?

하지만 실제 뉘앙스는

거짓말이죠, 그렇죠?

즉 확인 질문이면서 사실상 압박 질문입니다.

팁

일본어의 〜でしょ？ 는
단순 질문이 아니라 상대에게 인정하게 만드는 표현일 때가 많습니다.

2️⃣ 두 번째 문장 구조
門真が言ってたことは全部デタラメなんでしょ？

문장을 나누면 이렇게 됩니다.

門真が
言ってたことは
全部
デタラメ
なんでしょ
요소	의미
門真が	카도마가
言ってたこと	말했던 것
は	주제
全部	전부
デタラメ	엉터리 / 거짓
なんでしょ	그렇죠?

직역

카도마가 말했던 건 전부 엉터리인 거죠?

3️⃣ デタラメ의 실제 뉘앙스

이 단어는 꽤 중요한 단어입니다.

デタラメ

의미	설명
엉터리	사실과 맞지 않음
거짓말	일부러 속임
헛소리	말도 안 되는 주장

그래서 번역은 상황에 따라 달라집니다.

상황	번역
정보	엉터리
주장	헛소리
증언	거짓말

지금 장면은 범인 진술 관련 상황이라서

넷플릭스 번역

헛소리

이 번역이 꽤 자연스럽습니다.

팁

일본어 단어는 상황에 따라 번역이 바뀌는 경우가 많습니다.

4️⃣ 왜 두 번 질문하는가 (중요)

이 문장은 사실 논리 구조가 있습니다.

구조

① 거짓말이죠?
② 그럼 카도마가 말한 것도 전부 거짓이죠?

즉

1️⃣ 전체 상황 부정
2️⃣ 구체적 내용 부정

이건 추궁 패턴입니다.

경찰 드라마에서 자주 나옵니다.

예

嘘なんでしょ？
あの証言も全部デタラメなんでしょ？

팁

일본 드라마에서 같은 구조 질문 반복은
👉 상대를 몰아붙이는 화법입니다.

5️⃣ 문장 기록할 때 분석 포인트

이 문장은 단어보다 패턴이 중요합니다.

추천 기록 방식

표현
〜なんでしょ？

의미

그렇죠? / 맞죠?

사용 상황

상대를 추궁

사실 확인 압박

예문

うそなんでしょ？
それ全部デタラメなんでしょ？

팁

일본어는 단어보다
👉 문장 패턴을 기록하면 훨씬 많이 이해됩니다.

6️⃣ 사용자가 한 분석은 거의 맞습니다

사용자 해석

근거 없는 말

이 해석은 상당히 정확합니다.

デタラメ

핵심 의미

근거 없는 주장
사실과 맞지 않는 말

그래서

엉터리

헛소리

거짓말

로 번역됩니다.

7️⃣ 지금 공부 방식의 장점

사용자가 한 과정

문장 기록
↓
단어 기록
↓
번역 비교
↓
상황 분석

이 방식은 실제로 번역가들이 하는 분석 방식과 매우 비슷합니다.

특히 좋은 점

✔ 문장 단위 기록
✔ 번역 비교
✔ 상황 분석

이 세 가지입니다.

팁

드라마 일본어 공부에서는
👉 번역을 보는 것이 오히려 도움이 되는 경우도 많습니다.

왜냐하면 번역은 상황 해석의 결과이기 때문입니다.

8️⃣ 한 가지 더 흥미로운 포인트

이 문장에서 또 하나 중요한 요소가 있습니다.

言ってた

이건

言った (말했다)

가 아니라

言ってた (말하고 있었던 / 말하곤 했던)

입니다.

즉 뉘앙스는

카도마가 말하던 것

또는

카도마가 주장했던 것

입니다.

경찰 드라마에서는 이런 표현이 많습니다.

팁

일본어에서 〜てた는
👉 과거 상황을 회상할 때 자주 쓰입니다.

마지막으로

지금 질문에서 가장 중요한 부분은 이겁니다.

문장 단위로 분석할 게 있나?

결론:

있습니다.

특히

1️⃣ 〜なんでしょ 패턴
2️⃣ デタラメ 뉘앙스
3️⃣ 추궁 화법 구조

이 세 가지는 일본 드라마에서 매우 자주 나옵니다.

그래서 기록하는 것이 좋은 판단입니다.","[""日本語"",""文章"",""分析"",""ドラマ"",""オクラ～迷宮入り事件捜査""]",2026-03-13 15:19:45.795472+00,e1848554-ffae-479c-a8cd-4c0d77b7bed2,2026-03-19 15:55:50.007522+00,0,1,0,2026-03-19 15:55:50.007522+00,0,null,null,null,false,null,null,null,null,false,null,null,null,"{""tables"":{""1"":{""rows"":[],""columns"":[]}}}",null,[],null,null
f11a592f-ce09-4282-9220-ea2377ca7744,でたらめ（出鱈目）,"でたらめ（出鱈目）は、根拠がなくいい加減なこと、思いつくままの無責任な言動を指す言葉です。類語には「でまかせ」「適当」「めちゃくちゃ」「荒唐無稽」があり、主に「でたらめを言う」「でたらめな回答」のように使われます。江戸時代のサイコロ賭博が語源とされます。 
用法例
でたらめを言う：根拠のない嘘やいい加減な話を並べる。
でたらめな答え：正解や道理から外れた適当な回答。
でたらめに並べる：秩序なく無秩序に配置する。
でたらめな計画：計画性や論理がない無責任な内容。 
類語
でまかせ：その場しのぎのいい加減な発言。
出任せ：思いつきで無責任な言葉。
いい加減：いい加減な様子。
めちゃくちゃ：秩序がないこと。
荒唐無稽：現実味がないこと。
支離滅裂：一貫性がないこと。 
漢字の「鱈」は当て字であり、魚のタラとは直接の関係はありません。

https://mazii.net/ko-KR/search/word/jako/%E5%87%BA%E9%B1%88%E7%9B%AE

◆ 엉터리; 함부로[아무렇게나] 함; 되는대로임; 또, 그런 언행.

でたらめに書いた字
마구 쓴 글씨

仕事をでたらめにする
일을 엉터리로 하다

口任せにでたらめを言う
입에서 나오는 대로 아무렇게나 말하다.","[""日本語"",""単語"",""ドラマ"",""オクラ～迷宮入り事件捜査""]",2026-03-13 15:20:46.746668+00,e1848554-ffae-479c-a8cd-4c0d77b7bed2,2026-03-19 15:55:50.007522+00,0,2,0,2026-03-19 15:55:50.007522+00,0,null,null,null,false,null,null,null,null,false,null,null,null,"{""tables"":{""1"":{""rows"":[],""columns"":[]}}}",null,[],null,null
ef547a64-ddd8-4f0b-b288-e7b57204550e,段取り（だんどり）,"https://youtu.be/nZ2peBZi5Yg?si=EbnhFQaUG5Gr4N00

段取りがめっちゃよくて楽しいです

段取り（だんどり）とは、物事を進めるための手順、準備、手はずを整えること。仕事の成否の8割を決定づける重要なプロセス（「段取り八分」）であり、効率的なタスク実行、ミス削減、生産性向上に直結する。具体的には、目的の明確化、優先順位付け、余裕のあるスケジュール設計、必要資材の準備などを指す。 

段取りの基本要素と効果
「段取り八分、仕事二分」: 事前準備（段取り）がしっかりしていれば、作業自体（二分）はスムーズに進み、成功の8割は準備で決まるという意味。
目的: 作業の中断を防ぎ、円滑に進行させ、無駄な時間やミスの発生を減らす。
メリット: 納期遵守、コスト削減、品質向上、作業者の心理的安心感の向上。 
段取りを良くする5つのコツ
目標を明確にする: 何を、いつまでに、どのような品質で完成させるか決める。
作業の洗い出しと優先順位: タスクを細分化し、重要度・緊急度で順序をつける。
事前準備の徹底: 工具、材料、情報、資料を事前に手配・共有する。
余裕を持った計画: トラブルを想定し、バッファ（時間的余裕）を設ける。
改善の繰り返し: 作業後に「段取り」が最適だったか振り返り、次回の改善につなげる。 

職種・場面別の段取り
ビジネス・一般: 会議の事前資料共有、目的の明確化、参加者のアサイン、進行シミュレーション。
製造・工事現場: 原材料・工具の手配、機械の設定変更（段取り替え）、安全確保。
内段取り: 機械を停止した状態で行う作業（例：型替え）。
外段取り: 機械を稼働しながら並行してできる準備作業（例：工具の準備）。
改善のコツ: 外段取り化を促進し、内段取り時間を短縮する。 

段取り力が高い人は、常に先を見越して周囲と連携し、状況に応じて計画を柔軟に変更できる。","[""日本語"",""単語"",""youtube"",""岡田康太"",""岡田とデート""]",2026-03-15 12:54:04.552296+00,e1848554-ffae-479c-a8cd-4c0d77b7bed2,2026-03-19 15:55:50.007522+00,0,0,0,2026-03-19 15:55:50.007522+00,0,null,null,null,false,null,null,null,null,false,null,null,null,"{""tables"":{""1"":{""rows"":[],""columns"":[]}}}",null,[],null,null
35e3ac71-6bb3-4612-a402-1ef0ca335c11,「そもそも」,"「そもそも」は、物事の根幹や最初（発端）から話をする際に用いられ、「大体」「最初から」「元をただせば」という意味を持つ言葉です。文頭で話題を切り出す際や、否定的なニュアンスを含んで前言を修正・非難する際に使われます。 
主な特徴と使い方
根本から説明・指摘: 根本的、土台から話す場合（例：それはそもそも違っている）。
話題の切り出し・強調: 改めて話題を提示したり、前置きなしに要点から話したりする（例：そもそも、この計画は...）。
否定や叱責: 相手の間違いを指摘したり、怒りや不満を伝える（例：そもそもそんなことはできない）。 

「もともと（元々）」との違い
もともと: 状態が昔から続いている（例：ここは元々駐車場だった）。
そもそも: 根本的な前提が異なる（例：そもそもそんな提案は受け入れられない）。 
※「そもそも」は否定的な文脈で使われることが多く、争いのもとになりやすいため、使用には注意が必要です。","[""日本語"",""単語""]",2026-03-15 13:08:42.428785+00,e1848554-ffae-479c-a8cd-4c0d77b7bed2,2026-03-19 15:55:50.007522+00,0,0,0,2026-03-19 15:55:50.007522+00,0,null,null,null,false,null,null,null,null,false,null,null,null,"{""tables"":{""1"":{""rows"":[],""columns"":[]}}}",null,[],null,null
9e332e98-dcd4-4962-8b64-40cbe3994f49,「絞る（しぼる）」,"「絞る（しぼる）」は、主に3つの意味を持つ動詞です。1. 布などをねじって水分を出す、2. 候補や範囲を小さくまとめる（例：的を絞る）、3. 厳しく叱る・指導する（例：油を絞る）。また、カメラの「絞り」や流量を制限する「絞り弁」のように、物理的に通路を狭めて量を制限する際にも使われます。 
意味と使い方
水分を出す・ねじる: タオルを絞る、雑巾を絞る。
物理的な力で出す: 知恵を絞る、声を絞り出す（※液体を押し出す場合は「搾る」を使うことが多い）。
範囲・人数を制限する: 的を絞る、候補を3人に絞る、焦点を絞る。
厳しくする・叱る: 合宿で絞られる、油を絞る（こっぴどく叱る）。
量を減らす（光学・機械）: カメラのレンズを絞る、音量を絞る。 

「絞る」と「搾る」の使い分け
絞る: ねじる、または精神的な集中（知恵を絞る）。
搾る: 押しつぶして液体を出す、強引に取る（油を搾る、税金を搾り取る）。 
関連する画像

https://mazii.net/ko-KR/search/word/jako/%E7%B5%9E%E3%82%8B

◆ (끈 따위로) 단단히 졸라지다.（しまる）

首が絞って苦しい
목이 조여서 답답하다.","[""日本語"",""単語""]",2026-03-15 13:11:14.974292+00,e1848554-ffae-479c-a8cd-4c0d77b7bed2,2026-03-19 15:55:50.007522+00,0,3,0,2026-03-19 15:55:50.007522+00,0,null,null,null,false,null,null,null,null,false,null,null,null,"{""tables"":{""1"":{""rows"":[],""columns"":[]}}}",null,[],null,null
c6161fd9-a8fc-4920-a48c-3c38cd67db47,시오리 플랫폼 컨셉,1️⃣ 현재 컨셉을 정리하면,[],2026-03-15 16:19:46.390497+00,e1848554-ffae-479c-a8cd-4c0d77b7bed2,2026-03-19 15:55:50.007522+00,0,0,0,2026-03-19 15:55:50.007522+00,0,null,null,null,false,null,null,null,null,false,null,null,null,"{""tables"":{""1"":{""rows"":[],""columns"":[]}}}",null,[],null,null
34f54fe3-de2b-4f9e-ac65-ab2f697c6e33,시오리 플랫폼 컨셉,"1️⃣ 현재 컨셉을 정리하면

지금 설명한 내용을 구조로 정리하면 이렇게 됩니다.

사고 흐름 기록
+
학습 기록
+
콘텐츠 기반 학습

즉 플랫폼의 핵심은 지식 기록 + 사고 기록입니다.

구조를 조금 더 정리하면

콘텐츠
↓
생각
↓
질문
↓
기록
↓
토론

이 흐름입니다.

이건 단순 메모 서비스보다 학습 플랫폼에 가까운 구조입니다.

팁
서비스 컨셉을 설명할 때는
👉 “생각 기록 플랫폼” + “콘텐츠 기반 학습”을 같이 강조하면 좋습니다.

2️⃣ 사고 흐름 기록 플랫폼의 장점

일반 노트 서비스는 보통 이렇게 됩니다.

정보
↓
기록

하지만 말씀하신 방식은

정보
↓
생각
↓
질문
↓
분석
↓
기록

입니다.

그래서

요소	특징
학습	깊어짐
기억	오래 유지
토론	가능

이런 장점이 있습니다.

3️⃣ 콘텐츠 기반 학습의 강점

사용자가 말한 것처럼

콘텐츠 기반 공부 → 흥미 상승 → 기억 오래

이건 실제 학습 이론에서도 인정되는 방식입니다.

보통 학습 방식은 크게 두 가지입니다.

방식	특징
교과서형	체계적
콘텐츠형	흥미

콘텐츠 기반 학습은

흥미
↓
집중
↓
기억 강화

이 흐름이 생깁니다.

그래서

드라마

애니

예능

같은 콘텐츠로 공부하는 사람들이 많습니다.

팁
플랫폼 설명에서
👉 **“흥미 기반 학습”**을 강조하면 좋습니다.

4️⃣ 플랫폼 차별화 포인트

지금 아이디어를 보면 차별점이 꽤 명확합니다.

요소	기존 서비스	사용자 플랫폼
사전	단어 설명	콘텐츠 출처
노트	단순 기록	사고 흐름
학습	교재 중심	콘텐츠 중심

즉

Dictionary ❌
Note App ❌
Thinking + Learning Platform ⭕

이 방향입니다.

5️⃣ 사용자 증가 전략

초기 플랫폼에서는 보통 이런 순서로 성장합니다.

개인 사용
↓
콘텐츠 축적
↓
검색 유입
↓
커뮤니티

그래서 지금 단계에서는

기록

콘텐츠 축적

이 가장 중요합니다.

사용자가 나중에 들어왔을 때

콘텐츠 없음 → 떠남
콘텐츠 많음 → 탐색

이 차이가 생깁니다.

6️⃣ 플랫폼 메시지 정리

지금 아이디어를 한 문장으로 정리하면 이렇게 됩니다.

콘텐츠 기반으로 사고 흐름을 기록하고 학습을 깊게 만드는 플랫폼

또는

콘텐츠를 통해 배우고 생각을 기록하는 학습 플랫폼

이렇게 설명할 수 있습니다.

💡 팁

초기 서비스는

👉 “나에게 가장 유용한 도구”로 만드는 것이 중요합니다.

본인이 계속 사용하면 자연스럽게 콘텐츠가 쌓이고
그게 나중에 플랫폼 자산이 됩니다.

7️⃣ 지금 아이디어에서 가장 강한 부분

지금 설명을 보면 가장 강한 요소는 이것입니다.

콘텐츠
+
맥락
+
사고 기록

이 조합은 일반 학습 서비스에서는 잘 없습니다.

그래서 독특한 플랫폼 컨셉이 될 가능성이 있습니다.

하나 궁금한 점

지금 플랫폼 구조를 보면 언어 학습 콘텐츠가 꽤 중요한 역할을 할 것 같습니다.

그래서 궁금한 점이 하나 있습니다.

플랫폼 콘텐츠의 중심이

1️⃣ 언어 학습 (일본어·한국어)
2️⃣ 개발 공부 기록
3️⃣ 일반 사고 기록

이 세 가지 중에서 어느 쪽 비중이 가장 큰가요?

이걸 어떻게 설정하느냐에 따라 플랫폼 방향이 크게 달라질 수 있습니다.","[""사고흐름"",""공부"",""기록""]",2026-03-15 16:20:15.888269+00,e1848554-ffae-479c-a8cd-4c0d77b7bed2,2026-03-19 15:55:50.007522+00,0,1,0,2026-03-19 15:55:50.007522+00,0,null,null,null,false,null,null,null,null,false,null,null,null,"{""tables"":{""1"":{""rows"":[],""columns"":[]}}}",null,[],null,null
06625efe-33f2-4da1-8308-73a5a5eabb25,시오리컨셉2,"1️⃣ 플랫폼 기록 범위

지금 설명한 기록 범위를 정리하면 다음과 같습니다.

사고 기록
자산 기록
데이터 기록

즉 단순 글이 아니라 사용자의 활동 데이터 전체입니다.

기록 유형	예
사고 기록	글, 댓글, 토론
자산 기록	주식, 코인, 소비
데이터 기록	공부, 개발 기록

💡 팁
플랫폼 설명을 할 때는
👉 “Life Data Platform” 또는 “Personal Data Record Platform” 같은 표현이 잘 맞습니다.

2️⃣ 사고 기록 (Thinking Record)

이 부분은 지금 플랫폼의 핵심입니다.

예

글
댓글
대화

이 데이터를 통해

생각 변화

관심 분야

질문 패턴

같은 것을 분석할 수 있습니다.

예

사용자가 자주 질문하는 주제
3️⃣ 자산 기록 (Asset Record)

말씀하신 가계부 기능도 꽤 좋은 확장입니다.

예

자산	기록
주식	매수 가격
코인	현재 가격
부동산	평가 금액
자동차	자산

예

매수 가격
현재 가격
수익률

이런 계산은 플랫폼에서 자동으로 처리할 수 있습니다.

💡 팁
자산 데이터는 자동 연동보다 수동 입력이 훨씬 현실적입니다.

왜냐하면

API 제한

보안 문제

때문입니다.

4️⃣ 소비 기록

소비 기록도 좋은 데이터입니다.

예

기록	예
영수증	사진
금액	입력
분류	음식, 교통

예

영수증 사진
↓
AI OCR
↓
금액 추출

이런 기능도 나중에 가능합니다.

5️⃣ 데이터 기록

이 부분은 공부 기록입니다.

예

유형	예
언어	표현
개발	코드
공부	수업

예

오늘 공부한 내용

같은 것도 기록이 됩니다.

6️⃣ 플랫폼 구조

지금 설명한 구조를 정리하면 이렇게 됩니다.

사용자 활동
↓
데이터 기록
↓
AI 분석

예

글
댓글
대화
자산
소비

이 데이터가 모이면

사고 흐름 분석

이 가능합니다.

7️⃣ AI 연동 가능성

AI가 붙으면 이런 기능이 가능합니다.

기능	설명
요약	활동 요약
분석	관심 분야
추천	공부 주제
패턴	소비 분석

예

이번 달 소비 패턴

같은 것도 분석할 수 있습니다.

💡 팁
AI 기능은 데이터가 쌓인 후에 붙이는 것이 좋습니다.

초기에는 기록이 더 중요합니다.

8️⃣ 플랫폼 컨셉 정리

지금 아이디어를 보면 플랫폼 핵심은 다음입니다.

Record Everything
Analyze Everything

즉

영역	내용
사고	생각 기록
자산	돈 기록
데이터	활동 기록

이 세 가지입니다.

하나 중요한 설계 포인트

지금 플랫폼은 데이터 종류가 많기 때문에 데이터 구조가 매우 중요합니다.

예

Activity

라는 공통 데이터 구조를 만들고

type

으로 구분하는 방식이 좋습니다.

예

type	내용
post	글
comment	댓글
chat	대화
asset	자산
expense	소비

이렇게 하면 확장이 쉬워집니다.","[""사고흐름"",""기록"",""자산기록"",""데이터기록""]",2026-03-15 18:21:43.464231+00,e1848554-ffae-479c-a8cd-4c0d77b7bed2,2026-03-19 15:55:50.007522+00,0,1,0,2026-03-19 15:55:50.007522+00,0,null,null,null,false,null,null,null,null,false,null,null,null,"{""tables"":{""1"":{""rows"":[],""columns"":[]}}}",null,[],null,null
d52c30ec-c764-4cf1-a65f-4a7d63b5b554,한국인들이 많이 헷갈리는 짧고 단순한 일본어 문장,"1️⃣ 会いたい (보고 싶다)
일본어

会いたい

많은 한국인의 오해
보고 싶다 = 見たい
실제 의미
会いたい = 만나고 싶다
예문
早く会いたい
빨리 보고 싶어
왜 헷갈릴까

한국어 ""보다""는

눈으로 보다

사람을 만나다

둘 다 사용됩니다.

하지만 일본어는

의미	일본어
눈으로 보다	見る
사람을 만나다	会う

팁
일본어에서 보고 싶다 = 会いたい 입니다.

2️⃣ わかる？ (알겠어?)
일본어

わかる？

한국인의 흔한 번역
알아?
실제 자연스러운 의미
알겠어?
이해해?
예문
この気持ちわかる？
이 기분 이해해?
왜 헷갈릴까

한국어

알다

와 일본어

わかる

의 쓰임이 다릅니다.

팁
わかる는 지식보다 이해에 가까운 표현입니다.

3️⃣ どうしたの？ (왜 그래?)
일본어

どうしたの？

직역
무슨 일이야?
실제 사용
왜 그래?
무슨 일 있어?
예문
どうしたの？元気ないね
왜 그래? 기운 없어 보이네
왜 헷갈릴까

한국어

왜 그래?

는 이유를 묻는 느낌이 있지만

일본어

どうしたの

는 상태를 묻는 표현입니다.

팁
どうしたの = 상태 확인 질문

4️⃣ 大丈夫 (괜찮아)
일본어

大丈夫

한국인의 흔한 해석
괜찮아
실제 의미

상황에 따라

의미	상황
괜찮아	문제 없음
필요 없어	거절
걱정 마	위로
예문
手伝う？
大丈夫
도와줄까?
괜찮아

하지만 의미는

필요 없어

일 수도 있습니다.

팁
大丈夫는 상황 의존 표현입니다.

5️⃣ まだ (아직)
일본어

まだ

한국인의 오해
아직 = 아직

하지만 일본어는

まだ = 아직 / 아직도

두 의미가 있습니다.

예문
まだ食べてない
아직 안 먹었어
まだ食べてる
아직도 먹고 있어

팁
まだ는 지속 의미도 있습니다.

6️⃣ ちょっと (좀)
일본어

ちょっと

한국인의 오해
조금
실제 의미
의미	상황
조금	양
잠깐	시간
거절	완곡 표현
예문
それはちょっと…

직역

그건 조금…

실제 의미

그건 좀 어려워요

팁
ちょっと는 완곡한 거절로 많이 사용됩니다.

7️⃣ 行ってきます
일본어

行ってきます

직역
갔다 올게

하지만 실제 의미는

다녀올게
대화
A: 行ってきます
B: 行ってらっしゃい
A: 다녀올게
B: 잘 다녀와

팁
일본어는 정형화된 생활 표현이 많습니다.

정리

한국인이 자주 헷갈리는 일본어 문장은 보통 이런 특징이 있습니다.

특징	설명
같은 단어	의미 차이
직역 가능	실제 의미 다름
짧은 표현	맥락 중요

즉

단어 의미
≠
실제 사용 의미

입니다.

💡 플랫폼 콘텐츠 아이디어

지금 만들고 있는 플랫폼에 이런 콘텐츠가 꽤 잘 맞습니다.

예

日本人は簡単だけど韓国人が間違いやすい日本語

또는

韓国人がよく間違える日本語表現

이런 콘텐츠는 일본에서도 관심을 끌 수 있습니다.","[""일본어"",""문장"",""한국인"",""헷갈림""]",2026-03-15 19:05:11.252281+00,e1848554-ffae-479c-a8cd-4c0d77b7bed2,2026-03-19 15:55:50.007522+00,0,1,0,2026-03-19 15:55:50.007522+00,0,null,null,null,false,null,null,null,null,false,null,null,null,"{""tables"":{""1"":{""rows"":[],""columns"":[]}}}",null,[],null,null
5d768c3e-b6ea-4eb0-bac6-fdfc7cb50cb9,일본인이 헷갈리는 짧고 단순한 한국어 문장,"1️⃣ 괜찮아요
한국어

괜찮아요

일본인의 흔한 이해
大丈夫です
실제 상황별 의미
상황	의미
사과 받을 때	괜찮아요
권유 거절	괜찮아요 = 필요 없어요
위로	괜찮아요
예문
A: 더 드릴까요?
B: 괜찮아요

일본인은

問題ありません

으로 이해하지만 실제 의미는

大丈夫です (いりません)

일 수 있습니다.

팁
괜찮아요는 거절 의미로도 매우 많이 사용됩니다.

2️⃣ 밥 먹었어요?
한국어

밥 먹었어요?

일본인의 직역
ご飯食べましたか？
실제 의미

한국에서는 종종

안부 인사

입니다.

예
밥 먹었어요?

의 실제 의미

元気ですか？

같은 느낌일 때도 있습니다.

팁
한국 문화에서는 식사 질문이 인사처럼 쓰입니다.

3️⃣ 왜 그래요?
한국어

왜 그래요?

일본인의 해석
なんでそうなんですか？
실제 의미
どうしたんですか？

에 더 가깝습니다.

예문
왜 그래요? 어디 아파요?

일본인이 직역하면

なんで？

같이 들려서 공격적으로 느낄 수도 있습니다.

팁
한국어 ""왜 그래요""는 이유 질문보다 상태 질문입니다.

4️⃣ 조금만 기다려 주세요
한국어

조금만 기다려 주세요

일본인의 오해
少しだけ待ってください
실제 사용

한국에서는

잠깐 기다려 주세요

의 의미입니다.

예
조금만 기다려 주세요

일본어로 자연스럽게

少々お待ちください

입니다.

팁
한국어 ""조금""은 시간 표현으로도 자주 사용됩니다.

5️⃣ 잠깐만요
한국어

잠깐만요

일본인의 해석
ちょっとだけ
실제 의미
상황	의미
주의 끌기	잠깐요
기다림 요청	잠깐만요
생각	잠깐만요
예
잠깐만요

일본어

ちょっと待ってください

또는

すみません

처럼 사용됩니다.

팁
한국어는 주의를 끌 때도 “잠깐만요”를 사용합니다.

6️⃣ 지금 가요
한국어

지금 가요

일본인의 직역
今行きます
실제 의미

한국에서는

지금 출발한다

일 가능성이 많습니다.

예

지금 가요

실제 상황

まだ家にいる

팁
한국어 ""지금""은 즉시보다 곧의 의미로 자주 사용됩니다.

7️⃣ 알겠어요
한국어

알겠어요

일본인의 해석
わかりました
실제 의미

상황에 따라

의미	상황
이해	알겠어요
동의	알겠어요
마지못한 수락	알겠어요

예

알겠어요

톤에 따라

はいはい

처럼 들릴 수도 있습니다.

팁
한국어는 억양에 따라 의미가 크게 바뀝니다.

정리

일본인이 헷갈리는 한국어 표현 특징은 다음과 같습니다.

특징	설명
인사 표현	밥 먹었어요
맥락 의존	괜찮아요
시간 표현	지금 가요
상태 질문	왜 그래요

즉

직역
≠
실제 의미

입니다.

한일 오해가 생기는 이유

말씀하신 것처럼 이런 표현 차이가

오해
↓
감정 충돌

을 만들기도 합니다.

예

한국 표현	일본인 느낌
왜 그래요	공격
괜찮아요	문제 없음
지금 가요	이미 이동

이 차이가 갈등을 만들 수 있습니다.

💡 플랫폼 콘텐츠 아이디어

이런 콘텐츠는 일본 사용자에게 꽤 흥미롭습니다.

예

日本人が勘違いしやすい韓国語

또는

日本人がよく間違える韓国語

이런 콘텐츠는 검색 유입도 꽤 좋습니다.","[""한국어"",""문장"",""일본인"",""헷갈림""]",2026-03-15 19:10:19.098491+00,e1848554-ffae-479c-a8cd-4c0d77b7bed2,2026-03-19 15:55:50.007522+00,0,1,0,2026-03-19 15:55:50.007522+00,0,null,null,null,false,null,null,null,null,false,null,null,null,"{""tables"":{""1"":{""rows"":[],""columns"":[]}}}",null,[],null,null
4adfc199-429c-4e6e-b203-53ad81a24496,韓国人がよく間違える日本語,"① 韓国人がよく間違える日本語

（日本語 → 韓国語）

会いたい
日本語

会いたい

韓国人のよくある誤解
보고 싶다 = 見たい
本当の意味
会いたい = 만나고 싶다
例文
早く会いたい
빨리 보고 싶어
なぜ間違えるのか

韓国語では

보다

という言葉が

意味	用法
見る	눈으로 보다
会う	사람을 보다

両方の意味で使われます。

しかし日本語では

意味	日本語
見る	見る
会う	会う

別の動詞になります。

💡 ポイント

日本語の
会いたい = 보고 싶다

わかる？
日本語

わかる？

韓国人のよくある解釈
알아?
実際の意味
理解してる？
例文
この気持ちわかる？
이 기분 이해해?
なぜ間違えるのか

韓国語の

알다

は

知識

理解

両方に使えます。

しかし日本語の

わかる

は 理解する に近い意味です。

💡 ポイント

わかる = 이해하다","[""韓国人"",""間違い"",""にほんご""]",2026-03-15 19:13:16.096257+00,e1848554-ffae-479c-a8cd-4c0d77b7bed2,2026-03-19 15:55:50.007522+00,0,1,0,2026-03-19 15:55:50.007522+00,0,null,null,null,false,null,null,null,null,false,null,null,null,"{""tables"":{""1"":{""rows"":[],""columns"":[]}}}",null,[],null,null
e090ccc1-ee74-481a-b902-f719c2cdfe6e,日本人がよく間違える韓国語,"② 日本人がよく間違える韓国語

（韓国語 → 日本語）

괜찮아요
韓国語

괜찮아요

日本人のよくある理解
大丈夫です
実際の意味（状況による）
状況	意味
謝罪	大丈夫です
提案	結構です
心配	心配しないで
例文
A: 더 드릴까요?
B: 괜찮아요

日本語の自然な意味

もう大丈夫です

または

結構です

💡 ポイント

괜찮아요 は
断りの意味でもよく使われます。

밥 먹었어요？
韓国語

밥 먹었어요？

日本人の直訳
ご飯食べましたか？
実際の意味

韓国ではこの表現は時々

元気ですか？

のような 挨拶 として使われます。

例
밥 먹었어요?

意味

元気？

💡 ポイント

韓国文化では
食事の質問が挨拶になることがあります。","[""日本人"",""間違い"",""韓国語""]",2026-03-15 19:15:35.763915+00,e1848554-ffae-479c-a8cd-4c0d77b7bed2,2026-03-19 15:55:50.007522+00,0,0,0,2026-03-19 15:55:50.007522+00,0,null,null,null,false,null,null,null,null,false,null,null,null,"{""tables"":{""1"":{""rows"":[],""columns"":[]}}}",null,[],null,null
a3a2fe79-ee2c-4493-a553-3fa160826bd6,한일 서로 오해하기 쉬운 표현 20개,"1️⃣ 한일 서로 오해하기 쉬운 표현 20개
1. 금방 갈게

한국어: 금방 갈게
일본어 설명:
すぐ行くよ

하지만 한국에서는

금방 = 조금 후

일 수도 있습니다.

팁
日本語の「今行く」より少し曖昧です。

2. 잠깐만

한국어: 잠깐만

일본어 설명

ちょっと待って

하지만 상황에 따라

呼び止める

考える時間

둘 다 됩니다.

3. 나중에 보자

한국어: 나중에 보자

일본어 직역

また後で会おう

하지만 실제 의미

またね

일 수도 있습니다.

4. 그럴 수도 있지

일본어 설명

そういうこともあるよ

하지만 일본인이 들으면

冷たい

느낌일 수 있습니다.

5. 알겠어

일본어 설명

わかった

하지만 한국에서는

마지못한 동의

일 수도 있습니다.

6. 좀 그렇다

일본어 설명

ちょっと微妙

하지만 실제 의미

断り

일 수 있습니다.

7. 대충

일본어 설명

適当に

하지만 일본어

適当

은 부정적인 의미도 있습니다.

8. 됐어

일본어 설명

もういい

하지만 한국어

됐어

는

괜찮다

필요 없다

화남

모두 가능합니다.

9. 그냥

일본어 설명

ただ
なんとなく

한국어에서는 굉장히 자주 사용됩니다.

10. 그럼

일본어 설명

じゃあ

하지만 상황에 따라

결론

전환

둘 다 됩니다.

11. 진짜

일본어 설명

本当に
マジで

하지만 한국어에서는 거의 습관적 강조입니다.

12. 왜

한국어

왜?

일본인은 공격적으로 느낄 수 있습니다.

일본어

なんで

보다 강합니다.

13. 괜찮아요

일본어 설명

大丈夫

하지만

結構です

의 의미일 때도 많습니다.

14. 좀

한국어

좀

일본어

ちょっと

와 비슷하지만 훨씬 자주 사용됩니다.

15. 됐어요

일본어 설명

もう大丈夫

하지만

もういいです

일 수도 있습니다.

16. 그렇구나

일본어 설명

そうなんだ

하지만 한국에서는 공감 표현입니다.

17. 뭐

한국어

뭐

일본어

まあ

와 비슷합니다.

18. 그래

일본어

そう

톤에 따라 의미가 크게 달라집니다.

19. 그렇지

일본어

そうだよね
20. 뭐해

일본어

何してる

하지만 한국에서는 대화 시작 표현입니다.","[""한일관계"",""오해""]",2026-03-15 19:21:29.903049+00,e1848554-ffae-479c-a8cd-4c0d77b7bed2,2026-03-19 15:55:50.007522+00,0,1,0,2026-03-19 15:55:50.007522+00,0,null,null,null,false,null,null,null,null,false,null,null,null,"{""tables"":{""1"":{""rows"":[],""columns"":[]}}}",null,[],null,null
2f8233fa-d036-46b0-a1a6-7f438ae45132,오래 살아도 이해하기 어려운 표현,"2️⃣ 오래 살아도 이해하기 어려운 표현

이건 한국인과 일본인 모두 어려워합니다.

한국어
눈치

일본어 설명

空気を読む能力

하지만 완전히 같은 개념은 아닙니다.

정

일본어 설명

情

하지만 한국 문화의 정과 다릅니다.

한

일본어 설명

恨み + 悲しみ

하지만 정확히 번역되지 않습니다.

눈치 없다

일본어 설명

空気読めない
일본어
よろしくお願いします

한국어 번역

잘 부탁합니다

하지만 실제 의미는 훨씬 넓습니다.

お疲れ様

한국어 직역

수고했습니다

하지만 일본에서는

인사

감사

퇴근 인사

모두 가능합니다.

しょうがない

한국어

어쩔 수 없다

하지만 일본 문화에서는 체념 의미가 강합니다.","[""한일관계"",""표현""]",2026-03-15 19:23:20.714977+00,e1848554-ffae-479c-a8cd-4c0d77b7bed2,2026-03-19 15:55:50.007522+00,0,0,0,2026-03-19 15:55:50.007522+00,0,null,null,null,false,null,null,null,null,false,null,null,null,"{""tables"":{""1"":{""rows"":[],""columns"":[]}}}",null,[],null,null
a06ca9bd-a04b-41e3-9035-a815c18e9509,작품에서 자주 나오는 한일 오해 표현,"3️⃣ 작품에서 자주 나오는 표현

드라마나 애니를 보면 이런 표현이 자주 나옵니다.

일본 작품
仕方ない

한국어

어쩔 수 없지

예

しょうがないな
頑張って

한국어

힘내

하지만 일본에서는 매우 많이 사용됩니다.

行ってきます

한국어

다녀올게

대화

行ってきます
行ってらっしゃい
大丈夫

한국어

괜찮아

하지만 일본어에서는

문제 없음

거절

둘 다 됩니다.

한국 작품
대박

일본어

すごい
やばい
화이팅

일본어

頑張って
보고 싶어

일본어

会いたい
왜 그래

일본어

どうしたの","[""한일관계"",""오해"",""표현""]",2026-03-15 19:24:20.720646+00,e1848554-ffae-479c-a8cd-4c0d77b7bed2,2026-03-19 15:55:50.007522+00,0,1,0,2026-03-19 15:55:50.007522+00,0,null,null,null,false,null,null,null,null,false,null,null,null,"{""tables"":{""1"":{""rows"":[],""columns"":[]}}}",null,[],null,null
ed6cad6b-0713-4c5d-b2f5-e2d9dd50d902,한일갈등을 불러일으키는 존칭어,"1️⃣ 이름 vs 성씨
일본","[""한일갈등"",""존칭어""]",2026-03-15 19:40:02.957274+00,e1848554-ffae-479c-a8cd-4c0d77b7bed2,2026-03-19 15:55:50.007522+00,0,0,0,2026-03-19 15:55:50.007522+00,0,null,null,null,false,null,null,null,null,false,null,null,null,"{""tables"":{""1"":{""rows"":[],""columns"":[]}}}",null,[],null,null
320bb7e5-6726-47f5-b489-e3188edea749,한일갈등을 불러일으키는 존칭어,"1️⃣ 이름 vs 성씨
일본

보통 이렇게 부릅니다.

성 + さん

예

田中さん
佐藤さん

이유

이유	설명
개인 영역 존중	이름은 친밀
사회적 거리	성씨 사용

그래서

名前呼び

는 친한 사이에서만 합니다.

한국

한국은 보통 이렇게 부릅니다.

이름 + 씨

예

민수 씨
지연 씨

한국에서

김 씨
이 씨

처럼 성만 부르면

무례

하게 들릴 수 있습니다.

💡 팁

문화	기본
일본	성
한국	이름
2️⃣ 성만 부르는 경우
일본
田中！

이렇게 부르면

친구

동료

느낌입니다.

한국
김!

이렇게 부르면

보통

장난

무례

느낌입니다.

그래서 한국에서는

김민수

처럼 전체 이름을 부르는 경우가 많습니다.

3️⃣ 이름 + さん

일본에서는

太郎さん

이 가능하지만

보통은 친해졌을 때입니다.

한국에서는

민수 씨

가 일반적인 존칭입니다.

그래서 일본인이 한국어를 배우면

김 씨

라고 말하는 경우가 많습니다.

하지만 한국인에게는

무례

하게 들릴 수 있습니다.

4️⃣ 직함 사용
한국

직함 사용이 매우 많습니다.

예

팀장님
선배님
사장님
일본

직함도 사용하지만

田中部長

처럼 성 + 직함입니다.

💡 팁

한국

직함 + 님

일본

성 + 직함
5️⃣ 선배 / 후배 문화
한국
선배님
일본
先輩

하지만 일본은

先輩さん

같이 사용하지 않습니다.

6️⃣ 이름 + さん vs 이름 + 씨

예

일본	한국
太郎さん	민수 씨

하지만 문화 차이가 있습니다.

일본

名前 + さん

→ 친밀

한국

名前 + 씨

→ 기본 존칭

7️⃣ 군 / 양

한국에는 이런 호칭도 있습니다.

호칭	사용
군	남자
양	여자

예

민수 군
지연 양

일본에는 거의 없는 개념입니다.

8️⃣ 呼び捨て

일본에서는

太郎

처럼 さん 없이 부르는 것을

呼び捨て

라고 합니다.

이건

친한 친구

연인

사이에서만 사용됩니다.

한국에서는

민수

라고 부르는 것이

생각보다 흔합니다.

정리

한일 존칭 차이는 이렇게 정리됩니다.

구분	일본	한국
기본 호칭	성	이름
친밀 호칭	이름	이름
직함	성 + 직함	직함
성만 사용	자연	무례 가능
왜 갈등이 생길까

예

일본인

김 씨

라고 말함

↓

한국인

왜 성만 부르지?

느낌

한국인

민수 씨

↓

일본인

친한가?

느낌

즉

같은 존칭
하지만 다른 문화

입니다.

💡 플랫폼 콘텐츠 아이디어

이런 콘텐츠는 꽤 흥미롭습니다.

예

日本人が知らない韓国の呼び方
韓国人が知らない日本の呼び方

또는

日韓の名前文化の違い","[""한일갈등"",""존칭어""]",2026-03-15 19:40:33.994613+00,e1848554-ffae-479c-a8cd-4c0d77b7bed2,2026-03-19 15:55:50.007522+00,0,1,0,2026-03-19 15:55:50.007522+00,0,null,null,null,false,null,null,null,null,false,null,null,null,"{""tables"":{""1"":{""rows"":[],""columns"":[]}}}",null,[],null,null
a761722a-54dc-4e8e-9238-0a2e05b46b30,呼び捨て(よびすて)의 실제사용,"일본어의 **呼び捨て(よびすて)**는 말씀하신 것처럼 이름 뒤의 さん・くん・ちゃん 같은 호칭을 붙이지 않고 그냥 이름만 부르는 것입니다. 그리고 실제 일본 문화에서는 꽤 강한 친밀도를 의미합니다.

지금 언급한 예능 상황도 실제 일본 문화와 잘 맞는 사용입니다. 조금 더 구조적으로 설명해보겠습니다.

1️⃣ 呼び捨て란 무엇인가

呼び捨て는 말 그대로

호칭을 버리고 부른다

는 의미입니다.

예

일반 호칭	呼び捨て
田中さん	田中
太郎くん	太郎
さくらちゃん	さくら

즉

さん / くん / ちゃん 제거

입니다.

팁
일본에서는 呼び捨て 자체가 친밀도의 표시입니다.

2️⃣ 실제 일본에서 呼び捨て가 가능한 관계

일반적으로 다음 관계에서만 자연스럽습니다.

관계	가능 여부
친한 친구	가능
연인	가능
가족	가능
동급생	가능

하지만

관계	어색
회사 동료	어색
선배	거의 불가능
처음 만난 사람	매우 무례
3️⃣ 그래서 일본 예능에서 자주 등장하는 이유

예능에서는 일부러 관계 연출을 합니다.

예

친해지는 상황

연애 상황

몰래카메라

심리 테스트

그래서 자주 나오는 대사가 있습니다.

예

名前で呼んでいい？

한국어

이름으로 불러도 돼?

이건 일본에서 꽤 관계 전환 이벤트입니다.

4️⃣ 연애 콘텐츠에서 자주 나오는 이유

말씀하신 것처럼

연애 시뮬레이션이나 연애 예능에서는 자주 나옵니다.

예

呼び捨てで呼んでいい？

한국어

이름으로 불러도 돼?

이 질문은 거의

친해지고 싶다

는 의미입니다.

그래서 일본 로맨스 드라마에서도 자주 나옵니다.

5️⃣ 한국과의 차이

한국은 이름만 부르는 것이 그렇게 큰 의미가 없습니다.

예

민수

친구 사이에서 흔합니다.

하지만 일본에서는

太郎

이렇게 부르면

상당히 친한 관계

입니다.

그래서 한국인이 일본어를 배우면 종종 실수합니다.

예

田中

라고 부르는 경우

일본인은

왜 이렇게 친한 척하지?

라고 느낄 수 있습니다.

6️⃣ 일본 예능에서의 사용 패턴

말씀하신 것처럼

예능에서는 일부러 관계를 강조하기 위해 사용합니다.

예

急に呼び捨て

이건 보통

장난

도발

연애 연출

입니다.

예

○○って呼んでいい？
7️⃣ 재미있는 문화 차이

일본에서는 오히려 이런 상황이 더 자연스럽습니다.

예

名字 + さん

예

佐藤さん

친한 친구도 이렇게 부르는 경우가 있습니다.

한국에서는

김민수 씨

라고 친구를 부르면

오히려

거리감

이 느껴집니다.

정리

呼び捨て 특징

특징	설명
호칭 제거	さん 없음
친밀도 표시	매우 강함
연애 상황	자주 등장
예능	관계 연출
지금 언급한 예능 사례도 정확한 사용

말씀한

연애 시뮬레이션

관계 연출

에서는 呼び捨て가 매우 자연스럽습니다.

왜냐하면

친밀도 상승 이벤트

처럼 사용되기 때문입니다.","[""일본어"",""존칭어"",""표현""]",2026-03-15 19:47:10.273181+00,e1848554-ffae-479c-a8cd-4c0d77b7bed2,2026-03-19 15:55:50.007522+00,0,1,0,2026-03-19 15:55:50.007522+00,0,null,null,null,false,null,null,null,null,false,null,null,null,"{""tables"":{""1"":{""rows"":[],""columns"":[]}}}",null,[],null,null
1cbd680d-cec2-42b5-8987-002d44f1e1af,「ぞくぞく」,"https://youtu.be/CsSoVsJ1LDY?si=ptS1ifu81IobPjX2

見たことないみりちゃむ様の顔が見れた、ぞくぞくしました。

「ぞくぞく」は、寒気や病気、恐怖で体が震える様子、または喜びや興奮で心が浮き立つ様子を表すオノマトペです。風邪のひき始めで寒気がする時や、恐ろしい体験をした時、また期待で胸が高鳴る場面などで使われます。類語には「わくわく」「興奮」などがあります。 
主な意味と使い方:
悪寒・恐怖: 「風邪で体がぞくぞくする」「恐ろしい話に背中がぞくぞくする」
興奮・喜び: 「期待で胸がぞくぞくする」「褒められて嬉しくてぞくぞくした」 
「ぞくぞくする」という形で、快感や良い感情が体中を駆け巡る様子を表現することもあります。 

https://mazii.net/ko-KR/search/word/jako/%E3%81%9E%E3%81%8F%E3%81%9E%E3%81%8F

◆ 추위를 느끼는 모양: 오슬오슬; 오싹오싹.

背筋がぞくぞくする
등골이 오싹오싹하다

風邪でぞくぞくする
감기로 으슬으슬하다

ぞくぞくと寒気がする
으슬으슬 한기를 느끼다[춥다]

◆ 소름이 끼치는 모양: 섬뜩섬뜩; 쭈뼛쭈뼛; 오싹오싹.

ぞくぞくしてくる怪談を聞いてみたかった
소름이 끼치는 괴담을 들어 보고 싶었다

ぞくぞくと鳥肌が立つ
오싹오싹 소름이 돋다[끼치다]

◆ 긴장이나 흥분 등으로 몸이 떨리는 모양; 기쁨이나 기대로 가슴이 설레는[두근거리는] 모양: 두근두근.

ぞくぞくするような感動を覚えた
몸이 떨릴 정도의 감동[전율]을 느꼈다

決勝を前にしてぞくぞくする
결승을 앞두고 두근두근하다

ぞくぞくするほど嬉しい
가슴이 설렐 만큼 기쁘다","[""日本語"",""単語"",""youtube"",""ノブロックtv"",""みりちゃむ"",""渡辺""]",2026-03-15 19:54:18.75305+00,e1848554-ffae-479c-a8cd-4c0d77b7bed2,2026-03-19 15:55:50.007522+00,0,1,0,2026-03-19 15:55:50.007522+00,0,null,null,null,false,null,null,null,null,false,null,null,null,"{""tables"":{""1"":{""rows"":[],""columns"":[]}}}",null,[],null,null
20c9e16f-ccda-4c62-b1e0-96b793914d20,한일양국이 잘통하는 표현,"1️⃣ 힘내 / 頑張って

한국어
힘내

일본어
頑張って

의미
한국	일본
응원	응원
격려	격려
예문
힘내! 잘 될 거야
頑張って！うまくいくよ

💡 팁
이 표현은 두 문화에서 거의 동일한 감정 표현입니다.

2️⃣ 그렇구나 / そうなんだ

한국어
그렇구나

일본어
そうなんだ

의미
한국	일본
상대 말 이해	상대 말 이해
예문
아 그렇구나
あ、そうなんだ
3️⃣ 진짜? / 本当？

한국어
진짜?

일본어
本当？

의미

놀람 / 확인

예문
진짜?
本当？

두 나라 모두 대화 리액션으로 매우 자주 사용됩니다.

4️⃣ 왜? / なんで？

한국어
왜?

일본어
なんで？

의미

이유 질문

예문
왜?
なんで？
5️⃣ 잠깐만 / ちょっと待って

한국어
잠깐만

일본어
ちょっと待って

의미
한국	일본
기다려	기다려
6️⃣ 알겠어 / わかった

한국어
알겠어

일본어
わかった

의미

이해 / 동의

예문
알겠어
わかった
7️⃣ 그래 / そう

한국어
그래

일본어
そう

의미

동의 / 수긍

예문
그래 맞아
そうだね
8️⃣ 괜찮아 / 大丈夫

한국어
괜찮아

일본어
大丈夫

의미
의미
문제 없음
위로

두 언어에서 거의 비슷하게 사용됩니다.

9️⃣ 진짜로 / 本当に

한국어
진짜로

일본어
本当に

의미

강조

예문
진짜 좋아
本当にいい
🔟 뭐해? / 何してる？

한국어
뭐해?

일본어
何してる？

의미

상대 행동 질문

11️⃣ 빨리 / 早く

한국어
빨리

일본어
早く

의미

속도 강조

예

빨리 와
早く来て
12️⃣ 지금 / 今

한국어
지금

일본어
今

의미

현재

13️⃣ 같이 가자 / 一緒に行こう

한국어
같이 가자

일본어
一緒に行こう

의미

함께 행동 제안

14️⃣ 괜찮아? / 大丈夫？

한국어
괜찮아?

일본어
大丈夫？

의미

상대 상태 확인

15️⃣ 조금 / ちょっと

한국어
조금

일본어
ちょっと

의미
의미
조금
잠깐
16️⃣ 많이 / たくさん

한국어
많이

일본어
たくさん

17️⃣ 진짜로? / 本当に？

한국어
진짜로?

일본어
本当に？

18️⃣ 잠깐 / ちょっと

한국어
잠깐

일본어
ちょっと

19️⃣ 그래? / そう？

한국어
그래?

일본어
そう？

20️⃣ 맞아 / そうだ

한국어
맞아

일본어
そうだ

정리

한일 공통 표현 특징

특징	설명
짧음	리액션 표현
일상 대화	매우 많음
감정 표현	비슷함

즉

대화 리액션

부분은 두 나라가 꽤 비슷합니다.

실제로 왜 비슷할까

언어학적으로 보면

한국어와 일본어는

특징	공통
어순	SOV
높임말	존재
맥락 중심	강함

그래서 일상 대화에서는 비슷한 느낌의 표현이 많습니다.","[""한일관계"",""표현"",""일맥상통""]",2026-03-15 20:18:11.987007+00,e1848554-ffae-479c-a8cd-4c0d77b7bed2,2026-03-19 15:55:50.007522+00,0,3,0,2026-03-19 15:55:50.007522+00,0,null,null,null,false,null,null,null,null,false,null,null,null,"{""tables"":{""1"":{""rows"":[],""columns"":[]}}}",null,[],null,null
2a80d5bd-7a27-4b37-855d-3808b36275c0,「もたもた」,"https://youtu.be/95JJ1sTZLlE?si=k9Rts-_1MBo_Ljcy

もたもたするんで抜いてもいいですか？

「もたもた」とは、動作や物事の進行がのろく、きびきびしていない様子を表す言葉です。手間取って進まない（ぐずぐずする）様子や、段取りが悪くスムーズでない状況に使われます。主に「もたもたする」「もたもた歩く」のように動詞を伴います。 
主な特徴と使い方
速度の遅さ: のろのろ、遅い、鈍い。
手際の悪さ: スムーズでない、段取りが悪い。
時間の無駄: ぐずぐず、手間取る。
例文:
「レジで小銭を出すのにもたもたする」
「もたもたしていたせいで開始が遅れた」
「いつまでももたもたしてはいられない」 
類語・関連語
のろのろ、とろい、鈍重（どんじゅう）
まだるい、まだるっこい
ぐずぐず
もたつく（動詞） 

英語の表現
Slowly / Sluggishly
Fumbling / Dawdling（不器用に手間取る）
行動が遅くイライラする状況などで使われる、ネガティブなニュアンスを持つ表現です。

https://mazii.net/ko-KR/search/word/jako/%E3%82%82%E3%81%9F%E3%82%82%E3%81%9F

◆ 행동·태도가 확실하지 않은 모양: 어물어물; 우물쭈물; 꾸물꾸물.

もたもたするな
어물거리지 마라

もたもたして機を逃す
우물쭈물하다가 기회를 놓치다

もたもたしている暇は無い
우물쭈물하고 있을 여유는 없다

◆ 사물이 막혀서 순조롭게 진행되지 않는 모양.

議事の進行がもたもたする
의사 진행이 잘 안 되다

工事がもたもたしてはかどらない
공사가 지지부진하여 진척되지 않다","[""日本語"",""単語"",""youtube"",""風吹ケ"",""イ青木マッチョ"",""天羽希純""]",2026-03-15 21:34:49.474243+00,e1848554-ffae-479c-a8cd-4c0d77b7bed2,2026-03-19 15:55:50.007522+00,0,1,0,2026-03-19 15:55:50.007522+00,0,null,null,null,false,null,null,null,null,false,null,null,null,"{""tables"":{""1"":{""rows"":[],""columns"":[]}}}",null,[],null,null