id,title,content,tags,created_at,user_id,updated_at,comment_count,view_count,like_count,last_activity_at,hot_score,deleted_at,deleted_by,deleted_reason,is_deleted,account_key,source_id,source_date,legacy_id,is_hidden,duplicate_of,deleted_scope,delete_note,table_data,attachments,links,import_source,source_filename
92862cc9-a760-4c5a-b5f3-a15c0ea39144,「正しい（ただしい）」,"「正しい」とは、事実や真実に合っていること、決まりや道徳にかなっていること、間違っていない状態を指し、具体的には「正解」「適切」「妥当」「真実」といった意味合いで使われ、英語では「right」「correct」「accurate」など、状況によって使い分けられます。 
「正しい」の主な意味
事実との一致: 事柄の本質や事実に合っていること。「数学の答えが正しい」「事実に基づいている」。
規範・規則への適合: 法律、道徳、ルール、常識などに沿っていること。「正しい行い」「正しい手順」。
的確さ: 表現や判断が正確で、間違っていないこと。「正しい判断」「正しい情報」。
適切さ: 状況や目的に合致していること。「適切な対応」。 
英語での表現例
Right: 倫理的な正しさや、決定・選択が適切である場合。「That was the right decision.（それは正しい決断だった）」。
Correct: 事実や基準に合致している、間違いがない場合。「Is that correct?（それは正しいですか？）」。
Accurate: 非常に正確で、詳細まで一致している場合。「accurate data（正確なデータ）」。 
類語・言い換え表現
間違っていない、当たっている、正解だ（一般的な状況）
妥当な、至当な、適切な（判断や状況に対して）
正式には、正確には、実際には（補足情報として）","[""import"",""japanese""]",2026-02-22 11:13:33.100503+00,e1848554-ffae-479c-a8cd-4c0d77b7bed2,2026-03-19 15:55:50.007522+00,0,0,0,2026-03-19 15:55:50.007522+00,0,null,null,null,false,null,null,null,null,true,869d481f-2d84-411f-822a-7e365daece81,null,null,"{""tables"":{""1"":{""rows"":[],""columns"":[]}}}",null,[],null,null
9b125697-fdd8-48f5-af35-a1af4b445691,「早送り（はやおくり）」,"「早送り」とは、映像や音声を通常よりも速い速度で再生し、短い時間で長い内容を見たり聞いたりする技術や操作のことです。動画再生アプリでは画面のダブルタップや長押し、PCではショートカットキー（→, Ctrl+Fなど）、動画編集ソフトでは速度調整スライダーやコマンドで設定でき、YouTubeなどでは再生速度を2倍、3倍などに変更する機能としても提供されています。 
主な早送り方法
YouTubeアプリ（スマホ）:
画面右側を2回連続でタップ: 10秒ずつ早送り。
画面を長押しして右にスライド: 長押ししている間だけ速く再生。
PC（ブラウザ・アプリ）:
右矢印キー (→): 10秒早送り。
Ctrl + Shift + F (または Ctrl + →): 早送り/倍速再生。
動画編集ソフト (Filmora, Premiere Proなど):
タイムラインのクリップを選択し、「速度」ツールでスライダーを調整する。
「速度・デュレーション」設定で倍率（例: 200%）を入力する。 
早送りの目的・効果
時間短縮: 長い動画や番組の要点を素早く確認する。
躍動感の演出: 映像に動きやテンポを加える（特に動画編集時）。
スキップ: 不要な部分を飛ばす。 
これらの方法で、視聴したいコンテンツに合わせて効率的に情報を得たり、表現を豊かにしたりすることができます。

Fast forward (e.g. VCR, tape deck, etc.)
빨리감기","[""import"",""japanese""]",2026-02-22 11:13:33.100503+00,e1848554-ffae-479c-a8cd-4c0d77b7bed2,2026-03-19 15:55:50.007522+00,0,0,0,2026-03-19 15:55:50.007522+00,0,null,null,null,false,null,null,null,null,true,75e3853f-6d96-4a05-9b7f-9bcea5651434,null,null,"{""tables"":{""1"":{""rows"":[],""columns"":[]}}}",null,[],null,null
9b5666fe-b6ba-47f9-b91d-fb6688c2b02e,「仕組み（しくみ）」,"「仕組み（しくみ）」とは、物事が成り立つための基本的な構造、原理、または手順を指し、機械の動作原理から組織の運営方法、自然現象の法則まで幅広く使われ、「システム」「メカニズム」「構造」「計画」といった意味合いで、「誰がやっても同じ結果を出せるように標準化・設計された方法」（仕組み化）を指すビジネス用語としても重要です。 
「仕組み」の主な意味と使われ方
構造・メカニズム: 機械のギアの噛み合わせや、生物の体の構造など、部品が連動して機能する原理。
システム・プロセス: 組織が目標を達成するための運営方法、業務の流れ、ルールなど。
工夫・計画: 物事をうまく運ぶために、意図的に作り上げられた計画や仕掛け（例：小説の伏線）。 
ビジネスにおける「仕組み化」
目的: 特定の人に依存せず（属人化を防ぎ）、誰でも、いつ、どこでやっても同じ品質と成果が出せる状態を作ること。
具体例: 詳細なマニュアル作成、業務の自動化、SaaSツールの導入など。
メリット: ムダの削減、品質の安定、技術継承の促進、生産性向上など。 
類語・言い換え
システム、メカニズム、構造、プロセス、フレームワーク、機構、体系、設計。 
例
「時計の仕組みがわからない」→ 内部の構造や動作原理。
「会社の仕組みを変える」→ 業務プロセスや組織運営の方法。
「営業の仕組み化」→ 属人的な営業手法をマニュアル化し、誰でもできるようにする。 
「仕組み」を理解することで、物事の本質を把握し、より効率的・効果的な改善（仕組み化）が可能になります。","[""import"",""japanese""]",2026-02-22 11:13:33.100503+00,e1848554-ffae-479c-a8cd-4c0d77b7bed2,2026-03-19 15:55:50.007522+00,0,0,0,2026-03-19 15:55:50.007522+00,0,null,null,null,false,null,null,null,null,true,22988156-0b6d-4fdc-b7d8-f3364bc93bb7,null,null,"{""tables"":{""1"":{""rows"":[],""columns"":[]}}}",null,[],null,null
a1beb416-c544-4ca3-8ae7-1725944af0f7,「結び（むすび）」,"「結び（むすび）」は、ひもを結ぶ行為やその部分、人と人との縁、物事の終わり（結末）、おむすび（握り飯）、数学の和集合など、文脈によって多様な意味を持つ言葉で、語源は「産み出す力（ムスヒ）」にあり、創造や関係性の成立を表す深い意味があります。 
主な意味
物理的な結び: ひもやロープを絡ませて繋ぐことや、その結び目（例: もやい結び、よろい結び）。
関係性の結び: 人と人との縁を結ぶこと、関係を成立させること（例: 縁結び、夫婦の契り）。
終わりの結び: 文章や相撲の取り組みなどの結び（終わり、結末） (例: 結びの言葉)。
食べ物: おむすび（握り飯）の別称。
数学: 和集合（2つ以上の集合をまとめること）。
神道: 「産霊（むすひ）」として、万物を生み出す神秘的な力、神霊の働き。 
語源と深い意味
語源: 日本神話に由来し、「ムス（産む）」と「ヒ（霊力）」が合わさった「ムスヒ（産霊）」から来ています。
創造: 結びつくことで新しいものが生まれる、創造する力。
つながり: 離れているものを繋ぎ、関係性を生み出す力。 
このように、「結び」は単なる行為だけでなく、創造、関係性、始まりと終わり、そして神秘的な力といった多岐にわたる概念を包括する言葉です。","[""import"",""japanese""]",2026-02-22 11:13:33.100503+00,e1848554-ffae-479c-a8cd-4c0d77b7bed2,2026-03-19 15:55:50.007522+00,0,0,0,2026-03-19 15:55:50.007522+00,0,null,null,null,false,null,null,null,null,true,fdbdbddf-e922-4c78-85e4-192245ac4e63,null,null,"{""tables"":{""1"":{""rows"":[],""columns"":[]}}}",null,[],null,null
a743278c-fd1d-41b0-923f-c19c17a4cc30,「拭いている（ふいている）」,"「拭いている」は、「拭く（ふく）」という動詞の現在進行形・継続形（〜ている形）で、「何かを拭く動作をしている最中」や「拭くという状態が続いている」ことを意味し、「拭く」「拭う」「こする」「ぬぐう」といった動作（例：汗を拭いている、テーブルを拭いている、涙を拭っている、汚点を拭い去る）を表します。 
意味と使われ方
動作の最中: 「今、まさに拭いているところだよ」
習慣・状態: 「いつもここで手を拭いている」
関連する言葉
拭く (ふく): 一般的に「拭く」は布などでこすって汚れや水分を取ること。「拭う（ぬぐう）」は、涙や汗、恥などを拭い去る、という意味合いで使われることもあります。
「拭」の漢字: 「拭く」「拭う」の他にも、「拭（しょく）」などの読み方があります。 
例文
「彼女はハンカチで涙を拭いている。」 (涙を拭う動作の最中)
「テーブルの上の水を拭いているところです。」 (拭く動作の最中)","[""import"",""japanese""]",2026-02-22 11:13:33.100503+00,e1848554-ffae-479c-a8cd-4c0d77b7bed2,2026-03-19 15:55:50.007522+00,0,0,0,2026-03-19 15:55:50.007522+00,0,null,null,null,false,null,null,null,null,true,291ff788-2e14-419a-812e-7fa2ec861532,null,null,"{""tables"":{""1"":{""rows"":[],""columns"":[]}}}",null,[],null,null
a9c8579f-42a5-4797-b89e-9d2412c7430a,「まもなく」,"「まもなく」は「間もなく」と書き、「もうすぐ、すぐに、程なく」といった意味で、時間的にあまり間を置かずに何かが起こることを表します。電車のアナウンスやビジネスシーンでよく使われる丁寧な表現で、硬い状況で使われることが多く、未来の出来事に対して使われますが、過去や現在の状況を説明する際にも使えます（例：回復する間もなく別の風邪をひいた）。 
使い方とニュアンス
時間的な近さ: 「すぐ」よりも少しだけ時間的な余裕がある場合や、丁寧さが必要な場面で使われます。
フォーマルな場面: アナウンス（「まもなく発車いたします」）、ニュース、スピーチ、ビジネスなどで好まれます。
例:
「まもなく会議が始まります」
「まもなく春が来ます」
「まもなくお客様が到着されます」 
類語
もうすぐ: 「まもなく」と似ていますが、より口語的で親しい間柄で使われます。
近日中に: 「まもなく」と同じく、近い将来を指す表現です。
程なく: 「まもなく」と同じく、すぐに、という意味合いで使われます。 
英語での表現
soon, shortly, before long, in a short time, in a little while など。 
飲食店名としての例
「新大久保 まもなく釜山駅」 のように、お店の名前にも使われています。","[""import"",""japanese""]",2026-02-22 11:13:33.100503+00,e1848554-ffae-479c-a8cd-4c0d77b7bed2,2026-03-19 15:55:50.007522+00,0,0,0,2026-03-19 15:55:50.007522+00,0,null,null,null,false,null,null,null,null,true,2d85a4e3-f2fa-4d63-9eaa-a5676538b825,null,null,"{""tables"":{""1"":{""rows"":[],""columns"":[]}}}",null,[],null,null
ae802eb0-585e-4de1-9346-2c290876064c,「傷つける」（きずつける）,"「傷つける」（きずつける）とは、肉体的な怪我を負わせること、または精神的に深くダメージを与え、心を痛めることの2つの主な意味があり、「傷つく」（きずつく）の他動詞形で、相手に危害を加える行為全般を指します。これは「けがをさせる」「痛めつける」「精神的に追い詰める」「心を深く傷つける」「（自傷行為として）自分自身を傷つける」といった様々な状況で使われ、言葉や行動、暴力など様々な形で発生します。 
意味と使い方
肉体的な傷
物理的にケガをさせる、外傷を与えること。
例：「ナイフで人を傷つける」「暴行で相手を傷つける」
精神的な傷
相手の心を深く傷つけ、悲しみや苦痛を与えること。
例：「心ない言葉で友人を傷つける」「彼の裏切りは私を深く傷つけた」
言い換え表現：打ちのめす、心を痛める、ダメージを与える、踏みにじるなど。
自分自身を傷つける（自傷行為）
つらい感情から逃れるために、意図的に自分の体を傷つける行為（リストカットなど）。
例：「ストレスで自分を傷つけてしまう」 
関連する言葉・表現
傷つく（きずつく）: 「傷つける」の受け身・自動詞形で、自分が傷を負うこと。
傷つける（相手に）: 痛めつける、危害を加える、負傷させる。
傷つけられる: 自分が傷つけられること（受け身）。
傷つける（自分に）: 自傷行為、自己破壊。 
「傷つける」は非常に幅広く使われるため、文脈によって肉体的か精神的か、また誰が誰に対して行ったのかを判断することが重要です。","[""import"",""japanese""]",2026-02-22 11:13:33.100503+00,e1848554-ffae-479c-a8cd-4c0d77b7bed2,2026-03-19 15:55:50.007522+00,0,0,0,2026-03-19 15:55:50.007522+00,0,null,null,null,false,null,null,null,null,true,2afe9f66-d02c-4fa5-bb1b-76151a9e60fa,null,null,"{""tables"":{""1"":{""rows"":[],""columns"":[]}}}",null,[],null,null
ae9bd6ca-96ba-4358-b043-3eb232502abb,「生まれ変わる（うまれかわる）」,"「生まれ変わる」とは、死後に魂が別の生命として再びこの世に現れる（輪廻転生）こと、または人の性格や態度、物事が根本的に変化・改善されることを指し、文脈によって「再出発」「心機一転」「再生」といった意味合いで使われます。宗教的な意味合い（輪廻転生）から、比喩的な意味（生まれ変わったような気分）まで幅広く使われる表現です。 
主な意味
輪廻転生（りんねてんせい）: 仏教などで信じられる考え方で、死んだ魂が何度も生まれ変わりを繰り返すこと。
例: 「来世は鳥に生まれ変わりたい」。
心機一転・人格の変化: 人の性格や考え方、態度が大きく変わること。
例: 「彼は改心して働き者に生まれ変わった」。
物事の再生・改善: 組織や製品などが新しく生まれ変わったり、改善されたりすること。
例: 「この組織はトップの交代で生まれ変わった」。 
関連する言葉
再出発（さいしゅっぱつ）: 新しい人生や事業を始めること。
心機一転（しんきいってん）: 気持ちを新たにすること。
転生（てんしょう）:生まれ変わること、特に輪廻転生を指す。 
英語での表現
be reborn (生まれ変わる)
be born again (再び生まれる)
be reformed (改革される、改善される)

be born again
make a fresh start in life","[""import"",""japanese""]",2026-02-22 11:13:33.100503+00,e1848554-ffae-479c-a8cd-4c0d77b7bed2,2026-03-19 15:55:50.007522+00,0,0,0,2026-03-19 15:55:50.007522+00,0,null,null,null,false,null,null,null,null,true,e8b4d690-05a6-40d5-9f09-f8c7b3953549,null,null,"{""tables"":{""1"":{""rows"":[],""columns"":[]}}}",null,[],null,null
b25cc9d7-760d-4bea-b77c-27353aa24b02,「例えば」（たとえば）,"「例えば」（たとえば）は、具体的な例を挙げて説明する際に使う接続詞で、「〜のように」「〜みたいな」といった意味合いを持ち、野球やテニスのような球技が好き、と例示したり、仮定の話をする際にも使われます（例：もしもここが外国なら）。英語では ""for example"" (e.g.) がこれにあたりますが、口語では ""like"" も使われます。 
「例えば」の主な使い方
具体例を示す：一般論の後に具体的な事例を提示する。「球技、例えば野球やテニスが好きだ」。
比喩・たとえ話：何かを他のものにたとえる。「君の勉強は、例えば春の雪のようで…」。
仮定の話：もしもの状況を想定する。「例えばここが外国なら、言葉が通じないだろう」。 
類語・言い換え
例を挙げると
一例を挙げると
具体的には
〜のような（口語） 
英語での表現
for example (e.g.)：フォーマルな場面や書き言葉で広く使われる。
like：日常会話で「〜みたいな」「〜とか」というニュアンスで使われる。 
例文
「好きな飲み物は何ですか？ 例えば、コーヒーや紅茶が好きです。」
「彼は色々なことができる。例えば、ピアノも弾けるし、絵も描ける。」","[""import"",""japanese""]",2026-02-22 11:13:33.100503+00,e1848554-ffae-479c-a8cd-4c0d77b7bed2,2026-03-19 15:55:50.007522+00,0,0,0,2026-03-19 15:55:50.007522+00,0,null,null,null,false,null,null,null,null,true,a378df5a-22c3-4b2f-be74-6bf9232c88a8,null,null,"{""tables"":{""1"":{""rows"":[],""columns"":[]}}}",null,[],null,null
bd3def49-7b7c-4270-ad8b-cdf6174b65f6,「叶える（かなえる）」,"「叶える（かなえる）」とは、願いや夢、希望などを実現させる、現実のものにするという意味の動詞で、「夢を叶える」「願いを叶える」のように使われ、英語では「fulfill」や「make come true」に相当します。目標達成、約束の履行、希望の実現といった文脈で用いられ、「実現する」「成就させる」などが類義語です。 
意味と使い方
基本的な意味: 抱いていた望みが、現実になるようにする行為。
例文:
「彼女は、歌手になる夢を叶えた。」
「先生は、生徒の願いを叶えてあげた。」
「約束を叶える（果たす）。」
類義語: 実現する、成就させる、現実のものにする、実行する、満たす。 
関連する言葉
叶う (かなう): 「叶える」の自動詞形で、「願いが叶う」のように、希望が現実になること自体を指します。
「叶える」の英語表現:
fulfill: 義務や約束、希望などを満たす・果たす。
make (a dream) come true: 夢を現実にする。 
「叶える」という言葉が持つニュアンス
単に「実現する」だけでなく、他者の希望を助けたり、積極的に行動して望みを形にしたりするというニュアンスが含まれることが多いです。
ポジティブで希望に満ちた状況で使われる、温かい響きを持つ言葉です。

叶う：이루어지다、희망대로 되다、할 수 있다

叶わぬ恋：이룰 수 없는 사랑
長年の望が叶う：오랜 소망이 이루어지다","[""import"",""japanese""]",2026-02-22 11:13:33.100503+00,e1848554-ffae-479c-a8cd-4c0d77b7bed2,2026-03-19 15:55:50.007522+00,0,0,0,2026-03-19 15:55:50.007522+00,0,null,null,null,false,null,null,null,null,true,47cff8e3-d8fd-4f2f-8e0e-7fa1240aecc5,null,null,"{""tables"":{""1"":{""rows"":[],""columns"":[]}}}",null,[],null,null
caff1e13-a782-495e-97b3-7fad3528a043,「憧れ（あこがれ）」,"「憧れ（あこがれ）、（동경、그리움）」とは、理想とする人や物事に対して強く心を惹かれ、その存在や状態を自分も手に入れたいと願う気持ちを指します。自己成長の原動力にもなり、尊敬や目標達成への意欲、時には「こうなりたい」という願望を伴う感情です。 
「憧れ」の主な特徴
理想像への傾倒: 才能、成功、美しさ、生き方など、優れた点を持つ対象に惹かれる感情。
自己との比較: 対象を理想としつつ、自分との違い（欠けている部分）を感じ、それを埋めたいと願う心理が働く。
原動力: 憧れは「自分もこうなりたい」「もっと良くなりたい」という向上心や目標設定につながる。 
類語・関連表現
尊敬: 相手の能力や人格を高く評価し、敬意を抱くこと。
目標: 目指すべき到達点や目標。
願望・欲望: その状態になりたい、手に入れたいという欲求。
ロールモデル: 模範となる人物。 
使われる場面
自己紹介・志望動機: 「〇〇さんの〇〇な部分に憧れており、私もそうなりたい」。
恋愛・人間関係: 「あの人のような素敵な人に憧れる」。
作品・ライフスタイル: 「あの街での暮らしに憧れる」。 
「憧れ」はポジティブな感情であり、人生を豊かにし、成長を促す大切な心の動きです。","[""import"",""japanese""]",2026-02-22 11:13:33.100503+00,e1848554-ffae-479c-a8cd-4c0d77b7bed2,2026-03-19 15:55:50.007522+00,0,0,0,2026-03-19 15:55:50.007522+00,0,null,null,null,false,null,null,null,null,true,2870eada-e3bb-42f4-8677-3569e62f9221,null,null,"{""tables"":{""1"":{""rows"":[],""columns"":[]}}}",null,[],null,null
cb9ee840-3c53-470f-b3cf-963ec32f06d0,「焦る（あせる）」,"「焦る（あせる）」とは、物事が思うように進まなかったり、時間や状況に追われたりして、落ち着きを失い、そわそわしたり、イライラしたり、慌てたりする状態を指します。危険や失敗が迫る感覚からくることもあり、英語では panic, hurry, rushed, freaked out など状況によって表現が変わりますが、基本は心が動揺し、落ち着かなくなることです。 
「焦る」の主な意味・ニュアンス
時間的プレッシャー: 締め切りに追われる、時間がない、などで慌てる（例：残り1分で焦る）。
心理的な動揺: 予期せぬ事態で心が乱れる、狼狽する（例：転びそうになって焦った）。
いらだち・そわそわ: 思うように進まないことへの苛立ち、落ち着きがない状態（例：気ばかり焦ってうまくできない）。
切迫感: 危険や失敗が迫っているように感じて慌てること。 
「焦る」の類語・関連表現
焦燥感（しょうそうかん）: 焦りやいらだち、落ち着かない気持ちが強くなった状態。
ジリジリする: 精神的に追い詰められていらだつ様子。
イライラする: 不満や不快感からくる落ち着きのなさ。 
対処法
客観視する: 「自分は今、焦っているな」と自覚する。
休息をとる: 疲れていると焦りやすいため、まずは休む。
波に乗る: 状況が悪い時は無理せず、焦らず現状維持を心がける。 
「焦る」は日常的によく使われる言葉ですが、状況によっては「慌てる」や「いらだつ」といった、より具体的な感情と近い意味合いで使われます。

https://mazii.net/ko-KR/search/word/jako/%E7%84%A6%E3%82%8B

◆ 초조해하다; 안달[애타]하다; 조바심하다; 조급하게 굴다.

勝ちを焦る
조급하게 승리를 서두르다

焦っても仕様がない
안달해 봤자 소용없다[별수 없다]

焦れば焦るほどうまくいかない
조급하게 굴면 굴수록 (일이) 잘 안된다

https://news.yahoo.co.jp/expert/articles/9a51fbcb9b50a1710f7bfeb535b02ce7a8a8dae7

「焦る」、「焦った」は英語でなんというでしょうか？

今日は「焦る」、「焦った」を表現できる英語表現をご紹介します！

panic
一番わかりやすいのは""panic""だと思います。パニックになる、という意味で焦る、と伝えたい時に使えます。

I was so panicked because I forgot to bring all the material for presentation.
プレゼン資料忘れてすっごく焦った！

freak out
""freak out""は「パニくる」「びっくりする」「ビビる」という意味。

The news freaked me out.
そのニュースでパニクってしまった。

I haven’t finished my essay. I'm freaking out!
論文が終わってない。焦ってる！

in a hurry / rush
時間がなくて急いでいる、と伝えたい時は""in a hurry/rush""で表現することができます。

I was in a hurry because I was almost late.

遅刻しそうだったので急いでいた。

my mind go blank
頭が真っ白になっちゃったと言いたいときは""my mind went blank""を使うことができます。

I was so nervous. My mind went blank.
超緊張しちゃって。頭が真っ白になっちゃったんだよ。

I don’t remember what I said throughout the presentation.

My mind went blank.
プレゼンテーションで何を言っていたか覚えていない。

頭が空っぽになっちゃった。

最後に
他にも映画で学べる表現を勉強したい方はこちらをどうぞ！

また、インスタグラムでも使える英語を発信しています♪","[""import"",""japanese""]",2026-02-22 11:13:33.100503+00,e1848554-ffae-479c-a8cd-4c0d77b7bed2,2026-03-19 15:55:50.007522+00,0,0,0,2026-03-19 15:55:50.007522+00,0,null,null,null,false,null,null,null,null,true,f4340de5-fca0-40f4-80b4-541866bc7f71,null,null,"{""tables"":{""1"":{""rows"":[],""columns"":[]}}}",null,[],null,null
cc0494c8-805c-4a78-9140-30432328da17,モノボケ,"モノボケとは、身の回りにある「モノ（物体）」を別の何かに見立てて即興で演じたり、ダジャレを言ったりして笑いを取るお笑いの芸（ネタ）のことで、短時間で笑いを誘う一発芸の一種です。お玉杓子を視力検査の遮眼子に見立てるような、小道具を使った「ボケ」が特徴で、「ザ・イロモネア」などの番組で「モノボケ」という名称が広まりました。 
モノボケのポイント
小道具の活用: 1つのアイテムを、全く別のものに見立てて使います。
即興性: 与えられたモノに対して、その場で面白い使い方を考えます。
視点の転換: 普通のモノを、面白い視点や突飛な使い方で表現します。
キャラクター性: 表情や演技でモノのイメージを変化させます。 
具体例
お玉杓子: 目の前に当てて「視力検査！」
扇子や手ぬぐい: 落語家が箸や手紙に見立てるように使う。 
語源・歴史
元々は「小道具ギャグ」と呼ばれていましたが、TBSテレビの『ザ・イロモネア』で「モノボケ」というジャンル名が使われ、広く定着しました。

https://youtu.be/YcdZpZOdPDI?si=cW5ImI2jgRgXYI4p","[""import"",""japanese""]",2026-02-22 11:13:33.100503+00,e1848554-ffae-479c-a8cd-4c0d77b7bed2,2026-03-19 15:55:50.007522+00,0,0,0,2026-03-19 15:55:50.007522+00,0,null,null,null,false,null,null,null,null,true,7d711a96-ab79-4de7-9590-cdbcf558d247,null,null,"{""tables"":{""1"":{""rows"":[],""columns"":[]}}}",null,[],null,null
ccbf8f02-c801-445a-9eef-09fa7de3e1e8,切り抜き動画（きりぬきどうが、英: Video clip、または英: Short-form content),"切り抜き動画（きりぬきどうが、英: Video clip、または英: Short-form content)は、元となる動画の一部だけを抜粋し、作成・投稿した動画である。単に「切り抜き」などとも呼ばれる。

通常、動画をそのまま投稿する転載とは区別される。","[""import"",""japanese""]",2026-02-22 11:13:33.100503+00,e1848554-ffae-479c-a8cd-4c0d77b7bed2,2026-03-19 15:55:50.007522+00,0,0,0,2026-03-19 15:55:50.007522+00,0,null,null,null,false,null,null,null,null,true,7255281d-30c1-4f41-858b-f0e7ad870eee,null,null,"{""tables"":{""1"":{""rows"":[],""columns"":[]}}}",null,[],null,null
cccab972-b80b-4755-847c-9b7029766f71,tuki - 最低界隈,"最低界隈
최저집단

満員電車触んなって きしょすぎな意味わからんおっさん
만인덴샤 사완낫테 키쇼스기나 이미 와카란 옷상
만원 전철에서 만지지 마, 징그러워 의미를 모르겠는 아저씨

制服スカート寒さ我慢 生きにくさですら慣れる練習？
세이후쿠 스카-토 사무사 가만 이키니쿠사데스라 나레루 렌슈-?
교복 치마의 추위도 참고, 살기 힘든 것조차 익숙해지는 연습?

アガらないね終わってんね 給料バイトよりちょいマシ？
아가라나이네 오왓텐네 큐-료 바이토요리 쵸이 마시?
기분 안 뜨네, 글렀네, 월급은 알바보다 조금 나은 정도?

人手が欲しい少子化だし 育てる未来見えんのこっち
히토데가 호시이 쇼-시카다시 소다테루 미라이 미엔노 콧치
일손이 부족해 저출산이라니, 미래를 키울 앞날이 안 보이는 건 이쪽이라고

日々日々困惑 矛盾に不純に横着
히비히비 콘와쿠 무쥰니 후쥰니 오-챠쿠
매일매일 혼란스러워, 모순에, 불순에, 뺀질거리고

不正に税金めにめに 夢見ろって？現実はバグ
후세-니 제-킨 메니메니 유메미롯테? 겐지츠와 바구
부정하게 쓴 세금 잘만 보이네, 꿈을 꾸라고? 현실은 버그투성이

推しのライブ いつも当たらんのエグい
오시노 라이부 이츠모 아타란노 에구이
최애의 라이브, 맨날 떨어지는 거 너무해

Gimme, gimme 落 BeReal で報告
기미, 기미 토라쿠 비리아루데 호-코쿠
Gimme, gimme 광탈했다고 BeReal에 보고

Wi-Fi あっても心の中圏外
와이파이 앗테모 코코로노 나카 켄가이
Wi-Fi는 터져도 마음속은 먹통

笑顔の下ではずっと不在通知
에가오노 시타데와 즛토 후자이 츠-치
웃는 얼굴 밑엔 끝없는 부재중 알림

うざい無理 歪な世界だ
우자이 무리 이비츠나 세카이다
짜증 나, 무리야, 비뚤어진 세상이야

将来いつかはママになってみたい とかなんとか思ってたっけ
쇼-라이 이츠카와 마마니 낫테미타이 토카 난토카 오못테탓케
나중에 언젠가는 엄마가 되어보고 싶다 같은 생각을 했었나

アプデ待ちの世の中どうにかして
아푸데 마치노 요노나카 도-니카시테
업데이트 대기 중인 이 세상, 어떻게 좀 해봐

最低界隈 最低界隈
사이테-카이와이 사이테-카이와이
최저집단, 최저집단

あいどんのー本当奥歯がたがた言わしたろかい
아이돈노 혼토 오쿠바 가타가타 이와시타로카이
'I DON'T KNOW' 진짜, 어금니 꽉 물게 해줄까

最低界隈 最低界隈
사이테-카이와이 사이테-카이와이
최저집단, 최저집단

夢は何？ラブみラブみ『奪われない事』
유메와 나니? 라부미 라부미 우바와레나이 코토
꿈이 뭐냐고? 완전 러브, 바로 『빼앗기지 않는 것』

テステスマイクテスト 私絶対的に私です
테스테스 마이쿠테스토 와타시 젯타이테키니 와타시데스
테스트, 마이크 테스트, 나는 절대적으로 나야

SNS でレス 誰のせいでもないのは嘘です
에스에누에스데 레스 다레노 세-데모 나이노와 우소데스
SNS 댓글, 누구의 탓도 아니라는 건 거짓말이야

テステスマイクテスト 私絶対的に私です
테스테스 마이쿠테스토 와타시 젯타이테키니 와타시데스
테스트, 마이크 테스트, 나는 절대적으로 나야

SNS でレス さささ最低界隈です
에스에누에스데 레스 사사사 사이테-카이와이데스
SNS 댓글, 여긴 최최최 최저 집단입니다

お小遣いじゃ足りないんです でもって何もかも高い問題
오코즈카이쟈 타리나인데스 데못테 나니모카모 타카이 몬다이
용돈만으론 부족해요, 게다가 뭐든지 비싼 게 문제

不測の事態流行ってんね なんかそれすらもバズなコンテンツ
후소쿠노 지타이 하얏텐네 난카 소레스라모 바즈나 콘텐츠
예상치 못한 일들이 유행이네, 왠지 그것마저도 핫한 콘텐츠

流行り現実逃避 将来は苦渋の選択
하야리 겐지츠토-히 쇼-라이와 쿠쥬-노 센타쿠
유행은 현실도피, 미래는 고통스러운 선택

勉学励んでめにめに 払えって現実はバグ
벤가쿠 하겐데 메니메니 하라엣테 겐지츠와 바구
공부나 하라고 눈에 불을 켜네, 돈 내라는 현실은 버그투성이

今日のメイクまつげ上がらんのエグい
쿄-노 메이쿠 마츠게 아가란노 에구이
오늘 화장, 속눈썹 안 올라가는 거 장난 아냐

日々日々模索 唯一無二かわいい
히비히비 모사쿠 유이이츠무니 카와이이
매일매일 찾아 헤매, 독보적인 귀여움을

結局もうどうかわかんないよ経済
켓쿄쿠 모- 도-카 와칸나이요 케-자이
결국 이젠 어떻게 될지 모르겠어, 경제는

学んでおけば良かった免罪符って 売れんだって高値で捌け
마난데오케바 요캇타 멘자이훗테 우렌닷테 타카네데 사바케
'배워뒀으면 좋았을걸'이란 면죄부, 잘 팔린다며 비싸게 넘겨버려

将来いつか富豪になってみたい とかなんとか思ってたっけ
쇼-라이 이츠카 후고-니 낫테미타이 토카 난토카 오못테탓케
나중에 언젠가는 부자가 되어보고 싶다 같은 생각을 했었나

アプデ待ちな世の中どうにかして
아푸데 마치나 요노나카 도-니카시테
업데이트 대기 중인 이 세상, 어떻게 좀 해봐

最低界隈 最低界隈
사이테-카이와이 사이테-카이와이
최저집단, 최저집단

あいどんのー本当奥歯がたがた言わしたろかい
아이돈노 혼토 오쿠바 가타가타 이와시타로카이
'I DON‘T KNOW 진짜, 어금니 꽉 물게 해줄까

最低界隈 最低界隈
사이테-카이와이 사이테-카이와이
최저집단, 최저집단

夢は何？ラブみラブみ『奪われない事』
유메와 나니? 라부미 라부미 우바와레나이 코토
꿈이 뭐냐고? 완전 러브, 바로 『빼앗기지 않는 것』

テステスマイクテスト 私絶対的に私です
테스테스 마이쿠테스토 와타시 젯타이테키니 와타시데스
테스트, 마이크 테스트, 나는 절대적으로 나야

SNS でレス これに生産性など皆無です
에스에누에스데 레스 코레니 세-산세-나도 카이무데스
SNS 댓글, 이런 짓에 생산성 따윈 눈곱만큼도 없어

テステスマイクテスト 私絶対的に私です
테스테스 마이쿠테스토 와타시 젯타이테키니 와타시데스
테스트, 마이크 테스트, 나는 절대적으로 나야

SNS でレス さささ最低界隈です
에스에누에스데 레스 사사사 사이테-카이와이데스
SNS 댓글, 여긴 최최최 최저 집단입니다

嫌んなってポイってして 感情はプラスチック
이얀낫테 포잇테 시테 칸죠-와 푸라스칫쿠
싫증 나서 휙 던져버린 감정은 플라스틱

体内漂って溜まっていきます
타이나이 타다욧테 타맛테이키마스
몸속을 떠다니며 쌓여만 가네

最低な気分なら最低でいい
사이테-나 키분나라 사이테-데 이이
기분이 최악이면 최악인 채로 괜찮아

黙っている方が不健康です
다맛테이루 호-가 후켄코-데스
입 다물고 있는 게 더 안 좋아

言いたいことは全部言って 出来る事あれば全部やって
이이타이 코토와 젠부 잇테 데키루 코토 아레바 젠부 얏테
하고 싶은 말은 전부 하고, 할 수 있는 일 있으면 전부 하라고

独り独りがそうやって 繋がって歌え
히토리 히토리가 소-얏테 츠나갓테 우타에
한 사람 한 사람이 그렇게 이어져서 노래해

此処に居る 此処に居る 物言わぬ屍じゃないわ
코코니 이루 코코니 이루 모노이와누 시카바네쟈 나이와
여기에 있어, 여기에 있어, 말 없는 시체가 아니라고

テステスマイクテスト 私絶対的に私です
테스테스 마이쿠테스토 와타시 젯타이테키니 와타시데스
테스트, 마이크 테스트, 나는 절대적으로 나야

SNS でレス これに生産性など皆無です
에스에누에스데 레스 코레니 세-산세-나도 카이무데스
SNS 댓글, 이런 짓에 생산성 따윈 눈곱만큼도 없어

テステスマイクテスト 私絶対的に私です
테스테스 마이쿠테스토 와타시 젯타이테키니 와타시데스
테스트, 마이크 테스트, 나는 절대적으로 나야

SNS でレス さささ最低界隈です
에스에누에스데 레스 사사사 사이테-카이와이데스
SNS 댓글, 여긴 최최최 최저 집단입니다","[""import"",""japanese""]",2026-02-22 11:13:33.100503+00,e1848554-ffae-479c-a8cd-4c0d77b7bed2,2026-03-19 15:55:50.007522+00,0,0,0,2026-03-19 15:55:50.007522+00,0,null,null,null,false,null,null,null,null,true,cf8d59cc-4fd2-4f93-b835-d78a882fdf81,null,null,"{""tables"":{""1"":{""rows"":[],""columns"":[]}}}",null,[],null,null
d2861a81-fa96-4577-a7d0-5861b79a284a,とりあえず,"「とりあえず」は「まず第一に」「さしあたって」「一時的に」という意味の副詞で、他のことは後回しにして目の前のことや差し迫ったことを先に片付ける際に使います。日常会話では「とりあえずビール！」のように気軽に使われますが、ビジネスシーンでは「間に合わせ」「いい加減」といったネガティブな印象を与える可能性があり、「ひとまず」「当面は」などへの言い換えが推奨されます。 
「とりあえず」の主な意味と使い方
優先順位をつける: 他の多くの事柄を置いて、そのことだけを優先して行う意味。「（他のことは後にして）とりあえずこれを先にやろう」。
一時的な対応: 根本的な解決ではなく、一時しのぎや仮の措置として行う意味。「とりあえず応急処置だけしておく」。
気軽さ・迷い: 良い考えが浮かばない時や、深く考えずに最初の行動として選ぶニュアンス。「他に良い考えがないから、とりあえずこれにしとく」。 
ビジネスシーンでの注意点と類語
注意: 「とりあえず作った」という表現は、「ろくに考えず作った」と取られかねず、相手に不快感を与えることがあります。
言い換え表現:
「ひとまず」: 「とりあえず」よりも丁寧で、一時的な対応を示す際に使いやすい。
「当面は」「さしあたり」: 「今のところは」「当面の間」という意味で、中長期的な視点も含む。
「まずは」「最初（に）」: 優先順位を明確にする場合。 
「とりあえず」の語源
元々は「取りも敢えず（とりもあへず）」という言葉で、「（他に取るべきものがなく）たちどころに」「すぐに」という瞬間性や性急さを表していました。 
状況に応じて「とりあえず」のニュアンスを理解し、相手に誤解を与えないように「ひとまず」などの言葉を使い分けるのがポイントです。","[""import"",""japanese""]",2026-02-22 11:13:33.100503+00,e1848554-ffae-479c-a8cd-4c0d77b7bed2,2026-03-19 15:55:50.007522+00,0,0,0,2026-03-19 15:55:50.007522+00,0,null,null,null,false,null,null,null,null,true,71643bf5-6b72-431b-8f48-529be82ee894,null,null,"{""tables"":{""1"":{""rows"":[],""columns"":[]}}}",null,[],null,null
d292b275-e25e-40c3-bfc0-40d31ad0f553,「褒める」,"「褒める」とは、人の行動や行いを「素晴らしい」「良い」と評価し、称賛することです。相手の承認欲求を満たし、自信やモチベーションを高める効果があり、人間関係を良好にするための重要なコミュニケーション手段であり、具体的な行動やプロセスを的確に伝えることで、より効果的になります。 
褒めることの重要性
相手の成長促進: 部下や子供の成長を促し、積極的な行動を促します。
信頼関係の構築: 相手を認め、信頼関係を深めることができます。
心理的効果: 承認欲求を満たし、幸福感を与え、ポジティブな行動を強化します。 
上手に褒めるためのコツ
具体的に褒める: 「すごい」だけでなく、「〇〇の点が素晴らしい」と、何が良かったのかを具体的に伝える。
行動やプロセスを褒める: 結果だけでなく、そこに至るまでの努力や工夫を評価する。
タイミングと頻度: 適切なタイミングで、適度な頻度で褒める（例：大きな成果や、日常のささやかな工夫など）。
間接的に褒める（ウィンザー効果）: 本人がいない場所で褒めると、第三者からの評価として伝わり、より信頼感が増す。
質問形式で褒める: 「どうしたらそんなに上手くできるの？」と質問形式にすると、謙遜されずに受け入れられやすい。 
「褒める」と「誉める」
意味は同じですが、公用文やビジネス文書では常用漢字である「褒める」を使うのが一般的です。 
褒めることは、相手への敬意と理解を示す行為であり、コミュニケーションを活性化させ、より良い関係性を築くための強力なツールです。","[""import"",""japanese""]",2026-02-22 11:13:33.100503+00,e1848554-ffae-479c-a8cd-4c0d77b7bed2,2026-03-19 15:55:50.007522+00,0,0,0,2026-03-19 15:55:50.007522+00,0,null,null,null,false,null,null,null,null,true,4bd2d5eb-c7f3-4148-972c-091774b460e2,null,null,"{""tables"":{""1"":{""rows"":[],""columns"":[]}}}",null,[],null,null
d388b558-aebf-4d20-9571-2f943a793134,「繋ぎ（つなぎ）」,"「繋ぎ（つなぎ）」は、上着とズボンが一体になった服（オールインワン、オーバーオール、ジャンプスーツなど）を指すのが一般的で、作業着として汚れ防止や動きやすさを目的としますが、ファッションアイテムとしても使われます。また、「つなぐ」という動作や、その間を埋めるもの（繋ぎの仕事、顔繋ぎ）を指す場合もあります。 
主な意味
作業着・衣服:
上着とズボンが縫い合わされた一枚の服。
別名：オールインワン、オーバーオール、ジャンプスーツ、カバーオールなど。
用途：作業効率向上、安全性確保（汚れ防止、怪我防止）。
素材：デニム、キャンバスなど丈夫な生地が使われる。
動作・役割:
「つなぐ」こと、またはそのためのもの。
「繋ぎの仕事」：次の仕事が始まるまでの間を埋めるための仕事。
「顔繋ぎ」：人との関係をつなぐこと。 
関連する言葉
続服（つづきふく）: 「つなぎ」の別表記。
コンビネゾン: 女性のファッションで使われる、つなぎタイプの服。 
このように、「繋ぎ」は文脈によって「一体型の服」または「何かをつなぐ行為やもの」を意味します。","[""import"",""japanese""]",2026-02-22 11:13:33.100503+00,e1848554-ffae-479c-a8cd-4c0d77b7bed2,2026-03-19 15:55:50.007522+00,0,0,0,2026-03-19 15:55:50.007522+00,0,null,null,null,false,null,null,null,null,true,fd1451a0-4ef2-4033-a221-b0f01eb72976,null,null,"{""tables"":{""1"":{""rows"":[],""columns"":[]}}}",null,[],null,null
df42fa8a-5f9a-45e4-940e-87df69215874,「湧き上がる（わきあがる）」,"https://youtu.be/9B1izCJwtmM?si=uAU09YRVmtL4uMX_

「湧き上がる（わきあがる）」とは、水や感情、考えなどが内部からこみ上げるように発生・出現する様子を表し、物理的には水が地中から沸き出る（湧き出る）、感情的には喜びや感動などが内面からあふれる、考えやイメージが心に浮かぶといった意味で使われます。類義語には「こみ上げる」「溢れる」「沸き立つ」「芽生える」などがあり、物理的な現象から心の動きまで幅広く表現できるのが特徴です。 
主な意味と使い方
物理的な現象: 水が地面からわき出る様子。「清水が岩間から湧き上がる」。
感情・意欲: 心の内側から自然に感情や意欲が生まれる様子。「感動が胸に湧き上がる」「興味が湧き上がる」。
考え・イメージ: 思考や記憶などが心に浮かんでくる様子。「名案が湧き上がる」「記憶が湧き上がる」。
騒ぎ・群衆: 大勢の人から騒ぎなどが起こる様子。「歓声が湧き上がる」。 
例文
「大自然の中で、生命の力が湧き上がってくるのを感じた。」
「彼の話を聞いて、勇気が湧き上がってきた。」
「目の前の光景に、歓声が湧き上がった。」

https://wordrow.kr/basicn/ja/search/%E6%B9%A7%E3%81%8D%E4%B8%8A%E3%81%8C%E3%82%8B/

꿈틀하다 動詞

1 몸의 한 부분을 비틀거나 구부리며 움직이다.
1 うごめく【蠢く】。のたくる: 体の一部を捻ったりくねらせたりして動く。

2 어떤 생각이나 감정이 갑자기 생기다.
2 わき上がる【湧き上がる】: ある考えや感情がいきなり生じる。

꿈틀꿈틀하다 動詞

1 몸의 한 부분을 자꾸 비틀거나 구부리며 움직이다.
1 うごめく【蠢く】。のたくる: 体の一部を捻ったりくねらせたりして動き続ける。

2 어떤 생각이나 감정이 갑자기 자꾸 생기다.
2 わき上がる【湧き上がる】: ある考えや感情がいきなりしきりに生じる。

꿈틀대다 動詞

1 몸의 한 부분을 자꾸 비틀거나 구부리며 움직이다.
1 うごめく【蠢く】。のたくる: 体の一部を捻ったりくねらせたりして動き続ける。

2 어떤 생각이나 감정이 갑자기 자꾸 생기다.
2 わき上がる【湧き上がる】: ある考えや感情がいきなりしきりに生じる。

치받다 動詞

1 욕심이나 분노와 같은 감정이 세차게 북받쳐 오르다.
1 こみあげる【込み上げる】。わきあがる【湧き上がる】: 欲や憤りなどの感情が激しく沸き上がってくる。

꿈틀거리다 ☆ 動詞

1 몸의 한 부분을 자꾸 비틀거나 구부리며 움직이다.
1 うごめく【蠢く】。のたくる: 体の一部を捻ったりくねらせたりして動き続ける。

2 어떤 생각이나 감정이 갑자기 자꾸 생기다.
2 わき上がる【湧き上がる】: ある考えや感情がいきなりしきりに生じる。

팽배하다 (澎湃/彭湃 하다) 動詞

1 어떤 기세나 사상의 흐름 등이 매우 거세게 일어나다.
1 わきあがる【湧き上がる】。ほうはいとする【澎湃とする】: ある気運や思想の流れなどが盛んな勢いで沸き起こる。

샘솟다 動詞

1 어떤 감정이나 눈물이 계속 솟아 나오다.
1 わく【湧く・涌く】。あふれでる【溢れ出る】。わきあがる【湧き上がる】: 引き続き感情が生じたり涙が出たりする。

치받치다 動詞

1 연기나 불길 등이 세차게 위로 솟아오르다.
1 ふきあがる【吹き上がる・噴き上がる】: 煙や火炎などが激しい勢いで上に向かって噴き出す。

2 감정 등이 세차게 복받쳐 오르다.
2 こみあげる【込み上げる】。わきあがる【湧き上がる】: 感情などが激しく沸き上がってくる。

치솟다 ☆ 動詞

1 위쪽으로 힘차게 솟다.
1 たちのぼる【立ち上る】。つきあがる【突き上がる】: 下から上の方に激しい勢いで上がる。

2 감정이나 생각 등이 세차게 복받쳐 오르다.
2 こみあげる【込み上げる】。わきあがる【湧き上がる】: 感情や考えなどが激しく沸き上がってくる。

솟구치다 ☆ 動詞

1 아래에서 위로, 또는 안에서 밖으로 세차게 솟아오르다.
1 はねあがる【跳ね上がる】: 下から上へ、または中から外へ勢いよく上がる。

2 감정이나 힘 등이 급하고 세차게 솟아오르다.
2 わきあがる【湧き上がる・涌き上がる】。こみあげる【こみ上げる】: 感情や力などが強く湧き出る。

3 빠르고 세게 높이 솟게 하다.
3 はねあげる【跳ね上げる】: 体を速くて強く上方へ上げる。

용솟음치다 (湧 솟음치다) 動詞

1 물이 매우 세차게 위로 나오다.
1 わきあがる【湧き上がる】。ふきあがる【噴き上がる】。ほとばしる【迸る】: 水が勢いよく上へ噴き出す。

2 힘이나 기세가 매우 세차게 솟아나다.
2 わきあがる【湧き上がる】。ふきあがる【噴き上がる】。ほとばしる【迸る】: 力や勢いなどが強く湧き上がる。

솟아오르다 ☆ 動詞

1 아래에서 위로 또는 안에서 밖으로 불쑥 나타나다.
1 わきあがる【湧き上がる・涌き上がる】。ふきあがる【噴き上がる】。あふれでる【溢れ出る】: 下から上へ、または中から外へ突然現れる。

2 감정이나 힘 등이 힘차게 일어나다.
2 わきでる【湧き出る・涌き出る】。ふきでる【噴き出る】。あふれでる【溢れ出る】: 感情や力などが強く湧き上がる。
끓어오르다 ☆ 動詞
1 액체가 끓어서 위로 솟아오르다.
1 わきあがる【湧き上がる】。わきたつ【湧き立つ】。たぎる【滾る】。にえたつ【煮え立つ】: 液体が煮立ってふきあがる。
2 감정이나 신체 현상이 강하게 일어나다.
2 わきあがる【湧き上がる】。わきたつ【湧き立つ】。たぎる【滾る】。にえたつ【煮え立つ】: 感情や身体現象が盛んに沸き起こる。

일어나다 ☆☆☆ 動詞

1 누워 있다가 앉거나 앉아 있다가 서다.
1 おきる【起きる】。おきあがる【起き上がる・起き上る】。たちあがる【立ち上がる・立上がる】: 横になっていたものが座ったり、座っていたものが立ったりする。

2 잠에서 깨어나다.
2 おきる【起きる】: 目を覚ます。

3 일이나 사건 등이 생기다.
3 おきる【起きる】。おこる【起こる・起る】: 事や事件などが生ずる。

4 어떤 감정이나 마음이 생기다.
4 おこる【起こる・起る】: ある感情が心の中に生ずる。

5 약하거나 없던 것이 번성하거나 세지다.
5 おこる【起こる・起る】。たちあがる【立ち上がる・立上がる】。おこる【興る】: 弱かったりなかったりした物事が盛んになったり強くなったりする。

6 어떤 일을 위해 몸과 마음을 모아 나서다.
6 たちあがる【立ち上がる・立上がる】: 何かのために思い切って行動を起こす。

7 위로 솟아오르거나 겉으로 부풀어 오르다.
7 たつ【立つ】。ふきあがる【吹き上がる・噴き上がる・吹き上る・噴き上る】: 高く湧き上がったり膨れ上がったりする。

8 자연이나 사람 등에게 어떤 현상이 발생하다.
8 おきる【起きる】。おこる【起こる・起る】: 自然や人などにある現象が発生する。

9 어떤 소리가 나다.
9 あがる【揚がる】。わきあがる【湧き上がる・涌き上がる・湧き上る・涌き上る】: 音がする。

10 사회에 어떤 현상 등이 생기다.
10 おきる【起きる】。おこる【起こる・起る】: 社会にある現象が生ずる。

11 병을 앓다가 낫다.
11 おきる【起きる】。おきあがる【起き上がる・起き上る】: 病気が治る。

용솟음치다 (湧 솟음치다) 動詞

1. 물이 매우 세차게 위로 나오다.
1. わきあがる【湧き上がる】。ふきあがる【噴き上がる】。ほとばしる【迸る】: 水が勢いよく上へ噴き出す。

2. 힘이나 기세가 매우 세차게 솟아나다.
2. わきあがる【湧き上がる】。ふきあがる【噴き上がる】。ほとばしる【迸る】: 力や勢いなどが強く湧き上がる。

솟아오르다 ☆ 動詞

1. 아래에서 위로 또는 안에서 밖으로 불쑥 나타나다.
1. わきあがる【湧き上がる・涌き上がる】。ふきあがる【噴き上がる】。あふれでる【溢れ出る】: 下から上へ、または中から外へ突然現れる。

2. 감정이나 힘 등이 힘차게 일어나다.
2. わきでる【湧き出る・涌き出る】。ふきでる【噴き出る】。あふれでる【溢れ出る】: 感情や力などが強く湧き上がる。

용솟음 (湧 솟음) 名詞

1. 물이 매우 세차게 위로 나옴.
1. わきあがり【湧き上がり】。ふきあがり【噴き上がり】。ほとばしり【迸り】: 水が勢いよく上へ噴き出すこと。

2. 힘이나 기세가 매우 세차게 솟아남.
2. わきあがり【湧き上がり】。ふきあがり【噴き上がり】。ほとばしり【迸り】: 力や勢いなどが強く湧き上がること。","[""import"",""japanese""]",2026-02-22 11:13:33.100503+00,e1848554-ffae-479c-a8cd-4c0d77b7bed2,2026-03-19 15:55:50.007522+00,0,0,0,2026-03-19 15:55:50.007522+00,0,null,null,null,false,null,null,null,null,true,21da1279-51b0-42ca-8966-1e5bd5fa35ae,null,null,"{""tables"":{""1"":{""rows"":[],""columns"":[]}}}",null,[],null,null
e80d96a0-d097-43dd-8e4d-c997db080006,「認める（みとめる）」,"「認める」は主に「みとめる」と読み、相手の権利や主張を「受け入れる」「許可する」「正しいと判断する」（承認、許可、受諾）意味と、事実や存在を「見分ける」「気づく」（認識、発見、観察）意味がありますが、文脈によっては「したためる」と読み、「手紙などを丁寧に書き記す」という意味も持ちます。
相手の才能や意見を肯定する時（承認）、間違いを認める時（告白）、許可を出す時（許可）、自分の非を認識する時（自覚）など、多様な場面で使われる動詞です。
 
主な意味と読み方
みとめる (mitomeru):
承認・許可: 相手の主張や要求を「受け入れる」「許可する」。「承認する」「公認する」「容認する」などの類語があります。例：「彼の意見を認める」「申請を認可する」。
認識・発見: ある物事の存在や事実を「見分ける」「気づく」「理解する」。例：「才能を認める」「異状を認める（認識する）」。
告白・自認: 自分の過ちや事実を「認める」「告白する」。例：「罪を認める」。
したためる (shitatameru):
書き記す: 丁寧に心構えを整えて手紙などを「書き表す」。例：「便りを認める（＝手紙を書く）」。 
読み方のポイント
「便り（手紙）」に関する文脈なら「したためる」が正解。
「権利」「承認」「許可」「認識」など、受け入れる・判断する文脈なら「みとめる」。
文脈で意味が変わり、「みとめる」と「したためる」は同じ漢字で表記されるため注意が必要です。","[""import"",""japanese""]",2026-02-22 11:13:33.100503+00,e1848554-ffae-479c-a8cd-4c0d77b7bed2,2026-03-19 15:55:50.007522+00,0,0,0,2026-03-19 15:55:50.007522+00,0,null,null,null,false,null,null,null,null,true,ffa42d38-c07c-45e1-8163-51ff84ec0c55,null,null,"{""tables"":{""1"":{""rows"":[],""columns"":[]}}}",null,[],null,null
e86973e2-fd0f-4dfb-bb02-911b2086a989,嫉妬（しっと）,"嫉妬（しっと）とは、他人が自分より優れている、あるいは愛情や関心を独占していると感じたときに抱く、羨望や恨み、ねたみなどのネガティブな感情です。人間の自然な感情の一つですが、強すぎると自己肯定感の低さや不安から、人間関係を悪化させることもあり、前向きな動機付けに転換する「上手な付き合い方」が大切です。 
嫉妬の主な種類
羨望（Envy）：他人が持つ才能、成功、持ち物などを「自分も欲しい」と願う気持ち。
ジェラシー（Jealousy）：愛する人（パートナーなど）の愛情が自分以外へ向くことへの不安や恐れ、独占欲からくる感情。 
嫉妬が生じやすい状況
恋愛関係（パートナーが他の異性と親しくする）
友人関係（友人が他の人と親しくする、成功する）
職場や学校での成功、評価
他人の才能や容姿、財産など 
嫉妬を感じやすい人の特徴（原因）
自分に自信がない、自己評価が低い
寂しがり屋で、愛着への不安が強い
過去に裏切られた経験がある
独占欲が強い、疑い深い 
嫉妬との向き合い方（対処法）
自分の感情を認識し、言語化する：何に対して嫉妬しているのかを明確にする。
根本原因を探る：自信のなさや不安が背景にある場合が多いので、自己肯定感を高める努力をする。
前向きな行動に変える：嫉妬心を「自分も頑張ろう」というモチベーションや向上心に変える。
パートナーと正直に話し合う：不安な気持ちを伝え、信頼関係を深める。
他のことに熱中する：趣味や仕事など、夢中になれるものを見つける。 
嫉妬は誰にでもある感情ですが、その感情に飲み込まれず、自分を成長させるきっかけとして建設的に捉えることが、健全な人間関係や自己成長につながります。","[""import"",""japanese""]",2026-02-22 11:13:33.100503+00,e1848554-ffae-479c-a8cd-4c0d77b7bed2,2026-03-19 15:55:50.007522+00,0,0,0,2026-03-19 15:55:50.007522+00,0,null,null,null,false,null,null,null,null,true,7aa1663c-3f7f-4a52-aab3-83a9968bc04f,null,null,"{""tables"":{""1"":{""rows"":[],""columns"":[]}}}",null,[],null,null
ea4a8019-ce6f-4b01-8762-502b2e7b2dfc,「踏んで（ふんで）」,"「踏んで」は動詞「踏む」（ふむ）の命令形や依頼形（「～してください」の「～て」の形）で、「足で上から押さえる」「（比喩的に）無視する・軽んじる」「地雷・バグを踏む」などの意味があり、文脈によって「地面を踏んで進む」「期待を裏切らないで（踏み切って）」など、具体的な行動から比喩的な意味まで幅広く使われます。 
主な意味と使い方
物理的に踏む
例：「この道、ちゃんと踏んで（足跡つけて）行こう」
例：「この石を踏んで（足がかりにして）登る」
比喩的に「無視する」「軽んじる」
例：「約束を踏んで（破って）しまった」
例：「彼の気持ちを踏んで（顧みず）行動した」
IT用語・隠語で「バグに遭遇する」
例：「新しいシステムで、また踏んで（バグを踏んで）しまったよ」
「～を踏まえて」（前提として考慮する）
例：「これまでの経験を踏んで（考慮して）、判断する」 
文脈が重要
「踏んで」だけでは意味が定まらないため、どのような状況で使われているかによって解釈が変わります。
もし、具体的な文脈があれば教えていただけると、より的確な回答ができます。

밟다

「踏む」の英語は文脈で異なり、「step on」（何かを踏む）、「step on someone's foot」（人の足を踏む）、「apply」（アクセル・ブレーキ）、「go through」（手続き）などがあり、「trample on」は踏みつける、踏みにじる（権利など）という強い意味です。 
具体的な表現と例文
step on / step on ~'s foot: 最も一般的で、足で何かを踏む、人の足を踏む。
I stepped on a banana.（バナナを踏んだ）
You stepped on my foot!（私の足を踏んだ！）
trample on: 踏みつける、踏みにじる（権利など）。
Their rights were trampled on.（彼らの権利は踏みにじられた）
apply (the brake/accelerator): アクセルやブレーキを踏む（操作する）。
I applied the brake.（ブレーキを踏んだ）
go through: 手続きなどを踏む（経験する、実行する）。
We need to go through a series of formalities.（一連の手続きを踏む必要がある）
stamp one's feet: 地団駄を踏む、足を踏み鳴らす。
He stamped his feet in frustration.（彼は悔しさで地団駄を踏んだ）
tread on someone's toes: （比喩的に）人の領域を侵す、（文字通り）人のつま先を踏む。 
状況に応じた使い分け
物理的に何かを踏む: step on。
アクセル・ブレーキを踏む: apply。
権利などを踏みにじる: trample on。
経験や手順を踏む: go through, have experience。
悔しくて足を踏み鳴らす: stamp one's feet。","[""import"",""japanese""]",2026-02-22 11:13:33.100503+00,e1848554-ffae-479c-a8cd-4c0d77b7bed2,2026-03-19 15:55:50.007522+00,0,0,0,2026-03-19 15:55:50.007522+00,0,null,null,null,false,null,null,null,null,true,ef16c956-c205-47ea-80c2-45e54465b619,null,null,"{""tables"":{""1"":{""rows"":[],""columns"":[]}}}",null,[],null,null
eb0e2903-00b2-4354-bde2-7ab1bf7501e2,「坊主（ぼうず）」,"「坊主（ぼうず）」は元々寺の住職や僧侶を指す言葉で、「坊さんの主」が語源ですが、室町時代以降は一般の僧侶の総称となり、転じて髪を剃った頭（坊主頭・丸刈り）や、男の子の愛称（坊や）、さらには僧形（そうぎょう）の雑役係（茶坊主など）も指すようになりました。現代では、僧侶だけでなく、髪型の一種である「坊主頭」の意味合いが強く、清潔感や男らしさ、手入れのしやすさから人気のあるヘアスタイルです。 
「坊主」の主な意味
僧侶（そうりょ）：本来は「坊（寺の建物）の主（あるじ）」を意味する尊称で、住職を指しました。
髪型（坊主頭・丸刈り）：頭髪を短く刈りそろえた髪型。男性ホルモンとの関連や、清潔感、手入れのしやすさから人気があります。
男の子の愛称：幼い頃に髪を剃っていたことから、「坊や」と同様に男の子を指す愛称としても使われます。
特定の役割の人物：武家などで僧形で雑務をこなした人（茶坊主、太鼓坊主など）。
宣教師（歴史的）：キリスト教伝来当初、宣教師を指す言葉として「南蛮坊主」と呼ぶこともありました。 
現代における「坊主」の使われ方
ヘアスタイルとして：男性の髪型で「おしゃれ坊主」など、短髪のスタイルを指すことが多いです。
俗語として：親しみを込めて「坊主」や「お坊さん」と呼んだり、子供を指したりします。 
このように、「坊主」は歴史的・文化的な背景から多様な意味を持つ言葉です。","[""import"",""japanese""]",2026-02-22 11:13:33.100503+00,e1848554-ffae-479c-a8cd-4c0d77b7bed2,2026-03-19 15:55:50.007522+00,0,0,0,2026-03-19 15:55:50.007522+00,0,null,null,null,false,null,null,null,null,true,ce67c190-47dc-44cd-b598-c7249a70f173,null,null,"{""tables"":{""1"":{""rows"":[],""columns"":[]}}}",null,[],null,null
f50b3d6e-49ae-4a16-a5a5-72c284ff05ab,「食う訳じゃない」,"「食う訳じゃない」は、「（必ずしも）食べるという意味ではない」「そういうつもり（意図）ではない」というニュアンスで使われ、「食べたり生活に困るほどではない」「（単に）食べるためだけじゃない」などの文脈で使われます。例えば、「仕事は忙しいけど、食う訳じゃない」なら「生活のためだけじゃない（他に目的がある）」、「これはお菓子だけど、おやつとして食う訳じゃない（何か別の意味がある）」といった感じです。 
主な意味と使い方
「食べる」ことそのものではない、別の意図がある場合:
例：「この話は、ただの噂話として食う訳じゃないんだよ。」（単なる噂話として流す意図ではない）
生活のため、という意味合いが薄い場合:
例：「別に金のためだけにやってるわけじゃなくて、食う訳じゃないし。」（生活のため、というだけではない）
比喩的な表現（「割を食う」「強敵を食う」など）の否定:
「割を食う」のように、損をするとか、他人の利益を奪うといったネガティブな意味を否定する場合にも使われますが、文脈が重要です。 
類似表現
「～というわけじゃない」: 「It's not that...」や「It's not like...」といった英語表現で、「～というわけではないけど…」と続くことが多いです。
「食べる」の口語表現: 「食う」は「食べる」のくだけた言い方で、「腹が減る」「食事をする」といった意味で使われます。 
「食う訳じゃない」は、文字通り「食べる」という意味から派生して、「（単に）～という意味ではない」「そういうつもりで言っているのではない」と、否定や言い換えのニュアンスを伝える表現として使われることが多いです。

https://youtu.be/YZUij1EaHJw?si=VdBPgwT7LyyXp5ru","[""import"",""japanese""]",2026-02-22 11:13:33.100503+00,e1848554-ffae-479c-a8cd-4c0d77b7bed2,2026-03-19 15:55:50.007522+00,0,0,0,2026-03-19 15:55:50.007522+00,0,null,null,null,false,null,null,null,null,true,bf475a18-94bf-4c97-b5d8-ff3a9e756a70,null,null,"{""tables"":{""1"":{""rows"":[],""columns"":[]}}}",null,[],null,null
fa6416c9-b165-42db-bf85-a62a37a76f30,「奪ってる（うばってる）」,"「奪ってる（うばってる）」とは、「無理やり力ずくで、または不当に、何か（物、権利、自由、時間など）を取り上げている状態」を意味し、「奪う」の進行形・継続形で、「強奪する」「横取りする」「略奪する」といったニュアンスを持つ言葉です。文字通り物理的なものを奪う場合だけでなく、時間、機会、権利、精神的なものなど、抽象的なものを奪う状況にも使われます。 
具体的な意味と使われ方
物理的なもの: 「（強盗が）現金を奪ってる」。
権利・自由: 「公正な賃金や権利を労働者から奪ってる」。
時間・機会: 「彼の貴重な時間を奪ってるな」。
比喩的な表現: 「彼の心（愛情）を奪ってる」 (魅了して自分のものにしている)。 
類語・関連語
強奪する、略奪する、横取りする、取り上げる、剥奪する、奪い取る。 
文脈によって「奪う」対象やニュアンスが変わるため、どのような状況で使われているかを確認すると、より正確な意味が理解できます。

빼앗다,훔치다","[""import"",""japanese""]",2026-02-22 11:13:33.100503+00,e1848554-ffae-479c-a8cd-4c0d77b7bed2,2026-03-19 15:55:50.007522+00,0,0,0,2026-03-19 15:55:50.007522+00,0,null,null,null,false,null,null,null,null,true,74ef3a5b-966b-4b57-9379-722a9d104f0e,null,null,"{""tables"":{""1"":{""rows"":[],""columns"":[]}}}",null,[],null,null
fb2117eb-5828-4d63-a06c-6bfd2e944a67,「手を繋ぎたい（てをつなぎたい）」,"「手を繋ぎたい」と感じているなら、相手への好意や関係を進展させたい気持ちの表れで、相手も嬉しいと感じる場合が多いです。マイナビウーマン Oggi.jp 待ち合わせ、人混み、階段など自然な流れで、「手を繋いでもいい？」と聞くか、さりげなく手を差し出すのがおすすめです。Oggi.jp PressWalker 楽天ぐるなび 相手の反応を見ながら、無理強いせず、ハンドケアにも気を配ると良いでしょう。Oggi.jp Anny（アニー） 
手を繋ぎたい心理
好意のサイン: 相手に好意があり、もっと親密になりたい、関係を進めたいという気持ちの表れです。Oggi.jp marouge.jp
安心感と信頼: 手を繋ぐことでオキシトシンというホルモンが分泌され、安心感や信頼感が深まります。結婚相談所「パートナーエージェント」 PressWalker
相手の気持ちの確認: 相手が自分をどう思っているか、気持ちを確かめたいという心理もあります。marouge.jp 
手を繋ぐおすすめのタイミングと方法
待ち合わせ・別れ際: 合流した時や帰り道は自然に手を繋ぎやすいタイミングです。Oggi.jp 楽天ぐるなび
人混み・階段: はぐれないように、または階段を降りる際にサポートする形で繋ぐと自然です。PressWalker 楽天ぐるなび
寒い時: 「寒いね」と声をかけ、手を温めるように繋ぐのも良いでしょう。Anny（アニー）
言葉で伝える: 「手を繋ぎたいな」とストレートに伝えるのも効果的。相手も嬉しいと感じることが多いです。マイナビウーマン","[""import"",""japanese""]",2026-02-22 11:13:33.100503+00,e1848554-ffae-479c-a8cd-4c0d77b7bed2,2026-03-19 15:55:50.007522+00,0,0,0,2026-03-19 15:55:50.007522+00,0,null,null,null,false,null,null,null,null,true,4645d669-d696-46ed-aa98-afd24475b683,null,null,"{""tables"":{""1"":{""rows"":[],""columns"":[]}}}",null,[],null,null
fc12c62f-606d-42af-84ff-b93b5afa923d,「とにかく」,"「とにかく」は「何はともあれ」「いずれにしても」「まずは」という意味で、他の事情を差し置いて、まずは一つの事柄に集中したり、行動に移したりすることを促す言葉です。漢字では「兎に角」と書きますが、これは「兎角（とかく）」という仏教用語「兎角亀毛（現実にはありえないこと）」の当て字で、本来は「うさぎに角はない」のように、現実にはないものを指す言葉に由来しています。 
「とにかく」の主な使い方とニュアンス
優先順位をつけ、行動を促すとき: 多くの選択肢や事情がある中で、まずはこれ！というものを強調します。「とにかく勉強をがんばりなさい」「とにかくやってみよう」のように使います。
結論をまとめるとき: 話が長くなった後や、複数の事柄をまとめて「結局はこうだ」と結論づける際にも使われます。「とにかく、面白かったよ！」。
「とりあえず」との違い: 「とりあえず」が「今のところはこれで」という一時的な処理や開始を意味するのに対し、「とにかく」は「他のことはさておき、これだけは！」という強い意志や結論を伴うことが多いです。 
例文
「雨が降ってるけど、とにかく行こう！」（他のことは気にせず、まずは行く）
「問題は山積みだけど、とにかく今できることから始めよう。」（優先順位をつけて行動開始） 
語源（豆知識）
「兎に角」の「兎角（とかく）」は、現実には存在しないものの例えである「兎角亀毛（とかくきもう）」という仏教用語から来ており、うさぎに角がないように、という意味で当て字として使われるようになりました。 
「とにかく」は、状況を打開したり、行動を起こしたりする際の、力強い一言として日常的に使われる便利な言葉です。

어쨌든","[""import"",""japanese""]",2026-02-22 11:13:33.100503+00,e1848554-ffae-479c-a8cd-4c0d77b7bed2,2026-03-19 15:55:50.007522+00,0,0,0,2026-03-19 15:55:50.007522+00,0,null,null,null,false,null,null,null,null,true,3ca73ea7-7180-4c40-951e-34f5a69160ed,null,null,"{""tables"":{""1"":{""rows"":[],""columns"":[]}}}",null,[],null,null
fc3d8d38-889b-45c6-8fe3-de878c8acecf,「いかがでしょか」,"「いかがでしょか」は「どうですか？」の丁寧な表現で、相手に意見・感想・提案・状況などを尋ねる際に使います。ビジネスシーンで提案後に相手の反応を見たり、商品の導入を勧めたりする際に頻繁に使われ、相手への配慮や敬意を示しつつ、柔らかく問いかける万能なフレーズです。 
「いかがでしょうか」のポイント
意味: 「どうですか？」「どうでしょう？」の丁寧語。
使い方:
提案・確認: 「こちらの資料でいかがでしょうか？」「お時間よろしいでしょうか（ご都合いかがでしょうか）」など。
感想を尋ねる: 「お味はいかがでしょうか？」
漢字表記: 「如何でしょうか」と書くこともありますが、ビジネスメールなどでは誤解を避けるため、ひらがなで「いかがでしょうか」と書くのが一般的です。
注意点: 相手に判断を委ねるニュアンスが強く、多用しすぎると「自分で決められない人」という印象を与えるリスクもあります。より具体的な質問（「何かご不明な点はありますか？」など）に言い換えることも有効です。 
類語・関連表現
「どうでしょうか」: 「いかがでしょうか」より少しくだけた表現。
「ご都合いかがでしょうか」: 相手のスケジュールや都合を尋ねる、より丁寧な表現。
「いかがいたしましょうか」: 自分がどうすべきか、相手の指示を仰ぐ謙譲表現。","[""import"",""japanese""]",2026-02-22 11:13:33.100503+00,e1848554-ffae-479c-a8cd-4c0d77b7bed2,2026-03-19 15:55:50.007522+00,0,0,0,2026-03-19 15:55:50.007522+00,0,null,null,null,false,null,null,null,null,true,a5e96287-9cf2-462b-bb5a-025490f5f271,null,null,"{""tables"":{""1"":{""rows"":[],""columns"":[]}}}",null,[],null,null
fd1f505a-90be-4117-b34c-cabe4d5d7ecf,「賛美（さんび）」,"「賛美（さんび）」とは、神や偉大な存在、優れた人物などを心から褒め称え、たたえることを指し、特にキリスト教の文脈では神への感謝や信仰を歌い上げる「賛美歌」として広く用いられますが、一般的には「褒め称える」「称賛する」といった意味で使われる言葉です。 

https://youtu.be/RP7yT7INjAc?si=bcUBZtCxwKZaVmCj","[""import"",""japanese""]",2026-02-22 11:13:33.100503+00,e1848554-ffae-479c-a8cd-4c0d77b7bed2,2026-03-19 15:55:50.007522+00,0,0,0,2026-03-19 15:55:50.007522+00,0,null,null,null,false,null,null,null,null,true,8482ef02-7545-4538-a7b5-14503e46d362,null,null,"{""tables"":{""1"":{""rows"":[],""columns"":[]}}}",null,[],null,null
feeeb3e0-d7af-44ac-ba83-489cf4da09b9,「吟じます（ぎんじます）」,"「吟じます」は、主に詩歌に節をつけて歌うこと（詩吟）や、お笑い芸人「天津木村」の代表的なギャグ（エロ詩吟）で使われる言葉で、「詩を詠んで、それを歌います」という、やや古風で情緒的な響きを持つ表現です。詩吟では、詩の内容に感情を込めて声に出して表現する意味で使われ、天津木村の芸では、詩吟のリズムに乗せて下ネタを言う際に「吟じます！」と宣言する形で有名になりました。 
「吟じる」の基本的な意味
詩歌に節をつけて歌うこと：元々は詩を声に出して作る行為や、それを歌うことを指しました。
詩を作ること：現代でも、詩作そのものを「詩を吟じる」と表現することがあります。 
お笑い芸「天津木村」の場合
エロ詩吟：天津木村は、詩吟の師範代の資格を持ち、この芸でブレークしました。
決め台詞：「『吟じますっ！』のセリフで始まる」と紹介されるように、詩吟のリズムに乗せて下ネタを言う際の導入の言葉として使われます。 
文脈によって「詩を詠みます、歌います」という情緒的な意味合いと、「（お笑い芸として）披露します」という軽妙な意味合いの両方で使われます。","[""import"",""japanese""]",2026-02-22 11:13:33.100503+00,e1848554-ffae-479c-a8cd-4c0d77b7bed2,2026-03-19 15:55:50.007522+00,0,0,0,2026-03-19 15:55:50.007522+00,0,null,null,null,false,null,null,null,null,true,b10f1262-608e-426b-a8a6-4aead88505d2,null,null,"{""tables"":{""1"":{""rows"":[],""columns"":[]}}}",null,[],null,null
02fc685d-6f1c-4f2e-b49e-3605d3cd9f8c,日本語単語勉強06,"https://www.youtube.com/watch?v=GcwUiT8AYsc

余計：더욱,쓸데없이

余計な事まで喋る。
쓸데없는것까지말한다

余計な世話ですので。
쓸데없는 참견입니다

そんな話を聞くと余計に心配になる。
그런말을들으면 더욱 걱정이된다

https://skjm.tistory.com/entry/%EC%9D%BC%EB%B3%B8-%EB%93%9C%EB%9D%BC%EB%A7%88%EB%A1%9C-%EB%B0%B0%EC%9A%B0%EB%8A%94-%EC%9D%BC%EB%B3%B8%EC%96%B4-%EB%AC%B8%EB%B2%95-%E4%BD%99%E8%A8%88%E3%81%AB%E3%82%88%E3%81%91%E3%81%84%E3%81%AB#google_vignette

https://youtu.be/8K9fybbi-AQ?si=jDnYjqZ1CIhn6nT2

毛布（もうふ、英: blanket ブランケット、이불）は、ウールなどを厚く織って（あるいは編んで）起毛などの処理を施した製品[1]。日本語では、「ブランケット」を短縮して「ケット」と呼ばれることもある。

http://ja.wikipedia.org/wiki/%E6%AF%9B%E5%B8%83

https://youtu.be/b3AiOdMADYs?si=26dqEU1TllenxBLS

あだ名（あだな,nickname）：별명

https://youtu.be/5PJIJ4xlsrA?si=-T12To404u3Bt6JV

怪しい、妖しい

怪しい（あやしい）：꺼림찍하다,애매한것,불확실한,혐의
「正体や真偽がはっきりせず、不気味、不審、信用できないと感じるさま」

妖しい（あやしい）：보통과달리 이상한,신기한,신비한,매력적인,정체모를느낌
なまめかしい魅力や神秘性、または不気味さや怪しさを表す言葉です

悔しい（くやしい）：분하다아쉽다、후회스럽다、아깝다、속상하다

本当に悔しいですが、明日の試合は気持ちを切り替えて頑張ります！
(정말 아쉽지만 (좀 더 잘 할 걸!!), 내일 시합은 기분을 재정비해서 열심히 하겠습니다!)

悔しい気持ちと申し訳ない気持ちでいっぱいです。
(후회스럽고 죄송한 마음(으로 가득합니다)입니다)

「即興」（そっきょう、英: Improvisatio）とは、その場で考えたり、思いついたりしたことを、その場で表現することです

褒め（ほめ。英: Praise）あるいは賞讚・称讚とは、社会関係の相互作用の一形式であり、肯定的な評価、励まし、感歎の念（英語版）などを伝えることである。これは言葉だけでなく、ボディーランゲージ（表情や身振り）によっても伝えられる。","[""import"",""japanese""]",2026-02-22 11:13:33.277726+00,e1848554-ffae-479c-a8cd-4c0d77b7bed2,2026-03-19 15:55:50.007522+00,0,0,0,2026-03-19 15:55:50.007522+00,0,null,null,null,false,null,null,null,null,true,aeb41c5e-d723-48a6-bb59-a55f81668b83,null,null,"{""tables"":{""1"":{""rows"":[],""columns"":[]}}}",null,[],null,null
0360c7fd-d6d1-4141-901a-b8ffc76846df,相方（あいかた）,"「相方（あいかた）」とは、一緒に何かをする相手やパートナーを指す言葉で、元々は漫才のコンビや芸事における相棒を意味しますが、近年では恋人や配偶者、さらには趣味の仲間など、親しい二人組の関係を指すカジュアルな呼び方として若者を中心に広く使われています。お笑いの影響で広まった呼び方で、ユーモアを込めて使われることが多いです。 
主な意味と使われ方
芸事・仕事のパートナー: 漫才やコント、ビジネスなどで組む二人組の相手を指します。
恋人・配偶者: 恋人や夫・妻を指すカジュアルな表現として使われます。親近感や仲の良さを表現する際に用いられます。
友人・仲間: 共通の趣味や活動（例：ジャニーズのコンサートに一緒に行く人、ゲーム仲間）で一緒にいる相手を指すこともあります。
歴史的・専門用語: 伝統芸能（日本舞踊など）や、かつての遊里（娼妓）で客から見た相手の遊女を指すこともありました（「敵娼」と書く場合も）。 
使われる際の注意点
フォーマルな場では避ける: 恋人や配偶者を指す「相方」は親しい間柄でのみ使われるため、ビジネスシーンなどフォーマルな場では不適切です。
相手に違和感を与える可能性: お笑いのイメージが強いため、「漫才コンビみたい」と違和感を示す人もいます。 
「相方」は、「相棒」「パートナー」とほぼ同義で使われることが多いですが、特に恋人や配偶者を指す場合は、相手への親愛やユーモアが込められているのが特徴です。","[""import"",""japanese""]",2026-02-22 11:13:33.277726+00,e1848554-ffae-479c-a8cd-4c0d77b7bed2,2026-03-19 15:55:50.007522+00,0,0,0,2026-03-19 15:55:50.007522+00,0,null,null,null,false,null,null,null,null,true,e0d35cdc-04a1-46a4-ad9a-f22f94ec0e0a,null,null,"{""tables"":{""1"":{""rows"":[],""columns"":[]}}}",null,[],null,null
03c9af3a-3471-4365-b5eb-2f00c20f3ff5,頼もしい（たのもしい）,"「頼もしい（たのもしい）」とは、信頼できて安心できる様子や、将来が期待できる有望な様子を表す言葉で、「心強い」「頼りになる」「有望な」「頼りがいがある」といった意味があります。主に、人がしっかりしていて頼りになる時や、物事の将来性について期待感を持つ時に使われ、英語では ""reliable"" や ""dependable""、""promising"" などに相当します。 
主な意味
信頼・安心感: 頼りになり、任せて安心できること。「頼もしいリーダー」「頼もしいお言葉」。
将来性・有望: 将来が期待できる、見込みがあること。「末頼もしい若者」。
（古語）: 経済的に豊かであること（現代ではあまり使われません）。 
類語・言い換え
心強い（こころづよい）
頼りになる（たよりになる）
頼りがいがある（たよりがいがある）
有望（ゆうぼう） 
例文
「彼は頼もしい存在だ。」（彼に任せれば安心だ、というニュアンス）
「後輩の成長が頼もしい。」（将来が期待できる）
「頼もしいお言葉、ありがとうございます。」（心強いお言葉）","[""import"",""japanese""]",2026-02-22 11:13:33.277726+00,e1848554-ffae-479c-a8cd-4c0d77b7bed2,2026-03-19 15:55:50.007522+00,0,1,0,2026-03-19 15:55:50.007522+00,0,null,null,null,false,null,null,null,null,true,61438125-d55f-4983-8162-b9fd7b515b50,null,null,"{""tables"":{""1"":{""rows"":[],""columns"":[]}}}",null,[],null,null
059ae9a3-6e8e-498c-86eb-e158bb916952,「相方」と「相棒」の違いとは？,"「相方」とは?
相方(あいかた)とは、いつも一緒にいる人のこと。

お笑い芸人のパートナー、結婚相手、そして最近は恋人のことを「相方」と呼ぶこともあります。

「相方」は「相」と「方」が組み合わさった言葉です。

「相」という漢字には、助ける・補佐するという意味があります。

そして「方」には仲間・同じグループという訳もあります。

つまり同じグループに属していて、助けあえる人が「相方」の本来の意味になります。

「もう1人」というニュアンスもあるので、2人組の片方をあらわすことが多いです。

使い方としては「人気お笑い芸人が、相方とのコンビ解消を発表した」や「ただいま相方募集中です」などと用います。

SNSなどでよく見かける「相方募集中」とは、一緒にあそぶ仲間や恋人を募集するメッセージです。

「相棒」とは?
相棒(あいぼう)とは、一緒に仕事する仲間のこと。

同じ目的に向かってすすむ、熱いチームメイトのことです。

人気刑事ドラマから一躍ヒットした、トレンド用語です。

相棒はもともと江戸時代に生まれた、歴史ある言葉です。

お殿さまやお姫さまを乗せる「かご」を2人1組で担いでいたことから「相棒」に。

重役を乗せる「かご」は、どちらかが怠けてしまえばすぐに地面に落ちてしまいます。

そのため「相棒」には、お互いの息をぴったり合わせる・協力して力をあわせるという意味があります。

使い方には「その時代劇の見どころは、主人公より相棒だ」や「事件解決のために、相棒に連絡した」などがあります。

「仕事の相棒は、優秀なノートパソコンだ」など、物に対してつかうこともあります。

「相方」と「相棒」の違い

どちらもよく似た用語のため、見間違えやすいです。

「相方」と「相棒」の違いを、分かりやすく解説します。

・カジュアルな「相方」、フォーマルな「相棒」「相方」と「相棒」はどちらも、助っ人・協力者という意味があります。

「相方」はもともと遊郭で使われていた隠語なので、ビジネスの場で用いられることはありません。

そのためお笑い芸人のコンビの片方、カップルの片割れなどに使われます。

くだけたシーンで用いられる、カジュアルな言葉です。

また「相棒」は刑事ドラマのタイトルを連想するように、かっちりした雰囲気の言葉です。

ビジネスパートナーや仕事の仲間などを表現します。

お笑いや恋愛、遊びのシーンでは「相方」。

ビジネスシーンでは「相棒」です。

まとめ
「相方」と「相棒」の違いを分かりやすくお伝えしました。

どちらも「仲間・連れ合い」をあらわす言葉です。

お笑い芸人の片方、配偶者をあらわすのが「相方」。

SNSでは「遊び仲間や恋人」として用いられることもあります。

対して仕事仲間という意味がある「相棒」。

一緒に働く人や物をあらわします。

紛らわしい言葉を覚えて、日本語の理解を深めていきましょう。

from : https://meaning-dictionary.com/%E3%80%8C%E7%9B%B8%E6%96%B9%E3%80%8D%E3%81%A8%E3%80%8C%E7%9B%B8%E6%A3%92%E3%80%8D%E3%81%AE%E9%81%95%E3%81%84%E3%81%A8%E3%81%AF%EF%BC%9F%E6%84%8F%E5%91%B3%E3%82%84%E9%81%95%E3%81%84%E3%82%92%E5%88%86/","[""import"",""japanese""]",2026-02-22 11:13:33.277726+00,e1848554-ffae-479c-a8cd-4c0d77b7bed2,2026-03-19 15:55:50.007522+00,0,0,0,2026-03-19 15:55:50.007522+00,0,null,null,null,false,null,null,null,null,true,dd4a830f-b361-4c2b-a297-abc700f5d217,null,null,"{""tables"":{""1"":{""rows"":[],""columns"":[]}}}",null,[],null,null
09352479-17ab-4a68-822e-09ec132c75ad,日本語単語勉強28,"https://youtu.be/FdW7urWuT7o?si=NdX4lK9IPoTvGEbo

「立ち回り（たちまわり）」とは、演劇での殺陣や乱闘シーン、ビジネスや人間関係での要領の良い振る舞い・処世術、ゲームでの有利な位置取りや試合運びなど、状況に応じて有利に進めるための動きや行動全般を指す言葉です。特に、アクションシーンでは「殺陣（たて）」の意味で使われ、ゲームでは「有利なポジション取り」や「敵との間合い」を指すことが多いです。﻿
主な意味と使われ方
演劇・映画・殺陣:複数の人物が斬り合ったり格闘したりする場面の演技・演出、アクションシーン全般。﻿
社会・ビジネス:自分が有利になるような言動や、要領よく物事を進める振る舞い、処世術。「あの人の立ち回りは上手い」のように使う。﻿
ゲーム（eスポーツなど）:
試合を有利に進めるための移動やポジション取り、状況判断。﻿
相手との間合い（距離感）の取り方や、技を当てるまでの過程。﻿
「有利なポジションを確保する」「無理なら引く」といった戦略的な行動。﻿
能楽:シテ（主役）が舞台を静かに一巡する所作や、それに伴う囃子（はやし）のこと。﻿
類語・関連表現
アクション:揉み合い、組打ち、活劇。
振る舞い:世渡り、要領の良さ、処世術。
ゲーム:ポジション取り、動き方、駆け引き。﻿
このように、「立ち回り」は文脈によって意味が異なりますが、共通して「状況に合わせて有利になるように動くこと・振る舞うこと」というニュアンスが含まれています。

「しんどい」とは、身体的な疲労や倦怠感、精神的なつらさや苦しさを表す言葉で、体が重い、だるい、疲れている、気分が落ち込む、集中できない、イライラするなど、様々な状態を指します。 ストレスや疲労、睡眠不足、ストレス、病気のサインである可能性もあり、無理せず休養を取る、生活習慣を見直す、軽い運動をする、誰かに相談するなどの対処法が有効です。 
「しんどい」の主な状態
身体的: 体がだるい、重い、動かしにくい、疲労感、頭痛、肩こり、不眠、食欲不振など。
精神的: 気分の落ち込み、不安感、イライラ、集中力低下、やる気のなさ、喜びを感じられないなど。
行動的: 外出や人との交流が億劫になる、趣味に興味が持てない、仕事のパフォーマンス低下など。 
「しんどい」ときの対処法
休息と生活習慣の見直し: 十分な睡眠を確保し、規則正しい生活を送る。
心身のリフレッシュ: 軽いウォーキングやストレッチ、ヨガなどで血流を改善する。
負担の軽減: 仕事の業務量を調整したり、タスクを細分化する。
セルフケア: 好きな飲み物をゆっくり味わう、深呼吸をするなど、その場でできるリラックス法を見つける。
相談する: 友人、家族、または専門家（心療内科医、カウンセラー）に話を聞いてもらう。 
注意すべきサイン
「しんどい」状態が長く続き、日常生活に支障が出ている場合は、うつ病などの精神疾患のサインの可能性もあります。一人で抱え込まず、専門機関への相談を検討しましょう。

「高ぶる（たかぶる）」には主に2つの意味があり、感情や気持ちが高まる・興奮する（例：気持ちが高ぶる、血がたぎる）と、思い上がって偉そうな態度をとる（例：驕り高ぶる、生意気になる）という意味があり、文脈によってポジティブ（高揚感）にもネガティブ（傲慢さ）にもなりますが、多くは「興奮して気分が高まる様子」や「慢心して偉そうにする様子」を表します。 
意味の分類
気分や感情が高まる・興奮する（ポジティブ・中立的）
気持ちが高揚する、ワクワクする、意欲的になる様子。
例：「試合が始まり、観客の気持ちが高ぶった」「やる気が高ぶる」
類語：高揚する、興奮する、盛り上がる、血が騒ぐ、胸が熱くなる。
思い上がって偉そうな態度をとる（ネガティブ）
慢心して尊大になる、生意気な態度をとる、自分を大きく見せようとする様子。
例：「成功して高ぶる」「傲慢に高ぶる」
類語：思い上がる、偉ぶる、増長する、図に乗る、傲慢になる。 
漢字表記
高ぶる（たかぶる）：最も一般的。
昂ぶる（たかぶる）：興奮して気持ちが高まる意味合いが強い。
昂る（たかぶる）：上記2つと同じ意味。 
文脈からどちらの意味で使われているか判断することが重要です。

https://youtu.be/FdW7urWuT7o?si=fPxCCRpKwj2gGGr4

「初耳（はつみみ）」も「初めて聞いた」も、今まで聞いたことのない話や情報を知ったときに使う表現で、ほぼ同じ意味ですが、「初耳」は「初めて耳にする」という意味の四字熟語（漢字）で、やや硬い響き（「初耳です」）や、少し驚きを表すニュアンスで使われますが、「初めて聞いた」はより日常的でストレートな言い方です。 
意味とニュアンス
初耳（はつみみ）:
「初めて耳にする」こと、またはその話自体を指す言葉。
「初耳だ」「初耳です」のように使われ、驚きや意外性を伴うことが多いです。
例: 「え、あの会社がもう撤退したんですか？ 初耳です！」
初めて聞いた（はじめてきいた）:
「今まで聞いたことがない」ことを直接的に表現する、より一般的な言い方。
事実を淡々と伝えるニュアンスが強いです。
例: 「それは初めて聞きました。詳しく教えてください。」 
類似表現（類語・言い換え）
知らなかった
初めて知った
耳に入っていない
承知していない 
韓国語の参考
韓国語では「처음 들었어요 (チョウム トゥロッソヨ)」が「初めて聞きました」に相当し、四字熟語「금시초문（クムシチョムン／今時初聞）」も「初耳」の意味で使われます。

https://youtu.be/DWNtISY9jyc?si=UXzjVP7D8Bc9E7GB

「取り組み」（とりくみ、대처）とは、何らかの物事に対して真剣に取り組むこと、行動を起こすことを指し、努力、試み、施策、課題への対処といった意味合いで使われます。文脈によって「相撲の組み合わせ」や「信用取引での売買の約束」などの具体的な意味を持つこともあり、ビジネスシーンでは「課題解決への努力」「プロジェクトへの注力」といった意味で使われることが多い言葉です。 
主な意味と使い方
物事への姿勢・行動:
「問題への取り組み」（問題にどう対処するか）
「環境問題への取り組み」（具体的な施策や活動）
「新しいプロジェクトに取り組み」（真剣に実行する）
類語: 努力、試み、奮励、企て、施策、事業、実行、対処。
ビジネスでの言い換え: 注力する、尽力する、心を込めて行う、実行する。 
表記について
「取り組み」：最も一般的で、新聞やメディアでも広く使われます。
「取組み」：こちらもよく使われ、意味は同じです。
「取組」：公用文や改まった文章で推奨される「正字」とされる書き方です。 
例文
「企業はSDGs達成に向けた取り組みを強化している。」
「新入社員が困難な課題に取り組み、成長する。」
「この仕事は非常に重要なので、全力を尽くして取り組みます。」

役所（やくしょ、관청、관공서）とは、国や地方公共団体（都道府県、市区町村など）が行政事務を取り扱う機関やその建物のことで、住民票の発行、戸籍の管理、福祉サービス、インフラ整備など、市民の生活に密接に関わる様々な行政サービスを提供しています。具体的には市役所（しやくしょ）、区役所（くやくしょ）、町役場（まちやくば）、村役場（むらやくば）などがこれにあたり、市民生活のルール作りと管理、そして必要なサービスの提供を担う公的機関です。 
役所の主な役割と業務
住民生活関連：住民票、戸籍、マイナンバーカード、印鑑証明書の発行・管理、年金・保険の受付。
福祉・子育て：子育て支援、高齢者・障がい者福祉サービス。
都市・環境：道路・公園の管理、ごみ処理・リサイクル事業。
防災・防犯：自然災害対策、市民の安全確保。
行政手続き：転入・転出、結婚、出生などの届け出の受付。 
役所の種類（地方自治体の場合）
市：市役所
区（特別区）：区役所
町・村：町役場・村役場
都道府県：都道府県庁（県庁など） 
関連する言葉
官公庁（かんこうちょう）：国の役所（省庁など）や地方自治体の役所を含めた総称。
お役所仕事（おやくしょしごと）：形式主義的で非効率な仕事ぶりを皮肉る言葉。 
役所は「行政機関」そのものを指すことも、「その建物（庁舎）」を指すこともありますが、一般的には行政サービスを行う公共の場所として認識されています。

https://youtu.be/1VWK36dZ1vc?si=lBiKYs1V2ANmuKy0

「スッキリ」は、「よけいなものがなく、洗練されている様子」や「わずらわしいことがなく、気持ちが良い・さっぱりした状態」を表す言葉で、日本テレビの朝の情報番組『スッキリ!!』の略称としても広く知られていますが、番組は2023年3月に終了しました。この言葉は、デザインや文章が垢抜けている場合や、気分が爽快な時、悩みが解消された時などに使われます。

「片付け」とは、不要な物を手放し（整理）、必要な物を使いやすい場所に戻し（収納）、それを維持する（習慣化）一連のプロセスで、部屋をスッキリさせるだけでなく、心にも余裕を生み出す効果があります。始めるには、「出す・分ける（要・不要・保留）」の3ステップでエリアを区切って少しずつ進め、「定位置を決める」「時間を区切る」などのコツを取り入れると、挫折しにくく、リバウンドを防げます。 
片付けの基本ステップ
理想の暮らしをイメージする: どんな部屋で過ごしたいか、どんな風に暮らしたいかを具体的に考えます。
「出す」: 片付けたい場所の物を一度すべて出します。何がどれだけあるか把握するためです。
「分ける」（整理）:
「必要」「不要」「保留」の3つに分類します。判断基準（例：1年使っていない物は不要など）を決めるのがコツです。
「いつか使うかも」で保留を増やしすぎないように注意しましょう。
「収納する」:
使う頻度や使う場所を考慮し、「定位置」を決めます。ここが片付けの8割を決める重要な部分です。
収納グッズを買いすぎず、まずはある物で工夫します。
「維持する」（習慣化）:
使ったら元の場所に戻す、使わない物を増やさない習慣をつけます。 
挫折しないためのコツ
小さな範囲から始める: 家全体ではなく、引き出し1つ、棚の1段など、区切って少しずつ進めます。
時間を区切る: 10分、20分などタイマーをセットし、集中して取り組みます。達成感がモチベーションになります。
「脳が疲れる」と理解する: 片付けは「未来を想像し、今ある物を判断する」脳の活動。疲れたら無理せず休憩しましょう。
思い出の品は最後に: すぐに判断できない物は「保留箱」に入れて後回しにすると、作業が止まりません。 
具体的な方法例
「使っていない物」を手放す: 1年以上着ていない服、1年使っていない物は手放す候補に。
「1つ買ったら1つ手放す」: モノの数を一定に保ちます。","[""import"",""japanese""]",2026-02-22 11:13:33.277726+00,e1848554-ffae-479c-a8cd-4c0d77b7bed2,2026-03-19 15:55:50.007522+00,0,0,0,2026-03-19 15:55:50.007522+00,0,null,null,null,false,null,null,null,null,true,7b5d4e22-32fb-4968-a7bc-1370b7d90217,null,null,"{""tables"":{""1"":{""rows"":[],""columns"":[]}}}",null,[],null,null
0a54abb8-8ab6-4ed1-b93b-a724dab964ad,さらに,"「さらに」は、「加えて」「その上」の意味で情報を追加したり（「さらに、この問題も」）、「いっそう」「ますます」と程度が増す様子を表したり（「さらに悪化する」）、「全く」「少しも」（「さらに覚えがない」）と否定を強調する際に使われ、文脈に応じて「次に」「もっと」といった類義語に言い換えられますが、フォーマルな場面や段階を追って説明する際に特に有用です。 
主な意味と使い方
追加・重ねる（接続副詞）
「それに」「加えて」「その上」と同じように、前の内容に新たな情報や事柄を付け加えるときに使います。
例： 「この提案は素晴らしい。さらに、コスト削減のメリットもあります。」
程度が増す・強調（副詞）
「いっそう」「ますます」「より一層」のように、程度が強まる様子を表します。
例： 「気温はさらに上昇した。」
否定を強調（副詞）
「全く」「少しも」「断じて」のように、後ろに打消しの言葉を伴い、否定を強調します。
例： 「彼の話にさらに疑いの余地はない。」
時間的・順序的（副詞）
「次に」「その後」のように、時間や順序が次に来ることを示します。
例： 「まず説明します。さらに、資料をご覧ください。」 
ビジネスシーンでの活用
プレゼンテーションや報告書で、「次に」「加えて」というニュアンスで情報を追加する際に非常に便利です。
「さらに」を使うことで、話が単調にならず、相手に新しい価値や情報を効果的に伝えられます。","[""import"",""japanese""]",2026-02-22 11:13:33.277726+00,e1848554-ffae-479c-a8cd-4c0d77b7bed2,2026-03-19 15:55:50.007522+00,0,0,0,2026-03-19 15:55:50.007522+00,0,null,null,null,false,null,null,null,null,true,9fb1b932-a918-4282-9ba6-67726de4908b,null,null,"{""tables"":{""1"":{""rows"":[],""columns"":[]}}}",null,[],null,null
0fdaee67-aaa5-46a6-9cf9-271104154665,猥談（わいだん）,"猥談（わいだん）とは、性に関する淫らな話を指す。

医学、生物、歴史などを語る上で淫らでない性の話は猥談には含まれない。実体験、フィクション、小噺、ジョーク、雑談などによる淫らな話を猥談と呼ぶ。","[""import"",""japanese""]",2026-02-22 11:13:33.277726+00,e1848554-ffae-479c-a8cd-4c0d77b7bed2,2026-03-19 15:55:50.007522+00,0,0,0,2026-03-19 15:55:50.007522+00,0,null,null,null,false,null,null,null,null,true,a4bb2469-c815-426f-aba3-dde779958f19,null,null,"{""tables"":{""1"":{""rows"":[],""columns"":[]}}}",null,[],null,null
1176aa0f-eecd-4f36-a65a-83b199bcb4a8,日本語単語勉強19,"https://youtu.be/ORlD5Z5e49s?si=oOwALj9Ju05dlGqJ

処世術（しょせいじゅつ）とは、社会生活や人間関係を円滑に送り、世渡りをうまくするための知恵や技術、方策のことです。具体的には、相手の話をよく聞く（聞き上手になる）、笑顔を心がける、相手を具体的に褒める、知らないことは知らないと言う、約束を守る、感謝を伝えるといったコミュニケーションスキルや、状況に応じて柔軟に対応する能力などが含まれ、ビジネスシーンでの人間関係構築にも役立ちます。

https://youtu.be/4z2K_o3vNpM?si=Pn8GvNeeCLhZKhB6

養子（ようし）とは、血縁関係のない他人の子どもを法律上の親子関係を結び、自分の子どもとして迎え入れる制度、またはその子どものことで、実の親子と同じ権利義務（相続など）が発生します。

養子縁組（ようしえんぐみ）は、具体的な血縁関係とは無関係に人為的に親子関係を発生させることをいう。英語では ""adoption"" といい（第2義）、日本語にもこれを音写した外来語「アダプション」「アドプション」がある。
https://ja.wikipedia.org/wiki/%E9%A4%8A%E5%AD%90%E7%B8%81%E7%B5%84
https://www.moj.go.jp/MINJI/kazoku/youshi.html

「盛りあがり（もりあがり）」とは、気分や勢い、場の雰囲気などが高まること、または高く盛り上がった状態を指し、熱気や興奮が最高潮に達している様子を表します。イベント、会話、スポーツ観戦などで、人々が一体となって熱中し、非常に賑わい、興奮している状態を「大盛り上がり」「最高潮に盛り上がる」のように表現します。 
主な意味
気分・感情が高まる: 興奮する、テンションが上がる、ボルテージが上がる。
状況・雰囲気が熱を帯びる: 熱気が高まる、大いに沸く、大フィーバーする。
物理的に盛り上がる: 高く盛り上がった部分。 
例文
「ライブ会場は観客の熱気で大盛り上がりだった。」
「試合の終盤、同点に追いつき、スタジアムは最高潮に盛り上がった。」
「今日のパーティーは、みんなのおかげでとても盛り上がったね！」
類語・関連表現
興奮: 感情が高ぶる様子。
熱狂: 熱狂的になること。
ヒートアップ: 状況が激しくなること。
賑わい: 人が多く集まり、活気があること。

https://youtu.be/9ZCy0rEbipo?si=9sYZyuEA4NMlWfVl

包丁（ほうちょう、庖丁、부엌칼）は、多義語であるが (cf. wikt)、一つには「包丁刀/庖丁刀（ほうちょうがたな）」の略称で、調理に用いる刃物の総称（その日本語名称）であり、係る語意においては包刀/庖刀（ほうとう）ともいう。
https://ja.wikipedia.org/wiki/%E5%8C%85%E4%B8%81

「きっかけ」とは、物事を始めるための手がかり、原因、動機、または機会を指す言葉で、「~がきっかけで」のように使われ、ある出来事が別の行動や変化を引き起こす「引き金」や「契機」のような意味合いで使われます。漢字では「切っ掛け」と書き、「切る」と「掛ける」という動作が合わさった言葉です。﻿
主な意味と使い方
物事の始まりの要因:「彼と出会ったのがきっかけで、海外旅行に興味を持つようになった」のように、ある行動や変化が起こる直接的な原因を示す。﻿
手がかり・糸口:「事件解決のきっかけをつかむ」のように、問題解決のための手がかりや端緒を指す。﻿
舞台用語:歌舞伎などで、俳優の出入りや照明の変化を指示する合図の意味もある（「下座にきっかけを渡す」）。﻿
類語（言い換え）
契機（けいき）:やや硬い表現で、好機や機会を意味する。
発端（ほったん）:物事の始まり、根本を指す。
動機（どうき）:行動を起こす内面的な理由。
トリガー:英語由来で、引き金や誘因。
呼び水（よびみず）:他の事柄を誘発するきっかけ。﻿
例文
「この本を読んだのがきっかけで、歴史に詳しくなった。」﻿
「新しいプロジェクトのきっかけとなるアイデアが生まれた。」﻿
「何かのきっかけで、人生が変わることもある。」

https://youtu.be/lznvzuYiieg?si=HlAVyai557U4_8id

「隙間（すきま、빈틈,틈새기,짬,겨를）」とは、物と物の間にできるわずかな空間を指し、転じて時間的な余裕（ひま）、見落としがちな盲点、心の油断などを意味する言葉で、「すき」や「間（あいだ）」、「空隙（くうげき）」などが類語です。物理的な空間だけでなく、比喩的な意味で使われることが多いのが特徴で、「法の隙を衝く」「心の隙につけ込む」のように使われます。﻿
主な意味と使い方
物理的な空間:
「戸の隙間から光が漏れる」﻿
「板塀の隙間だらけ」﻿
比喩的な意味（盲点・弱点）:
「法の隙を衝く（ほうのすきをつく）」：法律の抜け穴や見落としを利用する。﻿
「隙間産業（すきまさんぎょう）」：特定のニーズ（隙間）を狙った産業。﻿
時間的な余裕（ひま・合間）:
「家事の隙間をみて勉強する」。﻿
心の油断・隙:
「心の隙につけ込む」：相手の気のゆるみや弱みにつけ込む。﻿
関連語・類語
すき:隙間と同じ意味で使われることも多い。﻿
間・あいだ:空間や時間的な隔たり。﻿
空隙（くうげき）:物と物の間にできる空間。﻿
ニッチ:ビジネス用語で、特定のニーズを持つ市場の「隙間」を指す。﻿
このように、「隙間」は非常に多様な文脈で使われる、多義的な言葉です。

「お揃い（おそろい、아웃핏 매칭）」とは、衣服や持ち物などの色・柄・デザインが同じ、または似ている状態を指し、友人・恋人・家族などで楽しむコーディネートやアイテムを意味します。略して「おそろ」とも言われ、ペアルック、リンクコーデ、シミラールックなど、親しい人との一体感や特別感を表現するファッションとして人気で、**「かぶった」**という場合は意図せず同じものになった状態を指します。﻿
「お揃い」の主な関連用語
ペアルック:全く同じデザインや色の服を着ること。﻿
リンクコーデ:全く同じでなくても、どこかに共通の要素（色、柄、アイテムなど）を取り入れた着こなし。﻿
シミラールック:「似ている」という意味で、テーマを決めてそれぞれが自由にアレンジする、さりげないお揃いコーデ。﻿
双子コーデ:仲の良い友達同士が同じような服装をすること。﻿
「お揃い」が使われるシーン
カップル:ペアウォッチやペアアクセサリーなど、記念のアイテム。﻿
友人・家族:テーマを決めてお揃いのTシャツやスニーカー、小物などを楽しむ。﻿
ポイント﻿
「お揃い」は、意図して揃えるポジティブな意味合いが強いです。
「かぶった」は、偶然同じものになってしまった時に使う否定的なニュアンスがあります。
このように、「お揃い」は親しい関係性を示すファッションやアイテムとして、様々な形で楽しまれています。
from ChromeAI
https://ja.wikipedia.org/wiki/%E3%81%8A%E6%8F%83%E3%81%84

「合間（あいま、틈、짬）」とは、物事と物事の間の短い時間や隙間を指し、「いとま」「すきま」と同義で、時間的な意味で使われることが多い言葉です。例えば、「仕事の合間」「食事の合間」のように、ある活動と別の活動の合間にできる短い時間（すきま時間）を表し、「合間を縫って（縫う）」などの表現で使われます。 
主な意味
物事の間の時間・隙間: 「会議の合間にコーヒーを飲む」のように、2つの事柄の間に生じる時間的・空間的な「ひま」のこと。
副次的な時間: 「本業の合間に別の仕事をする（片手間）」のように、本来の活動の合間にできる短い時間のこと。 
関連する表現
合間を縫う（あいまをぬう）: 忙しい中で、なんとか時間を見つけて用事を済ませる、という意味の慣用句。
合間を見て（あいまをみて）: 空いた時間を利用して、という意味。 
類語
いとま、すきま、暇（ひま）、片手間（かたてま）、間（ま）。 
英語での表現例
interval, meantime, meanwhile, between times, interlude など。

https://enuncia.online/ja/2025/01/09/blog153-ja/#google_vignette

「焼ける」は、火がついて燃える、熱せられて熱くなる、日光などで変色する（肌が黒くなる、カーテンが褪せる）、食べ物が火を通されて調理される、空や雲が赤く染まる、そして「世話が焼ける」「胸が焼ける」のように比喩的に「面倒を見る」「心焦がれる」といった、火や熱、光による状態変化や感情・状況を表す多義的な動詞です。 
主な意味
火災・燃焼: 火がついて燃え上がる、燃え尽きる。「家が焼ける」「火事が焼ける」。
熱せられる: 熱源に当たって熱くなる。「鉄板が焼ける」「土が焼ける」。
調理・加工: 火や熱が通って食べられる状態になる、または製品になる。「魚が焼ける」「パンが焼ける」「炭が焼ける」。
日光・光による変化:
肌: 日光や紫外線で黒くなる。「肌が焼ける」。
色: 日光で色褪せる、空が赤く染まる。「カーテンが焼ける」「西の空が焼ける」。
比喩表現:
世話が焼ける: 面倒を見て苦労する状態。「子供の世話が焼ける」。
胸が焼ける: 心が焦がれる、悲しくなる。「恋に胸が焼ける」。
妬ける（やける）: ねたましく感じる（「やける」と表記されることもある）。 
自動詞「焼ける」と他動詞「焼く」
焼ける（やける）: 自動詞（～が焼ける）。火事になったり、熱くなったりする状態を表す。「家が焼ける」。
焼く（やく）: 他動詞（～を焼く）。人が火をつけたり、加熱したりする動作を表す。「家を焼く」「魚を焼く」。 
類語
燃える、焦げる、火照る、炎上する、焼け落ちる、褪せる。

「燃える（もえる）」は、物質が酸素と熱によって発光・発熱する現象（燃焼）、または感情や気力が激しく高まる状態を表し、「燃やす（もやす）」が「火をつける」という他動詞なのに対し、「燃える」は「物が燃え上がる」という自動詞である点がポイントです（例：紙が燃える vs. 紙を燃やす）。また、サブカルチャーでは「炎上する」のような意味で使われたり、漢字が異なる「萌える（もえる）」（草木が芽吹く、魅力的に感じる）と混同されることもあります。 
1. 物理的な「燃える」
定義: 可燃物（ガス、木、紙など）、酸素、熱の3要素（火の三角形）が揃うことで、発熱・発光する化学反応（酸化反応）が起こることです。
例: 「家が燃える」「ろうそくが燃える」「木材が燃える」。 
2. 感情・気力の「燃える」
定義: 感情や情熱が炎のように激しく高まる様子を表します。
例: 「希望に燃える」「試合で燃える」「目標に向かって燃える」。 
3. インターネットスラングとしての「燃える」
定義: 特定の人物や話題に否定的な意見が殺到し、大騒ぎになる「炎上」状態を指すことがあります。
例: 「あの投稿が燃えている」。 
4. 漢字の使い分け
燃える（もえる）: 物理的な燃焼や情熱。「山が燃える」「情熱に燃える」。
萌える（もえる）: 草木が芽吹く、または特定のアニメ・漫画などのキャラクターや作品に強く心を惹かれる（「萌え」）こと。「新緑が萌える」「推しが尊くて萌える」。 
5. 「燃える」と「燃やす」の違い
燃える（自動詞）: 物が勝手に（または自然に）燃焼する。「紙が燃える」。
燃やす（他動詞）: 人が意図的に火をつけて燃やす。「紙を燃やす」。

https://blog.naver.com/maisensei-japanese/222656828311

酸素（산소、さんそ、英: oxygen、羅: oxygenium、仏: oxygène、独: Sauerstof、）は、原子番号8の元素（O）であり、空気の約21%を占める無色無臭の気体です。生物の呼吸や燃焼に不可欠で、他の物質を酸化させる性質を持っています。工業分野では金属の溶接・切断や製鉄などに、医療分野では酸素吸入に利用され、その他にも排水処理など幅広い用途があります。 酸素の性質 化学的性質: ほとんどの元素と化合して酸化物を作ります。物理的性質: 空気よりわずかに重い気体ですが、液体や固体にすると淡い青色になります。同素体: 通常は2原子分子(\(O_{2}\))で存在しますが、3原子分子のオゾン(\(O_{3}\))も存在します。 主な用途 産業用途:鉄鋼業: 不純物を取り除くために使用されます。金属加工: 酸素アセチレン炎などを用いて金属の溶接や切断に使われます。化学工業: 酸化剤として、または廃水処理の曝気（ばっ気）に利用されます。ロケット: 推進剤として使用されます。医療用途:酸素吸入: 肺機能が低下した患者への治療に用いられます。その他:生命維持: 生物の呼吸に不可欠で、体内で栄養分を燃やしてエネルギーを生み出します。日用品: 使い捨てカイロは、鉄と酸素の反応熱を利用しています。

「出来上がり（できあがり）」は、物事が完成すること、作り終えること、またはその完成した状態や出来栄えを指す言葉です（例：料理の出来上がり、作品の出来上がり）。英語では「completion」「finished product」「ready」などが文脈によって使われ、物事の完成や仕上がりの良さを表します。 
意味と使い方
完成した状態: 「このケーキの出来上がり、すごいね！」（完成度を褒める）。
完成した物: 「これ、私の出来上がりです」（完成品そのものを指す）。
動詞「出来上がる」の名詞形: 「出来上がる」という動詞（仕上がる、完成する）が名詞になったもの。 
類語・言い換え
完成、仕上がり、出来栄え
完成形、最終形態 
英語表現
Completion: 完成、完了
Finished product: 完成品
Ready: 準備ができた、出来上がった 
例文
「新しい服の出来上がりを待っている。」（完成を待つ）
「彼の絵の出来上がりは素晴らしい。」（出来栄えを褒める）
「お待たせしました、出来上がりです！」（完成品を渡す時など）

「沈む（しずむ）」は、水中に没する（船、島）、太陽や月が水平線に隠れる（夕日、月）、気分が落ち込む・元気がなくなる（気持ちが沈む）、地盤や床が低くなる、物事が不振になる・落ちぶれる、色や音が地味になるなど、物理的な下降から心理的な状態、比喩的な意味まで幅広く使われる動詞です。 
主な意味と例文
水中に没する・沈降する:
「船が海に沈む」（漢字ペディア）
「ボートが沈む」（コトバンク）
太陽・月などが隠れる:
「夕日が水平線に沈む」（漢字ペディア）
気分が落ち込む・元気がなくなる:
「気分が沈む」（漢字ペディア）
「彼は希望を失い、心まで沈んだ」（Weblio古語辞典）
周囲より低くなる・めり込む:
「地盤が沈む」（コトバンク）
「頭が枕に沈む」（コトバンク）
不振になる・落ちぶれる:
「商売が沈む」
「どん底に沈む」（漢字ペディア）
色・音が地味になる:
「色が沈む」「音が沈む」 
関連語（漢字：沈）
沈没（ちんぼつ）：水中に沈み、底につくこと。
沈黙（ちんもく）：黙り込むこと。
沈着（ちんちゃく）：落ち着いていること。
消沈（しょうちん）：元気がなくなること。 
英語での表現
Sink: 物が水に沈む、気分が落ち込む（feel down, depressed）など。
Set: 太陽や月が沈む（The sun sets）。","[""import"",""japanese""]",2026-02-22 11:13:33.277726+00,e1848554-ffae-479c-a8cd-4c0d77b7bed2,2026-03-19 15:55:50.007522+00,0,0,0,2026-03-19 15:55:50.007522+00,0,null,null,null,false,null,null,null,null,true,7639b2ae-d8b0-483f-8ab0-20f2eec135fe,null,null,"{""tables"":{""1"":{""rows"":[],""columns"":[]}}}",null,[],null,null
15e61800-ec8d-44c7-ad5b-b2fafbdae189,日本語単語勉強22,"1️⃣ 한 문장 핵심 요약 (먼저 잡기)

急に → 흐름 속 변화 (감정/상황 포함)

いきなり → 예고 없는 체감 (화자 당혹감 강함)

突然 → 사건 발생의 사실 서술 (감정 배제)

👉 주관 vs 체감 vs 객관의 차이입니다.

팁
👉 “누가 느꼈는가?”를 기준으로 보면 구분이 쉽습니다.

내가 느낌 → 急に / いきなり

사건이 발생 → 突然

2️⃣ 突然（とつぜん）の 감각 구조
📌 본질

예측 불가능한 사건이 사실로서 발생

📌 특징

감정 표현 거의 없음

객관적

딱딱함

기사·보고·문어체에 강함

📌 자주 쓰이는 곳

뉴스

보고서

설명문

공식 발표

📌 예문

突然の出来事

突然、停電が起きた

突然の訃報

👉 “그런 일이 발생했다” 느낌

팁
👉 突然은
👉 ‘느꼈다’보다 ‘일어났다’에 초점이 있습니다.

3️⃣ 急に / いきなり와의 결정적 차이
🔹 감정 개입 여부
단어	화자 감정
急に	있음
いきなり	매우 강함
突然	거의 없음

그래서 같은 상황에서도 이렇게 달라집니다.

상황: 회의 취소

急に中止になった
→ 상황이 급변했다는 느낌

いきなり中止になった
→ 당황, 불만 뉘앙스

突然中止になった
→ 사실 전달 (담담)

팁
👉 불만·놀람을 넣고 싶으면 突然은 잘 안 씁니다.

4️⃣ “좀 딱딱한 느낌인가?” → 맞다, 정확하다

당신 감각이 정확해요.

왜 딱딱하게 느껴질까?

감정 삭제

설명체 문장

사건 중심 서술

그래서 일상 회화에서:

突然을 쓰면
→ 약간 거리감 / 공식 느낌이 납니다.

팁
👉 친구와 수다 → 急に / いきなり
👉 상황 설명 / 요약 → 突然

5️⃣ 외국인이 자주 하는 실수
❌ 일상 감정 표현에 突然 사용

突然びっくりした

→ 어색 ❌ (감정 + 객관 단어 충돌)

⭕ 자연스럽게

いきなりびっくりした

팁
👉 **감정 동사(놀라다, 화나다)**랑은
👉 突然이 잘 안 붙습니다.

6️⃣ 기록할 때 이렇게 남기면 깔끔하다
📌 추천 메모 포맷 (3개 한 세트)
急に
- 흐름 중 변화
- 감정 포함

いきなり
- 예고 없음
- 당혹감

突然
- 사건 발생
- 객관/공식


팁
👉 “회화용 / 설명용”으로 표시해 두면
👉 말할 때 자동으로 걸러집니다.

7️⃣ 한 문장으로 최종 정리

急には ‘상황의 급변’,
いきなり는 ‘체감된 돌발’,
突然은 ‘사실로서의 돌발 사건’

그래서
👉 突然이 가장 딱딱하고,
👉 대신 가장 안전한 설명용 단어입니다.

지금처럼
“이건 왜 느낌이 다르지?”를 캐치하는 감각이면
이미 일본어 뉘앙스 영역에 제대로 들어와 있습니다.

ーーーーーーーーーーーーーーーーーーーーーーーーーーーーーーーーーーーーーーーー

https://youtu.be/mqAvZ3EVyZo?si=2sOGlcV0OCvI4OrG

「つなぎ」は、「つなぐこと・もの」、「次の事までの時間をつなぐもの（場つなぎ）」、「料理で材料をまとめるもの（つなぎ粉、卵など）」、そして**「上下が一体になった作業服（オールインワン、ジャンプスーツ）」**といった複数の意味を持つ言葉です。文脈によって「繋ぎ」「接ぎ」「継ぎ」などの漢字が使われ、作業着は「オーバーオール」や「カバーオール」とも呼ばれます。 
主な意味と例
物理的に繋ぐこと・もの:
布と布を繋ぎ合わせる。
電話で回線を繋ぐ（「おつなぎいたします」）。
時間・場をつなぐもの:
「繋ぎの仕事」（本業の合間の仕事）。
「場つなぎに手品をする」（時間稼ぎ）。
料理で使う材料:
ハンバーグのひき肉をまとめるための小麦粉やパン粉、卵など。
そばに混ぜるヤマイモなど。
衣類:
上下が一体型の作業服（つなぎ服、作業着、オーバーオール、カバーオール、ジャンプスーツ）。
消防服やライダー服などにも使われる。

ーーーーーーーーーーーーーーーーーーーーーーーーーーーーーーーーーーーーーーーーーーーーーーーーーー

https://youtu.be/MRb6z5u7E34?si=s9A5b3727z8gWiB1

「頼り」（의지하다）、（たより）は、よりどころ、あてにできるもの・人、手掛かり、きっかけなどを意味し、「頼る」「頼りにする」という動詞「頼む」の名詞形です。現代では、「頼りになる人」（支えになる人）、「頼みの綱」（最後のよりどころ）、「便り」（連絡・知らせ）といった意味で使われ、古くは「機会」「ついで」の意味もありました。 
主な意味
よりどころ・支え: 困難な時に助けを求める対象や、頼って行動する根拠。
例: 「彼はいつも私の頼りだ」「地図を頼りに目的地へ着いた」。
手掛かり・きっかけ: 物事を進めるための手がかりや機会。
例: 「ある情報を頼りに調査を進める」。
（便り）連絡・知らせ: 手紙やメッセージなどの連絡手段（現代では「便り」と書くことが多い）。
例: 「ご無沙汰しておりますが、お便りお待ちしております」。 
類語・関連語
よりどころ、あて、頼みの綱、支え、当て、縁故、ツテ、コネ。 
使い方（例文）
「頼りになる存在」：信頼でき、助けになる人。
「頼りがなくなる」：支えを失うこと。
「頼りない」：頼りにならない、あてにならない様子。 
「頼り」は文脈によって「よりどころ」や「機会」、さらには「連絡」の意味を持つ、幅広く使われる日本語です。","[""import"",""japanese""]",2026-02-22 11:13:33.277726+00,e1848554-ffae-479c-a8cd-4c0d77b7bed2,2026-03-19 15:55:50.007522+00,0,0,0,2026-03-19 15:55:50.007522+00,0,null,null,null,false,null,null,null,null,true,d082b975-92ef-49e6-a62f-41b34260eadf,null,null,"{""tables"":{""1"":{""rows"":[],""columns"":[]}}}",null,[],null,null
1d2ea611-ce81-4a7b-ac28-ffb7d632c953,「立派（りっぱ）」と「素晴らしい（すばらしい）」の違いは,"「立派（りっぱ）」と「素晴らしい（すばらしい）」はどちらも物事の優れている様子を褒める言葉ですが、「立派」は内容や格式、人格の立派さ（例：立派な青年）、<</「素晴らしい」は感動や感心するほど（例：素晴らしい眺め）、<</「見事」は外見や出来栄え（例：見事に咲く）といったニュアンスの違いがあり、「立派」はやや客観的で格式高く、「素晴らしい」はより主観的な感動を表すことが多いです。ビジネスや目上の人には「素晴らしい」の丁寧な言い方（「素晴らしいことかと存じます」など）が適しています。 
共通する意味
感心するほど優れている、見事であること。 
「立派」のニュアンス
内容・格式・人格の良さ：「立派な建物」「立派なご両親」「立派な態度」のように、中身や格式、人間性など、ある程度の水準や品格を備えている様子。
やや客観的：感動よりも「立派だ」という評価のニュアンスが強い。 
「素晴らしい」のニュアンス
感心・感動：心から感動したり、感心したりする様子。「なんて素晴らしい眺めなんだ！」のように、感情がこもる。
主観的・広範囲：天気、景色、才能、物など、幅広い対象に使える。 
使い分けの例
「立派な青年だね」：成長した姿や態度を評価する（中身を評価）。
「なんて素晴らしい眺めだろう！」：感動を表現する（感情を表現）。
「素晴らしい才能ですね」：才能への感嘆。
言い換え表現
「立派な」の類語：感心な、見上げたもの。
「素晴らしい」の類語：優れている、秀逸だ、抜群だ、非凡だ。
より丁寧に：素晴らしいと思います → 素晴らしいことかと存じます。","[""import"",""japanese""]",2026-02-22 11:13:33.277726+00,e1848554-ffae-479c-a8cd-4c0d77b7bed2,2026-03-19 15:55:50.007522+00,0,0,0,2026-03-19 15:55:50.007522+00,0,null,null,null,false,null,null,null,null,true,39a067ee-450d-4dac-adf4-e1013c4bfe19,null,null,"{""tables"":{""1"":{""rows"":[],""columns"":[]}}}",null,[],null,null
1de3e991-8c35-4c4d-91cb-3d1eb3109853,日本語単語勉強01,"youtubeでわかる単語

https://youtu.be/-NC-ooUaqiI?si=ZrK7MAyrEeFggs70

ヒトデ（불가사리）、苔（こけ,이끼）

https://www.youtube.com/watch?v=7Bmc_Eb6ma0&list=LL

実際（じっさい、실제）
実際の出来事に基づいた映画作品です。
실제 있었던 일을 바탕으로한 영화작품입니다.

https://youtu.be/1aCAxxy_e14?si=3ExeIIxHPDUCdFEm

あざとい

주로 히라가나로 적음
하지만 현실에서 많이 사용되는 의미는 ""여우 같다""에 가까움. 즉 상대에게 호감을 사기 위해 아양을 떤다는 의미
예능 방송 ""あざとくて何が悪いの？""가 ""여우 같은 게 뭐가 나빠?""로 번역된 바 있음
주로 여성이 남성에게 호감을 사기 위해 아양을 떠는 것을 말함

勉強した文法

都合（つごう)（상황, 형편）

都合により欠席させてください。
(개인적인) 상황, (개인적인)이유가 있어 못 가

彼とはいつも都合が合わなくて、会うことができないでいる。
그와는 항상 (시간적인) 상황이 맞지 않아서, 만나지 못하고 있다.

都合のいい時に電話ください。
시간될때 전화 주세요 → (시간적인) 상황이 좋을 때 전화 주세요","[""import"",""japanese""]",2026-02-22 11:13:33.277726+00,e1848554-ffae-479c-a8cd-4c0d77b7bed2,2026-03-19 15:55:50.007522+00,0,0,0,2026-03-19 15:55:50.007522+00,0,null,null,null,false,null,null,null,null,true,3c022637-cfab-481a-8ff3-610e65e13953,null,null,"{""tables"":{""1"":{""rows"":[],""columns"":[]}}}",null,[],null,null
205a17ad-4016-44ff-9d38-77bb1d49f6cf,日本語単語勉強09,"汗をかく(あせ)：땀을흘리다
カニ(crab)：게、カエル(frog)：개구리
売り切れ（うりきれ）：매진

https://youtu.be/Uf8G9pWl3AQ?si=4qOXwUpfWt_HEka8

法事（ほうじ）とは、故人の冥福を祈る仏教行事全般を指し、僧侶による読経や焼香といった「法要」と、その後の会食を含みます。

「ナンパ」とは、男性が初対面の女性に声をかけ、口説いたり連絡先を交換したりする行為です。（헌팅）

照れる（てれる、수줍어[부끄러워]하다、거북해하다.）：「照れる」とは、褒められたり、注目されたりして、嬉しさとともに恥ずかしくなる様子を表す言葉です。主に「きまりが悪い」「はずかしい」といった感情を伴い、顔が赤くなる、落ち着かなくなるなどの行動を伴うことがあります。

https://youtu.be/rddS_WmTRqg?si=65nbNkWuPfRZzYOx

語尾（ごび、어미,말끝）とは、形態論で活用する語の変化する部分を指す。これに対して変化しない部分は語幹という。語幹が語尾と結びつき、派生語幹となってさらに語尾を取るものがある。語尾に実質的な意味はなく、文法的な意味を表している。語尾は名詞、動詞、形容詞等違う品詞から文法化したものが多い。語尾を伴わずに語幹だけでも用いられる場合には、語尾は接尾辞と見ることもできる。（https://ja.wikipedia.org/wiki/%E8%AA%9E%E5%B0%BE）

https://youtu.be/GIKkJ1Vcif4?si=rTij5AwKlqQxCPBb

零れる（こぼれる）：감정 등이 밖으로 나타나다.
例文：本音がこぼれる。
（https://blog.naver.com/tanuki4noli/220263448567）

寄贈（きぞう、기증하다）

素晴らしい（すばらしい）：훌륭하다、근사하다、굉장하다、멋지다.

https://youtu.be/yzykdGqps0Y?si=bPyWXcou6WnWw-AV

飼う（かう）：기르다、치다、사육(飼育)하다.

ミミズ（蚯蚓、지렁이）は、環形動物門貧毛綱（ひんもうこう、学名: Oligochaeta）に属する動物の総称。目がなく、手足もない紐状の動物である。名称は「目見えず」からメメズになり、転じてミミズになったとも言われ、西日本にはメメズと呼ぶ地域がある。多くは陸上の土壌中に棲む。
(https://ja.wikipedia.org/wiki/%E3%83%9F%E3%83%9F%E3%82%BA)","[""import"",""japanese""]",2026-02-22 11:13:33.277726+00,e1848554-ffae-479c-a8cd-4c0d77b7bed2,2026-03-19 15:55:50.007522+00,0,0,0,2026-03-19 15:55:50.007522+00,0,null,null,null,false,null,null,null,null,true,b9ea4af2-d6ed-4d71-876e-8449673103fa,null,null,"{""tables"":{""1"":{""rows"":[],""columns"":[]}}}",null,[],null,null
2842e77e-bf9d-4da4-9a96-8edf6a637f24,日本語単語勉強03,"https://youtu.be/C2eJDI0Hlvs?si=bAjVI4X1gpyveqpz

餡掛け（あんかけ）とは、調味液（煮汁）に水あるいは出汁で溶いたデンプン（葛粉、片栗粉（じゃがいも澱粉）など）を加えて加熱しとろみを付けそれをかけた料理の総称[1][2][3]。また、特に調味しただし汁に水溶きの葛粉や片栗粉を用いてとろみを付けたうどんやそばのこと（https://ja.wikipedia.org/wiki/%E9%A4%A1%E6%8E%9B%E3%81%91）

https://youtu.be/NkdTFGDXC2o?si=EJPWsoVydbAOI3uO

「パチもん」と「バッタもん」

「パチもん」

「パチ」は「嘘っぱち」の語尾＋「もん」は「物」

（「物を盗む」ことを「パチる」というので、「（盗む）の意」等、諸説あります）

本物ではないが、元の製品に忠実に作られた模倣品や、品質の良いコピー商品を指します。パチもんは見た目が本物と非常に似ているため、一見すると見分けがつかないことがあります。

「正規の流通ルートで仕入れたものでない正規品」のことで、賞味期限切れもしくは期限切れ間近の商品、使用に支障はないが包装の外観が劣化したB級品や棚崩れ品、企業倒産により流れるものなど、正規のルートでは売りさばきにくい商品が多く、格安で売られることに使用される言葉で「偽物」の意味はありませんでした。

（https://www.iwaicosmo.net/report/post_499.html）

https://youtu.be/ntjTXlIqaqE?si=4wpRHL7RIVv0NirH

面倒、面倒くさい（めんどくさい、귀찮다）

'귀찮다'는 일본어로 「面倒くさい」(멘도쿠사이) 라고 표현합니다. 간단하게는 「面倒」(멘도) 라고 말하기도 하며, '귀찮네요'처럼 조금 더 정중하게 말하고 싶다면 「面倒くさいですね」(멘도쿠사이데스네) 또는 「面倒ですね」(멘도데스네) 라고 할 수 있습니다.
기본형: 面倒くさい (멘도쿠사이)
뜻: 귀찮다, 성가시다
정중한 표현: 面倒くさいですね (멘도쿠사이데스네) 또는 面倒ですね (멘도데스네)
뜻: 귀찮네요
명사형: 面倒 (멘도)
뜻: 귀찮음, 성가심

動画、映像

https://thingmedia.jp/6395
https://m.blog.naver.com/shaedong10/222066814640

動画（どうが・英: moving image）コンピュータなどの画像の中でも特に動きのあるもの
（https://ja.wikipedia.org/wiki/%E5%8B%95%E7%94%BB）","[""import"",""japanese""]",2026-02-22 11:13:33.277726+00,e1848554-ffae-479c-a8cd-4c0d77b7bed2,2026-03-19 15:55:50.007522+00,0,0,0,2026-03-19 15:55:50.007522+00,0,null,null,null,false,null,null,null,null,true,524e00ea-e987-4a46-a79b-d95af7465cd0,null,null,"{""tables"":{""1"":{""rows"":[],""columns"":[]}}}",null,[],null,null
2c78cc95-3890-4b85-b265-b2e49d600e66,日本語単語勉強07,"https://youtu.be/Ap6yy0d0PaM?si=R0QggrlzxaV4lzpq

化粧水（けしょうすい,토너）とは、皮膚を保湿し、整え、滑らかにする機能を持つ、透明液状を呈した化粧品である。水分や保湿成分を補給する。洗顔料の後に使用し、美容液の前に使用する。ローション、トナー、トニック等と呼ばれることもある。

https://ja.wikipedia.org/wiki/%E5%8C%96%E7%B2%A7%E6%B0%B4","[""import"",""japanese""]",2026-02-22 11:13:33.277726+00,e1848554-ffae-479c-a8cd-4c0d77b7bed2,2026-03-19 15:55:50.007522+00,0,0,0,2026-03-19 15:55:50.007522+00,0,null,null,null,false,null,null,null,null,true,2361947f-edc8-4493-97a4-fe1b01b6f462,null,null,"{""tables"":{""1"":{""rows"":[],""columns"":[]}}}",null,[],null,null
36d2dc66-8a24-40e8-a2a1-76305e90eb40,日本語単語勉強17,"https://youtu.be/5K2o1-hj4mk?si=PXEg6WjsbVl-FJNu

「嫌味（いやみ）」とは、相手に不快感を与える言動や、わざと気取って嫌らしさを見せる態度、またはそれらによって受ける不快感そのものを指し、褒め言葉に含みを持たせたり、遠回しに相手を批判・攻撃したりする際に使われる言葉です。皮肉や当てつけ、嫌がらせに近い場合もあり、多くは本心を直接言わず、受け手が嫌な気持ちになるように仕向けたり、自分の価値観を押し付けたりする特徴があります。

https://precious.jp/articles/-/39298

https://youtu.be/_Z1yguFacH8?si=PENQo_zNT-6c7Ei3

高額転売は、人気商品を入手困難な状況にしてから法外な価格で販売する行為で、多くの国で深刻な懸念となっています。 

https://www.gov-online.go.jp/article/201904/entry-8236.html

https://youtu.be/GVDVnx7DPxw?si=HOpiTIWT4wujHYY7

「えぐい」は、元々はアクが強くて舌や喉に刺激が強い味（いがらっぽい）を指しますが、若者言葉として「すごい」「ひどい」「ありえない」「レベルが高い」「キツい」など、良い意味でも悪い意味でも「度を超えている」「インパクトが強い」状況を表現する言葉です。文脈によって「最高！」（ポジティブ）にも「やばい、キツすぎる」（ネガティブ）にもなる、非常に便利なスラングです。 
主な意味と使い方
ポジティブな意味（すごい、素晴らしい、レベルが高い）:
「あの選手のプレー、えぐい！」「歌声がえぐい！」（技術や才能が並外れている）。
「このラーメン、味がえぐい」（濃厚で美味しい、中毒性がある）
ネガティブな意味（ひどい、キツい、無理、度が過ぎる）:
「テストがえぐい」（難しすぎる）。
「今日の練習メニュー、えぐい」（キツすぎる、きつい）。
「あいつの言い方、えぐい」（きつい、無礼、残酷）。
元々の意味（刺激が強い、アクが強い）:
「山菜を食べたら喉がえぐい」（いがらっぽい、刺激が強い）。 
ポイント
「ヤバい」との違い: 「ヤバい」が感情表現に重きを置くのに対し、「えぐい」は**対象の「並外れた事実」や「インパクト」**を表現するニュアンスが強いです。
派生: 「えぐいてぇ」のように語尾を伸ばすと、より悲壮感や切迫感を強調できます。 
つまり、「えぐい」は、**「常識の範囲を超えている」「際立っている」**という状態全般を指し、その度合いがプラスかマイナスかは状況で判断する言葉です。

Chrome AI

https://m.blog.naver.com/mess798/222114473908","[""import"",""japanese""]",2026-02-22 11:13:33.277726+00,e1848554-ffae-479c-a8cd-4c0d77b7bed2,2026-03-19 15:55:50.007522+00,0,0,0,2026-03-19 15:55:50.007522+00,0,null,null,null,false,null,null,null,null,true,c67c0415-e5e1-42d4-bd80-33cf213eb6b9,null,null,"{""tables"":{""1"":{""rows"":[],""columns"":[]}}}",null,[],null,null
3c2e26cb-d026-4491-b767-ca3ab328fc9b,React에대한 간단한 이해,"일본 중소기업 “합격선”을 정확히 말하면
💯 충분한 합격 설명 수준은 이 정도

React는 상태 기반으로 UI를 그린다

useState는 상태 변경을 트리거한다

JSX는 Babel로 JS로 변환된다

배열은 불변성을 지켜서 업데이트한다

조건 렌더링으로 UI 상태를 나눈다

👉 이걸 말로 설명 가능하면
“React 이해하고 있음” 판정이 나와.

❗ 여기서 더 깊은 내부 구현(파이버, 스케줄러 등)은
중소기업 신입에게 전혀 요구되지 않음.","[""import"",""japanese""]",2026-02-22 11:13:33.277726+00,e1848554-ffae-479c-a8cd-4c0d77b7bed2,2026-03-19 15:55:50.007522+00,0,0,0,2026-03-19 15:55:50.007522+00,0,null,null,null,false,null,null,null,null,true,093d0e44-3a43-48f0-9577-4c3fd81c2a4a,null,null,"{""tables"":{""1"":{""rows"":[],""columns"":[]}}}",null,[],null,null
3cda1611-cdaf-4921-aae7-bbb7773819d2,日本語単語勉強11,"https://youtu.be/D0sJddVwAys?si=noRyIxunlMTqXo2G

「定番（ていばん）」とは、流行に左右されず、常時安定して売れる基本的な商品や、}=「代表的なもの」「決まりきったこと」全般を指す言葉です。元々は、商品番号が固定されていて、売上が安定している商品のことを指す小売業界の専門用語に由来します。、유행을 타지 않는 기본적인[기본형] 상품.

歯周病（ししゅうびょう）とは、細菌の感染によって引き起こされる炎症性疾患で、歯の周りの歯ぐき（歯肉）や、歯を支える骨などが溶けてしまう病気です。 歯と歯肉の境目（歯肉溝）の清掃が行き届かないでいると、そこに多くの細菌が停滞し歯肉の辺縁が炎症を起こして赤くなったり、腫れたりしますが痛みはほとんどの場合ありません。

일본어로 “한국이 세련됐다 / 트렌디하다”는 이렇게 표현하면 된다
일본에서 한국 이미지를 말할 때 가장 많이 쓰는 표현은 다음 두 가지야.

1) 洗練されている（せんれんされている）

가장 정확한 표현.
그대로 **“세련되었다 / 세련된 느낌이다”**라는 의미.

예문

韓国はすごく洗練されている国だと思う。
한국은 정말 세련된 나라라고 생각해요.

✔ 2) トレンドに敏感（びんかん）
“트렌드에 민감하다 / 트렌디하다”라는 의미.

特に若い人はすごくトレンドに敏感です。
특히 젊은 사람들은 정말 트렌디해요.

✔ 3) 最先端（さいせんたん）
“최전선 / 최신 / 최첨단”이라는 느낌.
한국의 패션·뷰티·기술을 설명할 때 자주 써.

韓国のカルチャーはいつも最先端です。
한국 문화는 항상 최신 트렌드의 최전선에 있어요.

✔ 4) おしゃれ（오샤레）
가볍게 “멋있다 / 스타일 좋다”라는 의미.
일상적으로 젊은 층이 자주 씀.

韓国って本当におしゃれですよね。
한국은 진짜 오샤레(멋있어).

✔ 5) 流行（りゅうこう）っている / 流行に強い
“유행을 잘 따른다 / 유행을 이끈다”
한국 트렌드 문화를 설명할 때 많이 쓰는 표현.

韓国はアジアの中で流行に強い国です。
한국은 아시아에서 유행에 강한 나라예요.

일본인이 가장 좋아하는 “한국인 유학생 답변 템플릿”

■ 템플릿 1: 가장 무난하고 완벽한 답변

한국어 버전
“일본은 생활이 안정적이고 조용해서 지내기 편해요.
한국과 조금 다른 부분도 있어서 재미있고, 아직 배우는 중이라 더 알고 싶어요.”

일본어 버전
「日本は生活が安定していて、とても過ごしやすいです。
韓国とは少し違う部分もあって、それが面白いです。
まだ勉強中なので、もっと日本のことを知りたいです。」

■ 템플릿 2: 솔직 + 부드러운 차이 + 긍정 마무리

한국어
“처음엔 조금 낯설었는데 점점 익숙해지고 있어요.
한국과 다른 점도 흥미롭고, 배울 게 많다고 느껴요.”

일본어
「最初は少し慣れなかったんですが、だんだん馴染んできました。
韓国と違うところもあって興味深いし、学ぶことが多いと感じています。」

■ 템플릿 3: 친절하게 일본을 칭찬하는 버전

한국어
“일본 사람들은 정말 친절해서 편하게 지내고 있어요.
일본 문화도 재미있고 계속 경험해보고 싶어요.”

일본어
「日本の方は本当に親切で、安心して生活できています。
文化もとても面白くて、これからもっと経験したいと思っています。」

1) 優しい(やさしい)는 범위가 너무 넓다
✔ 장점

말투가 부드럽다

행동이 상냥하다

분위기가 따뜻하다

마음이 착하다

이런 다양한 긍정적 뉘앙스를 담는 감성 표현이야.

✔ 단점

너가 느낀 것처럼 “착하다/부드럽다/약하다”의 뉘앙스가 섞여 있어
공식적 질문(“일본인을 어떻게 생각해요?”)에 쓰면 애매해 보일 수도 있음.

예)
「日本の人は優しいです」
→ 감성적으로는 좋지만, 약간 추상적.

유학 초반엔 괜찮지만, 확실한 의미를 전달하고 싶을 때는 조금 약한 표현.

2) 丁寧(ていねい)은 “말투·대우·태도”를 칭찬하는 정교한 표현

너의 직감이 아주 정확해.

예의를 지킨다

말투가 정중하다

상대를 배려한다

서비스가 안정적이다

이런 의미로 일본인이 매우 좋아함.

예)
「日本の人は丁寧に対応してくれます」
→ 일본인이 듣기 가장 좋아하는 칭찬 중 하나.

✔ 포인트

丁寧 = 문화적·사회적 예의와 태도를 칭찬하는 가장 적합한 단어
유학생 인터뷰나 자기소개에서 자주 쓰임.

3) 親切(しんせつ)은 “구체적 행동에서 친절함”을 말할 때 최고

길을 알려줌

도와줌

관심을 가져줌

착한 행동을 해줌

행동 기반의 kindness를 표현할 때 완벽해.

예)
「道に迷った時に、日本の方がとても親切に教えてくれました」
→ 외국인·유학생이 흔히 경험하는 장면이라 일본인도 자연스럽게 받아들임.

✔ 포인트

親切 = “도움을 준 것”이라는 구체적 의미가 들어감.

4) 실제 추천 조합 → 일본인이 가장 좋아하는 표현 세트

초기 유학생이 가장 무난하게 사용할 수 있는 표현은 이거야:

✔ 상황을 설명할 때: 丁寧(정중하다)

「日本の人はとても丁寧だと感じます。」

✔ 실제로 도움을 줬을 때: 親切(친절하다)

「困った時に親切に助けてくれました。」

✔ 감성적으로 말할 때: 優しい(상냥하다)

「みんな優しくて安心しました。」

이렇게 나누면 완벽하다.

1) いい人 = 일본어 “멀티 의미 칭찬”

いい人은
언뜻 보면 칭찬
실제로는 매우 폭넓은 의미
상황에 따라 긍정/부정 모두 가능
이런 특징을 가진 단어야.

✔ 긍정적 의미

착하다
친절하다
마음이 순하다
성격이 좋다
분위기가 부드럽다

✔ 애매하거나 부정적인 뉘앙스

너무 착해서 이용당하기 쉬움
자기 의견을 못 말함
존재감이 약함
강단이 없음
감정적으로 약함
거절 못함
즉,　좋은 말이지만, “센 사람은 아니다”라는 숨은 뉘앙스가 섞일 수 있다","[""import"",""japanese""]",2026-02-22 11:13:33.277726+00,e1848554-ffae-479c-a8cd-4c0d77b7bed2,2026-03-19 15:55:50.007522+00,0,0,0,2026-03-19 15:55:50.007522+00,0,null,null,null,false,null,null,null,null,true,7b6e0c44-02a2-4545-90e9-47a03826fc75,null,null,"{""tables"":{""1"":{""rows"":[],""columns"":[]}}}",null,[],null,null
40d9e1a6-5b89-4193-bfa8-328b2016db35,react ts 01,"from ChatGPT

ReactNode
React 코드 안에서 **“이 자리에 어떤 종류의 React 요소든 들어올 수 있다”**라는 뜻을 표현하는 **타입(TypeScript 타입)**이에요. 즉, ReactNode = React 안에서 렌더링될 수 있는 모든 것

from https://merrily-code.tistory.com/209

# 📘 Stock Cloud Community — 프론트엔드 구조 전체 정리 (2025)

## 01. 프로젝트 개요

### 기술 스택

- **React + TypeScript**
- **React Router v6**
- **Context API** (언어 상태 전역 관리)
- **Tailwind CSS** (스타일)
- **JSON 기반 i18n**
- **Vite 또는 CRA 기반 번들러** (환경에 따라)

### 핵심 목표

- 일본을 베이스로 하는 **글로벌 서비스**
- **영어 / 일본어 / 한국어** 다국어 지원
- 향후 기능 확장(경영, 콘텐츠, 커뮤니티 등)을 고려한 **유연한 폴더 구조**

  **팁**  
  프로젝트 문서에서 “기술 스택 + 목표”를 맨 위에 적어두면, 교수·면접관·협업자가 이 프로젝트가 어떤 레벨인지 한눈에 파악하기 쉽다.

## 02. 폴더 구조 (정석 구조)

```txt
client/
  src/
    app/
      App.tsx
      pages/
        HomePage.tsx
        FeedPage.tsx
        ProfilePage.tsx
        SettingsPage.tsx

    components/
      layout/
        MainLayout.tsx
      common/
        LanguageSwitcher.tsx

    contexts/
      LanguageContext.tsx

    lib/
      i18n.ts

    locales/
      en.json
      ja.json
      ko.json

    types/
      locale.ts
      # (선택) localeSchema.ts

    styles/
      index.css

    main.tsx
```

팁

app/ : 라우팅과 페이지 흐름

components/ : 재사용 가능한 UI

contexts/ : 전역 상태(Context)

lib/ : 유틸·도메인 로직

locales/ : 번역 파일
이렇게 역할별로 나누면 규모가 커져도 구조가 잘 버틴다.

## 03. 라우팅 구조

📌 가장 중요한 원칙
BrowserRouter는 앱 전체에서 단 한 번만 사용한다.
위치는 main.tsx 또는 App.tsx 둘 중 하나.

현재 사용 중인 패턴은 main.tsx에 Router를 두는 방식:

```tsx
コードをコピーする;
// main.tsx
import React from ""react"";
import ReactDOM from ""react-dom/client"";
import App from ""./app/App"";
import ""./styles/index.css"";
import { LanguageProvider } from ""./contexts/LanguageContext"";
import { BrowserRouter } from ""react-router-dom"";

ReactDOM.createRoot(document.getElementById(""root"")!).render(
  <React.StrictMode>
    <LanguageProvider>
      <BrowserRouter>
        <App />
      </BrowserRouter>
    </LanguageProvider>
  </React.StrictMode>
);
```

App.tsx는 Router 없이, Routes만 가진다:

```tsx
コードをコピーする;
// app/App.tsx
import { Routes, Route, Navigate } from ""react-router-dom"";
import { MainLayout } from ""../components/layout/MainLayout"";
import { HomePage } from ""./pages/HomePage"";
import { FeedPage } from ""./pages/FeedPage"";
import { ProfilePage } from ""./pages/ProfilePage"";
import { SettingsPage } from ""./pages/SettingsPage"";

export const App = () => {
  return (
    <MainLayout>
      <Routes>
        <Route path=""/"" element={<HomePage />} />
        <Route path=""/feed"" element={<FeedPage />} />
        <Route path=""/profile"" element={<ProfilePage />} />
        <Route path=""/settings"" element={<SettingsPage />} />
        <Route path=""*"" element={<Navigate to=""/"" replace />} />
      </Routes>
    </MainLayout>
  );
};

export default App;
```

---

팁
main.tsx에 Router를 두면, App은 “순수하게 화면만” 담당해서 역할 분리가 더 깔끔해진다.

## 04. 언어 상태 관리 (LanguageContext)

역할
전체 앱의 언어 상태를 전역으로 관리

localStorage와 연동해서 새로고침 후에도 언어 유지

setLanguage 호출 시 전 페이지가 즉시 리렌더링

### 04-01. 언어 타입

```ts
コードをコピーする;
// types/locale.ts
export type Language = ""en"" | ""ja"" | ""ko"";
```

컨텍스트 구현

```tsx
コードをコピーする;
// contexts/LanguageContext.tsx
import {
  createContext,
  useContext,
  useEffect,
  useState,
  type ReactNode,
} from ""react"";
import type { Language } from ""../types/locale"";

type LanguageContextValue = {
  language: Language;
  setLanguage: (lang: Language) => void;
};

const LanguageContext = createContext<LanguageContextValue | undefined>(
  undefined
);

const DEFAULT_LANG: Language = ""en"";

type LanguageProviderProps = {
  children: ReactNode;
};

export const LanguageProvider = ({ children }: LanguageProviderProps) => {
  const [language, setLanguageState] = useState<Language>(DEFAULT_LANG);

  // 초기 로드 시 localStorage 값 적용
  useEffect(() => {
    const saved = window.localStorage.getItem(
      ""scc_language""
    ) as Language | null;
    if (saved) {
      setLanguageState(saved);
    }
  }, []);

  // 언어 변경 시: 상태 + localStorage 둘 다 업데이트
  const setLanguage = (lang: Language) => {
    setLanguageState(lang);
    window.localStorage.setItem(""scc_language"", lang);
  };

  return (
    <LanguageContext.Provider value={{ language, setLanguage }}>
      {children}
    </LanguageContext.Provider>
  );
};

export const useLanguage = (): LanguageContextValue => {
  const ctx = useContext(LanguageContext);
  if (!ctx) {
    throw new Error(""useLanguage must be used within LanguageProvider"");
  }
  return ctx;
};
```

팁

전역 상태는 항상 한 곳에서만 관리한다.

여기서는 LanguageProvider가 “언어의 단일 출처(single source of truth)”.

## 05. i18n 시스템 (JSON 기반)

### 05-01. JSON 구조 예시

```json
コードをコピーする
// locales/en.json
{
""app"": {
""title"": ""Stock Cloud Community"",
""tagline"": ""From Japan to the world""
},
""nav"": {
""home"": ""Home"",
""feed"": ""Feed"",
""profile"": ""My Page""
}
}
```

```json
コードをコピーする
// locales/ja.json
{
""app"": {
""title"": ""Stock Cloud コミュニティ"",
""tagline"": ""日本から世界へ""
},
""nav"": {
""home"": ""ホーム"",
""feed"": ""フィード"",
""profile"": ""マイページ""
}
}
```

```json
コードをコピーする
// locales/ko.json
{
""app"": {
""title"": ""Stock Cloud 커뮤니티"",
""tagline"": ""일본에서 세계로""
},
""nav"": {
""home"": ""홈"",
""feed"": ""피드"",
""profile"": ""마이페이지""
}
}
```

### 05-02. t() 함수 구현

```ts
コードをコピーする;
// lib/i18n.ts
import en from ""../locales/en.json"";
import ja from ""../locales/ja.json"";
import ko from ""../locales/ko.json"";
import type { Language } from ""../types/locale"";

const dictionaries = {
  en,
  ja,
  ko,
};

export const t = (key: string, lang: Language): string => {
  const dict = dictionaries[lang];

  const parts = key.split(""."");
  let value: any = dict;

  for (const part of parts) {
    value = value?.[part];
  }

  return value ?? key; // 못 찾으면 key 그대로 반환
};
```

핵심 포인트

""app.title"" → JSON의 app → title 위치를 찾아서 문자열 반환

""nav.home"" → JSON의 nav → home 위치를 찾아감

값을 못 찾으면 key를 그대로 반환 → 오타 디버깅에 도움

팁
모든 텍스트를 JSON에서 관리하면, 코드 수정 없이도 문구를 변경할 수 있다.
(기획자/디자이너가 JSON 파일만 수정해도 됨)

## 06. MainLayout — 언어 변경 + 네비게이션 UI

역할
상단 헤더(UI 공통)

네비게이션 메뉴

언어 변경 컴포넌트 (LanguageSwitcher)

메인 페이지 컨테이너 (children)

Footer

LanguageSwitcher

```tsx
コードをコピーする;
// components/common/LanguageSwitcher.tsx
import type { FC } from ""react"";
import type { Language } from ""../../types/locale"";

const LABEL: Record<Language, string> = {
  en: ""EN"",
  ja: ""日本語"",
  ko: ""한국어"",
};

type LanguageSwitcherProps = {
  value: Language;
  onChange: (lang: Language) => void;
};

export const LanguageSwitcher: FC<LanguageSwitcherProps> = ({
  value,
  onChange,
}) => {
  return (
    <div className=""flex items-center gap-2 text-xs"">
      <span className=""text-gray-400"">Language</span>
      <div className=""inline-flex rounded-full bg-gray-100 p-1"">
        {([""en"", ""ja"", ""ko""] as Language[]).map((lang) => {
          const isActive = value === lang;

          return (
            <button
              key={lang}
              type=""button""
              onClick={() => onChange(lang)}
              className={[
                ""px-2 py-1 rounded-full transition"",
                isActive
                  ? ""bg-white shadow-sm text-brand-primary""
                  : ""text-gray-500 hover:text-brand-primary"",
              ].join("" "")}
            >
              {LABEL[lang]}
            </button>
          );
        })}
      </div>
    </div>
  );
};
```

MainLayout 구현 (Context 사용)

```tsx
コードをコピーする;
// components/layout/MainLayout.tsx
import type { ReactNode } from ""react"";
import { Link, useLocation } from ""react-router-dom"";
import { LanguageSwitcher } from ""../common/LanguageSwitcher"";
import { useLanguage } from ""../../contexts/LanguageContext"";

type MainLayoutProps = {
  children: ReactNode;
};

export const MainLayout = ({ children }: MainLayoutProps) => {
  const { language, setLanguage } = useLanguage();
  const location = useLocation();

  const isActive = (path: string) => location.pathname === path;

  return (
    <div className=""min-h-screen bg-brand-soft text-brand-primary font-sans"">
      <header className=""border-b border-gray-200 bg-white/80 backdrop-blur-sm"">
        <div className=""mx-auto flex max-w-5xl items-center justify-between px-4 py-3"">
          <div className=""text-xl font-semibold tracking-tight"">
            Stock Cloud
            <span className=""ml-1 text-sm font-normal text-gray-500"">
              community
            </span>
          </div>

          <div className=""flex items-center gap-6"">
            <nav className=""flex items-center gap-4 text-sm text-gray-600"">
              <Link
                to=""/""
                className={
                  ""hover:text-brand-primary "" +
                  (isActive(""/"") ? ""font-semibold text-brand-primary"" : """")
                }
              >
                Home
              </Link>
              <Link
                to=""/feed""
                className={
                  ""hover:text-brand-primary "" +
                  (isActive(""/feed"") ? ""font-semibold text-brand-primary"" : """")
                }
              >
                Feed
              </Link>
              <Link
                to=""/profile""
                className={
                  ""hover:text-brand-primary "" +
                  (isActive(""/profile"")
                    ? ""font-semibold text-brand-primary""
                    : """")
                }
              >
                My Page
              </Link>
              <Link
                to=""/settings""
                className={
                  ""hover:text-brand-primary "" +
                  (isActive(""/settings"")
                    ? ""font-semibold text-brand-primary""
                    : """")
                }
              >
                Settings
              </Link>
            </nav>

            <LanguageSwitcher value={language} onChange={setLanguage} />
          </div>
        </div>
      </header>

      <main className=""mx-auto max-w-5xl px-4 py-8"">{children}</main>

      <footer className=""border-t border-gray-200 bg-white/70"">
        <div className=""mx-auto flex max-w-5xl items-center justify-between px-4 py-3 text-xs text-gray-400"">
          <span>© {new Date().getFullYear()} Stock Cloud Community</span>
          <span>JP → Global</span>
        </div>
      </footer>
    </div>
  );
};
```

팁
예전에 MainLayout이 Context 대신 props로 언어를 받았을 때,
App.tsx의 상태와 Context 상태가 따로 놀아서 새로고침해야 언어 변경이 반영되는 버그가 있었다.
지금은 useLanguage()만 쓰도록 통일해서 이 문제가 해결된 상태.

## 07. Language 버튼 이슈 정리 (에러 로그용)

### 07-01. 상황

React + TypeScript + Context + i18n 사용

언어 변경 버튼을 눌러도 텍스트가 바로 안 바뀌고,
새로고침 후에야 변경된 언어가 적용되는 현상 발생

### 07-02. 원인

언어 상태가

App.tsx의 useState(language)

LanguageProvider의 language
두 군데에서 따로 관리되고 있었음

화면(HomePage 등)은 **Context의 language**를 보고 있었지만,
버튼은 App 내부 상태만 변경하고 있었음 → 상태 불일치

i18n 키와 JSON 구조도 일부 불일치 (home.welcome vs app.title)

### 07-03. 해결

언어 상태를 LanguageProvider(Conte
xt) 하나로 통일

App.tsx에서 언어 관련 useState/useEffect 삭제

MainLayout과 페이지들은 모두 useLanguage()만 사용

LanguageProvider에서만 localStorage read/write 처리

i18n 키와 JSON 구조를 실제 호출 형태에 맞추어 수정

t(""app.title"", language) ↔ en.json.app.title

### 07-04. 결과

언어 변경 시 전 페이지 UI가 즉시 리렌더링

새로고침 없이 자연스럽게 전환

전역 상태 관리 구조 안정화

### 07-05. 배운 점

전역 상태(언어, 테마, 사용자 설정 등)는 반드시 한 군데에서만 관리한다.

Context + localStorage 조합을 사용할 때:

Context = 진짜 소스

localStorage = 초기값 + 영구 저장소 역할

i18n은 코드의 key(""app.title"")와 JSON 구조를 항상 맞춰야 한다.

## 08. 현재 시스템의 완성도

### 08-01. 현재 프로젝트는:

글로벌 언어 시스템(i18n) 기본 구조 완성

Context 기반 전역 언어 상태 안정적으로 구성

Layout / Routes / Pages 구조가 실무 레벨에 가깝게 정리

유지보수성과 확장성 모두 확보

### 08-02. 언어부분 수정내용

✔ 주요 작업 내용

i18n JSON(en/ja/ko) 확장

home / feed / profile / settings 영역에 필요한 문구 추가

일본어는 감성맞게 자연스러운 표현으로 조정

이제 모든 페이지가 통일된 i18n 패턴을 사용하도록 세팅됨

FeedPage 기본 레이아웃 구성

제목, 설명, 빈 피드 안내문 추가

향후 게시글·댓글 UI를 얹기 쉬운 구조로 설계

ProfilePage 기본 UI 제작

사용자 이름/프로필/바이오의 placeholder 문구 i18n 적용

실제 데이터 연동을 대비한 구조로 구축

SettingsPage의 언어 설정 섹션 구축

제목/설명/언어 선택 영역을 i18n으로 연결

LanguageSwitcher를 페이지 내부에서도 사용할 수 있도록 설정

향후 “테마/알림/타임존” 같은 설정을 추가할 공간 마련

MainLayout 전체 페이지에서 Context 기반 언어 전환 정상 동작 확인

nav는 아직 i18n 옵션 적용 전이지만, 적용 가능하도록 준비됨

전역 상태 적용 방식이 안정적으로 유지됨

✔ 배운 점 / 기록

페이지가 늘어나더라도, 언어 상태는 Context 하나로 관리하면 UI 반영이 항상 즉시 이뤄진다.

i18n JSON을 확장할 때는 “키 구조 통일”이 가장 중요하며,
이번 작업으로 전체 키 구조가 일관된 형태를 갖추게 됨.

페이지를 먼저 *“레이아웃 중심”*으로 만들면 나중에 DB 연결 시 훨씬 편하다.

📌 다음 작업 예정(TODO)

MainLayout 내 nav.menu 부분을 i18n으로 전환

SettingsPage → 테마 전역 상태 추가 준비

FeedPage → 게시글 카드 UI 설계

ProfilePage → 이름/소개 입력 폼 추가

### 08-03. 앞으로 추가하기 좋은 기능:

인증(Auth: 로그인/회원가입)

프로필 편집

게시글/댓글 기능

UI 세련화 (Tailwind + 일본 감성)

DB 연결 (초기 MongoDB → 이후 AWS로 마이그레이션)

팁
이 문서를 v1으로 두고, 기능이 늘어날 때마다 v2, v3 문서를 추가로 작성하면
“프로젝트 성장 히스토리” 자체가 포트폴리오가 된다.","[""import"",""coding""]",2026-02-22 11:13:33.277726+00,e1848554-ffae-479c-a8cd-4c0d77b7bed2,2026-03-19 15:55:50.007522+00,0,0,0,2026-03-19 15:55:50.007522+00,0,null,null,null,false,null,null,null,null,true,0e72426b-564d-457a-b386-2c8f992532b9,null,null,"{""tables"":{""1"":{""rows"":[],""columns"":[]}}}",null,[],null,null
41100c03-4f3b-49b7-bad0-28ae87331052,日本語の優しい表現,"## 🌸 1. 부탁·요청할 때 쿠션어
✔ 기본형

「恐れ入りますが…」
(죄송하지만 / 번거롭게 해드려 죄송하지만…)

✔ 예시문

「恐れ入りますが、こちらの確認をお願いできますか？」
죄송하지만, 이 부분 확인 부탁드려도 될까요?

「お手数ですが、こちらも見ていただけますか？」
번거로우시겠지만 이것도 봐주실 수 있을까요?

「差し支えなければ、教えていただけますか？」
괜찮으시다면 알려주실 수 있을까요?

## 🌿 2. 상대에게 질문할 때 부담 줄이는 쿠션어
✔ 기본형

「念のため…」 (혹시 몰라서 / 혹시 해서)
「一応確認なんですが…」 (확인차 여쭤보는 건데…)

✔ 예시문

「念のため、お伺いしたいのですが…」
혹시 몰라서 여쭤보고 싶은 게 있는데요…

「一応確認なんですが、この方向で合ってますか？」
확인차 여쭤보는데, 이 방향이 맞을까요?

「もし間違っていたら教えてください。」
혹시라도 제가 틀렸다면 알려주세요.

## 💬 3. 상대 의견을 듣고 싶을 때 쿠션어
✔ 기본형

「よろしければ…」 (괜찮으시다면)
「可能であれば…」 (가능하시다면)

✔ 예시문

「よろしければ、意見を聞かせていただけますか？」
괜찮으시다면 의견을 듣고 싶어요.

「可能であれば、この部分のアドバイスをいただきたいです。」
가능하시다면 이 부분에 대한 조언을 받고 싶습니다.

## 🌼 4. 부드러운 반대·거절 쿠션어
✔ 기본형

「大変申し上げにくいのですが…」
(매우 말씀드리기 어렵습니다만…)

「私の理解が間違っていたら申し訳ないのですが…」
(제가 잘못 이해했다면 죄송한데요…)

✔ 예시문

「申し上げにくいのですが、今回は難しいです。」
말하기 어렵지만, 이번에는 힘들 것 같습니다.

「失礼だったらすみませんが、違う案も検討できますか？」
실례가 될지 모르지만, 다른 안도 검토할 수 있을까요?

「私の勘違いでしたらすみませんが、この部分が気になりました。」
제 착각이라면 죄송하지만, 이 부분이 조금 신경 쓰였습니다.

## 🌙 5. 지적할 때 쿠션어
✔ 기본형

「言いづらいのですが…」
(말하기 어렵지만…)
「正直に申し上げると…」
(솔직히 말씀드리면…)

✔ 예시문

「言いづらいのですが、こちら少し修正が必要かもしれません。」
말하기 어렵지만, 이 부분은 조금 수정이 필요할 것 같습니다.

「気になった点が一つだけあります。」
신경 쓰인 점이 한 가지 있습니다.

「正直に申し上げると、少し分かりにくかったです。」
솔직히 말씀드리면, 조금 이해하기 어려웠습니다.

## 🧩 6. 상대의 기분을 고려한 쿠션어
✔ 기본형

「ご無理のない範囲で…」
(무리 없는 범위에서…)
「ご都合のよい時に…」
(편하실 때…)

✔ 예시문

「ご無理のない範囲で手伝っていただけると助かります。」
무리 없는 범위에서 도와주시면 감사하겠습니다.

「お忙しいところ恐縮ですが、ご都合のよい時にお願いします。」
바쁘신데 죄송하지만, 편하실 때 부탁드립니다.

## 🧡 7. 부드럽게 확인·재요청할 때
✔ 기본형

「再度恐縮ですが…」
(거듭 죄송하지만…)
「念のため、もう一度だけ…」
(혹시 몰라서 한 번만 더…)

✔ 예시문

「再度恐縮ですが、こちらも確認いただけますか？」
거듭 죄송하지만 이것도 확인 부탁드립니다.

「念のため、もう一度だけご確認お願いします。」
혹시 몰라서 한 번만 더 확인 부탁드립니다.

구체적인표현

# 🎯 1. “부탁할 때” — 상대가 바쁜 상황
🔹 쿠션어 + 상황 부드럽게 만들기

「お忙しいところ恐縮ですが…」
(바쁘신데 죄송하지만…)

🔹 완성 문장 예시

「お忙しいところ恐縮ですが、このデータを今日中に確認いただけますか？」
바쁘신데 죄송하지만, 이 데이터를 오늘 중에 확인해주실 수 있을까요?

왜 통하나?
→ 바쁨을 인정한 뒤 요청하므로 부담 ↓

# 🎯 2. “부드럽게 NO 말하기” — 거절이 필요할 때
🔹 쿠션어

「大変申し上げにくいのですが…」
(말하기 매우 어렵지만…)

🔹 완성 문장

「大変申し上げにくいのですが、今回は参加が難しいです。」
말씀드리기 어렵지만, 이번에는 참석이 어렵습니다.

왜 통하나?
→ 일본에서 NO의 정석. 상대가 공격받는 느낌 없음.

# 🎯 3. “틀린 부분 지적” — 상처 없이 지적하기
🔹 쿠션어

「私の理解が間違っていたらすみませんが…」
(제가 잘못 이해한 거라면 죄송한데…)

🔹 완성 예시

「私の理解が間違っていたらすみませんが、この数値は修正が必要かもしれません。」
제 이해가 틀렸다면 죄송하지만, 이 수치는 수정이 필요할지도 모릅니다.

왜 통하나?
→ “지적”이 아니라 “확인” 형태가 되어서 부드럽다.

# 🎯 4. “상대의 실수를 확인” — 직접 지적 대신 질문형 접근
🔹 쿠션어

「念のため確認させていただきたいのですが…」
(혹시 몰라 확인드리고 싶은데요…)

🔹 완성 예시

「念のため確認させていただきたいのですが、このファイルは最新のものですか？」
혹시 몰라 확인드리는데, 이 파일이 최신본이 맞을까요?

왜 통하나?
→ 지적이 아니라 “이상해서 확인한 것”처럼 들림.

# 🎯 5. “상대가 기분 나쁘지 않게 의견 표현” — 의견 충돌을 부드럽게
🔹 쿠션어

「一つ意見としてお伝えすると…」
(하나의 의견으로 말씀드리면…)

🔹 완성 예시

「一つ意見としてお伝えすると、こちらの案の方がリスクが少ない気がします。」
하나의 의견을 말씀드리면, 이 안이 리스크가 더 적어 보입니다.

왜 통하나?
→ 강요 X, 던지는 의견으로 전달됨.

# 🎯 6. “상대에게 피드백 요청” — 부담 없이 말해달라고 할 때
🔹 쿠션어

「もし気付いた点があれば…」
(혹시 신경 쓰이는 점이 있으면…)

🔹 완성 예시

「もし気付いた点があれば、軽く教えていただけると助かります。」
혹시 신경 쓰이는 점이 있다면, 가볍게 알려주시면 도움이 됩니다.

왜 통하나?
→ “가볍게(軽く)”가 부담을 크게 줄임.

# 🎯 7. “상대가 화가 났는지, 오해가 있는지 확인하고 싶을 때”
🔹 쿠션어

「私の言い方が良くなかったらすみませんが…」
(제 말투가 좋지 않았다면 죄송한데…)

🔹 완성 예시

「私の言い方が良くなかったらすみませんが、何か気になることがありましたか？」
제 말투가 좋지 않았다면 죄송한데, 혹시 신경 쓰인 점이 있었나요?

왜 통하나?
→ 공격성 제로. 상대도 마음 열기 쉬움.

# 🎯 8. “재요청” — 상대가 한번 거절하거나 늦출 때
🔹 쿠션어

「ご都合の良いタイミングで構いませんので…」
(편하신 타이밍에 괜찮으니…)

🔹 완성 예시

「ご都合の良いタイミングで構いませんので、もう一度だけご確認をお願いします。」
편하신 시간에 괜찮으니, 한 번만 더 확인 부탁드립니다.

왜 통하나?
→ 상대가 부담 ZERO.

# 🎯 9. “미묘한 불만 표현” — 싸우지 않으면서 솔직하게
🔹 쿠션어

「少しだけ気になったのですが…」
(조금 신경 쓰였는데…)

🔹 완성 예시

「少しだけ気になったのですが、この部分の説明が少し分かりにくかったです。」
조금 신경 쓰였는데, 이 부분 설명이 조금 이해하기 어려웠어요.

왜 통하나?
→ “조금(少し)”이 들어가면 일본에서는 거의 무해함.","[""import"",""japanese""]",2026-02-22 11:13:33.277726+00,e1848554-ffae-479c-a8cd-4c0d77b7bed2,2026-03-19 15:55:50.007522+00,0,0,0,2026-03-19 15:55:50.007522+00,0,null,null,null,false,null,null,null,null,true,a72cb81b-3124-48e1-a9fa-b9b9a94e958c,null,null,"{""tables"":{""1"":{""rows"":[],""columns"":[]}}}",null,[],null,null
41ba8b72-8226-4c8d-a3b6-e70ac1b4d1b0,「追い込む（おいこむ）,"「追い込む（おいこむ）」とは、相手や自分を逃げ場のない状況や限界まで追い詰めることで、物理的に追いかける意味から、ビジネスでのプレッシャー、自己啓発での限界突破、さらには音響調整など、様々な文脈で使われますが、基本は「追い詰める」「追いかける」に近い意味です。状況によっては「相手を窮地に陥れる」ことを指したり（例：債務を追い込む）、自分自身を「限界まで追い込む」（例：筋トレ）といったポジティブ・ネガティブ両方のニュアンスで使われます。 
主な意味と使い方
物理的に追い詰める： 逃げ場がなくなる場所まで追っていくこと。「袋のネズミにする」「挟み撃ちにする」などの類語があります。
例文: 犯人を崖っぷちまで追い込んだ。
精神的・状況的に追い詰める： 相手を苦しい状況（ピンチ、窮地、破綻など）に追い込むこと。
例文: 厳しい質問で相手を追い込んだ。（刑事弁護では、責任を厳しく追及する意味も）。
自分を限界まで追い込む（ポジティブな意味合い）： 目標達成や能力向上のために、自分の限界を突破するまで努力すること。
例文: 試合に向けて自分を追い込むトレーニングをする。
専門分野での用法：
音響: 機器の性能を最大限に引き出すために、ギリギリの調整を行うこと。
印刷: 改行や改ページを詰め、前の行に続けて組むこと。 
類語・関連表現
追い詰める（おいつめる）
袋のネズミにする
窮地に陥れる
限界まで追い込む
自分を追い込む 
文脈によってニュアンスが大きく変わるため、どのような状況で使われているかを確認することが重要です。","[""import"",""japanese""]",2026-02-22 11:13:33.277726+00,e1848554-ffae-479c-a8cd-4c0d77b7bed2,2026-03-19 15:55:50.007522+00,0,0,0,2026-03-19 15:55:50.007522+00,0,null,null,null,false,null,null,null,null,true,63e4e41e-c99c-40e7-af5a-9b64a09e84d3,null,null,"{""tables"":{""1"":{""rows"":[],""columns"":[]}}}",null,[],null,null
465ee78f-dc70-47e3-9201-652b25eb977b,台所（だいどころ）,"「台所（だいどころ）」は、家の中で料理や炊事を行う場所を指し、流し台・コンロ・作業台・収納などが備わった空間で、英語のキッチンにあたりますが、語源は平安時代の貴族の配膳所「台盤所（だいばんじょ）」が略されたものです。昔は「勝手（かって）」や「炊事場」とも呼ばれ、現代ではシステムキッチンなど機能的な設備が整えられ、食事室と一体になったダイニングキッチンも一般的です。 
意味と構成要素
調理スペース: 食物を調理する場所全般を指します。
設備: 流し台（シンク）、コンロ（加熱装置）、換気扇、作業台、収納庫（冷蔵庫、電子レンジなど家電含む）などで構成されます。
現代の形態: 機能性を重視したシステムキッチンや、ダイニングと一体化したダイニングキッチンが普及しています。 
言葉の由来と関連語
語源: 平安時代の「台盤所（配膳所）」が略されて「台所」になりました。
「勝手（かって）」: もともと「台所」を取り仕切る女性（御台所）が自由に過ごせた場所だったことから、「勝手」という言葉が生まれ、「勝手口」などの語源にもなりました。
「キッチン」: 英語のKitchen（台所）のことで、現代では「台所」と同じ意味で広く使われます。 
現代の使われ方
場所: 一般家庭の炊事場。
比喩: 金銭のやりくり、家計を指す「台所事情」という表現にも使われます。
歴史的意味: 武家の正妻を指す「御台所（みだいどころ）」という用法もありました。","[""import"",""japanese""]",2026-02-22 11:13:33.277726+00,e1848554-ffae-479c-a8cd-4c0d77b7bed2,2026-03-19 15:55:50.007522+00,0,0,0,2026-03-19 15:55:50.007522+00,0,null,null,null,false,null,null,null,null,true,5dc3ba5a-130b-4db6-8b7b-7611023daa5e,null,null,"{""tables"":{""1"":{""rows"":[],""columns"":[]}}}",null,[],null,null
4726ff5b-6928-40c4-8585-8188baea1991,javascript01,"DOMContentLoaded

돔트리 분석이 끝나면 발생
즉, 돔트리가 다 만들어진 후에 돔에 접근이 가능하기때문에, 돔이 생성되기전 돔을 조작하는 자바스크립트 코드가 실행되어 원하지 않는 결과를 내는것을 막을 수 있다.

document.addEventListener(""DOMContentLoaded"", ()=> {
console.log(""원하는 코드 적기"")
});

load

load는 돔트리 이후 모든 리소스까지 완벽히 끝난 후 발생하는 이벤트
DOMContentLoaded는 돔트리까지만 형성되면 발생하는 이벤트
즉 DOMContentLoaded 이벤트가 load이벤트보다 앞서 발생
로딩 측면에서 DOMContentLoaded가 우위에 있음

event.preventDefault()

a 태그나 submit 태그는 누르게 되면 href 를 통해 이동하거나 , 창이 새로고침하여 실행됩니다.
preventDefault 를 통해 이러한 동작을 막아줄 수 있습니다.
 
주로 사용되는 경우는
1. a 태그를 눌렀을때도 href 링크로 이동하지 않게 할 경우
2. form 안에 submit 역할을 하는 버튼을 눌렀어도 새로 실행하지 않게 하고싶을 경우 (submit은 작동됨)

event.stopPropagation()

이벤트가 상위 엘리먼트에 전달되지 않게 막아 준다.

append()

append() 메서드는 Element의 마지막 자식 뒤에 노드 객체 또는 문자열 객체를 삽입한다.
여러 객체를 한 번에 추가하고 싶을때 사용

appendChild()

하나의 노드를 특정 부모 노드 안쪽 끝 부분, 즉 마지막 자식으로 추가한다.
추가한 요소를 다른 변수에 할당해야할때 사용

innerText

렌더링된 HTML 요소의 텍스트 콘텐츠를 나타낸다.
해당 요소 내에 자손이 있다면 자손 태그는 무시하고 텍스트 콘텐츠만 처리.

innerHTML

HTML 요소의 내부 HTML 콘텐츠를 가져오거나 설정한다.
해당 요소의 자손 태그나 텍스트를 포함한 HTML 또는 XML 마크업을 읽어오거나 새롭게 변경할 수 있다.","[""import"",""coding""]",2026-02-22 11:13:33.277726+00,e1848554-ffae-479c-a8cd-4c0d77b7bed2,2026-03-19 15:55:50.007522+00,0,0,0,2026-03-19 15:55:50.007522+00,0,null,null,null,false,null,null,null,null,true,9849d125-0e8a-495a-8bff-59c94449e068,null,null,"{""tables"":{""1"":{""rows"":[],""columns"":[]}}}",null,[],null,null
47c3814a-7e02-4b09-a1a9-4dc6c193de4a,日本語単語勉強23,"「改めて（あらためて）」は、「もう一度」「別の機会に」「今さらのように」といった意味で使われ、何かを再確認したり、新しい視点で見つめ直したり、改めて開始する際に用いる言葉です。ビジネスシーンでは「改めて感謝申し上げます」「改めてよろしくお願いします」のように、丁寧さや誠意を伝える際にも頻繁に用いられます。 
主な意味と使い方
再度の行為: 「改めて確認する」「改めて連絡する」など、もう一度行う場合。
再考・再認識: 「改めて考える」「改めて見ると」のように、別の視点で深く考える場合。
新たな気持ち・態度で: 「改めまして、よろしくお願いします」のように、あらたまって挨拶やお願いをする場合。
服装などを整える: 「身だしなみを改めて」という場合もある。 
例文
「改めて、皆様のご協力に感謝いたします。」（感謝の気持ちを改めて伝える）
「改めて、この件について話し合いましょう。」（別の機会に話し合う）
「改めて、事実を確認させていただきます。」（もう一度確認する） 
注意点
「新ためて」は誤りで、「改めて」が正しい表記です。
「改めまして」は、「改める」の丁寧な表現で、既に挨拶などを交わした後に、改めて本題に入る際などに使われます。

https://m.blog.naver.com/062028/222377203267

https://youtu.be/8AcGhlMHjGo?si=oVAGK3AKaNx_cSb9

禁制（きんせい）：《古くは「きんぜい」》ある行為を禁じること。また、その法規。「男子禁制」

https://kotobank.jp/word/%E7%A6%81%E5%88%B6-481344#goog_rewarded

https://youtu.be/3_LYY6WgLQU?si=UNg5qY7l0QpUrq1D

銀杏（ぎんなん）：은행(나무)

秋になると黄金色に色づき大変美しいイチョウは、もとは中国原産の裸子植物で、中生代より太古のままの姿で生存する大変めずらしい1属1種の植物です。

葉の形状は扇形で葉先が波形となる。雌雄異株で花は4月の新葉と共に開き、雄花は尾状花序、雌花は有梗で1～2個つける。果実は球形で秋に黄熟します。

この秋に落ちた果実の多肉質の部分(外種皮)は悪臭を放つことでも知られるが、皮膚炎を起こす物質も含まれているため、手指を介して間接的に接触した体の部位に炎症や浮腫性紅班等を起こします。

熟して落ちた果実から、その外種皮を取り除き、乾燥すると内種皮に包まれた白果ができます。これが食用とされる銀杏です。さらに内種皮を除いたものを白果仁と称し、中国の古書｢本草綱目｣にも咳、喀痰、気管支喘息などに効果がある鎮咳去痰薬として収載されています。

https://www.ginnan-ice.jp/ginnan/

https://youtu.be/X1GRGddvSiI?si=HvZ-NdVGgcLltmSY

「細い」（ほそい）は、太さや幅が小さいこと、隙間が少ないこと、細かいこと、詳細であることなどを表す日本語で、英語では ""thin"", ""slender"", ""narrow"", ""fine"", ""detailed"" などが該当します。物理的なもの（細い線、細い髪）から、抽象的な事柄（詳細、些細なこと）まで幅広く使われ、反対語は「太い」（ふとい）です。 
主な意味と例文
太さが小さい（Thin/Slender/Narrow）
細い線 (hosoi sen) - A thin line.
細い腕 (hosoi ude) - Slender arms.
細い道 (hosoi michi) - A narrow path.
細かい（Fine/Minute）
細筆 (hosofude) - A fine brush.
細菌 (saikin) - Bacteria (microscopic organisms).
詳細である、詳しい（Detailed/Minute）
詳細 (shousai) - Details.
委細 (isai) - Particulars/Details.
取るに足りない、些細な（Trivial/Minor）
細事 (hosogoto) - Trivial matters.
些細 (sasai) - Minor/Trivial (as in 些細なこと - sasai na koto). 
類語（同義語）
小さい (chiisai), ちっちゃい (chicchai).
微細 (bisai) - Very fine, minute.
繊細 (sensai) - Delicate, sensitive, fine. 
反対語
太い (futoi) - Thick, fat, broad.

https://youtu.be/i8atMqHCKoc?si=_wTK4wA2tQgBgDwB

「ツッコまれた」とは、主に漫才やコントなどの会話で、ボケ（面白いこと、おかしなこと）に対して、ツッコミ役が鋭く鋭い指摘や反論（ツッコミ）を入れること、またはそのように言及される状態を指し、「指摘された」「（話を）掘り下げられた」「鋭いことを言われた」といったニュアンスで使われます。 
主な意味と使われ方
会話での状況: 自分が言ったことやしたことに対して、相手から「なぜそうなるの？」「それはおかしいよ」といった形で反論や指摘が入る状況。
比喩的な意味:
鋭い指摘: 自分の発言の矛盾点や本質的な部分を突かれること。
掘り下げられる: 話題として深く取り上げられ、深掘りされること。
（ちょっとした）いじり: 親しい間柄で、冗談めかして面白おかしく指摘されること。
類語: 指摘される、突っ込みを受ける、言及される、論及される、批判されるなど。 
具体例
「あの映画の話をしたら、友人に『設定が無理ある』ってツッコまれた。」（設定の矛盾点を指摘された）
「会議で発言したら、上司に『具体的にどういうこと？』とツッコまれた。」（発言を深掘りされた、明確化を求められた）
「ツッコまれた」は、相手からの反応によって、少し困惑したり、反省したり、面白がったりと、様々な感情を伴うことが多い表現です。

「成り立つ」（なりたつ）は、「何らかの状態や目的が成立する、実現する、うまくいく」という意味で、論理的に筋が通る（成立する）、計画がうまく進む（うまくいく）、実を結ぶ（結実する）など、文脈によって様々なニュアンスで使われる動詞です。例えば、「計画が成り立つ」「理屈が成り立つ」「問題が成り立つ」のように使います。 
主な意味と使い方
成立する・実現する: 存在が認められる、形になる、実現する。
例: 「この提案は成り立つだろうか？」（この提案は承認され、実現するだろうか？）
論理的に筋が通る: 道理にかなっている、矛盾がない。
例: 「彼の説明は成り立つ。」（彼の説明は論理的で、筋が通っている。）
うまくいく・成功する: 計画通りに物事が進む、良い結果になる。
例: 「この作戦はきっと成り立つ。」（この作戦はきっと成功するだろう。）
（古語・文語的表現）: はっきりとある状態になる、実を結ぶ。 
類義語
成立する、成功する、うまくいく、結実する、実る。 
例文
「この理論は、現代の科学では成り立たない。」
「彼は、どんな状況でも場を成り立たせることができる。」
「長年の努力がようやく実を結び、事業が成り立った。」

資格証（しかくしょう）：자격증","[""import"",""japanese""]",2026-02-22 11:13:33.277726+00,e1848554-ffae-479c-a8cd-4c0d77b7bed2,2026-03-19 15:55:50.007522+00,0,0,0,2026-03-19 15:55:50.007522+00,0,null,null,null,false,null,null,null,null,true,e9c594b9-7538-4f07-9f00-d69524cf4c7f,null,null,"{""tables"":{""1"":{""rows"":[],""columns"":[]}}}",null,[],null,null
4b6ece6a-4a0e-4a78-a6d9-c81bcea90e81,日本語単語勉強02,"youtubeでわかる単語

https://youtu.be/abmrXurTfKY?si=oc5FFNkO7WSYqy-Y

負債（ふさい）：부채,経営（けいえい）：경영

https://youtu.be/PJxYzhLkfYg?si=xvadBwfOCSF9Til4

頭金（あたまきん）とは、分割払いなどで最初に支払うある程度のまとまった金銭[1]。一般では消費者が住宅や自動車などの高額な購入をする際に、ローンでの支払いを選択した場合に最初に支払うこととなるまとまった額の金銭。（https://ja.wikipedia.org/wiki/%E9%A0%AD%E9%87%91）

旧車（きゅうしゃ）とは、過去に製造された自動車やオートバイなどの車両を指す語である。クラシックカー、ヒストリックカーとも（https://ja.wikipedia.org/wiki/%E6%97%A7%E8%BB%8A）

https://youtu.be/CRmWDpJhEKc?si=nF_vKDpvAKvpX1Rn

エリンギ（큰느타리 버섯）

よくわからない単語

普段（ふだん）、普通（ふつう）

① 普段（ふだん）

일상생활과 다름없이 라는 의미입니다.
비슷한 일본어로는
日頃（ひごろ）가 있으며
이것 또한
평상시, 늘 이란 의미를 가지고 있습니다.
普段はそうしないよ～
보통은 그렇게 안하지~
(평상시에는 그렇게 안하지~)
あすも普段通りにして、見直しもしっかりしてミスがないように頑張っていきたい
내일도 평소처럼 정신차리고 검토도 한 번 더 하고 실수가 없도록 열심히 하고 싶다.

② 普通（ふつう）

특별히 드물거나 진귀하지 않다.
다른 것과 크게 다르지 않은 이라는 의미입니다.
普通、それくらいは考えらるでしょう。
보통 그정도는 생각할 수 있죠~
(특별하지도 않고 그정도는 생각 할 수 있죠~)
라고 할 때 사용합니다.
普通のオムレットでも十分楽しんでいただけると思います
평범한 오믈렛이어도 충분히 즐기실 수 있다고 생각합니다.

迷う(まよう)

갈피를 못 잡다, 결단을 내리지 못하(고 망설이)다.

거취를 결정짓지 못하다

선택[판단]을 망설이다

길을 잃고 갈팡대다

住む（すむ,거주하다）

例: 「東京に住む」「友だちは山の上に住んでいる」。

暮らす（くらす,생활하다）

例: 私は都会に一人で暮らすのが好きです

過ごす（すごす,지내다）

例: 夏休みを高原で過ごしました。","[""import"",""japanese""]",2026-02-22 11:13:33.277726+00,e1848554-ffae-479c-a8cd-4c0d77b7bed2,2026-03-19 15:55:50.007522+00,0,0,0,2026-03-19 15:55:50.007522+00,0,null,null,null,false,null,null,null,null,true,f2fca5c0-18ad-4550-b17a-beffc15b317d,null,null,"{""tables"":{""1"":{""rows"":[],""columns"":[]}}}",null,[],null,null
4e04714c-a13f-48d4-858f-14578de608b3,日本語単語勉強24,"「明後日（あさって、みょうごにち）」は、今日から2日後のことです。具体的には、明日（あした）の次の日を指します。また、「明後日の方向」のように、見当違いや判断がずれているという意味で使われることもあります。 
読み方と意味
あさって（ASATTE）: 最も一般的な読み方で、「今日 + 2日後」を意味します。
みょうごにち（MYOGO-NICHI）: 「明日」の「後（ご）」の日という意味で、「あさって」と同じ意味で使われます。 
関連する言葉
明明後日（しあさって、みょうみょうごにち）: 明後日の次の日、つまり今日から3日後を指します。地域によっては「弥の明後日（やのあさって）」とも言います。 
例文
「明後日から旅行に行く予定です。」（今日から2日後から旅行）
「彼の意見はいつも明後日の方向へ行っちゃうね。」（的外れな意見） 
注意点
「明明後日」は、3日後か4日後か、地域によって解釈が異なる場合があるため、具体的な日付（例：〇月〇日）で伝えると確実です。","[""import"",""japanese""]",2026-02-22 11:13:33.277726+00,e1848554-ffae-479c-a8cd-4c0d77b7bed2,2026-03-19 15:55:50.007522+00,0,0,0,2026-03-19 15:55:50.007522+00,0,null,null,null,false,null,null,null,null,true,cb7b5165-d498-4a20-93ed-a26039119891,null,null,"{""tables"":{""1"":{""rows"":[],""columns"":[]}}}",null,[],null,null
4f6aae32-5880-4aca-bd83-aecfd8116591,「怒る」と「腹立つ」の違い,"「怒る」「腹立つ」は、不快な状況や態度に対して不満や憤りを感じる気持ちを表し、「腹が立つ」は特に深く怒っている状態を指します。類語には「憤慨する」「ムカつく」「イライラする」などがあり、「怒る」は感情のコントロールの問題や、ストレス、栄養不足、ADHDなどの心身の症状とも関連することがあります。 
意味とニュアンス
怒る: 一般的な「怒り」の感情を表す動詞。
腹が立つ（腹立つ）: 腹の底から湧き上がるような、より強く、深く不満や怒りを感じる状態。「頭にくる」よりも強い怒りで使われることが多い。
例文: 「彼の無礼な態度に腹が立った」「そんなことで怒るなんて」 
関連する言葉（類語・表現）
強い怒り: 激怒する、腹の底から怒りがこみ上げる、カンカンになる。
不満・イライラ: ムカつく、イライラする、向っ腹を立てる。
状況・原因: 不安障害、不眠症、ADHD、栄養不足（ビタミンB群、マグネシウム不足）などがイライラの原因になることもあります。 
怒りとの向き合い方
自分の問題: 怒りの原因は相手ではなく「自分の中にある」と捉え、自分の感情の責任として受け止める視点も重要です（アサーティブジャパンの考え方）。
心身への影響: 怒りやストレスは血圧上昇や心臓病リスクを高める可能性があり、自律神経の乱れを招くこともあります。","[""import"",""japanese""]",2026-02-22 11:13:33.277726+00,e1848554-ffae-479c-a8cd-4c0d77b7bed2,2026-03-19 15:55:50.007522+00,0,0,0,2026-03-19 15:55:50.007522+00,0,null,null,null,false,null,null,null,null,true,9592d16f-9a3f-4828-9594-2383298256be,null,null,"{""tables"":{""1"":{""rows"":[],""columns"":[]}}}",null,[],null,null
50e3efbc-7518-4fc9-b206-f710dc8b69c4,日本語単語勉強05,"https://youtu.be/iIePznOPfmQ?si=RjAB-HmEr1PZCgqW

車中泊（しゃちゅうはく、Van-dwelling）：自動車または電車内で夜を過ごすこと。

https://ja.wikipedia.org/wiki/%E8%BB%8A%E4%B8%AD%E6%B3%8A

納車（のうしゃ）：販売業者が購入者へ自動車などの納品をすること。納車の際には、その自動車が購入者の注文内容に即したものかの確認が行われるほか、自動車の取り扱い方法の説明などもなされる。また、修理や車検などが完了した際にその自動車を所有者に届けることを納車と呼ぶこともある。

https://www.goo-net.com/knowledge/04354/

軽ボン（けいボン）：1980年代に軽自動車の主流を占めたボディスタイルであり、ハッチバックを備えた2ボックス（あるいは1.5ボックス）スタイルのライトバン（貨物自動車の一種）である。「軽ボンバン」とも略される。

https://ja.wikipedia.org/wiki/%E8%BB%BD%E3%83%9C%E3%83%B3%E3%83%8D%E3%83%83%E3%83%88%E3%83%90%E3%83%B3","[""import"",""japanese""]",2026-02-22 11:13:33.277726+00,e1848554-ffae-479c-a8cd-4c0d77b7bed2,2026-03-19 15:55:50.007522+00,0,0,0,2026-03-19 15:55:50.007522+00,0,null,null,null,false,null,null,null,null,true,97815dc0-44e3-4096-aa53-bb1f2fa6148d,null,null,"{""tables"":{""1"":{""rows"":[],""columns"":[]}}}",null,[],null,null
59aface4-0cc2-4dc3-b6a4-eea2557b1c91,日本語単語勉強27,"https://youtu.be/aZZiJhmP1BQ?si=ItEfvqJRKAA7ORYA

「揉めた（もめた）」とは、「もめる」という動詞の過去形（タ形）で、何らかのトラブルや争い、意見の対立などが起こり、騒がしくなったり、混乱したりした状態を指します。具体的には「問題が起きた」「紛争になった」「いざこざがあった」「騒ぎになった」といった意味合いで使われ、人間関係や状況がこじれる様子を表す言葉です。 
「揉める」の主な意味とニュアンス
意見の対立・口論: 意見が合わず、言い争いになった場合。「彼と意見が揉めた」。
トラブル・事件の発生: 騒動や面倒な事態が起きた場合。「会社で大きな揉め事があった」。
状況の混乱: 物事がうまく進まず、ごちゃごちゃになった状態。「手続きが複雑で揉めてしまった」。
人間関係の悪化: 関係が悪くなり、ギクシャクした状態。「友達と揉めて、しばらく口をきいていない」。 
類語・関連語
いざこざ、ごたごた、もやくや、ゴタゴタ、揉め事、紛争、騒動、波乱、葛藤、トラブル。 
例文
「隣人とゴミ出しのルールで揉めた。」
「会議で重要な議題について意見が揉めた。」
「仕事のことで上司と揉めて、少し気まずい。」
つまり、「揉めた」は、何らかの形で関係や状況がこじれて、穏やかでなくなった状態を表す表現です。

屋敷（やしき）：저택","[""import"",""japanese""]",2026-02-22 11:13:33.277726+00,e1848554-ffae-479c-a8cd-4c0d77b7bed2,2026-03-19 15:55:50.007522+00,0,0,0,2026-03-19 15:55:50.007522+00,0,null,null,null,false,null,null,null,null,true,afcfa9f2-a052-468c-b8bb-fe00dd9a7795,null,null,"{""tables"":{""1"":{""rows"":[],""columns"":[]}}}",null,[],null,null
5fad5fbe-67c6-40aa-8b68-a2cd3e69385e,当たり前（あたりまえ）,"「当たり前（あたりまえ）」とは、「そうあるべきこと」「当然のこと」「ごく普通のこと」を意味し、社会的な常識や期待される行動、またはありふれた日常の出来事を指します。文脈によっては、感謝すべき「有難い」ことと対比されたり、ビジネスシーンでは「当然」「普通」などの言葉に言い換えられたりします。 
意味と使い方
当然のこと: 「親が子を大切にするのは当たり前だ」のように、誰もがそうすべきだと考える規範。
普通のこと: 「N1の漢字が分からなくて当たり前」のように、一般的で特別なことではない状態。
ビジネスシーンでの言い換え: フォーマルな場面では「当然」「ごく普通」「常識的に考えて」などを使うと良い印象を与えます。 
「当たり前」の背景
「当たり前」は経験によって形作られますが、それは「そうである」という事実を教えるだけです。
「なぜそうなのか？」と問い、疑問を持つことで、より良い社会や「本当の当たり前」を考えるきっかけになります。 
関連する表現
類語: 当然、普通、常識的、一般的、世間並み。
英語表現: natural, obvious, it goes without saying, take it for granted など。","[""import"",""japanese""]",2026-02-22 11:13:33.277726+00,e1848554-ffae-479c-a8cd-4c0d77b7bed2,2026-03-19 15:55:50.007522+00,0,0,0,2026-03-19 15:55:50.007522+00,0,null,null,null,false,null,null,null,null,true,5e92bae1-d0ed-404e-8bab-40ecf0740449,null,null,"{""tables"":{""1"":{""rows"":[],""columns"":[]}}}",null,[],null,null
65803864-e726-43a8-a094-f78659c607d8,"html,css tag 説明","📘 HTML & CSS チートシート（開発者ポートフォリオ向け / 日本語版）

本ドキュメントは、HTML と CSS の基礎から実務で頻繁に使用する要素までを体系的にまとめた学習・参照用の資料です。
コード例・役割・使用シーン・類似要素との比較などを含め、基本知識を確実に理解し、面接・技術説明の場でアピールできる構成となっています。

1. HTML 実務例：ポートフォリオページ

以下は、セマンティック HTML、テーブル、リスト、フォーム、メディア、レスポンシブ対応など
フロントエンドの基本要素を一度に理解できるサンプルコードです。

2. HTML タグ一覧（役割別）
■ 2.1 文書構造 / メタ情報
タグ 役割
<!DOCTYPE html> HTML5宣言（ブラウザに標準モードでレンダリングさせる）
html 文書のルート要素、lang=""ja"" など言語指定
head メタ情報、タイトル、スタイル、外部リソース
meta 文字コード、説明、viewport 設定
title ブラウザタブのタイトル
style 文書内の CSS
body 画面に表示されるコンテンツ全体
■ 2.2 セマンティック構造
タグ 役割
header ページまたはセクションのヘッダー領域
nav ナビゲーションリンク
main 文書の主要コンテンツ（1 ページに 1 つが理想）
section テーマ単位の区切り
article 独立したコンテンツ（ブログ記事、カードなど）
footer フッター、著作権、補足情報
■ 2.3 テキスト要素
タグ 役割
h1〜h3 見出し階層
p 段落
strong 重要性の強調（意味を持つ強調）
em 文脈上の強調（語調）
mark ハイライト
code コード・キーワードの表示
time 日付・時刻
abbr 略語に対する補足説明
■ 2.4 リスト・テーブル
タグ 役割
ul 箇条書きリスト
ol 番号付きリスト
li リスト項目
table データ表
thead 表ヘッダー
tbody 表本体
tr 表の行
th 見出しセル
td データセル
■ 2.5 メディア・インタラクション
タグ 役割
figure 画像・メディアのまとまり
figcaption 説明キャプション
img 画像
video 自前の動画再生
source 動画/音声のソース
iframe YouTube や外部サービス埋め込み
details 折りたたみ UI
summary details の要約行
■ 2.6 フォーム
タグ 役割
form 入力フォーム全体
label 入力項目のラベル
input 単一行入力（text/email など）
select ドロップダウン
option 選択肢
textarea 複数行入力
button 送信ボタン
3. CSS プロパティ一覧（役割別）
■ 3.1 レイアウト
● display
値 説明
block 行全体を占有
inline コンテンツ幅のみ。枠が設定できない
inline-block inline + width/height 可能
flex 1 次元レイアウト
grid 2 次元レイアウト
none 非表示
● position
値 基準 説明
static 文書フロー デフォルト
relative 自身 基準点のみ移動
absolute relative 祖先 自由配置
fixed 画面 スクロール固定
sticky 画面 一定位置で固定
● Flexbox の基本
display: flex;
flex-direction: row;
justify-content: center;
align-items: center;
gap: 16px;

● Grid の基本
display: grid;
grid-template-columns: repeat(3, 1fr);
gap: 20px;

■ 3.2 ボックスモデル
プロパティ 説明
width / height 要素サイズ
margin 外側の余白
padding 内側の余白
border 枠線
border-radius 角丸
box-sizing border-box 推奨
■ 3.3 タイポグラフィ
プロパティ 説明
font-size 文字サイズ
font-weight 太さ
line-height 行間
font-family フォント
text-align left, center, right
text-decoration 下線、取り消し線
color 文字色
■ 3.4 背景・色
プロパティ 説明
background / background-color 背景色
background-image 背景画像
background-size cover/contain
background-position 位置
■ 3.5 シャドウ & インタラクション
box-shadow: 0 2px 8px rgba(0,0,0,0.12);
transition: 0.2s ease;
transform: translateY(-2px);

■ 3.6 フォームスタイル

outline: none

:focus, :hover, :active

box-shadow を使ったアクセシビリティ強化

■ 3.7 レスポンシブ（Media Query）
@media (max-width: 640px) {
...
}

4. よくある比較（面接で話しやすいポイント）
● div vs section vs article
要素 役割 使いどころ
div 意味なし（スタイル用） 汎用コンテナ
section テーマ区分 “紹介 / スキル” など
article 独立可能な内容 ブログ記事/カード
● video vs iframe
video iframe
自前の動画再生 外部サービス埋め込み
カスタマイズ可能 UI は外部依存
● inline / inline-block / block
値 行を占有 サイズ変更 用途
inline ✕ ✕ テキスト
inline-block ✕ ○ ボタン
block ○ ○ セクション要素
● margin vs padding
margin padding
外側の余白 内側の余白
要素同士の距離 コンテンツと枠線の距離","[""import"",""coding""]",2026-02-22 11:13:33.277726+00,e1848554-ffae-479c-a8cd-4c0d77b7bed2,2026-03-19 15:55:50.007522+00,0,0,0,2026-03-19 15:55:50.007522+00,0,null,null,null,false,null,null,null,null,true,d2852955-6492-4cdd-8570-c63a12421a43,null,null,"{""tables"":{""1"":{""rows"":[],""columns"":[]}}}",null,[],null,null
672c5b54-f5e8-4de5-9a3e-7b6554a99a96,日本語単語勉強29,"「塾（じゅく）」は主に学習指導を行う学習塾を指し、補習や受験対策で人気を集め、「学園（がくえん）」は学校法人や、それらに準じた大規模な教育機関（学習塾も含む）を指すことが多いですが、希学園のように中学受験を専門とする有名塾も存在します。塾には「明光義塾」のような個別指導の塾、「希学園」のような中学受験特化型、「東進ハイスクール」のような映像・集団授業型など多様で、最近では「TOMAS」のような進学塾が大手として存在し、学習内容や形態（集団・個別）で選ばれますが、塾選びでは講師の質や指導方針の明確さも重要です。 
塾の種類と特徴
個別指導塾: 自分のペースで学べ、「明光義塾」などが代表的で、生徒一人ひとりに合わせた指導が特徴です。
集団指導塾: 大人数で授業を受ける形式で、「SAPIX（サピックス）」や「日能研」などが有名です。
中学受験塾: 中学入試に特化し、「希学園」のように人間的な成長も重視する塾や、「四谷大塚」など大手塾があります。
予備校: 高校生・浪人生の大学受験対策が中心で、「東進ハイスクール」などが含まれます。 
「学園」という言葉の使われ方
学校法人: 〇〇学園という形で、私立の小・中・高・大学などを指す場合が多いです。
学習塾: 大規模な塾や、独自の教育理念を持つ塾が「〇〇学園」と名乗ることもあります（例：希学園）。 
塾を選ぶ際のポイント
指導形式: 個別か集団か、自分の学習スタイルに合うか。
目的: 補習、中学受験、大学受験など、目標に特化しているか。
講師の質・指導方針: 講師と生徒の信頼関係、保護者との連携を重視するかどうか。
料金体系: 透明性があり、内容に見合っているか。 
まとめ
「塾」は学習の場全般を指し、「学園」はより広義の教育機関や、特色ある学習塾（希学園など）で使われることがあり、目的や指導内容で選ぶことが重要です。","[""import"",""japanese""]",2026-02-22 11:13:33.277726+00,e1848554-ffae-479c-a8cd-4c0d77b7bed2,2026-03-19 15:55:50.007522+00,0,0,0,2026-03-19 15:55:50.007522+00,0,null,null,null,false,null,null,null,null,true,acd13e58-4095-41da-9622-01466b0a3fdd,null,null,"{""tables"":{""1"":{""rows"":[],""columns"":[]}}}",null,[],null,null
6909a259-bd15-4bb0-883b-f7b8b673c225,日本語単語勉強04,"https://youtu.be/-YLwpE2hfI0?si=-fFeav92lQjY1tE0

釣り（つり、낚시、英: fishing）とは、釣り針、釣り糸などの道具で「魚」（主に魚類などの魚介類）を「釣る」ようにして採捕する行為、方法のことである。（魚に限定した場合は）魚釣り（さかなつり、うおつり）とも。

現代では道具としては釣り針、釣り糸、釣り竿などを使い、釣り針に餌や疑似餌をつけて行うことが一般的である。

https://youtu.be/viNE8fgSnjk?si=C5IZjJMH8QXE4jTR

地元（ちもと）：자기의 생활[세력] 근거지; 자기가 살고 있는 지역.


「見合う」と「似合う」の違い!
「見合う」は「価値や度合いが釣り合い、対応すること」です。

「似合う」は「2つのものが釣り合って調和すること」です。

度合い（どあい）：정도

釣り合い（つりあい）：균형. 조화. 평형. 밸런스.

この紙飛行機は左右の釣り合いがとれていないな。

https://engoo.co.kr/app/words/word/%E9%87%A3%E3%82%8A%E5%90%88%E3%81%84/zga0ELstQmCjlQAAAAa83w

https://youtu.be/nRFx5MGHKVM?si=fE6dvCGjxBVq299A

壁(かべ)：벽、床（ゆか）：바닥

https://youtu.be/oKKbczuF9cY?si=hkahkFouQXXHnyti

一応（いちおう）
(완전하다고는 할 수 없으나) 일단, 대강, 대충, 우선은, 어쨌거나, 거의 그렇게 생각하는

A : 「卒業論文はもうできましたか。」 (졸업논문은 다 끝냈습니까?)
B : 「はい、一応できました。」 (네, 일단 대략 끝냈습니다.)
이럴 경우에는 대략, 대강, 대충 뭐 이런 뜻으로 사용됩니다.

A : 「君はまだ大学生ですか。」　(자네는 아직 대학생인가?)
B : 「いいえ、去年、一応卒業しました。」 (아니요, 작년에 이미 졸업했습니다.) 
이럴 경우에는 겸손의 의미가 있습니다.

A : 「夏休みは国へ帰るんですか。」 (여름방학에 모국으로 돌아갑니까?)
B : 「はい、一応帰ります。」 (네, 일단 귀국합니다.)
이럴 경우에는 남들도 하니까 나도 한다는 뭐 그런 뜻으로 사용됩니다.

A : 「失礼ですが、ご結婚は？」　(실례지만 혹시 결혼하셨나요?) 
B : 「ええ、一応しています。」 (응...  했습니다.)
이 경우에도 같습니다. 일반적으로 남들 하니까 나도 하는 뭐 그런 뜻입니다.

一旦（いったん）：일단、한때、 잠시、 잠깐","[""import"",""japanese""]",2026-02-22 11:13:33.277726+00,e1848554-ffae-479c-a8cd-4c0d77b7bed2,2026-03-19 15:55:50.007522+00,0,0,0,2026-03-19 15:55:50.007522+00,0,null,null,null,false,null,null,null,null,true,a42142a8-5550-4004-9e1d-856c2d75f307,null,null,"{""tables"":{""1"":{""rows"":[],""columns"":[]}}}",null,[],null,null
6c9f42de-5979-40f2-a784-9f97af76717e,巻き込まれた,"「巻き込まれた」とは、事件やトラブルなどに関係のない人が引き入れられて、当事者になってしまうことや、とばっちりを受けて被害を受けることを意味します。元々は「巻く」行為から来ていますが、転じて「事件に巻き込まれる」「事故に巻き込まれる」のように使われ、意図せず悪い状況に巻き込まれてしまうニュアンスで使われることが多い表現です。 
「巻き込まれた」の主な意味と使われ方
事件・トラブルに巻き込まれる: 自身に原因がなくても、事件や紛争、人間関係のトラブルなどに引きずり込まれて、当事者として関わることになる状況。
事故に巻き込まれる: 交通事故などで、直接の加害者や被害者でなくても、その影響を受けて被害を受けること（例：信号待ちをしていたら追突された）。
とばっちりを受ける: 他の人の争いや問題の余波を受けて、不利益を被ること（例：兄弟喧嘩の仲裁に入って怒られた）。 
類語・言い換え表現
巻き添えを食う
とばっちりを受ける
しわ寄せを受ける
流れ弾に当たる 
例文
「彼はその詐欺事件に巻き込まれたらしい。」
「通勤途中に交通事故に巻き込まれた。」
「喧嘩している二人の間に割って入って、巻き込まれた。」","[""import"",""japanese""]",2026-02-22 11:13:33.277726+00,e1848554-ffae-479c-a8cd-4c0d77b7bed2,2026-03-19 15:55:50.007522+00,0,0,0,2026-03-19 15:55:50.007522+00,0,null,null,null,false,null,null,null,null,true,5c9c6550-7e82-4fa7-aa16-2d630db1d981,null,null,"{""tables"":{""1"":{""rows"":[],""columns"":[]}}}",null,[],null,null
6d9602bc-0cd6-447d-9bbb-4612311966b7,日本語単語勉強15,"https://youtu.be/rhy3zlvNJVI?si=AOeZ-QR7L7vQheb7

「うに」は、棘皮動物の「海胆」または、加工食品の「雲丹」を指します。

下ネタ、下ねた（しもねた、Off-color humor）は、性や排泄といった下半身に関する話題のこと[1]。「しも」は下半身、「ねた」は「たね（種）」を逆に読んだ隠語である。

https://youtu.be/JnLWvHlBBss?si=tgixqzzuBxhFqpwM

痩せる（やせる）ためには、「摂取カロリーが消費カロリーを上回らない」ように、食事の見直しと運動を組み合わせることが重要です。

https://youtu.be/Z0AZQlMI1N0?si=WX3eszj-3y5aHbJC

「まずい」は、味が悪い、下手だ、都合が悪い、といった複数の意味を持つ言葉です。状況によって意味が異なりますが、一般的には「美味しくない」という意味で使われることが多いです。

主な意味

味が悪い

例：「冷めると料理がまずい」

下手だ

「拙い」とも書きます。

例：「まずい絵」

都合が悪い、具合が悪い

「醜い」という意味でも使われます。

例：「話を聞かれるとまずい」

状況別の使い分け

「まずい」が使われるのは、どんな状況ですか？

味が悪いこと、下手なこと、好ましくないこと（都合が悪い状況）などを表す場合に、「まずい」が使われます。

「まずい」と「やばい」の違いは何ですか？

「まずい」は、味や都合の悪さなど、比較的広範なネガティブな状況に使われます。

「やばい」は、危険や危うさなど、より強いネガティブな状況を表すことが多いです。

「拙い」は「つたない」と読み、技術や能力が未熟で下手であることを意味します。また、自分の発言や文章などを謙遜してへりくだる際にも使われ、「拙い説明ですが」のように使われます。

主な意味と使い方

技量や技術の未熟さ:

例：「拙い絵」

能力や行動の不十分さ:

例：「拙い説明」「拙い文章」

謙遜・控えめな表現:

相手への配慮を示すために、自分の能力や作品が不十分であることを伝えます。

ビジネスシーンでのプレゼンテーションやスピーチなどでよく使われます。

例：「拙い説明ではございましたが、お聞きいただきありがとうございました」

類義語

下手、まずい、稚拙、未熟

注意点

自己卑下ではなく謙遜として使うことが大切です。

多用しすぎると自信がないように見える場合があるため、使う場面を選ぶのが賢明です。

自己卑下（じこひげ）とは、自分自身を必要以上に低く評価し、価値のないもののように扱うことです。

「謙遜（けんそん）」とは、自分の能力や成果をへりくだって、控えめに振る舞うことを指します。

https://youtu.be/MCDelPo6rhU?si=DGqtMvuiGW86tAJN

「打ちあがる（うちあがる）」は、主に物理的に高いところへ行くことと、比喩的に地位や声などが高まること、そして興行や事業を終えることの3つの意味があります

主に（おもに）：주로

ネタ合わせとは、お笑い芸人同士がネタ（漫才やコントなどの台本）を互いに確認し合ったり、ネタを練り上げたりすることを指します。ネタを面白くするため、台本の内容、セリフ、キャラクターのイメージなどを話し合い、本番のパフォーマンスに向けて精度を高めていく作業です。","[""import"",""japanese""]",2026-02-22 11:13:33.277726+00,e1848554-ffae-479c-a8cd-4c0d77b7bed2,2026-03-19 15:55:50.007522+00,0,0,0,2026-03-19 15:55:50.007522+00,0,null,null,null,false,null,null,null,null,true,f2e86877-0353-4d4e-bcd9-104a1efa7f93,null,null,"{""tables"":{""1"":{""rows"":[],""columns"":[]}}}",null,[],null,null
78409f9a-2d50-4aec-b17b-238f2d8e3022,日本語単語勉強21,"Netflix オクラ∼迷宮入り事件捜査∼

至急（しきゅう）
- 매우 급한 상황
- 지체하면 안 되는 상태
- 공식적 / 문서·방송·지시에서 자주 등장

단어	포인트
至急	즉시 처리 필요 (공식)
緊急	위험·사고·재난
急ぎ	말하기용, 비교적 캐주얼
早急	빨리 하긴 해야 함 (비즈니스)

from ChatGPT

https://sknihongo.com/ko/jisho/%E8%87%B3%E6%80%A5-shikyuu/

------------------------------------------------------------------------------------

1️⃣ マジ（まじ）
📌 일본어 설명

驚き・強調を表すカジュアルな言葉。
若者が会話でよく使う。

📌 일본어 예문

マジで？

マジうまい！

📌 뉘앙스 한 줄 (일본어)

「本当？」より軽くて感情的。

팁
👉 マジ는 감정 반사에 가깝다고 생각하면 일본어로도 헷갈리지 않습니다.

2️⃣ 本当（ほんとう）
📌 일본어 설명

事実であるかどうかを確認するときに使う言葉。
フォーマル・カジュアル両方で使える。

📌 일본어 예문

本当ですか？

それは本当だ。

📌 뉘앙스 한 줄 (일본어)

感情より「事実」に重点。

팁
👉 일본어 설명에 **事実(じじつ)**라는 단어가 나오면 거의 本当 계열입니다.

3️⃣ 本気（ほんき）
📌 일본어 설명

冗談ではなく、真面目にやる気がある状態。
意志・覚悟を表す。

📌 일본어 예문

本気で勉強する

彼は本気だ

📌 뉘앙스 한 줄 (일본어)

「やる気・決意」を表す言葉。

팁
👉 本気는 앞으로 할 행동과 함께 나오는 경우가 많아요.

4️⃣ 真剣（しんけん）
📌 일본어 설명

態度や表情がとても真面目なこと。
話・表情・姿勢に使われることが多い。

📌 일본어 예문

真剣な話

真剣な表情

📌 뉘앙스 한 줄 (일본어)

「態度・様子」がポイント。

팁
👉 真剣은 이미 집중 중인 상태라고 이미지로 기억하세요.

5️⃣ ガチ
📌 일본어 설명

「本当に」「本気で」という意味の若者言葉。
冗談ではないことを強調する。

📌 일본어 예문

ガチでうまい

ガチで言ってる？

📌 뉘앙스 한 줄 (일본어)

マジよりも「本物感」が強い。

팁
👉 ガチ는 설명에 若者言葉가 보이면 바로 이 계열입니다.

6️⃣ 일본어 기준 한눈 비교 (이건 꼭 저장)
단어	일본어 키워드
マジ	驚き・強調
本当	事実
本気	意志・覚悟
真剣	態度・様子
ガチ	若者言葉・本物

팁
👉 일본어 단어 옆에 이 키워드 하나만 적어도 복습이 됩니다.

https://m.blog.naver.com/goosense/222595341565

1️⃣ えぐい의 핵심 정체 (한 문장 요약)

えぐい = 정도가 상식을 넘어섰을 때 나오는 감탄

좋을 때도, 나쁠 때도 씁니다.
중요한 건 **강도(세기)**예요.

팁
👉 “좋다/나쁘다”가 아니라
👉 와… 선 넘었네 이 느낌을 먼저 잡으세요.

2️⃣ 원래 뜻 vs 지금 쓰임 (이걸 알아야 감이 잡힘)
🔹 원래 의미

맛이 쓰고 역하다

상처가 깊고 잔인하다

👉 그래서 기본적으로 강하고 거친 이미지가 깔려 있음

🔹 요즘 슬랭 의미

너무 심하다

너무 대단하다

너무 충격적이다

팁
👉 긍정/부정이 아니라 충격량이 기준입니다.

3️⃣ 실제 대화에서의 느낌 분류
✅ 긍정 쪽 (요즘 제일 많음)

このラーメン、えぐい
→ 와 이거 미쳤다(너무 맛있다)

あのプレー、えぐくない？
→ 방금 플레이 말도 안 되지 않냐?

👉 존나 / 미쳤다 / 말 안 됨 계열

팁
👉 목소리 톤이 올라가면 거의 긍정입니다.

⚠️ 부정 쪽

仕事量えぐい
→ 일 양이 미쳤다 (너무 많다)

ダメージえぐい
→ 피해가 심각하다

👉 “버거움, 과함”

팁
👉 한숨이 섞이면 부정입니다 😮‍💨

4️⃣ えぐい vs ヤバい vs ガチ (이 비교 중요)
단어	핵심 느낌
ヤバい	넓고 애매한 만능
ガチ	진정성 인증
えぐい	강도 MAX, 선 넘음

한 줄로 정리하면

ヤバい = 와…

ガチ = 진짜로

えぐい = 이건 좀 심한데?

팁
👉 えぐい는 ヤバい의 상위호환 느낌으로 기억하세요.

1️⃣ 먼저 한 문장 핵심 요약

------------------------------------------------------------------------------

おどろいた → 상황을 이해하고 놀람

びっくりした → 반사적으로 튀어나온 놀람

👉 감정의 깊이 vs 순간성 차이라고 보면 됩니다.

팁
👉 “얼마나 놀랐나?” ❌
👉 “어떻게 놀랐나?” ⭕

2️⃣ おどろいた（驚いた）の 핵심 감각
📌 본질

예상 밖의 사실·결과·정보를 받아들이고 드는 놀람

📌 특징

생각이 개입됨

이해 후 감정 발생

비교적 차분함

글/말 모두 자연스러움

📌 예문

結果を聞いて驚いた

彼の成長に驚いた

👉 “아… 그런 일이 있었어?” 느낌

팁
👉 おどろいた는 머리 먼저, 감정 나중입니다.

3️⃣ びっくりした의 핵심 감각
📌 본질

갑작스러운 자극에 대한 신체 반사적 놀람

📌 특징

생각 없이 튀어나옴

순간적

감탄사와 잘 붙음

구어체에 강함

📌 예문

急に声をかけられてびっくりした

びっくりした！

👉 “으악!”, “헉!” 느낌

팁
👉 びっくり는 몸이 먼저 반응합니다.

4️⃣ 같은 상황으로 비교해보면 차이가 확실해짐
상황: 친구가 갑자기 상을 받았다는 소식

へえ、驚いた
→ 결과를 이해하고 놀람

（전화 오자마자）びっくりした
→ 갑작스러운 소식에 반사

팁
👉 시간이 0초냐, 1초라도 있느냐가 기준입니다.

----------------------------------------------------------------------------

がっかりした
- 기대가 빗나감
- 기분이 내려앉음
- 회복 가능

失望した
- 신뢰/희망 붕괴
- 대상: 사람·조직
- 무겁고 조심

---------------------------------------------------------------------------

きっかけ
- 개인 경험
- 시작 버튼
- 회화용

契機
- 변화 설명
- 객관적 전환점
- 기사/문서용

------------------------------------------------------------

きっかけ
- 시작 트리거
- 개인 경험

理由
- 선택 설명
- 납득용

原因
- 결과 발생 요인
- 분석/책임","[""import"",""japanese""]",2026-02-22 11:13:33.277726+00,e1848554-ffae-479c-a8cd-4c0d77b7bed2,2026-03-19 15:55:50.007522+00,0,0,0,2026-03-19 15:55:50.007522+00,0,null,null,null,false,null,null,null,null,true,40752f5f-b77d-430a-8b51-5d3974c54873,null,null,"{""tables"":{""1"":{""rows"":[],""columns"":[]}}}",null,[],null,null
8939d09d-9a52-41cd-ac63-09c65d5cc5d8,日本語単語勉強16,"https://youtu.be/ptaT3HWkCJA?si=jHpXkoscVL3tap0V

「あざとさ」とは、図々しく抜け目がない様子や、計算してわざとらしく可愛らしく振る舞うことを指し、元々は「小聡明い（こしょうめいい）」と書き「小賢しい」「あくどい」といった否定的な意味でしたが、近年では**「計算された魅力的な振る舞い」**として、ポジティブな意味合いで使われることも増えています。特に、男性の気を引くために意図的に可愛く見せる女性の言動を指すことが多いです。","[""import"",""japanese""]",2026-02-22 11:13:33.277726+00,e1848554-ffae-479c-a8cd-4c0d77b7bed2,2026-03-19 15:55:50.007522+00,0,0,0,2026-03-19 15:55:50.007522+00,0,null,null,null,false,null,null,null,null,true,fcef3c32-3c5e-4e9a-a34d-f9d86129a91a,null,null,"{""tables"":{""1"":{""rows"":[],""columns"":[]}}}",null,[],null,null
8e40e553-9527-4e16-9840-31e7afa70317,日本語単語勉強26,"https://youtu.be/QSfp39HAhQA?si=oF9ZTI0kMcZRxrEh

「表す（あらわす）」は、心の中にある思いや考え、形に見えないものを、言葉、表情、絵などを使って外に示したり、表現したりするという意味の動詞です。また、「現す（あらわす）」と混同されがちですが、「表す」は主に抽象的なものを表現する（例：喜びを表す）、一方「現す」は隠れたものや姿を明らかにする・現出させる（例：正体を現す）というニュアンスの違いがあります。 
主な意味と使い方
表現する（言葉、表情、絵などで）
例：「感謝の気持ちを言葉で表す」「この絵は私の感情を表している」
ポイント: 抽象的な感情や意図を具体化する。
意味する・示す
例：「このマークは危険を表す」「花言葉が嫉妬を表す」
ポイント: ある特定の意味や象徴を伝える。
（著す）書き記す・出版する
例：「古の出来事を文章に表す（著す）」
ポイント: 物語や記録を世に出すこと。 
「表す」と「現す」の使い分け
表す（おもてに、表）: 内面的なもの（感情、思想、意味）を表現する。
現す（あらわす、現）: 隠れていたもの（姿、事実、能力）を外に出して見えるようにする。 
例文
「彼の顔に表れた喜び」 → (隠れていた喜びが)現れた。
「彼の笑顔が喜びを表している」 → 感情を表現している。

乙女（おとめ）：결혼안한여성

https://m.blog.naver.com/062028/222062587257

https://youtu.be/lgKzMk1b1ns?si=C_195MmQvfYoNwmP

「割り勘（わりかん）」とは、複数人で飲食した際の代金を人数で均等に分けること、または各自が自分の注文分を支払うことの略で、「割り前勘定」の略称です。支払いを公平にするために、専用のアプリやQRコード決済の送金機能を使って精算することも一般的で、最近ではデート代としてもよく使われます。 
割り勘の主な意味と使い方
人数で均等に分ける: 最も一般的な意味で、総額を人数で割り、参加者全員が同じ金額を支払います。上司・部下など関係性に応じて負担割合を変えることもあります（「頭割り」とも呼ばれます）。
各自の注文分を支払う: 自分の食べたもの・飲んだものだけを払う場合も「割り勘」と呼びます。
正式名称: 「割り前勘定（わりまえかんじょう）」の略で、「割り前（取り分）」と「勘定（会計）」を合わせた言葉です。 
割り勘の精算方法
現金: 注文ごとに別会計にしてもらうか、店員に内訳を伝えて支払います。
QRコード決済: 「個人間送金」機能を使えば、手数料なしで素早く精算できます。
割り勘アプリ: 立て替え記録をつけ、自動で最適な清算額を計算してくれる「groupay」や「Walica」などがあります。 
英語表現
「Let's split the bill.（割り勘にしましょう）」。
「Can we have separate checks, please?（別々でお願いします）」。

結構（けっこう）：훌륭함,좋음,부족함이[더할 나위] 없음,만족스러움,다행임,괜찮음,이제 됐음(정중하게 사양하는 뜻으로도 씀),그런대로,제법,충분히

https://m.blog.naver.com/sonyloves/222518836946
https://m.blog.naver.com/airads/222147154059

우리말의 「뒤」라는 의미를 가진 일본어는 あと、うしろ、うら、のち
그 차이점에 대해서 알아봅시다.
 
https://blog.naver.com/vj8689/220389061780 

1. 後(あと)
 
① 위치적으로 뒤, 뒤쪽
ㆍ先生の後に立っている。선생님 뒤에 서 있다.
② 시간적으로 뒤, 나중, 다음
ㆍ三日後に旅行に行きます。3일 뒤에 여행을 갑니다.
③ 뒷일, 뒤의 사람, 나머지
ㆍ私は帰りますから、後をお願いします。저는 귀가할 테니까 뒤를 부탁합니다.
 
 
2. 後ろ(うしろ)
 
前(まえ)의 반대개념으로 뒤, 뒤쪽, 뒷모습, 그늘
ㆍ人の後ろに隠れる。사람 뒤에 숨다.
ㆍ家の後ろに木を植える。집 뒤에 나무를 심다.
 
 
3. 裏(うら)
 
「表(おもて)」의 반대개념으로 뒷면, 뒤쪽, 안(감), 이면
ㆍそのレコードの裏をかけてください。그 레코드의 뒷면을 틀어주십시오.
 
 
4. 後(のち)
 
① 어떤 일의 뒤, 어떤 일이 끝나고 나서의 뒤
ㆍ今日の天気は晴れ後曇りだとラジオで言った。
오늘 날씨는 맑은 뒤 흐림이라고 라디오에서 말했다.
② 미래, 장래
ㆍ後の世のために名作を残す。다음 세상을 위해서 명작을 남기다.","[""import"",""japanese""]",2026-02-22 11:13:33.277726+00,e1848554-ffae-479c-a8cd-4c0d77b7bed2,2026-03-19 15:55:50.007522+00,0,0,0,2026-03-19 15:55:50.007522+00,0,null,null,null,false,null,null,null,null,true,d70b4601-f90d-4613-8791-92b03c9d55bd,null,null,"{""tables"":{""1"":{""rows"":[],""columns"":[]}}}",null,[],null,null
929e34ff-f8d4-4307-96d1-cc90894a80f5,function vs const 함수작성차이,"1️⃣ function 선언문 (Function Declaration)
function add(a, b) {
  return a + b;
}

특징

✅ 완전한 호이스팅

파일 맨 위로 끌어올려진 것처럼 동작

선언 전에 호출 가능

console.log(add(2, 3)); // 5

function add(a, b) {
  return a + b;
}

스코프

블록 스코프 아님 (엄밀히 말하면 함수 스코프)

if / for 안에서 선언해도 스코프가 헷갈릴 수 있음

if (true) {
  function foo() {}
}

foo(); // 실행되는 경우가 있음 (환경 의존)


👉 이게 싫어서 현대 JS에서는 잘 안 쓰려는 경향이 있어.

2️⃣ const + 함수 표현식 (Function Expression)
const add = function (a, b) {
  return a + b;
};


또는 (실무에서 더 흔함)

const add = (a, b) => a + b;

특징

❌ 호이스팅 안 됨 (정확히는 TDZ)

선언 전에 호출하면 에러

add(2, 3); // ❌ ReferenceError

const add = (a, b) => a + b;

스코프

✅ 블록 스코프

예측 가능

if / for 안에서 안전

if (true) {
  const foo = () => {};
}

foo(); // ❌ ReferenceError


👉 의도한 범위에서만 쓰이게 강제할 수 있음

3️⃣ 호이스팅 차이 정확한 설명 (중요)
방식	실제 호이스팅
function foo(){}	함수 전체가 메모리에 올라감
const foo = () => {}	변수만 호이스팅 + TDZ
console.log(foo); // ❌ ReferenceError

const foo = () => {};


const/let은 호이스팅은 되지만 접근이 막혀 있음 (TDZ)

4️⃣ 실무에서 어떻게 쓰느냐 (이게 핵심)
🔹 function 선언문 쓰는 경우

유틸 함수

파일 전체에서 공통으로 쓰는 함수

의도적으로 “어디서든 쓸 수 있음”을 표현할 때

function formatDate(date) {
  ...
}

🔹 const 함수 쓰는 경우 (요즘 기본값)

컴포넌트 내부 로직

콜백

클로저

React / TS 환경

const handleClick = () => {
  ...
};


👉 요즘은 이게 사실상 표준

5️⃣ React / TypeScript 기준 정리

네가 React + TS 쓰고 있으니까 현실 기준으로 말하면:

✅ 추천 패턴
const fetchData = async (): Promise<void> => {
  ...
};

❌ 피하는 패턴
function fetchData() {
  ...
}


이유:

스코프 명확

리팩토링 쉬움

테스트/의존성 추적 쉬움

팀 컨벤션과 맞음

6️⃣ 한 줄 요약 (외워도 됨)

function = 옛날 방식, 전역 유틸
const 함수 = 현대 JS, 예측 가능한 코드","[""import"",""coding""]",2026-02-22 11:13:33.277726+00,e1848554-ffae-479c-a8cd-4c0d77b7bed2,2026-03-19 15:55:50.007522+00,0,0,0,2026-03-19 15:55:50.007522+00,0,null,null,null,false,null,null,null,null,true,5ba98b6a-f858-43f5-a328-a83680564cc6,null,null,"{""tables"":{""1"":{""rows"":[],""columns"":[]}}}",null,[],null,null
96f2fb93-1064-4012-8943-230cee1e9550,当然（とうぜん）」と「当たり前（あたりまえ）,"「当然（とうぜん）」と「当たり前（あたりまえ）」は、「そうあるべきこと」「ごく普通のこと」「何の疑問の余地もないこと」という意味で、ほぼ同じ意味で使われる類義語です。語源としては、「当然」を意味する「当前（とうぜん）」を訓読みして「当たり前」が生まれたとされ、元々は共同作業の分け前を指す言葉だったという説もあります。 
意味とニュアンス
当然・当たり前: 道理にかなっていて、疑問なくそうなるべき状況や状態を指します。
例: 「雨が降れば濡れるのは当然（当たり前）だ」「彼は努力したのだから、成功したのは当然（当たり前）だ」 
語源と歴史
「当然」の当て字: 「当然」という漢字が江戸時代に「当前」とも書かれ、これを訓読み（音読みではなく、漢字ごとの日本語読み）したものが「当たり前」になったという説が有力です。
「分け前」の言葉: 漁や狩りなどで、人数で分ける一山分の取り分（分け前）を「当たり前」と呼び、その分け前を受け取るのは道理（当然）であることから、「普通のこと」という意味に転じたという説もあります。 
類語・関連語
類語: もちろん、無論（むろん）、もっとも、さもありなん。
対義語: 「当たり前」の対義語として「ありがたい（有り難い）」が挙げられることがあります。これは「有ることが難しい」という意味から、「めったにない」「尊い」という意味で使われます。 
まとめ
「当然」と「当たり前」は、どちらも「ごく普通のこと」「そうあるべきこと」というニュアンスで使われますが、「当たり前」は「当然」という漢字の当て字（または誤字）から生まれた、より口語的な表現であり、さらに「分け前」という具体的な語源を持つ点が特徴です。 

【当然】＝中国から伝わった言葉を活かしたもの。

【当たり前】＝【当然】を日本の和語、つまり大和言葉に変えたもの。

→ですから、全体の文脈を硬くしたい時は【当然】を、
柔らかくしたい時は【当たり前】が良いかも知れません。","[""import"",""japanese""]",2026-02-22 11:13:33.277726+00,e1848554-ffae-479c-a8cd-4c0d77b7bed2,2026-03-19 15:55:50.007522+00,0,0,0,2026-03-19 15:55:50.007522+00,0,null,null,null,false,null,null,null,null,true,0eeeafd6-a706-4d52-94d0-4c6ce2adc621,null,null,"{""tables"":{""1"":{""rows"":[],""columns"":[]}}}",null,[],null,null
a6c0f258-fff2-4b33-9751-257f5f65c792,日本語単語勉強10,"https://youtu.be/nhm06MEVwiw?si=NmZKKIJVC5s2Kjq6

「浮気（うわき）」とは、交際相手や配偶者がいながら、他の異性と恋愛感情を抱いたり、肉体関係を持ったりすることを指します。

https://youtu.be/vECiHAOkRZM?si=A-ocsoBAtfh2za2G

「打ち合わせ」とは、具体的な方法や方針などについて、前もって相談し話し合うことです。会議に比べ、より実務的で非公式なニュアンスで使われ、仕事の進め方や課題の調整などが主な目的です。","[""import"",""japanese""]",2026-02-22 11:13:33.277726+00,e1848554-ffae-479c-a8cd-4c0d77b7bed2,2026-03-19 15:55:50.007522+00,0,0,0,2026-03-19 15:55:50.007522+00,0,null,null,null,false,null,null,null,null,true,695478d0-feea-4b0d-9cc7-9bf2a380f675,null,null,"{""tables"":{""1"":{""rows"":[],""columns"":[]}}}",null,[],null,null
ada1adf7-1c9b-4f59-882c-5fddf8b44f24,歌で日本語勉強しましょう。０１．あいみょん　－　ビーナスベルト,"夕方に語りかける鳥のように
유우가타니 카타리카케루 토리노 요-니
해 질 녘에 속삭이는 새처럼

ただ囁くくらいでいいから
타다 사사야쿠 쿠라이데 이이카라
그저 속삭이는 정도로 괜찮으니까

心を読み聞かせて欲しい
코코로오 요미키카세테 호시이
내 마음을 읽어 들려줬으면 해

むかし、むかし
무카시 무카시
옛날 옛적에

ある所で出会った2人みたいに
아루 토코로데 데앗타 후타리 미타이니
어딘가에서 만난 두 사람처럼

約束はもう果たせないかな？
야쿠소쿠와 모- 하타세나이카나
그 약속은 이제 더 이상 지킬 수 없는 걸까?

君の気持ちは どこか新しい場所で
키미노 키모치와 도코카 아타라시이 바쇼데
너의 마음은 어딘가 새로운 곳에서

はじまりの合図 鳴らしてしまったの？
하지마리노 아이즈 나라시테시맛타노
시작의 신호를 울려버린 걸까?

なのに何故 今僕の元へ会いに来たの
나노니 나제 이마 보쿠노 모토에 아이니 키타노
그런데 왜 지금 나를 만나러 온 거야

明らかに染まる 君の頬
아키라카니 소마루 키미노 호호
선명히 물든 너의 뺨

泣いたりしたんだろうな 隠せてない
나이타리 시탄다로-나 카쿠세테나이
울었겠지, 숨기지 못했잖아

崩れた砂場に 残る跡
쿠즈레타 스나바니 노코루 아토
무너진 모래밭에 남은 자국

蹴り飛ばした想いを教えて
케리토바시타 오모이오 오시에테
걷어차 버린 그 마음을 말해줘

つまりは僕にまだ可能性が有ることも
츠마리와 보쿠니 마다 카노-세-가 아루 코토모
즉, 아직 내게 가능성이 남아있다는 것도

君の表情見てれば分かったよ
키미노 효-죠- 미테레바 와캇타요
네 표정을 보면 알 수 있었어

卑怯な女だって思われるのが怖い事も
히쿄-나 온나닷테 오모와레루노가 코와이 코토모
비겁한 여자라고 생각될까봐 두려운 것도

新しい場所が気になる事も
아타라시이 바쇼가 키니 나루 코토모
새로운 곳이 신경 쓰인다는 것도

正直辛いけど ちょっぴり慣れてる
쇼-지키 츠라이케도 춋피리 나레테루
솔직히 괴롭지만 조금은 익숙해졌어

それも切ない気がして 悲しくなるけど
소레모 세츠나이 키가 시테 카나시쿠 나루케도
그조차도 애틋하게 느껴져서 슬퍼지지만

それを突き抜けるほど 期待してしまう
소레오 츠키누케루호도 키타이시테시마우
그걸 뛰어넘을 만큼 기대하게 돼

まだ帰らないでいてほしい
마다 카에라나이데 이테 호시이
아직은 돌아가지 말아줘

君に 君に
키미니 키미니
너에게, 너에게

ゆるやかに伸びる この坂の
유루야카니 노비루 코노 사카노
완만하게 이어지는 이 언덕의

終わりなんて無くたっていいのにな
오와리난테 나쿠탓테 이이노니나
끝 따윈 없어도 좋을 텐데

何話してたか 分からなくなって
나니 하나시테타카 와카라나쿠 낫테
무슨 이야길 했는지도 알 수 없게 되어서

笑っちゃったの 覚えてる？
와랏챳타노 오보에테루
웃어버렸던 거 기억해?

僕ら 何度だってすれ違った
보쿠라 난도닷테 스레치갓타
우린 몇 번이고 엇갈렸고

何度だって離れたんだ
난도닷테 하나레탄다
몇 번이고 멀어졌지

今もただ 試練を与えられてんだ
이마모 타다 시렌오 아타에라레텐다
지금도 여전히 시련을 겪고 있는 거야

きっと
킷토
아마도

明らかに染まる 君の頬
아키라카니 소마루 키미노 호호
선명히 물든 너의 뺨

泣いたりしたんだろうな 隠せてない
나이타리 시탄다로-나 카쿠세테나이
울었겠지, 숨기지 못했잖아

崩れた砂場に 残る跡
쿠즈레타 스나바니 노코루 아토
무너진 모래밭에 남은 자국

蹴り飛ばした想いを教えて
케리토바시타 오모이오 오시에테
걷어차 버린 그 마음을 말해줘

ゆるやかに伸びる この坂の
유루야카니 노비루 코노 사카노
완만하게 이어지는 이 언덕의

終わりなんて無くたっていいのにな
오와리난테 나쿠탓테 이이노니나
끝 따윈 없어도 좋을 텐데

何話してたか 分からなくなって
나니 하나시테타카 와카라나쿠 낫테
무슨 이야길 했는지 알 수 없게 되어서

笑っちゃったの 覚えてる？
와랏챳타노 오보에테루
웃어버렸던 거 기억해?

明らかに染まる
아키라카니 소마루
선명히 물들어가","[""あいみょん"",""ビーナスベルト"",""日本語"",""일본어"",""아이묭""]",2026-02-22 11:13:33.277726+00,e1848554-ffae-479c-a8cd-4c0d77b7bed2,2026-03-19 15:55:50.007522+00,0,1,0,2026-03-19 15:55:50.007522+00,0,null,null,null,false,null,null,null,null,true,30562376-1273-4bb7-bee6-b7b616848850,null,null,"{""tables"":{""1"":{""rows"":[],""columns"":[]}}}",null,[],null,null
af745852-4b8c-4e49-9004-b2eb574b9266,日本語単語勉強08,"https://www.youtube.com/watch?v=2dC4Dzi-t1I

「貸し切り」とは、多くの人が利用する場所や乗り物、施設などを、特定の期間、他の人に利用させずに、個人や団体専用にすることです

netflix 侵入者たちの晩餐（２０２４）

一体（いったい）：원래、본래、애당초、도대체、전반적으로、대체로、원래.

「いったい誰がこんなことをしたんだ？」
「一体全体何が起こったんだ？」
「一体いつになったら私の話を聞いてくれるんですか？」

泥棒（どろぼ、도둑）：他人の財物を盗む犯罪行為の総称です。

空き巣（あきす、빈집털이범）：家人が不在の間に建物の屋内に侵入して、金品を盗む犯罪です。

突き出し（つきだし）

쑥 밀어냄. 또는 쑥 내민 것.
◆ (씨름에서) 상대편 가슴을 밀쳐서 씨름판 밖으로 밀어내는 수.
◆ (일본 요리에서) 술안주 등으로 처음에 내놓는 간단한 요리. 〔동의어〕(お)通し.
◆ 창녀가 처음으로 손님을 받음. 또는 그 창녀.

例文：警察に突き出したいくらい（경찰에신고하고싶을정도로）

タンス預金（たんすよきん、집에서보관하는현금）、金融機関に預けず、自宅（タンス、金庫、引き出しなど）に現金を保管することです。これはいつでもお金を使えるという安心感がありますが、火災や盗難による消失リスク、また、相続時に税務署に指摘される可能性があるなどのデメリットがあります。

抑える（おさえる、(감정을)억제하다）：感情や欲求、コストなど、目に見えないものを制限・制御する
押さえる（おさえる、손으로눌러억제하다）

「抑える」と「押さえる」の違いって？

「抑える」という表記は、主に「感情や欲求、コストなど、目に見えないものを制限・制御する」という意味で用いられます。例えば「怒りを抑える」「費用を抑える」といった表現が代表的です。ここで大切なのは、「抑える」対象が精神面や抽象的な要素であり、物理的に触れないものが中心となる点です。

一方の「押さえる」は、物理的に手や道具などで「グッと押し付けて、動かないようにする」という場面で使われます。例えば「紙が飛ばないように手で押さえる」「ドアが開かないように押さえる」といった形です。目に見える具体的な動作を伴うため、「押さえる」は相手に対して物理的な抑制・固定のイメージを与えます。

「抑える」と「押さえる」の違いをざっくり比較

抑える：感情、費用、声量、成長率など、抽象的で目に見えないもの
押さえる：モノや人、ドア、紙など、物理的な対象、または「要点・ポイント」

https://forbesjapan.com/articles/detail/77528

https://youtu.be/eugM4gXh46k?si=5wPlnOfjDN7lTK80

珍しい（めずらしい）：드물다、희귀[희한]하다、(진)귀하다.

かゆい：가려움

ニンニク：마늘

そもそも：'애초에', '애당초'라는 의미를 가장 정확하게 나타내는 표현입니다.
もともと：'원래'라는 뜻으로, 상황에 따라 '애초에'와 비슷한 의미로 쓰일 수 있습니다.

さらに：정도가 심해짐을 나타냄。더 한층、보다 더、더욱더、한번 더 반복하거나 새로 추가함을 나타냄. 거듭. 다시금. 새로이. 또 한 번、

にんじん：당근

塩：소금

「若干」と「少し」はどちらも「量が少ない」ことを表しますが、「若干」はより丁寧でビジネスなど公式な場面で使われ、数量に重点が置かれます。一方、「少し」は日常会話で気軽に使えるカジュアルな表現で、程度を表すこともできます。

具体的な例
若干： 「若干名募集します」（採用の際に使う）
少し： 「少し疲れた」（体調や状態を述べる）","[""import"",""japanese""]",2026-02-22 11:13:33.277726+00,e1848554-ffae-479c-a8cd-4c0d77b7bed2,2026-03-19 15:55:50.007522+00,0,0,0,2026-03-19 15:55:50.007522+00,0,null,null,null,false,null,null,null,null,true,cbcfec64-7ce6-48cc-b60e-8273ddd7b08e,null,null,"{""tables"":{""1"":{""rows"":[],""columns"":[]}}}",null,[],null,null
b8751f38-7c7b-4d5a-9a21-b41f3666f492,日本語単語勉強13,"https://youtu.be/Y1tVPCXXRVA?si=B-vmTEEhjRYVZbzx

「マシ」は「より良い」「まあまあ良い」という意味で使われる言葉です。その他に、「増えること」という意味や、古語で「あなた」を意味する代名詞としても使われます

https://youtu.be/laU9-imU9pM?si=ARUdnU9pQIaq82bX

「間に合わす（まにあわす）」とは、決められた期限までに物事を済ませること、または不足している部分を補うことを意味します。これは、時間や状況に合わせて物事を進めるための言葉です。

「喜ぶ（よろこぶ、기뻐하다. 즐거워하다. 좋아하다.）」は、うれしい気持ちになること、祝福すること、気持ちよく受け入れること、そして「喜んで」の形ですすんで何かをすることを意味します。

嬉しい　VS　喜び

■嬉しい (내가)기쁘다
テストに受かって嬉しい。시험에 합격해서 기쁘다
昨日、彼女にもらった電話は本当に嬉しかった。어제 여친에게서 받은 전화는 정말로 기뻤다
その晩は嬉しくて眠れなかった。그 밤은 기뻐서 잠들 수 없었다
문장 모두 주어인 내가 기쁜 상태임

■喜ぶ (제3자가)기뻐하다
彼女の喜ぶ顔を見たくて、高いプレゼントを買ってしまった。그녀의 기뻐하는 얼굴을 보고싶어서 비싼 선물을 사 버렸다
娘の結婚に、両親は心から喜んだ。딸의 결혼에 부모님은 마음으로 기뻐했다
みんな大いに喜んで、その晩は朝まで酒の席が続いた。모두 크게 기뻐하고 그 밤은 아침까지 술자리가 이어졌다
제3자가 기뻐하는 모양을 묘사함

脱毛(だつもう):탈모
털이 빠지는 것&털을 뽑아 제거하는 것.
https://blog.naver.com/popsiclez/221558363079

[ 일본어 관용표현 ]
足元(あしもと)にも及(およ)ばない。
발끝도 못 따라가다; 어림도 없다.

貼る　VS　張る：붙이다

貼る：풀,접착제로 딱 붙이는것

例文
ステッカーを貼る

張る：펼쳐서 고정시키는것、뻗다,부풀어오르다,붙이다,깔다

例文
根が張る：뿌리가 뻗다.
床にタイルを張る。：바닥에 타일을 깔다

怖い　VS　恐い

「怖い」は、感覚的・心理的な不安や驚き、恐れを感じたときに使う言葉です。
たとえば、ホラー映画を見て驚いたときや、暗い夜道を歩くときに感じる恐怖です。
身近な恐怖や、突然感じる怖さに対して使うことが多いのが特徴です。
また、「怖い顔」「怖い先生」など、相手の雰囲気や態度が威圧的だったり、威嚇を感じるような場合にも使われます。
このように、「怖い」は心理的な反応や一時的な感情を表すのにピッタリの言葉です。

「恐い」は、畏怖や尊敬の念、または避けたい強い恐怖を感じるときに使われます。
単なる驚きや不安よりも、もっと深く、根本的な恐怖や畏れが含まれるのが特徴です。
「自然の力が恐い」「運命が恐い」といったように、人間の力では抗えないものや、圧倒的な存在に対する恐れを表します。
また、文章やフォーマルな場面で使われることが多く、文学作品や報道記事などでもよく見かけます。

「怖い」と「恐い」の違いを比較｜実例でわかる使い分け

「怖い」と「恐い」はどちらも「こわい」と読みますが、使う場面や伝えたいニュアンスによって使い分けが求められます。
例えば、「犬が怖い」は犬に対する身近な恐怖や不安、「自然災害が恐い」は自然の力そのものへの畏れや、コントロールできないものに対する敬意や恐怖です。
「怖い」は身体的・心理的な反応、「恐い」は本質的・哲学的な恐れや畏怖と覚えておくとよいでしょう。
また、会話やSNSでは「怖い」が多用される一方で、論文や小説などでは「恐い」が用いられることが多いです。
どちらも正しい使い方を理解すると、自分の気持ちや伝えたいニュアンスをより的確に表現できるようになります。

from : https://job.migi-nanameue.co.jp/column/scary-vs-fearful-difference/

「驚いた(おどろいた)」は、予期しない出来事や情報に衝撃を受けた状態を表します。類語には「びっくりした」「吃驚した」などがあり、英語では一般的に ""surprised"" と訳されます。
「驚いた」の類語
びっくりした: 日常的な状況でよく使われます。
吃驚した（きっきょうした）: 「びっくりした」よりも少しフォーマルな表現です。
仰天した（ぎょうてんした）: 非常に驚いたときに使います。
たまげた: 驚きを強調する際に用いられる、口語的な表現です。

英語での表現

I was surprised: 自分が驚いたことを伝えたい場合に「私は驚いた」と訳せます。
I'm surprised: 驚いている現在の状況を伝えたいときに使います。
be surprised: 驚くべき状況であることを示す一般的な表現です。

from : chrome AI

https://youtu.be/YZUij1EaHJw?si=7qppjSwbsR10ekCf

番宣：番組宣伝의 준말: 프로그램 선전; (TV·라디오 등의) 특정 프로그램의 시청률·청취율을 높이기 위한 홍보·광고.

from : https://mazii.net/ko-KR/search/word/jako/%E7%95%AA%E5%AE%A3

https://youtu.be/WtulPRlMkZU?si=9X5FfHgBl78hyCZN

「仕掛け」は、巧みに工夫された装置やからくり、物事を始めることやそのやり方、相手に働きかけることや策略など、文脈によって様々な意味を持ちます。具体的には、釣りで使う糸や針、浮きなどを一式にしたものや、機械や花火の仕組み、仕事の準備、あるいは金銭のやり取りにおけるごまかしや策略などを指すことがあります。

https://youtu.be/Y6FtnkSPeQI?si=guqUGTeLU_xvkdpL

年収は1年間の収入（総支給額）を指しますが、実際に受け取った金額のことではありません。
年収とは、1月1日から12月31日までの1年間に、会社から支払われた総支給額のことで、基本給と各種手当に加え、ボーナスも含まれます。一般的に、会社が個人に代わって税金を納める源泉徴収を行いますが、年収は社会保険料や税金が天引きされる前の金額を指します。

年俸とは、年俸制によって支払われる給与のことで、スポーツ選手の契約などで用いられることが多く、雇用契約で定められた1年単位の報酬のことを指します。

所得（給与所得）とは、収入から必要な経費を引いた金額のことです。個人事業主の場合は、仕入れ原価や消耗品などを経費にできますが、会社員の場合、原則として必要経費は認められていません。しかし、会社員の場合も仕事のために必要な準備があることを考慮し、年収に応じて、一定の金額を控除する「給与所得控除」が設けられています。そのため、会社員の所得は、年収から給与所得控除を引いた金額のことを指します。

額面とは、会社から支払われる総支給額のことで、年収や収入と同じ意味です。基本給のほか、時間外手当（残業代）や通勤手当などの各種手当、ボーナスを含み、社会保険料や税金を差し引く前の金額です。なお、額面は、源泉徴収票の「支払金額」の欄に記載されています。

手取りとは、実際に受け取れる金額のことで、額面から社会保険料と税金を差し引いた金額です。手取りは、額面の金額をはじめ、所得税の税率や保険料率、扶養家族の有無などによって変わります。額面から正確な手取りを計算することは簡単ではありませんが、一般的に手取りは、額面のおよそ75～85％といわれています。

from : https://www.cr.mufg.jp/mycard/beginner/23014/index.html

https://youtu.be/XNk8EaTRZpo?si=YkVeO898lJxtmdEV

シミとは、皮膚にメラニン色素が過剰に蓄積して茶色く見える状態です。

from : chrome AI","[""import"",""japanese""]",2026-02-22 11:13:33.277726+00,e1848554-ffae-479c-a8cd-4c0d77b7bed2,2026-03-19 15:55:50.007522+00,0,1,0,2026-03-19 15:55:50.007522+00,0,null,null,null,false,null,null,null,null,true,f155f1ac-233f-4f66-b122-433b18bc7d22,null,null,"{""tables"":{""1"":{""rows"":[],""columns"":[]}}}",null,[],null,null
c5d9d742-ce83-4267-a382-a8713652ca06,日本語単語勉強25,"'偉い'(えらい)는 일본어로 '훌륭하다', '대단하다', '지위가 높다', '비범하다' 등의 뜻을 가진 형용사로, 긍정적으로 뛰어나거나 높은 사람, 또는 상황에 따라서는 '큰일이다', '힘들다'는 뉘앙스로도 사용될 수 있으며, JLPT N3 수준의 필수 어휘입니다. 
주요 의미
훌륭하다, 뛰어나다, 대단하다: 능력, 성격, 성과가 뛰어날 때 사용합니다. (예: 偉い政治家だ - 훌륭한 정치가다).
지위가 높다, 신분이 높다: 사회적 지위나 권력이 높음을 나타냅니다.
큰일이다, 힘들다: 상황에 따라 '보람 있다', '고생했다'는 긍정적 의미로 쓰이거나, '큰일났다'는 뉘앙스로도 쓰입니다 (예: 偉いことになった - 큰일이 났네). 
예문
""よく頑張ったね。偉い！"" (요쿠 간바타네. 에라이!) - ""정말 잘했네. 대단해!"" (칭찬).
""あの人は偉い人だ。"" (아노 히토와 에라이 히토다) - ""저 사람은 훌륭한 사람(높은 사람)이다."".

https://youtu.be/CgRYFeJeYC8?si=UVTgG3Z6WU-0NRqJ

「節介（せっかい）：쓸데없는 참견、덥적거림」とは、本来は「節操を守り世俗に流されないこと」を指しますが、現代では「おせっかい（御節介）」と同じ意味で使われ、他人に必要以上に口出ししたり、余計な世話を焼いたりする行為や、そのような人を指す言葉です。漢字の「節介」と「おせっかい」は読みが同じため混同されがちですが、元々の意味は異なります。 
「節介」の2つの意味
本来の意味（古風な表現）:
節操（信念や品行）を堅く守り、世間の流行や誘惑に惑わされないこと。その様子。
例：「清先生性楽二静寂一節介寡欲」（清先生は静寂と節介（清廉）を好み、欲望が少ない）。
現代的な意味（おせっかいと同じ）:
他人の事柄に必要以上に干渉し、頼まれてもいないのに世話を焼くこと。
例：「おせっかいが過ぎる」「お節介焼き」。 
類語・関連語
おせっかい: 面倒見が良すぎる、でしゃばり。
干渉（かんしょう）: 他人の領域に口出しすること。
口出し: 他人のことに余計な意見を言うこと。 
違いのポイント
お世話（助けたい時に助ける）とおせっかい（相手が望んでいないのに手出しする）は違います。相手が「自分でできる」「一人でやりたい」と思っている時に介入すると「おせっかい」になります。

https://m.blog.naver.com/nolaboja25/220942919504","[""import"",""japanese""]",2026-02-22 11:13:33.277726+00,e1848554-ffae-479c-a8cd-4c0d77b7bed2,2026-03-19 15:55:50.007522+00,0,0,0,2026-03-19 15:55:50.007522+00,0,null,null,null,false,null,null,null,null,true,1ec7345b-7fa8-4e08-af44-d6495b642b3d,null,null,"{""tables"":{""1"":{""rows"":[],""columns"":[]}}}",null,[],null,null
cd035c8e-ab72-479e-8995-86685de50b42,立派（りっぱ）,"「立派（りっぱ）」とは、品質や品性、様子などが非常に優れていて、見事であること、また、欠点や不足がなく立派に整っている様子を表す言葉です。人に対して使う場合は「立派な人」のように、尊敬や賞賛の気持ちを込めて使われ、「堂々としている」「立派に成長した」のように使われます。 
主な意味
素晴らしい・見事だ: 品質や様子が非常に優れていること。「立派な花」「立派な建物」など。
立派な人物: 徳や能力が優れ、尊敬に値する人物。「立派な青年」「立派な人になる」など。
整っている・欠点がない: 不足や欠点がなく、きちんと整っている様子。「立派に国産である」など。 
類語
すばらしい、見事だ、偉大だ、卓越した、堂々とした。 
語源（説）
「一派を立てる」: 僧侶が新しい流派を立てるように、一人前になることが困難であることから、「立派」という言葉が生まれたという説。
「立破文明」: 仏教用語で、自分の主張を立証し、相手の主張を論破する（立論・論破）ことができている状態から、「立派」という言葉になったという説。 
このように、「立派」は単に見た目が良いだけでなく、内面的な立派さや、しっかりと成り立っている様子など、幅広い意味で使われます。","[""import"",""japanese""]",2026-02-22 11:13:33.277726+00,e1848554-ffae-479c-a8cd-4c0d77b7bed2,2026-03-19 15:55:50.007522+00,0,0,0,2026-03-19 15:55:50.007522+00,0,null,null,null,false,null,null,null,null,true,093dee46-add5-466b-9be4-c32ac23ee9c8,null,null,"{""tables"":{""1"":{""rows"":[],""columns"":[]}}}",null,[],null,null
cd88c0b7-6eef-47ca-898f-47e867534e58,「トロ」とは,"「トロ」とは、主にマグロの脂が乗った部位（腹身など）の総称で、口の中でとろけるような食感と濃厚な旨味が特徴の高級部位を指し、大トロ・中トロに分けられ、脂身が多すぎて敬遠されていた「猫またぎ」から、戦後の技術革新と食文化の変化で高級ネタへと変化しました。また、PlayStationの人気キャラクター名（井上トロ）でもあります。 
マグロの「トロ」について
部位: マグロの腹身（特に前方）に多く、脂身が多い部分。
種類:
大トロ: 最も脂が多く、希少で高価。特に脂の旨味が強い。
中トロ: 大トロと赤身の中間で、脂と赤身のバランスが良く、程よい甘みとしっとり感が魅力。
名前の由来: 口の中で「とろける」食感から来ているとされる（別名「アブ」「猫またぎ」）。
歴史: 江戸時代は脂っこいと嫌われ捨てられていたが、冷凍・冷蔵技術の発展と食味の変化（脂の旨味を好むように）により、現代では高級品に。 
キャラクターの「トロ」について
井上トロ: PlayStationのゲーム『どこでもいっしょ』シリーズに登場する、人間になることを夢見る白いネコのキャラクター。
特徴: 一人称は「トロ」、語尾に「ニャ」をつける。 
その他
マグロ以外でも、脂の乗った部位を「トロ」と呼ぶ（例：豚トロ、牛とろ丼）。
中落ち（中骨周りの身）をペースト状にしたものは「ネギトロ」。 
「トロ」は文脈によって指すものが異なりますが、多くは「とろける」食感のマグロの脂身、またはキャラクター名を指します。

https://ja.wikipedia.org/wiki/%E3%83%88%E3%83%AD","[""import"",""japanese""]",2026-02-22 11:13:33.277726+00,e1848554-ffae-479c-a8cd-4c0d77b7bed2,2026-03-19 15:55:50.007522+00,0,0,0,2026-03-19 15:55:50.007522+00,0,null,null,null,false,null,null,null,null,true,d82019a5-3f26-4835-9423-788c3a8810b8,null,null,"{""tables"":{""1"":{""rows"":[],""columns"":[]}}}",null,[],null,null
d55762e7-4b85-49a2-b9b1-767fbc8e15f3,日本語単語勉強18,"https://youtu.be/XjatIo4lMhA?si=Xb0mZO_EFCw8Y5LR

「腹立つ（はらだつ）」とは、怒りや不満で感情が高ぶる、イライラする、むかつくといった状態を表す言葉で、相手の言動や状況に対して不快感や憤りを感じる時に使われます。類語には「カチンとくる」「イラつく」「ムカつく」「（頭に）血が上る」などがあり、日本語の口語表現として広く使われています。﻿
意味とニュアンス
怒る・いきどおる:感情的に腹の底から熱くなるような感覚です。古くは「腹が燃えるように怒る」という表現が語源です。﻿
イライラする・むかつく:特に、期待通りにいかない時や、理不尽なことに対して神経が高ぶる状態を指します。﻿
京阪での言い方:関西地方（京都・大阪）では「むかつく」が「腹が立つ」と同じ意味で使われ、「あいつ見てたらむかつく」のように使われますが、東京では「頭にくる」が一般的です。﻿
類語・言い換え表現
強い怒り:ブチギレる、キレる、逆上する、激怒する。﻿
不満・苛立ち:ムカつく、イライラする、カチンとくる、気に障る、腹が煮えくり返る。﻿
使われ方（例文）
「あいつの言い訳には腹が立つ！」
「こんなことで腹立ててどうするんだよ。」
「あの人の態度にムカつく。」
韓国語の「열받다（ヨルパッタ）」との関連
韓国語の「열받다（ヨルパッタ）」も「腹立つ」「熱受ける」という意味で、外部からの刺激で腹が立った時に使う慣用表現で、「腹立つ」と似たニュアンスを持ちます。

ひどい
잔인하다. 무정하다. 참혹하다.
지독하다. 혹독하다. 심하다.
형편없다.
https://mazii.net/ko-KR/search/word/jako/%E3%81%B2%E3%81%A9%E3%81%84

「果てる（지치다,끝내다）」（はてる）は主に「終わる」「死ぬ」という意味の自動詞で、動詞の連用形に付いて「すっかり〜し尽くす」「極限状態になる」という意味を表す補助動詞としても使われ、「あきれ果てる」「疲れ果てる」のように、物事の終わりや限界に達する様子を示します。

https://youtu.be/aL7lIL6nIVg?si=h1_qh_fwEp79TlOx

「映る（うつる）」は、鏡や水面、スクリーンなどに姿や影が反射・投影されて現れること、映像が再生されること、また色や服装などが本体によく似合う・調和すること、印象を与えることなどを意味する言葉です。多くは「写る」と意味が似ていますが、「映る」は光の反射や映像の投影（映す側）、「写る」は写真に撮られる（写される側）といった使い分けがあります。 
主な意味と例文
反射・投影で現れる
鏡に映る自分の顔。
障子に人影が映る。
川面に月が映る。
映像がスクリーンなどに現れる
テレビに映像がよく映る。
スライドを壁に映す（※「映す」は他動詞）。
色や物が調和する、似合う
彼女には赤い口紅がよく映る（似合う）。
この服には白いスカーフがよく映える（「映る」の使われ方）。
印象を与える（映ずる）
その行為は彼に奇異に映る（印象を与える）。
少年の目にアフリカが映る（見える、印象に残る）。 
「映る」と「写る」の違い
映る（うつる）: 光の反射やプロジェクターのように、他の物を通して姿が現れたり、映像が投影されたりする場合に使います（例：鏡に映る、映像が映る）。
写る（うつる）: 写真や絵に被写体として取り込まれる、姿がそのまま現れる場合に使います（例：写真に写る、ノートを写す）。

신체부위 일본어표현
https://m.blog.naver.com/sjn1203/221980685574","[""import"",""japanese""]",2026-02-22 11:13:33.277726+00,e1848554-ffae-479c-a8cd-4c0d77b7bed2,2026-03-19 15:55:50.007522+00,0,0,0,2026-03-19 15:55:50.007522+00,0,null,null,null,false,null,null,null,null,true,f76fa93a-d1ba-4d85-bedb-596802671c0a,null,null,"{""tables"":{""1"":{""rows"":[],""columns"":[]}}}",null,[],null,null
de8c9851-38dd-40b7-9ab0-93ab1a3427c0,日本語単語勉強12,"「盛れてる（もれてる）」とは、実物よりも美しく、魅力的に見える状態を指す言葉です。特に、写真や動画の加工アプリなどで、目を大きくしたり肌をきれいに見せたりして、自分をより良く見せている状況で使われます。

リンゴ：사과

https://youtu.be/4FbKRk3-VDI?si=IKuSDN-S8BSxT6yH

まつげ（英: eyelash、속눈썹）は、まぶた（眼瞼）の端に生える体毛。日本語の表記にはまつ毛、睫、睫毛などがある。
眉毛（まゆげ、英語：eyebrow、눈썹）とは、目の上部に弓状に生える毛のこと。眉とも呼ばれる。
鼻（はな）：코
目（め）：눈
口（くち）：입
耳（め）：귀
頭（あたま）：머리
頭頂(とうちょう)：'정수리' 또는 '머리 꼭대기'를 의미하며, '머리의 가장 꼭대기 부분'을 가리킵니다. 해부학적 용어로는 '두정골(頭頂骨)'을 의미하기도 하며, 이는 머리뼈의 한 부분입니다.
髭（ひげ、英: beard、턱수염）：主に男性の顔に生える毛の総称です。ヒトの顔から顎の下にかけて生える毛。

https://youtu.be/B8XUE9kde1Y?si=HUvWmda4bfJBGB4o

イライラとは、物事が思い通りにいかない時やストレスを感じる時に、神経が高ぶって落ち着かない状態のことです。

刺す（さす）：찌르다.

冤罪（えんざい）とは、実際には犯罪を行っていないのに、犯罪者として扱われ、有罪の判決を下されることです。","[""import"",""japanese""]",2026-02-22 11:13:33.277726+00,e1848554-ffae-479c-a8cd-4c0d77b7bed2,2026-03-19 15:55:50.007522+00,0,0,0,2026-03-19 15:55:50.007522+00,0,null,null,null,false,null,null,null,null,true,74fee350-ff08-4258-96c4-99353129a432,null,null,"{""tables"":{""1"":{""rows"":[],""columns"":[]}}}",null,[],null,null
e9f6f4d4-163e-4eaf-97ed-e929d824f52e,日本語単語勉強20,"Netflix 罵倒村

封印（ふういん）：봉인","[""import"",""japanese""]",2026-02-22 11:13:33.277726+00,e1848554-ffae-479c-a8cd-4c0d77b7bed2,2026-03-19 15:55:50.007522+00,0,0,0,2026-03-19 15:55:50.007522+00,0,null,null,null,false,null,null,null,null,true,9469d1ae-6039-4390-934f-e35acdfe8b75,null,null,"{""tables"":{""1"":{""rows"":[],""columns"":[]}}}",null,[],null,null
eb884295-105b-4a3d-a631-d9a82eeb461e,일본 감성 카페·라멘집·디저트샵에서 실제로 쓰는 일본어 표현 총정리(현장용 버전),"일본 감성 카페·라멘집·디저트샵에서
실제로 쓰는 일본어 표현 총정리(현장용 버전)

내향적인 사람도 바로 사용할 수 있도록
“짧고 간단하고 정중한 일본어”로 정리해드렸습니다.
실제 일본에서 알바할 때 사용하는 표현과 거의 동일합니다.

# 1) 입장 안내(가장 많이 쓰는 문장)
✔ いらっしゃいませ〜

어서 오세요~

✔ 店内ご利用ですか？

(텐나이 고요오리데스까?)
→ 매장에서 드시나요?

✔ お持ち帰りですか？

(오모치카에리데스까?)
→ 포장이신가요?

✔ お席どうぞ〜

(오세키 도조)
→ 자리 이용해주세요.

✔ 팁

일본 카페·라멘집 응대는
톤이 밝고 부드러우면 문장 길이는 짧아도 100점입니다.

# 2) 주문 받을 때
✔ ご注文お伺いします

(고추몬 오우카가이시마스)
→ 주문 도와드릴게요.

✔ 以上でよろしいですか？

(이조데 요로시이데스까?)
→ 주문은 이렇게 맞으신가요?

✔ セットにできますが、いかがですか？

→ 세트로 변경 가능해요. 어떠세요?

✔ 温めますか？（라멘집이면 거의 X)

(아타타메마스까?)
→ 따뜻하게 해드릴까요?

✔ お飲み物はいかがですか？

→ 음료는 따로 필요하신가요?

✔ 팁

문장 말미의
**「〜ですか？」**만 유지하면 무조건 정중해 보입니다.

# 3) 음료·메뉴 설명(카페)
✔ 人気のメニューは〇〇です

→ 인기 메뉴는 〇〇입니다.

✔ 甘さ調整できます

(아마사 초오세이데키마스)
→ 당도 조절 가능해요.

✔ こちらおすすめです

→ 이게 추천 메뉴예요.

# 4) 라멘집 기본 표현

라멘집은 더 단순합니다.

✔ かため・ふつう・やわらかめ選べます

→ 면은 꼬들/보통/부드럽게 선택 가능해요.

✔ 替え玉いかがですか？

→ 면 추가 어떠세요?

✔ スープ熱いのでお気をつけて

→ 국물이 뜨거우니 조심하세요.

✔ 麺の量はどうしますか？

→ 면 양은 어떻게 하시겠어요?

# 5) 서빙 중에 필요한 표현
✔ 少々お待ちください

(쇼쇼 오마치쿠다사이)
→ 잠시만 기다려주세요.

✔ お待たせしました

→ 기다리게 해서 죄송합니다.

✔ こちらどうぞ〜

→ 여기 있습니다.

✔ 追加ありましたらお声かけください

→ 추가 주문 있으시면 불러주세요.

# 6) 계산할 때
✔ お会計こちらです

→ 계산은 이쪽입니다.

✔ お支払い方法はいかがしますか？

→ 결제 방식은 어떻게 하시겠어요?

✔ ありがとうございます

→ 감사합니다.

✔ またお待ちしてます〜

→ 또 이용해주세요~

# 7) 손님이 말했을 때 리액션용 표현

일본 응대는 “과하지 않은 리액션”이 핵심입니다.

✔ はい、かしこまりました

(하이, 카시코마리마시타)
→ 네, 알겠습니다. (가장 많이 씀)

✔ わかりました

→ 알겠습니다.

✔ ありがとうございます、助かります

→ 감사합니다, 도움이 됩니다.

✔ 少々お待ちくださいませ

→ 잠시만 기다려주세요(아주 정중)

# 8) 손님 불만·요청 대응(짧고 정중하게)
✔ 大変申し訳ございません

→ 정말 죄송합니다.

✔ すぐに対応いたします

→ 바로 처리하겠습니다.

✔ 確認してまいります

→ 확인해보겠습니다.

✔ 交換いたします

→ 바로 교환해드릴게요.

# 9) 가게가 바쁠 때 쓰는 표현
✔ お待たせしてすみません

→ 기다리게 해서 죄송합니다.

✔ 順番にご案内します

→ 순서대로 안내해드릴게요.

✔ 少しお時間いただきます

→ 약간 시간 걸릴 수 있어요.

# 10) 내향적인 사람도 무리 없이 할 수 있는 이유

일본 감성 카페·라멘집 응대는 패턴화되어 있습니다.

사용자가 매번 새로운 말을 할 필요가 없음:

손님이 무례하게 굴지 않음

준지시(패턴)만 지키면 됨

말은 짧고 공손하게

침착하면 90%는 해결

그리고 일본 손님은 과한 친절보다
**“차분함 + 정확함 + 예의”**를 더 좋아합니다.

즉,

사용자의 성향(조용함, 차분함)은 오히려 강점이 될 가능성이 큼","[""日本語"",""バイト"",""カフェ""]",2026-02-22 11:13:33.277726+00,e1848554-ffae-479c-a8cd-4c0d77b7bed2,2026-03-19 15:55:50.007522+00,0,1,0,2026-03-19 15:55:50.007522+00,0,null,null,null,false,null,null,null,null,true,24d7afe6-92f6-405d-861e-aa1cecff982f,null,null,"{""tables"":{""1"":{""rows"":[],""columns"":[]}}}",null,[],null,null
ebbb4698-9990-4be3-88e6-79aa727a02c0,日本語単語勉強14,"Netflix 映画 クレヨンしんちゃん:オラたちの恐竜きょうりゅう日記にっき

「詳しい（くわしい）、상세하다、소상하다、자세히 알고 있다、환하다、정통하다」とは、物事の細部までよく知っている、精通している、詳しく説明されている、といった意味を持つ言葉です。例えば、「パソコンに詳しい人」のように知識や経験が豊富な人を指したり、「詳しい事情」のように詳細な情報を指したりします。

「面倒を見る（めんどうをみる）」とは、人の世話をする、面倒なこと引き受けてあげる、という意味です。子供の世話、体調の悪い人の看病、ペットの世話など、具体的な世話や、ある仕事の責任を負う場合など、幅広い意味で使われます

「転んだ（ころんだ）」は、体の一部が地面や物についたり、勢いを失って倒れたりした状態を指します。ケガの応急処置としては、すり傷なら流水で洗い流し、打撲なら患部を冷やし、捻挫なら患部を固定して安静にするのが基本です。

「役立つ」（やくだつ）は、「役に立つ」「有益である」という意味です。具体的には、何かが「使える」「効果がある」「便利である」、または**「ある目的を達成するのに良い効果をもたらす」**ことを指します。

「めでたし めでたし」は、物語がハッピーエンドで終わったことや、物事が無事に良い結末を迎えたことを表す言葉です。また、話の終わりや結末、大尾（たいび）という意味で使われることもあります。","[""import"",""japanese""]",2026-02-22 11:13:33.277726+00,e1848554-ffae-479c-a8cd-4c0d77b7bed2,2026-03-19 15:55:50.007522+00,0,1,0,2026-03-19 15:55:50.007522+00,0,null,null,null,false,null,null,null,null,true,3a26bbc7-4bdd-4ee2-b2b3-480b4e77b3f3,null,null,"{""tables"":{""1"":{""rows"":[],""columns"":[]}}}",null,[],null,null
ef240ee2-e875-4a7d-96b9-cda38d7c523f,React CDN 사용법,"<!DOCTYPE html>
<html lang=""en"">
<head>
    <meta charset=""UTF-8"">
    <meta name=""viewport"" content=""width=device-width, initial-scale=1.0"">
    <title>Document</title>
    <script
        crossorigin
        src=""https://unpkg.com/react@18/umd/react.development.js""
    ></script>
    <script
        crossorigin
        src=""https://unpkg.com/react-dom@18/umd/react-dom.development.js""
    ></script>
    <script src=""https://unpkg.com/@babel/standalone/babel.min.js""></script>
</head>
<body>
    <div id=""root""></div>
    <script type=""text/babel"">
        const App = () => {
            const [todos,setTodos] = React.useState([]);
            const [text,setText]=React.useState("""")

            const onClick = () => {
                setTodos([...todos,text])
                setText("""")
            };
            return(
                <>
                    <h1>todoList</h1>
                    <input value={text} onChange={(e)=>setText(e.target.value)} />
                    <button onClick={onClick}>click</button>
                    <ul>{todos.map((todo,i)=>(
                        <li key={i}>{todo}</li>
                    ))}</ul>
                </>
            )
        };

        const root = ReactDOM.createRoot(document.querySelector(""#root""));
        root.render(<App />);
    </script>
</body>
</html>

이렇게해서 cdn방식으로 리액트를 사용해보았다 크롬에 react를검색하면 cdn방식사용법을 쉽게 알수있지만 우선은 head부분에 
<script crossorigin src=""https://unpkg.com/react@18/umd/react.development.js""></script>
<script crossorigin src=""https://unpkg.com/react-dom@18/umd/react-dom.development.js""></script>
<script src=""https://unpkg.com/@babel/standalone/babel.min.js""></script>

이 세줄을 입력해야한다 위 두줄은 기본적인 react 사용을 위한것들이고 마지막줄은 babel로사용하는것이다 babel설정을 안해줬더니 syntax에러가떴다 cursor에게 물어보니 jsx로직을 브라우저가 읽을수없기때문에 syntax에러가뜨는거라고하더라 babel설정해줬더니 바로 동작하더라 body 바로밑에 <div id=""root""></div>부분은 리액트 사용해보면알겠지만 모든 코드가 이안에작성된다 마지막부분에 const root = ReactDOM.createRoot(document.querySelector(""#root""));
        root.render(<App />); 이부분도 꼭 써줘야 동작한다","[""import"",""coding""]",2026-02-22 11:13:33.277726+00,e1848554-ffae-479c-a8cd-4c0d77b7bed2,2026-03-19 15:55:50.007522+00,0,0,0,2026-03-19 15:55:50.007522+00,0,null,null,null,false,null,null,null,null,true,3e47a831-bdae-401b-8f89-cccc6adbc293,null,null,"{""tables"":{""1"":{""rows"":[],""columns"":[]}}}",null,[],null,null
00e43eff-937c-44ec-aee8-b9d99c3f332e,「誘う（さそう）」,"「誘う（さそう）」とは、相手に「一緒にどうですか？」と呼びかけ、ある行動（食事、遊びなど）に誘い、一緒に連れて行ったり、参加を促したりすること、また、何かを「引き起こすきっかけを与える」という意味合いで使われる動詞です。古くは「いざなう」とも読み、より詩的・意味深な響きを持つこともありますが、現代では「さそう」が一般的です。 
主な意味と使い方
勧誘・招待:
友達を映画に誘う（いざなう）。
食事に誘う（さそう）。
一緒にどこかに行こうと誘う。
引き起こす・導く:
誘因（ゆういん）: 物事を引き起こすきっかけや原因（例：この出来事が事故の誘因となった）。
誘発（ゆうはつ）: ある行動や反応を引き起こす（例：この言葉が議論を誘発した）。
誘惑（ゆうわく）: 悪いことや魅力的なものに引き寄せる。
類語・関連語
勧める（すすめる）: 「誘う」と似ていますが、相手に「（自分は行かずに）やってみたら？」と勧めるニュアンスが強いです。
導く（みちびく）: 「誘う」よりも「正しい方向へ連れていく」というニュアンスがあります。
おびき寄せる: 相手をそちらへ引き寄せる、という意味合いが強いです。 
「誘う」は、ポジティブな場面（友達との約束）から、ネガティブな意味合い（誘惑、誘拐）まで幅広く使われる言葉です。

https://mazii.net/ko-KR/search/word/jako/%E3%81%84%E3%81%96%E3%81%AA%E3%81%86

◆ 꾀다; 권하다; (권해서) 데려가다; 꾀어 들이다.

旅に誘う
여행 가자고 권유하다

自宅に誘う
자택으로 청하다

悪の道へ誘う
악의 길로 유혹하다

◆ 권하다; 권유하다.

旅行に誘う
스키 타러 가자고 권하다

私は彼女を映画に誘った
나는 그녀에게 영화 구경 가자고 권했다

◆ 꾀다; 유혹하다.

人を誘う
사람을 꾀다

悪の道に誘う
못된 길로 유혹하다

月に誘われる
달빛에 이끌리다

◆ 부르다; 불러내다.

今度は僕が誘うよ
이번에는 내가 부르러 가겠네

◆ …하게 하다; 자아내다.

涙を誘うドラマ
눈물샘을 자극하는 드라마

食欲を誘う
식욕을 돋우다

同情を誘う
동정을 불러일으키다","[""import"",""japanese""]",2026-02-22 11:37:06.24266+00,e1848554-ffae-479c-a8cd-4c0d77b7bed2,2026-05-27 17:14:12.266825+00,0,2,0,2026-05-27 17:14:12.266825+00,0,null,null,null,false,null,jp-dev-study-log-next,2026-01-11 16:52:28.975+00,1768150348975,false,null,null,null,"{""tables"":{""1"":{""rows"":[],""columns"":[]}}}",null,[],null,null
018018a4-74dd-453a-be9b-feb1a8d5d62d,目が合う（めがあう）,"Netflix　Talk Queens　07

目が合う（めがあう）とは、2人の視線と焦点が偶然または意識的に一致する「アイコンタクト」のことです。好意のサイン（特に頻繁な場合）、興味・好奇心、あるいはたまたま見渡した先といった理由が挙げられます。目が合った後の笑顔や照れ隠し（視線を逸らす）は親近感や脈ありの可能性を示唆します。 
目が合う時の心理と状況
好意・興味（脈あり）: よく目が合うのは、相手があなたの表情を伺っていたり、好意を持って見つめていたりする可能性が高いです。
好奇心: 「面白い」「気になる」という好奇心から視線を向けているケースです。
偶然・確認: 単に周囲を見渡していた、または安全確認の動作など。
用件がある: 職場で、仕事の確認や相談事がある場合。 
心理的・行動的サインの読み解き方
頻度が高い: 1日に何度も目が合うなら、相手があなたを強く意識しているサイン。
目が合った後の反応:
微笑む・照れる: 好意の証拠。心動いた瞬間。
すぐに逸らす: 照れ隠しや、あまりに強く見つめすぎて動揺したケース。逆に全く無関心な場合も。
凝視する: 興味が強い、あるいは何かを伝えたい。
距離感: 1.2m以内の近い距離（パーソナルスペース内）でよく合う場合は、親密になりたい心理の表れ。 
対処法
気になる相手であれば、笑顔で返したり、軽い会釈をしたりすることで、自然にコミュニケーションのきっかけを作ることができます。","[""import"",""japanese""]",2026-02-22 11:37:06.24266+00,e1848554-ffae-479c-a8cd-4c0d77b7bed2,2026-03-19 15:55:50.007522+00,0,0,0,2026-03-19 15:55:50.007522+00,0,null,null,null,false,null,jp-dev-study-log-next,2026-01-24 14:06:56.753+00,1769263616753,false,null,null,null,"{""tables"":{""1"":{""rows"":[],""columns"":[]}}}",null,[],null,null
0240a403-f518-43e6-a883-457a5dea2f21,「渡す（わたす）」,"https://youtu.be/9B1izCJwtmM?si=2zmuvDdY8ToEFNDb

「渡す（わたす）」とは、手から手へ物や情報を受け渡す、相手に与える、別の場所へ移動させるという意味の動詞で、英語ではgive, pass, hand overなどに相当し、ビジネスシーンでは資料の受け渡しなどに使われ、より丁寧な表現として「お渡しする」「差し上げる」などがあります。 
基本的な意味と使い方
手から手へ受け渡す: 手に持ったものを相手の手に移す行為。「鍵を渡す」「書類を渡す」など。
与える・譲る: 権利や持ち物などを相手に与えること。「権利を譲り渡す」。
移動させる: 人や物を船などで対岸へ運んだり、ある場所から別の場所へ移したりすること。「人を船で渡す」「荷物を移す」。 
ビジネスシーンでの言い換え
お渡しする: 丁寧な表現。資料や品物を相手に渡す際に使います。
差し上げる: 相手を敬う気持ちを込めた表現。
お預けする: 預ける意味合いで、一時的に相手に物を渡す場合。
引き渡す: 相手に完全に譲り渡す、というニュアンス（例: 業務を引き渡す）。 
例文
「この資料を担当者の方に渡してください。」
「プレゼントを友達に渡した。」
「データをサーバーに渡す。」
英語表現
Give, pass, hand over, present, slip など、状況に応じて使い分けられます。 
マナー
相手に物を渡す際は、相手の正面を向けて両手で丁寧に渡すのが基本です。

https://mazii.net/ko-KR/search/word/jako/%E6%B8%A1%E3%81%99

◆ 건네주다.
◆ 건너가게 하다.

舟で人を渡す
배로 사람을 건네주다

◆ (넘겨)주다; 내주다; 양도하다.

金を渡す
돈을 (건네)주다

お土産を渡される
선물을 건네받다

家を人手に渡す
집을 남의 손에 넘기다

◆ 건너지르다; 걸치다; 놓다; (건너) 매다.

板を渡す
판자를 걸치다

川に橋を渡す
강에 다리를 놓다

綱を渡す
줄을 건너질러 매다

◆ (동사 연용형(連用形)에 붙어서) 그 동작이 널리 미치도록 하다.

かなたを見渡す
저편을 바라다보다

眺め渡す
멀리 바라보다

譲り渡す
양도하다","[""import"",""japanese""]",2026-02-22 11:37:06.24266+00,e1848554-ffae-479c-a8cd-4c0d77b7bed2,2026-03-19 15:55:50.007522+00,0,1,0,2026-03-19 15:55:50.007522+00,0,null,null,null,false,null,jp-dev-study-log-next,2026-01-11 13:52:28.5+00,1768139548500,false,null,null,null,"{""tables"":{""1"":{""rows"":[],""columns"":[]}}}",null,[],null,null
024fc14f-b36a-4e2a-9599-86e0eb47239d,こざかしい。化けの皮はいで――,"# 출처

Netflix　SPY × FAMILY THE MOVIE 《CODE: White》

[[link:b1808398-1f61-429c-9ef8-86930fae3dda]]
[[attach:4a6eb363-bb14-4b0a-8465-cca523a44029]]
[[attach:71d55a7a-7459-4eaf-b5af-4ffb3bf9daa7]]
[[attach:7f3af4b2-ecec-47f6-b0cf-2e3ee94ad700]]
[[attach:98f83ce8-0cfc-4ff4-8f26-3e13272034d3]]
[[attach:98f83ce8-0cfc-4ff4-8f26-3e13272034d3]]
[[attach:7f3af4b2-ecec-47f6-b0cf-2e3ee94ad700]]
[[attach:71d55a7a-7459-4eaf-b5af-4ffb3bf9daa7]]
[[attach:4a6eb363-bb14-4b0a-8465-cca523a44029]]

Netflix　ワンピース４７５話

[[attach:9a984864-7639-45c6-a0fa-d713cab96bdf]]

こざかしいね。
잔머리를굴리셨군.

# 상황

스나이델과 로이드가 막판에 싸우는상황

# 사용예시

ああ？

スナイデル：

何をしている！ニセ者を撃て！

俺が本物だ！早くこいつを撃て！

ロイド：

鼻が利くのはお前だけだろ。だったら他の連中をだますまでだ。

スナイデル：

こざかしい。化けの皮はいでーーー
ポークスクラッチングにしてくれる！ぬおおーっ！

ロイド：

”化けの皮”が。。。

スナイデル：

おおおーっ。。。

ロイド：

貴様ごときがはかせるほどーーー薄ぺらだと思うなよ！

スナイデル：

ううっ。。。

# 문장분석

전체 대사

스나이델

何をしている！このニセ者を撃て！
なにをしている！このにせものをうて！

俺が本物だ！早くこいつを撃て！
おれがほんものだ！はやくこいつをうて！

로이드

鼻が利くのはお前だけだろ。
はながきくのはおまえだけだろ。

だったら他の連中をだますまでだ。
だったらほかのれんちゅうをだますまでだ。

스나이델

こざかしい。化けの皮はいで――
こざかしい。ばけのかわはいで――

ポークスクラッチングにしてくれる！

로이드

「化けの皮」か…
「ばけのかわ」か…

스나이델

ぬおおーっ！

로이드

貴様ごときがはがせるほど――
きさまごときがはがせるほど――

薄っぺらだと思うなよ！
うすっぺらだとおもうなよ！

1. 何をしている！このニセ者を撃て！

何をしている！このニセ者を撃て！

① 何をしている

구조는:

何 + を + している

何（なに） = 무엇
を = 목적격 조사
する = 하다
している = 하고 있다

직역하면:

무엇을 하고 있느냐!

하지만 이 상황에서는 정보를 묻는 의문문이라기보다 질책이야.

따라서:

뭐 하고 있어!
뭘 하고 있는 거냐!

가 자연스러워.

② このニセ者を
この = 이
ニセ者（にせもの） = 가짜, 가짜인 자
を = 목적격

여기서 ニセ는 偽의 의미.

このニセ者
이 가짜 녀석

③ 撃て

원형:

撃つ（うつ） = 쏘다

명령형:

撃つ → 撃て

따라서:

이 가짜를 쏴!

전체

뭐 하고 있어! 이 가짜를 쏴!

팁:
撃つ와 打つ는 둘 다 うつ지만 총을 쏘다라는 의미에서는 보통 撃つ를 사용해. 撃て！는 전투물에서 매우 자주 들리는 명령형이야.

2. 俺が本物だ！早くこいつを撃て！

俺が本物だ！早くこいつを撃て！

① 俺が本物だ
俺（おれ） = 나
が = 주격/초점
本物（ほんもの） = 진짜
だ = ~이다

여기서는 俺**が**가 중요해.

가짜와 진짜가 동시에 있으므로:

俺が本物だ！

= 다른 놈이 아니라 내가 진짜다!

② 早く

早い의 연용형:

早い → 早く

여기서는:

빨리

③ こいつを撃て

こいつ는 사람을 낮추어 가리키는 말.

이 녀석 / 이놈

따라서:

빨리 이놈을 쏴!

전체

내가 진짜다! 빨리 이놈을 쏴!

팁:
俺は本物だ도 문법적으로 가능하지만 여기서는 俺が本物だ가 훨씬 자연스러워. 둘 중 누가 진짜냐에 대한 답이므로 が가 초점을 俺에 두기 때문이야.

3. 鼻が利くのはお前だけだろ

鼻が利くのはお前だけだろ。

이 문장은 통째로 알아두기 좋아.

① 鼻が利く

鼻（はな） = 코
利く（きく） = 기능이 잘 발휘되다, 잘 듣다

따라서:

鼻が利く
코가 잘 듣는다 → 후각이 예민하다

여기서는 실제 냄새를 맡는 능력을 말해.

다만 비유적으로는:

낌새를 잘 알아차리다
정보에 밝다

라는 뜻으로도 사용할 수 있어.

② ～のは

원래:

鼻が利く

이라는 문장에 명사화 の가 붙음.

鼻が利くの

그리고 は:

鼻が利くのは

→ 후각이 예민한 것은 / 후각이 예민한 사람은

③ お前だけ
お前 = 너
だけ = ~뿐

お前だけ
너뿐

④ だろ

だ → だろう → 구어체 だろ

문맥상:

~잖아
~겠지
~일 테지

따라서 전체:

후각이 예민한 건 너뿐이잖아.

상황을 살리면:

냄새로 구별할 수 있는 건 너뿐이잖아.

팁:
鼻が利く는 鼻がいい보다 관용적인 표현으로 기억해두는 게 좋아. 특히 탐정물·첩보물에서 비유적으로도 자주 활용돼.

4. だったら他の連中をだますまでだ

だったら他の連中をだますまでだ。

여기서는 ～までだ가 핵심 문법이야.

① だったら

だ에서 나온 조건 표현.

だったら
그렇다면 / 그렇다면야 / 그럴 거라면

앞 문장을 그대로 받음.

냄새로 구별할 수 있는 사람이 너뿐이라면
→ 그렇다면

② 他の連中
他（ほか）の = 다른
連中（れんちゅう） = 사람들, 무리, 녀석들

連中은 人たち보다 거칠거나 낮춰 보는 느낌이 있을 수 있어.

他の連中
다른 녀석들 / 나머지 놈들

③ だます

騙す（だます） = 속이다

자막에서는 히라가나로 だます.

④ V辞書形 + までだ

여기서 まで를 ~까지라고 번역하면 안 돼.

Vる + までだ

는 이 문맥에서:

그저 ~할 뿐이다
~하면 그만이다

라는 의미.

따라서:

他の連中をだますまでだ。

= 다른 녀석들을 속이면 그만이다.

전체

그렇다면 나머지 녀석들을 속이면 그만이지.

팁:
이 ～までだ에는 단순한 だけだ보다 그러면 나는 이렇게 대응하면 된다라는 결단의 느낌이 있어.

ダメなら、もう一度やるまでだ。
안 되면 다시 하면 그만이다.

5. こざかしい

こざかしい。

한자로:

小賢しい（こざかしい）

이번에 제대로 기록해둘 만한 표현이지.

의미

賢い가 들어 있지만 칭찬이 아니야.

잔꾀를 부리다
약삭빠르게 머리를 굴리다
같잖게 영리한 척하다

상대의 영리함 자체를 인정한다기보다:

제딴에는 머리를 쓴다고 잔꾀를 부리는군

이라는 경멸/불쾌감이 들어 있어.

여기서는 로이드가 기지를 발휘하자 스나이델이:

잔꾀를 부리는군!

이라고 받아친 것.

팁:
단어장에는 이렇게 적어두는 걸 추천해.

小賢しい（こざかしい）
같잖게 잔꾀를 부리다, 약삭빠르게 머리를 굴리다【경멸】

단순히 영리하다라고 기록하면 뉘앙스를 놓치기 쉬워.

6. 化けの皮はいで――

化けの皮はいで――

문법적으로 풀어 쓰면:

化けの皮を剥いで――

목적격 を가 생략된 것으로 볼 수 있어.

① 化けの皮

化けの皮（ばけのかわ）

化け = 변신, 둔갑, 위장
皮（かわ） = 껍질, 가죽

문자적으로:

둔갑의 껍질 / 위장의 껍질

그런데 중요한 관용표현이 있어.

化けの皮を剥ぐ

문자적으로는:

둔갑한 껍질을 벗기다

실제로는:

가면을 벗기다
정체를 폭로하다
본색을 드러내게 하다

② はいで

원형:

剥ぐ（はぐ） = 벗기다

て형:

剥ぐ → 剥いで（はいで）

따라서:

化けの皮はいで――

= 그 가면을 벗겨서――

정도가 돼.

팁:
ぐ로 끝나는 5단동사의 て형은 いで.

泳ぐ → 泳いで
急ぐ → 急いで
剥ぐ → 剥いで

7. ポークスクラッチングにしてくれる！

ポークスクラッチングにしてくれる！

앞의 皮를 이용한 말장난이야.

① ポークスクラッチング

**pork scratching(s)**은 돼지 껍질을 바삭하게 만든 영국식 스낵을 말해.

앞에서:

化けの皮を剥ぐ
네 껍질을 벗기겠다

라고 했으니 그 皮를 진짜 돼지 껍질처럼 취급해서:

포크 스크래칭으로 만들어주마!

라고 하는 것.

② ～にする

기본 구조:

AをBにする
A를 B로 만들다

여기서는 목적어가 문맥상 생략돼 있어.

（お前を）ポークスクラッチングにする

→ (너를) 포크 스크래칭으로 만들다

③ ～てくれる！

일반적으로는:

～てくれる
~해 주다

지만, 상대에게 적의를 품고 하는 말에서는:

내가 아주 ~해주마!

라는 위협적인 표현이 될 수 있어.

따라서:

ポークスクラッチングにしてくれる！

→ 돼지껍질 과자로 만들어주마!

팁:
악역 대사에서 ～てくれる！가 나오면 무조건 친절한 ~해주다로 해석하지 말 것.

思い知らせてくれる！
톡톡히 깨닫게 해주마!

같은 위협 표현에도 쓰여.

8. 「化けの皮」か…

「化けの皮」か…

이번 자막 확인으로 정확하게 고쳐진 부분이야.

～か…

여기서 か는 상대가 한 표현을 되새기거나 곱씹는 느낌.

스나이델이:

化けの皮はいで――

라고 했고, 로이드가 그 표현을 받아서:

「化けの皮」か…

라고 하는 것.

직역:

'둔갑의 껍질'인가…

자연스럽게는:

'가면'이라 이거지…
'위장의 껍질'이라…

정도.

그리고 이 化けの皮라는 표현을 그대로 이용해서 다음 대사를 받아쳐.

팁:
명사 + か…는 혼잣말에서 상당히 자주 나와.

運命か…
운명이라…

처럼 상대의 말이나 어떤 개념을 되새겨 보는 느낌으로 이해하면 좋아.

9. 貴様ごときがはがせるほど――

貴様ごときがはがせるほど――

이번에 가장 중요하게 수정된 부분.

한자로 보충하면:

貴様ごときが剥がせるほど――

① 貴様

貴様（きさま）

현대 일본어에서는 매우 공격적인 2인칭.

네놈

정도가 잘 맞아.

② ～ごとき

N + ごとき

여기서는 상대를 낮추는 용법.

~따위 / ~같은 것이

따라서:

貴様ごとき
네놈 따위

그리고 が가 붙어서:

貴様ごときが
네놈 따위가

③ はがせる

원형:

剥がす（はがす）
붙어 있는 것을 떼다, 벗겨내다

가능형:

剥がす → 剥がせる

즉:

벗겨낼 수 있다

앞에서 스나이델은:

剥ぐ → 剥いで

를 사용했고, 로이드는:

剥がす → 剥がせる

를 사용했다는 차이가 있어.

④ ～ほど

~할 정도로 / ~할 만큼

따라서 여기까지:

貴様ごときが剥がせるほど

= 네놈 따위가 벗겨낼 수 있을 정도로

아직 문장이 안 끝났어.

뒤의 薄っぺらだ를 꾸며주는 부분이야.

팁:
일본어에서는 ほど가 나오면 바로 번역을 끝내지 말고 무엇이 그 정도라는 것인지 뒤를 기다려야 해.

驚くほど高い
놀랄 정도로 비싸다

와 같은 구조야.

10. 薄っぺらだと思うなよ！

薄っぺらだと思うなよ！

① 薄っぺら

薄っぺら（うすっぺら）

薄い보다 얇디얇다 / 얄팍하다라는 느낌이 강해.

물리적으로 얇은 것에도 쓰고, 비유적으로도 사용해.

薄っぺらな知識
얄팍한 지식

薄っぺらな友情
얄팍한 우정

여기서는 皮라는 표현 때문에 물리적으로 얇다와 변장이 허술하다/얄팍하다가 겹쳐 있어.

② ～だと思う

薄っぺらだ
얄팍하다

と思う
~라고 생각하다

→

薄っぺらだと思う
얄팍하다고 생각하다

③ 思うな

여기서 な는 금지형.

동사 사전형 + な
~하지 마라

따라서:

思うな
생각하지 마라

마지막 よ는 강한 전달/강조.

思うなよ！
생각하지 마라!

팁:
이 な와 감탄의 종조사 な를 구별해야 해.

行くな！ → 가지 마! 【금지】
すごいな。 → 대단하네. 【감탄】

11. 마지막 두 줄을 하나의 문장으로 보면

자막에서는 연출 때문에:

貴様ごときが
はがせるほど――

컷이 바뀌고:

薄っぺらだと思うなよ！

라고 나오지만 문법적으로는 하나야.

貴様ごときが剥がせるほど薄っぺらだと思うなよ！

구조를 시각적으로 나누면:

[貴様ごときが剥がせるほど]
[薄っぺらだ]
と
[思うなよ]

즉:

[네놈 따위가 벗겨낼 수 있을 정도로]
[얄팍하다]
라고
[생각하지 마라]

직역

네놈 따위가 벗겨낼 수 있을 정도로 얄팍하다고 생각하지 마라!

문맥 번역

내 가면이 네놈 따위가 벗겨낼 수 있을 만큼 얄팍하다고 생각하지 마라!

의미까지 자연스럽게

내 위장이 네놈 따위가 간파할 수 있을 만큼 허술하다고 생각하지 마라!

12. 이 장면의 진짜 핵심: 말장난의 연결

전체를 다시 보면 꽤 잘 만든 대사야.

[[table:1]]

흐름으로 보면:

化けの皮を剥ぐ
가면을 벗기다
↓
皮를 진짜 껍질 취급
↓
ポークスクラッチングにしてくれる！
돼지껍질 과자로 만들어주마
↓
로이드가 皮라는 표현을 받아서
↓
「化けの皮」か…
'가면'이라…
↓
貴様ごときが剥がせるほど薄っぺらだと思うなよ！
네놈 따위가 벗겨낼 수 있을 만큼 얄팍하다고 생각하지 마라!

즉 관용표현을 문자 그대로의 '껍질'로 한번 비틀었다가, 로이드가 그 비유를 다시 역이용하는 구조야.

최종 자연스러운 번역

스나이델:
뭐 하고 있어! 이 가짜를 쏴!
내가 진짜다! 빨리 이놈을 쏴!

로이드:
냄새로 구별할 수 있는 건 너뿐이잖아.
그렇다면 나머지 놈들을 속이면 그만이지.

스나이델:
잔꾀를 부리는군.
그 가면을 벗겨서――
돼지껍질 과자로 만들어주마!

로이드:
'가면'이라…

스나이델:
으오오오!

로이드:
네놈 따위가 벗겨낼 수 있을 만큼――
얄팍하다고 생각하지 마라!

공부용으로 남겨둘 핵심 표현

이번 장면에서 특히 건질 만한 건 이 여섯 개야.

小賢しい（こざかしい） → 같잖게 잔꾀를 부리다, 약삭빠르게 머리를 굴리다
鼻が利く（はながきく） → 후각이 예민하다 / 낌새를 잘 알아차리다
Vるまでだ → ~하면 그만이다 / 그저 ~할 뿐이다
化けの皮を剥ぐ（ばけのかわをはぐ） → 가면을 벗기다 → 정체·본색을 폭로하다
～ごとき → ~따위
薄っぺら（うすっぺら） → 얇디얇은 → 얄팍한, 허술한

팁:
특히 이번 기록에서는 こざかしい만 단독으로 적기보다 왜 小賢しい가 부정적인지, 그리고 化けの皮 → 剥ぐ → 剥がせる → 薄っぺら가 어떻게 이어지는지를 같이 남겨두면 나중에 이 장면을 다시 봤을 때 표현이 훨씬 잘 떠오를 거야.","[""日本語"",""文章分析"",""netflix"",""ワンピース"",""spy × family the movie 《code: white》""]",2026-02-22 11:37:06.24266+00,e1848554-ffae-479c-a8cd-4c0d77b7bed2,2026-08-12 10:45:57.450857+00,0,7,0,2026-08-12 10:45:57.450857+00,0,null,null,null,false,null,jp-dev-study-log-next,2026-02-11 23:05:29.364+00,1770851129364,false,null,null,null,"{""tables"":{""1"":{""rows"":[{""id"":""r1"",""cells"":{""c1"":""化けの皮"",""c2"":""둔갑의 껍질"",""c3"":""가면, 위장""}},{""id"":""r2"",""cells"":{""c1"":""化けの皮を剥ぐ"",""c2"":""껍질을 벗기다"",""c3"":""정체를 폭로하다""}},{""id"":""r3"",""cells"":{""c1"":""ポークスクラッチング"",""c2"":""돼지껍질 스낵"",""c3"":""皮를 이용한 개그""}},{""id"":""r4"",""cells"":{""c1"":""剥がせる"",""c2"":""벗겨낼 수 있다"",""c3"":""로이드가 皮를 받아침""}},{""id"":""r5"",""cells"":{""c1"":""薄っぺら"",""c2"":""얇다, 얄팍하다"",""c3"":""가면의 두께 + 위장의 허술함""}}],""columns"":[{""id"":""c1"",""label"":""표현""},{""id"":""c2"",""label"":""표면적인 뜻""},{""id"":""c3"",""label"":""장면에서의 의미""}]}}}","[{""id"":""4a6eb363-bb14-4b0a-8465-cca523a44029"",""name"":""20260812_184901.png"",""path"":""logs/2026/08/12/1fd73022-93e2-4ac1-9bc2-2cd116f47147.png"",""size"":1833669,""bucket"":""log-attachments"",""mimeType"":""image/png"",""publicUrl"":""https://vqlawpnnmtequmbdvfcr.supabase.co/storage/v1/object/public/log-attachments/logs/2026/08/12/1fd73022-93e2-4ac1-9bc2-2cd116f47147.png""},{""id"":""71d55a7a-7459-4eaf-b5af-4ffb3bf9daa7"",""name"":""20260812_184926.png"",""path"":""logs/2026/08/12/e0d98e8b-0791-4073-acb1-569a1eb83138.png"",""size"":1666707,""bucket"":""log-attachments"",""mimeType"":""image/png"",""publicUrl"":""https://vqlawpnnmtequmbdvfcr.supabase.co/storage/v1/object/public/log-attachments/logs/2026/08/12/e0d98e8b-0791-4073-acb1-569a1eb83138.png""},{""id"":""7f3af4b2-ecec-47f6-b0cf-2e3ee94ad700"",""name"":""20260812_184953.png"",""path"":""logs/2026/08/12/ce3c7d99-a2af-4507-afed-eff3ec3dbd32.png"",""size"":1635529,""bucket"":""log-attachments"",""mimeType"":""image/png"",""publicUrl"":""https://vqlawpnnmtequmbdvfcr.supabase.co/storage/v1/object/public/log-attachments/logs/2026/08/12/ce3c7d99-a2af-4507-afed-eff3ec3dbd32.png""},{""id"":""98f83ce8-0cfc-4ff4-8f26-3e13272034d3"",""name"":""20260812_185019.png"",""path"":""logs/2026/08/12/d097e8c7-9127-40b2-bfb8-063b8aeb18ff.png"",""size"":1312984,""bucket"":""log-attachments"",""mimeType"":""image/png"",""publicUrl"":""https://vqlawpnnmtequmbdvfcr.supabase.co/storage/v1/object/public/log-attachments/logs/2026/08/12/d097e8c7-9127-40b2-bfb8-063b8aeb18ff.png""},{""id"":""065be1ee-e7a4-4b97-b89c-329740f07c5f"",""name"":""20260812_185038.png"",""path"":""logs/2026/08/12/7c444b83-d29b-4974-9bba-825a6f277b72.png"",""size"":1669058,""bucket"":""log-attachments"",""mimeType"":""image/png"",""publicUrl"":""https://vqlawpnnmtequmbdvfcr.supabase.co/storage/v1/object/public/log-attachments/logs/2026/08/12/7c444b83-d29b-4974-9bba-825a6f277b72.png""},{""id"":""2f2b059d-17ba-4aec-970d-ae7787160560"",""name"":""20260812_185058.png"",""path"":""logs/2026/08/12/c918167c-0316-4f8a-9e36-8e961460d828.png"",""size"":1908517,""bucket"":""log-attachments"",""mimeType"":""image/png"",""publicUrl"":""https://vqlawpnnmtequmbdvfcr.supabase.co/storage/v1/object/public/log-attachments/logs/2026/08/12/c918167c-0316-4f8a-9e36-8e961460d828.png""},{""id"":""3bc526ff-cf6e-497c-bdab-e91e82b2fc89"",""name"":""20260812_185118.png"",""path"":""logs/2026/08/12/12ddd0d8-8545-427c-8861-ea239b22069b.png"",""size"":1935785,""bucket"":""log-attachments"",""mimeType"":""image/png"",""publicUrl"":""https://vqlawpnnmtequmbdvfcr.supabase.co/storage/v1/object/public/log-attachments/logs/2026/08/12/12ddd0d8-8545-427c-8861-ea239b22069b.png""},{""id"":""43f09814-66ac-426e-bf42-1538cdbb34a6"",""name"":""20260812_185137.png"",""path"":""logs/2026/08/12/a0ffa627-1e32-4ec0-8ac8-fdc6595c1971.png"",""size"":1167894,""bucket"":""log-attachments"",""mimeType"":""image/png"",""publicUrl"":""https://vqlawpnnmtequmbdvfcr.supabase.co/storage/v1/object/public/log-attachments/logs/2026/08/12/a0ffa627-1e32-4ec0-8ac8-fdc6595c1971.png""},{""id"":""7c50b008-5596-42c8-b410-f45d739c0edd"",""name"":""20260812_185202.png"",""path"":""logs/2026/08/12/ba3cb18f-5d36-439a-bead-0ea6a975ae54.png"",""size"":2368791,""bucket"":""log-attachments"",""mimeType"":""image/png"",""publicUrl"":""https://vqlawpnnmtequmbdvfcr.supabase.co/storage/v1/object/public/log-attachments/logs/2026/08/12/ba3cb18f-5d36-439a-bead-0ea6a975ae54.png""},{""id"":""6b18d8ef-47e7-4318-93ef-8c57a05affe9"",""name"":""20260812_185221.png"",""path"":""logs/2026/08/12/201798e0-1a25-4ce4-85b2-3d756fefa035.png"",""size"":2128805,""bucket"":""log-attachments"",""mimeType"":""image/png"",""publicUrl"":""https://vqlawpnnmtequmbdvfcr.supabase.co/storage/v1/object/public/log-attachments/logs/2026/08/12/201798e0-1a25-4ce4-85b2-3d756fefa035.png""},{""id"":""007686ed-64c7-4732-b3b8-c867a0b46ac8"",""name"":""20260812_185240.png"",""path"":""logs/2026/08/12/658ef6ca-5009-4307-9214-91426df95a77.png"",""size"":1556949,""bucket"":""log-attachments"",""mimeType"":""image/png"",""publicUrl"":""https://vqlawpnnmtequmbdvfcr.supabase.co/storage/v1/object/public/log-attachments/logs/2026/08/12/658ef6ca-5009-4307-9214-91426df95a77.png""},{""id"":""45b5afc5-c775-4084-9352-baff11a2aef6"",""name"":""20260812_185302.png"",""path"":""logs/2026/08/12/8fbdd3c3-5d4e-48aa-b307-348b3bb4175d.png"",""size"":1864701,""bucket"":""log-attachments"",""mimeType"":""image/png"",""publicUrl"":""https://vqlawpnnmtequmbdvfcr.supabase.co/storage/v1/object/public/log-attachments/logs/2026/08/12/8fbdd3c3-5d4e-48aa-b307-348b3bb4175d.png""},{""id"":""1a357386-8cdc-469b-af5a-5f49e7cc4718"",""name"":""20260812_185330.png"",""path"":""logs/2026/08/12/fd142195-823d-41d1-a2f0-9fb7a2cbd94e.png"",""size"":1766996,""bucket"":""log-attachments"",""mimeType"":""image/png"",""publicUrl"":""https://vqlawpnnmtequmbdvfcr.supabase.co/storage/v1/object/public/log-attachments/logs/2026/08/12/fd142195-823d-41d1-a2f0-9fb7a2cbd94e.png""},{""id"":""9a984864-7639-45c6-a0fa-d713cab96bdf"",""name"":""20260812_194018.png"",""path"":""logs/2026/08/12/15d15430-8f77-4a5e-a1c7-4250c732876b.png"",""size"":1347658,""bucket"":""log-attachments"",""mimeType"":""image/png"",""publicUrl"":""https://vqlawpnnmtequmbdvfcr.supabase.co/storage/v1/object/public/log-attachments/logs/2026/08/12/15d15430-8f77-4a5e-a1c7-4250c732876b.png""}]","[{""id"":""b1808398-1f61-429c-9ef8-86930fae3dda"",""url"":""https://www.netflix.com/watch/81924850?trackId=250311567&tctx=1%2C5%2C271f7040-83fc-4297-b7ab-aadaebf18b0a-304034431%2CNES_4666E43FA46DBFF1B5742509B8EC29-17C36AE2FED9A0-0C182EFFA7_p_1786501839059%2CNES_4666E43FA46DBFF1B5742509B8EC29_p_1786501839059%2C%2C%2C%2C81924850%2CVideo%3A81924850%2CminiDpPlayButton"",""image"":null,""title"":""Netflix"",""siteName"":""netflix.com"",""description"":""Sorry, we can’t find that page. You’ll find lots to explore on the home page.""}]",null,null
038cb0e6-949c-448f-8add-49007194e2a1,한일 개발한자어 구분,"좋아. 이건 진짜 “일본 취업/실무 적응”에 직결되는 정리라서 개발 실무에서 실제로 자주 쓰는 것들만 뽑아서 정리해줄게.

구성은 네가 말한 대로:

**한일 공통 한자어(같은 한자/같은 단어)**인데 쓰임이 다른 경우

한일 1:1 매칭되는 경우(그대로 쓰면 되는 단어)

1) 공통 한자어지만 “쓰임이 다른” 케이스 (중요)
A. 対応(대응)

🇰🇷 한국: 대응 = “대응하다”(보통 고객/사건 대응 느낌)

🇯🇵 일본: 対応 = 문제 처리 전반(개발에서 매우 범용)

✅ 일본 실무에서 쓰임

バグ対応しました (버그 처리했습니다)

仕様変更に対応しました (사양 변경 대응했습니다)

問い合わせ対応 (문의 대응)

📌 한국어 “처리/조치/대응”을 일본은 対応 하나로 많이 퉁침.

B. 管理(관리)

🇰🇷 한국: 관리 = 운영/관리 (넓게 사용)

🇯🇵 일본: 管理 = 리소스/권한/상태/버전/세션 등 “통제”에 가까움

✅ 실무 예시

状態管理(state management)

権限管理(permission management)

バージョン管理(version control)

📌 일본은 “state 관리” 말할 때 状態管理가 거의 공식어.

C. 設計(설계)

🇰🇷 한국: 설계 = 시스템 설계(큰 설계 느낌)

🇯🇵 일본: 設計 = 아주 일상적으로 씀 (작은 기능도 설계)

✅ 예시

画面設計 (화면 설계)

DB設計 (DB 설계)

API設計 (API 설계)

📌 일본은 “설계”를 훨씬 자주 말함.
신입에게도 “設計の意図”를 기대함.

D. 実装(실장/구현)

🇰🇷 한국: 구현/개발/작성 등 표현이 분산

🇯🇵 일본: 実装이 거의 표준 (개발 말투의 기본 단어)

✅ 예시

〜を実装しました (구현했습니다)

実装方針 (구현 방침)

未実装 (미구현)

📌 일본에서는 코드 작성 = 거의 実装.

E. 修正(수정)

🇰🇷 한국: 수정 = 버그 수정+기능 수정+UI 변경 다 포함

🇯🇵 일본: 修正 = ‘틀린 것/문제’ 고치는 뉘앙스가 강함

✅ 예시

バグを修正しました (버그 수정)

誤字を修正しました (오타 수정)

📌 일본에서 단순 UI 변경을 “修正”이라고 하면
“버그였나?” 느낌이 날 때가 있음 → 이럴 땐 改善/変更.

F. 改善(개선)

🇰🇷 한국: 개선 = 주로 UX/성능 개선(맞음)

🇯🇵 일본: 改善 = 진짜 자주 쓰는 만능 고급 단어

✅ 예시

パフォーマンスを改善しました

UI/UXを改善しました

可読性を改善しました(가독성 개선)

📌 일본은 “수정”보다 “개선”이 더 평가 좋게 들리는 경우 많음.

G. 変更(변경)

🇰🇷 한국: 변경 = 그냥 바꿈(중립)

🇯🇵 일본: 変更 = 사양/요구사항 변경을 공식적으로 말할 때 자주 씀

✅ 예시

仕様変更 (사양 변경)

変更対応 (변경 대응)

📌 “UI 조금 바꿈”도 変更으로 말하면 말이 정돈됨.

H. 確認(확인)

🇰🇷 한국: 확인 = 전부 “확인”

🇯🇵 일본: 確認도 쓰지만 상황별로 분화가 많음
(動作確認 / 検証 / 再現確認 등)

✅ 예시

動作確認しました (동작 확인했습니다)

再現を確認しました (재현 확인했습니다)

📌 그냥 確認만 쓰면 약간 “뭘 확인했는데?”가 될 수 있음.

I. 検証(검증)

🇰🇷 한국: 검증 = 테스트/검증(좋음)

🇯🇵 일본: 検証 = 조사+테스트+재현 포함하는 강한 단어

✅ 예시

原因を検証しました

再現性を検証しました

📌 “테스트”보다 더 분석적인 느낌.

J. 共有(공유)

🇰🇷 한국: 공유 = 공유

🇯🇵 일본: 共有 = 보고/전달도 포함하는 느낌(업무용)

✅ 예시

情報共有 (정보 공유)

認識共有 (인식 공유)

📌 회의체, 업무 흐름에서 진짜 많이 씀.

2) 한자어 1:1 매칭 (그대로 외워서 쓰면 되는 것들)

아래는 한국어 뜻과 일본어 쓰임이 거의 동일해서
그대로 가져다 쓰면 돼.

개발/업무 기본

開発 = 개발

環境 = 환경

仕様 = 사양

要件 = 요건

条件 = 조건

期限 = 기한

優先順位 = 우선순위

影響 = 영향

追加 = 추가

削除 = 삭제

更新 = 갱신/업데이트

保存 = 저장

復元 = 복원

取得 = 취득/가져오기(get)

作成 = 생성(create)

削減 = 삭감/감소(성능 최적화에도 씀)

最適化 = 최적화

自動化 = 자동화

품질/테스트

品質 = 품질

テスト = 테스트(가타카나지만 1:1)

検査 = 검사(품질 검사 쪽)

再現 = 재현

原因 = 원인

結果 = 결과

시스템/구조

構造 = 구조

処理 = 처리

速度 = 속도

負荷 = 부하

攻撃 = 공격(보안)

安全性 = 안전성

可用性 = 가용성

保守 = 보수/유지보수

拡張 = 확장

3) 실전 꿀팁: 일본은 “단어 선택”이 실력처럼 보임

일본은 같은 “수정”이라도 표현을 이렇게 나눠 쓰면 인상이 달라져:

修正しました = 틀린 걸 고쳤다(버그 느낌)

変更しました = 바꿨다(중립)

改善しました = 더 좋게 만들었다(긍정)

이 3개 구분만 해도 말이 실무스러워져.","[""import"",""japanese""]",2026-02-22 11:37:06.24266+00,e1848554-ffae-479c-a8cd-4c0d77b7bed2,2026-03-19 15:55:50.007522+00,0,0,0,2026-03-19 15:55:50.007522+00,0,null,null,null,false,null,jp-dev-study-log-next,2026-01-13 09:12:16.544+00,1768295536544,false,null,null,null,"{""tables"":{""1"":{""rows"":[],""columns"":[]}}}",null,[],null,null
04a1afba-33b6-4573-9c34-688947db6029,「つらい」,"「つらい」と感じているのですね。それは精神的にも肉体的にも苦しい状態を指し、一人で抱え込まず、まずは休むこと、誰かに話すこと（相談窓口の利用）、そして自分を責めずに気持ちを受け止めることが大切です。無理せず、小さなことでもいいので、心と体を楽にする方法（生活習慣の改善、自然に触れる、SNSから離れるなど）を試してみてください。﻿
「つらい」と感じたときの対処法
とにかく休む:頑張りすぎず、心身を休ませることを最優先しましょう。﻿
感情を吐き出す:信頼できる人に話す、紙に書き出す、SNS相談を利用するなど、溜め込まずに外に出すことが大切です。﻿
生活習慣を見直す:睡眠、食事、軽い運動など、基本的な生活リズムを整えることも精神的な安定につながります。﻿
自分を責めない:「甘え」ではありません。環境が合っていないだけかもしれないので、自分の気持ちを否定せず受け止めてください。﻿
情報から距離を置く:SNSやニュースなど、ストレス源となるものから一時的に離れる時間を作りましょう。﻿
専門機関に相談する:精神的な不調が続く場合は、「こころの耳」「よりそいホットライン」などの相談窓口や専門医への相談を検討しましょう。﻿
つらさの原因を探る﻿
ストレスを書き出してみて、何が原因か客観的に把握するのも有効です。仕事、人間関係、将来への不安など、原因が分かると対処法も見えてきます。
つらい時のサイン﻿
イライラする、涙もろくなる、集中力・記憶力の低下、無気力感、不眠などは心のSOSサインです。これらのサインに気づいたら、早めのケアを心がけましょう。
一人で抱え込まず、周りのサポートや専門家の力を借りることも考えてみてください。あなたの力になれる場所や人は必ずいます。","[""import"",""japanese""]",2026-02-22 11:37:06.24266+00,e1848554-ffae-479c-a8cd-4c0d77b7bed2,2026-03-19 15:55:50.007522+00,0,0,0,2026-03-19 15:55:50.007522+00,0,null,null,null,false,null,jp-dev-study-log-next,2026-01-08 12:50:52.022+00,1767876652022,false,null,null,null,"{""tables"":{""1"":{""rows"":[],""columns"":[]}}}",null,[],null,null
06658bd5-b3f3-4042-aa4b-156799868c6e,「分ける（わける）」,"「分ける（わける）」は、一つを複数に分割する（ケーキを分ける）、種類ごとに整理する（ゴミを分別する）、配る・分配する（お菓子を分ける）、（物理的に）押し開く（カーテンを分ける）、勝負を区切る（引き分けにする）など、状況によって様々な意味を持つ動詞で、英語では「divide」「separate」「share」「split」などを使い分けます。 
主な意味と例文
分割・分割する: 一つを二つ以上に分ける。
例: ケーキを4つに分ける (divide the cake into four pieces)。
区分する・分類する: 種類や性質で分ける。
例: リサイクルとゴミを分ける (separate recycling from trash)。
分配する・分け与える: 複数人に配る。
例: 財産を息子たちに分ける (share the property with his sons)。
（物理的に）押し開く: 物理的に物を左右に開く。
例: 髪を真ん中で分ける (part her hair in the middle)。
（勝負・仲裁で）区切る: 勝負がつかないときにやめさせる、引き分けにする。
例: 勝負を分ける（引き分けにする）。 
関連する言葉
分割: divide, split
分別: separate
分配: share, distribute
区切る: cut, break

https://mazii.net/ko-KR/search/word/jako/%E5%88%86%E3%81%91%E3%82%8B

◆ 나누다.
◆ 가르다.

数区域に分ける
몇 구역으로 나누다

株を分けて植える
포기[그루]를 나눠서 심다

五回に分けて支払う
다섯 번에 나누어 지급하다

◆ (종류에 따라) 구분[분류]하다.

学年別に分ける
학년별로 나누다

大きさによって分ける
크기에 따라서 분류하다

成績を五段階に分ける
성적을 5단계로 구분하다

◆ ((頒ける)) 분배하다; 노느다.

利益を分ける
이익을 나누다

皆で分けて食べる
모두가 나누어 먹다

暖簾を分ける
분점을 차려 주다(같은 옥호를 쓰게 하며 단골집도 일부 나누어 줌)

◆ 말리다; 중재하다.

喧嘩を分ける
싸움을 말리다

◆ 비긴 것으로 하다.

勝負を分ける
승부를 무승부로 하다

星を分ける
승패의 결과가 무승부가 되다

票を分ける
득표수가 같이 되다

◆ 헤치다.

波を分けて船が進む
파도를 헤치고 배가 나아가다

草の根を分
(풀뿌리를 헤치듯) 샅샅이 뒤지다

人込みの中を分けて前に出る
군중 속을 헤치고 앞으로 나오다

◆ 조리 있게 하다; 시비를 가리다; 판별하다.

事を分けて話した
조리 있게 차근차근 이야기했다

◆ 팔다.

お分けいたしましょう
팔도록 하겠습니다

分けて下さいませんか
파시지 않겠습니까","[""import"",""japanese""]",2026-02-22 11:37:06.24266+00,e1848554-ffae-479c-a8cd-4c0d77b7bed2,2026-03-19 15:55:50.007522+00,0,0,0,2026-03-19 15:55:50.007522+00,0,null,null,null,false,null,jp-dev-study-log-next,2026-01-07 09:43:34.077+00,1767779014077,false,null,null,null,"{""tables"":{""1"":{""rows"":[],""columns"":[]}}}",null,[],null,null
07318039-7962-4d9b-81da-38757bb94e41,「巻き込む（まきこむ）」,"「巻き込む（まきこむ）」とは、何かを巻いて中に入れること、または望まない人間関係や事件・紛争などの状況に引き入れる・巻き添えにするという意味で使われますが、ポジティブに「人を巻き込む（=参加・協力させる）」といった文脈でも使われる多義的な言葉です。主に悪い事態に使うことが多いですが、現代では良い目的のために「人を巻き込む力（人を動かす力）」というポジティブな意味合いでも使われます。 
主な意味と使い方
【悪い意味】事件・争いなどに引き入れる
例文: 「事故に巻き込まれた」「紛争に巻き込む」
類語: 巻き添えにする、引き入れる
【良い意味】活動や仕事に協力・参加させる
例文: 「プロジェクトに仲間を巻き込む」「彼の熱意で皆を巻き込んだ」
類語: 誘う、参加させる、引き入れる 
類語・言い換え表現
悪い文脈で: 巻き添えにする、引き込む
良い文脈で: 誘う、招く、引き入れる、関与させる、チーム牽引力、人を動かす力 
ポイント
「巻き込む」は「自分だけではなく、他者もその状況・活動の範囲内に入れる」というニュアンスが強い言葉です。
単に「誘う」だけでなく、「相手の意図とは別に、その流れの中に組み込む」という含みを持つことがあります。

https://mazii.net/ko-KR/search/word/jako/%E5%B7%BB%E3%81%8D%E8%BE%BC%E3%82%80

◆ 말려들게 하다.
◆ 감아서 안으로 넣다.

機械に巻き込まれる
기계에 말려들어 가다

渦に巻き込まれる
소용돌이에 휘말리다

車輪に巻き込まれた
차바퀴에 말려들어 갔다

◆ 끌어들이다; 연루되게 하다; 연좌(連坐)시키다.

事件に巻き込む
사건에 끌어들이다

紛争に巻き込まれる
분쟁에 말려들다

市民を巻き込んだ政争
시민을 끌어들인 정쟁","[""import"",""japanese""]",2026-02-22 11:37:06.24266+00,e1848554-ffae-479c-a8cd-4c0d77b7bed2,2026-03-19 15:55:50.007522+00,0,0,0,2026-03-19 15:55:50.007522+00,0,null,null,null,false,null,jp-dev-study-log-next,2026-01-11 02:03:30.123+00,1768097010123,false,null,null,null,"{""tables"":{""1"":{""rows"":[],""columns"":[]}}}",null,[],null,null
0764a546-be71-48b0-a8ac-cc4fc302d3f8,面接対策マスターQ&A（3プロジェクト総合）,"面接対策マスターQ&A（3プロジェクト総合）

対象プロジェクト（3つ）

Next.js + MongoDB Study Log（AI活用 + Fullstack） ← 메인

Cloud Drive（React + Firebase） ← 기본기/제품감

Vanilla JS CRUD（코테/기초 설명력） ← 기초·설명력

0) 30秒 自己紹介（最強テンプレ）
🇯🇵 Q0. まず自己紹介をお願いします。

A.
はい、ディジタルノマドを目指して学習しているWeb開発者です。
React / TypeScript を中心に学習し、実装力を証明するために3つのプロジェクトを作りました。
特にNext.js + MongoDB版ではAPI設計とDB連携、Vercelデプロイ、型エラー対応など実務に近い経験を積みました。
面接では「なぜその設計にしたか」「エラーをどう解決したか」まで説明できます。よろしくお願いいたします。

🇰🇷 한국어 버전(연습용)

저는 디지털노마드를 목표로 웹개발을 공부하고 있는 개발자입니다.
React/TypeScript를 중심으로 실력을 증명하기 위해 3개의 프로젝트를 만들었고,
특히 Next.js + MongoDB 프로젝트에서는 API 설계, DB 연동, Vercel 배포, 타입 에러 해결 등 실무에 가까운 경험을 쌓았습니다.
“왜 그렇게 설계했는지/에러를 어떻게 해결했는지”까지 설명할 수 있습니다. 잘 부탁드립니다.

1) AI 활용 질문 (거의 확정으로 나옴)
🇯🇵 Q1. AIはどう活用していますか？

A.
AIは「コードを代わりに書かせる」目的ではなく、学習と開発効率を上げる補助として活用しています。
具体的には、設計の分解、エラー原因の仮説出し、選択肢の比較、ドキュメント整備に使います。
最終的な判断と実装は必ず自分が理解した上で行い、AIの出力をそのまま使うことは避けています。

🇰🇷

AI는 코드를 대신 짜게 하는 목적이 아니라, 학습과 개발 효율을 높이는 보조 도구로 활용합니다.
설계 분해, 에러 원인 가설 수립, 선택지 비교, 문서 정리 등에 사용하며, 최종 판단과 구현은 반드시 이해한 뒤 진행합니다.

🇯🇵 Q2. AIのコードが間違っていたらどうしますか？

A.
まず再現確認をして、ログ/エラー内容から原因を分解します。
その後、公式ドキュメントで正しい仕様を確認し、最小修正で直します。
Next.js の Route Handler 型エラーもその手順で解決しました。

🇰🇷

재현 확인 → 로그/에러로 원인 분해 → 공식 문서로 스펙 확인 → 최소 수정으로 해결합니다.
Next.js Route Handler 타입 에러도 같은 방식으로 해결했습니다.

2) 기본기 질문 (React/JS/TS)
🇯🇵 Q3. Reactで一番重要だと思うことは？

A.
状態管理と再レンダリングの仕組みです。
状態が変わるとUIが更新されるので、状態をどこで持つか、propsで渡すか、Contextにするかを設計で意識しています。

🇰🇷

상태 관리와 리렌더링 구조입니다.
상태를 어디서 관리할지(props/Context 등) 설계가 중요하다고 생각합니다.

🇯🇵 Q4. JavaScriptの基礎で特に意識した点は？

A.
DOM操作、イベント処理（イベント委譲）、配列操作（map/filter/find）、そして例外ケースの処理です。
Vanilla CRUDで基礎を固めました。

🇰🇷

DOM 조작, 이벤트 처리(이벤트 위임), 배열 조작(map/filter/find), 예외 케이스 처리를 중요하게 봤고 Vanilla CRUD로 기초를 다졌습니다.

🇯🇵 Q5. TypeScriptを導入した理由は？

A.
データ構造とAPIレスポンスを型で固定することで、バグの混入を減らし、保守性を上げるためです。
特に Next.js の Route Handler では型がビルドに直結するので重要でした。

🇰🇷

데이터 구조/API 응답을 타입으로 고정해 버그를 줄이고 유지보수성을 높이기 위해 도입했습니다. Next.js Route Handler에서는 타입이 빌드에 직결되어 더 중요했습니다.

3) プロジェクト別 Q&A
A) Next.js + MongoDB（Study Log / メイン）
🇯🇵 Q6. Next.js版をメインにした理由は？

A.
フロントだけでなく API設計・DB連携・デプロイ・型エラー対応まで含めて、実務に近い一連の流れを見せられるからです。
AIを使いながらも、最終的に自分で原因を分解して解決した点を説明できます。

🇰🇷

프론트뿐 아니라 API 설계, DB 연동, 배포, 타입 에러 대응까지 실무 흐름을 보여줄 수 있어서 메인으로 선택했습니다. AI를 활용했더라도 원인 분석과 해결은 직접 했다는 점을 설명할 수 있습니다.

🇯🇵 Q7. MongoDB接続で苦労した点は？

A.
MongoDB Atlas の接続文字列（srv）の設定と環境変数管理です。
querySrv EBADNAME _mongodb._tcp... のようなエラーが出た時は、URI・cluster名・DNS設定を見直しました。

🇰🇷

MongoDB Atlas 연결 문자열(srv) 설정과 환경변수 관리였습니다. querySrv EBADNAME 에러가 나왔을 때 URI/클러스터명/DNS 설정을 점검했습니다.

🇯🇵 Q8. Vercelのビルドエラー（params Promise）をどう解決しましたか？

A.
Next.jsのRoute Handlerでは params の型が環境によって Promise になるケースがあり、
シグネチャを params: Promise<{ id: string }> に合わせて await params で取り出すように修正しました。
ローカルで npm run build も通して確認しました。

🇰🇷

Next.js Route Handler에서 params 타입이 Promise로 기대되는 경우가 있어, params: Promise<{id:string}>로 맞추고 await params로 꺼내도록 수정했습니다. 로컬 build 통과도 확인했습니다.

B) Cloud Drive（React + Firebase）
🇯🇵 Q9. なぜ Cloud Drive を作りましたか？

A.
FirebaseのAuth/Firestore/Storageを統合して、実務的な「ユーザー別ファイル管理」を作りたかったからです。
i18n・Theme・Trash設計まで入れて製品感を意識しました。

🇰🇷

Firebase(Auth/Firestore/Storage)를 통합해 실무형 “유저별 파일 관리”를 구현하고 싶었습니다. i18n/테마/휴지통 설계까지 넣어 제품감을 의식했습니다.

🇯🇵 Q10. Trashはなぜ isTrashed方式？

A.
誤削除対策として復元を可能にするためです。
削除＝状態変更、完全削除＝別操作に分けることで安全性と責務分離を確保しました。

🇰🇷

실수 삭제 대비 복구를 위해서입니다. 삭제=상태 변경, 완전삭제=별도 조작으로 분리해 안전성과 책임 분리를 확보했습니다.

C) Vanilla JS CRUD（基礎・説明力）
🇯🇵 Q11. なぜ Vanilla JS CRUD を作った？

A.
Reactやフレームワーク以前に、DOM・イベント・状態管理の基礎を理解して説明できるようにするためです。
面接でもコードの意図を言語化する練習になりました。

🇰🇷

React 이전에 DOM, 이벤트, 상태관리 기본기를 이해하고 설명하기 위해 만들었습니다. 면접에서 의도를 말로 설명하는 연습이 됐습니다.

🇯🇵 Q12. イベント委譲を使った理由は？

A.
ボタンが増減してもイベント管理が簡単で、パフォーマンス的にも有利だからです。
closest() を使ってクリック対象を特定しています。

🇰🇷

버튼이 동적으로 늘어나도 이벤트 관리가 쉽고 성능상도 유리해서입니다. closest()로 클릭 대상을 특정했습니다.

4) 最後にほぼ必ず来る質問
🇯🇵 Q13. 今後の目標は？

A.
日本で就職して実務経験を積みながら、個人プロジェクトを継続的に拡張していきます。
将来的には日本を拠点に、デジタルノマドとして海外向けにも展開できるサービスを作りたいです。

🇰🇷

일본에서 취업해 실무 경험을 쌓으면서 개인 프로젝트를 계속 확장할 예정입니다. 장기적으로 일본을 거점으로 해외까지 확장 가능한 서비스를 만들고 디지털노마드로 활동하고 싶습니다.

🇯🇵 Q14. 何か質問はありますか？（逆質問）

A（例）:

入社後、最初の3ヶ月で期待される役割は何でしょうか？

React/TypeScript の開発で重視される開発ルールはありますか？

コードレビュー文化（観点）はどのような形ですか？

🇰🇷

입사 후 3개월 동안 기대되는 역할이 무엇인지

React/TypeScript 개발에서 중요하게 보는 규칙이 있는지

코드 리뷰 문화/기준은 어떤지","[""import"",""coding""]",2026-02-22 11:37:06.24266+00,e1848554-ffae-479c-a8cd-4c0d77b7bed2,2026-03-19 15:55:50.007522+00,0,0,0,2026-03-19 15:55:50.007522+00,0,null,null,null,false,null,jp-dev-study-log-next,2026-01-11 23:49:06.185+00,1768175346185,false,null,null,null,"{""tables"":{""1"":{""rows"":[],""columns"":[]}}}",null,[],null,null
07f1cf98-740a-477d-80ad-508edc003dba,「喋らんといて」,"「喋らんといて」は「喋らないで」「話さないで」という意味の関西弁や口語表現で、「しゃべる（話す）」の否定形「喋らへん」と、禁止や依頼を表す「〜んといて」が組み合わさったものです。つまり、「話すのをやめて」「黙って」と相手に伝えている命令や軽い要求になります。 
解説:
喋らんといて = 喋る（話す）＋〜んといて（〜しないで）
〜んといて は、「〜（し）ないで」という禁止や依頼を表す表現で、「〜んといてよ」のように使われることもあります。 
例文:
「もう喋らんといてや！」（もう喋らないでよ！）
「うるさいから喋らんといて」（うるさいから黙って） 
文脈によっては「もう話しかけないで」「黙ってて」といったニュアンスで使われます。","[""import"",""japanese""]",2026-02-22 11:37:06.24266+00,e1848554-ffae-479c-a8cd-4c0d77b7bed2,2026-03-19 15:55:50.007522+00,0,0,0,2026-03-19 15:55:50.007522+00,0,null,null,null,false,null,jp-dev-study-log-next,2026-01-14 14:52:23.006+00,1768402343006,false,null,null,null,"{""tables"":{""1"":{""rows"":[],""columns"":[]}}}",null,[],null,null
088c1eac-3296-4d28-9aa1-63f967fcb446,「具材（ぐざい）、식자재」,"「具材（ぐざい）、식자재」とは、鍋物や汁物、カレーなどの料理に入れる肉・魚・野菜などの材料を指し、食材（スーパーで買う前の状態）と材料（料理に使う具体的なもの）の中間の意味合いで使われ、具（ぐ）や「かやく」とも呼ばれます。定番は白菜や大根、鶏肉、豆腐などで、種類は豊富で、料理や地域によって異なります。 
具材の種類例
肉類: 鶏肉、豚肉（バラ、ロース）、牛肉（すじ）、つくねなど。
魚介類: 鮭、たら、エビ、カニ、ホタテ、牡蠣、ちくわ、はんぺんなど。
野菜類: 大根、白菜、長ネギ、玉ねぎ、人参、じゃがいも、もやし、春菊、水菜など。
その他: 豆腐、油揚げ、こんにゃく、しらたき、きのこ類（しいたけ、えのき、しめじなど）、餅巾着など。 
具材の選び方のポイント
栄養バランス: 低脂肪の肉や魚、食物繊維豊富な野菜、きのこ類を意識する。
満腹感: 豆腐、しらたき、食物繊維の多い野菜などを加える。
旨味と食感: 煮込むと甘みが出る玉ねぎ、味が染みやすい大根など、食材の特性を活かす。 
英語での表現
「ingredients（材料）」が一般的です。例: ""Please mix all the ingredients."" (すべての具材を混ぜてください)。

https://kotobank.jp/word/%E5%85%B7%E6%9D%90-483004

料理で、汁や鍋物に入れる肉・魚・野菜などのこと。たね。具。","[""import"",""japanese""]",2026-02-22 11:37:06.24266+00,e1848554-ffae-479c-a8cd-4c0d77b7bed2,2026-03-19 15:55:50.007522+00,0,0,0,2026-03-19 15:55:50.007522+00,0,null,null,null,false,null,jp-dev-study-log-next,2026-01-14 11:29:46.852+00,1768390186852,false,null,null,null,"{""tables"":{""1"":{""rows"":[],""columns"":[]}}}",null,[],null,null
0aa726ae-c187-47b7-bceb-5d355911020c,「黙る（だまる）」,"https://youtu.be/95JJ1sTZLlE?si=3Mcwy93f0iJFgd2U

「黙る（だまる）」とは、言葉を発するのをやめること、意見を言わずにいること、音を立てなくなることを指します。多くの場合、「沈黙する」「口をつぐむ」「押し黙る」といった類語があり、英語では「stay silent」や「shut up」などで表現されます。 
主な意味と使い方
発言をやめる: 話すことをやめ、無言になること。「彼は都合が悪いと黙る」のように使われます。
意見を言わない: 主張や考えを口に出さない状態。「黙ることを知らない者は話し上手ではない」といった文例があります。
音を止める: 物音がしなくなること。「泣く子も黙る」のように、静まり返る様子を表すこともあります。 
関連語
沈黙（ちんもく）: 口をきかず、音も立てずにじっとしていること。
口をつぐむ: 口を閉じて、何も言わないこと。
押し黙る: ぐっと口を閉ざし、何も言わなくなること。
黙秘する: 黙ったままで何も言わないこと（特に尋問などで）。
黙り込む: しばらくの間、黙り込むこと。 
英語表現
stay silent: 静かにしている、黙っている。
shut up: 黙れ（命令口調で失礼な場合も）。
clam up: 口を閉ざす、無口になる。

https://mazii.net/ko-KR/search/word/jako/%E9%BB%99%E3%82%8B

◆ 말을 하지 않다; 울음을 그치다.

黙って休む
아무 말 없이 쉬다

黙って本を読む
묵묵히 책을 읽다

泣く子も黙る

◆ (손을 쓰지 않고) 가만히 있다.

黙っていても売れる
가만히 있어도 팔린다

子供の喧嘩を黙って見ている
아이들의 싸움을 가만히 보고만 있다

こんな事をされて黙っておれない
이런 짓을 당하니 잠자코 있을 수 없다","[""import"",""japanese""]",2026-02-22 11:37:06.24266+00,e1848554-ffae-479c-a8cd-4c0d77b7bed2,2026-03-19 15:55:50.007522+00,0,0,0,2026-03-19 15:55:50.007522+00,0,null,null,null,false,null,jp-dev-study-log-next,2026-01-08 16:16:34.313+00,1767888994313,false,null,null,null,"{""tables"":{""1"":{""rows"":[],""columns"":[]}}}",null,[],null,null
0b11a6a6-6af1-4413-b646-bed17cca6980,「本領発揮（ほんりょうはっき）」,"「本領発揮（ほんりょうはっき）」とは、その人が本来持っている能力、技術、実力を存分に発揮し、見事な活躍や成果を見せることを指す言葉です。類語には「面目躍如（めんもくやくじょ）」や「底力を発揮する」などがあり、真価を発揮する場面で使われる表現です。 
主なポイントと表現:
意味: 本来の能力や真価を十分に発揮すること。
類語・言い換え: 実力を出す、真価を発揮する、腕を振るう、底力を出す、持ち前の力を発揮する。
関連表現: 「本領を発揮する」「本領発揮の場」。 
スポーツや仕事の場面で、その人らしさが存分に出たときに使われます。","[""import"",""japanese""]",2026-02-22 11:37:06.24266+00,e1848554-ffae-479c-a8cd-4c0d77b7bed2,2026-03-19 15:55:50.007522+00,0,0,0,2026-03-19 15:55:50.007522+00,0,null,null,null,false,null,jp-dev-study-log-next,2026-02-01 17:00:59.268+00,1769965259268,false,null,null,null,"{""tables"":{""1"":{""rows"":[],""columns"":[]}}}",null,[],null,null
0e2298ee-aaec-48ad-ba70-694d3bc1961d,「仕方ない（しかたがない）」,"「仕方ない（しかたがない）」は「どうすることもできない」「他に良い方法がない」という意味で、避けられない状況を受け入れる際の表現で、「しょうがない」「やむを得ない」も同義です。文脈によっては「諦める」「我慢できない」「扱いにくい人」など、諦め、問題解決の手段がない、強い感情の抑えられない、人物評価という複数のニュアンスを持ちます。 
主な意味と使い方
避けられない状況の受容: 「雨で中止だ。仕方ない。」（諦め、受け入れ）。
どうしようもない状況: 「この問題は、もう仕方ない。」（解決策がないこと）。
強い感情や欲求: 「暑くて仕方がない」「彼がかわいくて仕方ない」（我慢できない）。
人物評価: 「彼は本当に仕方ない人だね」（扱いにくい、困った人）。 
類語・関連表現
しようがない: 「仕方ない」が変化した形で、同じ意味で使われる。
やむを得ない: ビジネスシーンなど、ややフォーマルな場面でも使われる。
致し方ない（いたしかたない）: 「仕方ない」をより丁寧にした表現。 
「仕方ない」は、困難な状況や理不尽な出来事に対し、嘆き、諦め、受容、寛容といった複雑な気持ちを込めて使われる日本語の慣用句です。

https://mazii.net/ko-KR/search/word/jako/%E4%BB%95%E6%96%B9%E3%81%8C%E3%81%AA%E3%81%84

◆ 어쩔 수 없다

そうするしか仕方がない
그렇게 하는 수밖에 방법이 없다.

https://nihongo.co.kr/%EF%BD%9E%E3%81%A6%E3%81%97%E3%82%87%E3%81%86%E3%81%8C%E3%81%AA%E3%81%84%E3%83%BB%EF%BD%9E%E3%81%A6%E3%81%97%E3%81%8B%E3%81%9F%E3%81%8C%E3%81%AA%E3%81%84/

【～てしょうがない】

私は会社の飲み会が嫌でしょうがないのですが、上司に誘われたからには行くしかありません。
나는 회사 회식이 싫어 죽겠지만 상사에게 권유 받았기에 갈 수밖에 없습니다. 

日本で地震があったので、日本にいる家族が心配でしかたありません。
일본에서 지진이 있었기 때문에 일본에 있는 가족이 걱정되어 미치겠습니다. 

昨日会った彼女のことが気になってしょうがないです。
어제 만난 그녀가 신경 쓰여 죽겠습니다. 

彼女のいない人生じんせい
なんて、考がえられない。もう死にたくてしょうがない。
그녀가 없는 인생 따윈 생각할 수 없다. 죽고 싶어 죽겠다. 

最近、ちょっと疲れているのかな？眠くて眠くてしょうがない。
요즘 좀 피곤한 건가? 졸려 미치겠다. 

今日はなんだかカレーが食べたくてしょうがない。
오늘은 왠지 카레가 먹고 싶어 못 참겠다. 

あれ、風邪をひいたかな？なんだか寒くてしょうがない。熱でも測ってみるか。
어? 감기 걸린 건가? 추워 미치겠어. 열이라도 재 볼까?

【～てしかたがない】

祖父は今年生まれた孫がかわいくてしかたがないようだ。
할아버지는 올해 태어난 손주가 귀여워서 어쩔 줄 모르겠는 것 같다. 

最近は暇で暇でしかたがない。
요즘 한가해 미치겠다. 

先日受けた試験の結果が気になってしかたがない。
얼마전 치른 시험결과가 걱정돼 미치겠다. 

昨日の試合、頑張ったのに負けてしまって、悔しくてしかたがない。
어제시합 열심히 했는데 져버려서 분해 죽겠다. 

月曜日は会社に出勤するのがめんどくさくてしかたがない。
월요일은 회사에 출근하는 게 귀찮아 죽겠다.","[""import"",""japanese""]",2026-02-22 11:37:06.24266+00,e1848554-ffae-479c-a8cd-4c0d77b7bed2,2026-03-19 15:55:50.007522+00,0,0,0,2026-03-19 15:55:50.007522+00,0,null,null,null,false,null,jp-dev-study-log-next,2026-01-11 14:27:13.061+00,1768141633061,false,null,null,null,"{""tables"":{""1"":{""rows"":[],""columns"":[]}}}",null,[],null,null
0e2fbfbd-6036-43e5-b748-9a26dd922dd0,「いたずら（悪戯）」,"「いたずら（悪戯）」は、笑って許せる程度の悪ふざけ（英語ではprank）や、他人を不快にさせる嫌がらせ、または子供の無邪気な遊び心などを指す行為です。古語の「徒（いたづら）なり（無駄、役に立たない）」が語源であり、現代では主に「度を越した悪ふざけ」を指すことが多い。 
いたずらの要素
目的・性質: 相手を驚かせる、笑わせる、少し困らせる。
類語: 悪ふざけ、おイタ、ドッキリ、ちょっかい。
英語表現: Play a prank on someone。 
語源と変遷
徒（いたづら）: 無駄、役に立たない、暇なこと。
意味の転換: 無駄なことで遊ぶ（=悪戯）という意味から、現代の「悪ふざけ」の意へ。
現代: 「悪戯（いたずら）」と表記され、悪意の有無に関わらず、ふざけて悪いことをする意味で使用される。

https://www.kpedia.jp/w/6689

「いたずら」の韓国語「장난」を使った例文

・지금 장난칠 때가 아니라고요.
今、 ふざけてる場合じゃないんですよ。

・장난은 들키고 말았다.
イタズラがばれてしまった。

・장난이지?
嘘だろ？

・장난이에요.
冗談です。

・혼인신고가 애들 장난이야?
婚姻届けは、遊びじゃないのよ！

・결혼이 애들 장난이야？
結婚を遊びだと思ってるの？

・아이들이 장난을 심하게 해서 성났다.
子どもたちがひどいいたずらをして腹が立った。

・고약한 장난으로 친구를 놀렸다.
たちの悪い冗談で友達をからかった。

・그의 장난은 정말 고약하다.
彼のいたずらは本当にたちが悪い。

・아이들이 엉거주춤 앉아 장난을 치고 있다.
子どもたちがもたつきながら座って遊んでいる。

・고양이가 이쪽저쪽 뛰어다니며 장난쳤다.
猫があっちこっち飛び回って遊んでいた。

・아이들이 발칙하게 장난을 쳤다.
子どもたちがずうずうしくいたずらをした。

・우리는 서로를 뚱뚱이라고 부르며 장난을 쳤다.
私たちはお互いをぽっちゃりと呼んで冗談を言い合った。

・그는 키득키득 웃으며 장난을 계속했다.
彼はくすくす笑いながらいたずらを続けた。

・친구들끼리 키득키득 장난을 쳤다.
友達同士でくすくすといたずらをした。

・겁없이 친구에게 장난을 쳤다.
恐れずに友達にいたずらをした。","[""import"",""japanese""]",2026-02-22 11:37:06.24266+00,e1848554-ffae-479c-a8cd-4c0d77b7bed2,2026-03-19 15:55:50.007522+00,0,0,0,2026-03-19 15:55:50.007522+00,0,null,null,null,false,null,jp-dev-study-log-next,2026-01-28 10:27:33.923+00,1769596053923,false,null,null,null,"{""tables"":{""1"":{""rows"":[],""columns"":[]}}}",null,[],null,null
0e99113e-ecf8-4965-ba07-a65f99b5b073,「受け入れ（うけいれ）」,"https://youtu.be/VfC-W0zf9BM?si=SwxU8k5JGwZ6WfGB

「受け入れ（うけいれ）」とは、人や物事を身に引き取ること、迎え入れることを指し、相手の意見や状況、現実などを理解し、承諾・容認する意味合いが強いです。ビジネスや人間関係では相手の提案や立場を尊重し、柔軟に対応する姿勢を示し、日常生活では新しい環境や変化を素直に認める際にも使われ、「accept」「receive」などの英語に相当します。 
意味のポイント
「受け止める」との違い: 「受け入れる」は相手の意見に賛成・同意するニュアンスを含むのに対し、「受け止める」はただ聞いたり理解したりする段階に留まります。
対象: 人（考え方、要求）、物事（事実、状況、環境）、情報など幅広く使われます。
使い方（例文）:
「新しい環境を受け入れる」
「友人の提案を受け入れる」
「失敗を受け入れて次に活かす」
「このホテルは犬を受け入れない（=許可しない）」 
類語・関連語
受容（じゅよう）: 精神的に受け入れる、包み込む意味合いが強い。
容認（ようにん）: 許可して受け入れること。
歓迎（かんげい）: 喜んで迎え入れること。 
英語表現（ニュアンス別）
accept: 最も一般的。「事実を受け入れる」「感情を受け入れる」など。
receive: 物理的に受け取る、自動的に受け取るイメージ。
welcome: 喜んで迎え入れる、好意的に受け入れる。
adapt: 新しいものに適応する形で受け入れる。 
このように、「受け入れ」は単に受け取るだけでなく、心理的な理解や同意、対応の姿勢を含む多義的な言葉です。

https://mazii.net/ko-KR/search/word/jako/%E5%8F%97%E3%81%91%E5%85%A5%E3%82%8C

◆ 받아들임.
◆ 맞아들임.

新入社員の受け入れ準備
신입 사원을 받아들일 준비

被災者の受け入れ態勢が整う
이재민을 받아들일 태세가 갖추어지다

◆ 승낙; 승인.

要求の受け入れに難色を示す
요구를 받아들이는 데 난색을 보이다

◆ 수납함; 또, (회계 장부에서) 수입.","[""import"",""japanese""]",2026-02-22 11:37:06.24266+00,e1848554-ffae-479c-a8cd-4c0d77b7bed2,2026-03-19 15:55:50.007522+00,0,0,0,2026-03-19 15:55:50.007522+00,0,null,null,null,false,null,jp-dev-study-log-next,2026-01-07 05:51:11.454+00,1767765071454,false,null,null,null,"{""tables"":{""1"":{""rows"":[],""columns"":[]}}}",null,[],null,null
1226de02-1a42-48b1-b669-722300727403,「勘弁（かんべん）」,"「勘弁（かんべん）」とは、相手の過ちや要求を許すこと、見逃すことを意味し、「勘弁してください」のように使われますが、元々は仏教用語で「よく考えて見極めること」を指し、そこから転じて「許す」という意味になった言葉です。類語には「勘弁して」の「勘」が「調べる」、「弁」が「見分ける」という意味があり、これらが組み合わさって「見極めて許す」というニュアンスが生まれました。 
主な意味と使い方
許しを請う、許してほしい: 「もうしないから勘弁してほしい」「勘弁してください」。
勘弁できない: 許しがたい、我慢できないという気持ちを表す。「もう勘弁ならない」。
（人や状況を）許す、見逃す: 「このくらいで勘弁してやろう」。
（仕事や役割などを）免除してほしい: 「PTA役員は勘弁してほしい」。
（相手の迷惑行為などを）やめてほしい: 「長すぎるスピーチは勘弁してほしい」。 
語源
元は禅宗の言葉で、修行者の悟りの深さを見極める「問答（勘弁）」を指した。
そこから、見極めた上で許す（「勘弁ならぬ」は「許せない」）という形で意味が転じ、現代の「許してください」という意味になった。 
類語
堪忍（かんにん）、赦免（しゃめん）、容赦（ようしゃ）、お許し。

◆ (과실 등을) 용서함; 인내함; 해야 할 일을 면해 줌.

勘弁して下さい
용서해 주십시오

もう勘弁出来ない
이제 용서할 수 없다

今回だけは勘弁してやる
이번만은 용서해 주겠다

◆ 사물의 선악을 충분히 생각하여 분별함.
◆ 변통에 능함; 계산에 밝음.

https://mazii.net/ko-KR/search/word/jako/%E5%8B%98%E5%BC%81","[""import"",""japanese""]",2026-02-22 11:37:06.24266+00,e1848554-ffae-479c-a8cd-4c0d77b7bed2,2026-03-19 15:55:50.007522+00,0,0,0,2026-03-19 15:55:50.007522+00,0,null,null,null,false,null,jp-dev-study-log-next,2026-01-04 16:29:22.983+00,1767544162983,false,null,null,null,"{""tables"":{""1"":{""rows"":[],""columns"":[]}}}",null,[],null,null
15579292-0957-4eed-be12-e0fabe8dff62,"class,id,data-act구분","✅ 1) “할 수 있는데 안 하는 이유는 다 있다” → 이게 핵심

맞아. 규칙은 다 이유가 있어.

class로도 기능 구현 가능 ✅

그런데 안 하는 이유 = 혼선 방지 + 유지보수성

실무에서 제일 무서운 건 기능 구현보다
나중에 수정하다가 기능이 깨지는 것이거든.

✅ 2) 네가 정리한 규칙은 완벽하게 맞음

너가 말한 걸 “정석 규칙”으로 한 줄씩 딱 정리하면:

정적 DOM(이미 HTML에 있는 요소)
→ id로 잡아서 기능 부여가 편하고 명확하다.

동적 DOM(반복 생성되는 요소 / 리스트 아이템)
→ id는 중복되므로 부적합
→ data-*로 “대상(id)”과 “행동(act)”을 표시하는 게 좋다.

class는 기능용으로도 가능하지만
→ 디자인/스타일링(Tailwind 등)과 섞여서 혼선 가능성 ↑
→ 그래서 기능 분리는 data-* 추천

✅ 3) “data-*로 표시해서 알려주는 이유” = 맞다

이게 진짜 중요한 문장인데:

이 요소가 “무슨 역할/의도”를 갖고 있는지 개발자끼리 공유하는 표식이다.

즉, HTML이 단순히 UI가 아니라
**JS랑 연결되는 인터페이스(API처럼)**가 되는 거야.

✅ 4) data-act의 act 부분은 개발자가 정하는 이름이 맞다

정확함.

예를 들어:

<button data-act=""edit"">Edit</button>
<button data-act=""delete"">Delete</button>


여기서

data-act라는 속성명 자체는 HTML 표준 규칙임 (data-* 형태만 맞으면 됨)

act는 개발자가 만든 이름임
(action의 약자처럼 쓰는 관습)

그래서 이런 것도 전부 가능해
<button data-action=""edit"">
<button data-role=""edit"">
<button data-type=""edit"">
<button data-kind=""edit"">


즉,

data-xxx에서 xxx는 개발자 마음대로.

그중에서 act는 관습적으로
**“이 버튼이 수행할 행동(action)”**을 의미하게끔 정한 거고.

✅ 5) 실무에서 자주 쓰는 data-* 네이밍 관습
행동 표시

data-act

data-action

data-handler

대상 표시

data-id

data-item-id

data-entry-id

예:

<button data-act=""edit"" data-id=""17"">


이건 해석이 너무 쉬워짐:

id가 17인 데이터를 edit해라

✅ 최종 결론 (너가 딱 이해한 그대로)

✅ 규칙을 정한 이유는 “혼선 방지”
✅ class는 디자인과 섞여서 혼선 생길 수 있음
✅ id는 정적인 요소에 적합
✅ 동적 생성 요소는 data-*가 적합
✅ data-act의 act는 개발자가 정한 이름(관습적으로 action 의미)","[""import"",""coding""]",2026-02-22 11:37:06.24266+00,e1848554-ffae-479c-a8cd-4c0d77b7bed2,2026-03-19 15:55:50.007522+00,0,0,0,2026-03-19 15:55:50.007522+00,0,null,null,null,false,null,jp-dev-study-log-next,2026-01-10 10:12:46.786+00,1768039966786,false,null,null,null,"{""tables"":{""1"":{""rows"":[],""columns"":[]}}}",null,[],null,null