id,title,content,tags,created_at,user_id,updated_at,comment_count,view_count,like_count,last_activity_at,hot_score,deleted_at,deleted_by,deleted_reason,is_deleted,account_key,source_id,source_date,legacy_id,is_hidden,duplicate_of,deleted_scope,delete_note,table_data,attachments,links,import_source,source_filename
8e015689-f967-45c7-8985-9a47d980fd31,「視線（しせん）」と「目線（めせん）」の違い,"「視線（しせん）」は目の向きや方向そのものを指し、「目線（めせん）」はある立場や視点からの見方・考え方を指し、「視線」より「点（視点）」に焦点があり、映画・演劇用語から広まった言葉で、「カメラ目線」「消費者目線」のように使われ、両者は意味が似ていますが「目線」はより視点・立場を強調します。 
視線（しせん）
意味: 目の向いている方向、見ている対象へ向かう線のこと。
用例: 「視線が合う」「視線をそらす」「世間の視線が気になる」など、物理的な目の動きや他人の視線を指すことが多い。 
目線（めせん）
意味: もともと映画・演劇業界で、俳優がカメラや特定の対象へ向ける目の位置（視点）を指す専門用語。
用法: 一般社会で「視点」「立場」の意味で広く使われるようになった。
用例: 「カメラ目線」「上から目線」「消費者目線」「子供目線」など、ある立場になって物事を考える視点を表す。 
違いのまとめ
視線: 目の動き、方向（線）。
目線: ある立場からの視点・座標（点）。 
「視線」は客観的な目の動き、「目線」は主観的な視点や立場に重点があり、「目線」は比較的新しく、俗語として一般化した言葉と言えます。","[""import"",""japanese""]",2026-02-22 11:37:06.24266+00,e1848554-ffae-479c-a8cd-4c0d77b7bed2,2026-03-19 15:55:50.007522+00,0,0,0,2026-03-19 15:55:50.007522+00,0,null,null,null,false,null,jp-dev-study-log-next,2026-01-17 18:19:46.187+00,1768673986187,false,null,null,null,"{""tables"":{""1"":{""rows"":[],""columns"":[]}}}",null,[],null,null
8e7520fc-70b2-4cad-b5c5-ee44337971c2,「訪れた（おとずれた）」,"https://youtu.be/RP7yT7INjAc?si=TLyHPr_nqrROsUUO

「訪れた（おとずれた）」は、ある場所や人を訪問した（行った）、あるいは季節や状況がやってきたことを表す言葉です。観光地へ行く場合や、「秋が訪れた」のように時節の到来を表現する際によく用いられます。類語として「訪ねた」「来訪した」「やって来た」などがあります。 
詳細な解説：
意味1：訪問する
ある目的を持って人や場所へ出かけること。「旧友を訪れた」「名所を訪れた」。
意味2：時節・状況の到来
季節や特定の状況がやってくること。「静寂が訪れた」「観光のハイシーズンが訪れた」。
類語と表現
訪ねた： 人に会いに行くニュアンスが強い。
訪れた： 観光地や場所へ行く、または季節の到来に使う。
類語： 訪問した、来訪した、赴いた、立ち寄った、やってきた。
謙譲表現：
「訪れる」を謙譲表現にする場合は「伺う」「お伺いする」が使われる。 
文脈に応じて、場所への物理的な移動か、概念的な到来かを見極めて使用されます。

https://www.kpedia.jp/w/10831

「訪ねてくる」の韓国語「찾아오다」を使った例文

・기념식에 올해는 특별한 손님들이 찾아왔다.
記念式に、今年は特別なゲストらが訪れた。

・행복이란 작은 것에 기뻐하고 감사하는 사람에게 찾아옵니다.
幸せとは小さなことにうれしく、感謝する人にやってきます。

・근데 왜 날 찾아온 거예요?
ところでどうして僕を訪ねてきたんですか？

・근데 무슨 일로 절 찾아오신 거예요?
ところでどのような用件で私を訪ねて来られたんでしょうか？

・지난 주에 친구가 찾아왔다.
先週、友人が訪ねてきました。

・이웃이 오늘 아침에 찾아왔다.
隣人が今朝、訪ねてきました。

・오늘은 많은 친구들이 찾아왔어요.
今日はたくさんの友人が訪ねてくれました。

・오늘 회사 동료가 찾아왔다.
会社の同僚が今日、訪ねてきました。

・휴일에는 친구들이 찾아오는 경우가 있다.
休日には、友達が訪ねてくることがあります。

・봄 방학이 되면 친척들이 많이 찾아온다.
春休みには、親戚が訪ねてくることが多いです。

・오랜만에 친구가 찾아왔다.
久しぶりに友人が訪ねてきました。

・이 식당은 알음알음 찾아오는 손님이 많아요.
このレストランは口コミで来るお客さんが多いです。

・언젠가 전쟁이 끝나고 평화가 찾아오겠지요.
いつか戦争が終わって、平和が訪れるでしょう。

・사과하려고 친히 찾아왔다고 한다.
謝ろうとわざわざ訪ねてきたそうだ。

・다짜고짜 찾아와서 미안해.
いきなり訪ねてきてごめんね。

・대부분의 실패는 스스로 한계라고 느끼고 포기했을 때 찾아온다.
大部分の失敗は自ら限界だと感じ、諦めたときに来る。

・하다 하다 집까지 찾아오네.
とうとう家まで来たよ。

・두 사람이 급진전할 운명의 순간이 찾아왔습니다.
ふたりが急進展する運命の瞬間が訪れました。

・초대박 행운이 찾아왔다.
超ラッキーな幸運がやってきた。

・몰래 찾아와 선처해 달라고 호소했다.
ひそかに訪ねて来て善処してくれと訴えた。

・아무리 시간이 걸려도 사필귀정은 반드시 찾아온다.
どんなに時間がかかっても、事必帰正は必ず訪れる。","[""import"",""japanese""]",2026-02-22 11:37:06.24266+00,e1848554-ffae-479c-a8cd-4c0d77b7bed2,2026-03-19 15:55:50.007522+00,0,0,0,2026-03-19 15:55:50.007522+00,0,null,null,null,false,null,jp-dev-study-log-next,2026-01-28 10:13:20.5+00,1769595200500,false,null,null,null,"{""tables"":{""1"":{""rows"":[],""columns"":[]}}}",null,[],null,null
8eb677f5-9e63-465f-b33a-72b66c59844a,つまり,"https://youtu.be/_kp2NeaJsCc?si=iPHmFidWVtlsU7Fb

つまりどういう意味か分かるか？

https://mazii.net/ko-KR/search/word/jako/%E3%81%A4%E3%81%BE%E3%82%8A

◆ 막히거나 가득 참; 또, 그 상태.

排水溝の詰まり
배수구가 막힘

流し台の詰まりの原因
싱크대 막힘 원인

トイレの詰まりで困っている
화장실이 막혀 애먹고 있다

◆ 줄어듦; 오그라듦.

袖丈の詰まり具合
소매 길이가 줄어든 상태

◆ 끝(장); 막판; 막다른 곳.

とどの詰まり
최후; 종말

身の詰まり
막다른 신세

https://www.kpedia.jp/w/12161

「つまり」の韓国語「즉」を使った例文

・이것이 즉 이 글의 핵심입니다.
これがすなわちこの文章の核心です。

・일본과 한국은 운전석이 반대이다. 즉, 한국은 왼쪽에 운전석이 있다.
日本と韓国は運転席の位置が反対だ。つまり、韓国は左に運転席がある。

・저 사람은 나의 아버지의 남동생입니다. 즉 나의 작은아버지입니다.
あの人は僕の父の弟です。つまり､僕のおじです。","[""import"",""japanese""]",2026-02-22 11:37:06.24266+00,e1848554-ffae-479c-a8cd-4c0d77b7bed2,2026-03-19 15:55:50.007522+00,0,1,0,2026-03-19 15:55:50.007522+00,0,null,null,null,false,null,jp-dev-study-log-next,2026-02-05 07:04:48.201+00,1770275088201,false,null,null,null,"{""tables"":{""1"":{""rows"":[],""columns"":[]}}}",null,[],null,null
8fdf3658-8235-4802-84e6-89625c2171bd,家賃（やちん）,"家賃（やちん）とは、賃貸物件（アパート・マンションなど）を借りる人が貸主に毎月支払う使用料のことで、収入の25～30%が目安とされ、手取り額で計算することが推奨されますが、地域や物件によって相場は大きく異なり、最近の東京では上昇傾向にあります。 
家賃の目安と計算方法
収入の30%が目安: 一般的に、手取り月収の30%以下が無理のない範囲とされます。
貯蓄を重視するなら: さらに貯蓄をしたい場合は、手取りの25%以下に抑えると良いでしょう。
例: 手取り20万円なら5～6万円、手取り25万円なら6.25万～7.5万円が目安です。 
家賃相場と地域差
全国平均: 2024年調査では全国平均が月額53,135円ですが、地域によって大きく異なります。
東京の現状: 東京23区では家賃が高騰しており、過去最高値を更新しています。 
家賃を抑えるポイント
手取り額で考える: 額面ではなく、税金や社会保険料が引かれた後の手取り額で考えることが重要です。
エリアを広げる: 都心部から少し離れたり、家賃が比較的安価なエリアを選ぶと、良い物件が見つかりやすくなります。 
家賃以外の費用
家賃の他に、管理費・共益費、敷金・礼金、仲介手数料、火災保険料、更新料などがかかることも考慮しましょう。 
家賃についてさらに詳しく知りたい場合は、SUUMO (スーモ)やhomes (ホームズ)などの不動産情報サイトで、お住まいの地域の相場を調べてみてください。

https://ja.wikipedia.org/wiki/%E5%AE%B6%E8%B3%83

家賃（やちん）は、賃貸住宅を始めとする賃貸物件の賃貸借契約に基づく物件の使用における対価のこと。借用者が物件の所持者（管理者）に対して支払うものを指し、通常は通貨で支払われる。

なお、住宅以外の建物の賃料は、単に賃料と呼ばれることが多い。","[""import"",""japanese""]",2026-02-22 11:37:06.24266+00,e1848554-ffae-479c-a8cd-4c0d77b7bed2,2026-03-19 15:55:50.007522+00,0,0,0,2026-03-19 15:55:50.007522+00,0,null,null,null,false,null,jp-dev-study-log-next,2026-01-07 02:23:23.802+00,1767752603802,false,null,null,null,"{""tables"":{""1"":{""rows"":[],""columns"":[]}}}",null,[],null,null
909d576d-d6aa-481e-b36d-f9689c06a74e,"일본에서 외국인에대한 기대치, 암기해두면좋은문장","✅ “짧아도 예의있고 명확하면 봐준다”

일본에서 외국인이 가장 안정적으로 평가받는 커뮤니케이션이 딱 이거야.

말이 완벽하게 일본인 같을 필요 ❌

대신 무례하지 않고(예의)

핵심이 분명하고(명확)

보고/연락이 빠르면(신뢰) ✅

이 3개만 잡아도 “같이 일할 수 있는 사람”으로 바로 인식돼.

1) “이 정도가 좋다”는 체감은 자연스럽게 생김

응. 지금은 어렵게 느껴져도, 일본에서 일을 하다 보면:

너무 딱딱하게 말하면 오히려 거리감 생김

너무 친근하게 말하면 어색할 수 있음

짧고 예의 있는 말이 제일 편함

이 감각이 상대 반응을 보면서 자연히 체득돼.

너는 특히 관찰력 있는 편이라 더 빨리 감 잡을 확률 높아.

2) 문장 외워두면 좋으려나? → ✅ “좋다”, 근데 방식이 중요

그냥 무작정 외우는 게 아니라

✅ “업무 상황별 문장 20~30개”를 고정으로 외우는 게 최고 효율이야.

이러면 실무에서 바로 자동으로 튀어나와.

특히 보고/질문/지연/버그 보고는
문장 패턴이 거의 고정이라 외우는 게 100% 이득임.

3) 외워두면 실무에서 바로 써먹는 문장(외국인용 안전템 20개)
✅ (A) 진행 상황 보고

いま進捗ですが、〜まで完了しました。

現在、〜を対応中です。

次は〜を対応します。

本日中に〜まで進める予定です。

✅ (B) 질문/상담(막힐 때)

ここで少し詰まっているので相談したいです。

〜について確認してもよろしいでしょうか。

〜の認識で合っていますか？

一旦こう進めても大丈夫でしょうか。

✅ (C) 지연/리스크 공유(이게 신뢰를 만든다)

予定より少し遅れそうなので先に共有します。

想定より時間がかかっています。

〜のため、完了は〜になりそうです。

優先順位を確認したいです。

✅ (D) 버그/이슈 보고(디버깅)

不具合を確認しました。

再現できました。

原因は〜でした。

修正して動作確認しました。

念のため、もう少し検証します。

✅ (E) 공유/마무리

共有します。

対応が完了しました。

何かあればすぐ連絡します。

4) 너한테 추천하는 외우는 방식(과몰입 방지)

너 스타일이면 이렇게 해야 효율이 높아:

위 문장 중 10개만 먼저 선택

프로젝트 기능 설명할 때 일부러 끼워 넣기

MD에 “오늘 사용한 문장 2개”만 기록

📌 “문장 10개 → 자동화”가 되면
그 다음 10개 추가하면 됨.","[""import"",""coding""]",2026-02-22 11:37:06.24266+00,e1848554-ffae-479c-a8cd-4c0d77b7bed2,2026-03-19 15:55:50.007522+00,0,0,0,2026-03-19 15:55:50.007522+00,0,null,null,null,false,null,jp-dev-study-log-next,2026-01-13 09:24:03.65+00,1768296243650,false,null,null,null,"{""tables"":{""1"":{""rows"":[],""columns"":[]}}}",null,[],null,null
92817a82-160c-477f-a56a-c2fd9beb5fab,「打ち明ける（うちあける）」,"netflix トークサバイバー！～トークが面白いと生き残れるドラマ～

「打ち明ける（うちあける）」とは、今まで隠していた秘密や心の中の気持ち、事情などを、信頼できる相手に正直に話すことを意味します。英語では ""open up,"" ""confess,"" ""confide"" などと表現され、「胸襟を開く」「告白する」「本音を言う」といった類語があります。 
意味と使い方
隠し事を話す: 秘密や、言えずにいた悩みを打ち明ける。
心の内を明かす: 自分の本当の気持ちや考えを正直に話す。
例:
「親友に悩みを打ち明けた」
「自分の本当の気持ちを打ち明ける決心をした」
「過去の出来事を打ち明ける」 
類語・関連表現
胸襟を開く（きょうきんをひらく）：心を開いて話すこと。
告白する（こくはくする）：特に恋愛感情や秘密を打ち明ける。
吐露する（とろする）：心の内をありのままに言うこと。
白状する（はくじょうする）：秘密や悪いことを打ち明ける（自白）。 
英語表現の例
Open up to someone: 「～に心を開く」「打ち明ける」。
Confess (something to someone): 「（秘密などを）告白する」。
Confide (in someone): 「（秘密などを）打ち明ける、信頼して話す」。 
「打ち明ける」は、勇気を出して自分の本心を相手に伝える、人間関係において重要な行為を表す言葉です。

https://mazii.net/ko-KR/search/word/jako/%E3%81%86%E3%81%A1%E3%81%82%E3%81%91%E3%82%8B

◆ (비밀·고민 등을) 숨김없이 이야기하다; 털어놓고 이야기하다.

本心を打ち明ける
본심을 털어놓다

秘密を打ち明ける
비밀을 털어놓다

身の上を打ち明ける
일신에 관한 일을 털어놓고 이야기하다

◆ 닫혀 있는 것을 힘껏 열다.

窓を打ち明ける
창문을 열어젖히다","[""import"",""japanese""]",2026-02-22 11:37:06.24266+00,e1848554-ffae-479c-a8cd-4c0d77b7bed2,2026-03-19 15:55:50.007522+00,0,0,0,2026-03-19 15:55:50.007522+00,0,null,null,null,false,null,jp-dev-study-log-next,2026-01-09 22:36:56.341+00,1767998216341,false,null,null,null,"{""tables"":{""1"":{""rows"":[],""columns"":[]}}}",null,[],null,null
93c47fd1-57c5-46e7-abb1-e83e988f324d,「零れる（こぼれる）」,"「零れる（こぼれる）」は、液体などが容器からあふれ出る、こぼれ落ちることや、感情や表情が表面に現れる（涙が零れる、笑みが零れる）、散り落ちる（花びらが零れる）などの意味を持つ動詞で、漢字の「零」には雨だれや余り（端数）の意味があり、そこから転じて「ゼロ（無）」の意味にもつながっていますが、日常的には「こぼれる」と読みます。 
主な意味と用例
液体があふれ出る・こぼれ落ちる：
コップの水を倒して零れる（こぼれる）。
鍋の汁が沸騰して吹き零れる（吹き上がる）。
感情や表情があらわれる：
悲しくて涙が零れる（こぼれる）。
嬉しいので笑みが零れる（こぼれる）。
散り落ちる（古語的表現）：
梅の花が枝から零れる（散り落ちる）。
余り・端数（漢字「零」の意味）：
「零」は元々「雨だれ」を意味し、そこから「こぼれる」「余り」「端数」の意味になり、最終的に「ゼロ」の概念につながったとされます。 
「零れる」は、日本語の和語（わご）であり、漢字で「零」を当てることがありますが、現代ではひらがなで「こぼれる」と表記されることも多いです。 
類語：こぼれ落ちる、あふれる、したたる、漏れる。

https://mazii.net/ko-KR/search/word/jako/%E9%9B%B6%E3%82%8C%E3%82%8B

◆ 넘치다.
◆ 넘쳐흐르다; 흘러내리다; (안에 있어야 할 것이) 밖으로 나오다.（こぼれる）

涙が零れる
눈물이 흘러내리다

コップの水が零れる
컵의 물이 흘러넘치다

グローブからボールが零れた
글러브에서 공이 빠져나왔다

◆ (소리나 빛, 냄새 등이) 새어 나오다.（こぼれる）

零れてにおう花桜
넘치듯 풍기는 벚꽃 향기

雲間から零れる陽の光
구름 사이로 새어 나오는 햇빛

◆ (가려져 있던 것이) 살짝 보이다.（こぼれる）

笑うと白い歯が零れる
웃으면 하얀 이가 살짝 보인다

◆ (감정 등이) 밖으로 드러나다.（こぼれる）

愛嬌が零れる
애교가 넘치다

笑みが零れる
미소가 번지다","[""import"",""japanese""]",2026-02-22 11:37:06.24266+00,e1848554-ffae-479c-a8cd-4c0d77b7bed2,2026-03-19 15:55:50.007522+00,0,1,0,2026-03-19 15:55:50.007522+00,0,null,null,null,false,null,jp-dev-study-log-next,2026-01-09 02:48:37.478+00,1767926917478,false,null,null,null,"{""tables"":{""1"":{""rows"":[],""columns"":[]}}}",null,[],null,null
956729e8-555e-4ba7-a272-b8b48535f70b,「切り分け」,"https://youtu.be/dmKuEIvfpek?si=-N_pLiFJ3wwTLvms

「切り分け」とは、物事を役割や原因、要素ごとに明確に区別・分割することを指します。主にビジネスやITの分野で、業務分担やシステム障害の原因特定（障害切り分け）において、問題箇所を特定し効率的に解決するために用いられる重要な手法です。 
具体的な詳細は以下の通りです。
IT・システム: 障害発生時に「ネットワーク」か「端末」か「アプリ」か、といったように原因箇所を絞り込むこと。
ビジネス・業務: 業務範囲、担当、予算、工程などを明確に区別して割り当てること。
物理的な意味: 物を細かく切って分けること。
思考法: 複雑な問題を多角的に捉え、要素ごとに整理して考えること。 
このプロセスにより、問題解決までの遠回りを防ぎ、効率化を図ることができます。","[""import"",""japanese""]",2026-02-22 11:37:06.24266+00,e1848554-ffae-479c-a8cd-4c0d77b7bed2,2026-03-19 15:55:50.007522+00,0,0,0,2026-03-19 15:55:50.007522+00,0,null,null,null,false,null,jp-dev-study-log-next,2026-02-15 04:41:07.972+00,1771130467972,false,null,null,null,"{""tables"":{""1"":{""rows"":[],""columns"":[]}}}",null,[],null,null
95f1e414-549f-41de-a71d-82c275a3f9a7,惜しい、もったいない,"「惜しい（おしい）」と「もったいない」は、どちらも「無駄にすること」や「残念な気持ち」を表しますが、「惜しい」は目標達成にあと一歩だったり、可能性があったのに逃したりした「残念さ」に、「もったいない」は物の価値を十分に活かしきれていない「無駄遣い」を惜しむ気持ちに主に使われます。例えば、サッカーでシュートがわずかに外れたら「惜しい！」、まだ使える化粧品を捨てるのは「もったいない！」となります。 
「惜しい（おしい）」のポイント
意味: 目標に到達できなかった残念さ、あと少しだった惜しさ、才能が活かされなかった残念さ。
例文:
「あと1点だった！惜しい！」 (サッカーで)
「この才能を埋もれさせるなんて、惜しいね。」
「もう少しで合格だったのに、惜しい！」 
「もったいない」のポイント
意味: 物や資源、機会などが無駄になっている状態を惜しむ気持ち。
例文:
「食べ残しを捨てるなんて、もったいない！」
「まだ使える服を捨てるなんて、もったいないよ。」
「せっかくの才能、使わないなんてもったいない。」 
使い分けの例
「惜しい」: 期待や目標に届かなかった「残念！」
「もったいない」: 価値あるものが無駄になっている「もったいない！」 
「もったいない」は、ノーベル平和賞を受賞したワンガリ・マータイ氏が「MOTTAINAI」として世界に広めようとした、日本の「無駄を惜しむ心」を表す言葉としても知られています。

https://m.blog.naver.com/popsiclez/221391121457

•惜(お)しい:
(1)소중한 것을 잃고 싶지 않다.
(2)조금의 차이로 목표를 달성하지 못 해 아쉽다.
일상 생활에서는 (2)의 의미로 사용하는 경우를 쉽게 볼 수 있다. 간단히 말해서, 조금 부족해서 생각처럼 되지 않아 안타까울 때 사용하는 말. 스포츠 경기중에 득점 할 뻔했다가 못 했을 때 사용하는 말이라면 이해하기 쉽지 않을까 싶다. 나 역시, 유학시절 볼링장에 갔다가 여기저기에서 들리는 おしい!를 듣고, 그 뉘앙스를 이해할 수 있었으니까.

あと５点(てん)で合格(ごうかく)だったのに！惜しい！
(5점만 더 있었으면 합격이었는데! 아쉽다!)
テロによって惜しい人物(じんぶつ)をたくさん失(うしな)った。
(테러로 인해 소중한(잃고 싶지 않은) 사람들을 많이 잃었다)

•もったいない:본래 가치가 있는 것이 가치없게 사용되어 안타깝다. 아깝다.
惜しい가 주로 '조금 부족해서 아쉽다'라는 주관적인 감정을 나타낸다면, もったいない는 ‘본래의 가치와 맞지 않다’고 평가할 때 사용되는 경우가 많다.

食(た)べ物(もの)を残(のこす)すなんて、もったいないよ。
(음식을 남기다니, 아까워)
私にはもったいないぐらい良い人と出会(であ)いました。
(저에겐 아까울 정도로 좋은 사람을 만났어요)","[""import"",""japanese""]",2026-02-22 11:37:06.24266+00,e1848554-ffae-479c-a8cd-4c0d77b7bed2,2026-03-19 15:55:50.007522+00,0,0,0,2026-03-19 15:55:50.007522+00,0,null,null,null,false,null,jp-dev-study-log-next,2026-01-05 04:40:37.397+00,1767588037397,false,null,null,null,"{""tables"":{""1"":{""rows"":[],""columns"":[]}}}",null,[],null,null
982d234b-d2f3-409f-bb9a-352880f98300,「溜まってる（たまってる）」,"https://youtu.be/c_0jNuDgoic?si=Q28xu_1-FKNVnunO

「溜まってる（たまってる）」は、物事が積み重なって増える（例：仕事が溜まってる）、液体などが集まって動かなくなる（例：水が溜まってる）、未処理のものが蓄積する（例：やることが溜まってる）、お金が貯まる（例：貯金が溜まる）など、様々な状況で使われる表現です。文脈によって「滞る」「停滞する」といった意味合いにもなります。 
主な意味と使われ方
物理的に積み重なる・集まる:
「机の上に本が溜まってる」（積み重なっている）。
「水たまりが溜まってる」（水が集まって動かない）。
未処理のものが増える:
「仕事が溜まってる」（処理すべき仕事が増えていく一方）。
「やりたいことが溜まってる」（手つかずのことが増えている）。
貯蓄・蓄積:
「給料が溜まってる」（貯金が増えている）。
流れが滞る・停滞する:
「話が溜まってる」（進展せず滞っている）。 
文脈によってニュアンスが変わる
ポジティブな場合: 貯金や、楽しみにしていた本が積み重なっている状態など、良い意味で「蓄積されている」ことを指します。
ネガティブな場合: 仕事の量や未処理のタスクが増えすぎている状態を指し、「やらなきゃいけないことが多くて困る」というニュアンスを含みます。
何が「溜まってる」のかによって、その状況や気持ちも変わってきます。","[""import"",""japanese""]",2026-02-22 11:37:06.24266+00,e1848554-ffae-479c-a8cd-4c0d77b7bed2,2026-03-19 15:55:50.007522+00,0,0,0,2026-03-19 15:55:50.007522+00,0,null,null,null,false,null,jp-dev-study-log-next,2026-01-13 02:30:37.528+00,1768271437528,false,null,null,null,"{""tables"":{""1"":{""rows"":[],""columns"":[]}}}",null,[],null,null
9c5d349a-cd60-489c-a6cb-d3d88af1f99f,準備（じゅんび）、　用意（ようい）,"https://sonewkorea.tistory.com/entry/%E6%BA%96%E5%82%99%EF%BC%88%E3%81%98%E3%82%85%E3%82%93%E3%81%B3%EF%BC%89VS-%E7%94%A8%E6%84%8F%EF%BC%88%E3%82%88%E3%81%86%E3%81%84%EF%BC%89%EC%B0%A8%EC%9D%B4%EC%A0%90%EC%9D%80

[Ⅰ]　準備（じゅん‐び：Junbi）　
　
①　物事をする前にあらかじめ必要なものを揃えたり態勢を整えたりして用意すること。
어떤 일을 하기 전에 사전에 필요한 것을 준비하거나 태세를 정비해 준비하는 일.

└　実験の準備を進める     
실험의 준비를 진행하다

└　心の準備     
마음의 준비

└　会議資料を準備する      
회의자료를 준비하다

[Ⅱ]　用意（よう‐い：Youi）

①　前もって必要なものをそろえ、整えておくこと。支度
사전에 필요한 것을 준비해 정비해 두는 것.  준비/채비

└　食事の用意が整う
식사 준비가 되다.

└　招待客の車を用意する
대객의 차를 준비하다.

②　細かいところまで気を配ること。用心。
세세한 부분까지 신경을 쓰는 것.

[공통 사용 가능한 예] 準備・用意 

└　食事の準備・用意が整った
식사 준비가 되었다.

└　外出の準備・用意をする
외출 준비를 하다.

└　研究発表の準備・用意をする
연구발표 준비를 하다.사전에 정돈하는 의미에서 공통적으로 사용 가능합니다.

[準備 ONLY]준비 :

①　사전에 준비하는 수고와 시간이 걸리며 그 대상도 한정되지 않은 경우로 즉,필요하지 않는 부분까지 포함해서 대비하는 종합적인 느낌을 갖고 있습니다.

②　각오를 할 때에도 사용됩니다.
= 心の準備

└　大会の準備をする
(대회를 준비하다)

＝　必要な物を揃えるだけでなく、そのための組織を運営することも含み、

総合的であるといえる。
(필요한 것을 갖추는것 뿐만 아니라, 이를 위한 조직운영도 포함한 종합적 의미)

[用意 ONLY]준비 :

①　비교적 간단하게 준비가 되며, 준비하는 범위도 한정됩니다.
②　바로 행동이 개시되는 경우에도 사용됩니다. 
= 用意、ドン 달리기 시작할 때의 '준비, 시작!'

└　大地震にそなえて十分な用意をする
(대지진에 대비해 충분한 준비를 하다.)

└　当日は上履をご用意ください
(당일에는 실내화를 준비해 주세요.)
상황에 맞는 필요한 것을 사전에 갖추는 것에 중점이 있습니다.","[""import"",""japanese""]",2026-02-22 11:37:06.24266+00,e1848554-ffae-479c-a8cd-4c0d77b7bed2,2026-03-19 15:55:50.007522+00,0,0,0,2026-03-19 15:55:50.007522+00,0,null,null,null,false,null,jp-dev-study-log-next,2026-01-08 16:56:26.713+00,1767891386713,false,null,null,null,"{""tables"":{""1"":{""rows"":[],""columns"":[]}}}",null,[],null,null
9e4a649a-6da4-4081-968b-59cfed145577,エアリー感（Airy）,"https://youtu.be/RFJ5Q_gZl3s?si=0uHJmEa9VDZp2UUQ

エアリー感（Airy）とは、空気を含んだような、ふんわりとして軽やかな質感を指す言葉です。主にヘアスタイルで、ボリュームがありつつ柔らかく、揺れるような女性らしい雰囲気や抜け感を表現する際に用いられます。 
エアリー感の主な特徴と作り方
特徴: 髪と髪の間に空気が入り込んだような軽さ、柔らかいニュアンス、ふんわりとしたシルエット。
カット方法: レイヤーやシャギーで毛先に動きを出し、軽い質感にする。
スタイリング:
根元の立ち上げ: ドライヤーを下からあて、トップをふんわりさせる。
カール・ウェーブ: アイロンで毛先に動きをつけ、柔らかさを出す。
ワックス: ナチュラルなワックスを少量ずつ使い、重くならないように仕上げる。
メリット: 小顔効果、優しい雰囲気、抜け感の演出。 
髪質が硬い人から軟毛の人まで、パーマやカット、スタイリング次第で取り入れることができ、ショートからロングまで幅広く活用されるスタイルです。","[""import"",""japanese""]",2026-02-22 11:37:06.24266+00,e1848554-ffae-479c-a8cd-4c0d77b7bed2,2026-03-19 15:55:50.007522+00,0,0,0,2026-03-19 15:55:50.007522+00,0,null,null,null,false,null,jp-dev-study-log-next,2026-01-25 12:06:06.161+00,1769342766161,false,null,null,null,"{""tables"":{""1"":{""rows"":[],""columns"":[]}}}",null,[],null,null
a6d881dd-c503-4899-96be-3cb60cd73909,米津玄師 - さよーならまたいつか,"https://namu.wiki/w/%E3%81%95%E3%82%88%E3%83%BC%E3%81%AA%E3%82%89%E3%81%BE%E3%81%9F%E3%81%84%E3%81%A4%E3%81%8B%EF%BC%81

どこから春が巡り来るのか
도코카라 하루가 메구리 쿠루노카
어디에서 봄이 돌아오는지

知らず知らず大人になった
시라즈 시라즈 오토나니낫타
모르게 모르게 어른이 되었어

見上げた先には燕が飛んでいた
미아게타 사키니와 츠바메가 톤데이타
올려다본 앞길엔 제비가 날고 있었어

気のない顔で
키노 나이 카오데
무심한 얼굴로


もしもわたしに翼があれば
모시모 와타시니 츠바사가 아레바
만약 나에게 날개가 있다면

願う度に悲しみに暮れた
네가우 타비니 카나시미니 쿠레타
바랄 때마다 슬픔에 잠겼어

さよなら100年先でまた会いましょう
사요나라 햐쿠넨 사키데 마타 아이마쇼
안녕, 100년 뒤에 또 만나요

心配しないで
신파이시나이데
걱정하지 마


いつの間にか 花が落ちた
이츠노 마니카 하나가 오치타
어느새 꽃이 떨어졌어

誰かがわたしに嘘をついた
다레카가 와타시니 우소오 츠이타
누군가가 나에게 거짓말을 했어

土砂降りでも構わず飛んでいく
도샤부리데모 카마와즈 톤데이쿠
비가 쏟아져도 상관없이 날아갈 수 있는

その力が欲しかった
소노 치카라가 호시캇타
그런 힘을 원했어


誰かと恋に落ちて また砕けて
다레카토 코이니 오치테 마타 쿠다케테
누군가와 사랑에 빠지고 또 부서지고

やがて離れ離れ
야가테 하나레바나레
이윽고 뿔뿔이 흩어져

口の中なかはたと血が滲んで
쿠치노나카 하타토 치가 니진데
입 안에 순식간에 피가 번져

空に唾を吐く
소라니 츠바오 하쿠
하늘에 침을 뱉어


瞬け羽を広げ 気儘に飛べ
마타타케 하네오 히로게 키마마니 토베
반짝여라 날개를 펼쳐 마음대로 날아

どこまでもゆけ
도코마데모 유케
어디로든지 가라


100年先も憶えてるかな
햐쿠넨 사키모 오보에테루카나
100년 뒤에도 기억하고 있을까

知らねえけれど
시라네에케레도
모르겠지만

さよーならまたいつか!
사요나라 마타 이츠카!
안녕, 또 언젠가!


しぐるるやしぐるる町へ歩み入る
시구루루야 시구루루 마치에 아유미이루
늦가을 비 오락가락 내리는 마을로 걸어 들어가

そこかしこで袖触れる
소코카시코데 소데후레루
여기저기서 옷깃이 스치네

見上げた先には何も居なかった
미아게타 사키니와 나니모 이나캇타
올려다본 앞길엔 아무것도 없었어

(ああ居なかった)
아아 이나캇타
아아 없었어


したり顔で触らないで
시타리 카오데 사와라나이데
의기양양한 얼굴로 만지지 말아줘

背中を殴りつける的外れ
세나카오 나구리츠케루 마토하즈레
등을 후려치는 빗나감

人が宣う地獄の先にこそ わたしは春を見る
히토가 노타마우 지고쿠노 사키니코소 와타시와 하루오 미루
사람들이 말하는 지옥의 끝에서야말로 나는 봄을 봐


誰かを愛したくて でも痛くて
다레카오 아이시타쿠테 데모 이타쿠테
누군가를 사랑하고 싶어서 하지만 아파서

いつしか雨霰
이츠시카 아메아라레
어느새 비가 내리네

繋がれていた縄を握りしめて
츠나가레테이타 나와오 니기리시메테
이어져 있었던 밧줄을 움켜쥐고

しかと噛みちぎる
시카토 카미치기루
확실히 물어뜯어


貫け狙い定め 蓋し虎へ
츠라누케 네라이사다메 케다시 토라에
꿰뚫어라 정확히 노려 그야말로 호랑이처럼

どこまでもゆけ
도코마데모 유케
어디로든지 가라


100年先のあなたに会いたい
햐쿠넨 사키노 아나타니 아이타이
100년 뒤의 당신을 만나고 싶어

消え失せるなよ
키에우세루나요
사라지지 마

さよーならまたいつか！
사요나라 마타 이츠카!
안녕, 또 언젠가!


(今恋に落ちて また砕けて 離れ離れ)
이마 코이니 오치테 마타 쿠다케테 하나레바나레
지금 사랑에 빠지고 또 부서지고 뿔뿔이 흩어져

口の中はたと血が滲んで
쿠치노 나카 하타토 치가 니진데
입 안에 순식간에 피가 번져

空に唾を吐く
소라니 츠바오 하쿠
하늘에 침을 뱉어


(今羽を広げ 気儘に飛べ どこまでもゆけ)
이마 하네오 히로게 키마마니 토베 도코마데모 유케
지금 날개를 펼쳐 마음대로 날아 어디로든지 가라

生まれた日からわたしでいたんだ
우마레타 히카라 와타시데 이탄다
태어났을 때부터 나였던 거야

知らなかっただろ
시라나캇타다로
몰랐었겠지

さよーならまたいつか！
사요나라 마타 이츠카!
안녕, 또 언젠가!","[""import"",""japanese""]",2026-02-22 11:37:06.24266+00,e1848554-ffae-479c-a8cd-4c0d77b7bed2,2026-03-19 15:55:50.007522+00,0,0,0,2026-03-19 15:55:50.007522+00,0,null,null,null,false,null,jp-dev-study-log-next,2026-01-13 12:26:21.991+00,1768307181991,false,null,null,null,"{""tables"":{""1"":{""rows"":[],""columns"":[]}}}",null,[],null,null
a84269b4-fdba-4415-b7ea-88f3fe40e065,「突っ込み（ツッコミ）」,"「突っ込み（ツッコミ）」は、漫才などで「ボケ」の言動の矛盾や間違いを鋭く指摘して笑いを誘う役割や行為を指すのが最も一般的ですが、勢いよく何かへ突進することや、一つの事柄に深く関わる・核心に触れるといった意味もあります。また、映画業界では緊急の原稿、レース用語ではコーナーへの進入を指すこともあります。 
主な意味
お笑い（漫才・コント）:
ボケ（おかしい言動をする人）に対して、その間違いや不自然な点を指摘する役割（ツッコミ役）や、その指摘そのもの。
「ボケ」と対になる概念で、話を進める役割も担います。
物理的な行動:
勢いよく前方に突進する、深く入っていく、飛び込むこと（例：「勢いよく突っ込む」）。
比喩的な意味:
相手の意見や話の核心、弱点、矛盾点などに深く切り込むこと。
「突っ込みどころ」という形で、指摘したくなるようなポイントを指すこともあります。 
その他の用法
映画業界: 臨時ニュースなど、急遽作成される原稿のこと。
レース用語: コーナー（カーブ）への進入時、減速を遅らせて突っ込むような走り方。 
文脈によって意味が異なりますが、現代ではお笑いの「ツッコミ」が最も広く使われている意味合いです。

https://mazii.net/ko-KR/search/word/jako/%E7%AA%81%E3%81%A3%E8%BE%BC%E3%82%81

◆ 돌입하다; 돌진하다.

敵中に突っ込む
적중에 돌입[돌격]하다

三塁走者が本塁に突 っ込
んだ
3루 주자가 홈으로 돌진했다

◆ 깊이 파고들다.

突っ込んだ話し合いをする
깊이 있는 대화를 하다

突っ込んで考える
깊이 생각하다

☆ 5단활용 타동사
◆ 처넣다; 처박다.

手をポケットに突っ込んで歩く
손을 호주머니에 질러 넣고 걷다

何でも引き出しに突っ込む
무엇이고 서랍에 처넣다

水たまりに足を突っ込む
물구덩이에 발을 처박다

◆ (잘못·문제점을) 날카롭게 찌르다; 추궁하다.

誤りを突 っ込む
잘못을 날카롭게 추궁하다

事件の核心を突っ込む
사건의 핵심을 찌르다

手落ちを突っ込 まれる
과실을 추궁당하다

◆ (깊이) 관계하다.

事件に首[頭]を突っ込む
사건에 깊이 관여하다","[""import"",""japanese""]",2026-02-22 11:37:06.24266+00,e1848554-ffae-479c-a8cd-4c0d77b7bed2,2026-03-19 15:55:50.007522+00,0,0,0,2026-03-19 15:55:50.007522+00,0,null,null,null,false,null,jp-dev-study-log-next,2026-01-13 13:48:24.68+00,1768312104680,false,null,null,null,"{""tables"":{""1"":{""rows"":[],""columns"":[]}}}",null,[],null,null
a8980f57-52e9-46ae-9073-d7aaaf95fc51,アイアンとスチールの違いとは、それぞれの特徴や建築での利用方法を紹介,"https://renovefudosan.com/articles/howto/6048/

アイアンとスチールの違い

アイアンの英語表記は「iron」ですが、日本では鉄と訳されます。一方で、スチールの英語表記は「steel」で、日本では鋼や鋼鉄と訳されます。そのため、アイアンとスチールの違いは、アイアンが鉄でスチールが鋼と説明できるでしょう。


鉄と鋼の違い

鉄は鉄鉱石と呼ばれる岩石から作られています。ただし、鉄鉱石には鉄だけでなく他の成分も混じっているので、石灰やコークスと呼ばれる石炭を原料とした燃料を使って取り出しているのです。

一方で、鋼は鉄を主成分とした合金です。鉄と同じように鉄鉱石から作られますが、一酸化炭素を使って炭素を合成しているのです。

そのため、鉄に含まれている炭素の量は0.02%未満であるのに対し、鋼は0.02～2%ほどの炭素を含んでいます。なお、炭素の割合が増えると硬度はアップしますが折れやすくなるという問題が生じます。

また、炭素の割合を減らすと柔軟性がアップしますが曲がりやすいという問題が発生するのです。そのため、鋼の炭素量は2%以内に抑えています。

アイアンの特徴と建築での利用方法

ここでは、アイアンの特徴や建築での利用方法を紹介します。新築やリフォームで使用する材料をチェックするときの参考にしてください。


純度の高いアイアンを使用する機会は少ない

建築の中には「鉄筋コンクリート造」や「鉄骨造」といった造りがありますが、建築ではアイアンを目にする機会は少ないでしょう。つまり、建築で「鉄」と記載しているときは「鋼」を使用しているのです。

建築でアイアンを使うことが少ない理由は、もろさにあります。純度100%の鉄は酸化しやすく、非常にもろく作られているので加工が困難です。そのため、建築において純度の高いアイアンの使用は使う機会は少ないでしょう。

なお、アイアンやスチールを触ったときに「鉄のニオイがする」と感じる方もいますが、アイアンやスチールにはそれ自体にニオイはありません。アイアンやスチールは人間の皮脂に触れると酸化する特徴があり、酸化したときのニオイが「鉄のニオイ」と感じるのです。ここでは、アイアンの特徴や建築での利用方法を紹介します。新築やリフォームで使用する材料をチェックするときの参考にしてください。


純度の高いアイアンを使用する機会は少ない

建築の中には「鉄筋コンクリート造」や「鉄骨造」といった造りがありますが、建築ではアイアンを目にする機会は少ないでしょう。つまり、建築で「鉄」と記載しているときは「鋼」を使用しているのです。

建築でアイアンを使うことが少ない理由は、もろさにあります。純度100%の鉄は酸化しやすく、非常にもろく作られているので加工が困難です。そのため、建築において純度の高いアイアンの使用は使う機会は少ないでしょう。

なお、アイアンやスチールを触ったときに「鉄のニオイがする」と感じる方もいますが、アイアンやスチールにはそれ自体にニオイはありません。アイアンやスチールは人間の皮脂に触れると酸化する特徴があり、酸化したときのニオイが「鉄のニオイ」と感じるのです。

スチールの特徴と建築での利用方法

次に、スチールの特徴や建築での利用方法を紹介します。


炭素の割合で性質が異なる

スチールには炭素が含まれていますが、含有量の違いによって性質が異なります。スチールに含まれる炭素の割合が高くなると、スチールは硬くなります。

一方で、スチールに含まれる炭素の割合が低くなると、スチールは粘り強さが出るのです。スチールについては、固さと粘り強さを同時に高くすることはできません。そのため、用途に応じて硬さを選ぶことが大切です。


少ない材料で大きな建物を作ることができる

スチールのメリットは、他の金属に比べて重さに対する強度が大きいことです。少ない材料でも高い強度を維持できるので、家の建築をはじめ、高層ビル、橋、工場などの大きな建物の建設にも向いています。また、古い建物を解体する際にもスチールは再利用が可能なので、解体費用が安くなるというメリットもあるのです。

一方で、スチールには熱に弱いというデメリットがあります。高温になると強度が失われるので、建築で使用する際には耐火被覆が必要です。具体的には、耐火材や耐火板などをスチールに吹き付けたり巻き付けたりします。そのため、スチールを用いるときには耐火被覆を施しているのかのチェックをしましょう。

また、スチールは断熱性が低いので、外壁や天井には断熱材を使う必要があるでしょう。外壁にスチールを用いるときには、暑さや寒さの対策を施す必要があります。

加えて、スチールはサビやすいというデメリットがあります。そのため、外気に触れる部分にスチールを取り付けるときには、塗装などの防錆処理が必要になるでしょう。","[""import"",""japanese""]",2026-02-22 11:37:06.24266+00,e1848554-ffae-479c-a8cd-4c0d77b7bed2,2026-03-19 15:55:50.007522+00,0,0,0,2026-03-19 15:55:50.007522+00,0,null,null,null,false,null,jp-dev-study-log-next,2026-01-11 02:16:23.711+00,1768097783711,false,null,null,null,"{""tables"":{""1"":{""rows"":[],""columns"":[]}}}",null,[],null,null
a8efd320-5be4-47c3-b5db-8d13b2c090ed,「申し上げます（もうしあげます）」,"「申し上げます」は、「言う」の謙譲語「申し上げる」に丁寧語の「ます」がついた表現で、目上の人や取引先など、相手への敬意を示しながら自分の行為（言う、伝える、依頼するなど）をへりくだって伝える際に使う、非常に丁寧な敬語です。ビジネスシーンで「よろしくお願い申し上げます」や「お詫び申し上げます」のように頻繁に使われ、フォーマルな場面で自己の行為を控えめに表現し、相手を立てる役割があります。 
「申し上げます」のポイント
謙譲語（I）: 自分の行為をへりくだらせることで相手を高める、最も丁寧な敬語の一つです。
「言う」の謙譲語: 「申す」よりもさらに丁寧な「申し上げる」に「ます」をつけた形。
用途: 報告、依頼、謝罪、感謝など、自分の行為を伝える際に使用します。
漢字表記: ひらがなではなく「申し上げます」と漢字で書くのが一般的です。 
主な使用例
「よろしくお願い申し上げます」: 今後ともよろしくお願いします、という気持ちを丁寧に伝える。
「お詫び申し上げます」: 深くお詫びする気持ちを伝える。
「ご報告申し上げます」: 報告をへりくだって伝える。
「感謝申し上げます」: 感謝の気持ちをより丁寧に伝える。 
「いたします」との違い
「お願いいたします」: 「する」の謙譲語で、依頼の際に使われます。
「お願い申し上げます」: 「言う（申す）」の謙譲語を使い、より丁寧で改まった印象を与えます。 
使うべき相手と場面
上司、取引先、顧客など、目上の人や敬意を払うべき相手に対して。
ビジネスメール、公式文書、フォーマルな会話など、改まった場面で。","[""import"",""japanese""]",2026-02-22 11:37:06.24266+00,e1848554-ffae-479c-a8cd-4c0d77b7bed2,2026-03-19 15:55:50.007522+00,0,0,0,2026-03-19 15:55:50.007522+00,0,null,null,null,false,null,jp-dev-study-log-next,2026-01-04 16:31:45.907+00,1767544305907,false,null,null,null,"{""tables"":{""1"":{""rows"":[],""columns"":[]}}}",null,[],null,null
aa387d11-ef90-4ad5-b75d-e7581542c705,新入り（しんいり）」,"Netflix　トークサバイバー！～トークが面白いと生き残れるドラマ～

新入り（しんいり）」とは、新しく仲間や集団に加わった人や物を指す言葉で、ビジネスでは新入社員、学校では新入生、組織では新人や新顔など、状況に応じて「新人」「新参者」「フレッシュマン」「ニューカマー」など様々な言い換えがあります。韓国語では「신입（シニッ）」、英語では「newcomer」や「newbie」などが相当します。 
意味と使われ方
一般的な意味: 新しくその場所やグループに加わったばかりの人やもの。
ビジネスシーン: 新入社員（新入社員）。
学校（大学など）: 新入生（신입생 - シニッセン）。
類語: 新人、新顔、新参、新米、フレッシュマン、ニューカマー、新参者など。 
具体例
「うちの部署にも新入りが来たよ。」（新しく入った人がいる）
「新入りだから、まだ仕事に慣れていない。」（新人だから） 
関連する表現（韓国語）
신입(シニッ): 新入り。
신입사원(シニッサウォン): 新入社員。
신입생(シニッセン): 新入生。

https://mazii.net/ko-KR/search/word/jako/%E6%96%B0%E5%85%A5%E3%82%8A

◆ 신입; 새로 들어옴; 또, 그 사람; 신참(新參).

新入りの社員
신입 사원

新入りの罪人 
새로 들어온 죄인

新入りのくせに生意気だ
신참 주제에 건방지다.","[""import"",""japanese""]",2026-02-22 11:37:06.24266+00,e1848554-ffae-479c-a8cd-4c0d77b7bed2,2026-03-19 15:55:50.007522+00,0,0,0,2026-03-19 15:55:50.007522+00,0,null,null,null,false,null,jp-dev-study-log-next,2026-01-12 10:09:37.329+00,1768212577329,false,null,null,null,"{""tables"":{""1"":{""rows"":[],""columns"":[]}}}",null,[],null,null
aa701b9e-544b-482c-b9fa-4b71ac657cc4,「アイアン」,"「アイアン」は主に鉄そのものや、鉄で作られたゴルフクラブ、さらには家具や建材に使われる素材を指し、ゴルフでは番手ごとに距離を打ち分けるクラブで、初心者にはミスに強いキャビティバックや中空型が推奨されますが、インテリアではロートアイアン（鍛鉄）が使われることもあります。 
ゴルフにおけるアイアン
役割: 100～200ヤード前後の距離を打ち分け、主にグリーンを狙う際に使用するクラブです。
種類（ヘッド形状）:
キャビティバック: 初心者向け。ミスに強く、ボールが上がりやすい。
マッスルバック: 上級者向け。操作性が高いが難易度が高い。
中空: 内部が空洞で、ボールが上がりやすくミスにも強い。
番手: 5番からピッチングウェッジ（PW）までが一般的で、数字が小さいほど飛距離が伸び、大きいほど短くなります。 
素材としてのアイアン（鉄）
特徴: 丈夫で加工しやすく、インテリアやエクステリア（家具、手すり、表札など）で広く使われます。
ロートアイアン: 鉄鉱石に炭素を加えて加熱・加工した「鍛鉄」で、強度と美しいデザイン性が特徴です。 
その他の「アイアン」
ミラーマン: 円谷プロ制作の特撮作品に登場する架空の怪獣。
グローブ・オブ・デス: 金属球の中をバイクで走行する曲芸の日本語名。 
どちらの意味で使われたかによって意味が変わります。
ゴルフ用品を探しているなら: アイアンセット、キャビティアイアン、初心者向けアイアンなどで検索すると良いでしょう。
インテリア用品を探しているなら: アイアン家具、ロートアイアン、アイアン雑貨などで検索すると見つかります。","[""import"",""japanese""]",2026-02-22 11:37:06.24266+00,e1848554-ffae-479c-a8cd-4c0d77b7bed2,2026-03-19 15:55:50.007522+00,0,0,0,2026-03-19 15:55:50.007522+00,0,null,null,null,false,null,jp-dev-study-log-next,2026-01-11 02:12:45.629+00,1768097565629,false,null,null,null,"{""tables"":{""1"":{""rows"":[],""columns"":[]}}}",null,[],null,null
abe06304-72bf-4286-b346-f4959af7f4d2,若いアナウンサーなのに渋い貝が好き。,"[[link:61e82222-c102-4405-be19-3af1899165ad]]

若いアナウンサーなのに渋い貝が好き。
젊은아나운서인데도 떫은조개를 좋아한다.

貝（かい）：조개","[""日本語"",""単語"",""youtube"",""abema"",""チャンスの時間"",""西澤由夏""]",2026-02-22 11:37:06.24266+00,e1848554-ffae-479c-a8cd-4c0d77b7bed2,2026-04-18 22:23:46.455276+00,0,2,0,2026-04-18 22:23:46.455276+00,0,null,null,null,false,null,jp-dev-study-log-next,2026-02-03 21:50:04.213+00,1770155404213,false,null,null,null,"{""tables"":{""1"":{""rows"":[],""columns"":[]}}}",[],"[{""id"":""61e82222-c102-4405-be19-3af1899165ad"",""url"":""https://youtu.be/PrUY5I8WACg?si=If53A1UFWkjWJxY0"",""image"":""https://img.youtube.com/vi/PrUY5I8WACg/hqdefault.jpg"",""title"":""YouTube Video"",""siteName"":""YouTube"",""description"":null}]",null,null
ac343d75-f256-44d3-adbd-a13087d445ee,念願,"https://mazii.net/ko-KR/search/word/jako/%E5%BF%B5%E9%A1%98

◆ 염원; 소원.

多年の念願念願を果たす
염원을 이루다

念願がかなう
소원이 이루어지다","[""import"",""japanese""]",2026-02-22 11:37:06.24266+00,e1848554-ffae-479c-a8cd-4c0d77b7bed2,2026-03-19 15:55:50.007522+00,0,0,0,2026-03-19 15:55:50.007522+00,0,null,null,null,false,null,jp-dev-study-log-next,2026-01-12 23:20:03.649+00,1768260003649,false,null,null,null,"{""tables"":{""1"":{""rows"":[],""columns"":[]}}}",null,[],null,null
acd61de9-39d9-407a-b7db-1e2172dd4d78,「古い（ふるい）」,"「古い（ふるい）」は、長い年月が経っていること（例：古い建物、古い話）、時代遅れであること（例：古い考え方）、または新鮮でないこと（例：古い食べ物）を表す日本語の形容詞で、対義語は「新しい」です。具体的な使い方としては「古い制度」「古くからの顔ぶれ」「感覚が古い」「古いりんご」などがあります。 
主な意味
時間的経過: 多くの年月が過ぎている状態。「古いアルバム」「古い歌」。
時代遅れ・旧式: 今の時代に合わない、古風な様子。「古いデザイン」「古い習慣」。
鮮度がない: 食べ物などが新鮮さを失っていること。「古いパン」。 
関連語・類語
古びた、古めかしい、老朽化した: 物理的に古くなった様子。
時代遅れ、古臭い、旧式: 流行や感覚が古いこと。
古典的、アンティーク、ヴィンテージ: 趣がある、価値のある古いもの。 

https://mazii.net/ko-KR/search/word/jako/%E3%81%B5%E3%82%8B%E3%81%84

◆ 오래되다; 오래다.

古い友人
오래된 친구

古い家柄
오랜 가문

古い法律
오래된 법률

◆ 헐다; 오래 사용하여 낡다.

古い机
헌 책상

古い皮袋に新しい酒を盛る
헌 부대에 새 술을 담다(새로운 내용을 낡은 형식으로 표현함의 비유)

◆ 옛일이다.

古い時代
옛 시대

彼と知り合ったのも古い話だ
그와 알게 된 것도 옛이야기다

◆ 신식이 아니다; (생각 등이) 낡다.

古い型の洋服
구형[구식] 양복

古い洒落[話]
케케묵은 익살[이야기]

頭が古い
구식이다; 완고하다

◆ (음식 등이) 신선하지 않다.

古い牛乳
신선하지 않은 우유

◆ 연공(年功)이 쌓이다; 노련하다.","[""import"",""japanese""]",2026-02-22 11:37:06.24266+00,e1848554-ffae-479c-a8cd-4c0d77b7bed2,2026-03-19 15:55:50.007522+00,0,0,0,2026-03-19 15:55:50.007522+00,0,null,null,null,false,null,jp-dev-study-log-next,2026-01-13 14:06:07.735+00,1768313167735,false,null,null,null,"{""tables"":{""1"":{""rows"":[],""columns"":[]}}}",null,[],null,null
ae93ff7c-da43-4eb1-8ddd-7468d28b799c,封筒（ふうとう）,"封筒（ふうとう、봉투）は、手紙や書類、荷物などを送る際に内容物を保護・梱包するためのもので、長形（和封筒）、角形（洋封筒）、洋形（横型封筒）などの種類があり、定形郵便と定形外郵便でサイズが細かく分かれ、クラフト、OPP（透明）、クッション封筒など素材も多様で、用途（DM、フリマ発送、ビジネス文書など）に合わせて選ばれ、郵便局や文具店、通販サイトで購入できます。 
主な封筒の種類と用途
長形（なががた）: 和封筒とも呼ばれ、長3封筒（A4三つ折り）、長4封筒（B5四つ折り）が代表的で、ビジネス文書や請求書、お礼状などに広く使われます。
角形（かくがた）: A4用紙を折らずに入れられる角2封筒がビジネスで定番で、履歴書やカタログ送付に便利です。
洋形（ようがた）: 招待状や案内状、DM（ダイレクトメール）によく使われ、ダイヤモンド貼り（カマス貼り）などの貼り方があります。
クッション封筒: 中にプチプチ（緩衝材）が付いており、衝撃に弱い小物や化粧品などの発送に適しています。
OPP（透明）封筒: 中身が見えるため、アパレルや雑貨の発送、ラッピングなどに使われます。 
選び方のポイント
送るものに合わせてサイズを選ぶ: A4用紙なら角2、A4三つ折りなら長3（または洋長3）など、中身のサイズに合わせます。
用途で素材を選ぶ: 大切な書類は透けない封筒や厚手のもの、CDや小物ならクッション封筒など、保護したい度合いで選びます。
郵便料金を確認する: 定形郵便（長3・長4など）か定形外郵便（角2など）かで料金が変わるため、重さとサイズを確認します。 
便利な機能
テープ付き（のり付き）: 封を素早くできるため、大量発送に便利です。
透けない（地紋入り）: プライバシー保護や内容物が見えないようにしたい場合に役立ちます。 
どこで買う？
郵便局（レターパックなど特定郵便物も）
文具店、ホームセンター、スーパー（Amazon、楽天、ASKUL、モノタロウなどの通販サイトも豊富）","[""import"",""japanese""]",2026-02-22 11:37:06.24266+00,e1848554-ffae-479c-a8cd-4c0d77b7bed2,2026-03-19 15:55:50.007522+00,0,0,0,2026-03-19 15:55:50.007522+00,0,null,null,null,false,null,jp-dev-study-log-next,2026-01-20 16:32:16.695+00,1768926736695,false,null,null,null,"{""tables"":{""1"":{""rows"":[],""columns"":[]}}}",null,[],null,null
afbf852f-1d26-4df7-a1f6-cdd941b53797,「閉（と）じる」と「閉（し）まる」は,"「閉（と）じる」と「閉（し）まる」は、いずれも開いているものを塞ぐ意で使われますが、「閉じる」は「本を閉じる」「傘を閉じる」のように折れ曲がって閉まる場合に、「閉まる」は「ドアが閉まる」「店が閉まる」のように自動詞として状態を表す場合に主に使用され、文脈により使い分けが必要です。 
とじる（閉じる）: 本、傘、目、口、蓋、店、区切りを付ける、など。
しまる（閉まる/閉める）: ドア、窓、お店、チャック、蓋、カーテン、鍵、蛇口。 
違いのポイント
「閉める」は他動詞、「閉まる」は自動詞: 鍵を閉める（他動詞）、鍵が閉まる（自動詞）。
「閉じる」は構造的・抽象的: 2枚のものを折りたたむ、区切りをつけるといったニュアンスがある。
使い分けの目安: 漢字で「閉じる」は、開いていたものをふさぐ行為全般に使用。
「閉まる」の限定的な使い方: 「ドアが閉まる」のように自動詞の形で使用されるが、受動的に「（誰かに）閉められる」という意味で使われることが多い。

閉める（しめる）와 閉じる（とじる）의 차이에 대해 알아봅시다.

우선,

「しめる」는 창문, 문, 서랍 등 열려있는 부분을 작게 해서 틈을 없앤다. 라는 의미입니다.

「とじる」와 다르게, 「半分閉（し）める」「少し閉（し）める」등으로 쓸 수 있습니다.



예문>

寒いから窓を閉（し）めよう。

引き出しがあいていたので、閉（し）めた。



「とじる」는 문, 책, 눈, 입 등 열려있는 것을, 원래의 열려있지 않는 상태로 되돌리는 것입니다. 안과 밖이 나뉘어져있는 것을 사용해서, 밖과의 연결을 끊는 느낌입니다.

그리고 「終わりになる」라는 의미로도 사용합니다.

​

예문>

目を閉（と）じて音楽を聞くと、いろいろな情景が浮かんでくる。

彼は読み終わると、そっと本を閉（と）じた。","[""import"",""japanese""]",2026-02-22 11:37:06.24266+00,e1848554-ffae-479c-a8cd-4c0d77b7bed2,2026-03-19 15:55:50.007522+00,0,0,0,2026-03-19 15:55:50.007522+00,0,null,null,null,false,null,jp-dev-study-log-next,2026-02-01 06:40:50.34+00,1769928050340,false,null,null,null,"{""tables"":{""1"":{""rows"":[],""columns"":[]}}}",null,[],null,null
b051594c-3f31-4bec-9c47-2c592eea02ed,# CRUD Notes (Vanilla JS) / CRUD 기록,"# CRUD Notes (Vanilla JS) / CRUD 기록

> 목적: CRUD를 반복해서 만들면서 “구조 이해 + 실수 패턴 제거 + 설명력 강화”

---

## 1) includes() 역할
### KR
- `string.includes(substring)`는 문자열 안에 부분 문자열이 포함되어 있는지 확인한다.
- 반환값: `true / false`
- 검색 기능에서 핵심: `it.text.toLowerCase().includes(query)`

### JP（要点）
- `includes()` は文字列に部分一致するかを判定（true/false）

---

## 2) visibleItems()의 의미
### KR
- source of truth: `items` (원본 배열)
- `visibleItems()`는 “화면에 보여줄 목록”만 따로 계산한다.
- 이유: 렌더링 함수가 단순해지고, 필터/검색 로직이 한곳에 모인다.

### JP（要点）
- 表示用データを計算して `render()` をシンプルにする

---

## 3) return을 어디에 써야 하는가
### KR
- 같은 이벤트 핸들러 내부에서 액션이 여러 개일 때:
  - 처리 후 `return`으로 함수 종료하면 실수 방지됨
- 마지막 if 블록이면 return 생략해도 동작은 하지만,
  “실무에서는 일관성/안전성” 때문에 return 쓰는 게 좋다.

### JP（要点）
- 処理後に `return` するとミス防止・可読性UP

---

## 4) 이벤트 위임(event delegation)
### KR
- 리스트 항목마다 addEventListener를 달지 않고,
  부모(list)에 1개만 달고 이벤트를 위임한다.
- `e.target.closest(""button"")` 사용 이유:
  - 버튼 안에 아이콘/텍스트 클릭해도 버튼을 찾을 수 있음

### JP（要点）
- 親要素に1つだけイベントを付ける（delegation）

---

## 5) dataset 사용 이유
### KR
- DOM 요소에 `data-id`, `data-act` 등을 붙여서 상태/액션을 구분
- React의 props처럼 DOM에서 “행동/식별”을 전달하는 느낌

### JP（要点）
- `data-*` でID/アクションを管理

---

## 6) 내가 자주 하는 실수
### KR
- `items.filter(...)`만 호출하고 결과를 다시 할당 안 함
  - ❌ `items.filter(...)`
  - ✅ `items = items.filter(...)`
- `includes()`에 인자를 빼먹음
  - ❌ `.includes()`
  - ✅ `.includes(query)`","[""import"",""coding""]",2026-02-22 11:37:06.24266+00,e1848554-ffae-479c-a8cd-4c0d77b7bed2,2026-03-19 15:55:50.007522+00,0,0,0,2026-03-19 15:55:50.007522+00,0,null,null,null,false,null,jp-dev-study-log-next,2026-01-11 21:59:56.001+00,1768168796001,false,null,null,null,"{""tables"":{""1"":{""rows"":[],""columns"":[]}}}",null,[],null,null
b08c93d8-49f8-4b9e-90f3-83bb2dca72b6,「誘われる（さそわれる）」,"https://youtu.be/n3KEuVXaMmw?si=Gf3NjFcTh246T8_h

「誘われる（さそわれる）」は、誰かから行動（食事、遊び、イベントなど）に誘いかけられること、または何かに引き寄せられることを指す言葉です。受動的な意味のほか、誘惑されるといった文脈でも使われます。また、韓国語では「招待を受ける（초대받다）」という意味でも翻訳されます。 
意味とニュアンス
行動のはたらきかけ: 誰かからお誘いを受ける、声をかけられること。
心理的な引き寄せ: 心が惹かれる、魅了されること。
誘惑・影響: 誘惑によって正常な判断ができなくなること。 
関連・類語表現
誘いに乗る・応じる: 誘われて行くこと。
引き寄せられる・吸い寄せられる: 自然と心が向かうこと。
ナンパされる・声をかけられる: 異性などから声をかけられること。 
文脈による解釈
ポジティブ: デートやお食事への誘い。
ネガティブ: 良くないことに誘われる、騙される（誘惑される）。
自発的なニュアンス: 「自然と〜へ誘われる」のように、抗えない魅力に引き込まれる様子。","[""import"",""japanese""]",2026-02-22 11:37:06.24266+00,e1848554-ffae-479c-a8cd-4c0d77b7bed2,2026-03-19 15:55:50.007522+00,0,0,0,2026-03-19 15:55:50.007522+00,0,null,null,null,false,null,jp-dev-study-log-next,2026-01-30 10:46:40.731+00,1769770000731,false,null,null,null,"{""tables"":{""1"":{""rows"":[],""columns"":[]}}}",null,[],null,null
b1c3198f-7e56-4231-be71-822bcf6ee5bb,「油断（ゆだん）」,"「油断（ゆだん）」とは、気を緩めて注意を怠ること、物事を軽視したり見くびったりして不注意になることを意味します。隙を見せることや、怠けおこたることでもあり、「油断大敵（ゆだんたいてき）」という言葉で「油断は大きな失敗を招く恐ろしい敵だ」と戒められることが多いです。 
意味とニュアンス
気を抜く、気を許す: 集中力や注意力が途切れる状態。
軽視する、見くびる: 相手や状況を甘く見て、十分な対策をしないこと。
不注意、ぬかり: 注意が行き届かず、ミスや失敗につながる状態。 
類語
不注意、怠慢、不覚、ぬかり、失着。
「気を緩める」「肩の力が抜ける」「緊張が途切れる」といった表現も近いです。 
使用例
「油断大敵」：油断は大きな敵である、という意味でよく使われる四字熟語。
「油断すると事故につながる」：気を抜くと危険である、という警告。
「試験で油断して間違えた」：最後まで気を抜かず、注意すべきだったという意味。

https://mazii.net/ko-KR/search/word/jako/%E6%B2%B9%E6%96%AD

◆ 방심; 부주의.

油断のならない世の中
방심할 수 없는 세상

油断すると負ける
방심하면 진다

油断は禁物
방심은 금물","[""import"",""japanese""]",2026-02-22 11:37:06.24266+00,e1848554-ffae-479c-a8cd-4c0d77b7bed2,2026-03-19 15:55:50.007522+00,0,0,0,2026-03-19 15:55:50.007522+00,0,null,null,null,false,null,jp-dev-study-log-next,2026-01-08 13:31:43.729+00,1767879103729,false,null,null,null,"{""tables"":{""1"":{""rows"":[],""columns"":[]}}}",null,[],null,null
b9e78177-a10d-40eb-8daf-9ebf97e28f6e,通報（つうほう）,"通報（つうほう）は、事件・事故・違反などの情報を緊急機関や関係機関に知らせることです。緊急時は110番（警察）や119番（消防・救急）へ電話し、状況に応じて匿名での通報や、警察相談専用電話「＃9110」の利用も可能です。ネット上の犯罪はインターネット・ホットラインセンターへ報告します。 
主な通報窓口と用途
警察 (110番): 事件・事故の発生、犯罪の目撃など緊急事態。
消防・救急 (119番): 火災、急病、事故による救急搬送。
警察相談専用電話 (#9110): ストーカー、DV、悪質商法など緊急ではない悩み・相談。
インターネット・ホットラインセンター: ネット上の違法・有害情報。
匿名通報ダイヤル: 暴力団や特殊詐欺、薬物犯罪などの情報提供。 
通報時のポイント
110番・119番: 「場所」「何が起きたか」「負傷者の有無」「通報者の氏名・連絡先」を落ち着いて伝えます。
匿名性: 犯罪の通報は匿名でも可能であり、警察は必要に応じて対応します。
SNS・ネット: チャットやSNS上の迷惑行為は各プラットフォームの機能で通報できます。 
緊急でない相談は「＃9110」や最寄りの警察署を利用してください。","[""import"",""japanese""]",2026-02-22 11:37:06.24266+00,e1848554-ffae-479c-a8cd-4c0d77b7bed2,2026-03-19 15:55:50.007522+00,0,0,0,2026-03-19 15:55:50.007522+00,0,null,null,null,false,null,jp-dev-study-log-next,2026-02-14 07:10:16.825+00,1771053016825,false,null,null,null,"{""tables"":{""1"":{""rows"":[],""columns"":[]}}}",null,[],null,null
bb8f28ed-ce0b-4eac-bfcc-bcd87244b90e,「取り消し（とりけし）」,"「取り消し」とは、一度有効に成立した契約や法律行為を、後からその効果を「初めに遡って」無効にすることです。制限能力者や詐欺・強迫などの問題がある行為に適用され、取り消されると契約は当初からなかったものとみなされます。似た言葉の「撤回」は将来に向けて効力を消滅させる点で異なります。 
取り消しの主な詳細：
効果: 法律行為の効力を遡及的に失わせる（最初からなかったことになる）。
対象: 詐欺・強迫による意思表示、未成年者など制限能力者の行為。
期限: 追認できる時から5年、行為の時から20年で時効消滅する。
第三者対応: 原則として取り消しの効果は第三者に対抗できるが、詐欺による取消しは善意の第三者に対抗できない場合がある。
対比: 契約締結時からの問題に基づき過去に遡る「取消し」に対し、適法に成立した後に事情変更で将来の効力をなくすのは「撤回」。 
日常生活におけるキャンセル、あるいは手続きのやり直し全般を指す場合にも使用されます。","[""import"",""japanese""]",2026-02-22 11:37:06.24266+00,e1848554-ffae-479c-a8cd-4c0d77b7bed2,2026-03-19 15:55:50.007522+00,0,0,0,2026-03-19 15:55:50.007522+00,0,null,null,null,false,null,jp-dev-study-log-next,2026-01-31 19:10:17.395+00,1769886617395,false,null,null,null,"{""tables"":{""1"":{""rows"":[],""columns"":[]}}}",null,[],null,null
bbcec8ba-e1e4-4381-89c5-e31bfb8ff647,「久々（ひさびさ）」,"「久々（ひさびさ）」は、長い間会っていなかった人や、長い間していなかったこと（行動・物事）を久しぶりに再開したり、経験したりする様子を表す言葉で、「お久しぶりです」「久しぶり！」のように、再会を喜ぶ気持ちを伝える際に使われます。ビジネスシーンでは「ご無沙汰しております」などが使われることもありますが、カジュアルな会話では「ひさびさ！」と簡潔に表現されます。 
意味と使い方
意味: 長い時間が経過してから、再び同じ人や物事に接すること。
副詞的用法: 「久しぶりに」「久々に」の形で使われることが多い。
例文:
「ひさびさ！元気だった？」（友人など親しい間柄で）
「ひさびさの旅行、楽しかった！」（久しぶりの行動に対して）
「ひさびさに実家に帰る」 
類語・関連表現
お久しぶりです: 丁寧な表現で、ビジネスシーンや目上の人にも使える。
ご無沙汰しております: ビジネスメールなどでよく使われる、より丁寧な表現（3ヶ月以上会っていない相手に使う目安も）。
久方ぶり（ひさかたぶり）: 「久々」よりもさらに長い期間を表す際に使われる、やや古風な表現。 
「久々」は、再会や再開への喜びや、久しぶりであることへの感慨を伝える、非常に便利な言葉です。","[""import"",""japanese""]",2026-02-22 11:37:06.24266+00,e1848554-ffae-479c-a8cd-4c0d77b7bed2,2026-03-19 15:55:50.007522+00,0,0,0,2026-03-19 15:55:50.007522+00,0,null,null,null,false,null,jp-dev-study-log-next,2026-01-14 14:05:53.052+00,1768399553052,false,null,null,null,"{""tables"":{""1"":{""rows"":[],""columns"":[]}}}",null,[],null,null
bcc063a3-c9fb-43bc-8c7f-62fd32dcd90c,에러 설명 일본어 템플릿 (최소 합격형),"1) 에러 설명 일본어 템플릿 (최소 합격형)
A. 3문장 초간단 템플릿 (가장 추천)

現象（무슨 문제가 보였는지）

〜の時に、〜というエラーが発生しました。

原因（왜 그런지）

原因は〜で、〜が正しく参照されていませんでした。

対応（어떻게 해결했는지）

〜に修正したところ、正常に動作しました。

팁

면접에서는 길게 말하는 것보다
현상→원인→대응 3단 구조가 제일 강력합니다.

B. 조금 더 “실무 느낌” 나는 5문장 템플릿

発生条件は〜です。 (재현 조건)

エラーメッセージは「〜」でした。 (메시지)

原因は〜（typo/undefined/nullなど）です。 (원인)

〜を確認して切り分けました。（console/ログ/DevTools） (분석 방법)

〜に修正し、再発防止として〜を行いました。 (예방)

팁

“어떻게 찾았는지(切り分け)”를 한 문장만 넣어도
신뢰도가 확 올라갑니다.

2) 스펠링/오타(typo) 에러 전용 템플릿
C. 오타로 속성/함수를 못 찾는 경우

プロパティ名（または関数名）のスペルミスが原因で、undefinedになっていました。

正しくは「〜」ですが、「〜」と記述していました。

修正後はエラーが解消し、期待通りに動作しました。

팁

오타는 “실수”라기보다 “검증 포인트”입니다.
スペルミス 한 단어만 정확히 말해도 충분히 프로처럼 들려요.

3) 이번 innerHTML → innetHTML 사례: 그대로 복붙 가능한 예문
초간단(면접에서 말하기 좋은 버전)

DOMを更新する処理でエラーが発生しました。

原因は innerHTML のスペルミスで、innetHTML と書いていたためプロパティが存在しませんでした。

innerHTML に修正したところ、正常に表示されました。

실무형(조금 더 자세한 버전)

画面の表示を更新するタイミングでエラーが発生しました。

コンソールで確認すると、プロパティが参照できない旨のエラーが出ていました。

原因は innerHTML のスペルミスで、innetHTML と誤って記述していたため undefined になっていました。

innerHTML に修正して再実行したところ、正常にDOMが更新されました。

再発防止として、エディタの補完機能やLint（ESLint）でタイポを検知できるようにします。

팁

마지막 문장에 “再発防止(재발 방지)”를 넣으면
일본 면접관이 정말 좋아합니다.

4) 기능 구현 중 “자주 나는 에러” 유형별 한 줄 템플릿 모음

undefined / null

〜が未定義（undefined）で、参照しようとしてエラーになりました。

이벤트 중복 바인딩

同じイベントリスナーが複数回登録され、処理が重複して実行されていました。

DOM 선택 실패

要素が取得できておらず（null）、そのまま操作してエラーになりました。

타입/형변환 문제

文字列として扱われており、数値計算で想定外の結果になりました。

비동기 타이밍

非同期処理の完了前に参照してしまい、値が揃っていませんでした。

팁

“undefined / null / タイミング” 이 3개를
일본어로 자연스럽게 말할 수 있으면 디버깅 평가에서 거의 이깁니다.","[""import"",""coding""]",2026-02-22 11:37:06.24266+00,e1848554-ffae-479c-a8cd-4c0d77b7bed2,2026-03-19 15:55:50.007522+00,0,0,0,2026-03-19 15:55:50.007522+00,0,null,null,null,false,null,jp-dev-study-log-next,2026-01-07 12:10:56.833+00,1767787856833,false,null,null,null,"{""tables"":{""1"":{""rows"":[],""columns"":[]}}}",null,[],null,null
bd0a30df-4c66-4d52-9c6c-a22210367d42,「締める（しめる）」,"「締める（しめる）」は、緩みをなくしてきつくする（ネジ、帯、心）、物事の区切りをつける・まとめる（会計、話、契約）、収縮させる・引き締める（魚、体）、厳しく管理する（規律）、鍵をかける（鍵を締める）など、多様な意味を持つ動詞で、同音異義語の「閉める（戸を閉める）」や「絞める（首を絞める）」とは意味が異なります。 
主な意味と例文
緩みをなくす・固定する:
ネジを締める（強くひねって固定する）
帯を締める（体に巻きつけて固く結ぶ）
元栓を締める（緩まないようにする）
気持ちを引き締める・管理する:
気を締める（緊張する、真剣になる）
新入部員を締める（規律を守らせる、懲らしめる）
区切りをつける・まとめる:
会計を締める（締め切り、精算する）
話を締める（話をまとめる、終わらせる）
契約を締める（契約を結ぶ）
収縮させる・鮮度を保つ:
魚を酢で締める（塩や酢で身を引き締める）
（釣り用語で）魚を急所を打って即死させる（野締め）
施錠する:
鍵を締める（ドアなどに鍵をかける） 
類義語（同音異義語）との違い
閉める（しめる）: 開いていた戸や窓を閉じる、営業を終えるなど、空間をふさぐ、閉鎖する意味。
絞める（しめる）: ひもなどで首などをしめつける、息ができないようにする意味（例：首を絞める、鳥を絞める）。

◆ 죄다.
◆ (緊める) (바싹) 조르다; 죄다; 또, (졸라)매다.

ネクタイを締める
넥타이를 매다

帯を締める
띠를 매다

ボルトで締める
볼트로 죄다

◆ (마음·행동을) 다잡다.

気を締めて掛かる
마음을 다잡고 착수하다

褌を締める
샅바를 질끈 조르다(마음을 다잡다)

◆ 잡죄다; 엄히 단속[감독]하다.

社員を締める
사원을 잡도리[단속]하다

◆ (살림·예산 따위를) 조리차하다; 줄이다.

家計を締める
살림을 조리차하다

毎月の支出を締める
매달의 지출을 줄이다

財布の紐を締める
지갑 끈을 바짝 죄다(돈을 아껴 쓰다)

◆ (閉める로도) 닫다; 잠그다.

戸[窓]を締める
문[창문]을 닫다

栓を締める
고동을 잠그다; 마개를 하다

店を締める
가게를 닫다(가게를 드리다; 폐업하다)

◆ 짜내다.

油を締める
기름을 짜내다

菜種を締めて油を取る
유채를 짜서 기름을 내다

◆ 마감하여 합계를 내다; 결산하다.

帳簿を締める
장부를 마감하(여 합계를 내)다

締めて三万二千円
합계[도합] 3만 2천 엔

締めて幾らですか
합해서 얼마입니까

◆ 거래·교섭·공사 따위의 낙착을 축하하여 손뼉을 치다.

取引のまとまったしるしに手を締めていただきましょう
거래가 성립된 표시로서 손뼉을 쳐 주시기 바랍니다

◆ 절이다.

酢で締める
초절임하다","[""import"",""japanese""]",2026-02-22 11:37:06.24266+00,e1848554-ffae-479c-a8cd-4c0d77b7bed2,2026-03-19 15:55:50.007522+00,0,0,0,2026-03-19 15:55:50.007522+00,0,null,null,null,false,null,jp-dev-study-log-next,2026-01-07 05:39:15.389+00,1767764355389,false,null,null,null,"{""tables"":{""1"":{""rows"":[],""columns"":[]}}}",null,[],null,null
bdbc2a7e-40b7-4cc2-af09-cce1177112aa,反響,"https://youtu.be/3wzhZ5Acvt4?si=YFE43clCtI4zR54p

https://mazii.net/ko-KR/search/word/jako/%E5%8F%8D%E9%9F%BF

◆ 반향.
◆ 음파가 장벽에 부딪혀 반사하여 다시 들리는 현상; 또, 메아리.

歌声が建物の中に反響する
노랫소리가 건물 안에 메아리치다

◆ (발표된 사항·사건 등의 영향으로 인한) 반응.

反響を呼ぶ
반향을 불러일으키다

意外な反響があった
의외의 반향이 있었다

多大の反響を巻き起こす
다대한 반향을 불러일으키다","[""import"",""japanese""]",2026-02-22 11:37:06.24266+00,e1848554-ffae-479c-a8cd-4c0d77b7bed2,2026-03-19 15:55:50.007522+00,0,0,0,2026-03-19 15:55:50.007522+00,0,null,null,null,false,null,jp-dev-study-log-next,2026-01-11 01:58:59.754+00,1768096739754,false,null,null,null,"{""tables"":{""1"":{""rows"":[],""columns"":[]}}}",null,[],null,null
be68e8b7-dd5c-4552-b39d-081230ad6c91,「にこやか」,"https://youtu.be/giBJo6q04qo?si=Ivo3l3pAzR16FcCP

「にこやか」とは、明るく、楽しそうに、または穏やかに微笑んでいる様子を表す形容動詞（または形容詞）で、和やかで親しみやすい表情や雰囲気を指します。「和やか」「朗らか」「穏やか」といった意味合いがあり、人やその表情、雰囲気に使われます。 
意味と使い方
表情・顔つき: 「にこやかな笑顔」「にこやかな顔」のように、楽しそうに微笑んでいる様子。
雰囲気・様子: 「和やかな雰囲気」「穏やかな様子」のように、心が和み、温かい感じがする様子。
類語: 朗らか、晴れやか、穏やか、和やか、ほんわか。
用例:
「彼はいつもにこやかな表情をしている」
「和やかなにこやかな雰囲気で会合が進んだ」 
語源（参考）
「にこぐさ（柔らかい草）」という言葉から派生し、柔らかい様子を表す「にこ」と、接尾語の「やか」が合わさってできた言葉です。 
まとめ
「にこやか」は、単なる「笑顔」だけでなく、その笑顔から伝わる「温かさ」「親しみやすさ」「心の和み」といったニュアンスを含む、ポジティブで心地よい言葉です。","[""import"",""japanese""]",2026-02-22 11:37:06.24266+00,e1848554-ffae-479c-a8cd-4c0d77b7bed2,2026-03-19 15:55:50.007522+00,0,0,0,2026-03-19 15:55:50.007522+00,0,null,null,null,false,null,jp-dev-study-log-next,2026-01-22 14:41:29.336+00,1769092889336,false,null,null,null,"{""tables"":{""1"":{""rows"":[],""columns"":[]}}}",null,[],null,null
c2480ad3-a27c-484f-9077-da2afe65af60,「掘る（ほる）」,"https://youtu.be/3wzhZ5Acvt4?si=skdrLa0XHZ4wz1F-

「掘る（ほる）」とは、地面に穴や溝をあけること、埋まっているものを取り出すこと、深く探求することなどを指し、文脈によって「彫る（彫刻）」や俗語（「ディグる」のように情報を深く探す、車が追突する「おかまを掘られる」など）も意味します。主な意味は「土を掘って穴をあける」「芋を掘る」「根掘り葉掘り聞く」のように、手で土を掘る動作や、そこから派生した探求のニュアンスです。 
主な意味と例文
地面に穴や溝を作る:
「井戸を掘る」「トンネルを掘る」。
埋まっているものを取り出す:
「ジャガイモを掘る」「化石を掘り出す」。
深く探求する・調べる（比喩的表現）:
「根掘り葉掘り掘る」「情報をディグる（深く探す）」。 
関連する漢字
掘る (てへん): 手で土を掘る動作、穴をあける動作。
彫る (ほる): 木や石などを削って形を作る、入れ墨をする。
堀 (ほり): 城の周りの水路など、掘って作った場所（名詞）。 
類義語
「穿つ（うがつ）」、「掘り起こす」、「掘り出す」、「掘り抜く」、「採掘（さいくつ）」など。

https://mazii.net/ko-KR/search/word/jako/%E3%81%BB%E3%82%8B

◆ 파다; 구멍을 뚫다.

井戸を掘る
우물을 파다

トンネルを掘る
터널을 내다[뚫다]

地面に穴を掘る
땅에 구덩이를 파다

◆ 캐다.

石炭を掘る
석탄을 캐다

芋を掘る
감자를 캐다

貝を掘る
조개를 캐다","[""import"",""japanese""]",2026-02-22 11:37:06.24266+00,e1848554-ffae-479c-a8cd-4c0d77b7bed2,2026-03-19 15:55:50.007522+00,0,0,0,2026-03-19 15:55:50.007522+00,0,null,null,null,false,null,jp-dev-study-log-next,2026-01-11 02:09:05.795+00,1768097345795,false,null,null,null,"{""tables"":{""1"":{""rows"":[],""columns"":[]}}}",null,[],null,null
c3a68ee2-7743-4f08-ab1d-6db64abc6d40,일본 중소기업과 스타트업의 “관리되는 야근”인지 “방치되는 야근”인지 구분하는 질문/체크리스트,"좋아. 바로 “면접에서 그대로 읽어도 되는 수준”으로 중소기업 버전 / 스타트업 버전 두 세트 만들어줄게.
(너 목적: 정시퇴근 기반 + 장기적으로 프리/노마드 준비를 깔끔하게 확인)

핵심 차이는 이거야:

중소기업: 분위기/예의/조직문화 중요 → 부드럽고 신중하게 묻기

스타트업: 실전/속도/현실 중요 → 구체적으로, 숫자로, 시스템으로 묻기

✅ 1) 중소기업 버전 (부드럽고 안정지향 질문 세트)
시작 멘트 (정중/안정형)

長く安定して働きたいと考えておりますので、働き方についていくつか確認させてください。
(오랫동안 안정적으로 일하고 싶어서 근무 방식에 대해 몇 가지 확인드리고 싶습니다.)

A. 잔업(야근) 평균/문화 확인
Q1) 월 평균 잔업

月平均の残業時間はどれくらいでしょうか？
(월 평균 야근 시간은 어느 정도인가요?)

Q2) 정시퇴근 분위기

定時で退勤される方も多いでしょうか？
(정시에 퇴근하시는 분들도 많은 편인가요?)

✅ 중소기업에선 “많습니다/적당히 있습니다” 같은 답이 나오면 정상.

B. 야근 발생 원인(업무량/시기) 확인
Q3) 야근이 생기는 타이밍

残業が発生するのは、どのような時期が多いでしょうか？
(야근이 발생하는 시기는 주로 언제인가요?)

Q4) 업무 일정 운영 스타일

業務スケジュールはどのように管理されていますか？
(업무 일정은 어떤 식으로 관리되나요?)

C. 보상/규정 확인 (중요하지만 부드럽게)
Q5) 잔업수당/대체휴무

残業代の支給や代休制度について教えていただけますか？
(야근 수당 지급이나 대체휴무 제도에 대해 알려주실 수 있을까요?)

Q6) “みなし残業(포괄임금)” 여부

固定残業（みなし残業）の制度はありますか？
(포괄임금(고정 잔업) 제도가 있나요?)

D. 유연근무/재택(가능하면)
Q7) 재택/플렉스 운영

リモートワークやフレックス制度の運用状況を教えてください。
(재택근무나 플렉스 운영 상황을 알려주세요.)

마무리 멘트 (호감형)

無理なく長期的に成果を出したいと思っておりますので、確認させていただきました。ありがとうございます。
(무리 없이 장기적으로 성과를 내고 싶어서 확인드렸습니다. 감사합니다.)

✅ 2) 스타트업 버전 (실전형/구체적/숫자 중심)
시작 멘트 (스타트업스럽게)

パフォーマンスを安定して出すために、開発体制と働き方を具体的に確認させてください。
(안정적으로 성과를 내기 위해 개발 체계와 근무 방식을 구체적으로 확인드리고 싶습니다.)

A. 근무시간/야근을 “숫자”로 뽑아내는 질문
Q1) 팀의 월 평균 잔업 (필수)

配属予定チームの月平均残業時間はどれくらいですか？
(배치 예정 팀의 월 평균 야근 시간은 어느 정도인가요?)

Q2) 최근 3개월 기준으로 묻기 (회피 불가)

直近3ヶ月だと、残業はどれくらいの水準でしたか？
(최근 3개월 기준으로는 야근이 어느 수준이었나요?)

✅ 스타트업에서는 “최근 수치”를 물어야 진짜가 나옴.

B. “야근이 왜 발생하는가” (회사 운영 수준 파악)
Q3) 야근 발생 원인 TOP3

残業の主な原因は何でしょうか？（例：リリース前、仕様変更、障害対応など）
(야근의 주된 원인은 무엇인가요? 예: 릴리즈 전, 요구사항 변경, 장애 대응 등)

Q4) 일정이 터질 때 대응 방식

スケジュールが厳しい場合、スコープ調整は行われますか？
(일정이 빡빡할 때 스코프 조정은 하나요?)

✅ 좋은 스타트업 = 스코프 컷/우선순위 조정 있음
⚠️ 위험 = “다 같이 밤새워요”

C. 인원 부족 여부 확인 (너가 제일 중요하게 보는 지점)
Q5) 개발 인력 충원 상황

現状、開発人数は足りていますか？採用計画はどうなっていますか？
(현재 개발 인원은 충분한가요? 채용 계획은 어떻게 되나요?)

Q6) 한 사람이 맡는 범위

エンジニア1人あたりの担当範囲は広いですか？（フロント・バック・インフラ等）
(엔지니어 1인당 담당 범위가 넓은 편인가요? 프론트/백/인프라 등)

D. 야근이 “관리되는가” 판별 질문
Q7) 야근 상한/관리 방법

残業時間の上限管理はどうされていますか？
(야근 시간 상한 관리는 어떻게 하나요?)

Q8) 온콜/장애 대응

オンコールはありますか？頻度とローテーション体制を教えてください。
(온콜이 있나요? 빈도와 로테이션 체계를 알려주세요.)

E. 재택/플렉스 “진짜로 쓰는지” 확인
Q9) 재택/플렉스 실운영

リモート／フレックスは制度としてありますか？実際の利用率はどれくらいですか？
(재택/플렉스가 제도로 있나요? 실제 사용률은 어느 정도인가요?)

F. 보상/정산 (블랙 여부 확인)
Q10) 수당/대휴

残業代は全額支給ですか？代休も取れますか？
(야근 수당은 전액 지급인가요? 대체휴무도 쓸 수 있나요?)

Q11) “みなし残業”이면 몇 시간인지

みなし残業の場合、何時間分が含まれていますか？
(포괄임금이면 몇 시간분이 포함되어 있나요?)

마무리 멘트 (프로형)

長期的にパフォーマンスを維持したいので、運用面まで具体的に確認しました。
(장기적으로 퍼포먼스를 유지하고 싶어서 운영 측면까지 구체적으로 확인했습니다.)

✅ “답변”으로 판별하는 빠른 기준
🟢 감당 가능한 야근 확률 높음

팀 평균 잔업이 10~20h

“릴리즈 전 1~2주” 같은 명확한 패턴

“우선순위/스코프 조정”이 가능

수당/대휴 규정 명확

재택/플렉스 실사용

🔴 감당 불가 확률 높음 (피하는 게 좋음)

“사람마다 달라요”만 반복

“많긴 한데 어쩔 수 없죠”

“열정/각오” 같은 감성으로 덮음

온콜이 사실상 상시

“제도는 있는데 쓰는 사람 없음”","[""import"",""coding""]",2026-02-22 11:37:06.24266+00,e1848554-ffae-479c-a8cd-4c0d77b7bed2,2026-03-19 15:55:50.007522+00,0,0,0,2026-03-19 15:55:50.007522+00,0,null,null,null,false,null,jp-dev-study-log-next,2026-01-10 10:57:59.344+00,1768042679344,false,null,null,null,"{""tables"":{""1"":{""rows"":[],""columns"":[]}}}",null,[],null,null
c4060afd-d86c-4519-a757-3e0464b60fb9,✅ 바로 써먹는 일본어 커밋 템플릿 25개,"✅ 바로 써먹는 일본어 커밋 템플릿 25개

(그대로 복붙해도 됨)

기능 추가/구현

追加機能を実装

削除機能を実装

編集機能を実装

検索機能を実装

タグフィルターを実装

並び替えを実装

ピン留めを実装

버그 수정

削除が動かない問題を修正

datasetのキー名ミスを修正

id取得処理を修正

render更新漏れを修正

localStorage保存漏れを修正

개선/리팩토링

commit処理を整理

関数を分離して可読性を改善

state管理を整理

バリデーションを追加

例外処理を追加

문서/정리

READMEを更新

学習ログを追記

コメントを整理","[""import"",""japanese""]",2026-02-22 11:37:06.24266+00,e1848554-ffae-479c-a8cd-4c0d77b7bed2,2026-03-19 15:55:50.007522+00,0,0,0,2026-03-19 15:55:50.007522+00,0,null,null,null,false,null,jp-dev-study-log-next,2026-01-13 09:31:10.097+00,1768296670097,false,null,null,null,"{""tables"":{""1"":{""rows"":[],""columns"":[]}}}",null,[],null,null
c612db1d-c5c7-4a96-95a8-05e778d4c631,업무에서 “짧고 예의있고 명확하게” 말하기 위한 템플릿 모음.,"# JP Dev Templates (外国人エンジニア向け)
업무에서 “짧고 예의있고 명확하게” 말하기 위한 템플릿 모음.
- 너무 과한 존댓말은 피하고
- 실무에서 바로 쓰기 좋은 톤으로 구성

---

## 0) 기본 톤 규칙 (자주 쓰는 안전 표현)
- 念のため：혹시 몰라서 / 안전하게
- 一旦：일단 / 우선
- 〜かもしれません：~일 수 있습니다(추측)
- 〜と思います：~라고 생각합니다(완곡)
- 共有します：공유합니다(진짜 자주 씀)

---

# A. 진행 보고 / 상태 공유 (10)
1. 今の進捗ですが、〜まで完了しました。
2. 現在、〜を対応中です。
3. 次は〜を対応する予定です。
4. 本日中に〜まで進める予定です。
5. 進捗を共有します。
6. いったん現状を整理します。
7. 作業状況としては、〜の段階です。
8. 〜は完了して、残りは〜です。
9. 予定通り進んでいます。
10. 少し時間がかかっていますが、進めています。

---

# B. 질문 / 상담 / 확인 (10)
11. 〜について確認してもよろしいでしょうか。
12. 〜の認識で合っていますか？
13. すみません、ここだけ確認したいです。
14. ここで少し詰まっているので相談したいです。
15. 一旦こう進めても大丈夫でしょうか。
16. どちらの方針が良いか相談したいです。
17. 〜の仕様をもう一度確認したいです。
18. このケースはどう扱うのが正しいでしょうか。
19. 念のため確認ですが、〜で問題ないですか？
20. この認識で進めますね。

---

# C. 지연 / 리스크 / 우선순위 (10)
21. 予定より少し遅れそうなので先に共有します。
22. 想定より時間がかかっています。
23. 〜が原因で遅れています。
24. 完了は〜頃になりそうです。
25. 優先順位を確認したいです。
26. 先に影響範囲を確認します。
27. この対応は明日までに完了予定です。
28. もし急ぎなら、先に暫定対応します。
29. リスクがあるので先に共有します。
30. 時間見積もりを更新します。

---

# D. 버그 / 이슈 보고 (10)
31. 不具合を確認しました。
32. 再現できました。
33. 再現条件は〜です。
34. 原因を調査中です。
35. 原因は〜でした。
36. 影響範囲を確認します。
37. 修正方針としては〜を考えています。
38. 修正して動作確認しました。
39. 念のため、もう少し検証します。
40. 対応が完了しました。

---

# E. 구현 / 작업 내용 설명 (10)
41. 〜の機能を実装しました。
42. 〜の処理を追加しました。
43. 〜のロジックを整理しました。
44. 将来的な拡張を考えて関数を分けました。
45. 可読性のために処理を分離しました。
46. stateで状態管理しています。
47. データ更新後に保存して再描画します。
48. イベント委譲で実装しています。
49. 入力値のバリデーションを入れました。
50. 仕様通りに動作することを確認しました。

---

# F. 추가로 자주 쓰는 “끝맺음” 표현
- 以上です。
- 引き続き対応します。
- 何かあれば連絡してください。
- もし問題があればすぐ対応します。","[""import"",""japanese""]",2026-02-22 11:37:06.24266+00,e1848554-ffae-479c-a8cd-4c0d77b7bed2,2026-03-19 15:55:50.007522+00,0,0,0,2026-03-19 15:55:50.007522+00,0,null,null,null,false,null,jp-dev-study-log-next,2026-01-13 09:29:24.118+00,1768296564118,false,null,null,null,"{""tables"":{""1"":{""rows"":[],""columns"":[]}}}",null,[],null,null
c9b0b0c4-d536-484c-a7ff-6e8f0c2e2ea6,「ついに（遂に/終に）」,"「ついに（遂に/終に）」は、長期間の経過や努力の末、最終的にある結果（特に待望の結末や、逆に避けられない結末）に到達したことを強調する言葉です。「やっと」「とうとう」と同様に、ドラマチックな展開や最終的な結果を表現する際に用いられます。 
「ついに」の主な意味と使い方
念願の達成・ドラマチックな結末： 長い間待っていたこと、または努力してきたことが実現した時。
例：「ついに優勝を果たした」「5年越しで、ついに完成した」
最終的な結果・到達： 紆余曲折を経て、ある状況に最終的になった時。
例：「疲れ果てて、ついに倒れた」
否定的な結果の到達（打ち消しの語を伴う）： 期待していたことが実現しなかった時。
例：「ついに現れなかった」「ついに夢はかなわなかった」 
関連する言葉との違い
ついに： 結果や結末に強い焦点がある（ポジティブ、ネガティブ両方）。
やっと： 苦労して何とか実現したという、努力の側面に焦点がある。
とうとう： 最終的な結果という事実に焦点がある（「ついに」と近い）。

https://mazii.net/ko-KR/search/word/jako/%E3%81%A4%E3%81%84%E3%81%AB

◆ 드디어; 마침내; 결국.

遂に夢が叶う
드디어 꿈이 이루어지다

遂に完成を見た
드디어 완성을 봤다

遂に優勝をつかんだ
마침내 우승을 거머쥐었다

◆ (부정(否定)하는 말이 따라서) 최후까지; 끝끝내; 끝까지; 종내(終乃); 한 번도.

遂に現われなかった
끝내 나타나지 않았다

遂に口を利かなかった
끝끝내 말을 하지 않았다

遂に帰って来なかった
끝내 돌아오지 않았다","[""import"",""japanese""]",2026-02-22 11:37:06.24266+00,e1848554-ffae-479c-a8cd-4c0d77b7bed2,2026-03-19 15:55:50.007522+00,0,0,0,2026-03-19 15:55:50.007522+00,0,null,null,null,false,null,jp-dev-study-log-next,2026-02-18 23:35:20.62+00,1771457720620,false,null,null,null,"{""tables"":{""1"":{""rows"":[],""columns"":[]}}}",null,[],null,null
cc981cdd-0da0-4bf4-b65a-957613ed5070,「手応え（てごたえ）」,"「手応え（てごたえ）」とは、物理的な感触（手に伝わる感触、歯ごたえなど）と、働きかけに対する反応や手応りの良さ（仕事や学習のやりがい、相手の反応の良さなど）の2つの意味があり、文脈によって「やりがい」「好感触」「反応」「感触」などと訳せる言葉です。具体的には、釣りで魚が食いついた感覚（手応え）や、仕事で成果が感じられる状態（やりがい）、料理の歯ごたえ（歯ごたえ）、演奏の聞き応えなどを指します。 
主な意味
物理的な感触・感触の良さ:
手にひびく感覚、肌触り、触感。
例: 「粘りのある手応え」「キーボードのしっかりした手応え」。
働きかけに対する反応・手応りの良さ:
相手からの反応、物事の難易度、やりがい。
例: 「仕事に手応えを感じる」「手応えのある相手」「聞き応えのある演奏」。 
関連する言葉
歯ごたえ（はごたえ）: 食材の噛み応え。
読み応え（よみごたえ）: 本などを読んで得られる満足感や面白さ。
聞き応え（ききごたえ）: 音楽や話を聞いて得られる面白さや感動。
やりがい（やりがい）: 仕事や活動で得られる充実感。 
英語での表現例
feedback（フィードバック）
touch（タッチ、感触）
response（反応）","[""import"",""japanese""]",2026-02-22 11:37:06.24266+00,e1848554-ffae-479c-a8cd-4c0d77b7bed2,2026-03-19 15:55:50.007522+00,0,0,0,2026-03-19 15:55:50.007522+00,0,null,null,null,false,null,jp-dev-study-log-next,2026-01-17 17:30:29.071+00,1768671029071,false,null,null,null,"{""tables"":{""1"":{""rows"":[],""columns"":[]}}}",null,[],null,null
ce0149b0-eb8d-4f99-8513-530366cae1e5,人見知り（Shyness）,"https://youtu.be/Of5pAeBB9VY?si=8SLtX3YIRLHbMkhK

人見知り（Shyness）とは、初対面や不慣れな相手に対して、不安、緊張、恥ずかしさを感じ、コミュニケーションが消極的になる性格傾向です。元来は乳幼児期に見知らぬ人への恐怖感を表す言葉ですが、大人でも内気や人目が気になる性格を指して使われ、場慣れや会話の積み重ねで軽減可能です。 
人見知りの主な特徴・原因
特徴: 初対面で話しにくい、受け身である、リアクションが薄い、警戒心が強い、よく思われようとして緊張する。
原因: 「周りの目が気になる」といった公的自己意識の高さ、自己評価の低さ、場慣れしていないことなどが挙げられます。
強み: 慎重で相手を気遣う力が強い、慣れると深い人間関係を築ける、観察力が高い。 
人見知りの改善・克服方法
自分から挨拶・笑顔を心がける: 小さなコミュニケーションを積み重ねる。
場数を踏む: 新しい環境や人との交流に少しずつ慣れる。
相手に興味を持つ: 「自分がどう見られているか」から「相手がどんな人か」に意識を向ける。
リラックスする: 完璧に話そうとせず、緊張している自分を受け入れる。
聞き手に回る: 会話において、自分から話さなくても質問をして相手に話をしてもらう。 
人見知りは、周囲への配慮や深い信頼関係を築ける前向きな特性でもあります。緊張や不安が強い場合も、行動を工夫することで人間関係のストレスを軽減することが可能です。

https://mazii.net/ko-KR/search/word/jako/%E4%BA%BA%E8%A6%8B%E7%9F%A5%E3%82%8A

◆ 낯가림.

人見知りをする子
낯가림을 하는 아이

人見知りしない性格
낯을 가리지 않는 성격

人見知りが激しい
낯가림이 심하다

https://www.kpedia.jp/w/8084

「人見知り」の韓国語「낯가림」を使った例文

・그는 낯가림이 심해 사람을 쉽게 사귀지 못해요.
彼は人見知りがひどくて人とたやすく付き合うことができません。

・제가 낯가림이 좀 심해요. 이해해 주세요．
人見知りが激しいので理解してください。","[""import"",""japanese""]",2026-02-22 11:37:06.24266+00,e1848554-ffae-479c-a8cd-4c0d77b7bed2,2026-03-20 22:21:47.375964+00,0,2,0,2026-03-20 22:21:47.375964+00,0,null,null,null,false,null,jp-dev-study-log-next,2026-02-16 11:29:09.91+00,1771241349910,false,null,null,null,"{""tables"":{""1"":{""rows"":[],""columns"":[]}}}",null,[],null,null
d09deba1-18c9-41b1-ad34-6244a555cc47,欠かせないルーティーン,"https://youtu.be/PrUY5I8WACg?si=qSeR6ytmNLVxmKr_

失かせないルーティーン

「欠かせない（かかせない）」、「なくてはならない」「必要不可欠である」という意味を持つ表現です。 
日常や仕事の場面で、絶対に外せない要素や重要な存在を表す際によく使われます。
主な使い方・例文
「生活に欠かせないインフラ」（通信やインフラなど）
「健康な指先に欠かせない保湿」（スキンケアや習慣など）
「お正月には欠かせないおせち料理」（行事や習慣） 
注意点
通常は「欠かせない」と書くことが多いですが、「失かせない」と表記される場合、文脈によっては「（大切なものを）失くすことができない」「絶対に無くせない」というニュアンスを含んで使われることもあります。
基本的には「必要」を意味する「欠かせない」の用法で覚えておくと便利です。

https://www.kpedia.jp/w/10824

「無くす」の韓国語「잃다」を使った例文

・길을 잃어서 같은 곳을 왔다갔다 했다.
道に迷い、同じところを行ったり来たりした。

・쓰나미로 인해 많은 사람이 목숨을 잃었다.
津波によって多くの命が奪われた。

・잃었던 물건을 찾았다.
失くしていた物を見つけた。

・나는 역에 가는 도중에 지갑을 잃어 버렸다.
私は駅に行く途中に財布をなくしました。

・모든 것을 잃는 것은 아니다.
すべてが失われるわけではない。

・그녀는 중학교 때 교통사고로 어머니를 잃었다.
彼女は中学生時代に交通事故で母を亡くした

・돈과 신용을 잃다.
お金と信用を失う。

・인생의 모든 것을 잃었다.
人生のすべてを失った。

・소중한 사람을 잃었다.
大切な人を亡くした。

・나는 열여덟 살에 가장 사랑하는 어머니를 잃었다.
私は18歳で最愛の母を失った。

・사랑하는 딸을 잃었다.
愛する娘を失った。

・네 살 때 부모님을 잃었다.
4歳で両親を亡くした。

・아들을 잃은 상처를 안고 살고 있다.
息子を亡くした傷を抱えて生きている。

・건강을 잃으면 모든 것을 잃는다.
健康を失えば、すべてのことを失う。

・파죽지세로 성장한 그 회사는 올해 들어 여러 문제로 고객의 신뢰를 잃었다
破竹の勢いで成長したあの会社は、今年に入って様々なトラブルで顧客の信頼を失った。

・지나친 호객은 오히려 손님을 잃게 만든다.
過度な客引きは、かえって客を失う。

・비판 속에서도 그는 위풍당당함을 잃지 않았다.
批判の中でも、彼は威風堂々とした態度を失わなかった。

・인간애에 대한 믿음을 잃지 않았다.
人間愛への信念を失わなかった。

・기껏 고생해서 돈을 벌었는데 잃어버렸다.
せっかく苦労して稼いだお金を失くしてしまった。

・기껏 준비한 선물을 잃어버렸다.
せっかく準備したプレゼントを失くしてしまった。

・타당한 이유 없이 행동하면 신뢰를 잃는다.
妥当な理由なしに行動すると信頼を失う。

・채신없는 행동을 반복하면 신뢰를 잃는다.
軽率な行動を繰り返すと信頼を失う。

・약아빠지게 처신하면 사람들에게 신뢰를 잃을 수도 있다.
ちゃっかり立ち回ると、人々の信頼を失うこともある。

・가뜩이나 어려운 살림에 직업까지 잃었다.
そうでなくても苦しい暮らしなのに職も失った。

・금전 문제로 신뢰를 잃었다.
金銭問題で信頼を失った。","[""import"",""japanese""]",2026-02-22 11:37:06.24266+00,e1848554-ffae-479c-a8cd-4c0d77b7bed2,2026-03-19 15:55:50.007522+00,0,0,0,2026-03-19 15:55:50.007522+00,0,null,null,null,false,null,jp-dev-study-log-next,2026-02-03 21:14:32.24+00,1770153272240,false,null,null,null,"{""tables"":{""1"":{""rows"":[],""columns"":[]}}}",null,[],null,null
d10030c8-8acd-4563-9df3-aa6d8a7a34c3,「やがて」,"「やがて」は「まもなく」「そのうちに」「いずれ」といった意味で、近い将来に何かが起こる様子や、最終的にそうなるといった状況を表す副詞で、「そのまま」という古語由来の「状態が連続する」意味も持ちます。文脈によって「すぐに」「最終的に」「ほとんど」など、ニュアンスが変わるのが特徴です。 
主な意味と使い方
まもなく、そのうちに (soon, before long): 近い将来に起こることを示す場合に使われます。
例：「やがて雨が降りそうだ。」（まもなく雨が降りそうだ）
最終的に、結局 (eventually, in the end): 時間が経った後の結果や結末を表します。
例：「努力はやがて実を結ぶだろう。」（努力は最終的に実を結ぶだろう）
そのまま、引き続いて (continuing state): ある状態が継続していることを指します（古語の「そのまま」の意味）。
例：「病気でやがて寝入ってしまった。」（病気のまま、そのまま寝入ってしまった）
ほとんど、危うく (almost, nearly): ほぼその状態である、というニュアンスです。
例：「やがて、一歩及ばず失敗した。」（ほとんど、危うく失敗した） 
類語・言い換え
まもなく、そのうち、いずれ、いつか
最終的に、ゆくゆくは
すぐに、ただちに（古語・文脈による） 
例文
「やがて冬が来る。」（まもなく冬が来る）
「やがて、彼はその道の達人になった。」（最終的に、彼はその道の達人になった）","[""import"",""japanese""]",2026-02-22 11:37:06.24266+00,e1848554-ffae-479c-a8cd-4c0d77b7bed2,2026-03-19 15:55:50.007522+00,0,0,0,2026-03-19 15:55:50.007522+00,0,null,null,null,false,null,jp-dev-study-log-next,2026-01-13 12:04:26.373+00,1768305866373,false,null,null,null,"{""tables"":{""1"":{""rows"":[],""columns"":[]}}}",null,[],null,null
d13447eb-19b5-45c9-bd64-4d4a0a8bc4b5,スチール,"スチール、スティール（英語: steal, steel, Steele etc.）","[""import"",""japanese""]",2026-02-22 11:37:06.24266+00,e1848554-ffae-479c-a8cd-4c0d77b7bed2,2026-03-19 15:55:50.007522+00,0,0,0,2026-03-19 15:55:50.007522+00,0,null,null,null,false,null,jp-dev-study-log-next,2026-01-11 02:12:55.859+00,1768097575859,false,null,null,null,"{""tables"":{""1"":{""rows"":[],""columns"":[]}}}",null,[],null,null
d2101626-f63a-433f-905a-53e4fad1860e,「引く（ひく）」,"「引く（ひく）」は、「自分の方向へ動かす（引っ張る、引く）」、「病気にかかる（風邪を引く）」、「減らす（計算で引く）」、「線を引く」、「引用する」、「後退する」、「関心を惹く」、「演奏する（弾く）」など、文脈によって非常に多くの意味を持つ日本語の動詞です。単に「引く」だけでなく、「引く」というカタカナで使われるスラングでは「なんだか冷める」「しらける」「盛り上がりがなくなる」といった、失望や警戒によるネガティブな感情を表すこともあります。 
主な意味と用例
物理的な動作:
引っ張る: 綱を引く (つな を ひく)、弓を引く (ゆみ を ひく)。
引き寄せる: 興味を引く (きょうみ を ひく)、注意を引く (ちゅうい を ひく)。
引く/退く（しりぞく）: 潮が引く (しお が ひく)、引退する (いんたい する)。
感染・受傷:
風邪を引く (かぜ を ひく)。
計算・操作:
3から2を引くと1になる (さん から に を ひく と いち に なる)。
線を引く (せん を ひく)。
辞書を引く (じしょ を ひく)。
引用・例示:
例を引く (れい を ひく)、引用する (いんよう する)。
演奏:
ピアノを弾く (ぴあ の を ひく)。
俗語 (ひく):
「社長の冗談にみんな引いた」(しゃちょう の じょうだん に みんな ひい た) - 「しらけてしまった」「冷めてしまった」という意味。 
このように、「引く」は非常に多様な意味を持つため、文脈や漢字（引く、曳く、挽く、惹く、弾く、轢くなど）によって意味を判断することが重要です。","[""import"",""japanese""]",2026-02-22 11:37:06.24266+00,e1848554-ffae-479c-a8cd-4c0d77b7bed2,2026-05-27 17:13:59.714112+00,0,1,0,2026-05-27 17:13:59.714112+00,0,null,null,null,false,null,jp-dev-study-log-next,2026-01-17 05:49:55.8+00,1768628995800,false,null,null,null,"{""tables"":{""1"":{""rows"":[],""columns"":[]}}}",null,[],null,null
d3d59e40-aec3-493d-a6de-f04723d485dc,crud 상황별 구현 유불리,"좋아. “CRUD는 같지만 어떤 구조로 짜느냐에 따라 확장 난이도/버그율/UX(소비자 체감)가 갈린다”를 상황별로 예시로 보여줄게.
(바닐라 JS 기준으로 설명하되, React로 넘어가도 그대로 매핑돼.)

0) 공통 전제: CRUD의 진짜 뼈대

어떤 방식이든 결국 이 흐름이야.

이벤트 발생

입력값/타겟(id, act) 추출

데이터(items) 변경

저장(localStorage/서버)

화면 갱신(render)

차이는 “2~5를 어디에 두고 어떻게 나누냐”야.

A. 초단기/연습용: 이벤트 안에 다 넣는 방식

언제 유리?

기능 3~5개짜리, 파일 1개, 연습/프로토타입

“흐름이 한눈에 보이는 게” 최고 가치일 때

단점(확장 시)

add/edit/delete마다 save/render 중복

기능 늘수록 실수 폭발

list.addEventListener(""click"", (e) => {
  const btn = e.target.closest(""button"");
  if (!btn) return;

  const act = btn.dataset.act;
  const id = Number(btn.dataset.id);

  if (act === ""delete"") {
    items = items.filter(x => x.id !== id);
    localStorage.setItem(""items"", JSON.stringify(items));
    render(items);
  }
});


소비자 체감

기능이 적으면 빠릿하고 충분히 좋음

기능 늘면 버그/누락으로 “안 먹는 버튼”이 늘어나 체감 악화

B. 현실적 중간: “로직 함수 분리 + render/save 통일”

언제 유리?

CRUD + 검색/정렬/필터/페이지네이션이 붙기 시작

같은 처리(저장/렌더/검증)를 여러 곳에서 반복하기 싫을 때

지금 네가 하고 있는 방향이 여기

핵심은 “데이터 변경 로직”을 순수하게 만들기야.

function removeById(items, id) {
  return items.filter(x => x.id !== id);
}

function commit(nextItems) {
  items = nextItems;
  save(items);
  render(items);
}

function deleteItem(id) {
  commit(removeById(items, id));
}


이벤트는 “요청”만:

list.addEventListener(""click"", (e) => {
  const btn = e.target.closest(""button"");
  if (!btn) return;

  const act = btn.dataset.act;
  const id = Number(btn.dataset.id);

  if (act === ""delete"") deleteItem(id);
});


장점

save/render를 commit() 한 군데로 고정 → 누락 거의 없어짐

“오타/키 불일치”만 잡으면 구조가 단단해짐

소비자 체감

기능이 늘어도 안정성 유지 → 버튼 안 먹는 일이 줄어듦

“편집 중인데 목록 갱신이 이상함” 같은 UX 버그가 줄어듦

C. 기능이 많아질 때 강력: Store(상태 관리자) 방식

언제 유리?

editingId, filter 상태, sort 상태, pagination 상태가 생김

“현재 상태”가 여러 개가 되면서 코드가 꼬이기 시작할 때

UI가 여러 화면(리스트/상세/모달)로 분리될 때

const store = {
  state: {
    items: [],
    editingId: null,
    query: """",
    sort: ""desc"",
  },

  init() {
    this.state.items = storage.load();
    render(this.state);
  },

  remove(id) {
    this.state.items = this.state.items.filter(x => x.id !== id);
    storage.save(this.state.items);
    render(this.state);
  },

  startEdit(id) {
    this.state.editingId = id;
    render(this.state);
  },
};


이벤트는 그냥:

if (act === ""delete"") store.remove(id);
if (act === ""edit"") store.startEdit(id);


장점

상태가 늘어나도 “여기가 중심”이라 덜 흔들림

나중에 React로 넘어가도 개념이 거의 동일(상태 관리)

소비자 체감

“편집 상태 유지”, “검색 조건 유지”, “정렬 유지” 같은 UX가 자연스러워짐

즉, 기능이 많아질수록 사용자 만족이 올라가는 구조

D. 저장소 분리: storage 모듈(로컬/서버 교체 대비)

언제 유리?

localStorage 쓰다가 나중에 DB/서버/IndexedDB로 바꿀 가능성이 있을 때

JSON parse/stringify, 키 오타, 데이터 깨짐을 막고 싶을 때

const storage = {
  key: ""items"",
  load() {
    try { return JSON.parse(localStorage.getItem(this.key)) ?? []; }
    catch { return []; }
  },
  save(items) {
    localStorage.setItem(this.key, JSON.stringify(items));
  }
};


장점

“저장 방식 교체”가 한 파일 수정으로 끝남

데이터 깨짐에도 복구 로직 넣기 쉬움

E. 소비자 체감이 갈리는 지점: 낙관적 업데이트 vs 확인 후 업데이트

특히 서버가 붙는 순간 UX 차이가 큼.

1) 낙관적(Optimistic) 삭제: 빠르게 보이게

클릭 즉시 UI에서 사라짐 → 체감 빠름

서버 실패 시 롤백 필요

2) 확인 후(Confirm) 삭제: 안정적

서버 응답 후 UI 반영 → 체감 느릴 수 있음

대신 일관성/신뢰성 높음

프로젝트 성격에 따라 선택이 갈려.

개인 ToDo/메모: 낙관적이 보통 좋음(빠릿함)

돈/결제/재고/업무: 확인 후가 안전(신뢰성)

선택 가이드: “프로젝트가 뭐냐”에 따라 답이 달라짐
1) 연습/코테/포트폴리오 미니 CRUD

B(로직 분리 + commit) 추천

너무 무거운 Store는 오버일 수 있음

2) “검색/정렬/필터/페이지” 붙을 앱

C(Store) + D(storage) 추천

상태가 늘어나는 순간 Store가 압도적으로 편해짐

3) “로그인/서버/권한/동기화” 있는 서비스형 앱

C(Store) + D(storage) + 서버 API 레이어 추천

낙관적/확인 후 업데이트도 설계 포인트

네가 지금 딱 결정하면 좋은 기준 3개

상태가 2개 이상이면(Store 고려)

items + editingId만 있어도 이미 2개임

save/render가 2번 이상 반복되면(commit 필수)

add/edit/delete에 다 들어가면 3번 반복

나중에 서버 붙일 가능성 있으면(storage 분리 필수)

그때 가서 바꾸면 손이 많이 감","[""import"",""coding""]",2026-02-22 11:37:06.24266+00,e1848554-ffae-479c-a8cd-4c0d77b7bed2,2026-03-19 15:55:50.007522+00,0,0,0,2026-03-19 15:55:50.007522+00,0,null,null,null,false,null,jp-dev-study-log-next,2026-01-13 08:05:20.476+00,1768291520476,false,null,null,null,"{""tables"":{""1"":{""rows"":[],""columns"":[]}}}",null,[],null,null
d5bcb736-15af-4590-a9f5-3f6b42109a5d,発酵（はっこう）,"https://youtu.be/dmKuEIvfpek?si=HYIzQOrltJOXv-Zc

発酵（はっこう）は、微生物（乳酸菌、麹菌、酵母など）の酵素が有機物を分解・代謝し、人間にとって有益な物質を作り出す現象です。風味向上、保存性向上、栄養価アップ（ビタミン、アミノ酸の増加など）のメリットがある。ヨーグルト（乳酸発酵）、パン・ワイン（アルコール発酵）、味噌・醤油（麹菌）などが代表的である。 
1. 発酵の仕組みと特徴
微生物の働き: 乳酸菌、カビ（麹菌）、酵母菌などが原料の栄養を分解し、エネルギーを獲得する過程で物質が変化する。
腐敗との違い: 微生物による有機物の変質という点では同じだが、人間に有益なのが「発酵」、害をもたらすのが「腐敗」である。
酸素の有無: 嫌気（酸素がない）状態で進むことが多いが、カビの有機酸発酵など酸素が必要な場合もある。 
2. 主な発酵の種類
アルコール発酵: 酵母が糖をアルコールと炭酸ガスに分解。ビール、ワイン、パンなど。
乳酸発酵: 乳酸菌が糖を乳酸に分解。ヨーグルト、キムチ、チーズ、漬物など。
酢酸発酵: 酢酸菌がアルコールを酢酸に分解。お酢。
アミノ酸発酵: 微生物がアミノ酸を生成。調味料など。 
3. 日本における発酵文化
国菌「麹菌」: 味噌、醤油、酒、酢、みりんなど、日本の調味料は麹（こうじ）カビを活用したものが非常に多い。
多様性: 高温多湿な気候により、納豆、鰹節、漬物などバラエティに富んだ発酵食品が発展した。 
4. 発酵のメリット
保存性の向上: 微生物が生成する酸やアルコールが腐敗菌の繁殖を抑える。
栄養価の向上: ビタミンB群やアミノ酸が増加し、食材が消化しやすくなる。
旨味の向上: タンパク質がアミノ酸に分解されることで深い味わいが出る。 
5. 近年の展開
食品以外にも、美容、健康、医療、バイオ燃料、産業用酵素の生産など、幅広い分野に応用されている。

https://ja.wikipedia.org/wiki/%E7%99%BA%E9%85%B5

発酵（はっこう、英: fermentation、醱酵[注釈）は、酵素の働きによって有機物質に化学変化をもたらす代謝プロセスである。生化学では、酸素のない状態で炭水化物からエネルギーを取り出すことと、狭義に定義される。食品製造（英語版）においては、より広く、微生物の活動が食品や飲料に望ましい変化をもたらすあらゆる過程を指すこともある[1]。発酵の科学は発酵学または酵素学と呼ばれる。

微生物において、発酵は、有機栄養素の嫌気的（英語版）な分解を通じてアデノシン三リン酸（ATP）を生成する主要な手段である。

人類は新石器時代から、食品や飲料の生産に発酵を利用してきた。たとえば、発酵は、キュウリのピクルス、コンブチャ、キムチ、ヨーグルトなどの酸っぱい食品に含まれる乳酸を生成する工程で長期保存を可能としたり、ビールやワインなどのアルコール飲料の製造（英語版）にも利用されている。また、発酵は、人間を含むすべての動物の消化管内でも起こる。

工業的発酵（英語版）とは、化学物質、バイオ燃料、酵素、タンパク質、医薬品の大規模製造に微生物を応用する工程を指す、さらに上位の概念である。","[""import"",""japanese""]",2026-02-22 11:37:06.24266+00,e1848554-ffae-479c-a8cd-4c0d77b7bed2,2026-03-19 15:55:50.007522+00,0,0,0,2026-03-19 15:55:50.007522+00,0,null,null,null,false,null,jp-dev-study-log-next,2026-02-15 04:38:57.064+00,1771130337064,false,null,null,null,"{""tables"":{""1"":{""rows"":[],""columns"":[]}}}",null,[],null,null
d77f1240-f7e7-453e-9a5c-cbb9d234c3ae,「不甲斐ない（ふがいない）」,"鬼滅の刃無限列車編

「不甲斐ない（ふがいない）」は、期待に応えられず情けない、だらしない、意気地がない様子を表す言葉です。自分の力不足や結果が出なかったことに対する反省・自責の念、あるいは他者に対する失望を表す際に主に用いられます。 
主な意味とニュアンス
意味: 情けないほど意気地がない。だらしない。頼りにならない。
ニュアンス: ネガティブな感情が強く、主に自分自身の言動を恥じる際や、期待外れな結果に終わった時に使われる。 
例文・使い方
「不甲斐ない自分に腹が立つ」
「このような不甲斐ない結果になり、申し訳ありません」
「不甲斐ない部下だ」 
類語・言い換え
情けない
意気地がない
だらしない
力不足
頼りない 
注意点
「不」と「ない」の二重否定であるにもかかわらず、プラスの意味にならず、ネガティブな意味（否定的な状況）で使われるのが特徴。 

https://mazii.net/ko-KR/search/word/jako/%E4%B8%8D%E7%94%B2%E6%96%90%E3%81%AA%E3%81%84

◆ 기개가 없다; 칠칠치 못하다; 한심스럽다.

腑甲斐無い奴め
칠칠치 못한 녀석 같으니라고

腑甲斐無い成績
한심스러운 성적

あんな相手に負けるなんて腑甲斐無い
저런 상대에게 지다니 한심하다","[""import"",""japanese""]",2026-02-22 11:37:06.24266+00,e1848554-ffae-479c-a8cd-4c0d77b7bed2,2026-03-19 15:55:50.007522+00,0,0,0,2026-03-19 15:55:50.007522+00,0,null,null,null,false,null,jp-dev-study-log-next,2026-02-01 06:25:07.08+00,1769927107080,false,null,null,null,"{""tables"":{""1"":{""rows"":[],""columns"":[]}}}",null,[],null,null
dc647940-16bd-405f-baee-670c3c655115,"'存分'(ぞんぶん, zonbun)","https://youtu.be/9B1izCJwtmM?si=2G6gnglAc7Pgmzgy

'存分'(ぞんぶん, zonbun)은 일본어 부사로, '마음껏', '충분히', '원하는 만큼' 이라는 뜻이며, 어떤 행동을 후회 없이 마음이 만족할 때까지 충분히 하는 것을 나타냅니다. 명사 '存分'으로 쓰이기도 하며, '思う存分'(오모우존분)처럼 다른 동사와 함께 쓰여 '마음껏 ~하다'라는 의미를 강조합니다. 
주요 의미:
마음껏, 실컷
충분히, 남김없이
원하는 만큼 
예시:
存分に楽しむ (zonbun ni tanoshimu): 마음껏 즐기다, 실컷 즐기다.
思う存分食べる (omou zonbun taberu): 배가 부를 때까지 먹다, 마음껏 먹다. 
한국어 사용 예시:
""오늘 저녁은 잔뜩 먹고 싶어."" (여기서 '잔뜩'이 '存分'의 뉘앙스와 유사)
""여행 가서 실컷 구경 하고 싶어."" (마음껏, 충분히의 의미)

https://mazii.net/ko-KR/search/word/jako/%E5%AD%98%E5%88%86

◆ 뜻대로; 생각대로; 마음껏; 흡족하게.

思う存分歌う
마음껏 노래하다

思う存分食べる
실컷 먹다

思う存分腕を振るう
마음껏 기량을 발휘하다[펼치다]","[""import"",""japanese""]",2026-02-22 11:37:06.24266+00,e1848554-ffae-479c-a8cd-4c0d77b7bed2,2026-03-19 15:55:50.007522+00,0,1,0,2026-03-19 15:55:50.007522+00,0,null,null,null,false,null,jp-dev-study-log-next,2026-01-21 13:43:32.333+00,1769003012333,false,null,null,null,"{""tables"":{""1"":{""rows"":[],""columns"":[]}}}",null,[],null,null
dde688f0-b8b9-401e-8c49-b95bf6607108,「挟まれて（はさまれて）」,"https://youtu.be/HLiervLfbbo?si=3rb0BOjxkdV0qamW

こんな感じでベーコンとチーズが挟まれていて...
이런식으로 베이컨과 치즈가 끼워져있고

「挟まれて（はさまれて）」は、二つの物の間に入り込んだ状態や、両側から押さえつけられて動けない状態を指す言葉です。物理的な位置関係や、仕事・事故の危険シーン（機械への挟まれ）、あるいは精神的な板挟み状態などで用いられます。 
主な意味と使い方
類語・関連語
板挟み（いたばさみ）
狭間（はざま）
挟まる（はさまる）
巻き込まれる（まきこまれる） 
類義語として「狭間で」「間」なども使われます。","[""日本語"",""鈴木優香"",""旅行""]",2026-02-22 11:37:06.24266+00,e1848554-ffae-479c-a8cd-4c0d77b7bed2,2026-03-19 15:55:50.007522+00,0,2,0,2026-03-19 15:55:50.007522+00,0,null,null,null,false,null,jp-dev-study-log-next,2026-02-19 02:35:48.805+00,1771468548805,false,null,null,null,"{""tables"":{""1"":{""rows"":[],""columns"":[]}}}",null,[],null,null
e0464fb9-438b-4533-b460-31e74b9b7f5b,「攻める（せめる）」,"「攻める（せめる）」は、敵や目標に対して攻撃を仕掛け、防御を突破して有利な状況を作ること。相手の領地、相手の心理、または将棋の駒などにおいて、強気な姿勢で積極的に相手を追いつめる、または攻撃を仕掛けることを意味する。反意語は「守る（まもる）」。 
具体的な意味と使われ方：
攻撃する・襲う: 敵や城を攻める、軍事行動。
積極的に仕掛ける: 剣道で相手を崩す、恋愛でアプローチする、事業を展開する。
挑戦的な手法: 攻めてるファッション（＝攻めファッション）、新しい料理への挑戦。 
※注意：同音異義語の「責める（せめる）」は、過ちを非難したり（とがめる）、相手を追い詰めて苦しめる（責め苦）意味で使用される。","[""import"",""japanese""]",2026-02-22 11:37:06.24266+00,e1848554-ffae-479c-a8cd-4c0d77b7bed2,2026-03-19 15:55:50.007522+00,0,0,0,2026-03-19 15:55:50.007522+00,0,null,null,null,false,null,jp-dev-study-log-next,2026-02-16 02:44:04.746+00,1771209844746,false,null,null,null,"{""tables"":{""1"":{""rows"":[],""columns"":[]}}}",null,[],null,null
e0d26c6d-1f9f-433b-81d8-67a21dfb1b79,「登り切る（のぼりきる）」,"「登り切る」とは、坂、山、階段などを頂上や目的地まで最後まで力強く登り終えること、または困難な状況や課題を乗り越えて達成するという意味で使われ、英語では to scale や to finish climbing などと表現されます。特にクライミングなどでは「完登（かんとう）」とも言われ、一定の基準をクリアして登り終えることを指します。 
意味と使い方
物理的に登り終える:
「長い坂道を登り切るために、途中で休憩を取り入れた」。
「険しい山を登り切る」。
比喩的に困難を乗り越える:
「このプロジェクトを何とか登り切るぞ！」
「多くの困難を登り切る」
関連表現:
完登（かんとう）: 登山で一つのルートを登り切ること、または複数の山を登り切ることを指す言葉。 
漢字の使い分け
登る（のぼる）: 坂道や崖、山などを移動して進む場合に使う。
昇る（のぼる）: 日が昇る、エレベーターで上がるなど、一気に高く上がる、上昇する意味で使う。
上る（のぼる）: 全体的に物事が上方向へ進む意味で使う（例: 物価が上る）。 
「登り切る」は、物理的な「登る」に「～し終える」というニュアンスが加わり、「最後までやり遂げる」という強い意志が込められます。","[""import"",""japanese""]",2026-02-22 11:37:06.24266+00,e1848554-ffae-479c-a8cd-4c0d77b7bed2,2026-03-19 15:55:50.007522+00,0,0,0,2026-03-19 15:55:50.007522+00,0,null,null,null,false,null,jp-dev-study-log-next,2026-01-05 02:20:01.192+00,1767579601192,false,null,null,null,"{""tables"":{""1"":{""rows"":[],""columns"":[]}}}",null,[],null,null
e148c0ac-2cc3-436b-a8a9-75cc5a13cf13,怒鳴る行為（怒鳴り）,"https://youtu.be/RSPk7eaRXJU?si=QpDIaQW7r7SoOx8R

怒鳴る行為（怒鳴り）は、怒りや感情の高ぶりにより大声を出すことであり、相手への精神的攻撃や威嚇、恐怖を与える行動です。職場ではパワーハラスメント、家庭では心理的虐待となる可能性があり、相手の心身に深刻な影響を及ぼします。冷静なコミュニケーションや一時的に距離を置く対策が必要です。 
怒鳴る行為の概要と影響
本質: 怒りによって声を荒らげる、わめき散らす行為。単なる大きな声だけでなく、相手をコントロールする目的で行われることも多い。
影響: 怒鳴られる側は恐怖や不安を覚え、長期的には脳の発達や心身の健康に悪影響が出る可能性がある。
法的側面: 相手の健康を害するほどの大声や脅迫的な言葉は、暴行罪や脅迫罪に抵触する恐れがある。 
怒鳴ってしまう理由と対処法（家庭・育児）
原因: 過去のトラウマ、日頃のストレス、睡眠不足、子供への過度な期待、感情コントロールの難しさ。
対策:
一呼吸置く: 怒りを感じたらその場を離れる、深呼吸する。
距離を置く: 子供と適度な距離を保ち、自分の時間を持つ。
ポジティブな感情を増やす: 子供と楽しい会話をする時間を増やす。
自己分析: なぜ怒鳴ってしまうのか、その瞬間の感情にラベルをつけてみる。 
怒鳴られた時の対処法
我慢しない: 黙って耐えると相手はエスカレートするため、静かに「そういう態度は困る」と伝える。
巻き込まれない: 相手の感情に反応せず、物理的に距離をとる。 
「怒鳴り」は、人間関係や職場環境を破壊する不適切な行為であり、感情をコントロールし、冷静に対処することが求められます。","[""import"",""japanese""]",2026-02-22 11:37:06.24266+00,e1848554-ffae-479c-a8cd-4c0d77b7bed2,2026-03-19 15:55:50.007522+00,0,0,0,2026-03-19 15:55:50.007522+00,0,null,null,null,false,null,jp-dev-study-log-next,2026-02-01 22:48:03.065+00,1769986083065,false,null,null,null,"{""tables"":{""1"":{""rows"":[],""columns"":[]}}}",null,[],null,null
e26697e6-ef8c-417f-a0b1-3e6a085db1c2,「備えて（そなえて）」,"「備えて（そなえて）」は、将来起こるかもしれない不測の事態や必要性に対し、前もって準備や用意をしておく、あるいは必要なものを整えておくことを指す言葉です。防災準備や、リスク管理（「万が一に備えて」）など、事前に心身や物理的な態勢を整える文脈で幅広く使われます。 
主な意味と使い方
事前の準備: 災害やトラブルに備えて、食料や備品をストックする。
設備・機能の保有: 必要な性能や機能をあらかじめ整える、あるいは持たせる。
心の準備: 不安や危険に対して、精神的に心構えをする。 
関連する表現
万が一に備えて: 万一の事態を予想して準備する（念のため、大事をとって）。
準備を整える: 必要なものを全てそろえておく。
備えあれば憂いなし: 前もって準備をしておけば、いざという時にも心配ないという教え。","[""import"",""japanese""]",2026-02-22 11:37:06.24266+00,e1848554-ffae-479c-a8cd-4c0d77b7bed2,2026-03-19 15:55:50.007522+00,0,1,0,2026-03-19 15:55:50.007522+00,0,null,null,null,false,null,jp-dev-study-log-next,2026-01-31 19:09:22.143+00,1769886562143,false,null,null,null,"{""tables"":{""1"":{""rows"":[],""columns"":[]}}}",null,[],null,null
e3337add-31b2-4087-8a68-42a599bc5916,つまらないとくだらないの違さ,"https://m.blog.naver.com/qeqwe7/221713412781

つまらない
주관적으로 재미없다, 시시하다
개인적인감정을 나타냄

つまらない物ですが、どうぞ。
변변치않은 물건입니다만 어서(받으세요)
- 선물을 주면서 겸손하게 말하는 표현

映画、つまらなくてあくびてたよ。
영화, 재미없어서 하품이 나왔어

くだらない
객관적으로 가치가 없다, 내용의 수준이 낮다, 하찮다
자신의 감정은 나타낼 수 없다

下品でくだらない番組
저질이고 시시한 방송프로

くだらない漫画ばかり読んでいる。
시시한 만화만 보고있다","[""import"",""japanese""]",2026-02-22 11:37:06.24266+00,e1848554-ffae-479c-a8cd-4c0d77b7bed2,2026-03-19 15:55:50.007522+00,0,0,0,2026-03-19 15:55:50.007522+00,0,null,null,null,false,null,jp-dev-study-log-next,2026-01-07 15:14:59.555+00,1767798899555,false,null,null,null,"{""tables"":{""1"":{""rows"":[],""columns"":[]}}}",null,[],null,null
e364a9b1-d3cc-484b-b9a0-8210c1c6924e,「覚（さ）ます」,"「覚（さ）ます」は、眠っている人を起こす（目を覚ます）、酔いを醒ます、または迷いや夢から醒めさせる（現実に戻す）という意味を持つ他動詞です。眠りや意識が混濁した状態から、通常の状態へ移行させる行為を指します。 
主な意味と用法
目を覚ます: 眠っている人を起こす。 (例: 目覚まし時計が私を覚ます)
醒ます（酔い）: 酔った状態から正気に戻す。
迷いを覚ます: 心の惑いを解く、現実を見させる。 
関連語
覚める/醒める (自動詞): 自然に目が覚める、酔いがさめる。
冷ます (同音異義語): 温度を下げる。 
「覚ます」は「眠り」や「意識」の能動的な「さめ」を指す際によく使われます。 

https://mazii.net/en-US/search/word/jako/%E3%81%95%E3%81%BE%E3%81%99

◆ 깨다; 깨우다.
◆ 잠∙꿈 등에서 벗어나게 하다.

眼気を覚す
졸음을 깨우다

爆音に驚かされて目を覚ます
폭음에 놀라서 잠을 깨다

雨の音に目を覚した
빗소리에 잠을 깼다

◆ 술기운 등을 사라지게 하다.

酔いを覚す
취기를 깨다

その人は酔いを覚してから帰った
그 사람은 술이 깬 뒤에 돌아갔다

◆ 깨우치다; (미혹 등에서) 깨닫게 하다.

青少年の迷いを覚す。
청소년을 미망(迷妄)에서 깨어나게 하다","[""import"",""japanese""]",2026-02-22 11:37:06.24266+00,e1848554-ffae-479c-a8cd-4c0d77b7bed2,2026-03-19 15:55:50.007522+00,0,0,0,2026-03-19 15:55:50.007522+00,0,null,null,null,false,null,jp-dev-study-log-next,2026-02-01 06:47:32.304+00,1769928452304,false,null,null,null,"{""tables"":{""1"":{""rows"":[],""columns"":[]}}}",null,[],null,null
e3b4441a-c8e2-4474-8097-8dbca66afef0,「ちなみに」,"「ちなみに」は、前に話した内容に「ついでに言うと」という形で、関連する補足情報や余談を付け加える接続詞です。本筋から少しずれるけれど、役立つ情報や、関連する別の視点を提示する際に使われ、漢字では「因みに」と書きますが、一般的にはひらがなで表記されます。 
「ちなみに」のポイント
意味: 「ついでに」「参考までに」といったニュアンス。
役割: 本題に付随する追加情報、関連情報、または少しずれた話題を導入する。
使用例: 「明日の会議は10時からです。ちなみに、資料は事前に目を通しておいてください」。
ビジネスでの注意点: 丁寧語ではないため、フォーマルな場では「ちなみに申し上げますと」のように丁寧な言葉と組み合わせるか、言い換えを検討する。 
使い方（例）
「この商品は人気のシリーズです。ちなみに、来月新色が出ますよ」。
「A社との契約は無事終了しました。ちなみに、先方から感謝の言葉をいただきました」。 
注意点
関連性: 補足する内容は、前の話と関連している必要があります。
使いすぎに注意: 多用すると情報が整理されていない印象を与えるため、メールでは1回程度に留めるのがおすすめです。

덧붙여서 (말하면); 이와 관련하여

・そちらの商品(しょうひん)は現在(げんざい)在庫(ざいこ)が切(き)れています。
ちなみに再入荷(さいにゅうか)の日(ひ)にちは来週(らいしゅう)の月曜日(げつようび)になります。
그 상품은 현재 재고가 없습니다.
덧붙여서, 재입고일은 다음주 월요일입니다.

・ちなみに、よろしければ、
こちらの商品(しょうひん)もご検討(けんとう)くださいませ。
덧붙여서, 괜찮으시면 이 상품도 검토해주십시오.

・弊社(へいしゃ)の渋谷店(しぶやてん)の売上(うりあげ)が好調(こうちょう)でございます。
ちなみに来年(らいねん)には初(はじ)めての海外(かいがい)店舗(てんぽ)の開設(かいせつ)も予定(よてい)しております。
저희 회사의 시부야점의 매출이 순조롭습니다.
덧붙여서, 내년에는 처음으로 해외 점포의 개설도 예정하고 있습니다.

・本日(ほんじつ)はご連絡(れんらく)いただきありがとうございます。
ちなみに明日(あす)より弊社(へいしゃ)の商品(しょうひん)の一部(いちぶ)が50％オフになります。
오늘은 연락주셔서 감사합니다.
덧붙여서, 내일부터 저희 회사의 상품 일부가 50% 할인이 됩니다.

・ちなみに、念(ねん)のため申(もう)し添(そ)えますと、
来週(らいしゅう)より休暇(きゅうか)を取(と)らせていただきますので、
よろしくお願(ねが)いいたします。
덧붙여서, 혹시 몰라 첨부하며
다음주부터 휴가에 들어가게 되었으므로 잘 부탁드립니다

https://blog.naver.com/u_hakseang/221371712795

◆ 덧붙여서 (말하면); 이와 관련하여.

ちなみに言えば
덧붙여 말하면; 이와 관련하여 말하면

ちなみに申し上げますと
덧붙여 말씀드리면

ちなみに、氏は本校の卒業生であります
덧붙여서 말하면 씨는 본교 졸업생입니다

https://mazii.net/ko-KR/search/word/jako/%E3%81%A1%E3%81%AA%E3%81%BF%E3%81%AB","[""import"",""japanese""]",2026-02-22 11:37:06.24266+00,e1848554-ffae-479c-a8cd-4c0d77b7bed2,2026-03-19 15:55:50.007522+00,0,1,0,2026-03-19 15:55:50.007522+00,0,null,null,null,false,null,jp-dev-study-log-next,2026-01-04 17:09:34.366+00,1767546574366,false,null,null,null,"{""tables"":{""1"":{""rows"":[],""columns"":[]}}}",null,[],null,null
e496f777-c182-436f-9c25-e5899ef032d8,「溢れる（あふれる）」と「零れる（こぼれる）」の違さ,"「溢れる（あふれる）」は容量を超えていっぱいに満たされ、外へ流れ出る様子や、感情が内からあふれる状態を表し、「零れる（こぼれる）」は容器に入りきらない量、あるいは少量でも不意に外へ漏れ落ちる・こぼれ落ちる状態を指し、特に物理的な液体の漏出や粒子の落下によく使われます。 
溢れる（あふれる）
意味:
量が多い: 容器の限界を超えて、いっぱいに満たされて外に出る。「コップの水があふれる」。
感情・才能など: 感情や才能などが、抑えきれずに外へ表れる。「希望にあふれる」「才能があふれる」。
漢字のイメージ: 器から盛り上がってあふれる様子。 
零れる（こぼれる）
意味:
漏れ落ちる: 液体や粉、粒などが、容器から落ちる、こぼれる。「水がこぼれる」「砂がこぼれる」「涙がこぼれる」。
内から自然に: 感情などが内側から自然に表れる。「笑いがこぼれる」「色がこぼれる（色気）」。
「溢れる」との違い: 量が多すぎてあふれるだけでなく、少量でも不意に漏れたり、容器から落ちたりする状況でも使います。多くの場合、より物理的で偶発的な漏出を指します。 
使い分けの例
水:
「鍋いっぱいに水を入れすぎて、あふれた」 (容量オーバー)。
「テーブルに置いたコップが倒れて水がこぼれた」 (不意の落下・漏出)。
感情:
「喜びで胸があふれる」 (内から湧き出る感情)。
「面白くて、思わず笑いがこぼれた」 (自然に表れた笑い)。 
まとめ
あふれる: 満杯、いっぱいになる、内面から湧き出る。
こぼれる: 漏れる、落ちる、不意に表れる。

https://m.blog.naver.com/minnnade/221358197758

あふれる

1. 정해진 용량이 차서 더이상 넣을 수 없어 밖으로 일부가 넘쳐나오는것
2. 기운, 분위기나 기분이 흘러 넘치는 것

今回の成功で彼は自信に溢れていました

こぼれる

1. 정해진 용량이나 한도에 상관없이 흔들리거나 부딛히거나 쓰러지거나 넘어져서 넘치는 것
2. 감정이나 눈물 등이 무의식적으로 흐르는 것

彼の手紙をもらったら彼が愛しくて、今すぐ会いたくなって涙がこぼれてしまいました。
남자친구에게 편지를 받으니 그가 사랑스러워서 지금 당장 보고싶어져서 눈물이 흘러버렸습니다.","[""import"",""japanese""]",2026-02-22 11:37:06.24266+00,e1848554-ffae-479c-a8cd-4c0d77b7bed2,2026-03-19 15:55:50.007522+00,0,0,0,2026-03-19 15:55:50.007522+00,0,null,null,null,false,null,jp-dev-study-log-next,2026-01-09 02:44:45.102+00,1767926685102,false,null,null,null,"{""tables"":{""1"":{""rows"":[],""columns"":[]}}}",null,[],null,null
e4a89acb-8bb9-4228-bc19-15f79efb83ff,「湿る（しめる）」,"Netflix　Talk Queens　07

「湿る（しめる）」は、物や空気が水分を含んでしっとりする、または濡れる状態を指す動詞です。洗濯物、湿気を含んだ空気、海苔などの乾燥食品が柔らかくなる際によく使われます。類語には濡れる、湿気を帯びる、湿り気を持つなどがあります。 
意味と特徴
物理的な湿気: 物が水分を吸って、乾いていない状態。「湿った洗濯物」「湿った海苔」。
大気の湿度: 空気が湿り気を帯びている状態。「空気が湿る」「湿った風が吹く」。
古語・その他: 火が消える、静かになる、物思いに沈むなどの意味でも使われました。 
「湿る」と類似語・関連語の使い分け
湿る (しめる): わずかな水分を含んだ状態。
湿気る (しける): 主に乾燥食品が空中の水分を吸って食感が悪くなること。「海苔が湿気る」。
濡れる (ぬれる): 水がついて濡れている状態。滴る（したたる）ほど濡れていることも含む。 
よく使われる表現
湿った空気 / 湿った風
洗濯物が湿る
湿っぽい（しめっぽい：湿り気がある、またはお通夜などのしんみりした様子） 

https://mazii.net/ko-KR/search/word/jako/%E6%B9%BF%E3%82%8B

◆ 축축[눅눅]해지다; 촉촉히 젖다; 습기 차다.

夜露で湿った地面
밤이슬로 촉촉히 젖은 지면

湿った布団を日に干す
축축한 이불을 햇볕에 말리다

梅雨時で家の中が湿ってきた
장마철이라서 집 안이 눅눅해졌다

◆ 우울[침울]해지다; 활기가 없이 가라앉은 상태가 되다.

座が湿る
분위기가 가라앉다

打線が湿っている
(야구의) 타선이 활기를 잃고 있다

気持ちが湿りがちになる
기분이 자꾸 우울해지려 하다","[""import"",""japanese""]",2026-02-22 11:37:06.24266+00,e1848554-ffae-479c-a8cd-4c0d77b7bed2,2026-03-19 15:55:50.007522+00,0,0,0,2026-03-19 15:55:50.007522+00,0,null,null,null,false,null,jp-dev-study-log-next,2026-01-24 13:42:53.188+00,1769262173188,false,null,null,null,"{""tables"":{""1"":{""rows"":[],""columns"":[]}}}",null,[],null,null
e5dbe628-4348-4d8e-9238-f0ea2d1ac813,想定,"https://youtu.be/mdLc-sEqF2M?si=5mBoCSMv1dysyTwj

https://mazii.net/ko-KR/search/word/jako/%E6%83%B3%E5%AE%9A

◆ 상정; 어떤 조건이나 상황을 가정적으로 생각하여 단정하는 것.

想定敵国
상정[가상] 적국

勝つという想定のもとに事を運ぶ
승리한다는 상정하에 일을 진행하다

大地震発生を想定して防災訓練を行う
대지진 발생을 상정하여 방재 훈련을 하다","[""import"",""japanese""]",2026-02-22 11:37:06.24266+00,e1848554-ffae-479c-a8cd-4c0d77b7bed2,2026-03-19 15:55:50.007522+00,0,0,0,2026-03-19 15:55:50.007522+00,0,null,null,null,false,null,jp-dev-study-log-next,2026-02-07 10:46:51.136+00,1770461211136,false,null,null,null,"{""tables"":{""1"":{""rows"":[],""columns"":[]}}}",null,[],null,null
e7adf48e-0ef6-4745-8ba3-2e3fc1ac1793,「目立っている」,"Netflix　Talk Queens　03

「目立っている」とは、周りのものと比べて際立って見え、人の注意を引く状態を指し、能力や外見が優れている（いい意味）場合も、失敗や振る舞いが悪く注目される（悪い意味）場合もあり、「際立っている」「注目される」「目を引く」などの類語で言い換えられますが、状況によって「異彩を放つ」「悪目立ち」といったニュアンスも持ちます。 
意味と使われ方
良い意味:
能力や才能が抜きん出ている（例: 「チームの中で彼だけが目立っている」）。
容姿や服装が魅力的で目を引く（例: 「彼女のドレスはひときわ目立っていた」）。
カリスマ性がある、存在感がある（例: 「プレゼンで彼が目立っていた」）。
悪い意味:
失敗や行動が周囲に気づかれやすい（例: 「彼は少し目立たないように振る舞った」）。
悪目立ちする、浮いて見える（例: 「派手な服装で目立っていた」）。
中立・その他:
物事がはっきりと認識できる状態（例: 「色の違いが目立っている」）。 
類語・言い換え表現
良い意味で目立つ: 際立つ、抜きん出る、秀でる、群を抜く、頭角を現す、異彩を放つ、抜群。
悪い意味で目立つ: 悪目立ち、人目を引く（悪い意味で）、目に付く。
中立的に目立つ: はっきりしている、明確、目を引く、人目に立つ、浮き上がる。

https://www.kpedia.jp/w/17743

「目立つ」の韓国語「눈에 띄다」を使った例文

・그는 잘 생겨서 많은 사람들 속에서도 단연 눈에 띈다.
彼はカッコよくて、人混みの中でもひときわ目立つ。

・학교에서는 눈에 띄지 않는 얘였거든요.
学校では目立たない子だったんですよ。

・잡지를 펼치자 스캔들 기사가 눈에 띄었습니다.
雑誌を開くとスキャンダルの記事が目につきました。

・그의 패션은 매우 독특해서 어디를 가든지 눈에 띈다.
彼のファッションはかなり独特なので、どこに行っても目立つ。

・망고 수입량이 눈에 띄게 증가하고 있다.
マンゴの輸入量が著しく伸びている。

・신인상 심사 위원을 맡고 있을 때 무명 작가의 문장이 눈에 띄었다.
新人賞の選考委員を務めたとき、無名の作家の文章が目に止まった。

・눈에 띄지 않는 작은 문제점을 하나 둘 개선해 나갔다.
目立たない小さな問題点を一つ、二つ改良していった。

・어렸을 때부터 눈에 띄는 외모로 어디를 가나 주목을 받았다.
幼い頃から人目を惹く外見で何処に行っても注目を浴びた。

・아이들의 성장은 눈에 띌 정도로 빠릅니다.
子供たちの成長は目立つほど早いです。

・그녀의 빨간 립스틱이 눈에 띄었습니다.
彼女の赤い口紅は目立っていました。

・그녀는 항상 눈에 띄는 복장을 한다.
彼女はいつも目立つ服装をする。

・연애인이라 그런지 역시 눈에 띄네요.
芸能人だからか、やはり目立ちますね。

・눈에 띄는 곳에 벽보를 붙였어요.
目に付く場所に貼り紙をしました。

・그 광고가 아주 눈에 띄는 디자인이에요.
その広告がとても目に付くデザインです。

・책상 위에 눈에 띄도록 책을 놓았어요.
机の上に目に付くように本を置きました。

・사람들 눈에 띄지 않는 장소를 골랐습니다.
人目につかない場所を選びました。

・남의 눈에 띄지 않는 시간대에 방문했어요.
人目につかない時間帯に訪問しました。

・남의 눈에 띄지 않는 곳에서 작업하고 있습니다.
人目につかないところで作業しています。

・그는 조용히 있으려 했지만 되려 눈에 띄었어요.
彼は目立たないようにしていたのに、むしろ目立ちました。

・그녀는 예뻐서 많은 유난히 눈에 띄었다.
彼女は美しく、ひときわ目立っていました。

・빨간 외관이 유난히 눈에 띄다.
赤い外観がひときわ目立つ。

・유난히 눈에 띄다.
ひときわ目立つ！

・오후가 되자 집중력이 눈에 띄게 감퇴했다.
午後になると集中力が目に見えて低下した。

・쓸쓸히 남겨진 의자 하나가 눈에 띄었다.
寂しく置かれた一脚の椅子が目に留まった。

・펄럭이는 현수막이 눈에 띄었어요.
はためく横断幕が目に留まりました。

・눈에 띄는 부분만 뽑아내서 보고했다.
目立つ部分だけを抜き出して報告した。

・건물의 돌출된 기둥이 눈에 띈다.﻿
建物の突出した柱が目立つ。﻿

・중소·영세 업체들의 폐업이 눈에 띄게 늘고 있다.
中小企業や零細企業等の廃業が目立って増えている。","[""import"",""japanese""]",2026-02-22 11:37:06.24266+00,e1848554-ffae-479c-a8cd-4c0d77b7bed2,2026-03-19 15:55:50.007522+00,0,0,0,2026-03-19 15:55:50.007522+00,0,null,null,null,false,null,jp-dev-study-log-next,2026-01-21 01:03:34.341+00,1768957414341,false,null,null,null,"{""tables"":{""1"":{""rows"":[],""columns"":[]}}}",null,[],null,null
e7de38c2-9d2c-4e66-99a2-6b86c9006335,見合い（みあい）,"見合い（みあい）とは、結婚を希望する男女が、親族・知人・結婚相談所などの第三者の仲介（世話人・仲人）のもと、結婚を前提として初めて顔を合わせ、互いの性格や条件などを確認する出会いの形式です。現代では、結婚相談所やオンラインサービスを通じたものが主流で、身元が確かで結婚への意欲が高い相手と効率的に出会うための婚活方法として支持されています。 
見合いの主なポイント
目的: 結婚を真剣に考えている男女が出会い、相互理解を深めて結婚相手を見つけること。
仲介者: 親、親族、友人、結婚相談所などが仲介役となる。
現代の形式:
仲人（親族・知人）経由: 昔ながらの形式で、信頼性が高い。
結婚相談所: 専門の仲介者が条件に合う相手を紹介し、お見合いを設定する。
オンライン: アプリやサイトを通じて、仲介者のサポートのもとオンラインで顔合わせも。
特徴:
結婚への意欲: 恋愛結婚が主流の現代でも、結婚を前提としているため、効率的に相手を探せる。
条件重視: 家族構成、学歴、職業、年収などの条件を確認しやすく、合理的な相手探しが可能。
歴史: 家と家との結びつきが重視された時代から、現代の個人主体の出会いへと変化してきた。 
お見合いのメリット
結婚への真剣度が高い人と出会える。
身元や家族背景などの情報を事前に把握できる。
結婚相談所などを利用すれば、多くの候補者と効率的に出会える。 
お見合いのデメリット
仲介者が目上の人（上司や親戚）の場合、断りづらいことがある。
恋愛感情が先行する恋愛結婚に比べ、相手との関係構築に時間を要する場合がある。

https://mazii.net/ko-KR/search/word/jako/%E8%A6%8B%E5%90%88%E3%81%84

◆ 서로 마주 보는 것.
◆ 맞선; 맞선 봄.

見合い（結婚）
二人は見合いもしないで結婚した
두 사람은 맞선도 안 보고 결혼했다

◆ 대응하는 것; 균형이 잡힌 것.

需給の見合 い
수급의 균형

出荷との見合いで生産する
출하와의 균형을 맞추어 생산하다

◆ (바둑에서) 맞보기; 거의 동등한 가치를 갖는 두 개의 착점(着点)을 쌍방이 번갈아 놓을 수 있는 상태.","[""import"",""japanese""]",2026-02-22 11:37:06.24266+00,e1848554-ffae-479c-a8cd-4c0d77b7bed2,2026-03-19 15:55:50.007522+00,0,0,0,2026-03-19 15:55:50.007522+00,0,null,null,null,false,null,jp-dev-study-log-next,2026-01-12 12:26:09.122+00,1768220769122,false,null,null,null,"{""tables"":{""1"":{""rows"":[],""columns"":[]}}}",null,[],null,null
ea2890f3-ea7f-4be9-8c39-37c326d4d55d,「取り付け（とりつけ）」,"https://youtu.be/VfC-W0zf9BM?si=WkojqrZJrlqDmqln

「取り付け（とりつけ）」とは、機械や器具などを特定の場所や物へ装着・設置することを指し、「設置」「据え付け」と似ていますが、より幅広い物（電化製品、部品など）に使える言葉で、専門的な作業を伴うこともあります。また、金融分野では信用不安から預金者が殺到する「取り付け騒ぎ」を意味したり、常連客が特定の店から商品を買うことを指す場合もあります。 
主な意味
物理的な装着・設置:
エアコン、照明、部品などを壁や天井、他の機器に固定し、使える状態にすること。
例：「エアコンの取り付け」「棚の取り付け」。
（金融用語）取り付け騒ぎ:
銀行などへの信用不安から、預金者が一斉に払い戻しを求める現象（Bank Run）。
（俗語）購入・仕入れ:
いつも同じ店から商品を買うこと、その常連客を指す。 
類語・関連語
設置、据え付け、装着、備え付け、セットアップ、組み込み。 
英語での表現
install, put in, have something installed。 
どのような文脈で使われるか
家電製品の購入・設置（「取り付け工事」など）。
DIYや修理（「自分で取り付ける」「取り付けてもらう」）。
ビジネス（「部品の取り付け」「取り付け費用」）。
歴史・経済（「取り付け騒ぎ」）。

https://mazii.net/ko-KR/search/word/jako/%E5%8F%96%E3%82%8A%E4%BB%98%E3%81%91

◆ 장치; 설치(함).

機械[アンテナ]の取り付け
기계[안테나]의 설치

取り付け料
설치료; 설치 요금

瞬間湯沸かし器の取り付け費用
순간 온수기 설치 비용

◆ (어떤 가게에서) 대놓고 삼; 단골로 삼; 또, 그 가게.

取り付けの店
단골 가게

取り付けの酒屋
단골 술집

◆ 신용을 잃은 은행에 예금주들이 돈을 찾으려고 몰려듦.

取り付け騒ぎ
예금 인출 소동[사태]","[""import"",""japanese""]",2026-02-22 11:37:06.24266+00,e1848554-ffae-479c-a8cd-4c0d77b7bed2,2026-03-19 15:55:50.007522+00,0,0,0,2026-03-19 15:55:50.007522+00,0,null,null,null,false,null,jp-dev-study-log-next,2026-01-07 05:27:23.789+00,1767763643789,false,null,null,null,"{""tables"":{""1"":{""rows"":[],""columns"":[]}}}",null,[],null,null
ed89dc62-df30-4a89-bc48-0c2f3626176a,歯磨き(はみがき),"https://youtu.be/HLiervLfbbo?si=JHfBon1qFNhv1mz0

歯磨きしてきました。
양치하고왔어요","[""import"",""japanese""]",2026-02-22 11:37:06.24266+00,e1848554-ffae-479c-a8cd-4c0d77b7bed2,2026-03-19 15:55:50.007522+00,0,1,0,2026-03-19 15:55:50.007522+00,0,null,null,null,false,null,jp-dev-study-log-next,2026-02-19 02:29:55.948+00,1771468195948,false,null,null,null,"{""tables"":{""1"":{""rows"":[],""columns"":[]}}}",null,[],null,null
ed8cc095-2a60-48b5-b77f-de65cb160053,「溢れる（あふれる）」,"https://youtu.be/RP7yT7INjAc?si=2TZRVvPEO4xYQhaZ

「溢れる（あふれる）」は、水などが容器や限界を超えて外にこぼれ出る様子や、人・物が入りきらずにはみ出すこと、感情や気力などが満ちて表現されることなどを意味する動詞で、「満ちる」「こぼれる」「はみ出す」「みなぎる」といったニュアンスで使われます。 
主な意味と例文
液体が満ちてこぼれる
「コップに水が溢れるほど注ぐ」
「川が溢れて町が水浸しになった」
人や物が入りきらずはみ出す
「スタンドに観客が溢れる」
「人で通路が溢れる」
感情や才能などが満ちて表現される
「涙が溢れる」
「意欲が溢れる作品」
「喜びが溢れる表情」 
類語・関連語
こぼれる: 漢字では「零れる」と書き、溢れると似ていますが、溢れるが「満ちてあふれる」状態を指すのに対し、こぼれるは量に関わらず「外に出る」ニュアンスが強いです。
満ちる（みちる）: いっぱいに満たされること。
みなぎる: 意気込みや力などが盛んになること（「横溢」など）。 
「溢れる」は、物理的な液体だけでなく、人の心の中にある感情やエネルギーなどが豊かに表現される様子を描写する際にもよく使われる表現です。

https://mazii.net/ko-KR/search/word/jako/%E6%BA%A2%E3%82%8C%E3%82%8B

◆ 남아서 퇴박당하다; 일자리를 얻지 못하다.（あふれる）

仕事に溢れた労働者
일자리를 얻지 못한 노동자

バイトに溢れる
아르바이트를 얻지 못하다

◆ (낚시 따위에서) 허탕 치다.（あふれる）

溢れて一匹も釣れなかった
허탕 쳐서 한 마리도 잡지 못했다

釣りに行ったが時化ですっかり溢れた
낚시하러 갔으나 바다가 거칠어서 완전히 허탕 쳤다

◆ 비어져 나와 흩어져 있다.（あふれる）
◆ (가득 차서) 넘치다; 넘쳐흐르다.（あふれる）

若さ溢れる街
젊음이 넘치는 거리

滋味溢れる文章
썩 재미있는 문장

才気に溢れる新人
재기 넘치는 신인","[""import"",""japanese""]",2026-02-22 11:37:06.24266+00,e1848554-ffae-479c-a8cd-4c0d77b7bed2,2026-03-19 15:55:50.007522+00,0,0,0,2026-03-19 15:55:50.007522+00,0,null,null,null,false,null,jp-dev-study-log-next,2026-01-04 01:56:00.773+00,1767491760773,false,null,null,null,"{""tables"":{""1"":{""rows"":[],""columns"":[]}}}",null,[],null,null
eed51078-0491-41d5-a399-64e7aebda416,「抜け出し（ぬけだし）」,"Netflix　トークサバイバー！～トークが面白いと生き残れるドラマ～

「抜け出し（ぬけだし）」とは、ある場所や状況、困難な状態などから、うまくそこを離れたり、脱出したりすることを意味する言葉で、「逃げ出す」「脱出する」「免れる」といった類語があり、子供がチャイルドシートから抜け出す防止グッズなど、具体的な場面でも使われます。 
意味のポイント
場所からの脱出: 監獄や窮屈な場所から出る場合など。
状況からの脱出: 困難な状況や、退屈な会議、つらい仕事などから離れる場合。
物理的な回避: 束縛や拘束から自由になること（例：ハーネスからの抜け出し）。 
例文
会議が長引いたので、そっと抜け出した。
子供がチャイルドシートから抜け出してしまうので困っている。
窮地を抜け出して、無事に生還した。
類語
脱出（だっしゅつ）: 物理的な場所から逃れる意味合いが強い。
逃げ出す（にげだす）: 危険や困難から逃れる意味合い。
免れる（まぬがれる）: 困難や災難を避ける、という意味。 
関連商品
チャイルドシートからの子供の抜け出し防止グッズなど、安全対策の商品名にも使われます。

https://mazii.net/ko-KR/search/word/jako/%E6%8A%9C%E3%81%91%E5%87%BA%E3%81%99

◆ 빠져나가다; 빠져나오다.
◆ 살짝 도망치다.

城を抜け出 す
성을 몰래 빠져나가다

授業をさぼって教室 から抜け出す
수업을 까먹고 교실에서 살짝 빠져나가다

◆ 바람직하지 못한 상태에서 벗어나다.

不況から抜 け出す
불황에서 빠져나오다

◆ (경쟁 등에서) 앞질러서 나가다.

混戦から抜け出 す
혼전에서 빠져나오다

◆ 빠지기 시작하다.

毛が抜け出す
털이 빠지기 시작하다","[""import"",""japanese""]",2026-02-22 11:37:06.24266+00,e1848554-ffae-479c-a8cd-4c0d77b7bed2,2026-03-19 15:55:50.007522+00,0,0,0,2026-03-19 15:55:50.007522+00,0,null,null,null,false,null,jp-dev-study-log-next,2026-01-12 09:52:18.698+00,1768211538698,false,null,null,null,"{""tables"":{""1"":{""rows"":[],""columns"":[]}}}",null,[],null,null
eef211c1-28b4-4460-826f-397da88f24b8,「仕上がる」（しあがる）,"https://youtu.be/pEFN8pERcHM?si=K_1pJxSHbo08k7rB

「仕上がる」（しあがる）は、物事が完成する、または作り終えることを意味し、「完成する」「出来上がる」「やり遂げる」といったニュアンスで使われます。主に、何かが最終的な形になる状態や、その品質・出来栄えを示すときに用いられる動詞です。 
意味と使い方
完成・結実: 物事や作業が終わり、目的を達成する状態。「レポートがようやく仕上がった」「料理が美味しく仕上がった」。
状態になる: 何かが作り上げられ、特定の性質や見た目になる。「表面が滑らかに仕上がった」「綺麗な仕上がりだ」。
「仕上げる」との違い:
「仕上がる」: 物が完成する（自動詞）。
「仕上げる」: 人が物事を完成させる（他動詞）。
例: 「仕上げる（他動詞）→ 完成させる」仕事、「仕上がる（自動詞）→ 完成する」作品。 
類語
完成する、出来上がる、作り上げる、やり遂げる、完遂する。 
例文
「このドレスは、デザイナーの手によって見事に仕上がった。」（完成した状態）。
「写真の仕上がりは、あと数日かかります。」（出来上がり、品質）。
「この家具は、とても丈夫に仕上がっている。」（品質・状態）。

https://mazii.net/en-US/search/word/jako/%E3%81%97%E3%81%82%E3%81%8C%E3%82%8B

◆ 마무리되다; 다 되다; 완성되다.

作品が仕上がる
작품이 완성되다

綺麗に仕上がる
깨끗이 마무리되다[완성되다]

仕上がってみると悪くない
완성되고 보니 괜찮다

◆ (경기 따위에 임할) 준비 태세가 갖춰지다.

試合前の調整が仕上がる
시합 전의 컨디션 조절이 잘되다","[""import"",""japanese""]",2026-02-22 11:37:06.24266+00,e1848554-ffae-479c-a8cd-4c0d77b7bed2,2026-03-19 15:55:50.007522+00,0,0,0,2026-03-19 15:55:50.007522+00,0,null,null,null,false,null,jp-dev-study-log-next,2026-01-09 04:27:15.911+00,1767932835911,false,null,null,null,"{""tables"":{""1"":{""rows"":[],""columns"":[]}}}",null,[],null,null
ef16c956-c205-47ea-80c2-45e54465b619,「踏んで（ふんで）」,"「踏んで」は動詞「踏む」（ふむ）の命令形や依頼形（「～してください」の「～て」の形）で、「足で上から押さえる」「（比喩的に）無視する・軽んじる」「地雷・バグを踏む」などの意味があり、文脈によって「地面を踏んで進む」「期待を裏切らないで（踏み切って）」など、具体的な行動から比喩的な意味まで幅広く使われます。 
主な意味と使い方
物理的に踏む
例：「この道、ちゃんと踏んで（足跡つけて）行こう」
例：「この石を踏んで（足がかりにして）登る」
比喩的に「無視する」「軽んじる」
例：「約束を踏んで（破って）しまった」
例：「彼の気持ちを踏んで（顧みず）行動した」
IT用語・隠語で「バグに遭遇する」
例：「新しいシステムで、また踏んで（バグを踏んで）しまったよ」
「～を踏まえて」（前提として考慮する）
例：「これまでの経験を踏んで（考慮して）、判断する」 
文脈が重要
「踏んで」だけでは意味が定まらないため、どのような状況で使われているかによって解釈が変わります。
もし、具体的な文脈があれば教えていただけると、より的確な回答ができます。

밟다

「踏む」の英語は文脈で異なり、「step on」（何かを踏む）、「step on someone's foot」（人の足を踏む）、「apply」（アクセル・ブレーキ）、「go through」（手続き）などがあり、「trample on」は踏みつける、踏みにじる（権利など）という強い意味です。 
具体的な表現と例文
step on / step on ~'s foot: 最も一般的で、足で何かを踏む、人の足を踏む。
I stepped on a banana.（バナナを踏んだ）
You stepped on my foot!（私の足を踏んだ！）
trample on: 踏みつける、踏みにじる（権利など）。
Their rights were trampled on.（彼らの権利は踏みにじられた）
apply (the brake/accelerator): アクセルやブレーキを踏む（操作する）。
I applied the brake.（ブレーキを踏んだ）
go through: 手続きなどを踏む（経験する、実行する）。
We need to go through a series of formalities.（一連の手続きを踏む必要がある）
stamp one's feet: 地団駄を踏む、足を踏み鳴らす。
He stamped his feet in frustration.（彼は悔しさで地団駄を踏んだ）
tread on someone's toes: （比喩的に）人の領域を侵す、（文字通り）人のつま先を踏む。 
状況に応じた使い分け
物理的に何かを踏む: step on。
アクセル・ブレーキを踏む: apply。
権利などを踏みにじる: trample on。
経験や手順を踏む: go through, have experience。
悔しくて足を踏み鳴らす: stamp one's feet。","[""import"",""japanese""]",2026-02-22 11:37:06.24266+00,e1848554-ffae-479c-a8cd-4c0d77b7bed2,2026-03-19 15:55:50.007522+00,0,0,0,2026-03-19 15:55:50.007522+00,0,null,null,null,false,null,jp-dev-study-log-next,2026-01-03 17:11:23.791+00,1767460283791,false,null,null,null,"{""tables"":{""1"":{""rows"":[],""columns"":[]}}}",null,[],null,null
ef2fa649-f330-4c25-8c34-9728528f7154,「シコロ」,"「シコロ」には、兜の防御具（錣）、北海道の方言でキハダ（黄肌）、忍者が使う開器（かいき）の主に3つの意味があり、文脈によって指すものが異なります。兜の「しころ」は首元を守る板状の防具で、キハダの「シコロ」はアイヌ語由来で食用や薬用にもなる木の実、忍具の「シコロ」は木を斬るのこぎり状の道具を指します。 
1. 兜の防御具「錣（しころ）」 
意味: 兜の鉢（鉢金）の左右や後方に垂らして、首筋から襟元を防御する部分。
特徴: 鉄板や革などを「おどし（紐）」で編み連ねたもので、時代と共に形状が変化しました。
用途: 背後からの弓矢や、徒歩戦での近接攻撃から身を守るため。 
2. 北海道の方言「シコロ（キハダ）」
意味: 和名キハダ（黄肌）のことで、アイヌ語由来の呼び名。
特徴: 皮を剥ぐと黄色い内皮（オウバク）があり、漢方やはちみつ、食用にも利用されます。
用途: 薬、保存食、はちみつの原料など。 
3. 忍具「シコロ」
意味: 忍者が使う特殊な開器（かいき）の一種。
特徴: のこぎりのような形状で、木や竹を切断できたとされる。 
まとめ
「シコロ」という言葉を見かけたら、それが防具（兜）、植物（キハダ）、忍具のどれを指しているのか、前後の文脈で判断する必要があります。","[""import"",""japanese""]",2026-02-22 11:37:06.24266+00,e1848554-ffae-479c-a8cd-4c0d77b7bed2,2026-03-19 15:55:50.007522+00,0,0,0,2026-03-19 15:55:50.007522+00,0,null,null,null,false,null,jp-dev-study-log-next,2026-01-17 06:16:43.253+00,1768630603253,false,null,null,null,"{""tables"":{""1"":{""rows"":[],""columns"":[]}}}",null,[],null,null
efb994ef-1152-42b5-80a9-b07d83638afd,「粘る（ねばる）」,"https://youtu.be/uWQ5Im1pqYg?si=O47nDVHFB5dO3SeB

「粘る（ねばる）」とは、①物理的に柔らかく、くっつく性質（例：餅が粘る）、そして②精神的に諦めずに、根気強く頑張り続ける・しつこく主張する（例：交渉で粘る、最後まで粘る）という2つの主な意味を持ちます。特に後者の「根性・持続力」の意味合いで使われることが多く、最後まで諦めずに食らいつく、しつこく居座る、持ちこたえるといったニュアンスを含みます。 
具体的な使い方とニュアンス
物理的な意味:
「この餅はよく粘るね。」（柔らかくてくっつく感じ）
精神的な意味（粘り強い・しつこい）:
諦めずに頑張る（ポジティブ）: 「試験終了間際まで粘った人が合格した。」「彼は最後まで粘って目標を達成した。」
しつこく居座る・要求する（ややネガティブ）: 「コーヒー1杯で3時間もカフェに粘る。」「値引き交渉でなかなか粘る。」
しぶとく持ちこたえる（状況による）: 「試合終了間際までよく粘った。」 
類語
頑張る系: 踏ん張る、持ちこたえる、食らいつく
しつこい系: 居座る、しつこくする、抵抗する 
「粘る」は、単に頑張るだけでなく、簡単には諦めない、しぶとさを表現する言葉として、日常会話やビジネスシーンで幅広く使われます。

◆(물건이) 잘 달라붙다; 차지게 붙다; 쫀득거리다; 끈적이다.

よく粘る納豆
끈적끈적하게 잘 늘어나는 낫토

小麦粉を粘るまで捏ねる
밀가루가 차질 때까지 치대다

べたべた粘って扱いにくい
끈적끈적 달라붙어 다루기 힘들다

◆끈기 있게 견디어 내다; 끈덕지게 버티다.

あくまで粘る
끝까지 버티다

諦めずに粘る
포기하지 않고 끈기 있게 버텨 내다

もう少し粘ってみることにする
좀 더 버텨 보기로 하다

◆(음식점 등에) 오랫동안 가지 않고 앉아 있다.

看板[閉店]まで粘る
문 닫을 때[폐점 시간]까지 앉아 있다

コーヒー一杯で5時間も粘る
커피 한 잔 시켜 놓고 다섯 시간이나 앉아 있다

https://mazii.net/ko-KR/search/word/jako/%E7%B2%98%E3%82%8B","[""import"",""japanese""]",2026-02-22 11:37:06.24266+00,e1848554-ffae-479c-a8cd-4c0d77b7bed2,2026-03-19 15:55:50.007522+00,0,0,0,2026-03-19 15:55:50.007522+00,0,null,null,null,false,null,jp-dev-study-log-next,2026-01-03 23:55:49.231+00,1767484549231,false,null,null,null,"{""tables"":{""1"":{""rows"":[],""columns"":[]}}}",null,[],null,null
f0535d99-0f20-4574-beba-75117b241c18,「粗めに（あらめに）」,"https://youtu.be/pv7ZxPPICq4?si=Z5u-mIpBCgHCwmER

「粗めに（あらめに）」とは、編み目、木目、粒子などが細かくなく、ざらざらした状態や目の粗い状態を指す表現です。一般的に、素材の表面や材料のカット、粉砕の度合いを示す際に用いられます。 
特徴と用法
素材・目: 布や網などが「荒目（あらめ）」の場合、隙間が大きいことを指す 荒目とは | 墓石に関する用語集。
研磨・面: サンドペーパーなどで「粗い面」や「ざらざらした面」を表現する 粗面 | 広辞典 | 情報・知識＆オピニオン imidas。
料理・加工: 食材を大きく切る、または粗く砕くことを指す（例：粗めに刻む）。 
料理においては、「粗めに刻む」「粗めに砕く」といった表現が使われ、食感や風味を残したい場合に適した加工方法です。","[""import"",""japanese""]",2026-02-22 11:37:06.24266+00,e1848554-ffae-479c-a8cd-4c0d77b7bed2,2026-03-19 15:55:50.007522+00,0,0,0,2026-03-19 15:55:50.007522+00,0,null,null,null,false,null,jp-dev-study-log-next,2026-01-27 10:17:20.561+00,1769509040561,false,null,null,null,"{""tables"":{""1"":{""rows"":[],""columns"":[]}}}",null,[],null,null
f0d07efd-5e41-43b7-af97-6cc34e415cee,お召し物,"Netflix　Talk Queens　01

お召し物のお値段うかがいました！【”きものと”お金の座談会＠ザ ...「お召し物（おめしもの）」とは、相手の身につけている衣服や装い全般を指す丁寧な言葉で、「着る」の尊敬語である「召す（めす）」を使った敬語表現です。相手の服装を褒めたり、気遣ったりする際に使われ、「素敵なお召し物ですね」のように日常会話やビジネスシーンで用いられますが、元々は高貴な方がお召しになる特別な織物（御召）を指す言葉でもありました。 
意味と使い方
敬意を表す表現: 相手の服装に対して敬意を込めて「（あなたが）着ているもの」という意味で使います。
例文:
「本日は、華やかで素敵なお召し物でいらっしゃいますね。」
「雨が降っておりますので、どうぞお召し物にお気をつけください。」
「御召（おめし）」との違い:
「お召し物」は一般的な衣服全般の丁寧語ですが、「御召（おめし）」はシャリ感のある絹織物（着物）の一種を指します。 
類語
衣服、服装、装い、衣類、衣装、着物など。 
「お召し物」は、相手への配慮や敬意を示すために、適切な場面で使うと良いでしょう。

https://mazii.net/ko-KR/search/word/jako/%E3%81%8A%E5%8F%AC%E3%81%97%E7%89%A9

◆ 남의 의복의 높임말.

奥様のお召物
마님의 의복.","[""import"",""japanese""]",2026-02-22 11:37:06.24266+00,e1848554-ffae-479c-a8cd-4c0d77b7bed2,2026-03-19 15:55:50.007522+00,0,0,0,2026-03-19 15:55:50.007522+00,0,null,null,null,false,null,jp-dev-study-log-next,2026-01-18 17:43:27.26+00,1768758207260,false,null,null,null,"{""tables"":{""1"":{""rows"":[],""columns"":[]}}}",null,[],null,null
f1fd0b3c-4cd3-475b-89c3-b701d36534c6,「アイアン」と「スチール」,"「アイアン」は「鉄（Fe）」そのもの、「スチール」は鉄に炭素を混ぜて強度を高めた「鋼（はがね）」を指し、一般的に家具などで「アイアン」と呼ばれるものは実際には「スチール」で、炭素含有量の違いによりアイアンは純鉄、スチールは炭素入りの丈夫な鋼鉄と区別されますが、実用製品ではスチール（鋼）が使われるのがほとんどで、スチールの方が丈夫で錆びにくいのが特徴です。 
アイアン（Iron / 鉄）
成分: 炭素をほとんど含まない純粋な鉄（純鉄）。
特徴: 純鉄は酸化しやすく（錆びやすい）、脆い性質を持つため、製品の材料としては稀。
使われ方: 「アイアン」と表記される製品でも、実際は「スチール（鋼）」でできていることが多い。 
スチール（Steel / 鋼）
成分: 鉄を主成分に、炭素（0.02%〜2.14%程度）や他の元素を加えて作られる合金。
特徴: 炭素を加えることで強度や耐熱性が向上し、錆びにくく丈夫になる。
使われ方: 家具や建築、ゴルフのクラブシャフトなど、広範囲で「鉄」として使われる。 
まとめ
関係性: アイアン（鉄）に炭素を加えたものがスチール（鋼）。
日常での違い: 「アイアン」という言葉は、実際には強度を高めた「スチール（鋼）」を指すことが多い。
利点: スチールはアイアン（純鉄）に比べて、より丈夫で実用的。

ゴルフクラブにおける「アイアン」と「スチールシャフト」
アイアン: ゴルフクラブの種類（番手）を指す。
スチールシャフト: アイアンクラブのシャフト（軸）に使われる素材で、ねじれに強く安定したショットに適している（カーボンシャフトと比較して）。 
この違いを理解すると、素材としての「鉄」と「鋼」、そして製品名としての「アイアン」や「スチール」が使い分けられていることが分かります。","[""import"",""japanese""]",2026-02-22 11:37:06.24266+00,e1848554-ffae-479c-a8cd-4c0d77b7bed2,2026-03-19 15:55:50.007522+00,0,0,0,2026-03-19 15:55:50.007522+00,0,null,null,null,false,null,jp-dev-study-log-next,2026-01-11 02:14:01.805+00,1768097641805,false,null,null,null,"{""tables"":{""1"":{""rows"":[],""columns"":[]}}}",null,[],null,null
f270b43f-7d98-454e-8f9f-00c402fea0c3,「正直（しょうじき）」,"https://mazii.net/ko-KR/search/word/jako/%E6%AD%A3%E7%9B%B4

◆ 정직(함); 솔직함.

正直者
정직한 사람

馬鹿正直
지나치게 정직함

正直一遍
오로지 정직하기만 함

◆ (목수의) 연추(鉛錘).

◆ 사실은; 솔직히.

正直びっくりした
솔직히 깜짝 놀랐다

正直言ってうらやましい
솔직히 말해서 부럽다

正直半信半疑だ
사실은 반신반의하다

◆ 시비에 밝고 곧은 성격인 모양.","[""import"",""japanese""]",2026-02-22 11:37:06.24266+00,e1848554-ffae-479c-a8cd-4c0d77b7bed2,2026-03-19 15:55:50.007522+00,0,0,0,2026-03-19 15:55:50.007522+00,0,null,null,null,false,null,jp-dev-study-log-next,2026-01-08 16:49:14.3+00,1767890954300,false,null,null,null,"{""tables"":{""1"":{""rows"":[],""columns"":[]}}}",null,[],null,null
f53f6e67-e3a0-4dfc-8066-1e77912d88f7,「乗りそびれ」,"https://youtu.be/xwRzxGZn2hw?si=F0gZQrXFO24-ePgQ

「乗りそびれ」とは、「乗り損ねる」の連用形（名詞化した形）で、電車やバス、飛行機などの乗り物に乗る機会を逃してしまい、乗れなかった状態を指します。朝寝坊や寝過ごし、手違いなどで発生し、「乗り遅れる」「乗り過ごす」と同義で、交通機関のチケットに関するルール（特に新幹線など）は、当日中に限り後続の自由席なら乗車可能など、詳細な規定があります。 
「乗りそびれ」の意味と具体例
意味: 予定していた乗り物に乗るチャンスを逃すこと。「乗りそびれる」は「機会を失って、とうとうしとげないでしまう」という意味の動詞です。
例文:
「朝寝坊して、始発の電車に乗りそびれた」。
「うっかり寝過ごして、目的地の駅を乗りそびれた（降りそびれた）」。 
交通機関ごとの対応
新幹線・特急券:
指定席: 発車時刻を過ぎると原則無効ですが、当日中に限り、後続列車の普通車自由席には差額を払えば乗車できます（割引切符などは条件が異なる）。
乗車券: 払い戻しが可能な場合がありますが、使用済みとみなされる切符もあります。
飛行機:
航空会社の規約を確認し、早めに連絡することが重要です。変更やキャンセルには手数料がかかることが多く、当日中の対応が基本です。 
関連語
乗り遅れる（のりおくれる）
乗り過ごす（のりすごす）
し損なう（しそこなう） 

https://aiueo.cc/pages/ja/grammar/web/615.php

【說明】

　この文型は、何かをしようとしたが、機会を逃してできなかったことを表す表現で、何かをしようとしたものの、タイミングや状況によって実行できなかったことを説明するときに使用されます。

【訳文】This sentence pattern is used to describe an attempt to do something that was thwarted due to missed opportunities or circumstances. It conveys the inability to carry out an intended action because of timing or other factors.

【例文】

・朝寝坊して、電車に乗りそびれた。
【訳文】I overslept and missed the train.

・仕事が終わらず、映画を見に行きそびれた。
【訳文】I couldn’t finish my work and missed the movie.

・結局、タイミングを逃して、告白しそびれました。
【訳文】In the end, I missed the timing and couldn’t confess.

・彼にお礼を言いそびれてしまった。
【訳文】I missed the chance to thank him.

・話そうと思っていたけど、忙しくて話しそびれたんです。
【訳文】I wanted to talk, but I was too busy and missed the chance.","[""import"",""japanese""]",2026-02-22 11:37:06.24266+00,e1848554-ffae-479c-a8cd-4c0d77b7bed2,2026-03-19 15:55:50.007522+00,0,0,0,2026-03-19 15:55:50.007522+00,0,null,null,null,false,null,jp-dev-study-log-next,2026-01-19 14:29:53.089+00,1768832993089,false,null,null,null,"{""tables"":{""1"":{""rows"":[],""columns"":[]}}}",null,[],null,null
f7f13b31-7465-474c-82e7-d0fe4f55686f,「揃ってる（そろってる）」,"https://youtu.be/VfC-W0zf9BM?si=tDTCdTrweslH3Q5L

「揃う」（そろう）は、必要なものがすべて集まる、人数が全員そろう、物事がきれいに並ぶ、タイミングが一致するなどの意味を持つ動詞で、多くはひらがなで表記されます。具体的には「全員が揃う」「品物が揃う」「足並みが揃う」のように使われ、反対語は「ばらばらになる」です。 
主な意味と例文
全員集合・全員いること
「今日の会議は、出席者全員が揃った」。
. 「新入社員が皆揃って研修に参加する」
必要なものが全てある・満たされる
「必要な書類がすべて揃うまで出発できない」。
「道具が揃っているので、すぐに作業に取り掛かれる」
整然と並ぶ・一列になる
「靴が玄関にきれいに揃って並んでいる」。
「選手たちがスタートラインに勢揃いする」。
タイミングが一致する・期日が来る
「給料日と揃うように旅行の計画を立てる」。
「お盆休みと揃うので、混雑するだろう」 
漢字表記について
「揃」は常用漢字外の漢字（表外漢字）であるため、ひらがなで「そろう」と書くのが一般的です。漢字で「揃う」と書かれることもありますが、迷ったらひらがなを使うのが適切です。 
関連表現
揃える（そろえる）: 目的語を取る他動詞で、「（～を）そろえる（集める・整える）」という使われ方をします。例：「全員の意見を揃える」「靴を揃える」。
勢揃い（せいぞろい）: みんなが一同に集まること。
顔を揃える（かおをそろえる）: 同じ場所に皆で集まること。

https://mazii.net/ko-KR/search/word/jako/%E6%8F%83%E3%81%86

◆ 갖추어지다; 구비되다.

機械が揃う
기계가 갖추어지다

いろいろの本が揃っている
여러 가지 책이 갖추어져 있다

条件が揃う
조건이 갖추어지다

◆ (모두 한곳에) 모이다; (인원 등이) 차다.

揃いも揃って
(모인 것이) 모두가 다(같은 상태인 모양)

人数が揃う
인원이 차다[다 모이다]

顔ぶれが揃う
면면이[참가자가] 모두 모이다

◆ 잘 어울리다.

よく揃った夫婦
잘 어울리는 부부

◆ 일치하다; (모양·정도 등이) 고르게 되다.

足並みが揃う
보조가 맞다

調子が揃う
장단[가락]이 맞다

長さが揃う
길이가 가지런하다[다 똑같다]

「揃ってる」とは、不足がなく、必要なものがすべて揃っている状態や、物事が整然と並んでいたり、人や物の状態が一致して調和している様子を表します。具体的には、「必需品が全部ある（欠けていない）」、「皆の意見や足並みが合っている」、「色やサイズが均一で整っている」など、文脈によって「完璧」「十分」「調和」「一致」といったニュアンスで使われます。 
主な意味合い
不足がない: 必要なものがすべて揃っていて、欠けていない状態。「このセットは備品が全部揃ってるね」。
整然としている: 物が秩序だって並んでいる様子。「本棚の本が綺麗に揃ってる」。
調和・一致している: 人の気持ちや動き、状態が同じ方向を向いていて、息が合っている状態。「チームの連携が揃ってる」「足並みが揃ってる」。
均一である: 複数のものが同じような状態や性質で統一されている様子。「髪型がみんな揃ってる」「この服、色違いで揃ってる」。 
使用例
物品: 「必要な道具は全部揃ってるから、すぐに始められますよ」。
人・グループ: 「みんなの意見が揃ってるね。これで進めよう」。
状態: 「このお店、食器も盛り付けも全部揃ってる（きれい・完璧）」。 
文脈に合わせて「完璧」「十分」「ばっちり」「完璧」「一式」「均一」などの言葉で言い換えられます。","[""import"",""japanese""]",2026-02-22 11:37:06.24266+00,e1848554-ffae-479c-a8cd-4c0d77b7bed2,2026-03-19 15:55:50.007522+00,0,0,0,2026-03-19 15:55:50.007522+00,0,null,null,null,false,null,jp-dev-study-log-next,2026-01-07 05:56:35.036+00,1767765395036,false,null,null,null,"{""tables"":{""1"":{""rows"":[],""columns"":[]}}}",null,[],null,null
f9961bee-0da2-41e1-ad19-5994bb178d5e,「物凄い（ものすごい）」,"https://youtu.be/kDFKrA89kj0?si=81zYInY2f-mO6lmb

やった目見ていかがですか？
ものスゴい緊張しました。

chromeAI

それは本当にお疲れ様でした！「ものスゴい」という言葉から、心臓がバクバクするような、かなりの大舞台や重要な局面だったことが伝わってきます。
無事に終わって（あるいは一段落して）、今ホッとされているところでしょうか。
まずは、その緊張に耐え抜いたご自身を、思いっきり労ってあげてください。
「よく頑張った」「緊張するのも当然なくらい大事なことだった」と認めてあげて、今日は温かいものを飲んだり、ゆっくりお風呂に入ったりして、心と体を休めてくださいね。
本当にお疲れ様でした。素晴らしいです！

「物凄い（ものすごい）」は、程度が並外れてはなはだしい様子、または非常に恐ろしく気味が悪い様子を指す形容詞です。単に「すごい」よりも程度が強調され、物事の激しさや桁外れな様子（例：物凄い人出、物凄い速さ）を表現する際に使われます。 
主な意味と使い方
程度が普通をはるかに超えている（はなはだしい）
例文：人出が物凄い、物凄い音、物凄い速さ。
非常に恐ろしい、気味が悪い
例文：怒った顔が物凄い、物凄い断崖絶壁。 
類語・類義表現
猛烈な、凄まじい、激烈な、強烈な（勢いが強い）
桁違い、並み外れ、甚だしい、えらい（程度が並外れている）
非常、とても、すごく、滅法（めっぽう）（強調の副詞的用法） 
類語として「凄まじい」「猛烈」などが挙げられ、非常に強いインパクトや恐れを感じる状況で用いられます。","[""import"",""japanese""]",2026-02-22 11:37:06.24266+00,e1848554-ffae-479c-a8cd-4c0d77b7bed2,2026-03-19 15:55:50.007522+00,0,0,0,2026-03-19 15:55:50.007522+00,0,null,null,null,false,null,jp-dev-study-log-next,2026-02-03 20:43:15.909+00,1770151395909,false,null,null,null,"{""tables"":{""1"":{""rows"":[],""columns"":[]}}}",null,[],null,null
fab7eb3d-a743-4069-9034-9b9ef33b1412,まぶた（瞼、眼瞼：がんけん）,"鬼滅の刃無限列車編

まぶた（瞼、眼瞼：がんけん）は、眼球を外部の刺激（光、ほこり、異物）から保護し、涙を目の表面に行き渡らせて乾燥を防ぐ、開閉式の薄い組織です。皮膚の中で最も薄く、デリケートで、主に皮膚、瞼板（けんばん）、筋肉、結膜から構成されています。 
まぶたの主な機能と特徴
保護機能: 強い光や異物が目に入った際、反射的に閉じて眼球を守る。
潤い・洗浄: まばたき（瞬目）により、涙の成分を目の表面全体に広げ、角膜の乾燥と感染を防ぐ。
構造: 上まぶたと下まぶたがあり、内部の「瞼板」という板状の組織が構造を支えている。
皮膚の薄さ: 皮膚の中で最も薄く、しわを作りやすい。 
関連する医学的用語や症状
眼瞼下垂（がんけんかすい）: 上まぶたが垂れ下がり、黒目にかぶさる状態。
腫れ・トラブル: 皮膚が薄いため、化粧品、乾燥、疲れ、炎症、または体調（むくみ）で腫れやすい。 
なお、歌手のVaundyによる人気楽曲『まぶた』は、テレビドラマ『女神の教室～リーガル青春白書～』の主題歌です。

https://ja.wikipedia.org/wiki/%E3%81%BE%E3%81%B6%E3%81%9F

まぶた（英: eyelid、瞼/𥇥、目蓋）は、脊椎動物の魚類を除く多くの種にある、顔の皮膚から連続して眼球を上下から覆い保持する不透明で開閉式の器官である。眼瞼（がんけん）とも。","[""import"",""japanese""]",2026-02-22 11:37:06.24266+00,e1848554-ffae-479c-a8cd-4c0d77b7bed2,2026-03-19 15:55:50.007522+00,0,0,0,2026-03-19 15:55:50.007522+00,0,null,null,null,false,null,jp-dev-study-log-next,2026-02-01 06:29:46.931+00,1769927386931,false,null,null,null,"{""tables"":{""1"":{""rows"":[],""columns"":[]}}}",null,[],null,null
fcf16782-9ec5-4a17-b208-c5296a8ef5a5,✅ 면접 대비 완료 체크리스트 (필수 5개),"✅ 면접 대비 완료 체크리스트 (필수 5개)

자기소개 30초를 막힘없이 말한다

**프로젝트 3개 설명(각 1분)**이 가능하다

각 프로젝트마다

“왜 이 기술?”

“어려웠던 점?”

“어떻게 해결?”
이 3개를 말할 수 있다

보안 질문에 대해

Firebase Rules / owner(uid)

Next.js API에서 검증
이걸 “개념적으로라도” 설명 가능하다

Vercel 배포/에러 해결 사례를 “사건처럼” 설명 가능하다
(문제 → 원인 → 해결 → 재발 방지)

➡️ 이 5개 되면 면접 대비는 됐다고 봐도 돼.","[""import"",""coding""]",2026-02-22 11:37:06.24266+00,e1848554-ffae-479c-a8cd-4c0d77b7bed2,2026-03-19 15:55:50.007522+00,0,0,0,2026-03-19 15:55:50.007522+00,0,null,null,null,false,null,jp-dev-study-log-next,2026-01-11 23:51:47.104+00,1768175507104,false,null,null,null,"{""tables"":{""1"":{""rows"":[],""columns"":[]}}}",null,[],null,null
fd6b4059-098a-480e-93c6-26b2dbab1820,“모리카스미 스타일”에서 자주 보이는 일본에서 먹히는 표현/전략 패턴을 정리,"0) 핵심 요약

모리카스미 스타일의 핵심은 3개야:

부정(거절)처럼 말하지만 사실상 긍정

상대에게 말하게 만든다(유도)

수위를 올리되 ‘표현’을 올리지 않는다(상상 공간)

1) “あざとい”의 핵심 표현 패턴
✅ 패턴 A: 모른 척 + 확인 질문
자주 쓰는 형태

「え、なにそれ？」

「どういうこと？」

「ほんとに？」

「なんで？」

왜 먹히냐?

상대가 설명하게 되고, 그 순간 리드를 뺏김.
남자가 “자기 이야기”를 하게 만들면 관계가 빨리 깊어지는 느낌이 나거든.

✅ 패턴 B: 칭찬 + 살짝 비꼬기(장난)

「すごいじゃん」

「やるじゃん」

「意外とちゃんとしてるんだね」

해석 포인트

“너 괜찮네?”를 아주 가볍게 전달함.
너무 진지한 칭찬은 부담인데, 장난 섞이면 남자는 편해짐.

✅ 패턴 C: 부끄러움 표현(수치심 연출)

「やだ〜」

「ちょっと待って…」

「恥ずかしいんだけど」

「無理なんだけど（笑）」

한국어로는 단순 “부끄러움”인데

일본에서 이 표현들은 **“여지가 있다”**는 신호처럼 읽히는 경우가 많아.

특히 笑 （笑） 가 붙으면 거의 치트키.

2) 수위가 느껴지는 포인트는 “단어”가 아니라 이거임
✅ 패턴 D: 짧은 멈춤 + 반문

「え……それ、どういう意味？」

「……言わせるの？」

「そういうこと言うんだ？」

포인트

이건 말 자체가 야한 게 아니라
상대에게 야한 맥락을 ‘생각하게 만드는’ 장치야.

일본식 수위는 ‘직설’이 아니라 ‘유도’임.

✅ 패턴 E: “안 돼”지만 사실상 안 돼가 아님

「だめだよ〜」

「それはちょっと…」

「ほんとにやめて（笑）」

왜 먹히냐?

이 표현은 대놓고 거절이 아니라
“분위기는 인정하지만 선은 지킨다”는 표현이라 안정적이야.

3) 일본 남자들이 특히 약한 “인정+조절” 콤보
✅ 패턴 F: 인정해주고 바로 컨트롤하기

「いいね。でも〜」

「それは嬉しいけど、〜」

「わかる。でも私は〜」

작동 원리

칭찬만 하면 남자가 우위, 거절만 하면 여자가 우위인데
이 패턴은 둘을 섞어서 상대 기분도 살리고 주도권도 지킴

모리카스미가 이런 거 진짜 잘함.

4) “女子会”에서 잘 먹히는 패턴

여자들한테는 “남자 꼬시는 기술”보다
**“말로 설명 가능한 기술”**이 먹힘.

✅ 패턴 G: 기술을 감추지 않고 메타로 말함

「こういうのってさ…」

「男の人ってこういうの好きじゃない？」

「こう言ったら嬉しいかなって思って」

왜 먹히냐?

여자들은 이걸 들으면

“아 저런 식으로 운용하는구나”

“나도 써먹을 수 있겠다”
로 받아들이기 때문에 호감이 됨.

“여우”가 아니라 “전략가”로 보이는 순간이야.

5) 일본에서 먹히는 ‘톤(톤이 80%)’

모리카스미 같은 타입이 강한 이유는 톤이야.

✅ 일본에서 먹히는 톤 특징

말이 빠르지 않음

강한 단정(〜だ!)를 잘 안 씀

문장을 둥글게 끝냄

〜かも

〜かな

〜じゃない？

가벼운 웃음(息の笑い)

이걸로 공격성을 없애고
수위가 올라가도 “위협적이지 않게” 만드는 거지.

6) 네 일본어 학습에 바로 도움되는 방식
추천 훈련법 (클립 볼 때)

“무슨 단어 썼는지”보다

어떤 기능을 수행했는지 체크

✅ 질문 유도했나?
✅ 인정+조절했나?
✅ 여지를 만들었나?
✅ 선 지켰나?

이 체크만 해도 일본어가 빨리 늘어.","[""import"",""japanese""]",2026-02-22 11:37:06.24266+00,e1848554-ffae-479c-a8cd-4c0d77b7bed2,2026-03-19 15:55:50.007522+00,0,0,0,2026-03-19 15:55:50.007522+00,0,null,null,null,false,null,jp-dev-study-log-next,2026-01-11 22:29:56.051+00,1768170596051,false,null,null,null,"{""tables"":{""1"":{""rows"":[],""columns"":[]}}}",null,[],null,null
fe191646-97d4-4f9b-a9fb-201b611f6e3d,「色気（いろけ）」,"「色気（いろけ）」とは、人を惹きつける性的魅力や色っぽさを指しますが、現代では内面からにじみ出る知性、余裕、品格、ミステリアスな雰囲気など、外見だけでなく総合的な魅力を含む概念として使われます。単なる露出ではなく、自信、気遣い、ギャップ、丁寧な仕草や言葉遣いなどから生まれる、大人の余裕や色気として捉えられることが多いです。 
色気の種類と要素
性的魅力・色気: 異性を意識させる魅力や、性的興奮を想起させる雰囲気。
愛嬌・おもしろみ: 人を惹きつける可愛らしさや、親しみやすさ。
風情・趣: 品格や教養、落ち着きから生まれる味わい深さ。
欲求・興味: 特定の物事（地位や対象）に対する関心や欲求。 
「色気がある」と言われる人の特徴（例）
内面・態度: 自信と余裕、相手への思いやり、ミステリアスな部分。
行動・仕草: 落ち着いた所作、丁寧な言葉遣い、自然体で美しい動作。
ギャップ: 普段とのギャップ（例：しっかり者が時折見せる弱さ）。
外見: 清潔感、身だしなみ、健康的な美しさ（露出の多さだけではない）。 
現代における「色気」の捉え方
以前は女性のセクシーさを表す言葉でしたが、現在は男性・女性問わず、知性や教養、品格など、内面から滲み出る「大人の魅力」を指す褒め言葉として使われることが増えています。","[""import"",""japanese""]",2026-02-22 11:37:06.24266+00,e1848554-ffae-479c-a8cd-4c0d77b7bed2,2026-03-29 20:08:56.704598+00,0,1,0,2026-03-29 20:08:56.704598+00,0,null,null,null,false,null,jp-dev-study-log-next,2026-01-18 08:23:49.996+00,1768724629996,false,null,null,null,"{""tables"":{""1"":{""rows"":[],""columns"":[]}}}",null,[],null,null
ff2781c2-8c25-4dff-8d76-3d1e01966b83,「与える（あたえる）」,"https://youtu.be/i0LpR50Ov2o?si=9lZNqoLYF-Bmygrm

「与える（あたえる）」は、物、情報、影響などを相手に提供・授与・及ぼす意味を持つ他動詞で、「あげる」より丁寧・フォーマルで、目下の人や物に対して使われ、賞や課題、助言、感動、損害など幅広い対象に用いられ、「あげる」では使えない場面で必須の動詞です。 
主な意味と用例
物を譲渡・提供する: 小遣いを与える、賞を与える。
情報や機会を提供する: 助言を与える、時間を与える、許可を与える。
影響を及ぼす: 感動を与える、印象を与える、損害を与える。
割り当てる・課す: 課題を与える、任務を与える、罰を与える。
設定・付与する: データを与える、名称を与える。 
「あげる」との違い
「与える」: 相手への影響を重視する、フォーマルな場面で使う、目下の人・物・状況に使う（例：部下に指示を与える、データに意味を与える）。
「あげる」: 自分が主体となって与える行為に焦点、カジュアル、相手への敬意が薄れる場合がある。 
敬語表現
尊敬語: くださる、お与えになる。
謙譲語: 差し上げる。 
類語・関連語
提供する、供与する、授与する、割り当てる、課す。

◆ (자기 것을 남에게) 주다; 수여하다.

子供に小遣いを与える
아이에게 용돈을 주다

愛犬におやつを与えている飼い主
애완견에게 간식을 주고 있는 견주

賞を与える
상을 주다[수여하다]

◆ 상대가 뭔가 할 수 있도록 해 주다; (도움이 되도록) 제공하다.

弁明の機会を与える
변명할 기회를 주다

再三注意を与えた
재차 주의를 주었다

経済的な援助を与える
경제적 원조를 해 주다

◆ 내주다; 할당하다; 부여하다; 과(課)하다.

生徒に宿題を与える
학생에게 숙제를 내주다

役割を与える
역할을 부여하다

ユーザーに権限を与える
사용자에게 권한을 부여하다

◆ (손해 등을) 입히다; (영향 등을) 주다; 끼치다; 가하다.

会社に多大な損害を与える
회사에 막대한 손해를 입히다

この事件は世間に大きなショックを与えた
이 사건은 세상에 커다란 충격을 주었다

株価に影響を与える
주가에 영향을 끼치다

https://mazii.net/ko-KR/search/word/jako/%E4%B8%8E%E3%81%88%E3%82%8B","[""import"",""japanese""]",2026-02-22 11:37:06.24266+00,e1848554-ffae-479c-a8cd-4c0d77b7bed2,2026-03-19 15:55:50.007522+00,0,0,0,2026-03-19 15:55:50.007522+00,0,null,null,null,false,null,jp-dev-study-log-next,2026-01-04 00:33:30.882+00,1767486810882,false,null,null,null,"{""tables"":{""1"":{""rows"":[],""columns"":[]}}}",null,[],null,null
ff8a3fc7-9d77-42a1-b91f-6736b448dd86,「眩しい（まぶしい）」,"「眩しい（まぶしい）」とは、光が強すぎて見えにくい状態を指し、暗い場所から明るい場所への移動時など自然な反応の場合と、白内障やドライアイ、緑内障、網膜の病気など、瞳孔や角膜、水晶体、網膜、視神経の異常が原因で、周囲は平気なのに自分だけが眩しく感じる「羞明（しゅうめい）」という目の病気の場合があります。特に、痛みや視力低下を伴う場合、突然眩しく感じるようになった場合は、眼科受診が必要です。 
自然な反応としての眩しさ
暗順応からの変化: 暗い場所から明るい場所に出た時に瞳孔が開ききっているため、多くの光が目に入りすぎる。
疲労や睡眠不足: 目が疲れていると光に敏感になることがある。 
病気が原因の可能性（羞明）
痛みを伴う場合（早急な受診推奨）:
角膜の傷・感染症: 角膜に傷があると光が散乱し、痛みも伴う。
緑内障: 急性緑内障発作などで痛みと眩しさを伴う。
ぶどう膜炎: 目に炎症が起き、痛みと眩しさを感じる。
痛みを伴わない場合:
白内障: 水晶体が濁り、光が乱反射して眩しく感じる（特に夜間の対向車のライト）。
ドライアイ: 涙が減り、目の表面が荒れて光が散乱する。
黄斑の病気: 網膜の黄斑に異常があると光がまぶしく見えることがある。
動眼神経麻痺: 瞳孔が開いたままになり、光が入りすぎる。 
どのような時に眼科を受診すべきか
以前より弱い光でも眩しく感じる。
自分だけが眩しく、周りの人は平気。
目を開けているのが辛い、サングラスが手放せない。
光の周りに光輪が見える（虹視症）。
目の痛みや視力低下を伴う。 
大切なこと: サングラスで一時的に楽になっても、原因が解決しているわけではありません。気になる症状があれば、自己判断せずに眼科を受診して、正しい診断と治療を受けることが重要です。","[""import"",""japanese""]",2026-02-22 11:37:06.24266+00,e1848554-ffae-479c-a8cd-4c0d77b7bed2,2026-03-19 15:55:50.007522+00,0,0,0,2026-03-19 15:55:50.007522+00,0,null,null,null,false,null,jp-dev-study-log-next,2026-01-07 14:32:14.324+00,1767796334324,false,null,null,null,"{""tables"":{""1"":{""rows"":[],""columns"":[]}}}",null,[],null,null
0519c74b-c420-49ff-8116-5d65469dd2b0,「見覚え（みおぼえ）」,"「見覚え（みおぼえ）」とは、以前に見たことがあり、記憶に残っていること、またはその様子を指します。「見覚えがある」で「以前見たことがある気がする」「既視感がある」という意味で使われ、「見覚えのない」は「初めて見る」「見慣れない」という意味になります。 
詳しい意味
以前に見たことのある記憶: 「この景色に見覚えがある」「あの人に、どこかで会ったような見覚えがある」のように使います。
『見覚える（みおぼえる）』という動詞から派生: 忘れないように目印をつける「目覚え（めおぼえ）」と近い意味合いもありますが、通常は名詞の「見覚え」で使われます。 
例文
「この建物、見覚えがあるけど、どこで見たんだろう？」
「その顔には見覚えがないな。初めて会う人かな？」
類語・関連語
既視感（きしかん）: まさにこの「見覚えがある」状態を指す言葉で、一度も経験したことのない状況なのに、以前にも同じ経験をしたことがあるように感じる感覚です。
familiar (ファミリア): 英語で「見覚えがある」「おなじみの」といった意味で、""That looks familiar.""（それに見覚えがある）のように使われます。","[""import"",""japanese""]",2026-02-22 11:37:06.628315+00,e1848554-ffae-479c-a8cd-4c0d77b7bed2,2026-06-05 05:24:45.467052+00,0,1,0,2026-06-05 05:24:45.467052+00,0,null,null,null,false,null,jp-dev-study-log-next,2025-12-28 20:16:29.719+00,1766952989719,false,null,null,null,"{""tables"":{""1"":{""rows"":[],""columns"":[]}}}",null,[],null,null
093d0e44-3a43-48f0-9577-4c3fd81c2a4a,React에대한 간단한 이해,"일본 중소기업 “합격선”을 정확히 말하면
💯 충분한 합격 설명 수준은 이 정도

React는 상태 기반으로 UI를 그린다

useState는 상태 변경을 트리거한다

JSX는 Babel로 JS로 변환된다

배열은 불변성을 지켜서 업데이트한다

조건 렌더링으로 UI 상태를 나눈다

👉 이걸 말로 설명 가능하면
“React 이해하고 있음” 판정이 나와.

❗ 여기서 더 깊은 내부 구현(파이버, 스케줄러 등)은
중소기업 신입에게 전혀 요구되지 않음.","[""import"",""japanese""]",2026-02-22 11:37:06.628315+00,e1848554-ffae-479c-a8cd-4c0d77b7bed2,2026-03-19 15:55:50.007522+00,0,0,0,2026-03-19 15:55:50.007522+00,0,null,null,null,false,null,jp-dev-study-log-next,2025-12-21 13:17:39.958+00,1766323059958,false,null,null,null,"{""tables"":{""1"":{""rows"":[],""columns"":[]}}}",null,[],null,null
093dee46-add5-466b-9be4-c32ac23ee9c8,立派（りっぱ）,"「立派（りっぱ）」とは、品質や品性、様子などが非常に優れていて、見事であること、また、欠点や不足がなく立派に整っている様子を表す言葉です。人に対して使う場合は「立派な人」のように、尊敬や賞賛の気持ちを込めて使われ、「堂々としている」「立派に成長した」のように使われます。 
主な意味
素晴らしい・見事だ: 品質や様子が非常に優れていること。「立派な花」「立派な建物」など。
立派な人物: 徳や能力が優れ、尊敬に値する人物。「立派な青年」「立派な人になる」など。
整っている・欠点がない: 不足や欠点がなく、きちんと整っている様子。「立派に国産である」など。 
類語
すばらしい、見事だ、偉大だ、卓越した、堂々とした。 
語源（説）
「一派を立てる」: 僧侶が新しい流派を立てるように、一人前になることが困難であることから、「立派」という言葉が生まれたという説。
「立破文明」: 仏教用語で、自分の主張を立証し、相手の主張を論破する（立論・論破）ことができている状態から、「立派」という言葉になったという説。 
このように、「立派」は単に見た目が良いだけでなく、内面的な立派さや、しっかりと成り立っている様子など、幅広い意味で使われます。","[""import"",""japanese""]",2026-02-22 11:37:06.628315+00,e1848554-ffae-479c-a8cd-4c0d77b7bed2,2026-03-19 15:55:50.007522+00,0,0,0,2026-03-19 15:55:50.007522+00,0,null,null,null,false,null,jp-dev-study-log-next,2025-12-26 13:50:19.397+00,1766757019397,false,null,null,null,"{""tables"":{""1"":{""rows"":[],""columns"":[]}}}",null,[],null,null
0c6e864c-e600-4f78-a582-7460b0c5fbf0,「生み出し（うみだし）」,"「生み出し（うみだし）」とは、「産む」や「作り出す」という意味で、子や卵を産むこと、または新しいアイデアや物事を創造・開発することを指し、類義語には「創造する」「作り出す」「開発する」「創出する」などがあります。文脈によって「引き起こす」「もたらす」といったニュアンスでも使われます。 
主な意味と使い方
生物を産む: 「母馬が子を生み出す」のように、命を誕生させること。
新しいものを創造する: 「新しい着想を生み出す」のように、これまでにないものを考え出す、作り出すこと。
結果や状況を引き起こす: 「混乱を生み出す」のように、ある事柄から別の事柄を発生させること。 
類語・言い換え
作り出す、創り出す: 新しいものを作る。
創造する、創出する: ゼロから新しいものを生み出す。
開発する: 試行錯誤して新しい製品などを生み出す。
引き起こす、招く: ある事柄を発生させる。 
例文
「革新的なアイデアを生み出す。」(新しいアイデアを創造する)
「多くの感動を生み出す作品。」(多くの感動をもたらす)

Netflix　クレヨンしんちゃん:オラたちの恐竜日記","[""import"",""japanese""]",2026-02-22 11:37:06.628315+00,e1848554-ffae-479c-a8cd-4c0d77b7bed2,2026-03-19 15:55:50.007522+00,0,0,0,2026-03-19 15:55:50.007522+00,0,null,null,null,false,null,jp-dev-study-log-next,2026-01-03 00:19:19.097+00,1767399559097,false,null,null,null,"{""tables"":{""1"":{""rows"":[],""columns"":[]}}}",null,[],null,null
0d90fc15-1d52-47a4-8ec1-6f6d9b5f508f,「酸っぱい（すっぱい）」,"「酸っぱい（すっぱい）：시다,시큼하다」とは、レモンや梅干しのような、酸味のある味や風味を表す言葉で、唾液腺を刺激し、口の中に広がる感覚です。食べ物が古くなったり、発酵したりした状態、あるいは状況が悪い（景気が悪いなど）、うんざりするといった比喩的な意味で使われることもあります。英語ではsour, tangy, tart, acidicなど、ニュアンスによって使い分けられます。 
味覚としての「酸っぱい」
代表例: レモン、梅干し、ヨーグルト、お酢、シークヮーサーなど。
感覚のメカニズム: 舌の特定の味細胞が酸（水素イオン）を感知する味覚で、唾液の分泌を促します。 
比喩的な意味での「酸っぱい」
古くなる・終わる: 盛りの時期を過ぎて、終わりに近い状態（例: 「役者は酸っぱくてもいい」）。
調子が悪い: 景気や状況が悪いこと（例: 「景気がすっぱくなる」）。
うんざりする: 同じことを何度も言われて嫌になること（例: 「口をすっぱくして言う」）。 
口の中が酸っぱいと感じる原因（病気の可能性） 
むし歯・歯周病: 細菌が食べかすを分解して酸を作り出す。
胃食道逆流症（逆流性食道炎）: 胃酸が逆流してくる症状（「酸っぱい水がこみ上げてくる」）。
唾液の減少: ストレスや乾燥、加齢などで唾液が減り、口の中が酸っぱく感じることがある。 
英語での表現例
Sour: 一般的な酸味（レモンなど）。
Tangy: 舌を刺激するような、香りの良い酸味（スパイス料理など）。
Tart: 酸味が控えめで、甘みも混じる（未熟なフルーツ、ヨーグルトなど）。
Acidic: ワインやコーヒーの酸味、化学的な酸性度。","[""import"",""japanese""]",2026-02-22 11:37:06.628315+00,e1848554-ffae-479c-a8cd-4c0d77b7bed2,2026-03-19 15:55:50.007522+00,0,0,0,2026-03-19 15:55:50.007522+00,0,null,null,null,false,null,jp-dev-study-log-next,2025-12-29 13:08:43.262+00,1767013723262,false,null,null,null,"{""tables"":{""1"":{""rows"":[],""columns"":[]}}}",null,[],null,null
0e72426b-564d-457a-b386-2c8f992532b9,react ts 01,"from ChatGPT

ReactNode
React 코드 안에서 **“이 자리에 어떤 종류의 React 요소든 들어올 수 있다”**라는 뜻을 표현하는 **타입(TypeScript 타입)**이에요. 즉, ReactNode = React 안에서 렌더링될 수 있는 모든 것

from https://merrily-code.tistory.com/209

# 📘 Stock Cloud Community — 프론트엔드 구조 전체 정리 (2025)

## 01. 프로젝트 개요

### 기술 스택

- **React + TypeScript**
- **React Router v6**
- **Context API** (언어 상태 전역 관리)
- **Tailwind CSS** (스타일)
- **JSON 기반 i18n**
- **Vite 또는 CRA 기반 번들러** (환경에 따라)

### 핵심 목표

- 일본을 베이스로 하는 **글로벌 서비스**
- **영어 / 일본어 / 한국어** 다국어 지원
- 향후 기능 확장(경영, 콘텐츠, 커뮤니티 등)을 고려한 **유연한 폴더 구조**

  **팁**  
  프로젝트 문서에서 “기술 스택 + 목표”를 맨 위에 적어두면, 교수·면접관·협업자가 이 프로젝트가 어떤 레벨인지 한눈에 파악하기 쉽다.

## 02. 폴더 구조 (정석 구조)

```txt
client/
  src/
    app/
      App.tsx
      pages/
        HomePage.tsx
        FeedPage.tsx
        ProfilePage.tsx
        SettingsPage.tsx

    components/
      layout/
        MainLayout.tsx
      common/
        LanguageSwitcher.tsx

    contexts/
      LanguageContext.tsx

    lib/
      i18n.ts

    locales/
      en.json
      ja.json
      ko.json

    types/
      locale.ts
      # (선택) localeSchema.ts

    styles/
      index.css

    main.tsx
```

팁

app/ : 라우팅과 페이지 흐름

components/ : 재사용 가능한 UI

contexts/ : 전역 상태(Context)

lib/ : 유틸·도메인 로직

locales/ : 번역 파일
이렇게 역할별로 나누면 규모가 커져도 구조가 잘 버틴다.

## 03. 라우팅 구조

📌 가장 중요한 원칙
BrowserRouter는 앱 전체에서 단 한 번만 사용한다.
위치는 main.tsx 또는 App.tsx 둘 중 하나.

현재 사용 중인 패턴은 main.tsx에 Router를 두는 방식:

```tsx
コードをコピーする;
// main.tsx
import React from ""react"";
import ReactDOM from ""react-dom/client"";
import App from ""./app/App"";
import ""./styles/index.css"";
import { LanguageProvider } from ""./contexts/LanguageContext"";
import { BrowserRouter } from ""react-router-dom"";

ReactDOM.createRoot(document.getElementById(""root"")!).render(
  <React.StrictMode>
    <LanguageProvider>
      <BrowserRouter>
        <App />
      </BrowserRouter>
    </LanguageProvider>
  </React.StrictMode>
);
```

App.tsx는 Router 없이, Routes만 가진다:

```tsx
コードをコピーする;
// app/App.tsx
import { Routes, Route, Navigate } from ""react-router-dom"";
import { MainLayout } from ""../components/layout/MainLayout"";
import { HomePage } from ""./pages/HomePage"";
import { FeedPage } from ""./pages/FeedPage"";
import { ProfilePage } from ""./pages/ProfilePage"";
import { SettingsPage } from ""./pages/SettingsPage"";

export const App = () => {
  return (
    <MainLayout>
      <Routes>
        <Route path=""/"" element={<HomePage />} />
        <Route path=""/feed"" element={<FeedPage />} />
        <Route path=""/profile"" element={<ProfilePage />} />
        <Route path=""/settings"" element={<SettingsPage />} />
        <Route path=""*"" element={<Navigate to=""/"" replace />} />
      </Routes>
    </MainLayout>
  );
};

export default App;
```

---

팁
main.tsx에 Router를 두면, App은 “순수하게 화면만” 담당해서 역할 분리가 더 깔끔해진다.

## 04. 언어 상태 관리 (LanguageContext)

역할
전체 앱의 언어 상태를 전역으로 관리

localStorage와 연동해서 새로고침 후에도 언어 유지

setLanguage 호출 시 전 페이지가 즉시 리렌더링

### 04-01. 언어 타입

```ts
コードをコピーする;
// types/locale.ts
export type Language = ""en"" | ""ja"" | ""ko"";
```

컨텍스트 구현

```tsx
コードをコピーする;
// contexts/LanguageContext.tsx
import {
  createContext,
  useContext,
  useEffect,
  useState,
  type ReactNode,
} from ""react"";
import type { Language } from ""../types/locale"";

type LanguageContextValue = {
  language: Language;
  setLanguage: (lang: Language) => void;
};

const LanguageContext = createContext<LanguageContextValue | undefined>(
  undefined
);

const DEFAULT_LANG: Language = ""en"";

type LanguageProviderProps = {
  children: ReactNode;
};

export const LanguageProvider = ({ children }: LanguageProviderProps) => {
  const [language, setLanguageState] = useState<Language>(DEFAULT_LANG);

  // 초기 로드 시 localStorage 값 적용
  useEffect(() => {
    const saved = window.localStorage.getItem(
      ""scc_language""
    ) as Language | null;
    if (saved) {
      setLanguageState(saved);
    }
  }, []);

  // 언어 변경 시: 상태 + localStorage 둘 다 업데이트
  const setLanguage = (lang: Language) => {
    setLanguageState(lang);
    window.localStorage.setItem(""scc_language"", lang);
  };

  return (
    <LanguageContext.Provider value={{ language, setLanguage }}>
      {children}
    </LanguageContext.Provider>
  );
};

export const useLanguage = (): LanguageContextValue => {
  const ctx = useContext(LanguageContext);
  if (!ctx) {
    throw new Error(""useLanguage must be used within LanguageProvider"");
  }
  return ctx;
};
```

팁

전역 상태는 항상 한 곳에서만 관리한다.

여기서는 LanguageProvider가 “언어의 단일 출처(single source of truth)”.

## 05. i18n 시스템 (JSON 기반)

### 05-01. JSON 구조 예시

```json
コードをコピーする
// locales/en.json
{
""app"": {
""title"": ""Stock Cloud Community"",
""tagline"": ""From Japan to the world""
},
""nav"": {
""home"": ""Home"",
""feed"": ""Feed"",
""profile"": ""My Page""
}
}
```

```json
コードをコピーする
// locales/ja.json
{
""app"": {
""title"": ""Stock Cloud コミュニティ"",
""tagline"": ""日本から世界へ""
},
""nav"": {
""home"": ""ホーム"",
""feed"": ""フィード"",
""profile"": ""マイページ""
}
}
```

```json
コードをコピーする
// locales/ko.json
{
""app"": {
""title"": ""Stock Cloud 커뮤니티"",
""tagline"": ""일본에서 세계로""
},
""nav"": {
""home"": ""홈"",
""feed"": ""피드"",
""profile"": ""마이페이지""
}
}
```

### 05-02. t() 함수 구현

```ts
コードをコピーする;
// lib/i18n.ts
import en from ""../locales/en.json"";
import ja from ""../locales/ja.json"";
import ko from ""../locales/ko.json"";
import type { Language } from ""../types/locale"";

const dictionaries = {
  en,
  ja,
  ko,
};

export const t = (key: string, lang: Language): string => {
  const dict = dictionaries[lang];

  const parts = key.split(""."");
  let value: any = dict;

  for (const part of parts) {
    value = value?.[part];
  }

  return value ?? key; // 못 찾으면 key 그대로 반환
};
```

핵심 포인트

""app.title"" → JSON의 app → title 위치를 찾아서 문자열 반환

""nav.home"" → JSON의 nav → home 위치를 찾아감

값을 못 찾으면 key를 그대로 반환 → 오타 디버깅에 도움

팁
모든 텍스트를 JSON에서 관리하면, 코드 수정 없이도 문구를 변경할 수 있다.
(기획자/디자이너가 JSON 파일만 수정해도 됨)

## 06. MainLayout — 언어 변경 + 네비게이션 UI

역할
상단 헤더(UI 공통)

네비게이션 메뉴

언어 변경 컴포넌트 (LanguageSwitcher)

메인 페이지 컨테이너 (children)

Footer

LanguageSwitcher

```tsx
コードをコピーする;
// components/common/LanguageSwitcher.tsx
import type { FC } from ""react"";
import type { Language } from ""../../types/locale"";

const LABEL: Record<Language, string> = {
  en: ""EN"",
  ja: ""日本語"",
  ko: ""한국어"",
};

type LanguageSwitcherProps = {
  value: Language;
  onChange: (lang: Language) => void;
};

export const LanguageSwitcher: FC<LanguageSwitcherProps> = ({
  value,
  onChange,
}) => {
  return (
    <div className=""flex items-center gap-2 text-xs"">
      <span className=""text-gray-400"">Language</span>
      <div className=""inline-flex rounded-full bg-gray-100 p-1"">
        {([""en"", ""ja"", ""ko""] as Language[]).map((lang) => {
          const isActive = value === lang;

          return (
            <button
              key={lang}
              type=""button""
              onClick={() => onChange(lang)}
              className={[
                ""px-2 py-1 rounded-full transition"",
                isActive
                  ? ""bg-white shadow-sm text-brand-primary""
                  : ""text-gray-500 hover:text-brand-primary"",
              ].join("" "")}
            >
              {LABEL[lang]}
            </button>
          );
        })}
      </div>
    </div>
  );
};
```

MainLayout 구현 (Context 사용)

```tsx
コードをコピーする;
// components/layout/MainLayout.tsx
import type { ReactNode } from ""react"";
import { Link, useLocation } from ""react-router-dom"";
import { LanguageSwitcher } from ""../common/LanguageSwitcher"";
import { useLanguage } from ""../../contexts/LanguageContext"";

type MainLayoutProps = {
  children: ReactNode;
};

export const MainLayout = ({ children }: MainLayoutProps) => {
  const { language, setLanguage } = useLanguage();
  const location = useLocation();

  const isActive = (path: string) => location.pathname === path;

  return (
    <div className=""min-h-screen bg-brand-soft text-brand-primary font-sans"">
      <header className=""border-b border-gray-200 bg-white/80 backdrop-blur-sm"">
        <div className=""mx-auto flex max-w-5xl items-center justify-between px-4 py-3"">
          <div className=""text-xl font-semibold tracking-tight"">
            Stock Cloud
            <span className=""ml-1 text-sm font-normal text-gray-500"">
              community
            </span>
          </div>

          <div className=""flex items-center gap-6"">
            <nav className=""flex items-center gap-4 text-sm text-gray-600"">
              <Link
                to=""/""
                className={
                  ""hover:text-brand-primary "" +
                  (isActive(""/"") ? ""font-semibold text-brand-primary"" : """")
                }
              >
                Home
              </Link>
              <Link
                to=""/feed""
                className={
                  ""hover:text-brand-primary "" +
                  (isActive(""/feed"") ? ""font-semibold text-brand-primary"" : """")
                }
              >
                Feed
              </Link>
              <Link
                to=""/profile""
                className={
                  ""hover:text-brand-primary "" +
                  (isActive(""/profile"")
                    ? ""font-semibold text-brand-primary""
                    : """")
                }
              >
                My Page
              </Link>
              <Link
                to=""/settings""
                className={
                  ""hover:text-brand-primary "" +
                  (isActive(""/settings"")
                    ? ""font-semibold text-brand-primary""
                    : """")
                }
              >
                Settings
              </Link>
            </nav>

            <LanguageSwitcher value={language} onChange={setLanguage} />
          </div>
        </div>
      </header>

      <main className=""mx-auto max-w-5xl px-4 py-8"">{children}</main>

      <footer className=""border-t border-gray-200 bg-white/70"">
        <div className=""mx-auto flex max-w-5xl items-center justify-between px-4 py-3 text-xs text-gray-400"">
          <span>© {new Date().getFullYear()} Stock Cloud Community</span>
          <span>JP → Global</span>
        </div>
      </footer>
    </div>
  );
};
```

팁
예전에 MainLayout이 Context 대신 props로 언어를 받았을 때,
App.tsx의 상태와 Context 상태가 따로 놀아서 새로고침해야 언어 변경이 반영되는 버그가 있었다.
지금은 useLanguage()만 쓰도록 통일해서 이 문제가 해결된 상태.

## 07. Language 버튼 이슈 정리 (에러 로그용)

### 07-01. 상황

React + TypeScript + Context + i18n 사용

언어 변경 버튼을 눌러도 텍스트가 바로 안 바뀌고,
새로고침 후에야 변경된 언어가 적용되는 현상 발생

### 07-02. 원인

언어 상태가

App.tsx의 useState(language)

LanguageProvider의 language
두 군데에서 따로 관리되고 있었음

화면(HomePage 등)은 **Context의 language**를 보고 있었지만,
버튼은 App 내부 상태만 변경하고 있었음 → 상태 불일치

i18n 키와 JSON 구조도 일부 불일치 (home.welcome vs app.title)

### 07-03. 해결

언어 상태를 LanguageProvider(Conte
xt) 하나로 통일

App.tsx에서 언어 관련 useState/useEffect 삭제

MainLayout과 페이지들은 모두 useLanguage()만 사용

LanguageProvider에서만 localStorage read/write 처리

i18n 키와 JSON 구조를 실제 호출 형태에 맞추어 수정

t(""app.title"", language) ↔ en.json.app.title

### 07-04. 결과

언어 변경 시 전 페이지 UI가 즉시 리렌더링

새로고침 없이 자연스럽게 전환

전역 상태 관리 구조 안정화

### 07-05. 배운 점

전역 상태(언어, 테마, 사용자 설정 등)는 반드시 한 군데에서만 관리한다.

Context + localStorage 조합을 사용할 때:

Context = 진짜 소스

localStorage = 초기값 + 영구 저장소 역할

i18n은 코드의 key(""app.title"")와 JSON 구조를 항상 맞춰야 한다.

## 08. 현재 시스템의 완성도

### 08-01. 현재 프로젝트는:

글로벌 언어 시스템(i18n) 기본 구조 완성

Context 기반 전역 언어 상태 안정적으로 구성

Layout / Routes / Pages 구조가 실무 레벨에 가깝게 정리

유지보수성과 확장성 모두 확보

### 08-02. 언어부분 수정내용

✔ 주요 작업 내용

i18n JSON(en/ja/ko) 확장

home / feed / profile / settings 영역에 필요한 문구 추가

일본어는 감성맞게 자연스러운 표현으로 조정

이제 모든 페이지가 통일된 i18n 패턴을 사용하도록 세팅됨

FeedPage 기본 레이아웃 구성

제목, 설명, 빈 피드 안내문 추가

향후 게시글·댓글 UI를 얹기 쉬운 구조로 설계

ProfilePage 기본 UI 제작

사용자 이름/프로필/바이오의 placeholder 문구 i18n 적용

실제 데이터 연동을 대비한 구조로 구축

SettingsPage의 언어 설정 섹션 구축

제목/설명/언어 선택 영역을 i18n으로 연결

LanguageSwitcher를 페이지 내부에서도 사용할 수 있도록 설정

향후 “테마/알림/타임존” 같은 설정을 추가할 공간 마련

MainLayout 전체 페이지에서 Context 기반 언어 전환 정상 동작 확인

nav는 아직 i18n 옵션 적용 전이지만, 적용 가능하도록 준비됨

전역 상태 적용 방식이 안정적으로 유지됨

✔ 배운 점 / 기록

페이지가 늘어나더라도, 언어 상태는 Context 하나로 관리하면 UI 반영이 항상 즉시 이뤄진다.

i18n JSON을 확장할 때는 “키 구조 통일”이 가장 중요하며,
이번 작업으로 전체 키 구조가 일관된 형태를 갖추게 됨.

페이지를 먼저 *“레이아웃 중심”*으로 만들면 나중에 DB 연결 시 훨씬 편하다.

📌 다음 작업 예정(TODO)

MainLayout 내 nav.menu 부분을 i18n으로 전환

SettingsPage → 테마 전역 상태 추가 준비

FeedPage → 게시글 카드 UI 설계

ProfilePage → 이름/소개 입력 폼 추가

### 08-03. 앞으로 추가하기 좋은 기능:

인증(Auth: 로그인/회원가입)

프로필 편집

게시글/댓글 기능

UI 세련화 (Tailwind + 일본 감성)

DB 연결 (초기 MongoDB → 이후 AWS로 마이그레이션)

팁
이 문서를 v1으로 두고, 기능이 늘어날 때마다 v2, v3 문서를 추가로 작성하면
“프로젝트 성장 히스토리” 자체가 포트폴리오가 된다.","[""import"",""coding""]",2026-02-22 11:37:06.628315+00,e1848554-ffae-479c-a8cd-4c0d77b7bed2,2026-03-19 15:55:50.007522+00,0,0,0,2026-03-19 15:55:50.007522+00,0,null,null,null,false,null,jp-dev-study-log-next,2025-12-01 00:44:04.703+00,1764549844703,false,null,null,null,"{""tables"":{""1"":{""rows"":[],""columns"":[]}}}",null,[],null,null
0e74c6bf-dc6c-4f69-8016-258505cf6c42,お年玉（おとしだま、御年玉）,"お年玉（おとしだま、御年玉）は、新年を祝うために贈られる金品のこと。単に年玉（としだま）ともいう。現代では特に子供に金銭を与える習慣及びその金銭の意で用いられている。歳暮と異なり、目上の者が目下の者に贈るのが特徴[1]。反対に、目下の者が目上の者に贈る場合はお年賀（御年賀）という。

https://youtu.be/pi-R2O8cI_w?si=W2LHZ8KF9Ec1sC9d

https://ja.wikipedia.org/wiki/%E3%81%8A%E5%B9%B4%E7%8E%89","[""import"",""japanese""]",2026-02-22 11:37:06.628315+00,e1848554-ffae-479c-a8cd-4c0d77b7bed2,2026-03-19 15:55:50.007522+00,0,0,0,2026-03-19 15:55:50.007522+00,0,null,null,null,false,null,jp-dev-study-log-next,2026-01-01 19:00:59.304+00,1767294059304,false,null,null,null,"{""tables"":{""1"":{""rows"":[],""columns"":[]}}}",null,[],null,null
0eeeafd6-a706-4d52-94d0-4c6ce2adc621,当然（とうぜん）」と「当たり前（あたりまえ）,"「当然（とうぜん）」と「当たり前（あたりまえ）」は、「そうあるべきこと」「ごく普通のこと」「何の疑問の余地もないこと」という意味で、ほぼ同じ意味で使われる類義語です。語源としては、「当然」を意味する「当前（とうぜん）」を訓読みして「当たり前」が生まれたとされ、元々は共同作業の分け前を指す言葉だったという説もあります。 
意味とニュアンス
当然・当たり前: 道理にかなっていて、疑問なくそうなるべき状況や状態を指します。
例: 「雨が降れば濡れるのは当然（当たり前）だ」「彼は努力したのだから、成功したのは当然（当たり前）だ」 
語源と歴史
「当然」の当て字: 「当然」という漢字が江戸時代に「当前」とも書かれ、これを訓読み（音読みではなく、漢字ごとの日本語読み）したものが「当たり前」になったという説が有力です。
「分け前」の言葉: 漁や狩りなどで、人数で分ける一山分の取り分（分け前）を「当たり前」と呼び、その分け前を受け取るのは道理（当然）であることから、「普通のこと」という意味に転じたという説もあります。 
類語・関連語
類語: もちろん、無論（むろん）、もっとも、さもありなん。
対義語: 「当たり前」の対義語として「ありがたい（有り難い）」が挙げられることがあります。これは「有ることが難しい」という意味から、「めったにない」「尊い」という意味で使われます。 
まとめ
「当然」と「当たり前」は、どちらも「ごく普通のこと」「そうあるべきこと」というニュアンスで使われますが、「当たり前」は「当然」という漢字の当て字（または誤字）から生まれた、より口語的な表現であり、さらに「分け前」という具体的な語源を持つ点が特徴です。 

【当然】＝中国から伝わった言葉を活かしたもの。

【当たり前】＝【当然】を日本の和語、つまり大和言葉に変えたもの。

→ですから、全体の文脈を硬くしたい時は【当然】を、
柔らかくしたい時は【当たり前】が良いかも知れません。","[""import"",""japanese""]",2026-02-22 11:37:06.628315+00,e1848554-ffae-479c-a8cd-4c0d77b7bed2,2026-03-19 15:55:50.007522+00,0,0,0,2026-03-19 15:55:50.007522+00,0,null,null,null,false,null,jp-dev-study-log-next,2025-12-26 13:46:16.394+00,1766756776394,false,null,null,null,"{""tables"":{""1"":{""rows"":[],""columns"":[]}}}",null,[],null,null
114b0e20-3579-4864-a31b-3949bc9df04b,「特技、上手」の違いは,"「特技、上手」は、「自分が得意なこと、人より少し優れていると感じること」を指し、就職活動などでアピールする際は、具体的にどんなスキルか、どう努力して身につけたか、それによってどんな強みがあるかを伝えるのがポイントで、料理、語学、プログラミング、楽器演奏、意外なこと（人の顔と名前を覚えるなど）まで幅広くアピールできます。 
特技の例
スキル系: フラッシュ暗算、語学、習字、パソコン操作、動画編集、イラスト。
行動・習慣系: 早起き、節約、料理、ヘアメイク、筋トレ、ラテアート。
対人・思考系: 人の顔と名前を覚える、雑学、騒がしい場所でも集中できる、プレゼント選びが上手。
身体系: リフティング、ゴルフ、剣道。 
アピールする際のポイント
自己評価でOK: 他人の評価は気にせず、自分が「得意」と感じれば特技になります。
具体的に: 「スポーツ」ではなく「サッカーでリフティングが200回できる」のように具体的に。
エピソードを添える: なぜ得意になったのか、どんな努力をしたのかを話すと説得力が増します。
他のエピソードと被らないように: 自己PRやガクチカで話した内容と重複しないように注意。 
特技がないと感じる場合
身近なことで見つける: 「他の人より整理整頓が上手」「電車の乗り換え案内を完璧に覚えられる」など、些細なことでもOK。
努力の過程をアピール: 資格勉強やオンライン講座受講も立派な「学ぶ姿勢」の特技になります。","[""import"",""japanese""]",2026-02-22 11:37:06.628315+00,e1848554-ffae-479c-a8cd-4c0d77b7bed2,2026-03-19 15:55:50.007522+00,0,0,0,2026-03-19 15:55:50.007522+00,0,null,null,null,false,null,jp-dev-study-log-next,2025-12-26 15:20:32.367+00,1766762432367,false,null,null,null,"{""tables"":{""1"":{""rows"":[],""columns"":[]}}}",null,[],null,null
12c8edd0-cfcd-48ec-ba89-f0180f1f049f,深さ（ふかさ）,"「深さ（ふかさ）」とは、物事がどれだけ深く、奥まっているか、またはその度合いを示す言葉で、物理的な場所（海の深さ、穴の深さなど）や、比喩的な意味（考えの深さ、感情の深さなど）で使われ、「奥行き」「深度」「深み」といった類語があります。文脈によって客観的な数値（深度）と、主観的な感じ方（深み）に使い分けられるのが特徴です。 
主な意味と使い方
物理的な深さ（客観的・数値的）:
海、川、穴などの水面や表面から底までの垂直距離（例：水深、深度）。
「この川の深さはどれくらいですか？」のように数値で測れるもの。
比喩的な深さ（主観的・感覚的）:
物事の奥ゆかしさ、複雑さ、感情の豊かさなど（例：味わい深い、心に響く）。
「この絵画には深みがある」「彼の言葉に深みを感じる」のように、感じ方や解釈が人によって異なる場合。
関連する言葉:
奥行き（おくゆき）: 前後、左右、上下方向への広がりや深さ。
深度（しんど）: 特に深海や地質などで使われる客観的な深さ。
深み（ふかみ）: 比喩的な意味での深さ（例：味の深み、心の深み）。 
具体例
例1（物理）: マリアナ海溝の深さは約11,000メートルに達する。
例2（比喩）: 彼の人生経験が、彼の仕事の深みを生み出している。","[""import"",""japanese""]",2026-02-22 11:37:06.628315+00,e1848554-ffae-479c-a8cd-4c0d77b7bed2,2026-03-19 15:55:50.007522+00,0,0,0,2026-03-19 15:55:50.007522+00,0,null,null,null,false,null,jp-dev-study-log-next,2025-12-26 16:40:45.068+00,1766767245068,false,null,null,null,"{""tables"":{""1"":{""rows"":[],""columns"":[]}}}",null,[],null,null
163be955-8801-46f8-a121-2cff128c45a2,「向き合い（むきあう）」,"「向き合い（むきあう）」とは、自分自身や他者、あるいは問題・課題などに対して、目をそらさずに正面から向き合い、真剣に取り組む・対峙するという意味で、「自分と向き合う（本心を知る）」、「問題に向き合う（対処する）」のように使われ、状況や対象によって「誠実に取り組む」「対峙する」「受け止める」といったニュアンスを含みます。 
主な意味と使い方
自分自身と向き合う:
自分の本心、感情、願望に耳を傾け、正直に受け止めること。
他人の意見や世間体を気にせず、「本当はどうしたいのか」を自分に問いかけること。
例文: 「ストレスと向き合い、ポジティブになりたい」
問題・課題などと向き合う:
困難な状況や課題に対して、逃げずに真剣に対処すること。
類語: 立ち向かう、取り組む、対処する、解決に努める。
例文: 「この問題に真剣に向き合うべきだ」
相手・状況と向き合う:
相手の立場になって真剣に話を聞く、誠実に対応すること（「真摯に向き合う」）。
類語: 対峙する、相対する。
例文: 「クライアントの要望に真摯に向き合う」 
「向き合う」ためのポイント
環境を整える: 一人で集中できる静かな場所で、自分の気持ちに耳を傾ける。
感情を受け入れる: 辛い感情でも否定せず、「今はそう感じている」と素直に認める。
焦らない: すぐに答えを出そうとせず、時間をかけて自分を感じ、理解しようとする姿勢が大切。","[""import"",""japanese""]",2026-02-22 11:37:06.628315+00,e1848554-ffae-479c-a8cd-4c0d77b7bed2,2026-03-19 15:55:50.007522+00,0,0,0,2026-03-19 15:55:50.007522+00,0,null,null,null,false,null,jp-dev-study-log-next,2025-12-29 19:28:11.035+00,1767036491035,false,null,null,null,"{""tables"":{""1"":{""rows"":[],""columns"":[]}}}",null,[],null,null
1ec7345b-7fa8-4e08-af44-d6495b642b3d,日本語単語勉強25,"'偉い'(えらい)는 일본어로 '훌륭하다', '대단하다', '지위가 높다', '비범하다' 등의 뜻을 가진 형용사로, 긍정적으로 뛰어나거나 높은 사람, 또는 상황에 따라서는 '큰일이다', '힘들다'는 뉘앙스로도 사용될 수 있으며, JLPT N3 수준의 필수 어휘입니다. 
주요 의미
훌륭하다, 뛰어나다, 대단하다: 능력, 성격, 성과가 뛰어날 때 사용합니다. (예: 偉い政治家だ - 훌륭한 정치가다).
지위가 높다, 신분이 높다: 사회적 지위나 권력이 높음을 나타냅니다.
큰일이다, 힘들다: 상황에 따라 '보람 있다', '고생했다'는 긍정적 의미로 쓰이거나, '큰일났다'는 뉘앙스로도 쓰입니다 (예: 偉いことになった - 큰일이 났네). 
예문
""よく頑張ったね。偉い！"" (요쿠 간바타네. 에라이!) - ""정말 잘했네. 대단해!"" (칭찬).
""あの人は偉い人だ。"" (아노 히토와 에라이 히토다) - ""저 사람은 훌륭한 사람(높은 사람)이다."".

https://youtu.be/CgRYFeJeYC8?si=UVTgG3Z6WU-0NRqJ

「節介（せっかい）：쓸데없는 참견、덥적거림」とは、本来は「節操を守り世俗に流されないこと」を指しますが、現代では「おせっかい（御節介）」と同じ意味で使われ、他人に必要以上に口出ししたり、余計な世話を焼いたりする行為や、そのような人を指す言葉です。漢字の「節介」と「おせっかい」は読みが同じため混同されがちですが、元々の意味は異なります。 
「節介」の2つの意味
本来の意味（古風な表現）:
節操（信念や品行）を堅く守り、世間の流行や誘惑に惑わされないこと。その様子。
例：「清先生性楽二静寂一節介寡欲」（清先生は静寂と節介（清廉）を好み、欲望が少ない）。
現代的な意味（おせっかいと同じ）:
他人の事柄に必要以上に干渉し、頼まれてもいないのに世話を焼くこと。
例：「おせっかいが過ぎる」「お節介焼き」。 
類語・関連語
おせっかい: 面倒見が良すぎる、でしゃばり。
干渉（かんしょう）: 他人の領域に口出しすること。
口出し: 他人のことに余計な意見を言うこと。 
違いのポイント
お世話（助けたい時に助ける）とおせっかい（相手が望んでいないのに手出しする）は違います。相手が「自分でできる」「一人でやりたい」と思っている時に介入すると「おせっかい」になります。

https://m.blog.naver.com/nolaboja25/220942919504","[""import"",""japanese""]",2026-02-22 11:37:06.628315+00,e1848554-ffae-479c-a8cd-4c0d77b7bed2,2026-03-19 15:55:50.007522+00,0,0,0,2026-03-19 15:55:50.007522+00,0,null,null,null,false,null,jp-dev-study-log-next,2025-12-18 22:24:18.395+00,1766096658395,false,null,null,null,"{""tables"":{""1"":{""rows"":[],""columns"":[]}}}",null,[],null,null
21da1279-51b0-42ca-8966-1e5bd5fa35ae,「湧き上がる（わきあがる）」,"https://youtu.be/9B1izCJwtmM?si=uAU09YRVmtL4uMX_

「湧き上がる（わきあがる）」とは、水や感情、考えなどが内部からこみ上げるように発生・出現する様子を表し、物理的には水が地中から沸き出る（湧き出る）、感情的には喜びや感動などが内面からあふれる、考えやイメージが心に浮かぶといった意味で使われます。類義語には「こみ上げる」「溢れる」「沸き立つ」「芽生える」などがあり、物理的な現象から心の動きまで幅広く表現できるのが特徴です。 
主な意味と使い方
物理的な現象: 水が地面からわき出る様子。「清水が岩間から湧き上がる」。
感情・意欲: 心の内側から自然に感情や意欲が生まれる様子。「感動が胸に湧き上がる」「興味が湧き上がる」。
考え・イメージ: 思考や記憶などが心に浮かんでくる様子。「名案が湧き上がる」「記憶が湧き上がる」。
騒ぎ・群衆: 大勢の人から騒ぎなどが起こる様子。「歓声が湧き上がる」。 
例文
「大自然の中で、生命の力が湧き上がってくるのを感じた。」
「彼の話を聞いて、勇気が湧き上がってきた。」
「目の前の光景に、歓声が湧き上がった。」

https://wordrow.kr/basicn/ja/search/%E6%B9%A7%E3%81%8D%E4%B8%8A%E3%81%8C%E3%82%8B/

꿈틀하다 動詞

1 몸의 한 부분을 비틀거나 구부리며 움직이다.
1 うごめく【蠢く】。のたくる: 体の一部を捻ったりくねらせたりして動く。

2 어떤 생각이나 감정이 갑자기 생기다.
2 わき上がる【湧き上がる】: ある考えや感情がいきなり生じる。

꿈틀꿈틀하다 動詞

1 몸의 한 부분을 자꾸 비틀거나 구부리며 움직이다.
1 うごめく【蠢く】。のたくる: 体の一部を捻ったりくねらせたりして動き続ける。

2 어떤 생각이나 감정이 갑자기 자꾸 생기다.
2 わき上がる【湧き上がる】: ある考えや感情がいきなりしきりに生じる。

꿈틀대다 動詞

1 몸의 한 부분을 자꾸 비틀거나 구부리며 움직이다.
1 うごめく【蠢く】。のたくる: 体の一部を捻ったりくねらせたりして動き続ける。

2 어떤 생각이나 감정이 갑자기 자꾸 생기다.
2 わき上がる【湧き上がる】: ある考えや感情がいきなりしきりに生じる。

치받다 動詞

1 욕심이나 분노와 같은 감정이 세차게 북받쳐 오르다.
1 こみあげる【込み上げる】。わきあがる【湧き上がる】: 欲や憤りなどの感情が激しく沸き上がってくる。

꿈틀거리다 ☆ 動詞

1 몸의 한 부분을 자꾸 비틀거나 구부리며 움직이다.
1 うごめく【蠢く】。のたくる: 体の一部を捻ったりくねらせたりして動き続ける。

2 어떤 생각이나 감정이 갑자기 자꾸 생기다.
2 わき上がる【湧き上がる】: ある考えや感情がいきなりしきりに生じる。

팽배하다 (澎湃/彭湃 하다) 動詞

1 어떤 기세나 사상의 흐름 등이 매우 거세게 일어나다.
1 わきあがる【湧き上がる】。ほうはいとする【澎湃とする】: ある気運や思想の流れなどが盛んな勢いで沸き起こる。

샘솟다 動詞

1 어떤 감정이나 눈물이 계속 솟아 나오다.
1 わく【湧く・涌く】。あふれでる【溢れ出る】。わきあがる【湧き上がる】: 引き続き感情が生じたり涙が出たりする。

치받치다 動詞

1 연기나 불길 등이 세차게 위로 솟아오르다.
1 ふきあがる【吹き上がる・噴き上がる】: 煙や火炎などが激しい勢いで上に向かって噴き出す。

2 감정 등이 세차게 복받쳐 오르다.
2 こみあげる【込み上げる】。わきあがる【湧き上がる】: 感情などが激しく沸き上がってくる。

치솟다 ☆ 動詞

1 위쪽으로 힘차게 솟다.
1 たちのぼる【立ち上る】。つきあがる【突き上がる】: 下から上の方に激しい勢いで上がる。

2 감정이나 생각 등이 세차게 복받쳐 오르다.
2 こみあげる【込み上げる】。わきあがる【湧き上がる】: 感情や考えなどが激しく沸き上がってくる。

솟구치다 ☆ 動詞

1 아래에서 위로, 또는 안에서 밖으로 세차게 솟아오르다.
1 はねあがる【跳ね上がる】: 下から上へ、または中から外へ勢いよく上がる。

2 감정이나 힘 등이 급하고 세차게 솟아오르다.
2 わきあがる【湧き上がる・涌き上がる】。こみあげる【こみ上げる】: 感情や力などが強く湧き出る。

3 빠르고 세게 높이 솟게 하다.
3 はねあげる【跳ね上げる】: 体を速くて強く上方へ上げる。

용솟음치다 (湧 솟음치다) 動詞

1 물이 매우 세차게 위로 나오다.
1 わきあがる【湧き上がる】。ふきあがる【噴き上がる】。ほとばしる【迸る】: 水が勢いよく上へ噴き出す。

2 힘이나 기세가 매우 세차게 솟아나다.
2 わきあがる【湧き上がる】。ふきあがる【噴き上がる】。ほとばしる【迸る】: 力や勢いなどが強く湧き上がる。

솟아오르다 ☆ 動詞

1 아래에서 위로 또는 안에서 밖으로 불쑥 나타나다.
1 わきあがる【湧き上がる・涌き上がる】。ふきあがる【噴き上がる】。あふれでる【溢れ出る】: 下から上へ、または中から外へ突然現れる。

2 감정이나 힘 등이 힘차게 일어나다.
2 わきでる【湧き出る・涌き出る】。ふきでる【噴き出る】。あふれでる【溢れ出る】: 感情や力などが強く湧き上がる。
끓어오르다 ☆ 動詞
1 액체가 끓어서 위로 솟아오르다.
1 わきあがる【湧き上がる】。わきたつ【湧き立つ】。たぎる【滾る】。にえたつ【煮え立つ】: 液体が煮立ってふきあがる。
2 감정이나 신체 현상이 강하게 일어나다.
2 わきあがる【湧き上がる】。わきたつ【湧き立つ】。たぎる【滾る】。にえたつ【煮え立つ】: 感情や身体現象が盛んに沸き起こる。

일어나다 ☆☆☆ 動詞

1 누워 있다가 앉거나 앉아 있다가 서다.
1 おきる【起きる】。おきあがる【起き上がる・起き上る】。たちあがる【立ち上がる・立上がる】: 横になっていたものが座ったり、座っていたものが立ったりする。

2 잠에서 깨어나다.
2 おきる【起きる】: 目を覚ます。

3 일이나 사건 등이 생기다.
3 おきる【起きる】。おこる【起こる・起る】: 事や事件などが生ずる。

4 어떤 감정이나 마음이 생기다.
4 おこる【起こる・起る】: ある感情が心の中に生ずる。

5 약하거나 없던 것이 번성하거나 세지다.
5 おこる【起こる・起る】。たちあがる【立ち上がる・立上がる】。おこる【興る】: 弱かったりなかったりした物事が盛んになったり強くなったりする。

6 어떤 일을 위해 몸과 마음을 모아 나서다.
6 たちあがる【立ち上がる・立上がる】: 何かのために思い切って行動を起こす。

7 위로 솟아오르거나 겉으로 부풀어 오르다.
7 たつ【立つ】。ふきあがる【吹き上がる・噴き上がる・吹き上る・噴き上る】: 高く湧き上がったり膨れ上がったりする。

8 자연이나 사람 등에게 어떤 현상이 발생하다.
8 おきる【起きる】。おこる【起こる・起る】: 自然や人などにある現象が発生する。

9 어떤 소리가 나다.
9 あがる【揚がる】。わきあがる【湧き上がる・涌き上がる・湧き上る・涌き上る】: 音がする。

10 사회에 어떤 현상 등이 생기다.
10 おきる【起きる】。おこる【起こる・起る】: 社会にある現象が生ずる。

11 병을 앓다가 낫다.
11 おきる【起きる】。おきあがる【起き上がる・起き上る】: 病気が治る。

용솟음치다 (湧 솟음치다) 動詞

1. 물이 매우 세차게 위로 나오다.
1. わきあがる【湧き上がる】。ふきあがる【噴き上がる】。ほとばしる【迸る】: 水が勢いよく上へ噴き出す。

2. 힘이나 기세가 매우 세차게 솟아나다.
2. わきあがる【湧き上がる】。ふきあがる【噴き上がる】。ほとばしる【迸る】: 力や勢いなどが強く湧き上がる。

솟아오르다 ☆ 動詞

1. 아래에서 위로 또는 안에서 밖으로 불쑥 나타나다.
1. わきあがる【湧き上がる・涌き上がる】。ふきあがる【噴き上がる】。あふれでる【溢れ出る】: 下から上へ、または中から外へ突然現れる。

2. 감정이나 힘 등이 힘차게 일어나다.
2. わきでる【湧き出る・涌き出る】。ふきでる【噴き出る】。あふれでる【溢れ出る】: 感情や力などが強く湧き上がる。

용솟음 (湧 솟음) 名詞

1. 물이 매우 세차게 위로 나옴.
1. わきあがり【湧き上がり】。ふきあがり【噴き上がり】。ほとばしり【迸り】: 水が勢いよく上へ噴き出すこと。

2. 힘이나 기세가 매우 세차게 솟아남.
2. わきあがり【湧き上がり】。ふきあがり【噴き上がり】。ほとばしり【迸り】: 力や勢いなどが強く湧き上がること。","[""import"",""japanese""]",2026-02-22 11:37:06.628315+00,e1848554-ffae-479c-a8cd-4c0d77b7bed2,2026-03-19 15:55:50.007522+00,0,0,0,2026-03-19 15:55:50.007522+00,0,null,null,null,false,null,jp-dev-study-log-next,2026-01-01 16:11:44.873+00,1767283904873,false,null,null,null,"{""tables"":{""1"":{""rows"":[],""columns"":[]}}}",null,[],null,null
22988156-0b6d-4fdc-b7d8-f3364bc93bb7,「仕組み（しくみ）」,"「仕組み（しくみ）」とは、物事が成り立つための基本的な構造、原理、または手順を指し、機械の動作原理から組織の運営方法、自然現象の法則まで幅広く使われ、「システム」「メカニズム」「構造」「計画」といった意味合いで、「誰がやっても同じ結果を出せるように標準化・設計された方法」（仕組み化）を指すビジネス用語としても重要です。 
「仕組み」の主な意味と使われ方
構造・メカニズム: 機械のギアの噛み合わせや、生物の体の構造など、部品が連動して機能する原理。
システム・プロセス: 組織が目標を達成するための運営方法、業務の流れ、ルールなど。
工夫・計画: 物事をうまく運ぶために、意図的に作り上げられた計画や仕掛け（例：小説の伏線）。 
ビジネスにおける「仕組み化」
目的: 特定の人に依存せず（属人化を防ぎ）、誰でも、いつ、どこでやっても同じ品質と成果が出せる状態を作ること。
具体例: 詳細なマニュアル作成、業務の自動化、SaaSツールの導入など。
メリット: ムダの削減、品質の安定、技術継承の促進、生産性向上など。 
類語・言い換え
システム、メカニズム、構造、プロセス、フレームワーク、機構、体系、設計。 
例
「時計の仕組みがわからない」→ 内部の構造や動作原理。
「会社の仕組みを変える」→ 業務プロセスや組織運営の方法。
「営業の仕組み化」→ 属人的な営業手法をマニュアル化し、誰でもできるようにする。 
「仕組み」を理解することで、物事の本質を把握し、より効率的・効果的な改善（仕組み化）が可能になります。","[""import"",""japanese""]",2026-02-22 11:37:06.628315+00,e1848554-ffae-479c-a8cd-4c0d77b7bed2,2026-03-19 15:55:50.007522+00,0,0,0,2026-03-19 15:55:50.007522+00,0,null,null,null,false,null,jp-dev-study-log-next,2025-12-30 04:25:40.968+00,1767068740968,false,null,null,null,"{""tables"":{""1"":{""rows"":[],""columns"":[]}}}",null,[],null,null
2361947f-edc8-4493-97a4-fe1b01b6f462,日本語単語勉強07,"https://youtu.be/Ap6yy0d0PaM?si=R0QggrlzxaV4lzpq

化粧水（けしょうすい,토너）とは、皮膚を保湿し、整え、滑らかにする機能を持つ、透明液状を呈した化粧品である。水分や保湿成分を補給する。洗顔料の後に使用し、美容液の前に使用する。ローション、トナー、トニック等と呼ばれることもある。

https://ja.wikipedia.org/wiki/%E5%8C%96%E7%B2%A7%E6%B0%B4","[""import"",""japanese""]",2026-02-22 11:37:06.628315+00,e1848554-ffae-479c-a8cd-4c0d77b7bed2,2026-03-19 15:55:50.007522+00,0,0,0,2026-03-19 15:55:50.007522+00,0,null,null,null,false,null,jp-dev-study-log-next,2025-11-25 15:30:25.913+00,1764084625913,false,null,null,null,"{""tables"":{""1"":{""rows"":[],""columns"":[]}}}",null,[],null,null
2482fe35-9537-48f0-a6f7-265389cf2b3d,「苦手」と「下手」の違いをどう教える？,"「苦手」か「下手」か、誤用はどこから？

初級の学習者からよく「苦手と下手の違いは何ですか？」と質問を受けることがあります。また、「わたしは辛い食べ物が下手です」「わたしは勉強が下手です」といった誤用も耳にします。

英語に訳すと「苦手」も「下手」も「be bad at doing」や「be poor at doing」などになりますが、これだけだと説明が足りませんね。

また「〇〇さんは、人前で話すのが下手です」「同僚の△△さんは、英語が下手です」など、使い方を間違えると意図が伝わらないばかりか、相手を不快にさせてしまう可能性もあり、なかなかにリスキーな用法でもあります。

というわけで、今回はこの2つの使い方の違いや注意点について考えていきたいと思います。

「苦手」と「下手」、その意味と用法を考える
「苦手」とは？「下手」とは？
まずは辞書（明鏡国語辞典）でそれぞれの意味を確認していきましょう。

苦手

①性分が合わなくて、また、対処しにくくて嫌な感じを持つこと。また、そのような相手。例）苦手なチームと対戦する

②得意でないこと。不得手。例）英語の苦手な生徒

下手

①技術や手際が悪くて、物事が巧みに行えないこと。また、その人。また、物事を行った結果としての出来栄えが劣っていること。例）彼は商売が下手だ / 字の下手な人 / 素人だが下手な料理人よりはるかにうまい / 話し下手

②悪い結果を導くような、まずいやり方で物事を行うこと。また、その結果としての物事。例）下手なことは言うものではない / 下手な小細工はやめよ / 下手に動くと出血がひどくなる

というわけで、「苦手」と「下手」で意味のかぶりがあるのは、上記「苦手」の②と「下手」の①ですね。

両方ともスキルや能力が不足しているために、上手くできないことを表しています。

「下手」の②の意味は慣用的な使われ方をしているため、初級学習者が「苦手」と誤用することはなさそうです。

…ということは「苦手」の①「性分が合わなくて、また、対処しにくくて嫌な感じを持つこと。また、そのような相手」の使い方が、「下手」の使い方にはなく、誤用の原因になっているようです。

「苦手」にはあるが「下手」にはない用法は？
前述のとおり「苦手」も「下手」も、スキル的・能力的に問題があり、うまくできない・上手ではないという意味があります。

例文で確認してみましょう。

「わたしは歌を歌うのが下手です」と「わたしは歌を歌うのが苦手です」はほぼ同じ意味で、言い換え可能です。

「田中さんはピアノはうまいが、ドラムは下手だ」と「田中さんはピアノはうまいが、ドラムは苦手だ」も入れ替え可能で、スキル的に低いという意味となります。

一方で「苦手だ」には「①性分が合わなくて、また、対処しにくくて嫌な感じを持つこと」という意味がありました。つまり、「あまり好きではない」「嫌いだ」といった感情面の意味があるのがポイントです。

実際、「私はあの人が苦手だ」「私はピーマンが苦手だ」という文には、嫌だ！生理的に無理だ！といった感情的なものを感じますよね。

これらの文は、「私はあの人が下手だ」「私はピーマンが下手だ」と「下手」と入れ替えると意味が通らなくなります。

「苦手」は感情面にフォーカスするという点で、主観的な表現と言えます。

冒頭の例文「わたしは辛い食べ物が下手です」「わたしは勉強が下手です」も、スキルや能力面ではなく、感情面にフォーカスしているため、「苦手」というべきだったというわけですね。

「苦手」と「下手」を、違う角度から眺めてみる
「苦手」と「下手」の主語にフォーカスすると？
cotoのレッスンでも常連の『GENKI』の第8課に「上手です」と「下手です」の用法が登場します。

別に私はGENKIのテキストに文句を言いたいわけではないのですが、私はここのパートを教えるときにちょっと抵抗感があります。

テキストにはこのような例文が載っています。

「ロバートさんは料理を作るのが上手です」…OK。これはいい。

「たけしさんは英語を話すのが下手です」…文法上は何も間違っていないけど、なんか…たけしさんに失礼！

「わたしは英語を話すのが下手です」「わたしは料理が下手です」はまったく問題がありませんよね。話し手が主語の時は、謙遜した印象を受けます。

でも、「たけしさんは英語を話すのが下手です」「メアリーさんは料理が下手です」といった文からは、相手に対する不遜な印象を受けてしまいますよね。

そのため、私は学生さんには「文法上は間違っていないけど、相手が主語の時は『下手です』は使わないほうがいい」と補足するようにしています。

ここで「たけしさんは英語を話すのが苦手です」「メアリーさんは料理が苦手です」とすると、印象がたいぶマイルドになります。

これは「苦手」に心理面を表す意味があるためだと考えられます。スキルや能力ではなく、「性分が合わなくて」「心理的に嫌で」英語を話すのが上手ではない、料理が得意ではない、というニュアンスに感じられるからでしょう。

相手のスキルが低いことをどうしても言いたいときは「苦手です」を使ったり、「あまり上手じゃないです」や「不得意です」などに言い換えたり、または数値など客観的な評価基準を用いたりして伝えた方が良さそうです。

「苦手」と「下手」、一緒に使う名詞に特徴があるか
「苦手」の「①性分が合わなくて、また、対処しにくくて嫌な感じを持つこと。また、そのような相手」のケースにおいて、今度は一緒に使う名詞を確認したいと思います。

いくつか例文を見てみましょう。

・たけしさんは辛い物が苦手です

・私は声が大きい人が苦手だ

・私はピーマンが苦手だ

・メアリーさんは寒いのが苦手です

・母は騒がしいところが苦手だ

・父はスマホなどのデジタル機器が苦手だ

やはり心理的な特徴がここでもうかがえますね。

例に挙げた苦手の対象となっている名詞（辛い物・声が大きい人・ピーマン・寒いの・騒がしいところ・デジタル機器）は、人によっては好きなものだったり、得意なことだったりと、主観が大きく関わる名詞がくることが多いようです。

「苦手」「下手」の英語訳は、「be bad at doing」？
今回は「苦手」と「下手」の違いと注意点を見てきました。

この2つは初級学習者からよく質問を受ける表現ですし、誤用も散見されます。

「苦手」と「下手」は意味上・用法上の共通点があるものの、「苦手」だけが持つ感情的なニュアンスを押さえないと誤用につながってしまうことがあります。

また、「下手」は主語によって、相手に良くない印象を与えてしまうリスクがあります。

「be bad at doing」や「be poor at doing」の意味のほかに、それぞれの意味や使い方について補足説明ができると安心ですね。

「苦手」と「下手」の違いを学生に聞かれたら、学生にはこう答える！
おさえるべき４つのポイント
「苦手」「下手」ともにスキルが低いことを言う。

「苦手」にはスキルが低い以外に、心理的ハードルがあり「いやだ」「すきじゃない」の意味がある。

「下手」は自分以外の人について言及すると失礼になる（あえて悪口を言いたいなら別ですが…）。

「下手」はスキルにフォーカスのない名詞（勉強、文法、理科・数学などの教科など）には使わない。","[""import"",""japanese""]",2026-02-22 11:37:06.628315+00,e1848554-ffae-479c-a8cd-4c0d77b7bed2,2026-03-19 15:55:50.007522+00,0,0,0,2026-03-19 15:55:50.007522+00,0,null,null,null,false,null,jp-dev-study-log-next,2025-12-26 15:18:12.312+00,1766762292312,false,null,null,null,"{""tables"":{""1"":{""rows"":[],""columns"":[]}}}",null,[],null,null
24d7afe6-92f6-405d-861e-aa1cecff982f,일본 감성 카페·라멘집·디저트샵에서 실제로 쓰는 일본어 표현 총정리(현장용 버전),"일본 감성 카페·라멘집·디저트샵에서
실제로 쓰는 일본어 표현 총정리(현장용 버전)

내향적인 사람도 바로 사용할 수 있도록
“짧고 간단하고 정중한 일본어”로 정리해드렸습니다.
실제 일본에서 알바할 때 사용하는 표현과 거의 동일합니다.

# 1) 입장 안내(가장 많이 쓰는 문장)
✔ いらっしゃいませ〜

어서 오세요~

✔ 店内ご利用ですか？

(텐나이 고요오리데스까?)
→ 매장에서 드시나요?

✔ お持ち帰りですか？

(오모치카에리데스까?)
→ 포장이신가요?

✔ お席どうぞ〜

(오세키 도조)
→ 자리 이용해주세요.

✔ 팁

일본 카페·라멘집 응대는
톤이 밝고 부드러우면 문장 길이는 짧아도 100점입니다.

# 2) 주문 받을 때
✔ ご注文お伺いします

(고추몬 오우카가이시마스)
→ 주문 도와드릴게요.

✔ 以上でよろしいですか？

(이조데 요로시이데스까?)
→ 주문은 이렇게 맞으신가요?

✔ セットにできますが、いかがですか？

→ 세트로 변경 가능해요. 어떠세요?

✔ 温めますか？（라멘집이면 거의 X)

(아타타메마스까?)
→ 따뜻하게 해드릴까요?

✔ お飲み物はいかがですか？

→ 음료는 따로 필요하신가요?

✔ 팁

문장 말미의
**「〜ですか？」**만 유지하면 무조건 정중해 보입니다.

# 3) 음료·메뉴 설명(카페)
✔ 人気のメニューは〇〇です

→ 인기 메뉴는 〇〇입니다.

✔ 甘さ調整できます

(아마사 초오세이데키마스)
→ 당도 조절 가능해요.

✔ こちらおすすめです

→ 이게 추천 메뉴예요.

# 4) 라멘집 기본 표현

라멘집은 더 단순합니다.

✔ かため・ふつう・やわらかめ選べます

→ 면은 꼬들/보통/부드럽게 선택 가능해요.

✔ 替え玉いかがですか？

→ 면 추가 어떠세요?

✔ スープ熱いのでお気をつけて

→ 국물이 뜨거우니 조심하세요.

✔ 麺の量はどうしますか？

→ 면 양은 어떻게 하시겠어요?

# 5) 서빙 중에 필요한 표현
✔ 少々お待ちください

(쇼쇼 오마치쿠다사이)
→ 잠시만 기다려주세요.

✔ お待たせしました

→ 기다리게 해서 죄송합니다.

✔ こちらどうぞ〜

→ 여기 있습니다.

✔ 追加ありましたらお声かけください

→ 추가 주문 있으시면 불러주세요.

# 6) 계산할 때
✔ お会計こちらです

→ 계산은 이쪽입니다.

✔ お支払い方法はいかがしますか？

→ 결제 방식은 어떻게 하시겠어요?

✔ ありがとうございます

→ 감사합니다.

✔ またお待ちしてます〜

→ 또 이용해주세요~

# 7) 손님이 말했을 때 리액션용 표현

일본 응대는 “과하지 않은 리액션”이 핵심입니다.

✔ はい、かしこまりました

(하이, 카시코마리마시타)
→ 네, 알겠습니다. (가장 많이 씀)

✔ わかりました

→ 알겠습니다.

✔ ありがとうございます、助かります

→ 감사합니다, 도움이 됩니다.

✔ 少々お待ちくださいませ

→ 잠시만 기다려주세요(아주 정중)

# 8) 손님 불만·요청 대응(짧고 정중하게)
✔ 大変申し訳ございません

→ 정말 죄송합니다.

✔ すぐに対応いたします

→ 바로 처리하겠습니다.

✔ 確認してまいります

→ 확인해보겠습니다.

✔ 交換いたします

→ 바로 교환해드릴게요.

# 9) 가게가 바쁠 때 쓰는 표현
✔ お待たせしてすみません

→ 기다리게 해서 죄송합니다.

✔ 順番にご案内します

→ 순서대로 안내해드릴게요.

✔ 少しお時間いただきます

→ 약간 시간 걸릴 수 있어요.

# 10) 내향적인 사람도 무리 없이 할 수 있는 이유

일본 감성 카페·라멘집 응대는 패턴화되어 있습니다.

사용자가 매번 새로운 말을 할 필요가 없음:

손님이 무례하게 굴지 않음

준지시(패턴)만 지키면 됨

말은 짧고 공손하게

침착하면 90%는 해결

그리고 일본 손님은 과한 친절보다
**“차분함 + 정확함 + 예의”**를 더 좋아합니다.

즉,

사용자의 성향(조용함, 차분함)은 오히려 강점이 될 가능성이 큼","[""import"",""japanese""]",2026-02-22 11:37:06.628315+00,e1848554-ffae-479c-a8cd-4c0d77b7bed2,2026-03-19 15:55:50.007522+00,0,0,0,2026-03-19 15:55:50.007522+00,0,null,null,null,false,null,jp-dev-study-log-next,2025-12-05 17:53:17.241+00,1764957197241,false,null,null,null,"{""tables"":{""1"":{""rows"":[],""columns"":[]}}}",null,[],null,null
2870eada-e3bb-42f4-8677-3569e62f9221,「憧れ（あこがれ）」,"「憧れ（あこがれ）、（동경、그리움）」とは、理想とする人や物事に対して強く心を惹かれ、その存在や状態を自分も手に入れたいと願う気持ちを指します。自己成長の原動力にもなり、尊敬や目標達成への意欲、時には「こうなりたい」という願望を伴う感情です。 
「憧れ」の主な特徴
理想像への傾倒: 才能、成功、美しさ、生き方など、優れた点を持つ対象に惹かれる感情。
自己との比較: 対象を理想としつつ、自分との違い（欠けている部分）を感じ、それを埋めたいと願う心理が働く。
原動力: 憧れは「自分もこうなりたい」「もっと良くなりたい」という向上心や目標設定につながる。 
類語・関連表現
尊敬: 相手の能力や人格を高く評価し、敬意を抱くこと。
目標: 目指すべき到達点や目標。
願望・欲望: その状態になりたい、手に入れたいという欲求。
ロールモデル: 模範となる人物。 
使われる場面
自己紹介・志望動機: 「〇〇さんの〇〇な部分に憧れており、私もそうなりたい」。
恋愛・人間関係: 「あの人のような素敵な人に憧れる」。
作品・ライフスタイル: 「あの街での暮らしに憧れる」。 
「憧れ」はポジティブな感情であり、人生を豊かにし、成長を促す大切な心の動きです。","[""import"",""japanese""]",2026-02-22 11:37:06.628315+00,e1848554-ffae-479c-a8cd-4c0d77b7bed2,2026-03-19 15:55:50.007522+00,0,1,0,2026-03-19 15:55:50.007522+00,0,null,null,null,false,null,jp-dev-study-log-next,2026-01-01 16:10:20.705+00,1767283820705,false,null,null,null,"{""tables"":{""1"":{""rows"":[],""columns"":[]}}}",null,[],null,null