id,title,content,tags,created_at,user_id,updated_at,comment_count,view_count,like_count,last_activity_at,hot_score,deleted_at,deleted_by,deleted_reason,is_deleted,account_key,source_id,source_date,legacy_id,is_hidden,duplicate_of,deleted_scope,delete_note,table_data,attachments,links,import_source,source_filename
a80d4515-99d5-4722-a55d-e8e617f359c8,「登り切る（のぼりきる）」,"「登り切る」とは、坂、山、階段などを頂上や目的地まで最後まで力強く登り終えること、または困難な状況や課題を乗り越えて達成するという意味で使われ、英語では to scale や to finish climbing などと表現されます。特にクライミングなどでは「完登（かんとう）」とも言われ、一定の基準をクリアして登り終えることを指します。 
意味と使い方
物理的に登り終える:
「長い坂道を登り切るために、途中で休憩を取り入れた」。
「険しい山を登り切る」。
比喩的に困難を乗り越える:
「このプロジェクトを何とか登り切るぞ！」
「多くの困難を登り切る」
関連表現:
完登（かんとう）: 登山で一つのルートを登り切ること、または複数の山を登り切ることを指す言葉。 
漢字の使い分け
登る（のぼる）: 坂道や崖、山などを移動して進む場合に使う。
昇る（のぼる）: 日が昇る、エレベーターで上がるなど、一気に高く上がる、上昇する意味で使う。
上る（のぼる）: 全体的に物事が上方向へ進む意味で使う（例: 物価が上る）。 
「登り切る」は、物理的な「登る」に「～し終える」というニュアンスが加わり、「最後までやり遂げる」という強い意志が込められます。","[""import"",""japanese""]",2026-02-22 11:13:32.875323+00,e1848554-ffae-479c-a8cd-4c0d77b7bed2,2026-03-19 15:55:50.007522+00,0,0,0,2026-03-19 15:55:50.007522+00,0,null,null,null,false,null,null,null,null,true,e0d26c6d-1f9f-433b-81d8-67a21dfb1b79,null,null,"{""tables"":{""1"":{""rows"":[],""columns"":[]}}}",null,[],null,null
a8ae5ac6-3923-4ceb-9e38-94d9cd3f860d,「しびれ（痺れ）」,"「しびれ（痺れ）」とは、感覚が鈍くなったり（触覚・痛み・温度を感じにくい）、ピリピリ・ジンジンするような異常な感覚が生じたり、手足に力が入らなくなったりする状態を指し、脳・脊髄・末梢神経の障害、血行不良、栄養不足（ビタミンB群など）、骨格の異常（頚椎症、椎間板ヘルニアなど）など、原因は多岐にわたり、脳卒中などの緊急性の高い病気のサインである場合もあるため、注意が必要です。 
主な「しびれ」の種類と原因
感覚の低下・異常感覚: 触っても鈍い、ピリピリする、針で刺されるような感じなど。
運動麻痺: 手足に力が入らない、動きにくいなど。
原因の部位:
脳・脊髄（中枢神経）: 脳梗塞、脳出血、脊髄の病気など。急激な片側性のしびれは注意。
末梢神経: 手足の神経が圧迫されたり（手根管症候群など）、障害されたりする場合。
骨格・循環: 頚椎や腰椎の神経圧迫（加齢による変化も含む）、動脈硬化による血流不足。
栄養不足: ビタミンB群の不足。 
どんな時に注意が必要か（受診の目安）
急に症状が出た: 特に体の片側（顔、手足など）に現れた場合（脳卒中などの疑い）。
徐々に範囲が広がっていく、別の部位にも出る: 慢性的な病気のサインの可能性。
筋力低下を伴う: 感覚障害と筋力低下が同時に起こる場合。
放置できない感覚: 自分でしか分からない感覚（しびれ）は、周囲に伝わりにくく評価が難しいため、早めの医療機関受診が推奨されます。 
どんな病院を受診すべきか
脳や神経に関わる症状の可能性があるため、まずは脳神経外科や神経内科を受診することが望ましいです。 
「しびれ」は様々な病気が隠れているサインなので、自己判断せず、専門医の診断を受けることが大切です。","[""import"",""japanese""]",2026-02-22 11:13:32.875323+00,e1848554-ffae-479c-a8cd-4c0d77b7bed2,2026-03-19 15:55:50.007522+00,0,0,0,2026-03-19 15:55:50.007522+00,0,null,null,null,false,null,null,null,null,true,6a525c5d-a4d2-4a8d-a05a-588b7a8ce6e6,null,null,"{""tables"":{""1"":{""rows"":[],""columns"":[]}}}",null,[],null,null
aa345388-e4cd-45a5-896c-fd6097c5f75f,脱出,"◆ 탈출.

国外に脱出 する
국외로 탈출하다.","[""import"",""japanese""]",2026-02-22 11:13:32.875323+00,e1848554-ffae-479c-a8cd-4c0d77b7bed2,2026-03-19 15:55:50.007522+00,0,0,0,2026-03-19 15:55:50.007522+00,0,null,null,null,false,null,null,null,null,true,9466aea5-4b78-4dfd-97ab-0a3fe902e105,null,null,"{""tables"":{""1"":{""rows"":[],""columns"":[]}}}",null,[],null,null
afd6fa5b-7e55-4ded-8bbd-766682c86580,「驚いた」と「びっくりした」の違い,"「驚いた」「びっくりした」は、予期せぬ出来事や情報に遭遇して心が動かされる、瞬間的な感情を表す言葉で、日常会話からビジネスまで幅広く使われ、「驚き」「仰天」「吃驚」などの類義語があります。一般的にほぼ同じ意味で使えますが、「びっくりする」はより口語的で、動物には「驚く」が使われる傾向があるなど、ニュアンスの違いもあります。 
「驚いた」と「びっくりした」の使い分け
驚く（おどろく）: 予期せぬ出来事に心が動かされること全般を指し、ややフォーマルな場面でも使えます。動物が驚く際などにも使われます。
びっくりする: 「驚く」よりも口語的で、より軽い驚きや、思わず声が出るような驚きを表すことが多いです。 
類語・言い換え表現
驚愕（きょうがく）・仰天（ぎょうてん）: 非常に驚くこと、度肝を抜かれるような驚き。
吃驚（びっくり）する・吃驚仰天（びっくりぎょうてん）: 驚きを強調する表現。
感銘（かんめい）を受ける: 感動して驚く、深い感心を示す。 
例文
「友達の突然の結婚の報告に驚いた！」（ビジネスシーンでは「驚きました」）。
「急に大きな音がしてびっくりした！」
「彼の才能に感銘を受けました。」 
韓国語の例
「깜짝이야（カムチャギヤ）」は、日本語の「うわ！」「キャ！」に近い、反射的な驚きの感嘆詞です。","[""import"",""japanese""]",2026-02-22 11:13:32.875323+00,e1848554-ffae-479c-a8cd-4c0d77b7bed2,2026-03-19 15:55:50.007522+00,0,0,0,2026-03-19 15:55:50.007522+00,0,null,null,null,false,null,null,null,null,true,4c5c430c-009c-4be8-b91e-8f807d70efaa,null,null,"{""tables"":{""1"":{""rows"":[],""columns"":[]}}}",null,[],null,null
b1e72bbb-d80d-475f-b1b1-0ff9b50007d4,「黙る（だまる）」,"https://youtu.be/95JJ1sTZLlE?si=3Mcwy93f0iJFgd2U

「黙る（だまる）」とは、言葉を発するのをやめること、意見を言わずにいること、音を立てなくなることを指します。多くの場合、「沈黙する」「口をつぐむ」「押し黙る」といった類語があり、英語では「stay silent」や「shut up」などで表現されます。 
主な意味と使い方
発言をやめる: 話すことをやめ、無言になること。「彼は都合が悪いと黙る」のように使われます。
意見を言わない: 主張や考えを口に出さない状態。「黙ることを知らない者は話し上手ではない」といった文例があります。
音を止める: 物音がしなくなること。「泣く子も黙る」のように、静まり返る様子を表すこともあります。 
関連語
沈黙（ちんもく）: 口をきかず、音も立てずにじっとしていること。
口をつぐむ: 口を閉じて、何も言わないこと。
押し黙る: ぐっと口を閉ざし、何も言わなくなること。
黙秘する: 黙ったままで何も言わないこと（特に尋問などで）。
黙り込む: しばらくの間、黙り込むこと。 
英語表現
stay silent: 静かにしている、黙っている。
shut up: 黙れ（命令口調で失礼な場合も）。
clam up: 口を閉ざす、無口になる。

https://mazii.net/ko-KR/search/word/jako/%E9%BB%99%E3%82%8B

◆ 말을 하지 않다; 울음을 그치다.

黙って休む
아무 말 없이 쉬다

黙って本を読む
묵묵히 책을 읽다

泣く子も黙る

◆ (손을 쓰지 않고) 가만히 있다.

黙っていても売れる
가만히 있어도 팔린다

子供の喧嘩を黙って見ている
아이들의 싸움을 가만히 보고만 있다

こんな事をされて黙っておれない
이런 짓을 당하니 잠자코 있을 수 없다","[""import"",""japanese""]",2026-02-22 11:13:32.875323+00,e1848554-ffae-479c-a8cd-4c0d77b7bed2,2026-03-19 15:55:50.007522+00,0,0,0,2026-03-19 15:55:50.007522+00,0,null,null,null,false,null,null,null,null,true,0aa726ae-c187-47b7-bceb-5d355911020c,null,null,"{""tables"":{""1"":{""rows"":[],""columns"":[]}}}",null,[],null,null
b2262c4a-04db-406c-9cc2-1a4f650aa0a3,惜しい、もったいない,"「惜しい（おしい）」と「もったいない」は、どちらも「無駄にすること」や「残念な気持ち」を表しますが、「惜しい」は目標達成にあと一歩だったり、可能性があったのに逃したりした「残念さ」に、「もったいない」は物の価値を十分に活かしきれていない「無駄遣い」を惜しむ気持ちに主に使われます。例えば、サッカーでシュートがわずかに外れたら「惜しい！」、まだ使える化粧品を捨てるのは「もったいない！」となります。 
「惜しい（おしい）」のポイント
意味: 目標に到達できなかった残念さ、あと少しだった惜しさ、才能が活かされなかった残念さ。
例文:
「あと1点だった！惜しい！」 (サッカーで)
「この才能を埋もれさせるなんて、惜しいね。」
「もう少しで合格だったのに、惜しい！」 
「もったいない」のポイント
意味: 物や資源、機会などが無駄になっている状態を惜しむ気持ち。
例文:
「食べ残しを捨てるなんて、もったいない！」
「まだ使える服を捨てるなんて、もったいないよ。」
「せっかくの才能、使わないなんてもったいない。」 
使い分けの例
「惜しい」: 期待や目標に届かなかった「残念！」
「もったいない」: 価値あるものが無駄になっている「もったいない！」 
「もったいない」は、ノーベル平和賞を受賞したワンガリ・マータイ氏が「MOTTAINAI」として世界に広めようとした、日本の「無駄を惜しむ心」を表す言葉としても知られています。

https://m.blog.naver.com/popsiclez/221391121457

•惜(お)しい:
(1)소중한 것을 잃고 싶지 않다.
(2)조금의 차이로 목표를 달성하지 못 해 아쉽다.
일상 생활에서는 (2)의 의미로 사용하는 경우를 쉽게 볼 수 있다. 간단히 말해서, 조금 부족해서 생각처럼 되지 않아 안타까울 때 사용하는 말. 스포츠 경기중에 득점 할 뻔했다가 못 했을 때 사용하는 말이라면 이해하기 쉽지 않을까 싶다. 나 역시, 유학시절 볼링장에 갔다가 여기저기에서 들리는 おしい!를 듣고, 그 뉘앙스를 이해할 수 있었으니까.

あと５点(てん)で合格(ごうかく)だったのに！惜しい！
(5점만 더 있었으면 합격이었는데! 아쉽다!)
テロによって惜しい人物(じんぶつ)をたくさん失(うしな)った。
(테러로 인해 소중한(잃고 싶지 않은) 사람들을 많이 잃었다)

•もったいない:본래 가치가 있는 것이 가치없게 사용되어 안타깝다. 아깝다.
惜しい가 주로 '조금 부족해서 아쉽다'라는 주관적인 감정을 나타낸다면, もったいない는 ‘본래의 가치와 맞지 않다’고 평가할 때 사용되는 경우가 많다.

食(た)べ物(もの)を残(のこす)すなんて、もったいないよ。
(음식을 남기다니, 아까워)
私にはもったいないぐらい良い人と出会(であ)いました。
(저에겐 아까울 정도로 좋은 사람을 만났어요)","[""import"",""japanese""]",2026-02-22 11:13:32.875323+00,e1848554-ffae-479c-a8cd-4c0d77b7bed2,2026-03-19 15:55:50.007522+00,0,0,0,2026-03-19 15:55:50.007522+00,0,null,null,null,false,null,null,null,null,true,95f1e414-549f-41de-a71d-82c275a3f9a7,null,null,"{""tables"":{""1"":{""rows"":[],""columns"":[]}}}",null,[],null,null
b55c901f-7b80-403d-bf6d-87906a21606f,「粘る（ねばる）」,"https://youtu.be/uWQ5Im1pqYg?si=O47nDVHFB5dO3SeB

「粘る（ねばる）」とは、①物理的に柔らかく、くっつく性質（例：餅が粘る）、そして②精神的に諦めずに、根気強く頑張り続ける・しつこく主張する（例：交渉で粘る、最後まで粘る）という2つの主な意味を持ちます。特に後者の「根性・持続力」の意味合いで使われることが多く、最後まで諦めずに食らいつく、しつこく居座る、持ちこたえるといったニュアンスを含みます。 
具体的な使い方とニュアンス
物理的な意味:
「この餅はよく粘るね。」（柔らかくてくっつく感じ）
精神的な意味（粘り強い・しつこい）:
諦めずに頑張る（ポジティブ）: 「試験終了間際まで粘った人が合格した。」「彼は最後まで粘って目標を達成した。」
しつこく居座る・要求する（ややネガティブ）: 「コーヒー1杯で3時間もカフェに粘る。」「値引き交渉でなかなか粘る。」
しぶとく持ちこたえる（状況による）: 「試合終了間際までよく粘った。」 
類語
頑張る系: 踏ん張る、持ちこたえる、食らいつく
しつこい系: 居座る、しつこくする、抵抗する 
「粘る」は、単に頑張るだけでなく、簡単には諦めない、しぶとさを表現する言葉として、日常会話やビジネスシーンで幅広く使われます。

◆(물건이) 잘 달라붙다; 차지게 붙다; 쫀득거리다; 끈적이다.

よく粘る納豆
끈적끈적하게 잘 늘어나는 낫토

小麦粉を粘るまで捏ねる
밀가루가 차질 때까지 치대다

べたべた粘って扱いにくい
끈적끈적 달라붙어 다루기 힘들다

◆끈기 있게 견디어 내다; 끈덕지게 버티다.

あくまで粘る
끝까지 버티다

諦めずに粘る
포기하지 않고 끈기 있게 버텨 내다

もう少し粘ってみることにする
좀 더 버텨 보기로 하다

◆(음식점 등에) 오랫동안 가지 않고 앉아 있다.

看板[閉店]まで粘る
문 닫을 때[폐점 시간]까지 앉아 있다

コーヒー一杯で5時間も粘る
커피 한 잔 시켜 놓고 다섯 시간이나 앉아 있다

https://mazii.net/ko-KR/search/word/jako/%E7%B2%98%E3%82%8B","[""import"",""japanese""]",2026-02-22 11:13:32.875323+00,e1848554-ffae-479c-a8cd-4c0d77b7bed2,2026-03-19 15:55:50.007522+00,0,0,0,2026-03-19 15:55:50.007522+00,0,null,null,null,false,null,null,null,null,true,efb994ef-1152-42b5-80a9-b07d83638afd,null,null,"{""tables"":{""1"":{""rows"":[],""columns"":[]}}}",null,[],null,null
c2454a36-80fc-48fe-a7c0-84f5c549f609,「勘弁（かんべん）」,"「勘弁（かんべん）」とは、相手の過ちや要求を許すこと、見逃すことを意味し、「勘弁してください」のように使われますが、元々は仏教用語で「よく考えて見極めること」を指し、そこから転じて「許す」という意味になった言葉です。類語には「勘弁して」の「勘」が「調べる」、「弁」が「見分ける」という意味があり、これらが組み合わさって「見極めて許す」というニュアンスが生まれました。 
主な意味と使い方
許しを請う、許してほしい: 「もうしないから勘弁してほしい」「勘弁してください」。
勘弁できない: 許しがたい、我慢できないという気持ちを表す。「もう勘弁ならない」。
（人や状況を）許す、見逃す: 「このくらいで勘弁してやろう」。
（仕事や役割などを）免除してほしい: 「PTA役員は勘弁してほしい」。
（相手の迷惑行為などを）やめてほしい: 「長すぎるスピーチは勘弁してほしい」。 
語源
元は禅宗の言葉で、修行者の悟りの深さを見極める「問答（勘弁）」を指した。
そこから、見極めた上で許す（「勘弁ならぬ」は「許せない」）という形で意味が転じ、現代の「許してください」という意味になった。 
類語
堪忍（かんにん）、赦免（しゃめん）、容赦（ようしゃ）、お許し。

◆ (과실 등을) 용서함; 인내함; 해야 할 일을 면해 줌.

勘弁して下さい
용서해 주십시오

もう勘弁出来ない
이제 용서할 수 없다

今回だけは勘弁してやる
이번만은 용서해 주겠다

◆ 사물의 선악을 충분히 생각하여 분별함.
◆ 변통에 능함; 계산에 밝음.

https://mazii.net/ko-KR/search/word/jako/%E5%8B%98%E5%BC%81","[""import"",""japanese""]",2026-02-22 11:13:32.875323+00,e1848554-ffae-479c-a8cd-4c0d77b7bed2,2026-03-19 15:55:50.007522+00,0,0,0,2026-03-19 15:55:50.007522+00,0,null,null,null,false,null,null,null,null,true,1226de02-1a42-48b1-b669-722300727403,null,null,"{""tables"":{""1"":{""rows"":[],""columns"":[]}}}",null,[],null,null
c417471a-dde7-4b25-8d97-94f99a9bb1ea,「巻き込む（まきこむ）」,"「巻き込む（まきこむ）」とは、何かを巻いて中に入れること、または望まない人間関係や事件・紛争などの状況に引き入れる・巻き添えにするという意味で使われますが、ポジティブに「人を巻き込む（=参加・協力させる）」といった文脈でも使われる多義的な言葉です。主に悪い事態に使うことが多いですが、現代では良い目的のために「人を巻き込む力（人を動かす力）」というポジティブな意味合いでも使われます。 
主な意味と使い方
【悪い意味】事件・争いなどに引き入れる
例文: 「事故に巻き込まれた」「紛争に巻き込む」
類語: 巻き添えにする、引き入れる
【良い意味】活動や仕事に協力・参加させる
例文: 「プロジェクトに仲間を巻き込む」「彼の熱意で皆を巻き込んだ」
類語: 誘う、参加させる、引き入れる 
類語・言い換え表現
悪い文脈で: 巻き添えにする、引き込む
良い文脈で: 誘う、招く、引き入れる、関与させる、チーム牽引力、人を動かす力 
ポイント
「巻き込む」は「自分だけではなく、他者もその状況・活動の範囲内に入れる」というニュアンスが強い言葉です。
単に「誘う」だけでなく、「相手の意図とは別に、その流れの中に組み込む」という含みを持つことがあります。

https://mazii.net/ko-KR/search/word/jako/%E5%B7%BB%E3%81%8D%E8%BE%BC%E3%82%80

◆ 말려들게 하다.
◆ 감아서 안으로 넣다.

機械に巻き込まれる
기계에 말려들어 가다

渦に巻き込まれる
소용돌이에 휘말리다

車輪に巻き込まれた
차바퀴에 말려들어 갔다

◆ 끌어들이다; 연루되게 하다; 연좌(連坐)시키다.

事件に巻き込む
사건에 끌어들이다

紛争に巻き込まれる
분쟁에 말려들다

市民を巻き込んだ政争
시민을 끌어들인 정쟁","[""import"",""japanese""]",2026-02-22 11:13:32.875323+00,e1848554-ffae-479c-a8cd-4c0d77b7bed2,2026-03-19 15:55:50.007522+00,0,0,0,2026-03-19 15:55:50.007522+00,0,null,null,null,false,null,null,null,null,true,07318039-7962-4d9b-81da-38757bb94e41,null,null,"{""tables"":{""1"":{""rows"":[],""columns"":[]}}}",null,[],null,null
c583f5b3-ea88-446d-b4aa-c0eae3e051ce,「愛しい（いとしい）」,"「愛しい（いとしい）」とは、大切にしたい、守ってあげたい、可愛がりたいという気持ちが強く湧き上がる様子を表す言葉で、「かわいい」「恋しい」といった意味合いがあり、家族やペット、恋人など、心惹かれる対象全般に使える、愛情のこもった感情です。少し「かわいそう」というニュアンスで使われることもありますが、基本的には愛情や愛着を示すポジティブな感情です。 
「愛しい」の主な意味と使い方
愛情・愛着：守ってあげたいほど大切に思う気持ち。「〇〇が愛しい」。
恋しさ・懐かしさ：会いたくてたまらない、恋しい気持ち。「故郷が愛しい」。
健気さ・感心：小さいものや一生懸命な姿に心を惹かれる。「子犬の姿は愛しい」。
同情・哀れみ：かわいそうに思う気持ち。「あの子が愛しい」。 
「好き」との違い
「好き」が広範な好意であるのに対し、「愛しい」は、より深く、守りたくなるような、胸が締め付けられるような強い愛情を含んだ表現です。 
具体例
「赤ちゃんが愛しくてたまらない」
「遠く離れた恋人を愛しいと思う」
「一生懸命な姿が愛しい」
「愛しい」は、心から対象を慈しみ、特別な感情を抱くときに使われる、温かくも切ない響きを持った言葉です。","[""import"",""japanese""]",2026-02-22 11:13:32.875323+00,e1848554-ffae-479c-a8cd-4c0d77b7bed2,2026-03-19 15:55:50.007522+00,0,0,0,2026-03-19 15:55:50.007522+00,0,null,null,null,false,null,null,null,null,true,7dd3bab7-286f-440c-91cc-7364a4d66f31,null,null,"{""tables"":{""1"":{""rows"":[],""columns"":[]}}}",null,[],null,null
c5f589e2-fed2-4439-b16f-31d33675e4e0,「渡す（わたす）」,"https://youtu.be/9B1izCJwtmM?si=2zmuvDdY8ToEFNDb

「渡す（わたす）」とは、手から手へ物や情報を受け渡す、相手に与える、別の場所へ移動させるという意味の動詞で、英語ではgive, pass, hand overなどに相当し、ビジネスシーンでは資料の受け渡しなどに使われ、より丁寧な表現として「お渡しする」「差し上げる」などがあります。 
基本的な意味と使い方
手から手へ受け渡す: 手に持ったものを相手の手に移す行為。「鍵を渡す」「書類を渡す」など。
与える・譲る: 権利や持ち物などを相手に与えること。「権利を譲り渡す」。
移動させる: 人や物を船などで対岸へ運んだり、ある場所から別の場所へ移したりすること。「人を船で渡す」「荷物を移す」。 
ビジネスシーンでの言い換え
お渡しする: 丁寧な表現。資料や品物を相手に渡す際に使います。
差し上げる: 相手を敬う気持ちを込めた表現。
お預けする: 預ける意味合いで、一時的に相手に物を渡す場合。
引き渡す: 相手に完全に譲り渡す、というニュアンス（例: 業務を引き渡す）。 
例文
「この資料を担当者の方に渡してください。」
「プレゼントを友達に渡した。」
「データをサーバーに渡す。」
英語表現
Give, pass, hand over, present, slip など、状況に応じて使い分けられます。 
マナー
相手に物を渡す際は、相手の正面を向けて両手で丁寧に渡すのが基本です。

https://mazii.net/ko-KR/search/word/jako/%E6%B8%A1%E3%81%99

◆ 건네주다.
◆ 건너가게 하다.

舟で人を渡す
배로 사람을 건네주다

◆ (넘겨)주다; 내주다; 양도하다.

金を渡す
돈을 (건네)주다

お土産を渡される
선물을 건네받다

家を人手に渡す
집을 남의 손에 넘기다

◆ 건너지르다; 걸치다; 놓다; (건너) 매다.

板を渡す
판자를 걸치다

川に橋を渡す
강에 다리를 놓다

綱を渡す
줄을 건너질러 매다

◆ (동사 연용형(連用形)에 붙어서) 그 동작이 널리 미치도록 하다.

かなたを見渡す
저편을 바라다보다

眺め渡す
멀리 바라보다

譲り渡す
양도하다","[""import"",""japanese""]",2026-02-22 11:13:32.875323+00,e1848554-ffae-479c-a8cd-4c0d77b7bed2,2026-03-19 15:55:50.007522+00,0,0,0,2026-03-19 15:55:50.007522+00,0,null,null,null,false,null,null,null,null,true,0240a403-f518-43e6-a883-457a5dea2f21,null,null,"{""tables"":{""1"":{""rows"":[],""columns"":[]}}}",null,[],null,null
c7e75a77-776b-4459-93ae-39e69a881da2,문서작성을 자동화하고 시스템화했을때 문제가생기면 외워서 쓸수있는 면책용멘트,"네, **이건 정리해서 “외워두는 게 맞는 영역”**이고
요청하신 대로 한국어 ↔ 일본어를 1:1로 바로 써먹을 수 있게 정리해드릴게요.
아래 문장들은 전부 **문서 자동화·시스템화 시 문제 발생했을 때 쓰는 ‘면책용 안전 멘트’**입니다.

⚠️ 일본에서 중요한 점
👉 면책이라는 말을 직접 쓰지 않고
👉 책임 주체를 ‘사람 → 규칙·프로세스’로 이동시키는 문장이어야 합니다.

✅ 기본 면책 프레임 (가장 중요)
1️⃣ 핵심 기준 문장 (무조건 외워둘 것)
🇰🇷 한국어

이 문서는 개인 판단으로 작성된 것이 아니라,
사내 기준을 규칙화한 시스템에 따라 자동 생성되었습니다.

🇯🇵 일본어

本書類は個人の判断によって作成されたものではなく、
社内基準をルール化したシステムに基づいて自動生成されています。

📌 이 문장 하나만으로도
개인 책임 → 규칙 책임 전환이 됩니다.

2️⃣ “왜 이렇게 작성됐나?” 질문 대응
🇰🇷

해당 내용은 시스템에 등록된 규칙에 따라 자동 반영된 결과입니다.

🇯🇵

当該内容は、システムに登録されたルールに基づいて
自動的に反映された結果입니다。

📌 판단 주체 = 시스템

3️⃣ “이 판단은 누가 한 건가?” 대응
🇰🇷

이 부분은 특정 담당자의 판단이 아니라,
사전에 정의된 규칙에 따라 처리되었습니다.

🇯🇵

本件は特定の担当者の判断ではなく、
あらかじめ定義されたルールに基づいて処理されています。

📌 사람 이름이 안 나오는 게 핵심

4️⃣ “문제가 생기면 누가 책임지나?”를 우회하는 표현

⚠️ 직접 “책임”이라는 단어를 쓰지 않습니다.

🇰🇷

현재 규칙 기준으로는 해당 처리 방식이 적용되었으며,
필요할 경우 규칙을 재검토할 수 있습니다.

🇯🇵

現行のルール基準では当該処理が適用されており、
必要に応じてルールの見直しが可能です。

📌

처벌 ❌

규칙 개선 ⭕

5️⃣ “왜 사람이 직접 안 썼나?” 대응
🇰🇷

문서의 형식과 표현을 표준화하기 위해
시스템 기반으로 생성하고 있습니다.

🇯🇵

文書の形式および表現を標準化するため、
システムベースで生成しています。

📌 표준화 = 일본에서 매우 안전한 단어

6️⃣ “AI가 쓴 거냐?” 질문 대응 (매우 중요)
❌ 피해야 할 표현

AI가 판단했습니다

AI가 작성했습니다

⭕ 안전한 표현
🇰🇷

AI가 임의로 판단한 것이 아니라,
사전에 정의된 규칙을 자동 적용한 결과입니다.

🇯🇵

AIが任意に判断したものではなく、
あらかじめ定義されたルールを自動適用した結果です。

📌 일본에서는 AI보다 ‘ルール’가 훨씬 안전

7️⃣ “그럼 이 규칙이 문제면?” 상황에서 쓰는 최종 방어 문장
🇰🇷

이 경우에는 담당자 문제가 아니라
규칙 정의를 조정할 필요가 있는 사안으로 판단됩니다.

🇯🇵

本件は担当者の問題ではなく、
ルール定義の調整が必要な事案と考えられます。

📌 이 문장으로
개인 책임 → 조직 개선 이슈로 완전히 전환됩니다.

✅ 초단기 암기용 요약 세트 (이것만 외워도 됨)
🇰🇷 한국어 3줄

개인 판단이 아니라 규칙 기반 자동 생성입니다

동일 조건에서는 동일 결과가 나옵니다

필요 시 규칙을 재검토합니다

🇯🇵 일본어 3줄

個人判断ではなく、ルールに基づく自動生成です

同一条件では同一結果となります

必要に応じてルールの見直しを行います

👉 이 3줄만 외워도 일본에서는 안전합니다.

🎯 실전 사용 팁 (매우 중요)

팁

질문을 받으면:

설명 ❌

문장 낭독 ⭕

말 바꾸지 말 것

즉흥 해석하지 말 것

항상 “규칙 → 시스템 → 동일 결과” 구조 유지

👉 일본에서는
같은 말을 반복하는 사람 = 신뢰할 수 있는 사람입니다.

🧩 한 문장 요약

일본에서 문서 자동화를 설명할 때는
‘해결했다’가 아니라
‘규칙을 시스템으로 고정했다’를
한국어·일본어 모두에서 일관되게 반복하는 게 정답이다.

이 정리본은
👉 그대로 복사해서 메모해두고
👉 질문 나오면 그냥 읽어도 되는 수준입니다.","[""import"",""coding""]",2026-02-22 11:13:32.875323+00,e1848554-ffae-479c-a8cd-4c0d77b7bed2,2026-03-19 15:55:50.007522+00,0,0,0,2026-03-19 15:55:50.007522+00,0,null,null,null,false,null,null,null,null,true,2a15d841-b7c4-40ab-b1d1-9d781fcdc117,null,null,"{""tables"":{""1"":{""rows"":[],""columns"":[]}}}",null,[],null,null
d01d3772-909f-4444-bbe9-5d3df801c389,"일본에서 외국인에대한 기대치, 암기해두면좋은문장","✅ “짧아도 예의있고 명확하면 봐준다”

일본에서 외국인이 가장 안정적으로 평가받는 커뮤니케이션이 딱 이거야.

말이 완벽하게 일본인 같을 필요 ❌

대신 무례하지 않고(예의)

핵심이 분명하고(명확)

보고/연락이 빠르면(신뢰) ✅

이 3개만 잡아도 “같이 일할 수 있는 사람”으로 바로 인식돼.

1) “이 정도가 좋다”는 체감은 자연스럽게 생김

응. 지금은 어렵게 느껴져도, 일본에서 일을 하다 보면:

너무 딱딱하게 말하면 오히려 거리감 생김

너무 친근하게 말하면 어색할 수 있음

짧고 예의 있는 말이 제일 편함

이 감각이 상대 반응을 보면서 자연히 체득돼.

너는 특히 관찰력 있는 편이라 더 빨리 감 잡을 확률 높아.

2) 문장 외워두면 좋으려나? → ✅ “좋다”, 근데 방식이 중요

그냥 무작정 외우는 게 아니라

✅ “업무 상황별 문장 20~30개”를 고정으로 외우는 게 최고 효율이야.

이러면 실무에서 바로 자동으로 튀어나와.

특히 보고/질문/지연/버그 보고는
문장 패턴이 거의 고정이라 외우는 게 100% 이득임.

3) 외워두면 실무에서 바로 써먹는 문장(외국인용 안전템 20개)
✅ (A) 진행 상황 보고

いま進捗ですが、〜まで完了しました。

現在、〜を対応中です。

次は〜を対応します。

本日中に〜まで進める予定です。

✅ (B) 질문/상담(막힐 때)

ここで少し詰まっているので相談したいです。

〜について確認してもよろしいでしょうか。

〜の認識で合っていますか？

一旦こう進めても大丈夫でしょうか。

✅ (C) 지연/리스크 공유(이게 신뢰를 만든다)

予定より少し遅れそうなので先に共有します。

想定より時間がかかっています。

〜のため、完了は〜になりそうです。

優先順位を確認したいです。

✅ (D) 버그/이슈 보고(디버깅)

不具合を確認しました。

再現できました。

原因は〜でした。

修正して動作確認しました。

念のため、もう少し検証します。

✅ (E) 공유/마무리

共有します。

対応が完了しました。

何かあればすぐ連絡します。

4) 너한테 추천하는 외우는 방식(과몰입 방지)

너 스타일이면 이렇게 해야 효율이 높아:

위 문장 중 10개만 먼저 선택

프로젝트 기능 설명할 때 일부러 끼워 넣기

MD에 “오늘 사용한 문장 2개”만 기록

📌 “문장 10개 → 자동화”가 되면
그 다음 10개 추가하면 됨.","[""import"",""coding""]",2026-02-22 11:13:32.875323+00,e1848554-ffae-479c-a8cd-4c0d77b7bed2,2026-03-19 15:55:50.007522+00,0,0,0,2026-03-19 15:55:50.007522+00,0,null,null,null,false,null,null,null,null,true,909d576d-d6aa-481e-b36d-f9689c06a74e,null,null,"{""tables"":{""1"":{""rows"":[],""columns"":[]}}}",null,[],null,null
d0fc2d13-2d2c-46f0-83f1-2c63e22a133a,「ちなみに」,"「ちなみに」は、前に話した内容に「ついでに言うと」という形で、関連する補足情報や余談を付け加える接続詞です。本筋から少しずれるけれど、役立つ情報や、関連する別の視点を提示する際に使われ、漢字では「因みに」と書きますが、一般的にはひらがなで表記されます。 
「ちなみに」のポイント
意味: 「ついでに」「参考までに」といったニュアンス。
役割: 本題に付随する追加情報、関連情報、または少しずれた話題を導入する。
使用例: 「明日の会議は10時からです。ちなみに、資料は事前に目を通しておいてください」。
ビジネスでの注意点: 丁寧語ではないため、フォーマルな場では「ちなみに申し上げますと」のように丁寧な言葉と組み合わせるか、言い換えを検討する。 
使い方（例）
「この商品は人気のシリーズです。ちなみに、来月新色が出ますよ」。
「A社との契約は無事終了しました。ちなみに、先方から感謝の言葉をいただきました」。 
注意点
関連性: 補足する内容は、前の話と関連している必要があります。
使いすぎに注意: 多用すると情報が整理されていない印象を与えるため、メールでは1回程度に留めるのがおすすめです。

덧붙여서 (말하면); 이와 관련하여

・そちらの商品(しょうひん)は現在(げんざい)在庫(ざいこ)が切(き)れています。
ちなみに再入荷(さいにゅうか)の日(ひ)にちは来週(らいしゅう)の月曜日(げつようび)になります。
그 상품은 현재 재고가 없습니다.
덧붙여서, 재입고일은 다음주 월요일입니다.

・ちなみに、よろしければ、
こちらの商品(しょうひん)もご検討(けんとう)くださいませ。
덧붙여서, 괜찮으시면 이 상품도 검토해주십시오.

・弊社(へいしゃ)の渋谷店(しぶやてん)の売上(うりあげ)が好調(こうちょう)でございます。
ちなみに来年(らいねん)には初(はじ)めての海外(かいがい)店舗(てんぽ)の開設(かいせつ)も予定(よてい)しております。
저희 회사의 시부야점의 매출이 순조롭습니다.
덧붙여서, 내년에는 처음으로 해외 점포의 개설도 예정하고 있습니다.

・本日(ほんじつ)はご連絡(れんらく)いただきありがとうございます。
ちなみに明日(あす)より弊社(へいしゃ)の商品(しょうひん)の一部(いちぶ)が50％オフになります。
오늘은 연락주셔서 감사합니다.
덧붙여서, 내일부터 저희 회사의 상품 일부가 50% 할인이 됩니다.

・ちなみに、念(ねん)のため申(もう)し添(そ)えますと、
来週(らいしゅう)より休暇(きゅうか)を取(と)らせていただきますので、
よろしくお願(ねが)いいたします。
덧붙여서, 혹시 몰라 첨부하며
다음주부터 휴가에 들어가게 되었으므로 잘 부탁드립니다

https://blog.naver.com/u_hakseang/221371712795

◆ 덧붙여서 (말하면); 이와 관련하여.

ちなみに言えば
덧붙여 말하면; 이와 관련하여 말하면

ちなみに申し上げますと
덧붙여 말씀드리면

ちなみに、氏は本校の卒業生であります
덧붙여서 말하면 씨는 본교 졸업생입니다

https://mazii.net/ko-KR/search/word/jako/%E3%81%A1%E3%81%AA%E3%81%BF%E3%81%AB","[""import"",""japanese""]",2026-02-22 11:13:32.875323+00,e1848554-ffae-479c-a8cd-4c0d77b7bed2,2026-03-19 15:55:50.007522+00,0,0,0,2026-03-19 15:55:50.007522+00,0,null,null,null,false,null,null,null,null,true,e3b4441a-c8e2-4474-8097-8dbca66afef0,null,null,"{""tables"":{""1"":{""rows"":[],""columns"":[]}}}",null,[],null,null
d0fc7210-2fdc-403f-b52e-44ce619c4293,📘 Vanilla JS CRUD + Search/Filter 구현 기록 (자기 점검용),"📘 Vanilla JS CRUD + Search/Filter 구현 기록 (자기 점검용)
1. 이 코드는 무엇을 하는가 (전체 개요)

이 코드는 바닐라 JavaScript로 CRUD + 검색 + 필터 기능을 구현한 간단한 리스트 앱이다.
React 없이 DOM을 직접 다루며, 상태(state), 파생 데이터, 렌더링, 이벤트 흐름을 명확히 분리하는 구조를 사용했다.

목표는 기능 구현 자체보다도 데이터 흐름과 UI 갱신 구조를 이해하고 설명할 수 있는가에 있다.

2. 전체 구조를 한 줄로 요약하면

HTML은 구조만 제공하고,
상태는 JS에서 관리하며,
화면에 보여줄 데이터는 파생 계산으로 만들고,
DOM 갱신은 render 함수 한 곳에서 처리한다.

이 설명이 가능하면 구조 이해는 충분하다.

3. DOM 접근 방식에 대한 이해
const $ = (s) => document.querySelector(s);


DOM 요소 접근을 간단히 하기 위한 헬퍼 함수

jQuery 스타일을 흉내 낸 것일 뿐, 핵심 로직은 아님

각 id는 HTML에 존재하는 UI 요소를 JS에서 제어하기 위한 연결 지점이다.

여기서 중요한 건:

HTML 구조와 JS 로직을 분리했다는 점

JS는 HTML을 “조작”하는 역할만 맡는다

4. 상태(state)에 대한 이해
let items = []; // source of truth


items는 이 앱의 유일한 데이터 원본

화면에 보이는 내용은 항상 이 배열을 기준으로 만들어진다

DOM에서 직접 데이터를 읽지 않는다

👉 상태는 JS에, 화면은 상태의 결과물이라는 인식이 핵심이다.

5. 검색 / 필터 로직의 위치와 역할
const visibleItems = () => { ... }


이 함수는:

현재 상태(items)

현재 UI 상태(q.value, filter.value)

를 바탕으로
👉 “지금 화면에 보여줘야 할 데이터만 계산” 한다.

중요한 점:

이 함수는 DOM을 건드리지 않는다

순수하게 “계산”만 담당한다

즉,

검색/필터는 렌더링 문제가 아니라 데이터 계산 문제라는 구분을 하고 있다.

이 설명이 가능하면 충분하다.

6. render 함수의 존재 이유
const render = () => { ... }


DOM 갱신을 이 함수 한 곳에서만 처리

상태가 바뀌면 항상 render()를 다시 호출

이 구조의 의도는:

DOM 조작이 여기저기 흩어지는 것을 방지

React의 “state 변경 → 자동 리렌더” 개념을 바닐라로 직접 구현한 것

👉 왜 render를 따로 만들었는지 설명 가능하면 충분하다.

7. escapeHtml 함수의 역할 이해
const escapeHtml = (s) => ...


사용자 입력을 innerHTML로 출력하기 때문에

HTML 태그가 실행되는 것을 막기 위한 최소한의 안전 처리

중요한 건:

왜 여기서 필요했는지

출력 직전에만 사용한다는 점

구현 세부를 외울 필요는 없다.

8. CRUD 중 Create (추가) 로직
form.addEventListener(""submit"", ...)


이 로직의 흐름은:

사용자 입력을 받는다

새로운 아이템 객체를 만든다

상태(items)를 변경한다

render()를 호출해 화면을 갱신한다

👉 이 흐름을 말로 설명할 수 있으면 충분하다.

9. Search / Filter 이벤트 처리 방식
q.addEventListener(""input"", render);
filter.addEventListener(""change"", render);


검색어/필터가 바뀌면

상태는 그대로 두고

화면만 다시 계산해서 그린다

즉,

검색/필터는 상태 변경이 아니라 “보여주는 방식”의 변경이다.

이 구분이 핵심이다.

10. Update / Delete를 이벤트 위임으로 처리한 이유
list.addEventListener(""click"", ...)


리스트 아이템이 동적으로 생성되므로

각 버튼마다 이벤트를 붙이지 않고

부모 요소에서 이벤트를 한 번에 처리

여기서:

dataset.id는 HTML에 저장해 둔 식별자를 읽기 위한 수단

getAttribute/dataset의 내부 원리까지 설명할 필요는 없음

👉 “왜 여기서 id가 필요했는지”만 설명 가능하면 충분하다.

11. 이 수준이면 신입 기준으로 충분한가?
✅ 충분하다

이 코드와 구조를 기준으로 다음을 설명할 수 있다면:

데이터 흐름 (state → derive → render)

검색/필터가 어디서 처리되는지

왜 render를 분리했는지

이벤트 위임을 쓴 이유

에러가 나면 어디부터 의심할지

👉 신입 코딩테스트 / 과제 기준으로 충분한 수준이다.

12. 지금 단계에서 더 깊이 들어갈 필요가 없는 이유

DOM API 내부 구현

attribute vs property 차이

성능 최적화

라이브러리 내부 동작

이건 시니어 영역이고,
지금 파면 오히려 혼란만 커진다.","[""import"",""coding""]",2026-02-22 11:13:32.875323+00,e1848554-ffae-479c-a8cd-4c0d77b7bed2,2026-03-19 15:55:50.007522+00,0,0,0,2026-03-19 15:55:50.007522+00,0,null,null,null,false,null,null,null,null,true,2b1fcc04-b04a-40c9-98e5-c6d919a720b5,null,null,"{""tables"":{""1"":{""rows"":[],""columns"":[]}}}",null,[],null,null
d220a888-344c-45cc-93c9-1e563a97f109,「ごまかす」,"https://youtu.be/45-Pa81ELyY?si=N1s2en9hDJUIlDPX

「ごまかす」とは、都合の悪いことや本心を隠すため、話をそらしたり、でっちあげを言ったりして、相手の目先や表面を取り繕うこと（だます・いつわる）や、人目を忍んで不正な行為をすることを指し、「お茶を濁す」「取り繕う」などの類語があり、語源は中身がスカスカだった江戸時代のお菓子「胡麻胴乱（ごまどうらん）」に由来する説が有力です。 
意味・使い方
表面を取り繕う: 本当の気持ちや状態を隠すために、笑顔や言葉でごまかす。「年をごまかす」「自分の気持ちをごまかす」のように使います。
不正を隠す: 人に気づかれないように、都合の悪い事実を隠蔽する。「帳尻をごまかす」「不良品をごまかして売る」など。
はぐらかす: 質問にまともに答えず、うやむやにする。「お茶を濁す」に近いニュアンスです。 
類語
お茶を濁す、取り繕う、はぐらかす、まやかす、化かす、謀る、騙す（だます）。 
語源の説
お菓子説（有力）: 小麦粉にゴマを混ぜて焼いた「胡麻胴乱（ごまどうらん）」というお菓子が、膨らんでいるように見えても中身がスカスカだったことから、「見せかけだけで実質がないこと」を指すようになったという説です。 
英語での表現
Lie（嘘をつく）、Cover up（隠す）、Deceive（欺く）など、文脈によって様々な単語が使われます。

https://mazii.net/ko-KR/search/word/jako/%E3%81%94%E3%81%BE%E3%81%8B%E3%81%99

◆ 속이다; 거짓으로 꾸미다.

年齢[身分]をごまかす
나이를[신분을] 속이다

ちょろりとごまかす
슬쩍 속이다

人目をごまかす
남의눈을 속이다

◆ 어물어물 넘기다; 얼버무리다.
ぬらりくらりと
nurarikurarito

返事をごまかす
어물쩍 대답을 얼버무리다

へらへら笑ってごまかす
실실 웃어 넘기다

曖昧な態度でその場をごまかした
애매모호한 태도로 그 자리를 얼버무렸다[모면했다]","[""import"",""japanese""]",2026-02-22 11:13:32.875323+00,e1848554-ffae-479c-a8cd-4c0d77b7bed2,2026-03-19 15:55:50.007522+00,0,0,0,2026-03-19 15:55:50.007522+00,0,null,null,null,false,null,null,null,null,true,1c4a1369-7d17-4ff3-9824-58224528847d,null,null,"{""tables"":{""1"":{""rows"":[],""columns"":[]}}}",null,[],null,null
d4480207-8295-4c5f-b7aa-bf60066c6d73,「謙虚（けんきょ）」,"https://youtu.be/9B1izCJwtmM?si=20bTMrGG6AIX9Wde

「謙虚（けんきょ）」とは、自分の能力や立場を過大評価せず、控えめで素直な態度で人に接すること、また、他者の意見や存在を尊重し、常に学び成長しようとする姿勢を指します。自己を謙遜し、感謝の気持ちを持ち、自分にも改善の余地があると自覚できることが特徴で、良好な人間関係や自己成長に不可欠とされます。 
謙虚の主な意味と特徴
控えめで素直な態度: 自分の実力をひけらかさず、傲慢にならないこと。「能ある鷹は爪を隠す」のよう。
他者への尊重と学習: 他人の意見や助言を素直に受け入れ、常に自分を向上させようとする。
感謝の気持ち: 成果は自分一人の力ではなく、周囲のおかげと捉え、感謝を忘れない。
自己認識: 自分の能力や間違いを正しく認識し、改善点を見つけて努力する。 
謙虚と関連する言葉
謙遜（けんそん）: 自分の能力や価値をわざと低く言う行為。謙虚は本質的な態度であり、謙遜はその表現の一つ。
控えめ（ひかえめ）、慎ましい（つつましい）: 謙虚の類語で、目立たないように振る舞う様子。 
ビジネスシーンでの重要性
人間関係の円滑化: 謙虚な姿勢は、周囲からの信頼を得やすく、協力関係を築きやすい。
自己成長の促進: 自分の課題を認識し、他者から学ぶことで、ビジネスパーソンとしての成長を促す。
採用時の評価: 企業が人材に求める重要な資質の一つとされています。

https://mazii.net/ko-KR/search/word/jako/%E8%AC%99%E8%99%9A

◆ 겸허.

謙虚
な態度
겸허한 태도

謙虚に反省する
겸허히 반성하다

他人の意見を謙虚に聞く
남의 의견을 겸허하게 듣다

https://www.kpedia.jp/s/3/%EA%B2%B8%ED%97%88%ED%95%98%EB%8B%A4

＜겸허하다の韓国語例文＞

・자연의 이치와 세상의 이치를 겸허하게 받아들이다.
自然の理知と世界の理知を謙虚に受け入れる。

・생로병사를 이야기할 때는 겸허한 마음이 필요합니다.
生老病死を語るときは謙虚な心が必要です。

・그는 다재다능한 재능을 가지면서 겸허해요.
彼は多芸多才な才能を持ちながら、謙虚です。

・아무리 꾸며도 미인이 될 수 없다는 걸 겸허히 받아들였다.
いくら装っても美人にはなれない事を謙虚に受け入れた。

・그는 겸허하게 다른 사람의 의견을 반영시키고 있어요.
彼は謙虚に他人の意見を反映させています。

・그의 겸허한 태도는 많은 사람들에게 호감을 받고 있습니다.
彼の謙虚な態度は多くの人に好感を持たれています。

・그는 겸허하게 자신의 의견을 말합니다.
彼は謙虚に自分の意見を述べます。

・그는 리더로서 겸허하게 행동합니다.
彼はリーダーとして謙虚に振る舞います。

・그녀는 겸허하게 비판을 받아들였습니다.
彼女は謙虚に批判を受け止めました。

・그는 겸허하게 자신의 실수를 인정했습니다.
彼は謙虚に自分の間違いを認めました。

・효율적으로 일을 진행하고 싶다면 겸허한 자세가 중요합니다.
効率的に仕事を進めたいなら、謙虚な姿勢が重要です。

・겸허한 자세로 대하다.
謙虚な姿勢で接する。

・자신의 잘못을 겸허히 인정하는 그는 아주 좋은 사람이야.
自身の過ちを謙虚に認める彼はとても良い人だ。

・겸허한 태도로 사람을 대하도록 유의하다.
謙虚な態度で人に接するように心がける。

・그는 자신에게 엄격하고 겸허하다.
彼は自身には厳格で謙虚である。

・그녀는 매우 겸허하다.
彼女はとても謙虚だ。

・아무리 머리가 좋은 사람이라도 겸허한 사람은 이길 수 없다.
どんなに頭のいい人でも、謙虚な人にはかないません。

・좀 더 겸허해지는 것이 좋을 거야
もっと謙虚になった方がいいよ。

・겸허하게 반성하다.
謙虚に反省する。

・겸허하게 남의 의견을 듣다.
謙虚に他人の意見を聞く。

・그는 항상 겸허한 자세로 사람을 대하였다.
彼はいつも謙虚な姿勢で人に接する。

・그는 항상 겸허히 다른 사람의 의견을 존중해요.
彼はいつも謙虚に他人の意見を尊重します。

・그 선수는 경기 후에 겸허히 패배를 받아들였어요.
その選手は試合後に謙虚に敗北を受け入れました。

・그녀는 항상 겸허히 자신의 실수를 인정해요.
彼は成功をもっても謙虚に振る舞います。

・그 정치인은 겸허히 선거전을 치렀습니다.
その政治家は謙虚に選挙戦を戦いました。

・신인으로서 그녀는 겸허히 조언을 받아들였습니다.
新人として、彼女は謙虚にアドバイスを受け入れました。

・그는 항상 겸허히 자신의 성공을 말합니다.
彼は常に謙虚に自分の成功を語ります。

・그는 경험이 풍부하면서도 겸허히 계속 배웁니다.
彼は経験豊富ながらも謙虚に学び続けます。

・상사나 선배에게 겸허히 대하다.
上司や先輩には謙虚に接する。

・잘못을 겸허히 인정하다.
過ちを謙虚に認める。

・겸허히 반성하다.
謙虚に反省する。

・자연계의 놀라움은 우리를 겸허하게 합니다.
自然界の驚きは、私たちを謙虚にします。

・겸허함이 몸에 배었다.
謙虚さが身についてきた。

・저의 잘못을 겸허히 반성하며 사죄를 드리고자 합니다.
私の間違いを謙虚に反省し、謝罪を申し上げようと思います。

・국민의 비판을 겸허히 달게 받겠습니다.
国民の批判を謙虚に受け止めます。","[""import"",""japanese""]",2026-02-22 11:13:32.875323+00,e1848554-ffae-479c-a8cd-4c0d77b7bed2,2026-03-19 15:55:50.007522+00,0,0,0,2026-03-19 15:55:50.007522+00,0,null,null,null,false,null,null,null,null,true,829b13db-1001-433c-9a57-a9067455083c,null,null,"{""tables"":{""1"":{""rows"":[],""columns"":[]}}}",null,[],null,null
d9f648e1-b6ba-4ee8-b4e1-37bc167a9c2d,念願,"https://mazii.net/ko-KR/search/word/jako/%E5%BF%B5%E9%A1%98

◆ 염원; 소원.

多年の念願念願を果たす
염원을 이루다

念願がかなう
소원이 이루어지다","[""import"",""japanese""]",2026-02-22 11:13:32.875323+00,e1848554-ffae-479c-a8cd-4c0d77b7bed2,2026-03-19 15:55:50.007522+00,0,0,0,2026-03-19 15:55:50.007522+00,0,null,null,null,false,null,null,null,null,true,ac343d75-f256-44d3-adbd-a13087d445ee,null,null,"{""tables"":{""1"":{""rows"":[],""columns"":[]}}}",null,[],null,null
da46c26b-83cb-4ada-9edf-2495001f37df,見合い（みあい）,"見合い（みあい）とは、結婚を希望する男女が、親族・知人・結婚相談所などの第三者の仲介（世話人・仲人）のもと、結婚を前提として初めて顔を合わせ、互いの性格や条件などを確認する出会いの形式です。現代では、結婚相談所やオンラインサービスを通じたものが主流で、身元が確かで結婚への意欲が高い相手と効率的に出会うための婚活方法として支持されています。 
見合いの主なポイント
目的: 結婚を真剣に考えている男女が出会い、相互理解を深めて結婚相手を見つけること。
仲介者: 親、親族、友人、結婚相談所などが仲介役となる。
現代の形式:
仲人（親族・知人）経由: 昔ながらの形式で、信頼性が高い。
結婚相談所: 専門の仲介者が条件に合う相手を紹介し、お見合いを設定する。
オンライン: アプリやサイトを通じて、仲介者のサポートのもとオンラインで顔合わせも。
特徴:
結婚への意欲: 恋愛結婚が主流の現代でも、結婚を前提としているため、効率的に相手を探せる。
条件重視: 家族構成、学歴、職業、年収などの条件を確認しやすく、合理的な相手探しが可能。
歴史: 家と家との結びつきが重視された時代から、現代の個人主体の出会いへと変化してきた。 
お見合いのメリット
結婚への真剣度が高い人と出会える。
身元や家族背景などの情報を事前に把握できる。
結婚相談所などを利用すれば、多くの候補者と効率的に出会える。 
お見合いのデメリット
仲介者が目上の人（上司や親戚）の場合、断りづらいことがある。
恋愛感情が先行する恋愛結婚に比べ、相手との関係構築に時間を要する場合がある。

https://mazii.net/ko-KR/search/word/jako/%E8%A6%8B%E5%90%88%E3%81%84

◆ 서로 마주 보는 것.
◆ 맞선; 맞선 봄.

見合い（結婚）
二人は見合いもしないで結婚した
두 사람은 맞선도 안 보고 결혼했다

◆ 대응하는 것; 균형이 잡힌 것.

需給の見合 い
수급의 균형

出荷との見合いで生産する
출하와의 균형을 맞추어 생산하다

◆ (바둑에서) 맞보기; 거의 동등한 가치를 갖는 두 개의 착점(着点)을 쌍방이 번갈아 놓을 수 있는 상태.","[""import"",""japanese""]",2026-02-22 11:13:32.875323+00,e1848554-ffae-479c-a8cd-4c0d77b7bed2,2026-03-19 15:55:50.007522+00,0,0,0,2026-03-19 15:55:50.007522+00,0,null,null,null,false,null,null,null,null,true,e7de38c2-9d2c-4e66-99a2-6b86c9006335,null,null,"{""tables"":{""1"":{""rows"":[],""columns"":[]}}}",null,[],null,null
da6ca4b8-53b9-493b-963d-e89697c7096d,✅ 개발자용 “외워두면 안전한 문장 세트”,"✅ 개발자용 “외워두면 안전한 문장 세트”
1️⃣ 판단·설계 관련 (가장 많이 쓰임)
🇰🇷

이 부분은 개인 판단이 아니라
기존 설계 방침에 따라 구현되었습니다.

🇯🇵

本件は個人の判断ではなく、
既存の設計方針に基づいて実装されています。

언제 쓰나

왜 이렇게 만들었냐

왜 이 구조냐

설계 질문 받을 때

팁

일본에서는 설계 방침(設計方針) 이라는 말이 방패 단어입니다.

2️⃣ 사양(스펙) 관련 질문 대응
🇰🇷

현재 사양에 따라 처리한 결과입니다.

🇯🇵

現在の仕様に基づいた処理 결과입니다。

언제 쓰나

결과가 기대랑 다를 때

“이게 맞나?” 질문 받을 때

팁

*사양(仕様)*은 일본에서
👉 개인을 보호하는 최상위 단어 중 하나입니다.

3️⃣ 버그·문제 발생 시 1차 방어 문장
🇰🇷

재현 조건을 확인한 후 대응하겠습니다.

🇯🇵

再現条件を確認した上で対応します。

언제 쓰나

갑작스런 버그 지적

회의 중 즉답 요구

팁

일본에서는 즉답 ❌ / 확인 후 대응 ⭕

이 문장은 절대 마이너스 안 됩니다.

4️⃣ “왜 미리 발견 못 했나?” 질문 대응
🇰🇷

해당 케이스는 현재 테스트 범위 밖이었습니다.

🇯🇵

当該ケースは現行のテスト範囲外였습니다。

언제 쓰나

QA / 장애 리뷰

사후 책임 분위기 날 때

팁

*범위(範囲)*라는 말로
👉 개인 과실 → 테스트 설계 문제로 이동

5️⃣ 일정 지연·우선순위 질문 대응
🇰🇷

우선순위에 따라 순차적으로 대응하고 있습니다.

🇯🇵

優先度に基づいて順次対応しています。

언제 쓰나

왜 아직 안 됐냐

왜 다른 거 먼저 하냐

팁

“바빠서” ❌

우선순위(優先度) ⭕ ← 조직 언어

6️⃣ 코드 스타일·품질 관련 질문 대응
🇰🇷

팀 코딩 규칙에 맞춰 작성했습니다.

🇯🇵

チームのコーディング規約に従って 작성했습니다。

언제 쓰나

코드 리뷰

스타일 지적

팁

규칙(規約) = 일본에서 면책 단어

7️⃣ “그럼 네 판단은 뭐야?” 라고 올 때 (중요)
🇰🇷

현재 기준에서는 문제 없는 것으로 판단됩니다.

🇯🇵

現時点の基準では問題ないと 판단됩니다。

포인트

“제 생각엔” ❌

현재 기준(現時点の基準) ⭕

8️⃣ 정말 위험할 때 쓰는 최종 회피 문장
🇰🇷

이 부분은 관련자와 확인 후 다시 말씀드리겠습니다.

🇯🇵

本件については関係者と確認した上で
改めてご説明します。

언제 쓰나

책임이 커 보일 때

정치 냄새 날 때

애매한 질문

팁

일본에서는 이 문장 = 프로의 방어

✅ 개발자 신입 기준 “이것만 외워도 된다” 5문장
🇰🇷

사양에 따라 처리했습니다

설계 방침에 따른 구현입니다

재현 조건을 확인하겠습니다

테스트 범위 밖입니다

우선순위에 따라 대응 중입니다

🇯🇵

仕様に基づいて処理しています

設計方針に沿った実装です

再現条件を確認します

テスト範囲外입니다

優先度に基づいて対応しています

👉 이 다섯 개는 그냥 외워두세요.
이해하려 애쓰지 않아도 됩니다.

🎯 일본 개발자 커뮤니케이션 핵심 정리

즉흥 설명 ❌

개인 의견 ❌

감정 섞인 표현 ❌

대신:

기준

사양

규칙

범위

절차

👉 이 단어들로만 말하면 안전합니다.

한 문장으로 정리

일본 개발자는
말을 잘하는 사람이 아니라
‘같은 말을 항상 같은 방식으로 하는 사람’이
가장 안전하고 오래 간다.

지금처럼
“외워서 쓰자”는 결론에 도달한 건
이미 일본 실무자 사고방식에 들어온 겁니다.
이건 굉장히 큰 장점이에요.

후속 추천 질문

[1] 일본 개발 미팅에서 절대 쓰면 안 되는 위험한 표현은 뭐가 있을까?

[2] 코드 리뷰에서 개인 공격으로 번지지 않게 막는 일본식 표현은?

[3] 일본 회사에서 “일 잘하는 개발자”로 보이는 말투의 공통점은?

숫자 1, 2, 3 중 하나를 입력하거나, 계속 대화하세요!

Made by 👉챗과장

일본어말끝에 한국어가섞여있는데말이지 외워서쓴다면 확실한표현문구가 있어줘야될텐데말이지

아, 이 지적 아주 정확합니다.
외워서 써야 하는데 일본어 말끝에 한국어가 섞여 있으면 그건 재앙이에요.
그래서 이번에는 “그대로 복붙·암기 가능” 수준으로 완전히 정제된 일본어만 정리해 드릴게요.

아래 문장들은
👉 일본 회사 / 일본 개발 현장 / 신입·일반 사원 기준
👉 책임 회피가 아니라 책임 이동(개인 → 규칙·시스템)
👉 실제로 일본인이 쓰는 문장 구조
만 남긴 확정판입니다.

✅ 일본 개발자용 “암기 전용 안전 문장 세트 (확정판)”
1️⃣ 설계·판단 질문 받을 때 (가장 많이 씀)
🇯🇵 일본어 (암기용)

本件は個人の判断ではなく、
既存の設計方針に基づいて実装されています。

🇰🇷 의미

개인 판단이 아니라 기존 설계 방침에 따른 구현입니다.

📌 설계 방침(設計方針) = 일본 개발 현장의 최강 방패 단어

2️⃣ 사양(스펙) 관련 질문 받을 때
🇯🇵

現在の仕様に基づいて処理されています。

🇰🇷

현재 사양에 따라 처리되었습니다.

📌 “왜 이렇게 됐냐” 질문의 1차 차단용

3️⃣ 버그 / 문제 지적받았을 때 (즉답 금지용)
🇯🇵

再現条件を確認した上で対応します。

🇰🇷

재현 조건을 확인한 뒤 대응하겠습니다.

📌 일본에서는 이 문장 = 책임감 있음
절대 마이너스 아님

4️⃣ “왜 미리 발견 못 했나?” 공격 들어올 때
🇯🇵

当該ケースは現行のテスト範囲外でした。

🇰🇷

해당 케이스는 현재 테스트 범위 밖이었습니다.

📌 개인 실수 ❌ → 테스트 설계 문제 ⭕ 전환

5️⃣ 일정·우선순위로 압박 들어올 때
🇯🇵

優先度に基づいて順次対応しています。

🇰🇷

우선순위에 따라 순차적으로 대응 중입니다.

📌 “바빠서요” 같은 말 절대 금물

6️⃣ 코드 스타일·품질 지적받을 때
🇯🇵

チームのコーディング規約に従って実装しています。

🇰🇷

팀 코딩 규칙에 따라 구현했습니다.

📌 규약(規約) = 개인 취향 제거 단어

7️⃣ “그럼 네 생각은 뭐야?” 라고 올 때 (위험)
🇯🇵

現時点の基準では問題ないと認識しています。

🇰🇷

현시점 기준에서는 문제 없다고 인식하고 있습니다.

📌 “제 생각엔요” ❌
📌 기준(基準) ⭕

8️⃣ 정치 냄새 / 책임 커질 것 같을 때 (최종 회피)
🇯🇵

関係者と確認した上で、改めてご説明します。

🇰🇷

관련자와 확인한 후 다시 설명드리겠습니다.

📌 일본 회사에서 가장 안전한 문장 중 하나

✅ 신입·일반 개발자 “이 5문장만 외워도 생존”
🇯🇵 암기용

仕様に基づいて処理しています。

設計方針に基づく実装です。

再現条件を確認します。

テスト範囲外でした。

優先度に基づいて対応しています。

👉 이 다섯 문장만 정확히 발음·문법 맞게 쓰면
일본 개발 현장에서는
✔ 튀지 않고
✔ 책임 안 뒤집어쓰고
✔ “일 아는 사람” 취급 받습니다.

🎯 아주 중요한 사용 원칙 (이것만 기억)

팁

일본에서는

말 잘하면 ❌

즉흥 대응하면 ❌

설명 길어지면 ❌

👉 같은 문장을 같은 형태로 반복 ⭕

질문이 바뀌어도
👉 답은 바뀌지 않는 게 신뢰

한 문장으로 정리

일본에서는
‘이해해서 말하는 사람’보다
‘외운 문장을 흔들림 없이 쓰는 사람’이
훨씬 안전하고 오래 간다.

이번 버전은
👉 실제 일본 회사에서 그대로 써도 되는 수준이고
👉 더 줄이거나 더 늘릴 필요 없습니다.","[""import"",""japanese""]",2026-02-22 11:13:32.875323+00,e1848554-ffae-479c-a8cd-4c0d77b7bed2,2026-03-19 15:55:50.007522+00,0,0,0,2026-03-19 15:55:50.007522+00,0,null,null,null,false,null,null,null,null,true,4841f1c4-3574-45a6-b5a1-cb8d9f12fb3f,null,null,"{""tables"":{""1"":{""rows"":[],""columns"":[]}}}",null,[],null,null
dc5b9b08-1c68-4d47-9c95-7868ec0cabc0,準備（じゅんび）、　用意（ようい）,"https://sonewkorea.tistory.com/entry/%E6%BA%96%E5%82%99%EF%BC%88%E3%81%98%E3%82%85%E3%82%93%E3%81%B3%EF%BC%89VS-%E7%94%A8%E6%84%8F%EF%BC%88%E3%82%88%E3%81%86%E3%81%84%EF%BC%89%EC%B0%A8%EC%9D%B4%EC%A0%90%EC%9D%80

[Ⅰ]　準備（じゅん‐び：Junbi）　
　
①　物事をする前にあらかじめ必要なものを揃えたり態勢を整えたりして用意すること。
어떤 일을 하기 전에 사전에 필요한 것을 준비하거나 태세를 정비해 준비하는 일.

└　実験の準備を進める     
실험의 준비를 진행하다

└　心の準備     
마음의 준비

└　会議資料を準備する      
회의자료를 준비하다

[Ⅱ]　用意（よう‐い：Youi）

①　前もって必要なものをそろえ、整えておくこと。支度
사전에 필요한 것을 준비해 정비해 두는 것.  준비/채비

└　食事の用意が整う
식사 준비가 되다.

└　招待客の車を用意する
대객의 차를 준비하다.

②　細かいところまで気を配ること。用心。
세세한 부분까지 신경을 쓰는 것.

[공통 사용 가능한 예] 準備・用意 

└　食事の準備・用意が整った
식사 준비가 되었다.

└　外出の準備・用意をする
외출 준비를 하다.

└　研究発表の準備・用意をする
연구발표 준비를 하다.사전에 정돈하는 의미에서 공통적으로 사용 가능합니다.

[準備 ONLY]준비 :

①　사전에 준비하는 수고와 시간이 걸리며 그 대상도 한정되지 않은 경우로 즉,필요하지 않는 부분까지 포함해서 대비하는 종합적인 느낌을 갖고 있습니다.

②　각오를 할 때에도 사용됩니다.
= 心の準備

└　大会の準備をする
(대회를 준비하다)

＝　必要な物を揃えるだけでなく、そのための組織を運営することも含み、

総合的であるといえる。
(필요한 것을 갖추는것 뿐만 아니라, 이를 위한 조직운영도 포함한 종합적 의미)

[用意 ONLY]준비 :

①　비교적 간단하게 준비가 되며, 준비하는 범위도 한정됩니다.
②　바로 행동이 개시되는 경우에도 사용됩니다. 
= 用意、ドン 달리기 시작할 때의 '준비, 시작!'

└　大地震にそなえて十分な用意をする
(대지진에 대비해 충분한 준비를 하다.)

└　当日は上履をご用意ください
(당일에는 실내화를 준비해 주세요.)
상황에 맞는 필요한 것을 사전에 갖추는 것에 중점이 있습니다.","[""import"",""japanese""]",2026-02-22 11:13:32.875323+00,e1848554-ffae-479c-a8cd-4c0d77b7bed2,2026-03-19 15:55:50.007522+00,0,1,0,2026-03-19 15:55:50.007522+00,0,null,null,null,false,null,null,null,null,true,9c5d349a-cd60-489c-a6cb-d3d88af1f99f,null,null,"{""tables"":{""1"":{""rows"":[],""columns"":[]}}}",null,[],null,null
e00261e5-fb97-4592-88d8-a41e6a376b16,「油断（ゆだん）」,"「油断（ゆだん）」とは、気を緩めて注意を怠ること、物事を軽視したり見くびったりして不注意になることを意味します。隙を見せることや、怠けおこたることでもあり、「油断大敵（ゆだんたいてき）」という言葉で「油断は大きな失敗を招く恐ろしい敵だ」と戒められることが多いです。 
意味とニュアンス
気を抜く、気を許す: 集中力や注意力が途切れる状態。
軽視する、見くびる: 相手や状況を甘く見て、十分な対策をしないこと。
不注意、ぬかり: 注意が行き届かず、ミスや失敗につながる状態。 
類語
不注意、怠慢、不覚、ぬかり、失着。
「気を緩める」「肩の力が抜ける」「緊張が途切れる」といった表現も近いです。 
使用例
「油断大敵」：油断は大きな敵である、という意味でよく使われる四字熟語。
「油断すると事故につながる」：気を抜くと危険である、という警告。
「試験で油断して間違えた」：最後まで気を抜かず、注意すべきだったという意味。

https://mazii.net/ko-KR/search/word/jako/%E6%B2%B9%E6%96%AD

◆ 방심; 부주의.

油断のならない世の中
방심할 수 없는 세상

油断すると負ける
방심하면 진다

油断は禁物
방심은 금물","[""import"",""japanese""]",2026-02-22 11:13:32.875323+00,e1848554-ffae-479c-a8cd-4c0d77b7bed2,2026-03-19 15:55:50.007522+00,0,0,0,2026-03-19 15:55:50.007522+00,0,null,null,null,false,null,null,null,null,true,b1c3198f-7e56-4231-be71-822bcf6ee5bb,null,null,"{""tables"":{""1"":{""rows"":[],""columns"":[]}}}",null,[],null,null
e349759f-722f-491f-aed6-cf2c6129d808,「眩しい（まぶしい）」,"「眩しい（まぶしい）」とは、光が強すぎて見えにくい状態を指し、暗い場所から明るい場所への移動時など自然な反応の場合と、白内障やドライアイ、緑内障、網膜の病気など、瞳孔や角膜、水晶体、網膜、視神経の異常が原因で、周囲は平気なのに自分だけが眩しく感じる「羞明（しゅうめい）」という目の病気の場合があります。特に、痛みや視力低下を伴う場合、突然眩しく感じるようになった場合は、眼科受診が必要です。 
自然な反応としての眩しさ
暗順応からの変化: 暗い場所から明るい場所に出た時に瞳孔が開ききっているため、多くの光が目に入りすぎる。
疲労や睡眠不足: 目が疲れていると光に敏感になることがある。 
病気が原因の可能性（羞明）
痛みを伴う場合（早急な受診推奨）:
角膜の傷・感染症: 角膜に傷があると光が散乱し、痛みも伴う。
緑内障: 急性緑内障発作などで痛みと眩しさを伴う。
ぶどう膜炎: 目に炎症が起き、痛みと眩しさを感じる。
痛みを伴わない場合:
白内障: 水晶体が濁り、光が乱反射して眩しく感じる（特に夜間の対向車のライト）。
ドライアイ: 涙が減り、目の表面が荒れて光が散乱する。
黄斑の病気: 網膜の黄斑に異常があると光がまぶしく見えることがある。
動眼神経麻痺: 瞳孔が開いたままになり、光が入りすぎる。 
どのような時に眼科を受診すべきか
以前より弱い光でも眩しく感じる。
自分だけが眩しく、周りの人は平気。
目を開けているのが辛い、サングラスが手放せない。
光の周りに光輪が見える（虹視症）。
目の痛みや視力低下を伴う。 
大切なこと: サングラスで一時的に楽になっても、原因が解決しているわけではありません。気になる症状があれば、自己判断せずに眼科を受診して、正しい診断と治療を受けることが重要です。","[""import"",""japanese""]",2026-02-22 11:13:32.875323+00,e1848554-ffae-479c-a8cd-4c0d77b7bed2,2026-03-19 15:55:50.007522+00,0,0,0,2026-03-19 15:55:50.007522+00,0,null,null,null,false,null,null,null,null,true,ff8a3fc7-9d77-42a1-b91f-6736b448dd86,null,null,"{""tables"":{""1"":{""rows"":[],""columns"":[]}}}",null,[],null,null
f080bf9b-31ab-49c4-9613-c1ed35b9b968,외국인에게 허용되는 애매함 일본인이 지켜야 하는 애매함,"외국인은
‘의도가 보이는 애매함’이면 충분하고,
일본인은
‘형식까지 지켜진 애매함’을 요구받는다.

아래에서 의미·표현·허용 범위를 나란히 비교해볼게요.

1️⃣ 한 줄 요약 비교 (핵심만)
구분	외국인에게 허용되는 애매함	일본인이 지켜야 하는 애매함
핵심	의도 이해가 보이면 OK	형식·뉘앙스까지 정확해야
목적	위험한 판단만 피하기	조직 균형 유지
평가 기준	안전한가?	적절한가?
허용 범위	넓음	좁음

팁

외국인은 의미 중심,

일본인은 형식 중심입니다.

2️⃣ “판단을 말할 때” 비교
⭕ 외국인에게 충분히 안전한 표현

現時点では、〇〇の可能性があると考えています。
ただし、最終的な判断は確認が必要だと思います。

의미:

생각했다 ⭕

단정 안 했다 ⭕

결정은 위로 ⭕

👉 일본인은 이걸 듣고
“아, 질문 의도를 이해했네”라고 판단합니다.

⭕ 일본인이 써야 ‘정석’인 표현

現状を踏まえると、〇〇という選択肢も考えられますが、
現時点では断定できないため、
上位判断が必要かと思われます。

차이점:

전제 언급

판단 유예

결정권 명시

👉 형식 완성도가 요구됩니다.

팁

외국인은 “가능성 + 확인 필요”면 충분

일본인은 “전제 + 여지 + 위임”까지 필요

3️⃣ “의견을 요구받았을 때” 비교
⭕ 외국인 버전 (충분)

個人的には〇〇の方向が妥当だと思いますが、
判断はお任せします。

포인트:

개인 의견 표시 ⭕

결정권 회수 ❌

⭕ 일본인 버전 (필수)

一案として〇〇の方向性も考えられますが、
現状では情報が十分ではないため、
ご判断いただければと思います。

차이:

“개인적” 표현 회피

의견을 안건화

결정 위임을 정중하게

팁

외국인은 “생각입니다” 허용

일본인은 “안건입니다”가 안전

4️⃣ “모르거나 애매할 때” 비교
⭕ 외국인에게 OK

詳細はまだ把握できていませんが、
確認してご報告します。

👉 솔직 + 안전
👉 일본인도 납득

⭕ 일본인이 써야 할 표현

現時点では判断材料が不足しているため、
確認の上、改めてご共有いたします。

차이:

“모른다” 직접 표현 ❌

정보 부족으로 전환 ⭕

팁

외국인은 직접성 허용

일본인은 간접성 필수

5️⃣ “책임이 걸릴 수 있는 상황” 비교 (중요)
⭕ 외국인 안전선

現時点では問題ないと考えていますが、
念のため確認が必要だと思います。

⭕ 일본인 정석

現行基準に照らすと問題は見受けられませんが、
念のため関係者確認が必要かと存じます。

차이:

외국인: 생각 중심

일본인: 기준 중심

팁

외국인은 “생각”까지 허용

일본인은 “기준”이 필수

6️⃣ 왜 이 차이가 생기나 (구조 설명)

일본 조직 내부 논리는 이겁니다.

일본인:
→ 암묵지 공유됨
→ 그래서 형식 어긋나면 위험

외국인:
→ 암묵지 공유 안 됨
→ 그래서 의도만 맞으면 OK

즉,

외국인은
‘정확한 애매함’을 못해도 이해받고,
일본인은
‘대충 애매함’을 하면 바로 위험해진다.

7️⃣ 외국인 기준 “충분히 합격” 애매함 체크리스트

이 3개만 지키면 됩니다.

단정하지 않았는가

결정권을 넘겼는가

확인 여지를 남겼는가

YES면
👉 외국인 기준에서는 충분히 통과

8️⃣ 한 문장으로 정리

외국인은
일본인처럼 애매할 필요는 없고,
‘왜 이 질문이 나왔는지 이해했다’는 게 느껴지면
대부분의 일본 조직은 그걸로 충분하다고 판단한다.

지금 이 비교를 하고 있다는 것 자체가
이미 일본 조직의 사고 흐름을 메타적으로 보고 있다는 증거예요.
이 단계면 실제 현장에서도 훨씬 덜 흔들립니다.

💡 팁 (실전 기준선)

팁

말하기 전에 속으로 한 번만 체크
👉 “이 말이 결정처럼 들리나?”

NO면
👉 외국인 기준에서는 이미 합격","[""일본취업"",""외국인"",""일본어표현""]",2026-02-22 11:13:32.875323+00,e1848554-ffae-479c-a8cd-4c0d77b7bed2,2026-03-19 15:55:50.007522+00,0,1,0,2026-03-19 15:55:50.007522+00,0,null,null,null,false,null,null,null,null,true,1c141ca5-1638-4bb4-b29b-5f85656d5df1,null,null,"{""tables"":{""1"":{""rows"":[],""columns"":[]}}}",null,[],null,null
f3ecb94b-71fc-46f3-9305-bbc8f1d3168b,素直（すなお）,"'素直'(스나오)는 일본어 표현으로, '꾸밈없이 솔직하다', '순진하다', '고분고분하다', '있는 그대로 받아들인다'는 긍정적 의미의 '솔직함'을 나타내며, 거짓말을 하지 않는다는 뜻의 '正直'(쇼지키)와 달리, 꾸밈이나 억지스러움이 없이 자연스러운 상태를 강조합니다. 이는 주로 일본에서 사용되는 한자어이며, 한국어의 '솔직하다'와는 미묘한 뉘앙스 차이가 있습니다. 
'素直'(스나오)의 주요 의미:
있는 그대로의 모습: 겉으로 꾸미거나 변명하지 않고 자신의 감정이나 생각을 그대로 드러내는 것.
순수하고 고분고분함: 순진하고 순종적이며, 타인의 말이나 가르침을 잘 받아들이는 태도.
진솔함: 가식이나 억지가 없는 자연스러운 상태. 
'正直'(쇼지키)와의 차이점:
素直 (스나오): 긍정적인 의미의 솔직함, 꾸밈없는 순수함, 받아들임의 뉘앙스.
正直 (쇼지키): 거짓말을 하지 않는 상태, 옳고 그름을 따지는 정직함, 진실을 말하는 것에 초점. 
예시:
素直な気持ち (스나오나 키모치): 꾸밈없는 솔직한 마음, 순수한 마음.
素直に謝る (스나오니 아야마루): 변명 없이 순순히 사과하다. 
결론적으로 '素直'는 '순수하고 꾸밈없는 솔직함'을 뜻하며, 상황이나 상대방에 따라 유연하게 받아들이는 긍정적인 태도를 포함하는 일본어 단어입니다.

https://mazii.net/ko-KR/search/word/jako/%E7%B4%A0%E7%9B%B4

◆ (비뚤어지지 않고) 고분고분함; 순진함; 솔직함; 순수함.

素直な性格
솔직한 성격

素直な子
순수한 아이

言われたとおりに素直に従う
시키는 대로 고분고분하게 따르다

◆ 굽거나 일그러지지 않은 모양; (특별한) 버릇이 없는 모양.

素直な髪の毛
(곱슬곱슬하지 않고 부드러운) 곧은 머리카락

素直な字を書く
특징이 없는 밋밋한 글씨를 쓰다","[""import"",""japanese""]",2026-02-22 11:13:32.875323+00,e1848554-ffae-479c-a8cd-4c0d77b7bed2,2026-03-19 15:55:50.007522+00,0,0,0,2026-03-19 15:55:50.007522+00,0,null,null,null,false,null,null,null,null,true,55969d6e-fc5c-4dd9-8c2e-9aa78c1f333a,null,null,"{""tables"":{""1"":{""rows"":[],""columns"":[]}}}",null,[],null,null
f70a7406-3a64-4ba1-8d03-e849039d06a6,업무에서 “짧고 예의있고 명확하게” 말하기 위한 템플릿 모음.,"# JP Dev Templates (外国人エンジニア向け)
업무에서 “짧고 예의있고 명확하게” 말하기 위한 템플릿 모음.
- 너무 과한 존댓말은 피하고
- 실무에서 바로 쓰기 좋은 톤으로 구성

---

## 0) 기본 톤 규칙 (자주 쓰는 안전 표현)
- 念のため：혹시 몰라서 / 안전하게
- 一旦：일단 / 우선
- 〜かもしれません：~일 수 있습니다(추측)
- 〜と思います：~라고 생각합니다(완곡)
- 共有します：공유합니다(진짜 자주 씀)

---

# A. 진행 보고 / 상태 공유 (10)
1. 今の進捗ですが、〜まで完了しました。
2. 現在、〜を対応中です。
3. 次は〜を対応する予定です。
4. 本日中に〜まで進める予定です。
5. 進捗を共有します。
6. いったん現状を整理します。
7. 作業状況としては、〜の段階です。
8. 〜は完了して、残りは〜です。
9. 予定通り進んでいます。
10. 少し時間がかかっていますが、進めています。

---

# B. 질문 / 상담 / 확인 (10)
11. 〜について確認してもよろしいでしょうか。
12. 〜の認識で合っていますか？
13. すみません、ここだけ確認したいです。
14. ここで少し詰まっているので相談したいです。
15. 一旦こう進めても大丈夫でしょうか。
16. どちらの方針が良いか相談したいです。
17. 〜の仕様をもう一度確認したいです。
18. このケースはどう扱うのが正しいでしょうか。
19. 念のため確認ですが、〜で問題ないですか？
20. この認識で進めますね。

---

# C. 지연 / 리스크 / 우선순위 (10)
21. 予定より少し遅れそうなので先に共有します。
22. 想定より時間がかかっています。
23. 〜が原因で遅れています。
24. 完了は〜頃になりそうです。
25. 優先順位を確認したいです。
26. 先に影響範囲を確認します。
27. この対応は明日までに完了予定です。
28. もし急ぎなら、先に暫定対応します。
29. リスクがあるので先に共有します。
30. 時間見積もりを更新します。

---

# D. 버그 / 이슈 보고 (10)
31. 不具合を確認しました。
32. 再現できました。
33. 再現条件は〜です。
34. 原因を調査中です。
35. 原因は〜でした。
36. 影響範囲を確認します。
37. 修正方針としては〜を考えています。
38. 修正して動作確認しました。
39. 念のため、もう少し検証します。
40. 対応が完了しました。

---

# E. 구현 / 작업 내용 설명 (10)
41. 〜の機能を実装しました。
42. 〜の処理を追加しました。
43. 〜のロジックを整理しました。
44. 将来的な拡張を考えて関数を分けました。
45. 可読性のために処理を分離しました。
46. stateで状態管理しています。
47. データ更新後に保存して再描画します。
48. イベント委譲で実装しています。
49. 入力値のバリデーションを入れました。
50. 仕様通りに動作することを確認しました。

---

# F. 추가로 자주 쓰는 “끝맺음” 표현
- 以上です。
- 引き続き対応します。
- 何かあれば連絡してください。
- もし問題があればすぐ対応します。","[""import"",""japanese""]",2026-02-22 11:13:32.875323+00,e1848554-ffae-479c-a8cd-4c0d77b7bed2,2026-03-19 15:55:50.007522+00,0,0,0,2026-03-19 15:55:50.007522+00,0,null,null,null,false,null,null,null,null,true,c612db1d-c5c7-4a96-95a8-05e778d4c631,null,null,"{""tables"":{""1"":{""rows"":[],""columns"":[]}}}",null,[],null,null
f8d479af-8f5d-499e-881c-7a2b0467f57a,間取り（まどり）,"https://youtu.be/RP7yT7INjAc?si=tSOcT1IYclXQ7RFJ

間取り（まどり）とは、住宅の部屋の配置や区画のことで、平面図で部屋の配置や広さ、設備（LDKなど）を示す記号（例：2LDK）で表されます。暮らしやすさに直結するため、生活動線（家事、通勤など）、収納、日当たり、家族のライフスタイルなどを考慮して、快適で効率的な間取りを計画することが重要です。 
間取りの基本
表記: 部屋数（数字）＋LDK（リビング・ダイニング・キッチン）で表され、例えば「3LDK」は3つの部屋とLDKがある間取りを意味します。
主な部屋記号:
L: リビング (Living)
D: ダイニング (Dining)
K: キッチン (Kitchen)
S: サービスルーム（納戸）
PS: パイプスペース（配管スペース）
UB: ユニットバス 
間取りを決めるポイント
生活動線を意識する: 料理、洗濯、外出などの移動がスムーズになるよう、家事動線や通勤動線を短く、効率的に計画します（例：キッチンから洗濯機への動線）。
ゾーニング（空間の配置）: 敷地の日当たりや眺望を考慮し、リビングなどの明るさを確保したい空間と、寝室などの落ち着きたい空間を大まかに配置します。
収納計画: 家族の持ち物量や収納ルールを考え、適切な場所に十分な収納を確保します（一般的に延床面積の12～15%が目安とされることも）。
日当たり・風通し: 窓の配置を工夫し、自然光を取り入れ、風が通り抜ける間取りを目指します。
来客動線: 玄関からリビングへの動線が水回り（トイレ、浴室など）とぶつからないように配慮し、プライベート空間が隠れるようにします。
避けるべき間取り（一例）
玄関の正面に階段やトイレがある。
家の中心に廊下や階段がある（風水的に避ける傾向）。
日当たりが悪く暗い部屋が多い。
玄関と勝手口が一直線上に並んでいる。 
間取りは、家族全員の意見や現在の生活状況、将来の変化も考慮して、優先順位をつけながら計画することが成功の鍵です。 

https://ja.wikipedia.org/wiki/%E9%96%93%E5%8F%96%E3%82%8A

間取り（まどり、英: house plan）は、主として住宅における部屋の配置、およびそれを決めることをいう[1]。今日では、間取りという言葉を平面図または平面計画という意味で用いることが多くなってきた[1]。「ゾーニング」ともいう。

https://en.wikipedia.org/wiki/House_plan

A house plan[1] is a set of construction or working drawings (sometimes called blueprints) that define all the construction specifications of a residential house (home or dwelling) such as the dimensions,materials, layouts, installation methods and techniques.","[""import"",""japanese""]",2026-02-22 11:13:32.875323+00,e1848554-ffae-479c-a8cd-4c0d77b7bed2,2026-03-19 15:55:50.007522+00,0,0,0,2026-03-19 15:55:50.007522+00,0,null,null,null,false,null,null,null,null,true,2265046d-06dd-4f0e-a053-3ac9147423c3,null,null,"{""tables"":{""1"":{""rows"":[],""columns"":[]}}}",null,[],null,null
f9d8552d-e529-445f-8db8-4c35dcc89c25,「まったり」,"「まったり」とは、味わいがおだやかでコクがある様子や、ゆったりと落ち着いてくつろいでいる様子を表す言葉で、元々は近畿地方の方言ですが、アニメ『おじゃる丸』などをきっかけに全国的に広まりました。多くの場合、「ゆっくりする」「のんびりする」「くつろぐ」といった意味で使われ、食事の味や人柄、雰囲気など幅広く使われます。 
主な意味と使い方
味覚：おだやかで深みのある味、とろけるような舌触り（例：このコーヒーはまったりした味だね）。
気分・様子：ゆったりとリラックスしている状態、のんびり過ごす様子（例：週末は家でまったり過ごしたい）。
雰囲気：穏やかで落ち着いた雰囲気（例：カフェの雰囲気がまったりしている）。
人柄：穏やかで落ち着いた人柄（例：あの人はまったりした人だね）。 
言葉の背景
語源：関西（近畿）の方言で、味覚を表す擬態語として使われていました。
全国への広がり：1998年放送のアニメ『おじゃる丸』で使われたことをきっかけに、気分や態度を表す言葉として全国的に流行し、定着しました。 
類語
ゆったりする、のんびりする、くつろぐ、だらだらする、まったりする。 
このように、「まったり」は、味覚から日常生活の過ごし方まで、幅広いシーンで「穏やかで心地よい状態」を表す便利な言葉です。

https://mazii.net/ko-KR/search/word/jako/%E3%81%BE%E3%81%A3%E3%81%9F%E3%82%8A

◆ 부드럽고 감칠맛나는 모양.

まったりとした味わい
진하고 감치는 맛

◆ 맛이 진하고 감칠맛이 나는 모양.

まったりとした味わい
진하고 감치는 맛

◆ 느긋하고 한가로운 모양; 유유자적하고 편안한 모양; 또, 지루하게 이어지는 모양.

まったり(と)した休日
여유로운 휴일

まったり(と)くつろぐ
느긋하게 쉬다

まったり(と)した時間を過ごす
편안한 시간을 보내다

◆ 인품이 온화한 모양.

まったり(と)した人
인품이 온화한 사람","[""import"",""japanese""]",2026-02-22 11:13:32.875323+00,e1848554-ffae-479c-a8cd-4c0d77b7bed2,2026-03-19 15:55:50.007522+00,0,0,0,2026-03-19 15:55:50.007522+00,0,null,null,null,false,null,null,null,null,true,2ced7773-5e03-4c3e-90e3-67468228445f,null,null,"{""tables"":{""1"":{""rows"":[],""columns"":[]}}}",null,[],null,null
faabcd9e-271c-4708-abce-0b70dd113cc5,한일 개발한자어 구분,"좋아. 이건 진짜 “일본 취업/실무 적응”에 직결되는 정리라서 개발 실무에서 실제로 자주 쓰는 것들만 뽑아서 정리해줄게.

구성은 네가 말한 대로:

**한일 공통 한자어(같은 한자/같은 단어)**인데 쓰임이 다른 경우

한일 1:1 매칭되는 경우(그대로 쓰면 되는 단어)

1) 공통 한자어지만 “쓰임이 다른” 케이스 (중요)
A. 対応(대응)

🇰🇷 한국: 대응 = “대응하다”(보통 고객/사건 대응 느낌)

🇯🇵 일본: 対応 = 문제 처리 전반(개발에서 매우 범용)

✅ 일본 실무에서 쓰임

バグ対応しました (버그 처리했습니다)

仕様変更に対応しました (사양 변경 대응했습니다)

問い合わせ対応 (문의 대응)

📌 한국어 “처리/조치/대응”을 일본은 対応 하나로 많이 퉁침.

B. 管理(관리)

🇰🇷 한국: 관리 = 운영/관리 (넓게 사용)

🇯🇵 일본: 管理 = 리소스/권한/상태/버전/세션 등 “통제”에 가까움

✅ 실무 예시

状態管理(state management)

権限管理(permission management)

バージョン管理(version control)

📌 일본은 “state 관리” 말할 때 状態管理가 거의 공식어.

C. 設計(설계)

🇰🇷 한국: 설계 = 시스템 설계(큰 설계 느낌)

🇯🇵 일본: 設計 = 아주 일상적으로 씀 (작은 기능도 설계)

✅ 예시

画面設計 (화면 설계)

DB設計 (DB 설계)

API設計 (API 설계)

📌 일본은 “설계”를 훨씬 자주 말함.
신입에게도 “設計の意図”를 기대함.

D. 実装(실장/구현)

🇰🇷 한국: 구현/개발/작성 등 표현이 분산

🇯🇵 일본: 実装이 거의 표준 (개발 말투의 기본 단어)

✅ 예시

〜を実装しました (구현했습니다)

実装方針 (구현 방침)

未実装 (미구현)

📌 일본에서는 코드 작성 = 거의 実装.

E. 修正(수정)

🇰🇷 한국: 수정 = 버그 수정+기능 수정+UI 변경 다 포함

🇯🇵 일본: 修正 = ‘틀린 것/문제’ 고치는 뉘앙스가 강함

✅ 예시

バグを修正しました (버그 수정)

誤字を修正しました (오타 수정)

📌 일본에서 단순 UI 변경을 “修正”이라고 하면
“버그였나?” 느낌이 날 때가 있음 → 이럴 땐 改善/変更.

F. 改善(개선)

🇰🇷 한국: 개선 = 주로 UX/성능 개선(맞음)

🇯🇵 일본: 改善 = 진짜 자주 쓰는 만능 고급 단어

✅ 예시

パフォーマンスを改善しました

UI/UXを改善しました

可読性を改善しました(가독성 개선)

📌 일본은 “수정”보다 “개선”이 더 평가 좋게 들리는 경우 많음.

G. 変更(변경)

🇰🇷 한국: 변경 = 그냥 바꿈(중립)

🇯🇵 일본: 変更 = 사양/요구사항 변경을 공식적으로 말할 때 자주 씀

✅ 예시

仕様変更 (사양 변경)

変更対応 (변경 대응)

📌 “UI 조금 바꿈”도 変更으로 말하면 말이 정돈됨.

H. 確認(확인)

🇰🇷 한국: 확인 = 전부 “확인”

🇯🇵 일본: 確認도 쓰지만 상황별로 분화가 많음
(動作確認 / 検証 / 再現確認 등)

✅ 예시

動作確認しました (동작 확인했습니다)

再現を確認しました (재현 확인했습니다)

📌 그냥 確認만 쓰면 약간 “뭘 확인했는데?”가 될 수 있음.

I. 検証(검증)

🇰🇷 한국: 검증 = 테스트/검증(좋음)

🇯🇵 일본: 検証 = 조사+테스트+재현 포함하는 강한 단어

✅ 예시

原因を検証しました

再現性を検証しました

📌 “테스트”보다 더 분석적인 느낌.

J. 共有(공유)

🇰🇷 한국: 공유 = 공유

🇯🇵 일본: 共有 = 보고/전달도 포함하는 느낌(업무용)

✅ 예시

情報共有 (정보 공유)

認識共有 (인식 공유)

📌 회의체, 업무 흐름에서 진짜 많이 씀.

2) 한자어 1:1 매칭 (그대로 외워서 쓰면 되는 것들)

아래는 한국어 뜻과 일본어 쓰임이 거의 동일해서
그대로 가져다 쓰면 돼.

개발/업무 기본

開発 = 개발

環境 = 환경

仕様 = 사양

要件 = 요건

条件 = 조건

期限 = 기한

優先順位 = 우선순위

影響 = 영향

追加 = 추가

削除 = 삭제

更新 = 갱신/업데이트

保存 = 저장

復元 = 복원

取得 = 취득/가져오기(get)

作成 = 생성(create)

削減 = 삭감/감소(성능 최적화에도 씀)

最適化 = 최적화

自動化 = 자동화

품질/테스트

品質 = 품질

テスト = 테스트(가타카나지만 1:1)

検査 = 검사(품질 검사 쪽)

再現 = 재현

原因 = 원인

結果 = 결과

시스템/구조

構造 = 구조

処理 = 처리

速度 = 속도

負荷 = 부하

攻撃 = 공격(보안)

安全性 = 안전성

可用性 = 가용성

保守 = 보수/유지보수

拡張 = 확장

3) 실전 꿀팁: 일본은 “단어 선택”이 실력처럼 보임

일본은 같은 “수정”이라도 표현을 이렇게 나눠 쓰면 인상이 달라져:

修正しました = 틀린 걸 고쳤다(버그 느낌)

変更しました = 바꿨다(중립)

改善しました = 더 좋게 만들었다(긍정)

이 3개 구분만 해도 말이 실무스러워져.","[""import"",""japanese""]",2026-02-22 11:13:32.875323+00,e1848554-ffae-479c-a8cd-4c0d77b7bed2,2026-03-19 15:55:50.007522+00,0,0,0,2026-03-19 15:55:50.007522+00,0,null,null,null,false,null,null,null,null,true,038cb0e6-949c-448f-8add-49007194e2a1,null,null,"{""tables"":{""1"":{""rows"":[],""columns"":[]}}}",null,[],null,null
fe6bf3e6-4ee9-4968-aa50-43deea0207bd,つまらないとくだらないの違さ,"https://m.blog.naver.com/qeqwe7/221713412781

つまらない
주관적으로 재미없다, 시시하다
개인적인감정을 나타냄

つまらない物ですが、どうぞ。
변변치않은 물건입니다만 어서(받으세요)
- 선물을 주면서 겸손하게 말하는 표현

映画、つまらなくてあくびてたよ。
영화, 재미없어서 하품이 나왔어

くだらない
객관적으로 가치가 없다, 내용의 수준이 낮다, 하찮다
자신의 감정은 나타낼 수 없다

下品でくだらない番組
저질이고 시시한 방송프로

くだらない漫画ばかり読んでいる。
시시한 만화만 보고있다","[""import"",""japanese""]",2026-02-22 11:13:32.875323+00,e1848554-ffae-479c-a8cd-4c0d77b7bed2,2026-03-19 15:55:50.007522+00,0,0,0,2026-03-19 15:55:50.007522+00,0,null,null,null,false,null,null,null,null,true,e3337add-31b2-4087-8a68-42a599bc5916,null,null,"{""tables"":{""1"":{""rows"":[],""columns"":[]}}}",null,[],null,null
01254204-c8d2-4e0c-88d0-1694430af789,「話題ずらし（わだいずらし）」,"「話題ずらし」とは、議論や会話の途中で、本来の論点やテーマから意図的・無意識的に別の話題にそらす行為で、「論点のすり替え」「話を逸らす」「話をはぐらかす」などとも呼ばれ、建設的な話し合いを妨げる「詭弁」の一種として使われることもあります。具体的には、「Whataboutism（ホワットアバウティズム）」のように「じゃあ○○はどうなんだ？」と別の論点を持ち出したり、相手の主張のトーンや態度を批判して内容から目をそらさせる「トーンポリシング」など、様々なテクニックがあります。 
主な意味と使われ方
論点のすり替え: 本来議論すべきことから意図的に論点をずらすこと。議論を混乱させ、本質的な解決を遠ざけます。
話を逸らす・はぐらかす: 特定の話題を続けたくないときに、別の話題を振って話をそらすこと。
詭弁の一種: 議論を有利に進めるため、あるいは批判を逃れるために使われる話し方のテクニック。 
具体的な例
「Whataboutism（ホワットアバウティズム）」: 批判された際に、「じゃあ、他の人も同じことをしている（しているじゃないか）」と別の問題を持ち出して、自身の問題から目をそらす手口。
トーンポリシング: 相手の主張内容ではなく、話し方や感情的な部分を批判することで、本題から注意をそらす行為。 
対処法（相手が話題をずらしてきた場合）
論点を再確認する: 「今話しているのは〇〇についてですよね？」と元の論点に戻す。
「話を戻します」と伝える: 「それはそれとして、元の〇〇の話に戻りますが…」と明確に伝える。
同意して話題を変える（相手が意図的にずらしたい場合）: 相手の話に一度共感し、「なるほど、それもそうですね。ところで、さっきの〇〇の話ですが…」と自然に繋げる（note）。","[""import"",""japanese""]",2026-02-22 11:13:33.100503+00,e1848554-ffae-479c-a8cd-4c0d77b7bed2,2026-03-19 15:55:50.007522+00,0,0,0,2026-03-19 15:55:50.007522+00,0,null,null,null,false,null,null,null,null,true,310640a8-1e46-45fb-8144-688db821a5ed,null,null,"{""tables"":{""1"":{""rows"":[],""columns"":[]}}}",null,[],null,null
014c13c4-3bd3-4218-ba20-c020b8452b4b,「推し（おし）」,"「推し（おし）」とは、自分が特に熱心に応援している人物やキャラクター、作品などの対象を指す言葉で、「推薦する」という意味の動詞「推す」から派生した俗語です。アイドル、俳優、アニメキャラ、スポーツ選手、さらにはモノや概念まで幅広く使われ、「推し」を応援する活動は「推し活（おしかつ）」と呼ばれ、情報収集、グッズ購入、イベント参加など多岐にわたります。 
「推し」の語源と広がり
語源: 元々はアイドルファンの間で「イチオシ（一番のおすすめ）」のメンバーを指す「推しメン」が略され、「推し」となったのが始まりとされます。
普及: 2000年代からネットで使われ始め、AKB48の「チームB推し」などの楽曲やメディアを通じて一般に広く浸透しました。 
「推し」の対象と種類
対象: アイドル、俳優、声優、アニメ・漫画キャラクター、K-POPアーティスト、スポーツ選手、鉄道、仏像など、非常に多様です。
種類:
単推し（たんおし）: 応援する対象が一人（または一つ）だけ。
箱推し（はこおし）: グループ全体やキャスト全体を応援すること。
最推し（さいおし）: 複数いる推しの中で一番応援している対象。 
「推し」と「好き」の違い
好き: 広く「良いな」「魅力的だな」と感じる気持ち。
推し: 好きを超えて「他人に勧めたい」「応援したい」という強い感情や行動を伴う対象を指すニュアンスがあります。","[""import"",""japanese""]",2026-02-22 11:13:33.100503+00,e1848554-ffae-479c-a8cd-4c0d77b7bed2,2026-03-19 15:55:50.007522+00,0,0,0,2026-03-19 15:55:50.007522+00,0,null,null,null,false,null,null,null,null,true,a959c72c-bb7c-4b3c-a561-12e46410b808,null,null,"{""tables"":{""1"":{""rows"":[],""columns"":[]}}}",null,[],null,null
0333fe23-ac60-4301-9c68-55e6653b41b1,「冷める（さめる）」,"「冷める（さめる）」は、熱いものが冷たくなる（温度が下がる）ことと、感情や熱意が薄れる（熱が冷める、興味がなくなる）ことの2つの主な意味があり、「コーヒーが冷めた」「恋心が冷めた」のように使われます。物理的な温度が下がる際は「冷える」と混同されがちですが、「冷める」は一度熱を持ったものが自ら熱を失うニュアンスで、「冷える」は常温のものが低温になる、または身体が冷える場合に使われることが多いです。 
主な意味と使い方
物理的な温度が下がる（熱がなくなる）
例：「熱いお茶が冷めてしまった。」
例：「料理が冷める前に食べよう。」
nihongojikan.jp
感情や関心が薄れる
例：「彼の態度に冷めてしまった。」
例：「最初は好きだったけど、だんだん気持ちが冷めてきた。」
jplt-dialogplus.com
「冷める」と「冷える」の違い
冷める（さめる）:
一度熱くなったものが、自ら熱を失って冷たくなる（熱が下がる）。
感情や熱意が薄れる（熱が冷める）。
nihongojikan.jp
冷える（ひえる）:
元々熱くないものが低温になる。
手足やお腹など、身体が冷たくなる（体が冷える）。
nihongojikan.jp 
関連する言葉
冷める：気分が落ち着く、関心がなくなる（沈静、薄らぐ）。
冷める：愛想が尽きる、嫌いになる。","[""import"",""japanese""]",2026-02-22 11:13:33.100503+00,e1848554-ffae-479c-a8cd-4c0d77b7bed2,2026-03-19 15:55:50.007522+00,0,0,0,2026-03-19 15:55:50.007522+00,0,null,null,null,false,null,null,null,null,true,36d3b846-70e5-4310-90c8-e9cc07771d35,null,null,"{""tables"":{""1"":{""rows"":[],""columns"":[]}}}",null,[],null,null
0401c7bd-b433-4a26-8805-8fb132ea9954,深さ（ふかさ）,"「深さ（ふかさ）」とは、物事がどれだけ深く、奥まっているか、またはその度合いを示す言葉で、物理的な場所（海の深さ、穴の深さなど）や、比喩的な意味（考えの深さ、感情の深さなど）で使われ、「奥行き」「深度」「深み」といった類語があります。文脈によって客観的な数値（深度）と、主観的な感じ方（深み）に使い分けられるのが特徴です。 
主な意味と使い方
物理的な深さ（客観的・数値的）:
海、川、穴などの水面や表面から底までの垂直距離（例：水深、深度）。
「この川の深さはどれくらいですか？」のように数値で測れるもの。
比喩的な深さ（主観的・感覚的）:
物事の奥ゆかしさ、複雑さ、感情の豊かさなど（例：味わい深い、心に響く）。
「この絵画には深みがある」「彼の言葉に深みを感じる」のように、感じ方や解釈が人によって異なる場合。
関連する言葉:
奥行き（おくゆき）: 前後、左右、上下方向への広がりや深さ。
深度（しんど）: 特に深海や地質などで使われる客観的な深さ。
深み（ふかみ）: 比喩的な意味での深さ（例：味の深み、心の深み）。 
具体例
例1（物理）: マリアナ海溝の深さは約11,000メートルに達する。
例2（比喩）: 彼の人生経験が、彼の仕事の深みを生み出している。","[""import"",""japanese""]",2026-02-22 11:13:33.100503+00,e1848554-ffae-479c-a8cd-4c0d77b7bed2,2026-03-19 15:55:50.007522+00,0,0,0,2026-03-19 15:55:50.007522+00,0,null,null,null,false,null,null,null,null,true,12c8edd0-cfcd-48ec-ba89-f0180f1f049f,null,null,"{""tables"":{""1"":{""rows"":[],""columns"":[]}}}",null,[],null,null
04a9b018-58c6-4a74-b033-017ef24c55b0,「鈍い（にぶい）」,"「鈍い（にぶい）」とは、切れ味が悪い、頭の回転が遅い、感覚が鋭くない、動きがもたつく、色がはっきりしないなど、物事の反応や状態が冴えない、冴えわたっていない様子を表す形容詞です。具体的には「鈍い刃物」「鈍い痛み」「鈍感」「鈍い光」「鈍い反応」のように使われます。 
主な意味と用例
切れ味・鋭さがない: 刃物がよく切れない、光がぼやけている。
例：この包丁は鈍いから研ぎ直さないと。
頭の働き・反応が悪い: 気が利かない、理解が遅い、動きがのろい。
例：彼は本当に頭が鈍いな（＝頭が悪い、理解が遅い）。
例：反応が鈍い（＝すぐには反応しない）。
感覚・痛みなどがはっきりしない: 刺激に気づきにくい、痛みがじんわりと続く。
例：鈍痛（にぶつう）、鈍い光、鈍い音。
進み具合が悪い: 作業などが滞っている。
例：仕事の進捗が鈍い。 
類語・関連語
切れ味: 切れ味/悪い、切れ/悪い、切れ/鈍い
感覚・反応: 鈍感、のろい、ぼんやり
動き: もたつく、遅い、のろい
色・光: ぼやける、くすむ、冴えない
「鈍」という漢字について
「鈍」は金と音を表す「屯」を組み合わせた会意文字で、もともとは切れ味の悪い刀剣を表す言葉として使われました。この意味から派生して、様々な「鈍い」状態を表すようになりました。

무디다, 둔하다, 
굼뜨다, 느리다, 
(빛, 감각 등이) 희미하다.

https://youtu.be/aHA9_MbatJg?si=HGoNJFvuwGQNEvE3","[""import"",""japanese""]",2026-02-22 11:13:33.100503+00,e1848554-ffae-479c-a8cd-4c0d77b7bed2,2026-03-19 15:55:50.007522+00,0,0,0,2026-03-19 15:55:50.007522+00,0,null,null,null,false,null,null,null,null,true,ea3e3355-2a39-40e2-b2ce-22af284ba758,null,null,"{""tables"":{""1"":{""rows"":[],""columns"":[]}}}",null,[],null,null
0684d7c6-ce13-4d9b-ad74-e809dccbea87,「擬音」,"「擬音」とは、音や声、物事の状態などを言葉で模倣して表現する「オノマトペ」の一部で、特に「ワンワン（犬の鳴き声）」や「ザーザー（雨の音）」のように「実際に聞こえる音」を表す言葉を指し、演劇やアニメ、漫画などで表現を豊かにするために使われます。これには「擬態語（キラキラ、ニコニコなど）」と区別されることが多いですが、広義ではオノマトペ全体を指すこともあります。 
擬音語（ぎおんご）の例
動物の鳴き声: 「ワンワン」「ニャーニャー」「メーメー」
自然の音: 「ザーザー」「ゴロゴロ」「パラパラ」
物音・動作音: 「ドタン」「ガチャン」「バタン」「ガンガン」
人の声・心音: 「ドキドキ」「ハクハク」「ゲラゲラ」 
擬音語と関連する言葉
擬態語（ぎたいご）: 音ではなく、物事の様子や状態を表現する言葉。「キラキラ」「ふわふわ」「ぐっすり」など。
擬声語（ぎせいご）: 擬音語の中でも、特に動物の鳴き声や人の声など、生き物の声に近い音を表す言葉。「ワンワン」など。
オノマトペ: 擬音語と擬態語を合わせた総称。日本語の特徴の一つで、豊かな表現を生み出します。 
擬音の使われ方
演劇・映画: 効果音（SE）として、太鼓や様々な道具を使って音を出す（例：歌舞伎の大太鼓）。
漫画・アニメ: 擬音語を効果的に使い、臨場感やキャラクターの感情を表現する。
日常会話: 日本語では非常に多く使われ、会話や文章を生き生きとさせる。","[""import"",""japanese""]",2026-02-22 11:13:33.100503+00,e1848554-ffae-479c-a8cd-4c0d77b7bed2,2026-03-19 15:55:50.007522+00,0,0,0,2026-03-19 15:55:50.007522+00,0,null,null,null,false,null,null,null,null,true,a920eab4-e0f7-4041-9c17-744a602ad975,null,null,"{""tables"":{""1"":{""rows"":[],""columns"":[]}}}",null,[],null,null
0bf3da17-c064-4f43-8b49-3b4eb8fc7d6b,「深さ（ふかさ）」,"「深さ（ふかさ）」とは、物事の「深い」という状態やその度合いを指し、物理的な距離（水深、地中深さ）だけでなく、知性や感情、内容の豊かさ（深み）など、抽象的な意味でも使われます。具体的には、海洋の深度、地下の深さ、奥行きなどを数値や程度で表す際に用いられ、類語に「深度」「奥行き」「深み」などがあります。 
「深さ」の主な意味と使い方
物理的な深さ:
水深（例: 川の深さ）
地中や空間の奥行き（例: 地下40mより深い大深度地下）
測定可能な具体的な度合い（例: マリアナ海溝の深さは約10,920m）
抽象的な深さ（深み）:
知性や思想の豊かさ、内容の奥深さ（例: 彼の言葉に深みがある）
感情や芸術作品の訴えかける力（例: この絵画には深みがある） 
「深さ」と「深み」の違い
深さ（ふかさ）: 客観的・物理的で数値で測れるような度合い。
深み（ふかみ）: 主観的で、心に響くような内容の豊かさや奥行き。 
類語・関連語
深度 (しんど): 物理的な深さを測る際に使われる専門用語。
奥行き (おくゆき): 空間の前後方向の広がり。
奥深さ (おくぶかさ): 内容の豊かさ、複雑さ

깊이

深さが五フィートに達する：깊이가 5피트에 달하다.

Depth、profundity

その湖 みずうみの深さはどのくらいですか。
What is the depth of the lake?

われわれはその川の深さを測った。
We measured the depth of the river.

誰しもこの深淵の深さや広さを言い当てることはできないであろう。
It is likely that nobody can accurately estimate the depth and breadth of thisravine.

容積を計算するためには縦と横と深さをかければよい。
To calculate the capacity, multiply the length by the width by the depth.

直径１メートル、深さ２メートルの穴を掘るのに、約２時間半かかりました。
It took me about two and a half hours to dig a hole one meter in diameter andtwo meters in depth.","[""import"",""japanese""]",2026-02-22 11:13:33.100503+00,e1848554-ffae-479c-a8cd-4c0d77b7bed2,2026-03-19 15:55:50.007522+00,0,0,0,2026-03-19 15:55:50.007522+00,0,null,null,null,false,null,null,null,null,true,6331340a-c7c4-4e9b-9f96-d8d941a26e9b,null,null,"{""tables"":{""1"":{""rows"":[],""columns"":[]}}}",null,[],null,null
0cbfb409-74f3-4c3b-ab31-99208ac229ac,「巻き返す（まきかえす）」,"「巻き返す」とは、劣勢や不利な状況から、勢いを盛り返して反撃・逆転することを指し、物理的に巻物を逆に巻く意味から転じて使われ、「反撃する」「盛り返す」「逆転する」「名誉挽回する」「捲土重来する」などの類語があります。例えば、試合で負けていたチームが後半で猛烈に追い上げて逆転するような状況で使われます。 
主な意味と使い方
劣勢からの反撃・逆転:
一番よく使われる意味で、不利な状況をひっくり返すこと。
例：「サッカーの試合で、後半に一気に巻き返した」 コトバンク。
例：「株価が下落していたが、企業努力でなんとか巻き返しを図る」 類語辞典。
物理的に元に戻す（あまり使われない）:
広げたものを元の状態に巻き戻すこと。
例：「使った画用紙を元通りに巻き返す」 コトバンク。 
類語・言い換え表現
反撃する、逆襲する: 敵に攻め返すこと。
盛り返す、挽回（ばんかい）する: 落ちた勢いを回復させること。
逆転する、ひっくり返す: 形勢や勝負の流れを変えること。
捲土重来（けんどちょうらい）する: 一度敗れた者が、再び勢いを盛り返して戻ってくること（四字熟語）。
名誉挽回（めいよばんかい）する: 失敗して失った名誉を回復すること。
リベンジする: 復讐や再挑戦で雪辱を果たすこと。 
使われるシーン
スポーツ（劣勢からの逆転勝利）
ビジネス（業績不振からの回復）
政治（失地回復、政策の転換）
個人的な挑戦（失敗からの再起）
「巻き返す」は、困難な状況を乗り越えて再起する力強さを表す言葉です。","[""import"",""japanese""]",2026-02-22 11:13:33.100503+00,e1848554-ffae-479c-a8cd-4c0d77b7bed2,2026-03-19 15:55:50.007522+00,0,0,0,2026-03-19 15:55:50.007522+00,0,null,null,null,false,null,null,null,null,true,6e47ad4b-d8b4-4aac-a147-c0bf5823148e,null,null,"{""tables"":{""1"":{""rows"":[],""columns"":[]}}}",null,[],null,null
1053fcd8-dc07-4319-9506-a88a48982852,日本語漢字,"唾（つば）：침,타액
水（みず）：물
爪（つめ）：손톱
準備（じゅんび）：준비
汗（あせ）：땀
叫び（さけび）：외침、부르짖음、큰소리를 냄、외치는 소리
側：옆,측면
理屈（りくつ）：도리、이치
無理（むり）：무리
全部（ぜんぶ）：전부
失敗（しっぱい）：실패
成功（せいこう）：성공
嫉妬（しっと）：질투","[""import"",""japanese""]",2026-02-22 11:13:33.100503+00,e1848554-ffae-479c-a8cd-4c0d77b7bed2,2026-03-19 15:55:50.007522+00,0,0,0,2026-03-19 15:55:50.007522+00,0,null,null,null,false,null,null,null,null,true,a987db39-c6b2-4ec4-b348-81c9c2724097,null,null,"{""tables"":{""1"":{""rows"":[],""columns"":[]}}}",null,[],null,null
11125d6a-e5e7-40c0-8b9a-90543bbb66f1,「そらしたり」,"「そらしたり」は、「そらす」（逸らす、外す、逃がす）という動詞の「〜たり」形（例：〜したり、〜したりする）で、視線をそらしたり、問題をそらしたりする、（鷹などを）逃がしたり、（話を）はぐらかしたりといった、複数の行為や状態を列挙する際に使われます。文脈によって「目をそらしたり」「話をそらしたり」のように使われ、目を逸らす、注意をそらす、（意図的に）外す、逃がすといった意味合いがあります。 
主な意味と使い方
視線をそらす（目をそらす）:
じっと見つめずに、視線を別の方向へ向けること。
例：「恥ずかしくて、彼女は目をそらしたりした。」
注意や話題をそらす（はぐらかす）:
核心に触れさせないように、話をそらしたり、ごまかしたりする。
例：「追及をかわすように、彼は話をそらしたりした。」
（捕獲したものを）逃がす:
鷹狩りなどで、捕らえた獲物を逃がしてしまうこと。
例：「手入れを怠って、鷹をそらしたりしてしまった。」
意図的に外す:
狙いを外す、的をそらす、といった意味。
例：「わざと狙いをそらしたりして、相手を油断させる。」 
「そらしたり」の文法的な形
「そらす」という動詞の連用形「そらしまして」から「ま」が省略された「そらして」に「たり」が付いた形です。
「〜たり、〜たり」と複数回使われ、一連の動作や状態を例示する（〜したり、〜したりする）際に使われます。 
類語・関連表現
はぐらかす
いなす
目をそらす
肩透かしを食らわす","[""import"",""japanese""]",2026-02-22 11:13:33.100503+00,e1848554-ffae-479c-a8cd-4c0d77b7bed2,2026-03-19 15:55:50.007522+00,0,0,0,2026-03-19 15:55:50.007522+00,0,null,null,null,false,null,null,null,null,true,79299863-2eb5-46e4-95bd-d5864ce3567a,null,null,"{""tables"":{""1"":{""rows"":[],""columns"":[]}}}",null,[],null,null
12922af9-3682-48e4-9dbf-6a10ba655be6,キレる,"キレるとは、主に対人関係などにおいて昂ぶった怒りの感情が、我慢の限界を超えて一気に露わになる様子を表す、日本の俗語。「切れる」と表記されることもある。

同義の言葉には「激昂」「激高」などがある。

https://youtu.be/hLfuMyaSINA?si=DVF-6AEm8TwvMnsR","[""import"",""japanese""]",2026-02-22 11:13:33.100503+00,e1848554-ffae-479c-a8cd-4c0d77b7bed2,2026-03-19 15:55:50.007522+00,0,0,0,2026-03-19 15:55:50.007522+00,0,null,null,null,false,null,null,null,null,true,cdef1695-dc1c-4f3e-b603-b7afcc41ddc5,null,null,"{""tables"":{""1"":{""rows"":[],""columns"":[]}}}",null,[],null,null
1485de2b-1dfd-4cc7-a0cc-0a71f56142e3,「苦手」と「下手」の違いをどう教える？,"「苦手」か「下手」か、誤用はどこから？

初級の学習者からよく「苦手と下手の違いは何ですか？」と質問を受けることがあります。また、「わたしは辛い食べ物が下手です」「わたしは勉強が下手です」といった誤用も耳にします。

英語に訳すと「苦手」も「下手」も「be bad at doing」や「be poor at doing」などになりますが、これだけだと説明が足りませんね。

また「〇〇さんは、人前で話すのが下手です」「同僚の△△さんは、英語が下手です」など、使い方を間違えると意図が伝わらないばかりか、相手を不快にさせてしまう可能性もあり、なかなかにリスキーな用法でもあります。

というわけで、今回はこの2つの使い方の違いや注意点について考えていきたいと思います。

「苦手」と「下手」、その意味と用法を考える
「苦手」とは？「下手」とは？
まずは辞書（明鏡国語辞典）でそれぞれの意味を確認していきましょう。

苦手

①性分が合わなくて、また、対処しにくくて嫌な感じを持つこと。また、そのような相手。例）苦手なチームと対戦する

②得意でないこと。不得手。例）英語の苦手な生徒

下手

①技術や手際が悪くて、物事が巧みに行えないこと。また、その人。また、物事を行った結果としての出来栄えが劣っていること。例）彼は商売が下手だ / 字の下手な人 / 素人だが下手な料理人よりはるかにうまい / 話し下手

②悪い結果を導くような、まずいやり方で物事を行うこと。また、その結果としての物事。例）下手なことは言うものではない / 下手な小細工はやめよ / 下手に動くと出血がひどくなる

というわけで、「苦手」と「下手」で意味のかぶりがあるのは、上記「苦手」の②と「下手」の①ですね。

両方ともスキルや能力が不足しているために、上手くできないことを表しています。

「下手」の②の意味は慣用的な使われ方をしているため、初級学習者が「苦手」と誤用することはなさそうです。

…ということは「苦手」の①「性分が合わなくて、また、対処しにくくて嫌な感じを持つこと。また、そのような相手」の使い方が、「下手」の使い方にはなく、誤用の原因になっているようです。

「苦手」にはあるが「下手」にはない用法は？
前述のとおり「苦手」も「下手」も、スキル的・能力的に問題があり、うまくできない・上手ではないという意味があります。

例文で確認してみましょう。

「わたしは歌を歌うのが下手です」と「わたしは歌を歌うのが苦手です」はほぼ同じ意味で、言い換え可能です。

「田中さんはピアノはうまいが、ドラムは下手だ」と「田中さんはピアノはうまいが、ドラムは苦手だ」も入れ替え可能で、スキル的に低いという意味となります。

一方で「苦手だ」には「①性分が合わなくて、また、対処しにくくて嫌な感じを持つこと」という意味がありました。つまり、「あまり好きではない」「嫌いだ」といった感情面の意味があるのがポイントです。

実際、「私はあの人が苦手だ」「私はピーマンが苦手だ」という文には、嫌だ！生理的に無理だ！といった感情的なものを感じますよね。

これらの文は、「私はあの人が下手だ」「私はピーマンが下手だ」と「下手」と入れ替えると意味が通らなくなります。

「苦手」は感情面にフォーカスするという点で、主観的な表現と言えます。

冒頭の例文「わたしは辛い食べ物が下手です」「わたしは勉強が下手です」も、スキルや能力面ではなく、感情面にフォーカスしているため、「苦手」というべきだったというわけですね。

「苦手」と「下手」を、違う角度から眺めてみる
「苦手」と「下手」の主語にフォーカスすると？
cotoのレッスンでも常連の『GENKI』の第8課に「上手です」と「下手です」の用法が登場します。

別に私はGENKIのテキストに文句を言いたいわけではないのですが、私はここのパートを教えるときにちょっと抵抗感があります。

テキストにはこのような例文が載っています。

「ロバートさんは料理を作るのが上手です」…OK。これはいい。

「たけしさんは英語を話すのが下手です」…文法上は何も間違っていないけど、なんか…たけしさんに失礼！

「わたしは英語を話すのが下手です」「わたしは料理が下手です」はまったく問題がありませんよね。話し手が主語の時は、謙遜した印象を受けます。

でも、「たけしさんは英語を話すのが下手です」「メアリーさんは料理が下手です」といった文からは、相手に対する不遜な印象を受けてしまいますよね。

そのため、私は学生さんには「文法上は間違っていないけど、相手が主語の時は『下手です』は使わないほうがいい」と補足するようにしています。

ここで「たけしさんは英語を話すのが苦手です」「メアリーさんは料理が苦手です」とすると、印象がたいぶマイルドになります。

これは「苦手」に心理面を表す意味があるためだと考えられます。スキルや能力ではなく、「性分が合わなくて」「心理的に嫌で」英語を話すのが上手ではない、料理が得意ではない、というニュアンスに感じられるからでしょう。

相手のスキルが低いことをどうしても言いたいときは「苦手です」を使ったり、「あまり上手じゃないです」や「不得意です」などに言い換えたり、または数値など客観的な評価基準を用いたりして伝えた方が良さそうです。

「苦手」と「下手」、一緒に使う名詞に特徴があるか
「苦手」の「①性分が合わなくて、また、対処しにくくて嫌な感じを持つこと。また、そのような相手」のケースにおいて、今度は一緒に使う名詞を確認したいと思います。

いくつか例文を見てみましょう。

・たけしさんは辛い物が苦手です

・私は声が大きい人が苦手だ

・私はピーマンが苦手だ

・メアリーさんは寒いのが苦手です

・母は騒がしいところが苦手だ

・父はスマホなどのデジタル機器が苦手だ

やはり心理的な特徴がここでもうかがえますね。

例に挙げた苦手の対象となっている名詞（辛い物・声が大きい人・ピーマン・寒いの・騒がしいところ・デジタル機器）は、人によっては好きなものだったり、得意なことだったりと、主観が大きく関わる名詞がくることが多いようです。

「苦手」「下手」の英語訳は、「be bad at doing」？
今回は「苦手」と「下手」の違いと注意点を見てきました。

この2つは初級学習者からよく質問を受ける表現ですし、誤用も散見されます。

「苦手」と「下手」は意味上・用法上の共通点があるものの、「苦手」だけが持つ感情的なニュアンスを押さえないと誤用につながってしまうことがあります。

また、「下手」は主語によって、相手に良くない印象を与えてしまうリスクがあります。

「be bad at doing」や「be poor at doing」の意味のほかに、それぞれの意味や使い方について補足説明ができると安心ですね。

「苦手」と「下手」の違いを学生に聞かれたら、学生にはこう答える！
おさえるべき４つのポイント
「苦手」「下手」ともにスキルが低いことを言う。

「苦手」にはスキルが低い以外に、心理的ハードルがあり「いやだ」「すきじゃない」の意味がある。

「下手」は自分以外の人について言及すると失礼になる（あえて悪口を言いたいなら別ですが…）。

「下手」はスキルにフォーカスのない名詞（勉強、文法、理科・数学などの教科など）には使わない。","[""import"",""japanese""]",2026-02-22 11:13:33.100503+00,e1848554-ffae-479c-a8cd-4c0d77b7bed2,2026-03-19 15:55:50.007522+00,0,0,0,2026-03-19 15:55:50.007522+00,0,null,null,null,false,null,null,null,null,true,2482fe35-9537-48f0-a6f7-265389cf2b3d,null,null,"{""tables"":{""1"":{""rows"":[],""columns"":[]}}}",null,[],null,null
16c396dc-0dfe-4674-b452-2dd3e31edd28,「羨ましい（うらやましい）」,"「羨ましい（うらやましい）」とは、他人の状況や才能、持ち物などを見て「自分もそうだったらいいな」「いいな」と、うらやましく思う気持ちを表す言葉で、「憧れる」「妬ましい（ねたましい）」といったニュアンスを持ち、必ずしも悪い感情だけでなく、ポジティブな意味合いで使われることも多いです。 
意味と使い方
他人の良い状態を願う: 他人の良い部分を自分のことのように感じ、「自分もそうなりたい」と思う気持ち。
ポジティブな場合: 「すごいね！羨ましい！」「旅行に行くなんて羨ましい！」のように、相手の幸せを素直に喜ぶ気持ち。
ネガティブな場合: 他人の恵まれた状況を憎らしく思う「妬ましい」に近い意味合いで使われることもあります（古くからの意味合い）。 
類語・関連表現
憧れる（あこがれる）: ポジティブな羨望。
妬ましい（ねたましい）/ 嫉妬（しっと）: 相手の持っているものを奪いたい、という気持ち。
（英語で）Jealous / Envy: どちらも「羨ましい」ですが、Jealousは「嫉妬」、Envyは「羨望」に近いニュアンスで使い分けられます。 
具体例
「ヨーロッパ旅行、羨ましい！」（ヨーロッパに行けていいな、という気持ち）。
「彼みたいに才能があったら羨ましいな。」（彼のような才能が欲しいな、という気持ち）。","[""import"",""japanese""]",2026-02-22 11:13:33.100503+00,e1848554-ffae-479c-a8cd-4c0d77b7bed2,2026-03-19 15:55:50.007522+00,0,0,0,2026-03-19 15:55:50.007522+00,0,null,null,null,false,null,null,null,null,true,3833ce2d-a94d-4578-9332-888cf58019b8,null,null,"{""tables"":{""1"":{""rows"":[],""columns"":[]}}}",null,[],null,null
19c41e51-9727-4e2e-93ee-a432dfcbca46,「ご褒美（ごほうび）」,"「ご褒美」とは、目標達成や努力をねぎらい、自分へのご褒美として与える金品・体験・時間のことで、モチベーション維持やストレス解消に繋がり、「欲しかったものを買う」「美味しいものを食べる」「旅行に行く」「リラックスする」など、「ご褒美」のアイデアは様々で、自分への労いとして大切にされています。 
「ご褒美」の具体的な例
物: 欲しかったバッグ、ジュエリー、時計、コスメ、普段は買わない上質なもの。
食事・飲食: 高級レストランでの食事、旬のフルーツ、好きなお酒。
体験・リフレッシュ: スパ・エステ、森林浴、映画・コンサート鑑賞、家事代行の利用、スマホをオフにして没頭する時間。
旅行: ホテルステイや小旅行。 
「ご褒美」のポイントと効果
タイミング: 目標達成直後や大きな山を越えた時など、行動と喜びをリンクさせるのが理想。
頻度: 1ヶ月に1回、2〜3ヶ月に1回など、自分なりのルールを決めることで、日々の活力になる。
効果: モチベーションアップ、ストレス緩和、リフレッシュ、次への意欲向上など。 
英語での表現
a treat for myself / a reward for myself（自分へのご褒美）。 
「ご褒美」は、日々の頑張りを認め、自分を大切にするための素敵な習慣です。","[""import"",""japanese""]",2026-02-22 11:13:33.100503+00,e1848554-ffae-479c-a8cd-4c0d77b7bed2,2026-03-19 15:55:50.007522+00,0,0,0,2026-03-19 15:55:50.007522+00,0,null,null,null,false,null,null,null,null,true,bef72994-d505-4919-bb06-7a6faeeafc80,null,null,"{""tables"":{""1"":{""rows"":[],""columns"":[]}}}",null,[],null,null
1ae502d2-28d3-4719-94d5-0aa73bb89235,「首輪（くびわ）」,"「首輪（くびわ）」は首に装着する輪状のものを指し、主にペット（犬・猫など）の識別・誘導用としてリード（引き綱）と併用されますが、人間がファッションやアクセサリーとして身につけるもの、またSMプレイなど特定の用途もあります。ペット用には革製やナイロン製など様々な素材や機能（無駄吠え防止、訓練用など）があり、ハーネス（胴輪）との違いや正しい装着方法（首の特定の位置に合わせる）が重要視されます。 
ペット（犬・猫）の首輪
役割: 迷子札の装着、リードの接続による行動制限・誘導、しつけ。
種類:
フラットカラー: 最も一般的で、バックルで留めるタイプ。素材やデザインが豊富。
チョークカラー/チェーンカラー: 訓練用で、引っ張ると締まるタイプ。
しつけ用: 無駄吠え防止機能（ビープ音、振動、電気ショック）付きなど。
装着のポイント: 顎の真下・耳の真下あたり（第一頸椎）に、指が2本入る程度（約2〜3cm）の隙間を空けて装着するのが理想的。 
人間の首輪
用途:
ファッション/アクセサリー: チョーカーなど。
SM・BDSM: 支配・被支配の関係性を示すアイテムとして。
刑罰: 過去の刑罰具として。 
英語表現
Collar (カラー): 犬・猫の首輪、洋服の襟、首飾りなど。 
その他
ハーネス (胴輪): 首ではなく胴体（胸や肩）に装着するもので、首への負担を減らしたい場合や、首輪を抜けてしまう犬に用いられます。","[""import"",""japanese""]",2026-02-22 11:13:33.100503+00,e1848554-ffae-479c-a8cd-4c0d77b7bed2,2026-03-19 15:55:50.007522+00,0,0,0,2026-03-19 15:55:50.007522+00,0,null,null,null,false,null,null,null,null,true,32a8ede9-79ca-4ead-849d-d19edd411d7b,null,null,"{""tables"":{""1"":{""rows"":[],""columns"":[]}}}",null,[],null,null
1c3ab1fd-f773-46e8-b1a3-bae9816183f9,「生み出し（うみだし）」,"「生み出し（うみだし）」とは、「産む」や「作り出す」という意味で、子や卵を産むこと、または新しいアイデアや物事を創造・開発することを指し、類義語には「創造する」「作り出す」「開発する」「創出する」などがあります。文脈によって「引き起こす」「もたらす」といったニュアンスでも使われます。 
主な意味と使い方
生物を産む: 「母馬が子を生み出す」のように、命を誕生させること。
新しいものを創造する: 「新しい着想を生み出す」のように、これまでにないものを考え出す、作り出すこと。
結果や状況を引き起こす: 「混乱を生み出す」のように、ある事柄から別の事柄を発生させること。 
類語・言い換え
作り出す、創り出す: 新しいものを作る。
創造する、創出する: ゼロから新しいものを生み出す。
開発する: 試行錯誤して新しい製品などを生み出す。
引き起こす、招く: ある事柄を発生させる。 
例文
「革新的なアイデアを生み出す。」(新しいアイデアを創造する)
「多くの感動を生み出す作品。」(多くの感動をもたらす)

Netflix　クレヨンしんちゃん:オラたちの恐竜日記","[""import"",""japanese""]",2026-02-22 11:13:33.100503+00,e1848554-ffae-479c-a8cd-4c0d77b7bed2,2026-03-19 15:55:50.007522+00,0,0,0,2026-03-19 15:55:50.007522+00,0,null,null,null,false,null,null,null,null,true,0c6e864c-e600-4f78-a582-7460b0c5fbf0,null,null,"{""tables"":{""1"":{""rows"":[],""columns"":[]}}}",null,[],null,null
1f4ba76f-50d5-4b57-9f83-f8638057580a,「掛け合わせ（かけあわせ）」,"「掛け合わせ」とは、複数の色を重ねて新しい色を作る印刷技術（CMYKなど）や、異なる要素（生物、キーワードなど）を組み合わせて新しいものを作り出すことを指し、文脈によって「交配」「混合」「組み合わせ」といった意味で使われますが、特に印刷やSEO（検索エンジン最適化）の分野で用いられることが多いです。 
印刷・デザイン分野
色の表現: CMYK（シアン、マゼンタ、イエロー、ブラック）などのインクを重ねて、写真やイラストの多彩な色を表現する方法です（例: 赤はマゼンタとイエローの掛け合わせ）。
注意点: インクの総量が増え、乾きが悪くなったり裏移りしたりする場合があります。 
生物学・園芸分野
交配（交雑）: 異なる種類の動植物を人為的に受精・受粉させて、新しい品種や子孫を作ることです（例: 品種改良）。 
SEO・マーケティング分野
キーワードの組み合わせ: 軸となるキーワード（例: 「ダイエット」）と補助的なキーワード（例: 「方法」「口コミ」）を組み合わせて、より具体的な検索意図に合ったキーワード（「ダイエット 方法」「ダイエット 口コミ」）を作り出す手法です。 
その他
釣り: 魚がエサに食いついた瞬間に素早くアワセ（竿を引く動作）を入れることも「掛け合わせ」と呼びます。
製本: 異なるサイズの組版を同じ印刷面に配置して印刷することも指します。 
このように、「掛け合わせ」は「複数の要素を組み合わせて、より多様な表現や効果を生み出す」という共通のニュアンスを持っています。","[""import"",""japanese""]",2026-02-22 11:13:33.100503+00,e1848554-ffae-479c-a8cd-4c0d77b7bed2,2026-03-19 15:55:50.007522+00,0,0,0,2026-03-19 15:55:50.007522+00,0,null,null,null,false,null,null,null,null,true,e93c66a6-68ba-47da-8e09-7a6aa17c719e,null,null,"{""tables"":{""1"":{""rows"":[],""columns"":[]}}}",null,[],null,null
20062f52-e8c1-4d92-81fb-d5aa12bfc0eb,容積（ようせき）,容積（ようせき）とは、水や砂などの物質が容器の中にどれだけ入るかを示す空間の大きさ（容量）のことで、「縦×横×高さ」で求められ、主にL（リットル）やmL（ミリリットル）などの単位が使われますが、容器の厚みを考慮して内側の寸法（内のり）で計算するのが特徴です。これは、物体そのものの空間の大きさを示す「体積」と区別される概念です。 容積のポイント 意味: 容器が持つ「収容能力」や「容量」のこと。計算: 容器の内側の長さ（縦、横、高さ）を使って計算する。単位: L（リットル）、mL（ミリリットル）、cm³（立方センチメートル）、m³（立方メートル）などが使われる。体積との違い:容積: 容器の中に入る量（例：ペットボトルの中身の量）。体積: 物体そのものが占める空間の大きさ（例：ペットボトル本体の大きさ）。具体例: 厚さのある箱の場合、外側の体積と、中身が入る容積は異なる。 例：ます（箱）の容積を求める ますの内側の縦、横、深さ（高さ）を測る。それらを掛け算する（例：内側が縦6cm、横6cm、深さ4cmなら \(6\times 6\times 4=144\)）。単位をつけて「\(144cm^{3}\)」や「\(144mL\)」（\(1cm^{3}=1mL\)なので）と表す。,"[""import"",""japanese""]",2026-02-22 11:13:33.100503+00,e1848554-ffae-479c-a8cd-4c0d77b7bed2,2026-03-19 15:55:50.007522+00,0,0,0,2026-03-19 15:55:50.007522+00,0,null,null,null,false,null,null,null,null,true,5d4fd993-f8ae-4628-b7d5-bbbf494f2be6,null,null,"{""tables"":{""1"":{""rows"":[],""columns"":[]}}}",null,[],null,null
20722fed-c03c-4cbc-a719-e25e9ad093e6,気になる漢字語記録,"臨時（りんじ）：임시
強要（きょうよう）：강요
疑問（ぎもん）：의문","[""import"",""japanese""]",2026-02-22 11:13:33.100503+00,e1848554-ffae-479c-a8cd-4c0d77b7bed2,2026-03-19 15:55:50.007522+00,0,0,0,2026-03-19 15:55:50.007522+00,0,null,null,null,false,null,null,null,null,true,8680120c-6857-467c-9092-d98caf2edad3,null,null,"{""tables"":{""1"":{""rows"":[],""columns"":[]}}}",null,[],null,null
21f7a17f-6336-492e-8ca0-07520ec9a6fe,「酸っぱい（すっぱい）」,"「酸っぱい（すっぱい）：시다,시큼하다」とは、レモンや梅干しのような、酸味のある味や風味を表す言葉で、唾液腺を刺激し、口の中に広がる感覚です。食べ物が古くなったり、発酵したりした状態、あるいは状況が悪い（景気が悪いなど）、うんざりするといった比喩的な意味で使われることもあります。英語ではsour, tangy, tart, acidicなど、ニュアンスによって使い分けられます。 
味覚としての「酸っぱい」
代表例: レモン、梅干し、ヨーグルト、お酢、シークヮーサーなど。
感覚のメカニズム: 舌の特定の味細胞が酸（水素イオン）を感知する味覚で、唾液の分泌を促します。 
比喩的な意味での「酸っぱい」
古くなる・終わる: 盛りの時期を過ぎて、終わりに近い状態（例: 「役者は酸っぱくてもいい」）。
調子が悪い: 景気や状況が悪いこと（例: 「景気がすっぱくなる」）。
うんざりする: 同じことを何度も言われて嫌になること（例: 「口をすっぱくして言う」）。 
口の中が酸っぱいと感じる原因（病気の可能性） 
むし歯・歯周病: 細菌が食べかすを分解して酸を作り出す。
胃食道逆流症（逆流性食道炎）: 胃酸が逆流してくる症状（「酸っぱい水がこみ上げてくる」）。
唾液の減少: ストレスや乾燥、加齢などで唾液が減り、口の中が酸っぱく感じることがある。 
英語での表現例
Sour: 一般的な酸味（レモンなど）。
Tangy: 舌を刺激するような、香りの良い酸味（スパイス料理など）。
Tart: 酸味が控えめで、甘みも混じる（未熟なフルーツ、ヨーグルトなど）。
Acidic: ワインやコーヒーの酸味、化学的な酸性度。","[""import"",""japanese""]",2026-02-22 11:13:33.100503+00,e1848554-ffae-479c-a8cd-4c0d77b7bed2,2026-03-19 15:55:50.007522+00,0,0,0,2026-03-19 15:55:50.007522+00,0,null,null,null,false,null,null,null,null,true,0d90fc15-1d52-47a4-8ec1-6f6d9b5f508f,null,null,"{""tables"":{""1"":{""rows"":[],""columns"":[]}}}",null,[],null,null
23ac332c-e57e-4a2d-8e60-afa6afe8903d,「うんざり」,"「うんざり」とは、何かに飽き飽きして嫌になること、我慢の限界に達して疲れること、期待が外れてガッカリする気持ちなどを表す言葉で、「もうたくさんだ」「もう懲り懲りだ」という気持ちが強く、退屈で気が滅入る状態（倦怠感）を指します。愚痴が多い人や自己中心的でしつこい人、マウントを取ってくる人など、人間関係でうんざりさせられることも多く、「うんざりするほどだ」のように使われます。 
主な意味とニュアンス
飽き飽きする、退屈: 同じことの繰り返しで、もうやりたくない、見たくない、聞きたくない状態。
嫌悪感・不快感: 我慢できないほど嫌悪感や不快感を抱くこと。生理的な嫌悪感に近い場合も。
疲労感・気力喪失: 精神的な疲労で、それ以上何もする気力がない状態。 
例文
「毎日の残業にうんざりする」
「彼のしつこい自慢話にうんざりした」
「この単調な作業にはもううんざりだ」
類語
飽き飽きする
（もう）たくさんだ
（もう）勘弁してほしい
（もう）こりごりだ
げんなりする 
どんな時に使う？
人間関係で疲れた時（例：愚痴ばかり言う友人）
仕事や勉強で同じことの繰り返しで飽きた時
期待していたことが裏切られてがっかりした時（例：期待外れのイベント）
特定の人物の言動がしつこくて不快な時
「うんざり」は、単なる「嫌い」よりも、「もう十分すぎるほど嫌で、嫌気がさして疲弊している」という強い感情を示す表現です。","[""import"",""japanese""]",2026-02-22 11:13:33.100503+00,e1848554-ffae-479c-a8cd-4c0d77b7bed2,2026-03-19 15:55:50.007522+00,0,0,0,2026-03-19 15:55:50.007522+00,0,null,null,null,false,null,null,null,null,true,fdad0833-8626-46b8-b6dd-a97cbdb6cfed,null,null,"{""tables"":{""1"":{""rows"":[],""columns"":[]}}}",null,[],null,null
2595d9ba-39ef-494b-87ff-5d71128d7e21,Official髭男dism - Pretender,"너와의 러브 스토리
君とのラブストーリー

그것은 예상대로
それは予想通り

만약 시작되면 혼자 연극이다
いざ始まればひとり芝居だ

계속 곁에 있어
ずっとそばにいたって

결국 그냥 관객이다.
結局ただの観客だ
감정이 없는 아임솔리
感情のないアイムソーリー

언제나처럼
それはいつも通り

익숙해지면 나쁘지는 않지만
慣れてしまえば悪くはないけど

너와의 로맨스는 인생 무늬
君とのロマンスは人生柄

계속하지 않을 것을 알았다.
続きはしないことを知った
더 다른 설정으로
もっと違う設定で

더 다른 관계로
もっと違う関係で

만날 수 있는 세계선
出会える世界線

선택할 수 있으면 좋았습니다.
選べたらよかった

더 다른 성격으로
もっと違う性格で

더 다른 가치관에서
もっと違う価値観で

사랑을 전할 수 있으면 좋겠다.
愛を伝えられたらいいな

그렇게 바라도 낭비이기 때문에
そう願っても無駄だから
구바이
グッバイ

너의 운명의 인간은 나가 아니야
君の運命のヒトは僕じゃない

힘들지만 부인할 수 없다.
辛いけど否めない

하지만 벗어나기 어렵다.
でも離れ難いのさ

그 머리를 만진 것만으로
その髪に触れただけで

아프거나 아니
痛いや いやでも

달콤한 아니 아니
甘いな いやいや
구바이
グッバイ

그럼 내게 너는 뭐야?
それじゃ僕にとって君は何？

대답을 모른다
答えは分からない

이해하고 싶지 않아.
分かりたくもないのさ

단 하나의 확실한 것이 있다면
たったひとつ確かなことがあるとするのならば

너는 아름다워
君は綺麗だ
누군가가 위대하게
誰かが偉そうに

말하는 연애의 논리
語る恋愛の論理

하나로서 핀과 함께
何ひとつとしてピンとこなくて

비행기 창에서 내려다 보았습니다.
飛行機の窓から見下ろした

모르는 도시의 야경 같다
知らない街の夜景みたいだ
더 다른 설정으로
もっと違う設定で

더 다른 관계로
もっと違う関係で

만날 수 있는 세계선
出会える世界線

선택할 수 있으면 좋았습니다.
選べたらよかった

매우 순수한 마음으로
いたって純な心で

실현된 사랑을 껴안고
叶った恋を抱きしめて

좋아하거나 무책임하게 말할 수 있으면 좋겠다.
好きだとか無責任に言えたらいいな

그렇게 바라도 허무하다
そう願っても虚しいのさ
구바이
グッバイ

잡은 손 너머로 끝선
繋いだ手の向こうにエンドライン

늘릴 때마다
引き伸ばすたびに

끓는 미래에는
疼きだす未来には

넌 없어
君はいない

그 사실에 Cry
その事実に Cry

그건 괴롭다.
そりゃ苦しいよな
구바이
グッバイ

너의 운명의 인간은 나가 아니야
君の運命のヒトは僕じゃない

힘들지만 부인할 수 없다.
辛いけど否めない

하지만 벗어나기 어렵다.
でも離れ難いのさ

그 머리를 만진 것만으로
その髪に触れただけで

아프거나 아니
痛いや いやでも

달콤한 아니 아니
甘いな いやいや
구바이
グッバイ

그럼 내게 너는 뭐야?
それじゃ僕にとって君は何？

대답을 모른다
答えは分からない

이해하고 싶지 않아.
分かりたくもないのさ

단 하나의 확실한 것이 있다면
たったひとつ確かなことがあるとするのならば

너는 아름다워
君は綺麗だ
그것도 이것도 로맨스가 정한다면
それもこれもロマンスの定めなら

나쁘지 않아.
悪くないよな

영원도 약속도 없지만
永遠も約束もないけれど

매우 아름답다.
とても綺麗だ","[""import"",""japanese""]",2026-02-22 11:13:33.100503+00,e1848554-ffae-479c-a8cd-4c0d77b7bed2,2026-03-19 15:55:50.007522+00,0,1,0,2026-03-19 15:55:50.007522+00,0,null,null,null,false,null,null,null,null,true,58201195-4b3b-4740-ae7c-10f3bba8ea38,null,null,"{""tables"":{""1"":{""rows"":[],""columns"":[]}}}",null,[],null,null
2a8a0225-2d20-4e11-86ac-85f950278e24,「生意気（なまいき）」,"「生意気（なまいき）」とは、自分の年齢・能力・立場をわきまえずに、出しゃばったり、偉そうな態度をとったり、知ったかぶりをしたりする様子を指し、「おこがましい」「身のほど知らず」といった意味合いで使われる言葉です。類語には「小生意気」「こざかしい」「しゃらくさい」などがあり、年下の子が大人びた言動をする時にも使われます（例: 「マセガキ」）。 
「生意気」の主な意味
身分不相応な言動: 自分の実力や立場を超えて、偉そうに振る舞ったり、出過ぎたことを言ったりすること。
知ったかぶり: 実際には知らないのに、知っているかのように振る舞うこと。
不遜な態度: 相手を軽んじたり、敬意を欠いたりする態度。
年長者への反抗的な態度: 年下の者が、年上の者に対して尊大な態度をとる場合。 
例文
「あの子はまだ高校生なのに、先生に生意気な口をきいた」。
「彼は生意気な態度で会議に臨んだ」。 
関連表現
生意気な奴: 生意気な人。
生意気な女: 他人を気にせず、自分の思い通りに行動する女性。
生意気(曲): 中山美穂の楽曲名。","[""import"",""japanese""]",2026-02-22 11:13:33.100503+00,e1848554-ffae-479c-a8cd-4c0d77b7bed2,2026-03-19 15:55:50.007522+00,0,0,0,2026-03-19 15:55:50.007522+00,0,null,null,null,false,null,null,null,null,true,539659b9-7236-47d6-8482-43dd703d3ccd,null,null,"{""tables"":{""1"":{""rows"":[],""columns"":[]}}}",null,[],null,null
2b855ba9-2eb2-410e-9ee3-72ebc18973ff,「持ち直す（もちなおす）」,"「持ち直す（もちなおす）」とは、一度悪化したり、不利になったりした状況や状態が、再び良い方向へ回復する、好転する、または立て直すという意味で、健康、経済、気力など様々な文脈で使われます。具体的には、病気が快方に向かう、株価が下落後に上昇する、失敗から気力を回復するなどの状況で使われ、「復活」「回復」「再起」といった類語があります。 
使われる主な文脈と例文
健康状態の回復:
「熱は下がった。これで持ち直したようだ。」
経済・ビジネス:
「厳しい状況だったが、新商品のヒットで業績が持ち直した。」
気力・精神状態:
「失敗して落ち込んでいたが、友人の励ましで気を取り直して持ち直した。」（「気を取り直す」と近い意味）
類語（言い換え）
回復する、復帰する: 病気や状態が元に戻る。
復活する、甦る（よみがえる）: 衰えたものが再び盛んになる。
再起する（さいきする）: 失敗後に再び立ち上がること。
好転する（こうてんする）: 状況が良くなる。
立て直す（たてなおす）: 不振の組織や状況を回復させる。 
ポイント
「持ち直す」は、「一度下がり（悪化し）」「そこから上向きに転じる」という動きを含みます。
「持ち直す」の「持ち」は「持つ」の「もつ」で、「（状態を）持ち上げる」「（良い状態を）保つ」ニュアンスがあります。","[""import"",""japanese""]",2026-02-22 11:13:33.100503+00,e1848554-ffae-479c-a8cd-4c0d77b7bed2,2026-03-19 15:55:50.007522+00,0,0,0,2026-03-19 15:55:50.007522+00,0,null,null,null,false,null,null,null,null,true,bd873306-983b-4faa-9155-ea5adfeb6ada,null,null,"{""tables"":{""1"":{""rows"":[],""columns"":[]}}}",null,[],null,null
2eed89a6-936f-43c6-b7e2-4101478c3248,冷たい（つめたい）,"冷たい、という言葉は様々な意味合いで使われます。どのような意味で使われていますか？
もし、「寒い」や「温度が低い」という意味であれば、以下のような情報が考えられます。
天気に関する情報: 現在の天気予報や気温に関する情報をお探しですか？ Google で現在の気温を検索
物理的な冷たさ: 冷たい飲み物や食べ物、冷やす方法などをお探しですか？
比喩的な意味: 「冷たい態度」や「冷たい視線」のように、人の感情や態度を表す意味でお使いでしょうか？","[""import"",""japanese""]",2026-02-22 11:13:33.100503+00,e1848554-ffae-479c-a8cd-4c0d77b7bed2,2026-03-19 15:55:50.007522+00,0,0,0,2026-03-19 15:55:50.007522+00,0,null,null,null,false,null,null,null,null,true,38059b7a-efbe-4a25-928c-b58ba4396502,null,null,"{""tables"":{""1"":{""rows"":[],""columns"":[]}}}",null,[],null,null
2f272d05-d7ec-45e2-92bc-d4c05cb41ae5,「頭が上がる（あたまがあがる）」,"https://youtu.be/45-Pa81ELyY?si=rbPCO9sG6S5PhqVA

「頭が上がる」は、主に「相手の恩義や力に負い目を感じて対等に振る舞えない」という意味で使われ、「頭が上がらない」と打消しで使うのが一般的ですが、文字通り「枕から頭を起こす」「顔を上げる」物理的な動作を指す場合もありますが、慣用句としては前者（対等に振る舞えない）の意味が主流です。 
主な意味と使い方
対等に振る舞えない（最も一般的）
相手に借りがある、世話になった、弱みを握られているなどの理由で、遠慮したり引け目を感じたりして、対等な立場で向き合えない状態を指します。
例文：「あの先生には、昔からお世話になっているので、頭が上がらないよ」。
ポイント：「～には頭が上がらない」と、打消しの表現で使われることが多いです。
（病気などで）枕から頭を起こす
体が弱って寝ている状態から、首を上げて顔を上げようとする様子。
例文：「熱で伏せっていたが、今は少し頭が上がってきた」。
（顔などを）上に向ける
文字通り、顔や頭を上の方へ持ち上げる動作。
例文：「空を見上げて頭を上げる」。 
混同しやすい表現
「頭が高い」： 相手の権威を無視して、ぞんざいな態度をとること（「頭が高い」は「おごり高ぶっている」ような意味で、「頭が上がらない」とは逆の意味です）。
「頭が下がる」： 相手の行為や能力に深く感銘を受け、尊敬や感謝の気持ちを表す表現（「頭が上がらない」とは似ていますが、こちらは肯定的な意味で使われます）。 
「頭が上がる」は、文脈によって意味が変わりますが、「頭が上がらない」の形で「相手に気後れして対等になれない」という意味で使われることがほとんどです。

https://blog.naver.com/iroha-eju/222182494680

頭が上がらない
은혜를 입어서 또는 약점을 잡혀서 대등하게, 동등하게 행동할수없다

ここまで育ててくれた親には頭が上がらない。
지금까지 키워주신 부모님에게는 머리가 올라가지않는다
->감사하다는 마음이 크다는 의미에서 사용됨

浮気をばれてから、妻には頭が上がらない。
바람핀게 걸린 이후로는 부인에게 머리가 올라가지않는다
->미안하다는 마음이 크다는 의미에서 사용됨

https://cafe.daum.net/japanese1961/Q4m/83

・頭が上がらない：相手に負い目があったり、権威に圧迫されたりして、対等に振舞えない。

子どもの時から世話になっているので、あの人にはどうも頭が上がらない。
 아이 때부터 신세를 지고 있기 때문에, 그 사람에게는 아무래도 기를 못 편다.

総理大臣でも、小学校のときの先生に会うと頭が上がらないそうです。
 総理大臣(국무총리)라도, 초등학교 선생님을 만나면 꼼짝 못한다고 합니다.

若くグラマーな、その２度目の女房に、専務が頭が上がらないのは有名な話だ。
 젊고 글래머인, 그 두 번 째 마누라에게, 전무가 설설 기는 것은 유명한 이야기다.","[""import"",""japanese""]",2026-02-22 11:13:33.100503+00,e1848554-ffae-479c-a8cd-4c0d77b7bed2,2026-03-19 15:55:50.007522+00,0,0,0,2026-03-19 15:55:50.007522+00,0,null,null,null,false,null,null,null,null,true,eee75a47-ab60-4b0c-9b6f-bf3777a86712,null,null,"{""tables"":{""1"":{""rows"":[],""columns"":[]}}}",null,[],null,null
2fe3eede-c30e-4415-a897-f449c150a9b7,「特技（とくぎ）」、「上手（じょうず）」、「苦手（にがて）」、「下手（へた）」は,"「特技（とくぎ）」、「上手（じょうず）」、「苦手（にがて）」、「下手（へた）」は、人の能力や技能を表現する際によく使われる言葉です。それぞれの意味と使い分けは以下の通りです。 
1. 特技（とくぎ）
意味：
その人が特に得意としている技能や技術。専門的なスキルや、他の人よりも際立って優れている点、個人的な得意技を指します。 
使い方：
私の特技はピアノです。
何か特技はありますか？
2. 上手（じょうず）
意味：
ある程度の技能や能力があり、物事をうまくこなせること。一般的なレベルを超えていたり、標準以上にできたりする場合に使われます。
使い方：
彼は料理が上手です。
日本語を話すのが上手ですね。
3. 苦手（にがて）
意味：
ある物事や状況に対して、うまくできない、好きではない、嫌だと感じる気持ち。能力的な問題だけでなく、心理的な抵抗感を含む場合も多いです。 
使い方：
私は人前で話すのが苦手です。
数学が苦手になりました。
4. 下手（へた）
意味：
技能や能力が劣っている、うまくできないこと。客観的に見て標準以下の出来栄えである場合に用いられます。「苦手」よりも、純粋な能力不足に焦点を当てた、直接的な表現です。
使い方：
私は絵を描くのが下手です。
彼は歌が下手だ。","[""import"",""japanese""]",2026-02-22 11:13:33.100503+00,e1848554-ffae-479c-a8cd-4c0d77b7bed2,2026-03-19 15:55:50.007522+00,0,0,0,2026-03-19 15:55:50.007522+00,0,null,null,null,false,null,null,null,null,true,e83b30dc-9f53-4edd-a0ce-c9276e3b78cd,null,null,"{""tables"":{""1"":{""rows"":[],""columns"":[]}}}",null,[],null,null
3035352e-7b73-4f80-801e-3acb81dacdeb,「むなしい（虚しい・空しい）」,"「むなしい（虚しい・空しい）」とは、中身がなく空っぽであること、努力や結果が無駄で意味がないこと、はかなくて頼りないことなどを表し、「虚無感」「空虚感」「やりきれない」「心にぽっかり穴が開いたよう」といった感情や状態を指します。具体的には「空しい努力」「虚しい名声」「心が虚しくなる」「虚しい気分」のように使われ、人生や物事の価値を見出せないネガティブな気持ちを表現する際に用いられます。 
「むなしい」の主な意味
中身がない・空っぽであること（虚しい）：
実質がなく、うわべだけである状態（例：大臣の虚しい答弁、虚しい名声）。
心が満たされず、空っぽでうつろな感じ（例：心が虚しくなる、虚無感）。
無意味・無益であること（空しい）：
努力が報われず、効果がないこと（例：空しい努力、善戦むなしく敗退）。
はかない・頼りないこと：
かりそめで、すぐに消え去ってしまうような様子（例：空しい夢）。 
関連する言葉
虚無感（きょむかん）： 人生や世の中に意味や価値を見出せない状態。
空虚（くうきょ）： 中身がなく、心にぽっかり穴が開いたような感覚。
はかない： すぐに消えたり、なくなったりする様子。
やりきれない： どうしようもなくつらく、悲しい気持ち。 
これらの言葉は、文脈や感情のニュアンスによって使い分けられます。

https://youtu.be/9-1NU3rHUVM?si=q2K2r-eyTo4ZcBhR","[""import"",""japanese""]",2026-02-22 11:13:33.100503+00,e1848554-ffae-479c-a8cd-4c0d77b7bed2,2026-03-19 15:55:50.007522+00,0,0,0,2026-03-19 15:55:50.007522+00,0,null,null,null,false,null,null,null,null,true,7a33ec61-face-408e-ae14-242dd1f97440,null,null,"{""tables"":{""1"":{""rows"":[],""columns"":[]}}}",null,[],null,null
35f772c9-7653-4455-af9c-237ab1153d13,「差し上げ（さしあげ）」,"「差し上げ（さしあげ）」は主に「与える」「やる」の謙譲語で、目上の人に何かを差し出す・提供する際に使う敬語表現（例：「プレゼントを差し上げます」）。また、動詞の連用形に付いて「〜してあげる」のより丁寧な表現（例：「ご連絡差し上げます」）としても使われ、相手への深い敬意を示すが、使い方によっては押し付けがましく聞こえる場合もあるので注意が必要。 
「差し上げる」の主な意味と使い方
「与える」「やる」の謙譲語（最も一般的）
自分から相手に物を渡す、何かを提供する行為に使う。
例文: 「資料をお差し上げます」「お土産を差し上げます」。
補助動詞として（「〜て差し上げる」）
「〜してあげる」よりも相手への敬意を強調する。
例文: 「お電話を差し上げます」「お手伝いさせて差し上げます」。
本来の意味（文語）
（「さしあげる」）手を持ち上げて高く上げる、声を高くする、といった物理的な動作。 
ビジネスシーンでの注意点
相手への配慮: 「ご連絡差し上げます」は丁寧だが、自分の都合で連絡する場合、「（私の都合で）連絡してあげる」というニュアンスで高圧的に聞こえる可能性があるため、目上の人には「追ってご連絡いたします」など別の表現が良い場合も。
適切な使用: 相手にメリットがあることを期待する場面（記念品など）では使えるが、正当な対価（お金など）を渡す際に「差し上げます」を使うと、上から目線で失礼になることがあるので避ける。","[""import"",""japanese""]",2026-02-22 11:13:33.100503+00,e1848554-ffae-479c-a8cd-4c0d77b7bed2,2026-03-19 15:55:50.007522+00,0,0,0,2026-03-19 15:55:50.007522+00,0,null,null,null,false,null,null,null,null,true,896cc544-064f-47af-8b8e-e857a859779b,null,null,"{""tables"":{""1"":{""rows"":[],""columns"":[]}}}",null,[],null,null
37ca1009-f1c4-48f6-ac84-3ac6f17a53c4,「せめて」,"「せめて」は、理想通りにはいかなくても、最低限これだけは実現したい、あるいはしてほしいという気持ちを表す副詞で、「少なくとも」「～くらいは」「せめてもの」といった意味合いで使われます。期待や願望が込められ、状況が不十分な中で妥協点や最小限の要求を述べる際に用いられることが多いです。 
主な意味と使い方
最低限の要求・希望: 望む結果が得られない状況で、それだけでも達成したい、与えてほしいと願う気持ち。
例: 「せめて一言謝ってほしい」（少なくとも謝罪してほしい）。
例: 「せめて週末ぐらいは休みたい」（最低でも週末は休みたい）。
感情的なニュアンス: 主観的・感情的に最低限のものを求める際に使われ、「少なくとも」よりも強い願望が込められる。
語源: 動詞「責（せ）める」に由来し、「（最低限これだけは）責任をもって（やる/する）」というニュアンスを持つ。 
類語・関連表現
少なくとも: より客観的・論理的に最低限の条件を述べる場合に使われる。
****せめての: 「せめて」の連体形。「せめての心遣い」「せめての望み」のように名詞を修飾する。 
具体例
「せめて30分だけでも話せたら嬉しい」
「ご飯は残してもいいから、せめて刺身だけは全部食べて」（最低限これだけは食べてほしい）","[""import"",""japanese""]",2026-02-22 11:13:33.100503+00,e1848554-ffae-479c-a8cd-4c0d77b7bed2,2026-03-19 15:55:50.007522+00,0,0,0,2026-03-19 15:55:50.007522+00,0,null,null,null,false,null,null,null,null,true,fca07984-7ce7-40ce-9d07-f30b13ceb45c,null,null,"{""tables"":{""1"":{""rows"":[],""columns"":[]}}}",null,[],null,null
3a9046a0-bc4b-43f8-8e8e-2d9e09507bc6,「突き通し（つきとおし）」,"「突き通し（つきとおし）」は「突き刺す」「貫く」という意味の動詞「突き通す」の名詞形や、「（意見や信念などを）最後まで主張し続ける」という意味、または「（物理的に）突き抜ける」こと、さらに「お通し（突き出し）」を指す場合もあり、文脈によって「貫徹」「貫通」「貫く」「刺し通す」といった類義語で言い換えられます。 
主な意味
物理的な貫通・貫通：
鋭いもので突き刺し、向こう側まで通すこと（刺通す）。
何かを突き抜けて進むこと（突き抜ける、通り抜ける）。
精神・思想の貫徹：
自分の考え、意見、信念などを最後まで曲げずに主張し続けること（貫徹する、徹する、押し通す）。
（料理用語）お通し：
居酒屋などで、注文とは別に最初に出される小皿料理（関東では「お通し」、関西では「突き出し」）。 
例文
「剣で敵の体を突き通した。」（貫通）
「彼は自分の信念を最後まで突き通した。」（貫徹）
「この道はトンネルを突き通している。」（通り抜ける）
「とりあえず、突き通し（お通し）でも頼みますか。」（料理） 
関連する言葉
突き出す: 関西で「お通し」を指す言葉で、「突き出すように提供する」ことに由来。
貫く: 同じ意味でよく使われる動詞。

관통하다
Penetrate,Pierce through,Run through,Transfixion","[""import"",""japanese""]",2026-02-22 11:13:33.100503+00,e1848554-ffae-479c-a8cd-4c0d77b7bed2,2026-03-19 15:55:50.007522+00,0,0,0,2026-03-19 15:55:50.007522+00,0,null,null,null,false,null,null,null,null,true,fad97fea-0d31-4959-bef6-0f0cf45d28e4,null,null,"{""tables"":{""1"":{""rows"":[],""columns"":[]}}}",null,[],null,null
3c0a6d02-dca7-4354-bb70-5246ae735451,「切り替え（きりかえ）」,"「切り替え（きりかえ）」とは、ある状態や物事を別のものに変えることで、文脈によって「スイッチの切り替え」「気持ちの切り替え」「モードの変更」「洋裁でのデザイン」など、物理的・精神的・技術的な様々な意味で使われ、英語では「switch」「shift」「change」「toggle」などに対応します。 
主な意味と使い方
物理的な操作:
「ギアの切り替え」：自動車などでギアを変えること。
「テレビ/ビデオの切り替えボタン」：入力信号を切り替えるボタン。
「コードページ切り替え」：コンピューターで文字コードを変えること。
精神的・状況の変化:
「気持ちを切り替える」：気分や集中する対象を別のものに変える（心機一転、気分転換）。
「頭の切り替えが早い」：状況に応じて素早く対応を変えること。
デザイン・裁縫:
「生地の切り替え」：異なる素材や色の布を縫い合わせてデザインすること（ドッキングとは異なる）。
農業:
「切り替え畑（きりかえばた）」：土地利用を変える畑。 
漢字の使い分け（「切替」と「切り替え」）
国語辞典では同義語とされており、一般的にどちらを使っても問題ありません。
「切替（きりかえ）」：手で操作するニュアンスが強く、スイッチや機械操作によく使われる。
「切り換え（きりかえ）」：より一般的で、抽象的なものにも使われる。 
「切り替え」は文脈によって意味が大きく変わるため、何（What）をどのように（How）変えるのかを意識すると理解しやすくなります。","[""import"",""japanese""]",2026-02-22 11:13:33.100503+00,e1848554-ffae-479c-a8cd-4c0d77b7bed2,2026-03-19 15:55:50.007522+00,0,0,0,2026-03-19 15:55:50.007522+00,0,null,null,null,false,null,null,null,null,true,406f5954-e779-4c6d-b8d1-d628fa019169,null,null,"{""tables"":{""1"":{""rows"":[],""columns"":[]}}}",null,[],null,null
418b5f29-90f2-4e79-b46c-a6f769db7c0c,「絡み方（からみかた）」,"「絡み方」は文脈によって「織物の技法（絡み織）」や「人間関係・コミュニケーションの仕方（〇〇絡み）」を指し、「糸の絡ませ方」や「（良い・悪い）関係の築き方」というニュアンスで使われ、関連性や関与の仕方を意味します。具体的な意味は「どう絡ませるか」「どう関わるか」で変わり、織物なら技法、人間関係なら交流のスタイルを指します。 
主な意味
織物の技術（絡み織）: 2本の経糸（たていと）をねじり合わせながら横糸と織り込む技法で、目が粗く通気性が良いのが特徴です（例：絽や紗）。
人間関係・コミュニケーション: 「〇〇絡み」という形で使われ、「〇〇な感じで交流する」「〇〇な関係性」という意味になります。ポジティブな関係（「友達絡み」）から、ネガティブな関係（「面倒な絡み」）まで幅広く使われます。 
使い方（例文）
織物: 「この生地は絡み織の独特な風合いが魅力だ」。
人間関係: 「最近、彼とは飲み会でよく絡むようになった（よく話すようになった）」。
関係性: 「あの会社との絡み方を考え直さないと」。 
類語
関連、関係、関与、タッチ（人間関係・状況）
綟り織（もじりおり）（織物の技法） 
文脈に応じて、「どのように関わるか」という具体的な方法や、その関係性・状態そのものを指す言葉として「絡み方」が使われます。","[""import"",""japanese""]",2026-02-22 11:13:33.100503+00,e1848554-ffae-479c-a8cd-4c0d77b7bed2,2026-03-19 15:55:50.007522+00,0,0,0,2026-03-19 15:55:50.007522+00,0,null,null,null,false,null,null,null,null,true,be1c6747-0e2e-4d9d-b09b-d45c7c426dc2,null,null,"{""tables"":{""1"":{""rows"":[],""columns"":[]}}}",null,[],null,null
45101508-44af-49bf-adc6-0f343b5b017b,シーシャ（水タバコ）,"シーシャ（水タバコ）とは、水パイプという専用器具を使い、香料で味付けされた葉タバコの煙を水にくぐらせて吸引する嗜好品で、中東発祥、水を通すことで煙が冷やされ、やわらかい味わいが特徴、様々なフレーバー（香り）が楽しめ、長時間喫煙可能、日本では20歳以上が対象で、ニコチンを含む製品が一般的です。﻿
シーシャの仕組みと特徴
水パイプ:炭で加熱された煙が水槽（壺）を通る際に、水でろ過・冷却されます。﻿
フレーバー:糖蜜や香料（フルーツ、ミント、スパイスなど）で味付けされたタバコ葉を使用し、甘く豊かな香りが楽しめます。﻿
味わい:水を通すことで、紙タバコよりもマイルドで吸いやすいのが特徴です。﻿
長時間:1回のセットで1時間程度楽しめ、ゆっくりと時間をかけて味わえます。﻿
楽しみ方:フレーバーのミックスや、熱管理による味の変化を研究するなど、奥深い楽しみ方があります。﻿
健康・法律面
健康リスク:一般的なシーシャにはニコチンやタールが含まれ、一酸化炭素も発生するため健康リスクはあります。ノンニコチン製品もあります。﻿
年齢制限:日本では紙巻きタバコと同様の扱いのため、20歳未満の使用・所持は法律で禁止されており、シーシャ店への立ち入りも制限されます。﻿
人気と背景
SNSで話題となり、カフェなどで若者を中心に人気が広がっています。﻿
リラックス効果やストレス軽減、コミュニケーションツールとしても楽しまれています。","[""import"",""japanese""]",2026-02-22 11:13:33.100503+00,e1848554-ffae-479c-a8cd-4c0d77b7bed2,2026-03-19 15:55:50.007522+00,0,0,0,2026-03-19 15:55:50.007522+00,0,null,null,null,false,null,null,null,null,true,e681cf2d-04c2-4d2d-ab5a-47b0b1a5d7b3,null,null,"{""tables"":{""1"":{""rows"":[],""columns"":[]}}}",null,[],null,null
46a726c8-55b4-4776-b5cc-8985976fec5b,「思い出」（おもいで）,"「思い出」（おもいで、추억）とは、過去の体験や出来事を心に思い浮かべること、またはその内容そのものを指し、人生を豊かにし、今の自分を形成し未来への道しるべとなるかけがえのない宝物です。感情を伴う特別な記憶を指す場合は「想い出」と表記されることもあり、ノスタルジーや郷愁といった感情と結びつき、「思い出の品」のようにそれを想起させる物事も含まれます。 
「思い出」の主な意味と特徴
記憶の内容: 過去の出来事を想起し、心に浮かべること。
感情との結びつき: 喜びや悲しみ、懐かしさなど、様々な感情を伴うことが多い。
自己形成: 現在の自分を形作り、未来への指針となる。
「記憶」との違い: 「記憶」が客観的な情報であるのに対し、「思い出」は主観的で感情が加わる。
「想い出」との使い分け: 感情を込めて強調したい時に「想い出」と書くことがある。 
関連する言葉
類語: 追憶、懐古、郷愁、ノスタルジア。
英語: Memory, Recollection, Reminiscenceなど。
表現: 「思い出にふける」「一生の思い出」など、様々な表現で使われる。 
具体的な例
「学生時代の思い出を語る」
「この音楽を聴くと楽しい思い出がよみがえってくる」
「高校生活は私にとって一生の思い出です」","[""import"",""japanese""]",2026-02-22 11:13:33.100503+00,e1848554-ffae-479c-a8cd-4c0d77b7bed2,2026-03-19 15:55:50.007522+00,0,0,0,2026-03-19 15:55:50.007522+00,0,null,null,null,false,null,null,null,null,true,c3550c73-6eb7-4d53-a449-1e84dc8524e6,null,null,"{""tables"":{""1"":{""rows"":[],""columns"":[]}}}",null,[],null,null
47ff3aad-4fe6-44ef-ba13-106ee2487f38,「擦り合わせ（すり合わせ）」,"「擦り合わせ（すり合わせ）」とは、複数の意見や計画、部品などを互いに調整し、共通の理解や最適な状態にまとめることを指し、ビジネスでは会議で参加者の意見を調整して合意形成する、機械分野では部品の接合面を精密に仕上げる、といった意味で使われます。単に意見をぶつけるのではなく、相互の立場を尊重し、相違点を埋めて歩み寄るニュアンスが重要で、目標達成や機能向上に不可欠な作業です。 
主な意味と使われ方
ビジネス・会議での意見調整:
意味: 自分の主張を押し通すのではなく、関係者全員の意見や要望を出し合い、対立点を解消して共通の目標に向かって合意点（落としどころ）を見つけること。
具体例: プロジェクトの方向性や仕様について、関係部署間で認識のズレがないか確認し、齟齬をなくす話し合い。
機械・製造業での部品調整:
意味: 機械部品の接合面を、互いにぴったりと密着するように精密に研磨・仕上げる作業。
具体例: ガラス器具の接合面や、自動車部品の取り付け面を調整し、流体の漏れを防いだり、高い性能を引き出したりする。 
ニュアンスとポイント
相互尊重: 相手の意見や立場を尊重し、歩み寄る姿勢が基本。
時間と労力: 丁寧なすり合わせは時間がかかり、手戻りが発生することもあるが、結果として品質や機能が向上する。
「擦り合わせ型」開発: 仕様を決めてから一気に作るのではなく、部品を組み合わせながら仕様自体も調整していく開発スタイル。 
関連する言葉
類語: 意見調整、調整、協議、打ち合わせ、歩み寄り。
英語: alignment（意見の調整）、lapping（機械部品の研磨）。","[""import"",""japanese""]",2026-02-22 11:13:33.100503+00,e1848554-ffae-479c-a8cd-4c0d77b7bed2,2026-03-19 15:55:50.007522+00,0,0,0,2026-03-19 15:55:50.007522+00,0,null,null,null,false,null,null,null,null,true,77d46f7a-0bbc-4fbe-a4a0-35dc0fc1bd68,null,null,"{""tables"":{""1"":{""rows"":[],""columns"":[]}}}",null,[],null,null
49fda8a2-388b-42c8-8b54-f5be7360bda2,「定まらない（さだまらない）」,"「定まらない」とは、物事の方向性、状態、心（気持ち）、焦点などがはっきりせず、ぐらぐらして落ち着かない、決まらない、一貫性がない状態を指し、文脈によって「話がまとまらない」「腰が据わらない」「心が揺れ動く」「焦点が合わない」などの意味合いで使われます。 
主な使われ方と類語
内容・話などがはっきりしない場合:
「とりとめのない」「一貫性がない」「まとまりがない」「焦点が定まらない」
例：「話の筋が定まらない」「内容が定まらない」
姿勢・態度などが不安定な場合:
「腰が据わらない」「足元が定まらない」「ふらつく」「ぶれる」
例：「腰が定まらない」「態度が定まらない」
心・気持ちが揺れ動く場合:
「心が定まらない」「移り気」「飽きっぽい」「気が多い」
例：「心が定まらない」「彼の心は定まらない」
物理的な状態が不安定な場合:
「揺れ動く」「安定しない」「ブレる」「ピンボケになる」
例：「写真のピントが定まらない」「焦点が定まらない」 
「定まらない」のポイント
「定める」の否定: 「決める」「固定する」という意味の動詞「定める」の未然形＋「ない」で、「（何かが）決まっていない」「固定されていない」状態を表します。
文脈で意味が変わる: 何が「定まらない」のか（話、心、姿勢、物理的焦点など）によって、ニュアンスや適切な言い換えが変わるのが特徴です。
もし具体的な文脈があれば、より的確な表現や意味を説明できます。","[""import"",""japanese""]",2026-02-22 11:13:33.100503+00,e1848554-ffae-479c-a8cd-4c0d77b7bed2,2026-03-19 15:55:50.007522+00,0,0,0,2026-03-19 15:55:50.007522+00,0,null,null,null,false,null,null,null,null,true,d31cd42b-f4e3-4901-9c8d-b8087e4127f4,null,null,"{""tables"":{""1"":{""rows"":[],""columns"":[]}}}",null,[],null,null
4af757ba-61a0-4b7b-a1c1-12647a8753a0,「汚い（きたない）」,"「汚い（きたない）」は、物理的に汚れている状態（不潔、不浄）、見た目が乱雑で不快な様子（むさくるしい）、道徳的・精神的に卑劣であること（下品、意地汚い）など、さまざまな「汚れ」や「不快感」を表す日本語の形容詞です。英語では主に ""dirty""、""filthy""、""messy"" などが使われ、文脈によって「汚い」のニュアンスが異なりますが、「汚い」は物理的な汚れだけでなく、比喩的な意味でも広く使われる万能な言葉です。 
主な意味と使い方
物理的な汚れ: 泥が付いている、シミがある、不潔な状態。「部屋が汚い」「手が汚い」など。
不潔・不浄: 衛生状態が悪い、不浄なもの。「不潔」「不浄」などと言い換えられます。
見た目の乱雑さ: 散らかっている、みすぼらしい状態。「むさくるしい」「乱雑」など。
比喩的な汚れ:
精神・道徳: 卑劣な手段、意地汚いこと。「汚い手を使う」「汚い言葉」など。
言葉遣い: 下品な言葉、暴言。「汚い言葉」。 
英語での表現例
dirty: 最も一般的。「My room is so dirty.（部屋がとても汚い）」。
filthy: 非常に汚れている、ひどく汚い。「filthy language（汚い言葉）」。
messy: 散らかっている、乱雑。「messy room（散らかった部屋）」。
sordid: 陰惨で汚い、道徳的に堕落した場所や状況。 
類語（日本語）
不潔、不浄、不衛生、穢れた。
むさくるしい、小汚い、薄汚い、汚らしい。
みすぼらしい、ぼろい。
意地汚い、卑劣、下品。","[""import"",""japanese""]",2026-02-22 11:13:33.100503+00,e1848554-ffae-479c-a8cd-4c0d77b7bed2,2026-03-19 15:55:50.007522+00,0,0,0,2026-03-19 15:55:50.007522+00,0,null,null,null,false,null,null,null,null,true,893b5c71-8974-4905-91d2-9af6a63fc0d9,null,null,"{""tables"":{""1"":{""rows"":[],""columns"":[]}}}",null,[],null,null
4c10fa83-56f8-4dae-9780-89e8094f7c2d,「支える（ささえる）」,"https://youtu.be/giBJo6q04qo?si=LtXOznF--euihDtl

「支える（ささえる）」は、物理的に支える（柱で梁を支える）、精神的・経済的に支援する（家族を支える、声援に支えられる）、ある状態を維持する（生活を支える）、防ぎとめる（攻撃を支える）など、様々な意味を持つ動詞です。状況に応じて「サポートする」「応援する」「保つ」「守る」などと言い換えられ、英語では主に「Support」が該当します。 
主な意味
物理的に支える: 倒れないように何かをあてがって支えること。「太い柱で梁を支える」。
精神的・経済的に支援する: 励ましたり、経済的に援助したりすること。「家族の生活を支える」「応援に支えられる」。
状態を維持する: ある状態が崩れないように持ちこたえさせること。「生活を支える」「文化を支える」。
防ぎとめる: 敵の攻撃などを防ぎ止めること。「敵の攻撃を食い止める」。 
類語・関連語
支援・応援: サポートする、後押しする、支援する、応援する、励ます、力添えする。
維持・保護: 保つ、持ちこたえる、守る、保護する、擁護する。
防ぐ: 食い止める、受け止める。 
例文
「彼は家族を支えるために懸命に働く。」（経済的支援）
「皆の温かい声援に支えられ、最後まで頑張れた。」（精神的支援）
「この橋は、何本もの柱で支えられている。」（物理的支え）

https://mazii.net/ko-KR/search/word/jako/%E6%94%AF%E3%81%88%E3%82%8B

◆ 막히다; 메다.（つかえる）

車が支える
차의 진행이 막히다

言葉が支える
말이 막히다

返事に支える
대답이 막히다

◆ 받히다.

頭が天井に支える
머리가 천장에 받히다[걸리다]

仕事が支えている
일이 밀려 있다

◆ (이미 다른 사람이) 사용 중이다.（つかえる）

電話が支えている
전화를 (다른 사람이) 사용 중이다

◆ 더듬거리다.（つかえる）

支え支え物を言う
더듬더듬 말을 하다

◆ (痞える) 가슴·목 등이 막힌 느낌이 들다; 메다.（つかえる）

胸が支える
가슴이 메다

◆ (‘手を支える’의 꼴로) 예로서 손을 바닥에 짚다.
◆ (‘肩が支える’의 꼴로) 어깨가 결리다; 뻐근하다.

☆ 하1단 타동사

◆ 버티다.
◆ 떠받치다.
（ささえる）

杖で体を支える
지팡이로 몸을 받치다

同僚に支えられて歩く
동료의 부축을 받아 걷다

倒れそうな塀を丸太で支えた
넘어질 듯한 담을 통나무로 떠받쳤다

◆ 유지하다; 지탱하다.（ささえる）

家計を支える
가계를 유지하다

一家の暮らしを支えている
일가의 생계를 지탱하고 있다

◆ 원조하다; 지원하다.（ささえる）

中小企業を支える
중소기업을 지원하다

たくさんの人に支えられてここまで来た
많은 사람의 도움으로 여기까지 왔다

研究者の活発な活動を支えた
연구자의 활발한 활동을 지원했다

◆ 방지하다; 막아 내다.（ささえる）

敵の攻撃を支える
적의 공격을 막아 내다","[""import"",""japanese""]",2026-02-22 11:13:33.100503+00,e1848554-ffae-479c-a8cd-4c0d77b7bed2,2026-03-19 15:55:50.007522+00,0,0,0,2026-03-19 15:55:50.007522+00,0,null,null,null,false,null,null,null,null,true,5ce16909-ff1d-459c-ae3c-f376a9c9226b,null,null,"{""tables"":{""1"":{""rows"":[],""columns"":[]}}}",null,[],null,null
4e2ad9ab-f7f8-41af-b0cc-e605ae99aded,「逸らす（そらす）」,"「逸らす（そらす）」とは、視線や話題、注意などを本来向けるべき方向や目標から別の方向へ向けたり、はぐらかしたりすることを指し、目を逸らす、話を逸らす、狙いを逸らすなどの使い方があり、またボールなどを逃がすという意味や、気分を害する（多くは打消しで「人を逸らさない」のように使う）意味もあります。似た漢字に「反らす（そらす）」がありますが、こちらは弓なりに曲げる意味で、視線などには「逸らす」が適切です。 
主な意味と使い方
方向・視線などを変える:
目を逸らす: 相手の目を見ないように視線をそちらへ向ける。
話を逸らす: 会話の内容を別の話題に変える、はぐらかす。
狙いを逸らす: 狙っていた目標から注意や焦点を外す。
例: 「彼はその質問を巧みに逸らした」。
（目標を）逃がす・取り逃がす:
とらえそこねる、のがす。
例: 「ボールを逸らしてしまった」。
（人を）不快にさせる（主に打消しで）:
相手の機嫌を損ねる、不快にさせないようにする際に使う。
例: 「彼の対応は誰をも逸らさない（＝不快にさせない）」。 
「逸らす」と「反らす」の違い
逸らす（そらす）: 目標から外す、別の方向へ向ける（視線、話題など）。
反らす（そらす）: 弓のように曲げる（体を反らす、背中を反らすなど）。 
日常会話では「そらす」と発音しても、文脈に応じて「逸らす」と「反らす」を使い分けることが重要です。

目を逸らす：시선을 딴 데로 돌리다、외면하다.

To turn away、to avert
To turn away (one's eyes, face, etc.)、to avert、to divert (e.g. one's attention)、to evade (e.g. a question)、to change (e.g. the subject)
To displease、to annoy、to offend、to upset
To miss (the target, ball, etc.)","[""import"",""japanese""]",2026-02-22 11:13:33.100503+00,e1848554-ffae-479c-a8cd-4c0d77b7bed2,2026-03-19 15:55:50.007522+00,0,0,0,2026-03-19 15:55:50.007522+00,0,null,null,null,false,null,null,null,null,true,93a6391f-3740-49df-91a6-3d20df0b340e,null,null,"{""tables"":{""1"":{""rows"":[],""columns"":[]}}}",null,[],null,null
515cd578-a264-49bb-b0f8-62f220338f31,落とす（おとす）,"「落とす（おとす）」は、「物を重みで下へ移動させる（落とす、ドロップする）」、「紛失する（なくす）」、「信用や地位を下げる」、「（データなどを）ダウンロードする」、「（メイクや汚れを）除去する」、「（試験で）不合格にする」など、文脈によって非常に多くの意味を持つ他動詞です。物理的な落下だけでなく、抽象的な事柄（信用、順位、スピード）にも使われ、IT用語で「ダウンロードする」の意味でも使われます。 
主な意味と例文
物理的に落とす
財布を落とす（紛失する）
水を落とす（流す、注ぐ）
飛ぶ鳥も落とす勢い（非常に強い力で）
抽象的なものを落とす
信用を落とす（失墜させる）
順位を落とす（下げる）
声を落とす（小さくする）
品質を落とす（下げる）
削除・除去する
名簿から落とす（削除する、除外する）
メイクを落とす（洗い流す、除去する）
試験・選考などで不合格にする
志願者を落とす（不合格にする、落選させる）
IT用語（俗語）
ファイルを落とす（ダウンロードする） 
自動詞「落ちる（おちる）」との違い
落とす（おとす）: 他動詞（～を落とす、目的語をとる）。自分で意図して行う動作。
落ちる（おちる）: 自動詞（～が落ちる、主語が落ちる）。自然に起こる状態や、意図しない結果。 
送り仮名
「落とす」が一般的ですが、「落す」と送り仮名を省略する表記も慣用的に使われます（例：落石）。","[""import"",""japanese""]",2026-02-22 11:13:33.100503+00,e1848554-ffae-479c-a8cd-4c0d77b7bed2,2026-03-19 15:55:50.007522+00,0,1,0,2026-03-19 15:55:50.007522+00,0,null,null,null,false,null,null,null,null,true,9dc0c297-0c57-462a-b900-856ad259f020,null,null,"{""tables"":{""1"":{""rows"":[],""columns"":[]}}}",null,[],null,null
52b0896a-1c34-4e6d-af0c-10ed3a8e2253,狙い（ねらい）,"「狙い（ねらい）」とは、目標に当てようとすること（照準を合わせる行為）や、達成しようとする意図・目的・目当てを指し、目的よりも具体的・短期的で、何を達成したいかという具体的な「意図」や「目当て」を意味します。文脈により「狙い所（ねらいどころ）」のように「的」や「良い機会」を指す場合もあり、漢字で書くこともありますが、意図や企画の文脈ではひらがなで書く方が自然な場合も多いです。 
主な意味と使い方
**目標に当てる行為: 弓や鉄砲で的を射るように、目標を定め、そこに当てようとすること。
例：「狙いを定める」「狙いをつけて撃つ」
**意図・目的・目当て: ある行動の裏にある、達成したい具体的な目標や意図。
例：「この企画の狙いは顧客層の拡大だ」「作者の狙いを読み解く」
****狙い所（ねらいどころ）**: 狙うべき重要な点、または良い機会や時期。
例：「ここが狙い目だ」「好機を狙う」 
目的・目標との違い
目的: 長期的なゴールや大局的な方針（例：会社の存続）。
目標: 目的を達成するための具体的な数値や状態（例：来期売上120%達成）。
狙い: 目標達成のための具体的な「意図」や「手段」（例：あの層に絞って広告を打つ）。 
類語
意図、目当て、目的、企図、思案、本旨
（行為として）照準を合わせる、的を絞る、ロックオンする 
英語での表現例
Have a point (狙いがある)
Take aim / aim (狙いを付ける)
On-target (狙いどおりの)","[""import"",""japanese""]",2026-02-22 11:13:33.100503+00,e1848554-ffae-479c-a8cd-4c0d77b7bed2,2026-03-19 15:55:50.007522+00,0,0,0,2026-03-19 15:55:50.007522+00,0,null,null,null,false,null,null,null,null,true,5c892f3f-12b2-4c04-89d7-781ce1d30e5c,null,null,"{""tables"":{""1"":{""rows"":[],""columns"":[]}}}",null,[],null,null
54da5928-c3db-4707-b33f-d5f75f995624,お年玉（おとしだま、御年玉）,"お年玉（おとしだま、御年玉）は、新年を祝うために贈られる金品のこと。単に年玉（としだま）ともいう。現代では特に子供に金銭を与える習慣及びその金銭の意で用いられている。歳暮と異なり、目上の者が目下の者に贈るのが特徴[1]。反対に、目下の者が目上の者に贈る場合はお年賀（御年賀）という。

https://youtu.be/pi-R2O8cI_w?si=W2LHZ8KF9Ec1sC9d

https://ja.wikipedia.org/wiki/%E3%81%8A%E5%B9%B4%E7%8E%89","[""import"",""japanese""]",2026-02-22 11:13:33.100503+00,e1848554-ffae-479c-a8cd-4c0d77b7bed2,2026-03-19 15:55:50.007522+00,0,0,0,2026-03-19 15:55:50.007522+00,0,null,null,null,false,null,null,null,null,true,0e74c6bf-dc6c-4f69-8016-258505cf6c42,null,null,"{""tables"":{""1"":{""rows"":[],""columns"":[]}}}",null,[],null,null
5595cdcb-00c9-4fce-a0ea-32de0019d20c,「受け狙ってる（うけねらってる）」,"「受け狙ってる」とは、相手（聞き手や観客）に気に入られたり、ウケたり（面白がられたり、共感されたり）することを目的に、意図的に発言や行動をしている状態を指します。「うけを狙う」「ウケ狙い」とも言い、面白おかしいことや、相手の好みに合わせた言動で、評価や人気を得ようとするニュアンスがあります。 
具体的な意味と使い方
「うける（受ける）」の意味: 相手に面白がられる、笑ってもらえる、共感される、支持される、好評を得る、という意味です。
「狙ってる」: その行動（発言やパフォーマンス）の目的が「受けること」にある、と明確に示します。
例文:
「あの芸人、さっきのネタは明らかに受け狙ってたけど、ちょっと滑ったな。」
「プレゼンの冒頭で変なジョークを言ったけど、あれは受け狙いです。」
「（誰かの奇抜な行動を見て）あいつ、またウケ狙いしてるよ。」 
類語・関連表現
ウケ狙い
迎合（げいごう）
受け狙いの（うけねらいの）
奇をてらった（きをてらった） 
要するに、「ウケる（受ける）ことを目的として、そのための行動をしている」状態を表す言葉です。

英語

笑いや注目を集めようとする場合
""Trying to be funny"": 「わざと面白くしようとしている」「ウケ狙い」のニュアンス。
例: Were you trying to be funny just now?（今、ウケ狙ってたでしょ？）
""Trying to get attention"" / ""Trying to be the center of attention"": 注目を集めようとする、目立とうとする。
""Trying to impress (someone)"": （誰かに）気に入られようと、良く見せようとする。 
恋愛関係で狙う場合
""Have one's eyes on (someone)"": （恋愛対象として）目を付けている、狙っている。
例: He has his eyes on you.（彼は君のこと狙ってるよ。）
""Chasing (someone)"": 追いかけている、アプローチしている。
例: I'm chasing her.（彼女を狙ってるんだ。）
""Trying to ask (someone) out"": デートに誘おうとしている。 
目標や物を狙う場合
""Aim for (something)"" / ""Aiming for (something)"": （目標、地位、成功など）を狙う。
例: He's aiming for the CEO position.（彼はCEOの座を狙っている。）
""Eye (something)"" / ""Eyeing (something)"": （特定の物や地位）に目を付ける、狙う。
例: He's eyeing that new car.（あの新しい車を狙ってる。）
""Set one's sights on (something)"": ～を目標に定める、狙う。 
まとめ
「受け狙い」は、「面白いことを言って笑わせようとする」意味合いが強いので、""trying to be funny"" が最も近い表現ですが、文脈に応じて他の表現も使い分けましょう。","[""import"",""japanese""]",2026-02-22 11:13:33.100503+00,e1848554-ffae-479c-a8cd-4c0d77b7bed2,2026-03-19 15:55:50.007522+00,0,0,0,2026-03-19 15:55:50.007522+00,0,null,null,null,false,null,null,null,null,true,4576a0ef-be73-4c35-bf95-c0da5e69eecb,null,null,"{""tables"":{""1"":{""rows"":[],""columns"":[]}}}",null,[],null,null
59a913ab-70ed-4843-8e71-4f239fe748af,「見覚え（みおぼえ）」,"「見覚え（みおぼえ）」とは、以前に見たことがあり、記憶に残っていること、またはその様子を指します。「見覚えがある」で「以前見たことがある気がする」「既視感がある」という意味で使われ、「見覚えのない」は「初めて見る」「見慣れない」という意味になります。 
詳しい意味
以前に見たことのある記憶: 「この景色に見覚えがある」「あの人に、どこかで会ったような見覚えがある」のように使います。
『見覚える（みおぼえる）』という動詞から派生: 忘れないように目印をつける「目覚え（めおぼえ）」と近い意味合いもありますが、通常は名詞の「見覚え」で使われます。 
例文
「この建物、見覚えがあるけど、どこで見たんだろう？」
「その顔には見覚えがないな。初めて会う人かな？」
類語・関連語
既視感（きしかん）: まさにこの「見覚えがある」状態を指す言葉で、一度も経験したことのない状況なのに、以前にも同じ経験をしたことがあるように感じる感覚です。
familiar (ファミリア): 英語で「見覚えがある」「おなじみの」といった意味で、""That looks familiar.""（それに見覚えがある）のように使われます。","[""import"",""japanese""]",2026-02-22 11:13:33.100503+00,e1848554-ffae-479c-a8cd-4c0d77b7bed2,2026-03-19 15:55:50.007522+00,0,0,0,2026-03-19 15:55:50.007522+00,0,null,null,null,false,null,null,null,null,true,0519c74b-c420-49ff-8116-5d65469dd2b0,null,null,"{""tables"":{""1"":{""rows"":[],""columns"":[]}}}",null,[],null,null
5c7d5a22-8ae9-4ac7-af1a-411dd6712e25,「特技、上手」の違いは,"「特技、上手」は、「自分が得意なこと、人より少し優れていると感じること」を指し、就職活動などでアピールする際は、具体的にどんなスキルか、どう努力して身につけたか、それによってどんな強みがあるかを伝えるのがポイントで、料理、語学、プログラミング、楽器演奏、意外なこと（人の顔と名前を覚えるなど）まで幅広くアピールできます。 
特技の例
スキル系: フラッシュ暗算、語学、習字、パソコン操作、動画編集、イラスト。
行動・習慣系: 早起き、節約、料理、ヘアメイク、筋トレ、ラテアート。
対人・思考系: 人の顔と名前を覚える、雑学、騒がしい場所でも集中できる、プレゼント選びが上手。
身体系: リフティング、ゴルフ、剣道。 
アピールする際のポイント
自己評価でOK: 他人の評価は気にせず、自分が「得意」と感じれば特技になります。
具体的に: 「スポーツ」ではなく「サッカーでリフティングが200回できる」のように具体的に。
エピソードを添える: なぜ得意になったのか、どんな努力をしたのかを話すと説得力が増します。
他のエピソードと被らないように: 自己PRやガクチカで話した内容と重複しないように注意。 
特技がないと感じる場合
身近なことで見つける: 「他の人より整理整頓が上手」「電車の乗り換え案内を完璧に覚えられる」など、些細なことでもOK。
努力の過程をアピール: 資格勉強やオンライン講座受講も立派な「学ぶ姿勢」の特技になります。","[""import"",""japanese""]",2026-02-22 11:13:33.100503+00,e1848554-ffae-479c-a8cd-4c0d77b7bed2,2026-03-19 15:55:50.007522+00,0,0,0,2026-03-19 15:55:50.007522+00,0,null,null,null,false,null,null,null,null,true,114b0e20-3579-4864-a31b-3949bc9df04b,null,null,"{""tables"":{""1"":{""rows"":[],""columns"":[]}}}",null,[],null,null
605f58e5-7f84-49cc-a325-9d38862a8057,「シラフ」,"「シラフ」とは、お酒に酔っていない状態を指す言葉で、「素面（しらふ）」と書き、真剣な態度や正気の状態を表すこともあります。また、最近では「ソバーキュリアス」のように、お酒を飲まないライフスタイルや、お酒を飲まない好奇心旺盛な人を指す文脈で使われたり、ラッパーの名前としても存在します。 
意味と使い方
「素面（しらふ）」: 酔っていない状態。「素面で話す」「すっかり素面に戻る」のように使います。
対義語: 泥酔（でいすい）、酩酊（めいてい）など。
英語: 「sober」が「シラフ」に相当します。 
現代的な使い方
ソバーキュリアス: お酒を飲める人があえて飲まないライフスタイルや、その人を指す言葉（sober + curious）。
アーティスト名: 島根県出身のラッパー「シラフ」さんなど、個人名としても使われます。 
まとめ
基本的には「お酒に酔っていない状態」ですが、文脈によって「真面目な状態」や「お酒を飲まないライフスタイル」を指すこともあります。","[""import"",""japanese""]",2026-02-22 11:13:33.100503+00,e1848554-ffae-479c-a8cd-4c0d77b7bed2,2026-03-19 15:55:50.007522+00,0,0,0,2026-03-19 15:55:50.007522+00,0,null,null,null,false,null,null,null,null,true,5d2eb262-acc9-4aa1-aa93-f6f7f9c30266,null,null,"{""tables"":{""1"":{""rows"":[],""columns"":[]}}}",null,[],null,null
62742cf8-3285-41c6-bef5-3ea24e8b3a84,「怒鳴り（どなり）」,"「怒鳴り（どなり）」とは、怒りや感情が高ぶって大声を出すこと、またはその声自体を指し、強い不満や警告、叱責の意図を持ち、「大声をあげる」「声を荒げる」「怒号する」などの類語があり、相手への威圧やストレスを与える行為ですが、緊急時の制止など状況によっては必要な場合もあるものの、子供の脳発達への悪影響が指摘され、パワハラにも繋がりうるため、冷静な対応が求められます。 
意味と類語
意味: 怒りや興奮で、普段よりずっと大きな声で話したり叫んだりすること。
類語: 大声を出す、声を荒げる、叫ぶ、怒鳴りつける、怒号する、わめく、絶叫する、吠える。
関連語: 罵声（ばせい） - 口汚くののしる声。 
「怒鳴る」ことの背景と影響
親の心理: 過去の傷つき体験の処理不足や、子どもの発達段階への知識不足が原因で怒鳴ってしまうことがある。
子どもの影響: 脳の発達に影響し、不安感の増大、コミュニケーション能力の低下、心身の不調を引き起こす可能性がある。
パワハラとの関連: 職場などで繰り返し行われる場合、パワハラに該当する可能性がある。
「怒鳴る」ことの是非:
必ずしも悪ではない場合: 子どもの安全確保など緊急時に、危険を知らせるために大きな声を出すのは必要な対処。
問題となる場合: 感情的に、一方的に、相手を脅すように怒鳴る行為は問題。 
怒鳴りを減らす・防ぐには
親・大人側:
冷静になる時間を作る: 怒りを感じたらすぐに反応せず、一度落ち着いてから伝える。
過去の経験と向き合う: 自分の感情の源泉を見つめ直す。
子どもの発達段階を知る: 反抗期など、成長過程の理解を深める。
ポジティブな面に注目する: 「できていないこと」より「できていること」に目を向ける。
怒鳴られた側（子ども・部下など）:
相手の言動の裏を読む: 相手が何を伝えたいのか、なぜ怒鳴っているのかを冷静に考える。
状況に応じて対応する: 危険な場合は避難し、職場なら上司や第三者に相談する。 
まとめ
怒鳴る行為は、感情のコントロールの失敗やストレスの表れであることが多く、相手に深刻な影響を与える可能性があります。しかし、その背景には様々な事情があり、緊急時の対応や、怒りの感情を適切に表現する方法を学ぶことが重要です。

https://youtu.be/RSPk7eaRXJU?si=L-8ejxY8G8JMUzPN","[""import"",""japanese""]",2026-02-22 11:13:33.100503+00,e1848554-ffae-479c-a8cd-4c0d77b7bed2,2026-03-19 15:55:50.007522+00,0,0,0,2026-03-19 15:55:50.007522+00,0,null,null,null,false,null,null,null,null,true,963fa3bf-446c-4977-8f7e-734633adac34,null,null,"{""tables"":{""1"":{""rows"":[],""columns"":[]}}}",null,[],null,null
64cef842-58b6-4719-b35f-3f579729cf63,「だいぶ」,"https://youtu.be/YZUij1EaHJw?si=z2x6sI5w2LQVdte0

「だいぶ」は程度が相当大きいことや、変化が進んでいる様子を表す副詞で、「かなり」「ずいぶん」「思ったより」といった意味を持ち、「だいぶ良くなった」「だいぶ時間がかかる」のように使われ、「大分」と漢字で書くこともありますが、副詞としてはひらがなで表記されることが多いです。 
意味と使い方
程度が甚だしい・相当なもの：量や程度がかなり多い、または激しい状態。
例：「本をだいぶ買った」「今日はだいぶ寒い」。
変化の度合いが大きい：何かが進行して、その程度が進んでいる様子。
例：「病気がだいぶ良くなった」「日本の生活にだいぶ慣れてきた」。 
「ずいぶん」との違い
「だいぶ」：現在の程度や進行状況を表すことが多い。
「ずいぶん」：話し手の評価や驚き、予想よりも大きいというニュアンスを含むことが多い。 
漢字表記
副詞の「だいぶ」はひらがなで書くのが一般的ですが、「大分（だいぶ）」と漢字で書くこともあります。 
例文
「このコートはだいぶすり切れている。」
「留学の準備はだいぶ進みました。」
「この車もだいぶくたびれてきた。」

https://mazii.net/ko-KR/search/word/jako/%E3%81%A0%E3%81%84%E3%81%B6

◆ 상당히; 어지간히; 꽤.

大分病気が悪い
상당히 병이 심하다

英語が大分うまくなった
영어가 꽤 능숙해졌다

貯金が大分 たまった
저금한 돈이 꽤 모였다

◆ (수량∙정도 등이) 상당한 것; 또, 그런 모양.

距離は歩いて大分になる
거리는 걸어서 꽤 된다

大分の無沙汰をした
꽤 오랫동안 소식을 전하지 못했다","[""import"",""japanese""]",2026-02-22 11:13:33.100503+00,e1848554-ffae-479c-a8cd-4c0d77b7bed2,2026-03-19 15:55:50.007522+00,0,0,0,2026-03-19 15:55:50.007522+00,0,null,null,null,false,null,null,null,null,true,c25f8966-8554-49eb-9d08-759f362ba140,null,null,"{""tables"":{""1"":{""rows"":[],""columns"":[]}}}",null,[],null,null
6b0bca15-2f98-468b-8f64-eaaf82927514,「向き合い（むきあう）」,"「向き合い（むきあう）」とは、自分自身や他者、あるいは問題・課題などに対して、目をそらさずに正面から向き合い、真剣に取り組む・対峙するという意味で、「自分と向き合う（本心を知る）」、「問題に向き合う（対処する）」のように使われ、状況や対象によって「誠実に取り組む」「対峙する」「受け止める」といったニュアンスを含みます。 
主な意味と使い方
自分自身と向き合う:
自分の本心、感情、願望に耳を傾け、正直に受け止めること。
他人の意見や世間体を気にせず、「本当はどうしたいのか」を自分に問いかけること。
例文: 「ストレスと向き合い、ポジティブになりたい」
問題・課題などと向き合う:
困難な状況や課題に対して、逃げずに真剣に対処すること。
類語: 立ち向かう、取り組む、対処する、解決に努める。
例文: 「この問題に真剣に向き合うべきだ」
相手・状況と向き合う:
相手の立場になって真剣に話を聞く、誠実に対応すること（「真摯に向き合う」）。
類語: 対峙する、相対する。
例文: 「クライアントの要望に真摯に向き合う」 
「向き合う」ためのポイント
環境を整える: 一人で集中できる静かな場所で、自分の気持ちに耳を傾ける。
感情を受け入れる: 辛い感情でも否定せず、「今はそう感じている」と素直に認める。
焦らない: すぐに答えを出そうとせず、時間をかけて自分を感じ、理解しようとする姿勢が大切。","[""import"",""japanese""]",2026-02-22 11:13:33.100503+00,e1848554-ffae-479c-a8cd-4c0d77b7bed2,2026-03-19 15:55:50.007522+00,0,0,0,2026-03-19 15:55:50.007522+00,0,null,null,null,false,null,null,null,null,true,163be955-8801-46f8-a121-2cff128c45a2,null,null,"{""tables"":{""1"":{""rows"":[],""columns"":[]}}}",null,[],null,null
71bb1b4d-ffd0-480e-9060-d0d445ec1c9f,「派手（はで）」,"「派手（はで）」とは、姿・形・色彩などが華やかで人目を引く様子や、態度・行動が大げさで目立つ様子を表す言葉で、「華やか」「豪華」「目立つ」といった意味合いを持ち、対義語は「地味」です。外見だけでなく、出来事や行動に対しても使われ、「派手な喧嘩」「派手な演出」のように表現され、英語では「flashy」「showy」などが該当します。 
意味と使い方
外見・色彩: 鮮やかで目立つ色使いや装飾、華美な様子。「派手な着物」「派手なメイク」。
行動・態度: 大げさで人目を引く言動。「派手なパフォーマンス」「派手に泣く」。
出来事: 規模が大きく、目立つようなこと。「派手なイベント」「派手な結婚式」。 
類語
華やか、華美、煌びやか、豪華、絢爛（ごうかけんらん）、キラキラした。 
英語表現
Flashy: キラキラして目立つ、けばけばしい感じ。
Showy: 人目を引くように見せる、派手で目立つ様子。
Gaudy: けばけばしい、安っぽい派手さ。 
語源（豆知識）
元々は三味線の演奏で、繊細かつ活発な「破手（はで）」という曲風を指し、そこから「目立って華やかなこと」という意味が広まったとされます。","[""import"",""japanese""]",2026-02-22 11:13:33.100503+00,e1848554-ffae-479c-a8cd-4c0d77b7bed2,2026-03-19 15:55:50.007522+00,0,0,0,2026-03-19 15:55:50.007522+00,0,null,null,null,false,null,null,null,null,true,789f019f-aef9-4aea-a08c-4bf3940c461c,null,null,"{""tables"":{""1"":{""rows"":[],""columns"":[]}}}",null,[],null,null
71d5b41d-6208-47d7-97c6-65b2e05287b9,「崩れる（くずれる）」,"「崩れる（くずれる）」は、まとまっていたものが壊れて落ちる・形がなくなる（崖が崩れる、建物が倒壊する）ことや、計画・体調・陣形などが乱れる・台無しになる（計画が崩れる、体調が崩れる、総崩れになる）といった意味で使われる動詞です。物理的に壊れること、抽象的な物事がダメになることの両方に使われ、類語には「倒壊する」「瓦解する」「乱れる」などがあります。 
主な意味と例文
物理的に崩壊する:
崖が崩れる（がけがくずれる）
塀が崩れる（へいがくずれる）
建物が崩れる（たてものがくずれる）
計画・予定が台無しになる:
計画が崩れる（けいかくがくずれる）: 計画通りに進まなくなること。
予定が崩れる（よていがくずれる）
体調・調子が悪くなる:
体調が崩れる（たいちょうがくずれる）: 健康状態が悪化すること。
天候が崩れる（てんこうがくずれる）: 悪天候になること。
状態・形が乱れる:
髪の毛が崩れる（かみのけがくずれる）: スタイルが乱れること。
陣形が崩れる（じんけいがくずれる）: 戦闘での隊列が乱れること（総崩れ - そうくずれ）。
（比喩的に）精神状態が不安定になる:
精神が崩れる（せいしんがくずれる）。 
関連する言葉
崩壊（ほうかい）: 完全に壊れてバラバラになること。
瓦解（がかい）: 組織や制度などがバラバラに壊れること。
潰れる（つぶれる）: 押しつぶされて形がなくなること（「崩れる」と似ているが、より物理的な圧迫感がある場合も）。","[""import"",""japanese""]",2026-02-22 11:13:33.100503+00,e1848554-ffae-479c-a8cd-4c0d77b7bed2,2026-03-19 15:55:50.007522+00,0,0,0,2026-03-19 15:55:50.007522+00,0,null,null,null,false,null,null,null,null,true,312ec23c-aa21-4ef4-8a94-45f0fe333cd9,null,null,"{""tables"":{""1"":{""rows"":[],""columns"":[]}}}",null,[],null,null
7326546f-d5d3-4ba2-81fa-967cca8b8ce1,「界隈（かいわい）」,"「界隈（かいわい）」は元々「その辺り一帯、近辺」を指す言葉ですが、近年、Z世代を中心に「共通の趣味・価値観・境遇・業界などを持つ人々の集まり（コミュニティ）」を指す言葉としてSNSなどで広く使われています（例：「オタク界隈」「自然界隈」「#風呂キャンセル界隈」など）。これは、特定のジャンルやコンテンツ、ライフスタイルを共有する「仲間」を意味する、ゆるやかなネットワークを表す言葉として使われ、2024年の新語・流行語大賞にもノミネートされました。 
「界隈」の2つの主な意味
本来の意味（地域）: 特定の場所やその周辺地域を指します（例：銀座界隈、渋谷界隈）。
現代的な意味（コミュニティ）:
特定のジャンル・趣味: アニメ、アイドル、ファッション、推し活など、共通の関心を持つ人々。
価値観・ライフスタイル: 「風呂キャンセル界隈」のように、ある特定の行動や考え方を持つ人々。
SNSでの繋がり: 共通の話題でつながる、ゆるやかなファンダム（ファンコミュニティ）。 
使われ方の特徴
「○○界隈」の形: 「○○」の部分に趣味や事柄が入ります。
仲間意識: ポジティブな意味で「同じ趣味の仲間」を表す。
Z世代の言葉: SNSで頻繁に使われ、共感や居場所を求めるZ世代の心理を反映。 
例
「私はアイドルオタク界隈にいます。」（アイドルファンコミュニティに属している）
「最近、○○というブランドの界隈で話題になっている。」（そのブランドのファン層の間で話題）","[""import"",""japanese""]",2026-02-22 11:13:33.100503+00,e1848554-ffae-479c-a8cd-4c0d77b7bed2,2026-03-19 15:55:50.007522+00,0,0,0,2026-03-19 15:55:50.007522+00,0,null,null,null,false,null,null,null,null,true,fbfeef31-ed9c-460c-8757-d5b5a57e6e00,null,null,"{""tables"":{""1"":{""rows"":[],""columns"":[]}}}",null,[],null,null
7a543c9f-cbd0-459c-98fa-9a41b7ee096c,「内緒（ないしょ）」,"「内緒（ないしょ）」とは、人に知られないように、内々で秘密にしておくこと、またはその内容を指します。秘密(ひみつ)と似ていますが、「内緒」はより親しい間柄で使われる口語的で日常的なニュアンスが強く、「秘密」は公的・フォーマルな場面でも使われる、より広範囲で硬い表現です。 
意味と使い方
意味: 公表せず、内々にすること。秘密の話。
例文:
「これは内緒だよ」（これは秘密だよ、誰にも言わないでね、というニュアンス）。
「妻に内緒のへそくり」（妻には言わずに隠している貯金）。
「内緒で基地を作る」（人知れず秘密の場所を作る）。 
「秘密（ひみつ）」との違い
内緒: 親しい間柄、日常会話で使う。口語的。例：「内緒話」。
秘密: 公的な場面でも使われる。文語的・硬い印象。例：「機密情報」。 
類語・関連表現
内密（ないみつ）: 「内緒」とほぼ同義で、特にビジネスなどで「ご内密にお願いします」のように丁寧に使われる。
オフレコ: 記録・公表しない約束で話すこと。
ここだけの話: 親しい間でのみ共有する話。","[""import"",""japanese""]",2026-02-22 11:13:33.100503+00,e1848554-ffae-479c-a8cd-4c0d77b7bed2,2026-03-19 15:55:50.007522+00,0,0,0,2026-03-19 15:55:50.007522+00,0,null,null,null,false,null,null,null,null,true,7b65875d-83f3-42e8-a581-062f237350ef,null,null,"{""tables"":{""1"":{""rows"":[],""columns"":[]}}}",null,[],null,null
7b2e2aa5-6ac0-4221-b6d5-5b3c988f6908,「口答え（くちごたえ）」,"「口答え（くちごたえ）」とは、目上の人や親、上司などに対して、逆らって言い返すこと、反論することを意味します。単に意見を言うだけでなく、批判的なニュアンスや、素直に聞かない態度が含まれ、相手の指示や言葉に対し否定的な反応を返す様子を指すことが多いです。 
主な意味と使われ方
目上の人への反発: 親や先生、上司に対して逆らって言い返す行為。
批判的な返答: 投げかけられた言葉にネガティブな反応や批判的な発言で返すこと。
言い換え: 「口返答（くちがえし）」「反論（はんろん）」「抗弁（こうべん）」など。
英語表現: ""talk back""、""sass""（生意気な態度で）など。 
親子の関係での「口答え」
子どもが口答えする行動は、自分の意見を持ち始めた成長の証と捉えられることもあります。
親が子どもの言い分を共感的に聞き、感情的にならずに冷静に伝えることが、関係改善のポイントとされています。 
例文
「彼は上司に口答えをして、後で反省した」。
「子どもが反抗期で、親の言うことに口答えばかりするようになった」。

https://youtu.be/oNF-yAYO5-M?si=ZLWNtbMshkbWPmJJ","[""import"",""japanese""]",2026-02-22 11:13:33.100503+00,e1848554-ffae-479c-a8cd-4c0d77b7bed2,2026-03-19 15:55:50.007522+00,0,0,0,2026-03-19 15:55:50.007522+00,0,null,null,null,false,null,null,null,null,true,fa611284-abb0-4445-9abc-e22937729d7e,null,null,"{""tables"":{""1"":{""rows"":[],""columns"":[]}}}",null,[],null,null
7e362718-79f3-4df7-b2c8-c97dfb78ad41,「はぐらかす」,"「はぐらかす」とは、相手の追及や質問から逃れるために、わざと話をそらしたり、曖昧な返事をしたりして、核心に触れさせないようにごまかす行為を指します。英語では ""dodge a question"" や ""sidestep an issue"" などと表現され、「煙に巻く」「お茶を濁す」「話を逸らす」といった類語があります。 
具体的な使い方とニュアンス
話を逸らす・話題を変える: 相手の関心を別の方向へ向けさせる意図があります。
例：「あの質問ははぐらかしておこう」
核心をぼかす・ごまかす: はっきりした答えを避け、曖昧な態度でごまかす感じです。
例：「責任を追及されても、彼はうまくはぐらかした。」
「はぐらかされる」: 受け身の形で使われ、相手にうまくかわされたり、まともに取り合ってもらえなかったりする状況です。 
類語
ごまかす: 広く「本質を隠す」「欺く」意味で使われます。
いなす・あしらう: 相手の言葉や要求を軽く受け流す、軽く扱うニュアンス。
煙に巻く: 相手を混乱させて、真実から目をそらすようにする。 
要するに、「はぐらかす」は、追及をかわし、問題をぼかし、うまく逃れるためのテクニックといったニュアンスを持つ言葉です。","[""import"",""japanese""]",2026-02-22 11:13:33.100503+00,e1848554-ffae-479c-a8cd-4c0d77b7bed2,2026-03-19 15:55:50.007522+00,0,0,0,2026-03-19 15:55:50.007522+00,0,null,null,null,false,null,null,null,null,true,b7087d4e-84c0-4175-b153-804b24634ffb,null,null,"{""tables"":{""1"":{""rows"":[],""columns"":[]}}}",null,[],null,null
7f14c20c-2e48-43a5-a153-ef5fdd8f7b4f,「偽り（いつわり）」,"「偽り（いつわり）」とは、真実ではないこと、嘘、作り事、あるいは本物ではない模造品などを指し、事実を意図的に歪めたり隠したりする行為や状態を表す言葉です。漢字の「偽」は「人」と「為」から成り立ち、人が作為的に手を加えて本来の姿を変えることから、上辺を取り繕う、正体を隠すといった意味合いも持ちます。﻿
意味と類語
意味:うそ、作り事、真実ではないこと、本物でないこと。﻿
類語:嘘、虚言（きょげん）、捏造（ねつぞう）、虚偽（きょぎ）、詐欺（さぎ）、作り話、贋造（がんぞう）、不実（ふじつ）など。﻿
「偽る（いつわる）」という動詞﻿
「偽り」の名詞形である「偽る」は、「うそをつく」「ごまかす」「本物ではないものを作る」という意味で使われます。
英語表現の例deceit, falsehood, lie, sham, mendacity など。﻿
用例﻿
「嘘偽り（うそいつわり）のない話」：嘘や偽りのない、本当の話。
「偽りの愛」：本物ではない、作り物の愛。","[""import"",""japanese""]",2026-02-22 11:13:33.100503+00,e1848554-ffae-479c-a8cd-4c0d77b7bed2,2026-03-19 15:55:50.007522+00,0,0,0,2026-03-19 15:55:50.007522+00,0,null,null,null,false,null,null,null,null,true,a57f501a-0e5f-4528-b1c4-1d6fb355b987,null,null,"{""tables"":{""1"":{""rows"":[],""columns"":[]}}}",null,[],null,null
81cf7e8e-cbcb-4102-aa15-263f6bfbf3b4,「愚痴（ぐち）」「文句（もんく）」「苦情（くじょう）」の違いは,"「愚痴（ぐち）」「文句（もんく）」「苦情（くじょう）」は、不満や不平を表明する言葉ですが、ニュアンスが異なります。「愚痴」は個人的な不平不満や弱音、「文句」は不満や不平を具体的な対象に言うこと、「苦情」は商品・サービスへの不快感を表明し、改善や補償を求める場合に使い分けられます。 
ニュアンスの比較
愚痴 (Guchi)
意味: 自分の不運や不満、心の内の不平を、主に親しい人などに漏らすこと。弱音に近い。
例: 「仕事が忙しくて大変なんだよ（愚痴をこぼす）」
文句 (Monku)
意味: 不平や不満、不服を言うこと。対象がはっきりしていることが多い。
例: 「（店員に）この味はひどい！」「（上司に）配慮が足りない！」
苦情 (Kujou)
意味: 商品やサービスに対する不快感、不満を表明すること。多くの場合、改善要求や損害の補償を伴う（クレームに近い）。
例: 「この製品はすぐに壊れた。交換してほしい（苦情を申し立てる）」 
3つの言葉の使い分け
個人的な不満を言うなら「愚痴」。
相手への不満を具体的に言うなら「文句」。
サービスや商品に対して不満を伝え、改善を求めるなら「苦情」。 
これらの言葉は、似ているようで対象や目的、深刻度が異なります。文脈に応じて適切な言葉を選ぶことが大切です。

https://m.blog.naver.com/jlpt_jpt_eju/222400164674","[""import"",""japanese""]",2026-02-22 11:13:33.100503+00,e1848554-ffae-479c-a8cd-4c0d77b7bed2,2026-03-19 15:55:50.007522+00,0,0,0,2026-03-19 15:55:50.007522+00,0,null,null,null,false,null,null,null,null,true,8a401f86-4bf8-4161-9cc6-52b5a0ffd118,null,null,"{""tables"":{""1"":{""rows"":[],""columns"":[]}}}",null,[],null,null
82da1b2e-8189-43ea-913f-21eeb6be7057,「芝居（しばい）」,"「芝居（しばい）」とは、演劇・演技・劇場そのものを指す言葉で、元々は「芝生の上で観る」ことから、見物席やその場所自体を指し、やがてそこで演じられる芸能（特に演劇）や演技そのものを意味するようになりました。歌舞伎などの舞台芸術から、人を騙すための演技（「ひと芝居打つ」）まで、幅広い意味で使われます。 
語源と意味の変遷
元来: 寺社境内などで猿楽などの芸能が行われた際、観客が芝生に座って鑑賞したことから、「芝生（しばふ）に居る（いる）」が「芝居（しばい）」となり、見物席を指した。
発展: 見物席から、劇場全体、そしてそこで行われる演劇や演技そのものを指す言葉へと意味が広がった。
現代: 「芝居を観る」のように、歌舞伎や現代演劇など、演技を含む舞台表現全般を指すのが一般的。 
関連する表現
芝居を打つ: 芝居を興行する、芝居を仕掛ける、という意味。
ひと芝居打つ: 詐欺やいたずらで人を騙すために演技をする、という意味。
地芝居（じしばい）: 地元の人々が準備から演技まですべてを行う本格的な伝統芸能（歌舞伎、能、獅子舞など）。 
現代の使われ方
単に演劇を指すだけでなく、物語の筋、演出、登場人物の感情表現、役者の技術など、舞台芸術の世界全体を包括する言葉として使われています。

https://youtu.be/HuL8zyQr8UE?si=E1ractx--3w9BHxS","[""import"",""japanese""]",2026-02-22 11:13:33.100503+00,e1848554-ffae-479c-a8cd-4c0d77b7bed2,2026-03-19 15:55:50.007522+00,0,0,0,2026-03-19 15:55:50.007522+00,0,null,null,null,false,null,null,null,null,true,81a314a8-b729-4a37-bd47-435d7ad9132b,null,null,"{""tables"":{""1"":{""rows"":[],""columns"":[]}}}",null,[],null,null
83441d4a-f3d7-430f-9d2f-622ad9c185f3,引っ張り（ひっぱり）,"引張り（ひっぱり）とは

車輛などを牽引すること。
引張力 - 金属などの素材に荷重をかけて、その荷重の軸方向に材料を引き伸ばすこと。応力、張力も参照。
野球用語については打撃 (野球)#技術と戦術を参照。

잡아당김、거리에서 손님을 끄는 매춘부、가창(街娼).

Pulling、stretching、tension

https://ja.wikipedia.org/wiki/%E5%BC%95%E5%BC%B5%E3%82%8A
https://mazii.net/ko-KR/search/word/jako/%E3%81%B2%E3%81%A3%E3%81%B1%E3%82%8A
https://mazii.net/ko-KR/search/word/jaen/%E5%BC%95%E3%81%A3%E5%BC%B5%E3%82%8A","[""import"",""japanese""]",2026-02-22 11:13:33.100503+00,e1848554-ffae-479c-a8cd-4c0d77b7bed2,2026-03-19 15:55:50.007522+00,0,0,0,2026-03-19 15:55:50.007522+00,0,null,null,null,false,null,null,null,null,true,b0a247e0-d750-42cc-971a-9fb7cafc11eb,null,null,"{""tables"":{""1"":{""rows"":[],""columns"":[]}}}",null,[],null,null
83d57c7a-1e25-477d-bb5b-b7965a72b5ce,「面倒を見る（めんどうをみる）」,"「面倒を見る（めんどうをみる）」とは、人の世話をしたり、気を配って助けたりすることで、「世話をする」「ケアする」「< 手助けする」といった意味があり、子供の世話、ペットの世話、老親の世話など、さまざまな場面で使われますが、目上の人には「お世話になります」のように表現するのが適切です。﻿
意味と使い方
世話・介護:病人や高齢者、子供などを保護し、身の回りの世話をすること。「両親の面倒を見る」「子供の面倒を見る」のように使います。﻿
サポート・手助け:困っている人や、自分では難しいことを助けてあげること。「旅行中、友達が犬の面倒を見てくれた」「会社の経理の面倒を見る」など。﻿
「面倒」の語源:手数がかかってやっかいなこと（例：面倒な仕事）と、他人の世話（例：面倒をかける）の2つの意味があり、この場合は後者の「世話」の意味です。﻿
類語・言い換え表現
世話をする（せわをする）
世話を焼く（せわをやく）
手助けする（てだすけする）
ケアする（けあする）
介抱する（かいほうする）
（目上の人に対して）お世話になる（おせわになる）﻿
例文
「母が病気なので、しばらく私が面倒を見ます。」（世話をする）﻿
「彼はいつも後輩の面倒を見てくれる、面倒見の良い先輩だ。」（手助け・指導する）﻿
「旅行に行く間、実家に猫の面倒を見てほしいと頼んだ。」（ペットの世話）

Netflix　クレヨンしんちゃん:オラたちの恐竜日記","[""import"",""japanese""]",2026-02-22 11:13:33.100503+00,e1848554-ffae-479c-a8cd-4c0d77b7bed2,2026-03-19 15:55:50.007522+00,0,0,0,2026-03-19 15:55:50.007522+00,0,null,null,null,false,null,null,null,null,true,ee595769-9696-4e0e-aab8-44904d0f8791,null,null,"{""tables"":{""1"":{""rows"":[],""columns"":[]}}}",null,[],null,null
84606b3f-40eb-44bb-9060-f07a0136c1dd,「呼び捨て（よびすて）」,"「呼び捨て（よびすて）」とは、相手の名前（名字や下の名前）に「さん」「ちゃん」「くん」などの敬称をつけずに、名前だけをそのまま呼ぶこと（例：「田中」を「田中」、「太郎」を「太郎」）で、親密さやフランクさの表現、あるいは失礼にあたる場合（特に目上の人や職場）など、関係性によって意味合いが大きく変わる言葉の習慣です。親しい友人や恋人同士では好意や距離の近さを表す一方で、職場や目上の人に対してはパワハラや威圧的と受け取られることもあります。 
呼び捨ての意味と使われ方
親密さ・好意の表現: 恋人や親しい友人に対し、「特別感」や「距離が縮まった」と感じさせる効果があります。
関係性の変化: 「くん・ちゃん」付けから呼び捨てに変わることで、関係が深まったサインとして捉えられることがあります。
「さん」付けとの対比: 「さん付け」が丁寧でよそよそしいと感じられるのに対し、呼び捨てはよりオープンなコミュニケーションを促します。
心理的効果: 相手に「頼もしい」「男らしい」といった印象を与えることもあります。 
呼び捨てが問題になるケース
職場での上下関係: 上司が部下を呼び捨てにすると、「軽んじられている」「威圧的」と感じられ、パワハラと受け取られる可能性があります。
学校での指導: いじめ防止のため、小学校で「さん付け」指導が広がり、「呼び捨て」や「あだ名」が禁止されるケースもあります。 
まとめ
呼び捨ては、関係性や状況によって「親愛」「親密さ」の象徴にも「失礼」「威圧」の象徴にもなり得るため、相手との関係性や文化をよく考えて使うべき表現です。","[""import"",""japanese""]",2026-02-22 11:13:33.100503+00,e1848554-ffae-479c-a8cd-4c0d77b7bed2,2026-03-19 15:55:50.007522+00,0,0,0,2026-03-19 15:55:50.007522+00,0,null,null,null,false,null,null,null,null,true,316d2863-309d-46ac-8406-c9f38e981262,null,null,"{""tables"":{""1"":{""rows"":[],""columns"":[]}}}",null,[],null,null
8588844e-5bb2-4f85-b520-bc9c9db58328,「奢る（おごる）」,"「奢る（おごる、사치하다、한턱내다.）」には「分不相応に贅沢をする」意味と、「自分の金で他人に飲食などを振る舞う（ご馳走する）」意味があり、後者は「上司がおごってくれる」のように肯定的に使われる一方、前者は「おごった態度」のように傲慢さを示す場合に使われ、漢字は文脈で区別されますが、「奢る」は主に「ご馳走する」意味で、「驕る」は「思い上がる」意味で使われることが多いです。 
主な意味と使い方
（他動詞） 自分の金銭で、他人に飲食代などを支払ってあげること。
例：「今日は私が奢るよ」「部長が昼飯を奢ってくれた」。
（自動詞） 必要以上に贅沢をする。ぜいたくな暮らしぶり。
例：「口がおごっている（美食家で贅沢なものを好む）」「おごった暮らし」。 
関連する「おごる」と漢字
奢る（おごる）: 贅沢をする、ご馳走する。
驕る（おごる）: 才能や権力などを鼻にかけ、思い上がって傲慢な態度を取る。「驕慢（きょうまん）」の「驕」。
侈る（おごる）: むだ遣いをする、贅沢をする。「奢侈（しゃし）」の「侈」。 
英語での表現例
I'll get it / I'll treat you!: 「私が払うよ」「ご馳走するよ」というカジュアルな表現。","[""import"",""japanese""]",2026-02-22 11:13:33.100503+00,e1848554-ffae-479c-a8cd-4c0d77b7bed2,2026-03-19 15:55:50.007522+00,0,0,0,2026-03-19 15:55:50.007522+00,0,null,null,null,false,null,null,null,null,true,4790190e-0f94-4907-8f36-1751e673c49a,null,null,"{""tables"":{""1"":{""rows"":[],""columns"":[]}}}",null,[],null,null
85c84e74-86b5-4c42-8a30-97adf0e3a2d7,「抱く（だく・いだく）」,"「抱く（だく・いだく）」は「腕で抱きしめる」という物理的な意味と、「心に抱く（思う、持つ）」という抽象的な意味があり、「だく」は主に物理的、「いだく」は主に抽象的な感情や考え（希望、疑問など）に使われ、より改まった印象を与えますが、「だく」は「いだく」が変化した形でもあります。 
主な意味と使い方
抱く (だく):
物理的に抱きしめる: 赤ちゃんを抱く、ぬいぐるみと抱き合うなど。
例: 「赤ちゃんを抱く（だく）」。
抱く (いだく):
抽象的な感情や考えを持つ: 疑問をいだく、希望をいだく、殺意をいだくなど。
文語的で改まった表現。
例: 「不信感をいだく」「大志をいだく」。
抱える (かかえる):
「抱く」と似ていますが、何かを抱え持っている状態（例: 荷物を抱える）や、問題（例: 悩みを抱える）など、より「持っている」「背負っている」ニュアンスが強いです。 
まとめ
読み方 	主な意味	用例
だく	物理的に抱きしめる、ハグする	「子供を抱く」「腕で抱く」
いだく	抽象的な感情・考えを持つ（心に抱く）	「希望をいだく」「疑問をいだく」
かかえる	抱え持つ、抱え込む（物理・抽象）	「荷物を抱える」「悩みを抱える」
「抱く（だく）」は「いだく」の音変化（語頭音消失）であり、基本的には同じ意味ですが、現代では使い分けがされています。

◆ (껴)안다; 보듬다.（いだく）

幼子を胸に抱く
아기를 가슴에 안다

◆ (마음속에) 품다.（いだく）

大きな理想を抱く
큰 이상을 품다

誰も疑問を抱かない
아무도 의문을 품지 않는다

◆ (껴안듯이) 둘러싸다.（いだく）

自然の懐に抱かれる
자연의 품에 안기다

◆ (팔·가슴에) 안다.（だく）

子供を抱く
어린아이를 안다

人形を抱いて寝る
인형을 안고 자다

抱き合って喜ぶ
서로 껴안고 기뻐하다

◆ 마음속에 품다.

不穏な考えを抱く
불온한 생각을 품다

◆ 이성과 동침하다.
◆ 다른 사람을 죄에 빠뜨리다.","[""import"",""japanese""]",2026-02-22 11:13:33.100503+00,e1848554-ffae-479c-a8cd-4c0d77b7bed2,2026-03-19 15:55:50.007522+00,0,0,0,2026-03-19 15:55:50.007522+00,0,null,null,null,false,null,null,null,null,true,ba1a921a-b150-4fe8-9067-554bf1d71db7,null,null,"{""tables"":{""1"":{""rows"":[],""columns"":[]}}}",null,[],null,null
8609e2cc-d4b6-4b63-99de-b2a2e3b1c968,「前向き（まえむき）」,"「前向き（まえむき）」とは、物事に対して積極的・建設的な姿勢を指し、ポジティブに考えたり、未来志向で行動したりする様子を表します。物理的に「正面を向く」ことと、精神的に「前向きな態度や考え方」の2つの意味があり、後者は「ポジティブ思考」「楽観的」などと言い換えられます。 
主な意味と使い方
積極的な姿勢: 物事のいい面を見たり、困難でも解決策を探したりする姿勢。「前向きに検討します」は「前向きに（積極的に）よく調べて考える」という意味で、ビジネスでは「保留」を意味する場合もあります。
ポジティブな思考: 過去ではなく未来の目標や、不足ではなく与えられたものに目を向ける考え方。
行動力: グズグズせず、すぐに行動に移そうとする様子。 
類語・関連表現
ポジティブ、肯定的、建設的
楽観的、プラス思考
意欲的、やる気が出る
前進思考、実行力がある 
例文
「困難な状況でも前向きな面を見つけようとする」
「前向きに考えれば、この問題も解決できる」
「プロジェクトに前向きな姿勢で取り組む」 
「前向き」は、単に物理的に前を向くだけでなく、心の持ち方や行動のあり方を示す言葉として広く使われています。","[""import"",""japanese""]",2026-02-22 11:13:33.100503+00,e1848554-ffae-479c-a8cd-4c0d77b7bed2,2026-03-19 15:55:50.007522+00,0,0,0,2026-03-19 15:55:50.007522+00,0,null,null,null,false,null,null,null,null,true,4e11a03a-95b8-47ff-bd39-1d191874ec22,null,null,"{""tables"":{""1"":{""rows"":[],""columns"":[]}}}",null,[],null,null
86355d17-876f-4a57-bec5-eebfcf910b45,「走り切れ（はしりきれ）」,"「走り切れ（はしりきれ）」は、「走って最後までやり遂げる」「困難な状況を走り抜ける」という意味の命令形や呼びかけで、マラソン完走や、比喩的に「困難な道のりを乗り越える」といった文脈で使われ、「抜ける」との違いは「切る」が「完了」「100%達成」に、「抜ける」が「危険や障害を通り抜ける」ニュアンスが強いです。 
意味と使い方
完走・達成: 長距離を休まずに最後まで走り切ること、目標を達成することを指します。
比喩表現: 困難や苦労を乗り越えて、ある状況を最後までやり遂げる、という意味でも使われます。 
「走り切る」と「走り抜ける」の違い
走り切る (Hashirikiru): 「切る」は「完全に終える」「完了する」というニュアンスが強く、マラソンを「完走する」「目標を100%達成する」という文脈で使われます。
走り抜ける (Hashirinukeru): 「抜ける」は「障害や危険な場所を通り抜ける」という意味合いが強く、危険地帯を走り抜けたり、困った状況から抜け出したりする際に使われます。 
例文
「目標のフルマラソンを走り切れ！」（完走を応援する）
「どんな困難も、諦めずに走り切れば道は開ける。」（比喩的な意味） 
練習のコツ（マラソンなど）
休憩を挟みながら、目標距離を分割して練習する。
フォームを意識し、体幹トレーニングを取り入れる。","[""import"",""japanese""]",2026-02-22 11:13:33.100503+00,e1848554-ffae-479c-a8cd-4c0d77b7bed2,2026-03-19 15:55:50.007522+00,0,0,0,2026-03-19 15:55:50.007522+00,0,null,null,null,false,null,null,null,null,true,550e1a09-11f8-4506-bfe2-e3ca8005efe3,null,null,"{""tables"":{""1"":{""rows"":[],""columns"":[]}}}",null,[],null,null
8ab2aa65-b7bf-4225-b10b-4206d0888d90,気になる日本語単語,突飛（とっぴ）：뜻밖임; 엉뚱함; (이상) 야릇함.,"[""import"",""japanese""]",2026-02-22 11:13:33.100503+00,e1848554-ffae-479c-a8cd-4c0d77b7bed2,2026-03-19 15:55:50.007522+00,0,0,0,2026-03-19 15:55:50.007522+00,0,null,null,null,false,null,null,null,null,true,84fb7954-eb8c-4fbc-8e44-d905f10b7abc,null,null,"{""tables"":{""1"":{""rows"":[],""columns"":[]}}}",null,[],null,null
8bbe3112-7343-4f1e-8bfc-daaa483e1aa4,「飽き飽き（あきあき）」,"「飽き飽き（あきあき）」とは、何かが多すぎたり、同じことが長く続いたりして、すっかり嫌になったり、うんざりしたりする状態を指します。単に「飽きた」よりも、疲労感や倦怠感を伴い、それ以上はもうしたくない、見たくない、聞きたくないといった強い嫌悪感を表す言葉です。 
意味と使い方
状態を表す副詞：「飽き飽きする」「飽き飽きだ」のように使われます。
例文:
「彼の長話には飽き飽きした」
「同じことの繰り返しで、仕事に飽き飽きだ」
「レストランの食事にはもう飽き飽きしている」
類語: ウンザリ、ゲンナリ、食傷（しょくしょう）、うんざりする、嫌になる、退屈する。 
ポイント
「飽きる」の程度が非常に進んだ状態（「飽ききる」に近い）です。
単なる興味の喪失だけでなく、精神的な疲労感を伴うのが特徴です。","[""import"",""japanese""]",2026-02-22 11:13:33.100503+00,e1848554-ffae-479c-a8cd-4c0d77b7bed2,2026-03-19 15:55:50.007522+00,0,0,0,2026-03-19 15:55:50.007522+00,0,null,null,null,false,null,null,null,null,true,ebe24a76-a51f-4c0b-83b3-f58a64b48bf7,null,null,"{""tables"":{""1"":{""rows"":[],""columns"":[]}}}",null,[],null,null
8caf73e9-8438-4083-85f3-ae533f762376,「支払い（しはらい）」,"「支払い（しはらい）」とは、商品やサービスの対価として金銭や財産上の利益を支払う行為・方法のことで、現金、クレジットカード、電子マネー、銀行振込、キャリア決済など様々な手段があります。支払いは「決済（けっさい）」とも呼ばれ、オンライン・オフライン問わず、経済取引において非常に基本的な概念です。 
主な支払い方法
オフライン（実店舗など）: 現金、代金引換（着払い）、コンビニ決済。
オンライン（ネット通販など）:
クレジットカード: 後払い、分割払いなど。
電子マネー・QRコード決済: Suica, PayPay, LINE Payなど。
キャリア決済: ドコモ払い、auかんたん決済など。
銀行ネット決済・ペイジー: ネットバンキングから直接支払う。
ウォレット決済: Google Pay, Apple Payなど。
コンビニ決済: ネットで注文後、コンビニで支払う。 
関連する用語
決済 (けっさい): 支払いを完了させる手続きや行為。商品・サービスと代金が交換されること。
弁済 (べんさい): 債務（借金など）を履行して支払うこと。
支払誓約書: 金銭の支払いを約束し、その意思を示す書類（借用書など）。 
使い方（例）
「支払いを済ませる」：お金を払う手続きを完了させる。
「お支払い方法を確認する」：どんな方法で払えるか、設定されているかを見る（例: Google Payの設定画面）。","[""import"",""japanese""]",2026-02-22 11:13:33.100503+00,e1848554-ffae-479c-a8cd-4c0d77b7bed2,2026-03-19 15:55:50.007522+00,0,0,0,2026-03-19 15:55:50.007522+00,0,null,null,null,false,null,null,null,null,true,c10dd849-f7a7-46b1-9e11-811bc42d71a8,null,null,"{""tables"":{""1"":{""rows"":[],""columns"":[]}}}",null,[],null,null
8dd6c85e-d02e-445e-aa78-9d5d529d2479,「誓います（ちかいます）」,"「誓います（ちかいます）」は、何かを約束したり、決意を表明したりする際に使う丁寧な表現で、特に結婚式で「はい、誓います」と答える場面や、法廷での宣誓、心に固く決める場合などに使われ、英語では ""I do,"" ""I pledge,"" ""I vow"" などと訳され、「神にかけて誓う」「生涯愛することを誓う」のように使われます。 
「誓います」が使われる主な場面と意味
結婚式：新郎新婦が司式者の問いかけに対し、「はい、誓います」と答えることで、永遠の愛や誠実さを約束します（例：「あなたを一生愛することを誓います」）。
法廷・儀式：聖書などに手を置き、「私がそれをやったのではないと神にかけて誓います」のように、真実を述べることを神聖なものに保証してもらいます。
個人的な決意：心の中で「これから英語を勉強することを誓います」のように、強い決意を表明する際にも使われます。
会社への忠誠：会社に対して「私はこの会社に忠誠を誓います」のように、忠実であることを表明します。 
英語での表現例
I do：結婚式でよく使われる「誓います」。
I pledge/I vow：より強い約束や誓約を表します。 
類語
決意する、心に決める、決心する：より一般的な決意表明。
宣誓する、盟う（ちかう）、契る（ちぎる）：誓うことに関連する言葉。 
「誓います」という言葉は、単なる「約束します」よりも重く、神聖さや強い決意、相手への真剣な気持ちが込められた表現です。

https://youtu.be/RP7yT7INjAc?si=L0o3w-56yJCHPPQY","[""import"",""japanese""]",2026-02-22 11:13:33.100503+00,e1848554-ffae-479c-a8cd-4c0d77b7bed2,2026-03-19 15:55:50.007522+00,0,0,0,2026-03-19 15:55:50.007522+00,0,null,null,null,false,null,null,null,null,true,2ec92796-d36b-4d4d-ad70-88fedc226d2a,null,null,"{""tables"":{""1"":{""rows"":[],""columns"":[]}}}",null,[],null,null