id,title,content,tags,created_at,user_id,updated_at,comment_count,view_count,like_count,last_activity_at,hot_score,deleted_at,deleted_by,deleted_reason,is_deleted,account_key,source_id,source_date,legacy_id,is_hidden,duplicate_of,deleted_scope,delete_note,table_data,attachments,links,import_source,source_filename
aadca1fa-2cd3-43b3-a86c-2acbfb94cbdc,「久々（ひさびさ）」,"「久々（ひさびさ）」は、長い間会っていなかった人や、長い間していなかったこと（行動・物事）を久しぶりに再開したり、経験したりする様子を表す言葉で、「お久しぶりです」「久しぶり！」のように、再会を喜ぶ気持ちを伝える際に使われます。ビジネスシーンでは「ご無沙汰しております」などが使われることもありますが、カジュアルな会話では「ひさびさ！」と簡潔に表現されます。 
意味と使い方
意味: 長い時間が経過してから、再び同じ人や物事に接すること。
副詞的用法: 「久しぶりに」「久々に」の形で使われることが多い。
例文:
「ひさびさ！元気だった？」（友人など親しい間柄で）
「ひさびさの旅行、楽しかった！」（久しぶりの行動に対して）
「ひさびさに実家に帰る」 
類語・関連表現
お久しぶりです: 丁寧な表現で、ビジネスシーンや目上の人にも使える。
ご無沙汰しております: ビジネスメールなどでよく使われる、より丁寧な表現（3ヶ月以上会っていない相手に使う目安も）。
久方ぶり（ひさかたぶり）: 「久々」よりもさらに長い期間を表す際に使われる、やや古風な表現。 
「久々」は、再会や再開への喜びや、久しぶりであることへの感慨を伝える、非常に便利な言葉です。","[""import"",""japanese""]",2026-02-22 11:13:32.645626+00,e1848554-ffae-479c-a8cd-4c0d77b7bed2,2026-03-19 15:55:50.007522+00,0,0,0,2026-03-19 15:55:50.007522+00,0,null,null,null,false,null,null,null,null,true,bbcec8ba-e1e4-4381-89c5-e31bfb8ff647,null,null,"{""tables"":{""1"":{""rows"":[],""columns"":[]}}}",null,[],null,null
ad015b14-9407-4545-b0c1-759fe3d3875a,「段々」,"https://www.kpedia.jp/w/12158

「段々」の韓国語「점점」を使った例文

・점점 더워진다.
だんだん暑くなる。

・점점 추워진다.
だんだん寒くなる。

・점점 어두워진다.
だんだん暗くなる。

・기분이 점점 나빠지다.
気分が次第にわるくなる。

・밤이 점점 깊어 갑니다.
夜が次第にふけていきます。

・점점 그가 궁금해졌다.
少しずつ彼が気になって来た。

・사랑을 믿지 않는 그가 점점 좋아하게 되었다.
愛を信じない彼が徐々に好きになった。

・점점 더 많은 기업이 환경 문제에 대처하고 있다.
ますます多くの企業が環境問題に取り組んでいる。

・그의 리더십을 점점 인정받게 되었다.
彼のリーダーシップがますます認められるようになった。

・그 가게의 인기는 점점 상승하고 있다.
その店の人気はますます上昇している。

・이 영화의 평가가 점점 높아지고 있다.
この映画の評価がますます高まっている。

・점점 진화하는 테크놀로지에 놀라고 있다.
ますます進化するテクノロジーに驚いている。

・그의 음악 스타일은 점점 다양해지고 있다.
彼の音楽のスタイルはますます多様化している。

・일본어능력시험 공부를 하다보면 점점 자신감이 생긴다.
日本語能力試験の勉強をしていると、ますます自信がつく。

・점점 더 많은 사람들이 인터넷을 이용하고 있다.
ますます多くの人がインターネットを利用している。

・점점 고령화 사회가 진행되고 있다.
ますます高齢化社会が進んでいる。

・점점 더 많은 학생들이 유학을 희망하고 있다.
ますます多くの学生が留学を希望している。

・그의 건강 상태가 점점 좋아지고 있다.
彼の健康状態がますます良くなっている。

・그녀의 요리 솜씨가 점점 늘고 있다.
彼女の料理の腕前がますます上達している。

・이 책은 점점 더 독자들에게 사랑받고 있다.
この本はますます読者に愛されている。

・귀차니스트 성향이 점점 심해진다.
面倒くさがりな性格がだんだん強くなっている。

・가벼이 시작한 일이 점점 커졌다.
軽い気持ちで始めたことが、次第に大きくなった。

・시집살이 문화가 점점 사라지고 있다.
嫁入り後の生活文化はだんだん消えつつある。

・아이가 점점 얌전해졌다.
子どもがだんだんおとなしくなった。

・상황이 점점 이상야릇해졌다.
状況がだんだん怪しくなってきた。

・핼로윈 분위기가 점점 커지고 있다.
ハロウィンの雰囲気がだんだん高まっている。

・요즘은 이웃사촌 같은 사람들이 점점 줄어든다.
最近は、隣人も親戚も同然のような人がだんだん少なくなっている。

・환경 보호에 대한 담론이 점점 중요해지고 있다.
環境保護に関する言説がますます重要になっている。

・그의 태도에 점점 싫증이 났다.
彼の態度にだんだん嫌気がさしてきた。

・매일 불평을 듣다 보면 점점 싫증이 난다.
毎日の不満を聞いていると、だんだん嫌気がさしてくる。
< 前   次 >

	印刷する
	

時間・頻度関連の韓国語
오밤중（真夜中）
여섯 시（6時）
새벽녘（明け方）
오십 분（50分）
옛적（昔）
언제쯤（いつ頃）
다섯 시（五時）
매번（毎回）
때（時）
점점 더（さらに）
아침저녁（朝晩）
과거（過去）
벌건 대낮（白昼）
한밤중（真夜中）
시곗바늘（時計の針）
초기（初期）
종종（時々）
한참 동안（しばらくの間）
전후（前後）
일시（一時）
＜一覧を見る＞
基本単語オンライン韓国語教室
色
模様
図形
大きさ
単位
状態・様子
感覚
お金
順番
方向・位置
時間・頻度
曜日と日にち
季節と年月","[""import"",""japanese""]",2026-02-22 11:13:32.645626+00,e1848554-ffae-479c-a8cd-4c0d77b7bed2,2026-03-19 15:55:50.007522+00,0,0,0,2026-03-19 15:55:50.007522+00,0,null,null,null,false,null,null,null,null,true,7f94e241-117b-488d-bb9e-82fbf8d4a73d,null,null,"{""tables"":{""1"":{""rows"":[],""columns"":[]}}}",null,[],null,null
ae3968e3-98b3-43fb-b4de-f015ea83e57e,「乗りそびれ」,"https://youtu.be/xwRzxGZn2hw?si=F0gZQrXFO24-ePgQ

「乗りそびれ」とは、「乗り損ねる」の連用形（名詞化した形）で、電車やバス、飛行機などの乗り物に乗る機会を逃してしまい、乗れなかった状態を指します。朝寝坊や寝過ごし、手違いなどで発生し、「乗り遅れる」「乗り過ごす」と同義で、交通機関のチケットに関するルール（特に新幹線など）は、当日中に限り後続の自由席なら乗車可能など、詳細な規定があります。 
「乗りそびれ」の意味と具体例
意味: 予定していた乗り物に乗るチャンスを逃すこと。「乗りそびれる」は「機会を失って、とうとうしとげないでしまう」という意味の動詞です。
例文:
「朝寝坊して、始発の電車に乗りそびれた」。
「うっかり寝過ごして、目的地の駅を乗りそびれた（降りそびれた）」。 
交通機関ごとの対応
新幹線・特急券:
指定席: 発車時刻を過ぎると原則無効ですが、当日中に限り、後続列車の普通車自由席には差額を払えば乗車できます（割引切符などは条件が異なる）。
乗車券: 払い戻しが可能な場合がありますが、使用済みとみなされる切符もあります。
飛行機:
航空会社の規約を確認し、早めに連絡することが重要です。変更やキャンセルには手数料がかかることが多く、当日中の対応が基本です。 
関連語
乗り遅れる（のりおくれる）
乗り過ごす（のりすごす）
し損なう（しそこなう） 

https://aiueo.cc/pages/ja/grammar/web/615.php

【說明】

　この文型は、何かをしようとしたが、機会を逃してできなかったことを表す表現で、何かをしようとしたものの、タイミングや状況によって実行できなかったことを説明するときに使用されます。

【訳文】This sentence pattern is used to describe an attempt to do something that was thwarted due to missed opportunities or circumstances. It conveys the inability to carry out an intended action because of timing or other factors.

【例文】

・朝寝坊して、電車に乗りそびれた。
【訳文】I overslept and missed the train.

・仕事が終わらず、映画を見に行きそびれた。
【訳文】I couldn’t finish my work and missed the movie.

・結局、タイミングを逃して、告白しそびれました。
【訳文】In the end, I missed the timing and couldn’t confess.

・彼にお礼を言いそびれてしまった。
【訳文】I missed the chance to thank him.

・話そうと思っていたけど、忙しくて話しそびれたんです。
【訳文】I wanted to talk, but I was too busy and missed the chance.","[""import"",""japanese""]",2026-02-22 11:13:32.645626+00,e1848554-ffae-479c-a8cd-4c0d77b7bed2,2026-03-19 15:55:50.007522+00,0,0,0,2026-03-19 15:55:50.007522+00,0,null,null,null,false,null,null,null,null,true,f53f6e67-e3a0-4dfc-8066-1e77912d88f7,null,null,"{""tables"":{""1"":{""rows"":[],""columns"":[]}}}",null,[],null,null
af249b2d-9585-4beb-8da5-4b63ef06fa56,封筒（ふうとう）,"封筒（ふうとう、봉투）は、手紙や書類、荷物などを送る際に内容物を保護・梱包するためのもので、長形（和封筒）、角形（洋封筒）、洋形（横型封筒）などの種類があり、定形郵便と定形外郵便でサイズが細かく分かれ、クラフト、OPP（透明）、クッション封筒など素材も多様で、用途（DM、フリマ発送、ビジネス文書など）に合わせて選ばれ、郵便局や文具店、通販サイトで購入できます。 
主な封筒の種類と用途
長形（なががた）: 和封筒とも呼ばれ、長3封筒（A4三つ折り）、長4封筒（B5四つ折り）が代表的で、ビジネス文書や請求書、お礼状などに広く使われます。
角形（かくがた）: A4用紙を折らずに入れられる角2封筒がビジネスで定番で、履歴書やカタログ送付に便利です。
洋形（ようがた）: 招待状や案内状、DM（ダイレクトメール）によく使われ、ダイヤモンド貼り（カマス貼り）などの貼り方があります。
クッション封筒: 中にプチプチ（緩衝材）が付いており、衝撃に弱い小物や化粧品などの発送に適しています。
OPP（透明）封筒: 中身が見えるため、アパレルや雑貨の発送、ラッピングなどに使われます。 
選び方のポイント
送るものに合わせてサイズを選ぶ: A4用紙なら角2、A4三つ折りなら長3（または洋長3）など、中身のサイズに合わせます。
用途で素材を選ぶ: 大切な書類は透けない封筒や厚手のもの、CDや小物ならクッション封筒など、保護したい度合いで選びます。
郵便料金を確認する: 定形郵便（長3・長4など）か定形外郵便（角2など）かで料金が変わるため、重さとサイズを確認します。 
便利な機能
テープ付き（のり付き）: 封を素早くできるため、大量発送に便利です。
透けない（地紋入り）: プライバシー保護や内容物が見えないようにしたい場合に役立ちます。 
どこで買う？
郵便局（レターパックなど特定郵便物も）
文具店、ホームセンター、スーパー（Amazon、楽天、ASKUL、モノタロウなどの通販サイトも豊富）","[""import"",""japanese""]",2026-02-22 11:13:32.645626+00,e1848554-ffae-479c-a8cd-4c0d77b7bed2,2026-03-19 15:55:50.007522+00,0,0,0,2026-03-19 15:55:50.007522+00,0,null,null,null,false,null,null,null,null,true,ae93ff7c-da43-4eb1-8ddd-7468d28b799c,null,null,"{""tables"":{""1"":{""rows"":[],""columns"":[]}}}",null,[],null,null
b0c26627-bfa6-4145-8bfe-69b16d1974fc,「代わりに（かわりに）」,"https://www.youtube.com/watch?v=UX2xgEVJUPE

「代わりに（かわりに）」は、「ある役割や機能ができないときに、別のものや人がその役割を果たす」ことや、「ある事柄の代償や条件として、別の事柄が起こる」状況を表す言葉で、英語の""instead of""や""in place of""に相当し、代理・代替（例：課長の代わりに私が参加する）や、トレードオフ・交換条件（例：安い代わりに交通が不便）の意味で使われます。 
主な意味と使い方
代理・代替（Aの代わりにBをする/BがAの役割を果たす）
人や物が欠けたときに、その役割を引き継ぐ。
例: 「部長が急用で出張に行けないので、私が部長の代わりに行きます。」
例: 「ネギを切るときは包丁の代わりにハサミを使ってもいいですよ。」
トレードオフ・交換条件（～の代わりに～）
プラス面とマイナス面が表裏一体の関係にあることを示す。
例: 「この家は家賃が安い代わりに、交通が不便だ。」
例: 「彼は語学が上手な代わりに、数学が苦手だ。」 
似た表現との違い
「代わり（かわり）」と「替わり（かわり）」:
代わり: 役割や位置の交代（代理・代替）。
替わり: 新しいものへの交換・更新（交換・変更）。
「〜に代わって（〜にかわって）」: 「〜の代わりに」とほぼ同じで、主に人や組織の代理（「〜に代わって、私が責任を取る」など）で使われます。 
接続のルール
動詞: 辞書形（例：行く代わりに）。
名詞: 「の」を付けて（例：課長の代わりに）。
な形容詞: 「な」を付けて（例：便利な代わりに）。 
まとめ
「代わりに」は、状況に応じて「代理」や「交換条件」のニュアンスで使われ、柔軟なコミュニケーションを可能にする便利な表現です。

https://mazii.net/ko-KR/search/word/jako/%E4%BB%A3%E3%82%8F%E3%82%8A%E3%81%AB

◆ 그 대신(에).

代わりにこれをあげよう
그 대신에 이것을 줄게

https://www.kpedia.jp/w/37979

「代わりに」の韓国語「대신에」を使った例文

・이 전화는 고장입니다. 대신에 이 전화를 사용하세요.
その電話は故障中です。代わりにこの電話を使ってください。

・나 대신에 니가 가라.
僕の代わりに君が行って。

・일요일 출근하는 대신에, 내일은 쉬게 해 주세요.
日曜日出勤するかわりに、明日は休ませてください。

・볼링 대신에 탁구를 쳤어.﻿
ボーリングの代わりに卓球をした。﻿

・도태되는 대신에 시장 변화에 빠르게 대응해야 한다.
淘汰される代わりに市場の変化に素早く対応しなければならない。

・몽둥이 대신에 방망이를 사용해야 한다고 말했다.
棒の代わりにバットを使うべきだと言った。

・마요네즈 대신에 요거트를 사용하는 경우도 있다.
マヨネーズの代わりにヨーグルトを使うこともある。

・독이 없는 대신에 다른 뱀보다 굵은 몸으로 조여 먹이를 질식하게 한다.
毒がない代わりに、他のヘビよりも太い体で締めつけて餌を窒息させる。

・에코백은 비닐봉투 대신에 장볼 때 사용하는 가방을 말합니다.
エコバッグはレジ袋の代わりに買い物に使用するバッグをいいます。

・버스를 타는 대신에 걸어서 귀가했다.
バスに乗る代わりに歩いて帰宅した。

・대수학은 숫자 대신에 문자를 사용해, 계산의 법칙・방정식의 해법 등을 주로 연구하는 수학의 일부분입니다.
代数学は数の代わりに文字を用い、計算の法則・方程式の解法などを主に研究する数学の一分野です。

・돈 대신에 몸으로 때우다.
金のかわりに体で償う。

・청소를 돕는 대신에 용돈을 받았다.
掃除を手伝う代わりにお小遣いをもらった。","[""import"",""japanese""]",2026-02-22 11:13:32.645626+00,e1848554-ffae-479c-a8cd-4c0d77b7bed2,2026-03-19 15:55:50.007522+00,0,1,0,2026-03-19 15:55:50.007522+00,0,null,null,null,false,null,null,null,null,true,6dc650fe-1e02-48ab-a118-08fd8f768cbd,null,null,"{""tables"":{""1"":{""rows"":[],""columns"":[]}}}",null,[],null,null
b34d0601-a214-4527-9a61-79733ae37f2c,まぶた（瞼、眼瞼：がんけん）,"鬼滅の刃無限列車編

まぶた（瞼、眼瞼：がんけん）は、眼球を外部の刺激（光、ほこり、異物）から保護し、涙を目の表面に行き渡らせて乾燥を防ぐ、開閉式の薄い組織です。皮膚の中で最も薄く、デリケートで、主に皮膚、瞼板（けんばん）、筋肉、結膜から構成されています。 
まぶたの主な機能と特徴
保護機能: 強い光や異物が目に入った際、反射的に閉じて眼球を守る。
潤い・洗浄: まばたき（瞬目）により、涙の成分を目の表面全体に広げ、角膜の乾燥と感染を防ぐ。
構造: 上まぶたと下まぶたがあり、内部の「瞼板」という板状の組織が構造を支えている。
皮膚の薄さ: 皮膚の中で最も薄く、しわを作りやすい。 
関連する医学的用語や症状
眼瞼下垂（がんけんかすい）: 上まぶたが垂れ下がり、黒目にかぶさる状態。
腫れ・トラブル: 皮膚が薄いため、化粧品、乾燥、疲れ、炎症、または体調（むくみ）で腫れやすい。 
なお、歌手のVaundyによる人気楽曲『まぶた』は、テレビドラマ『女神の教室～リーガル青春白書～』の主題歌です。

https://ja.wikipedia.org/wiki/%E3%81%BE%E3%81%B6%E3%81%9F

まぶた（英: eyelid、瞼/𥇥、目蓋）は、脊椎動物の魚類を除く多くの種にある、顔の皮膚から連続して眼球を上下から覆い保持する不透明で開閉式の器官である。眼瞼（がんけん）とも。","[""import"",""japanese""]",2026-02-22 11:13:32.645626+00,e1848554-ffae-479c-a8cd-4c0d77b7bed2,2026-03-19 15:55:50.007522+00,0,0,0,2026-03-19 15:55:50.007522+00,0,null,null,null,false,null,null,null,null,true,fab7eb3d-a743-4069-9034-9b9ef33b1412,null,null,"{""tables"":{""1"":{""rows"":[],""columns"":[]}}}",null,[],null,null
b6e515b9-34f4-43ea-a124-5ef16a5b1a24,「儚い（はかない）」,"鬼滅の刃無限列車編

「儚い（はかない）」は、淡く消えやすい、長く続かない、頼りない、またはすぐに壊れてしまいそうな様子を表す言葉です。夢、恋、命、桜、雪など、刹那的で繊細な美しさや、むなしさを伴うものに対して使われ、現代では「（消えそうなほど）透明感がある」というポジティブな意味でも使用されます。 
意味とニュアンス
消えやすい: 夢のように一瞬で終わる、霧のようにすぐになくなる。
もろい・かぼそい: 物理的、心理的に壊れやすい。
頼りない: 確かな根拠がない、あっけない。 
主な表現と語源
例: 儚い命、儚い夢、儚い恋、儚い希望。
語源: 「はか（目当て・よりどころ）」がない、という意味に由来する。 
類語・言い換え
刹那的、短命、瞬時、泡沫（うたかた）、仮初め（かりそめ）、脆い（もろい）。 
英語表現
Ephemeral（短命な、はかない）
Fleeting（一時の、つかの間の）
Fragile（壊れやすい）

https://www.kpedia.jp/w/20360

「儚い (はかない)」の韓国語「덧없다」を使った例文

・인생은 덧없다.
人生は儚い。

・그것은 거품처럼 덧없이 사라져 버린다.
それは泡のように儚く消えてしまう。

・사람의 일생은 덧없다.
人の一生は儚い。

・인생은 덧없는 것이라고 자주 저의 할아버지는 말합니다.
人生は儚いものだよ、とよく私の祖父は言います。

・흔히 사람들은 인생이 덧없다고 말한다.
人生は儚いよ、とよく人は言う。

・벚꽃나무 꽃이 덧없이 지고 있습니다.
桜の木の花が儚く散っています。

・하루살이의 일생은 매우 덧없다.
カゲロウの一生はとても儚い。

・꽃잎이 덧없음을 느끼게 한다.
花びらが儚さを感じさせる。

・60년이나 살다 보면 세상의 무서움도 덧없음도 몸에 사무칩니다.
60年も生きてくると、世の中の怖さもはかなさも身にしみてきます。

・다음 날 아침에 눈사람은 덧없이 사라져 없어졌다.
翌朝雪だるまは跡形もなく消え失せていた。

・거품이 덧없이 사라졌다.
バブルが跡形もなく消え去った。

・덧없이 세월이 흐르다.
むなしく時が過ぎる。

・시간은 정말 덧없이 흘러간다.
時間は本当に矢のように流れていく。

https://www.kpedia.jp/w/27405

「儚い (はかない)」の韓国語「무상하다」を使った例文

・인생은 무상하다.
人生ははかない。

・세상은 무상하다.
世の中は無常だ。

・이 세상은 무상하다고 한탄하다.
この世は無常だと嘆く。","[""import"",""japanese""]",2026-02-22 11:13:32.645626+00,e1848554-ffae-479c-a8cd-4c0d77b7bed2,2026-03-19 15:55:50.007522+00,0,0,0,2026-03-19 15:55:50.007522+00,0,null,null,null,false,null,null,null,null,true,364a96f4-e8d4-407b-89b4-245f57af539f,null,null,"{""tables"":{""1"":{""rows"":[],""columns"":[]}}}",null,[],null,null
baa479e1-879e-439a-a642-27bd280ce02a,「寂しい（さびしい）」,"「寂しい」は、心が満たされず物足りない、孤独で心細い、または人の気配がなくひっそりしている状態を表す言葉で、英語では""lonely""や""sad""などに相当し、解消するには読書や運動、オンラインでの交流、美味しいものを食べる、新しい楽しみを見つけるなどの対処法があります。 
「寂しい」の意味と使われ方
感情的な寂しさ: 誰かと繋がっていたいのに繋がれない、必要とされていないと感じる気持ち。
状況的な寂しさ: 物理的に人がいない、静かでひっそりしている様子。
「寂しい」と「淋しい」: 「寂しい」は一般的・客観的、「淋しい」は主観的・詩的な表現で、公的な場では「寂しい」が使われます。「さみしい」はひらがなで書くのが適切です。 
寂しさを和らげるための対処法
行動を起こす: 散歩して日光を浴びる、運動する、新しい趣味や勉強を始める。
気分転換: 音楽・映画鑑賞、読書、美味しいものを食べる、お風呂でリラックスする。
人との繋がり: 友達と話す、オンラインコミュニティで交流する、相手の話に興味を持つ。
思考の転換: 未来の楽しみを想像する、一人でいることを肯定的に捉える時間にする。 
寂しいと感じやすい人へのヒント
寂しさは誰にでもある感情であり、無理に消そうとせず、自分と向き合う時間と捉えることも大切です。
寂しさを感じやすい性質は生まれつきの部分もあり、自分を理解し、うまく付き合っていく方法を見つけることが重要です。

https://mazii.net/ko-KR/search/word/jako/%E3%81%95%E3%81%B3%E3%81%97%E3%81%84

◆ 허전하다.（さびしい）

口が寂しい
입이 허전하다

懐が寂しい
호주머니가 허전하다((돈이 떨어지다))

◆ 쓸쓸하다; 적적하다; (슬프고) 외롭다（さびしい）

寂しい生活
쓸쓸한 생활

寂しい山道
호젓한 산길

一人寂しく暮らす
혼자 쓸쓸히 지내다

◆ 섭섭하다（さびしい）

友と別れて寂しい
친구와 헤어져 섭섭하다

◆ 쓸쓸하다; 적적하다（さみしい）

寂しい冬景色
쓸쓸한 겨울 풍경

寂しい夜道を歩く
호젓한 밤길을 걷다

一人ぼっちで寂しい
외돌토리가 되어 쓸쓸하다","[""import"",""japanese""]",2026-02-22 11:13:32.645626+00,e1848554-ffae-479c-a8cd-4c0d77b7bed2,2026-03-19 15:55:50.007522+00,0,0,0,2026-03-19 15:55:50.007522+00,0,null,null,null,false,null,null,null,null,true,5797a340-a7dd-4e8a-b88e-94f3db3b5be7,null,null,"{""tables"":{""1"":{""rows"":[],""columns"":[]}}}",null,[],null,null
bb2a482e-3479-41d3-a994-1eba1e402ad5,しんどい,"https://youtu.be/5pTO-tyNdpA?si=MN23bBLaFu7Lz8pL

しんどい時は、まず何よりも「休んでいい」と自分に許可を出してください。心身の疲労、ストレス、睡眠不足、または環境の変化など、その原因は様々です。無理をせず、質の良い睡眠、温かい飲み物、自然に触れること、あるいは何も考えない時間を作るなど、小さなセルフケアを試みてみてください。 
今すぐできること
休息をとる: 無理に動かず、身体と心を休める。
深呼吸をする: 呼吸が浅くなっている場合があるため、意識して整える。
場所を変える: 落ち着ける場所（布団、公園など）へ移動する。
書き出す: 今感じているストレスを紙に書き殴ってスッキリする。 
長引く場合の対処
生活習慣を見直す: 栄養のある食事と睡眠を意識する。
誰かに話す: 家族、友人、または専門の相談機関を利用する。 
「しんどい」は心と体からの「休憩サイン」です。自分を責めず、どうかご自身を大切にしてください。もし苦しい状況が続くようであれば、専門家への相談も検討してください。 

https://mazii.net/ko-KR/search/word/jako/%E3%81%97%E3%82%93%E3%81%A9%E3%81%84

◆ 힘이 들다; 골치 아프다; 벅차다; 어렵다.

この仕事はしんどい
이 일은 힘이 든다

全部一人でやるのはしんどい
전부 혼자 하기에는 벅차다

多くの客に対応するのがしんどい
많은 손님을 응대하기가 힘들다

◆ 지치다; 녹초가 되다.

おおしんどい
아아 지쳤다","[""import"",""japanese""]",2026-02-22 11:13:32.645626+00,e1848554-ffae-479c-a8cd-4c0d77b7bed2,2026-03-19 15:55:50.007522+00,0,0,0,2026-03-19 15:55:50.007522+00,0,null,null,null,false,null,null,null,null,true,4ba5ee5b-6c45-442e-8bf3-76437b112e5e,null,null,"{""tables"":{""1"":{""rows"":[],""columns"":[]}}}",null,[],null,null
bcdf874f-6389-435e-8be6-ba0e6d096106,「物凄い（ものすごい）」,"https://youtu.be/kDFKrA89kj0?si=81zYInY2f-mO6lmb

やった目見ていかがですか？
ものスゴい緊張しました。

chromeAI

それは本当にお疲れ様でした！「ものスゴい」という言葉から、心臓がバクバクするような、かなりの大舞台や重要な局面だったことが伝わってきます。
無事に終わって（あるいは一段落して）、今ホッとされているところでしょうか。
まずは、その緊張に耐え抜いたご自身を、思いっきり労ってあげてください。
「よく頑張った」「緊張するのも当然なくらい大事なことだった」と認めてあげて、今日は温かいものを飲んだり、ゆっくりお風呂に入ったりして、心と体を休めてくださいね。
本当にお疲れ様でした。素晴らしいです！

「物凄い（ものすごい）」は、程度が並外れてはなはだしい様子、または非常に恐ろしく気味が悪い様子を指す形容詞です。単に「すごい」よりも程度が強調され、物事の激しさや桁外れな様子（例：物凄い人出、物凄い速さ）を表現する際に使われます。 
主な意味と使い方
程度が普通をはるかに超えている（はなはだしい）
例文：人出が物凄い、物凄い音、物凄い速さ。
非常に恐ろしい、気味が悪い
例文：怒った顔が物凄い、物凄い断崖絶壁。 
類語・類義表現
猛烈な、凄まじい、激烈な、強烈な（勢いが強い）
桁違い、並み外れ、甚だしい、えらい（程度が並外れている）
非常、とても、すごく、滅法（めっぽう）（強調の副詞的用法） 
類語として「凄まじい」「猛烈」などが挙げられ、非常に強いインパクトや恐れを感じる状況で用いられます。","[""import"",""japanese""]",2026-02-22 11:13:32.645626+00,e1848554-ffae-479c-a8cd-4c0d77b7bed2,2026-03-19 15:55:50.007522+00,0,0,0,2026-03-19 15:55:50.007522+00,0,null,null,null,false,null,null,null,null,true,f9961bee-0da2-41e1-ad19-5994bb178d5e,null,null,"{""tables"":{""1"":{""rows"":[],""columns"":[]}}}",null,[],null,null
bd338977-9fcd-45e4-81c2-33aef0b964a4,「視線（しせん）」と「目線（めせん）」の違い,"「視線（しせん）」は目の向きや方向そのものを指し、「目線（めせん）」はある立場や視点からの見方・考え方を指し、「視線」より「点（視点）」に焦点があり、映画・演劇用語から広まった言葉で、「カメラ目線」「消費者目線」のように使われ、両者は意味が似ていますが「目線」はより視点・立場を強調します。 
視線（しせん）
意味: 目の向いている方向、見ている対象へ向かう線のこと。
用例: 「視線が合う」「視線をそらす」「世間の視線が気になる」など、物理的な目の動きや他人の視線を指すことが多い。 
目線（めせん）
意味: もともと映画・演劇業界で、俳優がカメラや特定の対象へ向ける目の位置（視点）を指す専門用語。
用法: 一般社会で「視点」「立場」の意味で広く使われるようになった。
用例: 「カメラ目線」「上から目線」「消費者目線」「子供目線」など、ある立場になって物事を考える視点を表す。 
違いのまとめ
視線: 目の動き、方向（線）。
目線: ある立場からの視点・座標（点）。 
「視線」は客観的な目の動き、「目線」は主観的な視点や立場に重点があり、「目線」は比較的新しく、俗語として一般化した言葉と言えます。","[""import"",""japanese""]",2026-02-22 11:13:32.645626+00,e1848554-ffae-479c-a8cd-4c0d77b7bed2,2026-03-19 15:55:50.007522+00,0,0,0,2026-03-19 15:55:50.007522+00,0,null,null,null,false,null,null,null,null,true,8e015689-f967-45c7-8985-9a47d980fd31,null,null,"{""tables"":{""1"":{""rows"":[],""columns"":[]}}}",null,[],null,null
c0007adf-dcbb-4466-b2ff-110dd20bbd06,「すっかり」,"https://youtu.be/V_HI5p1-RMk?si=DoOjHCkhTjEBaTGZ

「すっかり」は、残りが全くない状態（例：貯金をすっかり使い切る）と、完全に何かの状態になっていること（例：すっかり元気がない、すっかり春らしい）を表す副詞です。多くの場合、「ぜんぜん」「まったく」「完全に」と同じような意味で使われ、何かを「全部」や「完全に」してしまった、あるいはそうなった状況を強調します。 
主な意味と使い方
残りが全くない様子（全部、ことごとく）
例：「貯金をすっかり使ってしまった。」（残らず全部使った）
例：「仕事がすっかり片付いた。」（仕事が全部終わった）
例：「宿題をすっかり忘れていた。」（完全に忘れて、記憶に残っていない）
完全に何かの状態になっている様子（まったく、完全に）
例：「体がすっかり良くなった。」（完全に回復した）
例：「今日はすっかり秋だね。」（完全に秋の気候になった）
例：「彼はすっかり変わってしまった。」（完全に別人のようになった） 
類語・関連語
全く（まったく）：意味が非常に近いですね。
ぜんぜん（全然）：否定的な文脈で「全く〜ない」の意味で使われますが、「すっかり」は肯定・否定どちらの文脈でも使えます。
しっかり：混同しやすいですが、「すっかり」が「全部」「完全に」なのに対し、「しっかり」は「丈夫に」「安定して」という意味で、「しっかり準備する」のように使います。
すっきり：これも似ていますが、「さっぱりして気持ちが良い」状態を表し、「部屋を掃除してすっきりした」のように使います。

https://www.kpedia.jp/w/32644

「すっかり」の韓国語「말끔히」を使った例文

・거울을 말끔히 닦았다.
鏡をきれいに拭いた。

・일을 말끔히 끝냈다.
仕事をすっかり終えた。

・그 약을 먹으니까 금세 말끔히 낫어요.
その薬を飲んだらすぐにすっかり良くなりました。

・말끔히 피로가 가신다.
すっかり疲れがとれる

・정리 정돈된 책장은 말끔히 치워져 있다.
整理整頓された書棚は綺麗に片付けてある。

・책상 위는 말끔히 치워져 있다.
机の上はこざっぱり片付いている。

・때수건으로 피부 때를 말끔히 제거할 수 있어요.
あかすりタオルで、肌の垢がすっきり取れます。

・마사지로 피로가 말끔히 풀립니다.
マッサージで、疲れがスッキリと取れます。

・경락 마사지로 피로가 말끔히 풀렸습니다.
経絡マッサージで、疲労がスッキリと取れました。

・탈취제를 사용하면 주방 냄새가 말끔히 사라집니다.
脱臭剤を使うと、キッチンの匂いがすっきりと消えます。

・그릇에 묻은 찌꺼기를 말끔히 씻어내다.
器についたかすをきれいに洗い出す。

・상의 안감이 말끔히 꿰매어져 있다.
上着の裏地がきれいに縫われている。

・서재를 말끔히 정리해 놓아라.
書斎をきれ いに整理しておいて。

・말끔히 피로가 가셨다.
すっかり疲れが取れた。

・일을 말끔히 끝냈다.
仕事をすっかり終えた。

・바닥을 말끔히 닦아라.
床をきれいに拭きなさい。

https://mazii.net/ko-KR/search/word/jaen/%E3%81%99%E3%81%A3%E3%81%8B%E3%82%8A

◆ All, completely, thoroughly

彼はすっかり興奮している。
He's all excited.

すっかりお膳立てができている。
It's all laid on.

ようやくすっかり終わった。
It is finally all over.

◆ All; completely; totally; entirely; thoroughly","[""import"",""japanese""]",2026-02-22 11:13:32.645626+00,e1848554-ffae-479c-a8cd-4c0d77b7bed2,2026-03-19 15:55:50.007522+00,0,0,0,2026-03-19 15:55:50.007522+00,0,null,null,null,false,null,null,null,null,true,1cc46b7e-65b8-4ed4-b631-0c5b568fb78b,null,null,"{""tables"":{""1"":{""rows"":[],""columns"":[]}}}",null,[],null,null
c2be5794-d9e8-4770-9bb8-e477a5693e1e,「シコル」,"「シコル」は文脈によって意味が異なり、主に韓国の新世界百貨店が運営するコスメセレクトショップ「CHICOR（シコル）」を指す場合と、俗語で男性の自慰行為や、こだわり・遺恨が残る状態を指す場合がありますが、後者は刑事弁護の分野で使われることもあります。 
CHICOR（コスメショップ）の場合
概要: 韓国のデパート「新世界百貨店」が展開する、K-Beautyから海外コスメまで幅広く扱う体験型のビューティーセレクトショップです。
特徴: コスメのタッチアップやパーソナルカラー診断など、購入だけでなく体験ができるのが魅力で、明洞店や江南駅店などが有名です。 
俗語・スラングの場合
語源: 「シコシコする」という擬音語から来ています。
意味:
男性の自慰行為（マスターベーション）を指します。
転じて、物事にこだわりや執着が残る状態、遺恨（いこん）が残る状態を指すこともあります。 
文脈に合わせて「CHICOR」というお店のことか、俗語の意味か判断すると良いでしょう。","[""import"",""japanese""]",2026-02-22 11:13:32.645626+00,e1848554-ffae-479c-a8cd-4c0d77b7bed2,2026-03-19 15:55:50.007522+00,0,0,0,2026-03-19 15:55:50.007522+00,0,null,null,null,false,null,null,null,null,true,4de687a0-3899-47c3-b9a5-5042c869cf28,null,null,"{""tables"":{""1"":{""rows"":[],""columns"":[]}}}",null,[],null,null
c69bbc3b-6e44-4725-be37-b9fcce48bfe9,「不甲斐ない（ふがいない）」,"鬼滅の刃無限列車編

「不甲斐ない（ふがいない）」は、期待に応えられず情けない、だらしない、意気地がない様子を表す言葉です。自分の力不足や結果が出なかったことに対する反省・自責の念、あるいは他者に対する失望を表す際に主に用いられます。 
主な意味とニュアンス
意味: 情けないほど意気地がない。だらしない。頼りにならない。
ニュアンス: ネガティブな感情が強く、主に自分自身の言動を恥じる際や、期待外れな結果に終わった時に使われる。 
例文・使い方
「不甲斐ない自分に腹が立つ」
「このような不甲斐ない結果になり、申し訳ありません」
「不甲斐ない部下だ」 
類語・言い換え
情けない
意気地がない
だらしない
力不足
頼りない 
注意点
「不」と「ない」の二重否定であるにもかかわらず、プラスの意味にならず、ネガティブな意味（否定的な状況）で使われるのが特徴。 

https://mazii.net/ko-KR/search/word/jako/%E4%B8%8D%E7%94%B2%E6%96%90%E3%81%AA%E3%81%84

◆ 기개가 없다; 칠칠치 못하다; 한심스럽다.

腑甲斐無い奴め
칠칠치 못한 녀석 같으니라고

腑甲斐無い成績
한심스러운 성적

あんな相手に負けるなんて腑甲斐無い
저런 상대에게 지다니 한심하다","[""import"",""japanese""]",2026-02-22 11:13:32.645626+00,e1848554-ffae-479c-a8cd-4c0d77b7bed2,2026-03-19 15:55:50.007522+00,0,0,0,2026-03-19 15:55:50.007522+00,0,null,null,null,false,null,null,null,null,true,d77f1240-f7e7-453e-9a5c-cbb9d234c3ae,null,null,"{""tables"":{""1"":{""rows"":[],""columns"":[]}}}",null,[],null,null
cf7e28e7-5822-4c77-8892-8c5c1f486aad,脈絡（みゃくらく）,"https://mazii.net/ko-KR/search/word/jako/%E3%81%BF%E3%82%83%E3%81%8F%E3%82%89%E3%81%8F

◆ 맥락.
◆ 혈맥; 혈관.

脈絡膜
맥락막.

◆ 연관; 연결; 관련.

脈絡のない文章
문맥이 통하지 않는 문장

前後の脈絡
앞뒤의 연관

両者の間には脈絡が認められない
양자 사이에는 관련성을 찾아볼 수 없다

https://www.kpedia.jp/w/41883

「脈絡」の韓国語「맥락」を使った例文

・이야기에 맥락이 없다.
話に脈絡がない

・전후의 맥락을 살펴보면 공무원의 직무유기라는 점에는 변명의 여지가 없어 보인다.
前後の脈絡をみると、公務員の職務放棄という点には弁解の余地がなさそうにみえる。

・학술 논문에서 연표를 사용하여 역사의 맥락을 설명한다.
学術論文で年表を使用し、歴史の脈絡を説明する。

・그 표현은 이 맥락에서 조금 이상해.
その表現はこの文脈では少し変だ。","[""import"",""japanese""]",2026-02-22 11:13:32.645626+00,e1848554-ffae-479c-a8cd-4c0d77b7bed2,2026-03-19 15:55:50.007522+00,0,0,0,2026-03-19 15:55:50.007522+00,0,null,null,null,false,null,null,null,null,true,6a900e49-4e2c-43b9-8c75-5b978424c12d,null,null,"{""tables"":{""1"":{""rows"":[],""columns"":[]}}}",null,[],null,null
d26c8ae1-e342-4b67-a7d6-86651ea87977,「失い（うしない）」,"「失い（うしない）」は、動詞「失う（うしなう）」の連用形、あるいは名詞化された形であり、持っていたもの、見えていたもの、場所や機会などをなくすことを指します。紛失、消失、喪失といったネガティブな結果や、見失う、あるいは「安物買いの銭失い」といった表現でよく使われます。 
主な用法・関連表現：
見失う（みうしなう）: 見えていたものの行方が分からなくなること。
安物買いの銭失い（ぜにうしない）: 安いものを買って、結局損をすること。
喪失（そうしつ）: 職、自信、記憶などをなくすこと。
失うの言い換え: 紛失、逸失、手元からなくなる。 
関連して、心理的な喪失や、能力の低下などを表す際にも幅広く用いられます。

https://mazii.net/ko-KR/search/word/jako/%E5%A4%B1%E3%81%84%E3%81%BE%E3%81%97%E3%81%9F

◆ 잃다.
◆ 잃어버리다.

職を失った人
실직한 사람

金を失う
돈을 잃다

心を失う
정신 나가다; 평정을 잃다

◆ 사별(死別)하다; 여의다.

父を失う
아버지를 여의다

子を失う
자식을 잃다

交通事故で家族を失った
교통사고로 가족을 잃었다

◆ 놓치다.

機会を失う
기회를 놓치다
大
事な試合を失った
중요한 시합을 놓쳤다

◆ (‘…たるを失わない’의 꼴로) …의 자격이 있다.

偉人たるを失わない
충분히 위인의 자격[능력]이 있다((위인답다))

◆ 죽이다.

失はむとたくらむ
죽이려고 계획하다","[""import"",""japanese""]",2026-02-22 11:13:32.645626+00,e1848554-ffae-479c-a8cd-4c0d77b7bed2,2026-03-19 15:55:50.007522+00,0,0,0,2026-03-19 15:55:50.007522+00,0,null,null,null,false,null,null,null,null,true,8c95ee56-d21b-418b-8f8b-c6b929187fef,null,null,"{""tables"":{""1"":{""rows"":[],""columns"":[]}}}",null,[],null,null
d38874e5-2efa-49ed-9462-9d112148e410,「やがて」,"「やがて」は「まもなく」「そのうちに」「いずれ」といった意味で、近い将来に何かが起こる様子や、最終的にそうなるといった状況を表す副詞で、「そのまま」という古語由来の「状態が連続する」意味も持ちます。文脈によって「すぐに」「最終的に」「ほとんど」など、ニュアンスが変わるのが特徴です。 
主な意味と使い方
まもなく、そのうちに (soon, before long): 近い将来に起こることを示す場合に使われます。
例：「やがて雨が降りそうだ。」（まもなく雨が降りそうだ）
最終的に、結局 (eventually, in the end): 時間が経った後の結果や結末を表します。
例：「努力はやがて実を結ぶだろう。」（努力は最終的に実を結ぶだろう）
そのまま、引き続いて (continuing state): ある状態が継続していることを指します（古語の「そのまま」の意味）。
例：「病気でやがて寝入ってしまった。」（病気のまま、そのまま寝入ってしまった）
ほとんど、危うく (almost, nearly): ほぼその状態である、というニュアンスです。
例：「やがて、一歩及ばず失敗した。」（ほとんど、危うく失敗した） 
類語・言い換え
まもなく、そのうち、いずれ、いつか
最終的に、ゆくゆくは
すぐに、ただちに（古語・文脈による） 
例文
「やがて冬が来る。」（まもなく冬が来る）
「やがて、彼はその道の達人になった。」（最終的に、彼はその道の達人になった）","[""import"",""japanese""]",2026-02-22 11:13:32.645626+00,e1848554-ffae-479c-a8cd-4c0d77b7bed2,2026-03-19 15:55:50.007522+00,0,0,0,2026-03-19 15:55:50.007522+00,0,null,null,null,false,null,null,null,null,true,d10030c8-8acd-4563-9df3-aa6d8a7a34c3,null,null,"{""tables"":{""1"":{""rows"":[],""columns"":[]}}}",null,[],null,null
d9973997-9a9e-4bca-9b2a-a0f7985b6c43,「挟まれて（はさまれて）」,"https://youtu.be/HLiervLfbbo?si=3rb0BOjxkdV0qamW

こんな感じでベーコンとチーズが挟まれていて...
이런식으로 베이컨과 치즈가 끼워져있고

「挟まれて（はさまれて）」は、二つの物の間に入り込んだ状態や、両側から押さえつけられて動けない状態を指す言葉です。物理的な位置関係や、仕事・事故の危険シーン（機械への挟まれ）、あるいは精神的な板挟み状態などで用いられます。 

主な意味と使い方
類語・関連語
板挟み（いたばさみ）
狭間（はざま）
挟まる（はさまる）
巻き込まれる（まきこまれる） 
類義語として「狭間で」「間」なども使われます。","[""youtube"",""鈴木優香"",""旅行"",""日本語"",""単語""]",2026-02-22 11:13:32.645626+00,e1848554-ffae-479c-a8cd-4c0d77b7bed2,2026-03-19 15:55:50.007522+00,0,1,0,2026-03-19 15:55:50.007522+00,0,null,null,null,false,null,null,null,null,false,null,null,null,"{""tables"":{""1"":{""rows"":[],""columns"":[]}}}",null,[],null,null
db8c7d6f-4fbf-4a8f-a36e-a759bd2bdbbd,「媚びる（こびる）」,"「媚びる（こびる）」とは、気に入られようとして相手の機嫌をとったり、相手の気を引くようななまめかしい態度（しな）をとったりする行動です 小学館。へつらう、おもねると同義で、目的達成のために実力以上に相手を立てたり、過度に同調したりする姿勢を指します 情報・知識＆オピニオン imidas、株式会社創寫舘。 
主な意味とニュアンス
へつらう・おもねる: 上司や目上の人に気に入られるよう機嫌をとる（例：媚びを売る）。
色目を使う・しなを作る: 異性の気を引こうと、なまめかしい仕草をする。
同調・追従: 自分の意思よりも相手の意見に合わせて気に入られようとする。 
「媚びる」人の特徴や背景
自信が希薄: 自己評価が低く、他者からの評価を最優先する。
メリット重視: 出世や好感度を狙った行動であることが多い。
リスク: 相手が実力主義者の場合、逆効果で評価が下がる可能性がある。 
類語・関連語
阿諛（あゆ）する、取り入る、おべっかを使う。 
以前は女性から男性への態度に使われる傾向がありましたが、現代では性別に関係なく使われています。

https://mazii.net/ko-KR/search/word/jako/%E5%AA%9A%E3%81%B3%E3%82%8B

◆ 알랑거리다; 아첨하다; 비위를 맞추다.

上司[上役]に媚びる同僚
상사에게 알랑거리는 동료

権力に媚びる
권력에 빌붙다

時流に媚びない
시류에 영합하지 않다

◆ 아양 떨다; 교태를 부리다.

媚びるような表情
아양을 떠는 듯한 표정

母親に媚びるようにしなだれかかる
엄마에게 아양을 떨며 몸을 기대다

しなを作って媚びる
(갖은) 교태와 아양을 부리다","[""import"",""japanese""]",2026-02-22 11:13:32.645626+00,e1848554-ffae-479c-a8cd-4c0d77b7bed2,2026-03-19 15:55:50.007522+00,0,0,0,2026-03-19 15:55:50.007522+00,0,null,null,null,false,null,null,null,null,true,775f572d-7d97-4977-be9e-2b9105c8aa5c,null,null,"{""tables"":{""1"":{""rows"":[],""columns"":[]}}}",null,[],null,null
df9c9094-a5f2-4d9c-a150-8212f7a31cbe,米津玄師 - さよーならまたいつか,"https://namu.wiki/w/%E3%81%95%E3%82%88%E3%83%BC%E3%81%AA%E3%82%89%E3%81%BE%E3%81%9F%E3%81%84%E3%81%A4%E3%81%8B%EF%BC%81

どこから春が巡り来るのか
도코카라 하루가 메구리 쿠루노카
어디에서 봄이 돌아오는지

知らず知らず大人になった
시라즈 시라즈 오토나니낫타
모르게 모르게 어른이 되었어

見上げた先には燕が飛んでいた
미아게타 사키니와 츠바메가 톤데이타
올려다본 앞길엔 제비가 날고 있었어

気のない顔で
키노 나이 카오데
무심한 얼굴로


もしもわたしに翼があれば
모시모 와타시니 츠바사가 아레바
만약 나에게 날개가 있다면

願う度に悲しみに暮れた
네가우 타비니 카나시미니 쿠레타
바랄 때마다 슬픔에 잠겼어

さよなら100年先でまた会いましょう
사요나라 햐쿠넨 사키데 마타 아이마쇼
안녕, 100년 뒤에 또 만나요

心配しないで
신파이시나이데
걱정하지 마


いつの間にか 花が落ちた
이츠노 마니카 하나가 오치타
어느새 꽃이 떨어졌어

誰かがわたしに嘘をついた
다레카가 와타시니 우소오 츠이타
누군가가 나에게 거짓말을 했어

土砂降りでも構わず飛んでいく
도샤부리데모 카마와즈 톤데이쿠
비가 쏟아져도 상관없이 날아갈 수 있는

その力が欲しかった
소노 치카라가 호시캇타
그런 힘을 원했어


誰かと恋に落ちて また砕けて
다레카토 코이니 오치테 마타 쿠다케테
누군가와 사랑에 빠지고 또 부서지고

やがて離れ離れ
야가테 하나레바나레
이윽고 뿔뿔이 흩어져

口の中なかはたと血が滲んで
쿠치노나카 하타토 치가 니진데
입 안에 순식간에 피가 번져

空に唾を吐く
소라니 츠바오 하쿠
하늘에 침을 뱉어


瞬け羽を広げ 気儘に飛べ
마타타케 하네오 히로게 키마마니 토베
반짝여라 날개를 펼쳐 마음대로 날아

どこまでもゆけ
도코마데모 유케
어디로든지 가라


100年先も憶えてるかな
햐쿠넨 사키모 오보에테루카나
100년 뒤에도 기억하고 있을까

知らねえけれど
시라네에케레도
모르겠지만

さよーならまたいつか!
사요나라 마타 이츠카!
안녕, 또 언젠가!


しぐるるやしぐるる町へ歩み入る
시구루루야 시구루루 마치에 아유미이루
늦가을 비 오락가락 내리는 마을로 걸어 들어가

そこかしこで袖触れる
소코카시코데 소데후레루
여기저기서 옷깃이 스치네

見上げた先には何も居なかった
미아게타 사키니와 나니모 이나캇타
올려다본 앞길엔 아무것도 없었어

(ああ居なかった)
아아 이나캇타
아아 없었어


したり顔で触らないで
시타리 카오데 사와라나이데
의기양양한 얼굴로 만지지 말아줘

背中を殴りつける的外れ
세나카오 나구리츠케루 마토하즈레
등을 후려치는 빗나감

人が宣う地獄の先にこそ わたしは春を見る
히토가 노타마우 지고쿠노 사키니코소 와타시와 하루오 미루
사람들이 말하는 지옥의 끝에서야말로 나는 봄을 봐


誰かを愛したくて でも痛くて
다레카오 아이시타쿠테 데모 이타쿠테
누군가를 사랑하고 싶어서 하지만 아파서

いつしか雨霰
이츠시카 아메아라레
어느새 비가 내리네

繋がれていた縄を握りしめて
츠나가레테이타 나와오 니기리시메테
이어져 있었던 밧줄을 움켜쥐고

しかと噛みちぎる
시카토 카미치기루
확실히 물어뜯어


貫け狙い定め 蓋し虎へ
츠라누케 네라이사다메 케다시 토라에
꿰뚫어라 정확히 노려 그야말로 호랑이처럼

どこまでもゆけ
도코마데모 유케
어디로든지 가라


100年先のあなたに会いたい
햐쿠넨 사키노 아나타니 아이타이
100년 뒤의 당신을 만나고 싶어

消え失せるなよ
키에우세루나요
사라지지 마

さよーならまたいつか！
사요나라 마타 이츠카!
안녕, 또 언젠가!


(今恋に落ちて また砕けて 離れ離れ)
이마 코이니 오치테 마타 쿠다케테 하나레바나레
지금 사랑에 빠지고 또 부서지고 뿔뿔이 흩어져

口の中はたと血が滲んで
쿠치노 나카 하타토 치가 니진데
입 안에 순식간에 피가 번져

空に唾を吐く
소라니 츠바오 하쿠
하늘에 침을 뱉어


(今羽を広げ 気儘に飛べ どこまでもゆけ)
이마 하네오 히로게 키마마니 토베 도코마데모 유케
지금 날개를 펼쳐 마음대로 날아 어디로든지 가라

生まれた日からわたしでいたんだ
우마레타 히카라 와타시데 이탄다
태어났을 때부터 나였던 거야

知らなかっただろ
시라나캇타다로
몰랐었겠지

さよーならまたいつか！
사요나라 마타 이츠카!
안녕, 또 언젠가!","[""米津玄師"",""さよーならまたいつか"",""日本語"",""일본어"",""요네즈켄시""]",2026-02-22 11:13:32.645626+00,e1848554-ffae-479c-a8cd-4c0d77b7bed2,2026-03-19 15:55:50.007522+00,0,1,0,2026-03-19 15:55:50.007522+00,0,null,null,null,false,null,null,null,null,true,a6d881dd-c503-4899-96be-3cb60cd73909,null,null,"{""tables"":{""1"":{""rows"":[],""columns"":[]}}}",null,[],null,null
e0c6f1a4-bffc-44d1-af7f-274c47b622c4,「イラッとした」,"「イラッとした」時は、怒りのピークである最初の「6秒」をやり過ごすのが効果的です。深呼吸をする、その場を離れる、心の中で数字を数える（アンガーマネジメント）などが有効です。溜め込まず、疲労回復や運動、趣味で気分転換をして、心の余裕を取り戻しましょう。 
イラッとした時の具体的な対処法
6秒待つ・数える: 怒りの感情（アドレナリン）のピークは最初の6秒です。数字を数えることで理性を取り戻しやすくなります。
深呼吸・その場を離れる: 一旦物理的に距離を置き、気持ちを落ち着かせます。
原因を書き出す: 何にイライラしたのかを書き出し、客観視して整理します。
思考の切り替え: 「他人は思い通りにならない」と認識したり、イライラするメリットを考えてみたりします。
身体を動かす・リラックス: ヨガ、ストレッチ、散歩などでセロトニンを増やし、ストレスを解消します。 
イラつく原因の傾向
仕事・家庭のストレス: 思った通りにいかない、家事分担の不満など。
期待とのズレ: 相手に期待しすぎていた場合。
身体の疲れ: 疲労やストレスが溜まっているとイライラしやすくなります。 
まずはひと呼吸おいて、自分に合った発散方法を見つけてみてください。","[""import"",""japanese""]",2026-02-22 11:13:32.645626+00,e1848554-ffae-479c-a8cd-4c0d77b7bed2,2026-03-19 15:55:50.007522+00,0,0,0,2026-03-19 15:55:50.007522+00,0,null,null,null,false,null,null,null,null,true,60acb7dd-d756-4883-8d24-bb6ac4e6e9f2,null,null,"{""tables"":{""1"":{""rows"":[],""columns"":[]}}}",null,[],null,null
e3b0d61e-6bc9-45a6-b578-0dfee72deb5b,「ご機嫌（ごきげん）」,"Netflix　Talk Queens　03

「ご機嫌（ごきげん）」とは、「気分」「心の調子」を意味し、「ご機嫌よう」のように相手の健康や様子を気遣う挨拶として使われたり、「ご機嫌斜め（ななめ）」のように機嫌が良くない状態を表したりする言葉です。現代では、特に丁寧な場面や伝統的な学校などで「ご機嫌よう」といった形で使われることが多い、古風で格式のある表現です。 
意味と使い方
気分・心の調子: 「機嫌」に丁寧語の「ご」をつけた形で、人の感情や調子を指します。
挨拶として:
「ご機嫌よう（ごきげんよう）」: 「お元気ですか」「ご機嫌いかがですか」という意味で、出会った時や別れ際に使われる、かしこまった挨拶です。
主に格式高い場面や、特定の学校（白百合学園など）で使われます。
状態を表す:
「ご機嫌がいい」: とても気分が良い状態。
「ご機嫌斜め（ななめ）」: 機嫌が良くない、少し不機嫌な状態。
「機嫌」の別の意味: 物事を行うのに「ちょうど良い時」「時期」という意味もあります（例：「ご機嫌を伺う」）。 
「ご機嫌よう」のニュアンス
もともとは相手の健康や機嫌を祝う気持ちを込めた言葉で、上品な印象を与えます。
日常会話ではあまり使われませんが、フィクション（時代劇、お嬢様キャラなど）や、ごく一部の伝統的な場で聞かれることがあります。 

https://mazii.net/ko-KR/search/word/jako/%E5%BE%A1%E6%A9%9F%E5%AB%8C

◆ ‘機嫌(=기분; 심기(心氣))’의 높임말.

御機嫌斜め
심기가 편치 않음; 저기압

御機嫌を取る
기분을 맞추다

御機嫌伺いに行く
문후[문안 인사]를 드리러 가다

◆ 아주 기분이 좋은 모양.

うまくいって御機嫌な顔
일이 잘되어서 기분 좋은 얼굴

御機嫌になる
기분이 좋아지다

だいぶ御機嫌だ
어지간히 기분이 좋다

◆ 멋지다; 근사하다; (취향에 맞아) 기분 좋게 느껴지다.

御機嫌な曲
근사한 곡

痛快で御機嫌な映画
통쾌하고 시원한 영화","[""import"",""japanese""]",2026-02-22 11:13:32.645626+00,e1848554-ffae-479c-a8cd-4c0d77b7bed2,2026-03-19 15:55:50.007522+00,0,0,0,2026-03-19 15:55:50.007522+00,0,null,null,null,false,null,null,null,null,true,68799434-c794-475b-83a8-427e1e89f5e3,null,null,"{""tables"":{""1"":{""rows"":[],""columns"":[]}}}",null,[],null,null
e4beaee2-567f-41a1-a2d0-eb73ddbe2410,「誘われる（さそわれる）」,"https://youtu.be/n3KEuVXaMmw?si=Gf3NjFcTh246T8_h

「誘われる（さそわれる）」は、誰かから行動（食事、遊び、イベントなど）に誘いかけられること、または何かに引き寄せられることを指す言葉です。受動的な意味のほか、誘惑されるといった文脈でも使われます。また、韓国語では「招待を受ける（초대받다）」という意味でも翻訳されます。 
意味とニュアンス
行動のはたらきかけ: 誰かからお誘いを受ける、声をかけられること。
心理的な引き寄せ: 心が惹かれる、魅了されること。
誘惑・影響: 誘惑によって正常な判断ができなくなること。 
関連・類語表現
誘いに乗る・応じる: 誘われて行くこと。
引き寄せられる・吸い寄せられる: 自然と心が向かうこと。
ナンパされる・声をかけられる: 異性などから声をかけられること。 
文脈による解釈
ポジティブ: デートやお食事への誘い。
ネガティブ: 良くないことに誘われる、騙される（誘惑される）。
自発的なニュアンス: 「自然と〜へ誘われる」のように、抗えない魅力に引き込まれる様子。","[""import"",""japanese""]",2026-02-22 11:13:32.645626+00,e1848554-ffae-479c-a8cd-4c0d77b7bed2,2026-03-19 15:55:50.007522+00,0,0,0,2026-03-19 15:55:50.007522+00,0,null,null,null,false,null,null,null,null,true,b08c93d8-49f8-4b9e-90f3-83bb2dca72b6,null,null,"{""tables"":{""1"":{""rows"":[],""columns"":[]}}}",null,[],null,null
e7e2757b-0a2e-4708-8106-ccf6fa74b111,「しぶとい」,"Netflix　ワンピース４７４話

「しぶとい」とは、簡単には負けたり、諦めたり、排除されたりしない、粘り強さや強情さを持つ様子を指す言葉です ウィクショナリー。困難な状況でも耐え抜く、あるいは何度失敗しても諦めずに続ける、しつこいほどの粘り強さを指す形容詞です。 
しぶといの意味と特徴
粘り強い・へこたれない: 困難に負けず、最後まで諦めずに続ける様子 コトバンク。
しつこい・強情: 自分の意見を曲げない、頑固である ウィクショナリー。
排除しにくい: なかなか解決・排除できない様子。 
言い換え・類語
粘り強い
我慢強い
根気強い
しつこい
頑固な
負けず嫌い 
例文
彼はとてもしぶといので、逆境でも諦めない。
この汚れはしぶとくて、なかなか落ちない。
しぶとい神経の持ち主だ。

https://mazii.net/ko-KR/search/word/jako/%E3%81%97%E3%81%B6%E3%81%A8%E3%81%84

◆ 고집이 세다; 완고하다; 끈질기다; 강인하다.

しぶとい人間だ
고집이 센 인간이다

しぶとく食いさがる
끈질기게 물고 늘어지다

しぶとく生き残る
끈질기게 살아남다","[""import"",""japanese""]",2026-02-22 11:13:32.645626+00,e1848554-ffae-479c-a8cd-4c0d77b7bed2,2026-03-19 15:55:50.007522+00,0,0,0,2026-03-19 15:55:50.007522+00,0,null,null,null,false,null,null,null,null,true,7c9c02e5-d7d9-471a-b35d-d7a28df501d0,null,null,"{""tables"":{""1"":{""rows"":[],""columns"":[]}}}",null,[],null,null
e9711152-bfde-4545-b566-5dbcd9183359,潤う와 湿る와 濡れる의 뉘앙스 차이,"https://blog.naver.com/jlpt_jpt_eju/223066645705

１．潤う（うるおう）
  ㉠축축해지다,눅눅해지다
  ㉡넉넉해지다,윤택해지다,혜택을받다

「적당한 수분을 띄는 것으로 플러스 요인으로 사용」

例）この化粧水を使うと肌が潤う。
이 화장수를 사용하면 피부가 촉촉해진다

例）雨で潤い。
비로 촉촉해지다

例）生活が潤う。
생활이 넉넉해지다(윤택해지다)

例）新しい駅が出来て商店が潤う。
새로운 역이 생겨서 상점이 혜택을 받다

2. 湿る（しめる）：축축해지다,눅눅해지다

「수분이나 습기를 조금 머금안 상태」

例）湿っている洗濯物。
눅눅한(축축한) 빨래

夜露で湿った地面。
밤이슬로 축축한 지면

湿った空気。
습한 공기

3. 濡れる（ぬれる）：젖다

「물 등이 튀거나 튄 물이 스며들어 수분을 띠눈 상태 수분을 머금은 정도가 湿る보다 큼」

例）雨に濡れる。
비에 젖다

例）汗でシャツがびっしょり濡れる。
땀으로 셔츠가 흠뻑 젖었다

例）涙に濡れた目。
눈물로 젖은 눈","[""import"",""japanese""]",2026-02-22 11:13:32.645626+00,e1848554-ffae-479c-a8cd-4c0d77b7bed2,2026-03-19 15:55:50.007522+00,0,0,0,2026-03-19 15:55:50.007522+00,0,null,null,null,false,null,null,null,null,true,4a39604a-5c36-4933-bda3-2e3f5f224e23,null,null,"{""tables"":{""1"":{""rows"":[],""columns"":[]}}}",null,[],null,null
eec0214a-521e-44db-910d-c2fe36ed1ab8,覚ます、覚める,"主な違いと使い分け
覚ます（他動詞）：目的語（目、意識、迷いなど）を能動的にさめさせる。
例：目覚まし時計が私を覚ます。
例：夢から（自分を）覚ます。
覚める（自動詞）：対象が自然にさめる、眠りから覚める。
例：朝の光で目が覚める。
例：酔いが覚める。 
共通する意味
眠っている状態、または夢・迷い・酔いから抜け出し、意識がはっきりしている「覚醒」状態を指します。 
言い換えの例
目が覚める：起床する、目が開く。
目を覚ます：目を醒ます、意識を取り戻す。 
基本的には、自分の意識や眠りが自然に終わる場合は「覚める」、能動的な働きかけがある場合は「覚ます」と使い分けます。
【医師監修】覚醒とはどういう状態を指す？睡眠のメカニズムや質を ...
2026. 1. 19. — 目を覚ます状態を意味する言葉には、ほかにも「起床する」「起きる」「目覚める」など複数ありますが、覚醒と意味に大きな違いは...

NELL マットレス
Usage of 目を覚ます and 目が覚める
2012. 1. 16. — As you said, one is transitive, the other is intransitive. 目...

Japanese Language Stack Exchange

さます - ウィクショナリー日本語版
動詞:覚ます・醒ます 眠っているものが覚醒する。 心の迷いを解く。

Wiktionary
모두 표시
「覚ます」と「覚める」は、主に睡眠や意識の状態を表す他動詞と自動詞の関係です。「目を覚ます」は意図的に起きる、あるいは起こす能動的な動作を指し、「目が覚める」は眠りから自然に意識が戻る自動的な状態を表します。","[""import"",""japanese""]",2026-02-22 11:13:32.645626+00,e1848554-ffae-479c-a8cd-4c0d77b7bed2,2026-03-19 15:55:50.007522+00,0,0,0,2026-03-19 15:55:50.007522+00,0,null,null,null,false,null,null,null,null,true,35270308-fb94-4e5b-ad87-7f536fa62a8e,null,null,"{""tables"":{""1"":{""rows"":[],""columns"":[]}}}",null,[],null,null
f107bb9b-74e4-40f0-841b-303f047cdbd6,✅ 바로 써먹는 일본어 커밋 템플릿 25개,"✅ 바로 써먹는 일본어 커밋 템플릿 25개

(그대로 복붙해도 됨)

기능 추가/구현

追加機能を実装

削除機能を実装

編集機能を実装

検索機能を実装

タグフィルターを実装

並び替えを実装

ピン留めを実装

버그 수정

削除が動かない問題を修正

datasetのキー名ミスを修正

id取得処理を修正

render更新漏れを修正

localStorage保存漏れを修正

개선/리팩토링

commit処理を整理

関数を分離して可読性を改善

state管理を整理

バリデーションを追加

例外処理を追加

문서/정리

READMEを更新

学習ログを追記

コメントを整理","[""import"",""japanese""]",2026-02-22 11:13:32.645626+00,e1848554-ffae-479c-a8cd-4c0d77b7bed2,2026-03-19 15:55:50.007522+00,0,0,0,2026-03-19 15:55:50.007522+00,0,null,null,null,false,null,null,null,null,true,c4060afd-d86c-4519-a757-3e0464b60fb9,null,null,"{""tables"":{""1"":{""rows"":[],""columns"":[]}}}",null,[],null,null
f221dd92-67ff-411f-b7c7-92d616292b0d,「戒め（いましめ）」N1,"https://youtu.be/45-Pa81ELyY?si=rXSQvt-Vqdqewwzp

「戒め（いましめ）」とは、過ちを繰り返さないように前もって注意することや、そのための忠告・訓戒、または同様の過ちを犯さないための懲らしめや教訓を指し、仏教用語の「戒律」に由来し、注意や警戒、禁制の意味合いを持ちます。具体的には、「今後の戒めとする（教訓にする）」や「戒めを解く（縛りから解放される）」のように使われ、単なる注意から、懲罰的な意味合い、あるいは禁じられた行為そのものを指す場合もあります。 
主な意味と使い方
注意・訓戒（訓戒）: 「今後の戒めとする」「自戒（自分自身への戒め）」のように、失敗から学び、将来のために気をつけること。
懲らしめ・制裁: 悪い行いをしないように罰すること。「廊下に立たされる」などが例。
禁制・規則: 仏教用語の「戒律（かいりつ）」のように、守るべき禁じられた事柄やその縛り。
警戒・用心: 危険を避けるための用心深さや見張り。 
類語・関連語
教訓、反面教師、他山の石（教訓として）
注意、忠告、警告、説教（注意を与える側）
自戒、克己、慎み（自分自身に対して）
禁制、禁止、罰、懲罰（規則や罰則として） 
例文
「この経験を戒めに、二度と同じ過ちは繰り返さないようにしよう。」（教訓）
「厳しい戒めが解けて、ようやく自由になった。」（罰・縛り）
「彼に戒めを与える」（注意や懲罰を与える）。 
「戒め」は、失敗から学び、未来の行動を律するというポジティブな側面と、罰や制裁というネガティブな側面の両方を持つ言葉です。

https://mazii.net/ko-KR/search/word/jako/%E6%88%92%E3%82%81

◆ 훈계; 교훈.

再三の戒めにもかかわらず
재삼 훈계했는데도 불구하고

親の戒 めをよく守る
부모의 교훈을 잘 지키다

皆の良い戒めになる
모든 사람에게 좋은 교훈이 된다

◆ 응징; 징계.

戒めとして罰を与える
징계로 벌을 주다

◆ 포박; 잡아서 묶는 것; 또, 그 줄.
◆ 금제(禁制); 제지(制止).
◆ 경계; 방비.

https://blog.naver.com/hackersjapan/222123251357

戒 いましめを厳重 げんじゅうにする
경계를 엄중히 하다; 방비를 튼튼히 하다

제지하다,금하다
子供のいたずらを戒めた。

훈게하다,경고하다
上司が部下に堅く戒めた。

구속하다,포박하다
泥棒を荒縄で厳しく戒めた。

경계하다
セキュリティ入口を厳重に戒めた。","[""import"",""japanese""]",2026-02-22 11:13:32.645626+00,e1848554-ffae-479c-a8cd-4c0d77b7bed2,2026-03-19 15:55:50.007522+00,0,0,0,2026-03-19 15:55:50.007522+00,0,null,null,null,false,null,null,null,null,true,549b4529-5f83-49d1-a8dd-7e29740994bb,null,null,"{""tables"":{""1"":{""rows"":[],""columns"":[]}}}",null,[],null,null
f7b6c771-1679-4164-a387-7f0f094d190c,通報（つうほう）,"通報（つうほう）は、事件・事故・違反などの情報を緊急機関や関係機関に知らせることです。緊急時は110番（警察）や119番（消防・救急）へ電話し、状況に応じて匿名での通報や、警察相談専用電話「＃9110」の利用も可能です。ネット上の犯罪はインターネット・ホットラインセンターへ報告します。 
主な通報窓口と用途
警察 (110番): 事件・事故の発生、犯罪の目撃など緊急事態。
消防・救急 (119番): 火災、急病、事故による救急搬送。
警察相談専用電話 (#9110): ストーカー、DV、悪質商法など緊急ではない悩み・相談。
インターネット・ホットラインセンター: ネット上の違法・有害情報。
匿名通報ダイヤル: 暴力団や特殊詐欺、薬物犯罪などの情報提供。 
通報時のポイント
110番・119番: 「場所」「何が起きたか」「負傷者の有無」「通報者の氏名・連絡先」を落ち着いて伝えます。
匿名性: 犯罪の通報は匿名でも可能であり、警察は必要に応じて対応します。
SNS・ネット: チャットやSNS上の迷惑行為は各プラットフォームの機能で通報できます。 
緊急でない相談は「＃9110」や最寄りの警察署を利用してください。","[""import"",""japanese""]",2026-02-22 11:13:32.645626+00,e1848554-ffae-479c-a8cd-4c0d77b7bed2,2026-03-19 15:55:50.007522+00,0,0,0,2026-03-19 15:55:50.007522+00,0,null,null,null,false,null,null,null,null,true,b9e78177-a10d-40eb-8daf-9ebf97e28f6e,null,null,"{""tables"":{""1"":{""rows"":[],""columns"":[]}}}",null,[],null,null
f94d7c2f-2af4-4708-84d8-fd45f5c69c7a,「喋らんといて」,"「喋らんといて」は「喋らないで」「話さないで」という意味の関西弁や口語表現で、「しゃべる（話す）」の否定形「喋らへん」と、禁止や依頼を表す「〜んといて」が組み合わさったものです。つまり、「話すのをやめて」「黙って」と相手に伝えている命令や軽い要求になります。 
解説:
喋らんといて = 喋る（話す）＋〜んといて（〜しないで）
〜んといて は、「〜（し）ないで」という禁止や依頼を表す表現で、「〜んといてよ」のように使われることもあります。 
例文:
「もう喋らんといてや！」（もう喋らないでよ！）
「うるさいから喋らんといて」（うるさいから黙って） 
文脈によっては「もう話しかけないで」「黙ってて」といったニュアンスで使われます。","[""import"",""japanese""]",2026-02-22 11:13:32.645626+00,e1848554-ffae-479c-a8cd-4c0d77b7bed2,2026-03-19 15:55:50.007522+00,0,0,0,2026-03-19 15:55:50.007522+00,0,null,null,null,false,null,null,null,null,true,07f1cf98-740a-477d-80ad-508edc003dba,null,null,"{""tables"":{""1"":{""rows"":[],""columns"":[]}}}",null,[],null,null
009f4d7e-c653-47c0-b587-c2177f710c14,新入り（しんいり）」,"Netflix　トークサバイバー！～トークが面白いと生き残れるドラマ～

新入り（しんいり）」とは、新しく仲間や集団に加わった人や物を指す言葉で、ビジネスでは新入社員、学校では新入生、組織では新人や新顔など、状況に応じて「新人」「新参者」「フレッシュマン」「ニューカマー」など様々な言い換えがあります。韓国語では「신입（シニッ）」、英語では「newcomer」や「newbie」などが相当します。 
意味と使われ方
一般的な意味: 新しくその場所やグループに加わったばかりの人やもの。
ビジネスシーン: 新入社員（新入社員）。
学校（大学など）: 新入生（신입생 - シニッセン）。
類語: 新人、新顔、新参、新米、フレッシュマン、ニューカマー、新参者など。 
具体例
「うちの部署にも新入りが来たよ。」（新しく入った人がいる）
「新入りだから、まだ仕事に慣れていない。」（新人だから） 
関連する表現（韓国語）
신입(シニッ): 新入り。
신입사원(シニッサウォン): 新入社員。
신입생(シニッセン): 新入生。

https://mazii.net/ko-KR/search/word/jako/%E6%96%B0%E5%85%A5%E3%82%8A

◆ 신입; 새로 들어옴; 또, 그 사람; 신참(新參).

新入りの社員
신입 사원

新入りの罪人 
새로 들어온 죄인

新入りのくせに生意気だ
신참 주제에 건방지다.","[""import"",""japanese""]",2026-02-22 11:13:32.875323+00,e1848554-ffae-479c-a8cd-4c0d77b7bed2,2026-03-19 15:55:50.007522+00,0,0,0,2026-03-19 15:55:50.007522+00,0,null,null,null,false,null,null,null,null,true,aa387d11-ef90-4ad5-b75d-e7581542c705,null,null,"{""tables"":{""1"":{""rows"":[],""columns"":[]}}}",null,[],null,null
01b2365c-9a87-4612-89d8-5e22ddfe6058,「手広く（てびろく）」,"「手広く（てびろく）」とは、仕事や事業、交友関係などが様々な分野にわたって広範囲に及んでいる様子を表す言葉で、「幅広く」「多岐にわたって」行うことを意味します。特にビジネスで「手広く商売をする」のように使われ、多くの分野で事業展開している状態を示します。 
意味・使い方
広範囲に及ぶこと: 一つのことだけでなく、多くの事柄に関わっている状態。
多角的な活動: 複数の異なる分野で事業や活動を行っている様子。 
例文
「彼は不動産からITまで、手広く事業を展開している」。
「最近は、趣味の範囲も手広くなってきた」。 
類語・言い換え
幅広く
広範囲にわたって
多岐にわたって
多角的に 
関連語
手広い（形容動詞）: 「手広く」の元になる形で、「家や屋敷が広い」という意味と、「交際や仕事の範囲が広い」という意味があります。","[""import"",""japanese""]",2026-02-22 11:13:32.875323+00,e1848554-ffae-479c-a8cd-4c0d77b7bed2,2026-03-19 15:55:50.007522+00,0,0,0,2026-03-19 15:55:50.007522+00,0,null,null,null,false,null,null,null,null,true,510be7eb-befb-45ed-afd9-041306314402,null,null,"{""tables"":{""1"":{""rows"":[],""columns"":[]}}}",null,[],null,null
04ace0ad-cf89-43f3-afa1-a18745da16f2,「さらに」,"「さらに」は「その上に」「いっそう」「また」という意味で、程度が増したり、物事が重なったり、追加されたりする様子を表す言葉で、「全く」「少しも」といった否定と共にも使われ、文脈によって「加えて」「もっと」「その上」などの類語があります。文脈に応じて「更に」と漢字で書く場合と、「さらに」とひらがなで書く場合があり、接続詞の「さらに」はひらがな表記が一般的です。 
主な意味と使い方
程度が増す・重なる: 「気温がさらに上昇した」「さらに月日が経った」のように、前の状態よりも程度が増すことや、事柄が重なることを表します。
追加する: 「5%引き、さらに抽選で全額払い戻しあり」のように、何かを付け加える意味です。
（否定と共用）全く、少しも: 「さらに失うものはない」「さらにまだ見ぬ」のように、否定の言葉と組み合わせて「全然」「全く」の意味になります。
改めて、今さら: 古語では「改めて」「今さら」という意味で使われることもあります。 
類語の例
追加: 加えて、その上、おまけに
程度: いっそう、ますます、もっと、一段と
否定: 全く、少しも、いっこうに 
表記について
接続詞として: 「そして、さらに、…」のように文と文をつなぐ場合は、ひらがなで「さらに」と書くのが一般的です。
副詞として: 「更に」と漢字で書くこともあります。

https://mazii.net/ko-KR/search/word/jako/%E3%81%95%E3%82%89%E3%81%AB

◆ 그 위에; 더욱더; 보다 더.

更に上達する
더한층 능숙해지다

更に奥を極める
더욱더 깊은 경지에 이르다

雨が更に激しく降る
비가 더욱 세차게 내린다

◆ 다시 (한번); 거듭.

更に懇請する
거듭 간청하다

更にすすめる
다시 (한번) 권하다

更に強調する
거듭 강조하다

◆ (뒤에 부정(否定)하는 말이 따라서) 조금도; 도무지.

更に反省の色がない
도무지 반성의 빛이 없다

更に帰る様子がない
돌아갈 기색이 조금도 없다

思い残すことが更にない
미련은 조금도 없다","[""import"",""japanese""]",2026-02-22 11:13:32.875323+00,e1848554-ffae-479c-a8cd-4c0d77b7bed2,2026-03-19 15:55:50.007522+00,0,0,0,2026-03-19 15:55:50.007522+00,0,null,null,null,false,null,null,null,null,true,5ee39114-4deb-4cf9-a71f-e0062c10e2d0,null,null,"{""tables"":{""1"":{""rows"":[],""columns"":[]}}}",null,[],null,null
060b8596-e6c3-43fc-b354-509548c2ccc2,「つまらない」,"「つまらない」は「面白くない」「興味を引かない」「価値がない」「取るに足らない」「くだらない」「退屈だ」といった意味で、心に感動や刺激がなく、物事や状況がつまらないと感じる状態を表します。語源は「詰まる（行き詰まる）」から来ており、心が行き詰まる、納得できない状態を指します。 
主な意味
面白くない、興味がわかない: 感動がない、退屈な状態。
価値がない、重要でない: 大したものではない、取るに足らない。
意味がない、ばかげている: 無益、無駄、くだらないこと。
期待外れ、不満: 満足できない、がっかりする。 
なぜ「つまらない」と感じるのか（原因の例）
刺激の欠如: 毎日が同じことの繰り返しで変化がない、新鮮な体験がない。
目標や成長のなさ: やりがいを感じられない、自分の成長を実感できない。
人間関係の問題: うまくいっていない、孤立している。
ネガティブ思考: 自分を卑下する、挑戦できない。 
「つまらない」の言い換え表現（類語）
面白くない系: 面白くない、退屈な、味気ない、単調な、無味乾燥な。
価値がない系: くだらない、取るに足らない、無価値な、無意味な、些細な。
期待外れ系: がっかりする、不満な、不完全な。 
「つまらないものですが」の用法
贈り物などを渡す際に使う謙遜の言葉で、「大したものではありませんが」という意味になります。 
「つまらない」と感じる時は、何が自分にとって面白くないのか、何が足りないのかを考えてみると、次の一歩が見つかるかもしれません。

◆ 하찮다; 시시하다.

つまらない品
하찮은 물건

つまらないミス
사소한 실수

つまらないことを気にする
하찮은 일을 걱정하다

◆ 보람이 없다; 소용없다.

あくせく働いてもつまらない
뼈 빠지게 일해도 보람이 없다

こう物価が上がるのでは、貯金してもつまらない
이렇게 물가가 올라서는 저금해 보았자 소용이 없다

◆ 흥미[재미]가 없다.

つまらない映画
재미없는 영화

つまらない試合
지루한 경기

あの小説はつまらない
그 소설은 재미없다","[""import"",""japanese""]",2026-02-22 11:13:32.875323+00,e1848554-ffae-479c-a8cd-4c0d77b7bed2,2026-03-19 15:55:50.007522+00,0,0,0,2026-03-19 15:55:50.007522+00,0,null,null,null,false,null,null,null,null,true,54d32716-5ba0-40e8-b72a-9116ec095231,null,null,"{""tables"":{""1"":{""rows"":[],""columns"":[]}}}",null,[],null,null
0752107c-cceb-4b73-ac66-333e813174ad,「茶番（ちゃばん）」,"https://youtu.be/45-Pa81ELyY?si=lLuloDcEld5wwWV1

「茶番（ちゃばん）」とは、底の見え透いた、ばかばかしい言動や出来事を指す言葉で、元の意味は江戸時代の即興の滑稽劇（寸劇）や、茶の用意をする役目のことですが、現代では「茶番劇」のように、魂胆が見え透いていて馬鹿げている様子を揶揄する際に使われます。 
語源と意味の変遷
元来の意味: 歌舞伎の楽屋で、茶の準備や給仕をする人を「茶番」と呼びました。
寸劇へ: その茶番役者たちが暇つぶしに始めた即興の寸劇が「茶番」と呼ばれるようになり、これが転じて、下手で滑稽な芝居を指すようになりました。
現代の用法: 現代では、内容が明白で幼稚、あるいは意図がバレバレで馬鹿げている状況や、八百長のような見せかけの行為に対して「茶番だ」「茶番劇だ」と批判的に使われます。 
類語・関連表現
茶番劇 (ちゃばんげき)
猿芝居 (さるしばい)
下手な芝居 (へたなしばい)
八百長 (やおちょう) 
英語での表現例
farce（ファース）
travesty（トラヴェスティ） 
具体例
ジャニーズ事務所の記者会見で「NGリスト」が使われた際、その運営が「茶番」だと批判されました。
政治家の会見が短時間で打ち切られる様子も「茶番」と評されることがあります。

https://mazii.net/ko-KR/search/word/jako/%E8%8C%B6%E7%95%AA

◆ 차 시중을 드는 사람.
◆ ‘茶番狂言’의 준말; (그 자리에 있는 물건을 가지고) 손짓·몸짓으로 좌중을 웃기는 익살극.
◆ 속이 빤히 들여다보이는 서투른 연극; 어리석은 행동.

とんだ茶番に過ぎない
속이 빤히 들여다보이는 연극에 지나지 않는다","[""import"",""japanese""]",2026-02-22 11:13:32.875323+00,e1848554-ffae-479c-a8cd-4c0d77b7bed2,2026-03-19 15:55:50.007522+00,0,0,0,2026-03-19 15:55:50.007522+00,0,null,null,null,false,null,null,null,null,true,6374377f-fe76-4a4d-af0f-8a4879adcffb,null,null,"{""tables"":{""1"":{""rows"":[],""columns"":[]}}}",null,[],null,null
093ed62a-f960-48b5-bf30-2b1c544af4c8,「擦られた（こすられた）」,"「擦られた」は、車などが接触して傷ついた状態を指し、当て逃げやいたずらの可能性があり、警察への連絡、証拠の記録（写真、ドラレコ）、保険会社への連絡、修理といった対応が必要です。特に当て逃げや意図的な傷の場合は、後日発覚しても警察に被害届を出すべきで、保険利用には事故証明書が重要になります。 
1. 警察への連絡と証拠保全
必ず警察へ通報する: 傷の大小や当て逃げか不明な場合でも、後でトラブルにならないよう必ず警察（110番）に連絡し、被害届を提出しましょう。
証拠を集める: ドライブレコーダーの映像、傷のアップや周囲の状況がわかる写真、目撃者の情報などを記録します。
事故証明書の発行: 保険を使う際に必要なので、警察に事故処理をしてもらい、後日「交通事故証明書」を申請します。 
2. 保険会社への連絡と対応
保険会社に連絡: 警察への届け出後、加入している自動車保険（車両保険など）の会社に連絡します。
車両保険の利用: 相手が特定できない当て逃げでも、車両保険が付帯していれば修理費用の補償が受けられます。 
3. 修理と病院
専門家へ相談: 整備工場やディーラーに相談し、修理の見積もりを取ります。
病院受診も検討: 事故直後は平気でも、後からむち打ちなどの症状が出る場合があるので、早めに整形外科を受診し診断書をもらいましょう。 
4. 後で気づいた場合
時間が経っていても警察へ: 後で傷に気づいた場合も、警察に連絡して被害届を出し、状況を説明しましょう。 
覚えておくべきこと
小さな接触でも警察へ: 軽い接触でも「交通事故」です。当事者同士で解決せず、必ず警察に届け出ましょう。
動揺しても冷静に: 事故直後は冷静さを失いがちですが、上記のステップを思い出し、安全確保と証拠保全を最優先します。","[""import"",""japanese""]",2026-02-22 11:13:32.875323+00,e1848554-ffae-479c-a8cd-4c0d77b7bed2,2026-03-19 15:55:50.007522+00,0,0,0,2026-03-19 15:55:50.007522+00,0,null,null,null,false,null,null,null,null,true,2803707e-33bd-4779-94bb-021c8d5ba8e9,null,null,"{""tables"":{""1"":{""rows"":[],""columns"":[]}}}",null,[],null,null
09fcda19-c673-44ae-81c8-b4842b0f8e29,「打ち明ける（うちあける）」,"netflix トークサバイバー！～トークが面白いと生き残れるドラマ～

「打ち明ける（うちあける）」とは、今まで隠していた秘密や心の中の気持ち、事情などを、信頼できる相手に正直に話すことを意味します。英語では ""open up,"" ""confess,"" ""confide"" などと表現され、「胸襟を開く」「告白する」「本音を言う」といった類語があります。 
意味と使い方
隠し事を話す: 秘密や、言えずにいた悩みを打ち明ける。
心の内を明かす: 自分の本当の気持ちや考えを正直に話す。
例:
「親友に悩みを打ち明けた」
「自分の本当の気持ちを打ち明ける決心をした」
「過去の出来事を打ち明ける」 
類語・関連表現
胸襟を開く（きょうきんをひらく）：心を開いて話すこと。
告白する（こくはくする）：特に恋愛感情や秘密を打ち明ける。
吐露する（とろする）：心の内をありのままに言うこと。
白状する（はくじょうする）：秘密や悪いことを打ち明ける（自白）。 
英語表現の例
Open up to someone: 「～に心を開く」「打ち明ける」。
Confess (something to someone): 「（秘密などを）告白する」。
Confide (in someone): 「（秘密などを）打ち明ける、信頼して話す」。 
「打ち明ける」は、勇気を出して自分の本心を相手に伝える、人間関係において重要な行為を表す言葉です。

https://mazii.net/ko-KR/search/word/jako/%E3%81%86%E3%81%A1%E3%81%82%E3%81%91%E3%82%8B

◆ (비밀·고민 등을) 숨김없이 이야기하다; 털어놓고 이야기하다.

本心を打ち明ける
본심을 털어놓다

秘密を打ち明ける
비밀을 털어놓다

身の上を打ち明ける
일신에 관한 일을 털어놓고 이야기하다

◆ 닫혀 있는 것을 힘껏 열다.

窓を打ち明ける
창문을 열어젖히다","[""import"",""japanese""]",2026-02-22 11:13:32.875323+00,e1848554-ffae-479c-a8cd-4c0d77b7bed2,2026-03-19 15:55:50.007522+00,0,0,0,2026-03-19 15:55:50.007522+00,0,null,null,null,false,null,null,null,null,true,92817a82-160c-477f-a56a-c2fd9beb5fab,null,null,"{""tables"":{""1"":{""rows"":[],""columns"":[]}}}",null,[],null,null
0a2c14c5-8cb4-436a-908b-242711b4e747,「仕上がる」（しあがる）,"https://youtu.be/pEFN8pERcHM?si=K_1pJxSHbo08k7rB

「仕上がる」（しあがる）は、物事が完成する、または作り終えることを意味し、「完成する」「出来上がる」「やり遂げる」といったニュアンスで使われます。主に、何かが最終的な形になる状態や、その品質・出来栄えを示すときに用いられる動詞です。 
意味と使い方
完成・結実: 物事や作業が終わり、目的を達成する状態。「レポートがようやく仕上がった」「料理が美味しく仕上がった」。
状態になる: 何かが作り上げられ、特定の性質や見た目になる。「表面が滑らかに仕上がった」「綺麗な仕上がりだ」。
「仕上げる」との違い:
「仕上がる」: 物が完成する（自動詞）。
「仕上げる」: 人が物事を完成させる（他動詞）。
例: 「仕上げる（他動詞）→ 完成させる」仕事、「仕上がる（自動詞）→ 完成する」作品。 
類語
完成する、出来上がる、作り上げる、やり遂げる、完遂する。 
例文
「このドレスは、デザイナーの手によって見事に仕上がった。」（完成した状態）。
「写真の仕上がりは、あと数日かかります。」（出来上がり、品質）。
「この家具は、とても丈夫に仕上がっている。」（品質・状態）。

https://mazii.net/en-US/search/word/jako/%E3%81%97%E3%81%82%E3%81%8C%E3%82%8B

◆ 마무리되다; 다 되다; 완성되다.

作品が仕上がる
작품이 완성되다

綺麗に仕上がる
깨끗이 마무리되다[완성되다]

仕上がってみると悪くない
완성되고 보니 괜찮다

◆ (경기 따위에 임할) 준비 태세가 갖춰지다.

試合前の調整が仕上がる
시합 전의 컨디션 조절이 잘되다","[""import"",""japanese""]",2026-02-22 11:13:32.875323+00,e1848554-ffae-479c-a8cd-4c0d77b7bed2,2026-03-19 15:55:50.007522+00,0,0,0,2026-03-19 15:55:50.007522+00,0,null,null,null,false,null,null,null,null,true,eef211c1-28b4-4460-826f-397da88f24b8,null,null,"{""tables"":{""1"":{""rows"":[],""columns"":[]}}}",null,[],null,null
0e46afdc-6738-4a01-a83b-9fe3fe94b890,「つらい」,"「つらい」と感じているのですね。それは精神的にも肉体的にも苦しい状態を指し、一人で抱え込まず、まずは休むこと、誰かに話すこと（相談窓口の利用）、そして自分を責めずに気持ちを受け止めることが大切です。無理せず、小さなことでもいいので、心と体を楽にする方法（生活習慣の改善、自然に触れる、SNSから離れるなど）を試してみてください。﻿
「つらい」と感じたときの対処法
とにかく休む:頑張りすぎず、心身を休ませることを最優先しましょう。﻿
感情を吐き出す:信頼できる人に話す、紙に書き出す、SNS相談を利用するなど、溜め込まずに外に出すことが大切です。﻿
生活習慣を見直す:睡眠、食事、軽い運動など、基本的な生活リズムを整えることも精神的な安定につながります。﻿
自分を責めない:「甘え」ではありません。環境が合っていないだけかもしれないので、自分の気持ちを否定せず受け止めてください。﻿
情報から距離を置く:SNSやニュースなど、ストレス源となるものから一時的に離れる時間を作りましょう。﻿
専門機関に相談する:精神的な不調が続く場合は、「こころの耳」「よりそいホットライン」などの相談窓口や専門医への相談を検討しましょう。﻿
つらさの原因を探る﻿
ストレスを書き出してみて、何が原因か客観的に把握するのも有効です。仕事、人間関係、将来への不安など、原因が分かると対処法も見えてきます。
つらい時のサイン﻿
イライラする、涙もろくなる、集中力・記憶力の低下、無気力感、不眠などは心のSOSサインです。これらのサインに気づいたら、早めのケアを心がけましょう。
一人で抱え込まず、周りのサポートや専門家の力を借りることも考えてみてください。あなたの力になれる場所や人は必ずいます。","[""import"",""japanese""]",2026-02-22 11:13:32.875323+00,e1848554-ffae-479c-a8cd-4c0d77b7bed2,2026-03-19 15:55:50.007522+00,0,0,0,2026-03-19 15:55:50.007522+00,0,null,null,null,false,null,null,null,null,true,04a1afba-33b6-4573-9c34-688947db6029,null,null,"{""tables"":{""1"":{""rows"":[],""columns"":[]}}}",null,[],null,null
0e96946b-68e2-4ae6-89b2-5d13d49367a2,「零れる（こぼれる）」,"「零れる（こぼれる）」は、液体などが容器からあふれ出る、こぼれ落ちることや、感情や表情が表面に現れる（涙が零れる、笑みが零れる）、散り落ちる（花びらが零れる）などの意味を持つ動詞で、漢字の「零」には雨だれや余り（端数）の意味があり、そこから転じて「ゼロ（無）」の意味にもつながっていますが、日常的には「こぼれる」と読みます。 
主な意味と用例
液体があふれ出る・こぼれ落ちる：
コップの水を倒して零れる（こぼれる）。
鍋の汁が沸騰して吹き零れる（吹き上がる）。
感情や表情があらわれる：
悲しくて涙が零れる（こぼれる）。
嬉しいので笑みが零れる（こぼれる）。
散り落ちる（古語的表現）：
梅の花が枝から零れる（散り落ちる）。
余り・端数（漢字「零」の意味）：
「零」は元々「雨だれ」を意味し、そこから「こぼれる」「余り」「端数」の意味になり、最終的に「ゼロ」の概念につながったとされます。 
「零れる」は、日本語の和語（わご）であり、漢字で「零」を当てることがありますが、現代ではひらがなで「こぼれる」と表記されることも多いです。 
類語：こぼれ落ちる、あふれる、したたる、漏れる。

https://mazii.net/ko-KR/search/word/jako/%E9%9B%B6%E3%82%8C%E3%82%8B

◆ 넘치다.
◆ 넘쳐흐르다; 흘러내리다; (안에 있어야 할 것이) 밖으로 나오다.（こぼれる）

涙が零れる
눈물이 흘러내리다

コップの水が零れる
컵의 물이 흘러넘치다

グローブからボールが零れた
글러브에서 공이 빠져나왔다

◆ (소리나 빛, 냄새 등이) 새어 나오다.（こぼれる）

零れてにおう花桜
넘치듯 풍기는 벚꽃 향기

雲間から零れる陽の光
구름 사이로 새어 나오는 햇빛

◆ (가려져 있던 것이) 살짝 보이다.（こぼれる）

笑うと白い歯が零れる
웃으면 하얀 이가 살짝 보인다

◆ (감정 등이) 밖으로 드러나다.（こぼれる）

愛嬌が零れる
애교가 넘치다

笑みが零れる
미소가 번지다","[""import"",""japanese""]",2026-02-22 11:13:32.875323+00,e1848554-ffae-479c-a8cd-4c0d77b7bed2,2026-03-19 15:55:50.007522+00,0,0,0,2026-03-19 15:55:50.007522+00,0,null,null,null,false,null,null,null,null,true,93c47fd1-57c5-46e7-abb1-e83e988f324d,null,null,"{""tables"":{""1"":{""rows"":[],""columns"":[]}}}",null,[],null,null
0ef377df-7303-41cc-a1b3-f87888bdb0ab,「揃ってる（そろってる）」,"https://youtu.be/VfC-W0zf9BM?si=tDTCdTrweslH3Q5L

「揃う」（そろう）は、必要なものがすべて集まる、人数が全員そろう、物事がきれいに並ぶ、タイミングが一致するなどの意味を持つ動詞で、多くはひらがなで表記されます。具体的には「全員が揃う」「品物が揃う」「足並みが揃う」のように使われ、反対語は「ばらばらになる」です。 
主な意味と例文
全員集合・全員いること
「今日の会議は、出席者全員が揃った」。
. 「新入社員が皆揃って研修に参加する」
必要なものが全てある・満たされる
「必要な書類がすべて揃うまで出発できない」。
「道具が揃っているので、すぐに作業に取り掛かれる」
整然と並ぶ・一列になる
「靴が玄関にきれいに揃って並んでいる」。
「選手たちがスタートラインに勢揃いする」。
タイミングが一致する・期日が来る
「給料日と揃うように旅行の計画を立てる」。
「お盆休みと揃うので、混雑するだろう」 
漢字表記について
「揃」は常用漢字外の漢字（表外漢字）であるため、ひらがなで「そろう」と書くのが一般的です。漢字で「揃う」と書かれることもありますが、迷ったらひらがなを使うのが適切です。 
関連表現
揃える（そろえる）: 目的語を取る他動詞で、「（～を）そろえる（集める・整える）」という使われ方をします。例：「全員の意見を揃える」「靴を揃える」。
勢揃い（せいぞろい）: みんなが一同に集まること。
顔を揃える（かおをそろえる）: 同じ場所に皆で集まること。

https://mazii.net/ko-KR/search/word/jako/%E6%8F%83%E3%81%86

◆ 갖추어지다; 구비되다.

機械が揃う
기계가 갖추어지다

いろいろの本が揃っている
여러 가지 책이 갖추어져 있다

条件が揃う
조건이 갖추어지다

◆ (모두 한곳에) 모이다; (인원 등이) 차다.

揃いも揃って
(모인 것이) 모두가 다(같은 상태인 모양)

人数が揃う
인원이 차다[다 모이다]

顔ぶれが揃う
면면이[참가자가] 모두 모이다

◆ 잘 어울리다.

よく揃った夫婦
잘 어울리는 부부

◆ 일치하다; (모양·정도 등이) 고르게 되다.

足並みが揃う
보조가 맞다

調子が揃う
장단[가락]이 맞다

長さが揃う
길이가 가지런하다[다 똑같다]

「揃ってる」とは、不足がなく、必要なものがすべて揃っている状態や、物事が整然と並んでいたり、人や物の状態が一致して調和している様子を表します。具体的には、「必需品が全部ある（欠けていない）」、「皆の意見や足並みが合っている」、「色やサイズが均一で整っている」など、文脈によって「完璧」「十分」「調和」「一致」といったニュアンスで使われます。 
主な意味合い
不足がない: 必要なものがすべて揃っていて、欠けていない状態。「このセットは備品が全部揃ってるね」。
整然としている: 物が秩序だって並んでいる様子。「本棚の本が綺麗に揃ってる」。
調和・一致している: 人の気持ちや動き、状態が同じ方向を向いていて、息が合っている状態。「チームの連携が揃ってる」「足並みが揃ってる」。
均一である: 複数のものが同じような状態や性質で統一されている様子。「髪型がみんな揃ってる」「この服、色違いで揃ってる」。 
使用例
物品: 「必要な道具は全部揃ってるから、すぐに始められますよ」。
人・グループ: 「みんなの意見が揃ってるね。これで進めよう」。
状態: 「このお店、食器も盛り付けも全部揃ってる（きれい・完璧）」。 
文脈に合わせて「完璧」「十分」「ばっちり」「完璧」「一式」「均一」などの言葉で言い換えられます。","[""import"",""japanese""]",2026-02-22 11:13:32.875323+00,e1848554-ffae-479c-a8cd-4c0d77b7bed2,2026-03-19 15:55:50.007522+00,0,0,0,2026-03-19 15:55:50.007522+00,0,null,null,null,false,null,null,null,null,true,f7f13b31-7465-474c-82e7-d0fe4f55686f,null,null,"{""tables"":{""1"":{""rows"":[],""columns"":[]}}}",null,[],null,null
0fa0a656-2f44-40dd-b57a-4bab99c230ec,「仕切り」,"https://youtu.be/TdxDl8SGIHs?si=htZa_Wz6xFu78XVf

「仕切り」とは、空間を区切るもの（パーテーション、壁など）や、物事を分ける境界、相撲の土俵での構え、そして流通業界でメーカーから卸への販売価格（仕切り価格）を指す言葉です。文脈によって意味が大きく異なるため、何のための仕切りかによって解釈が変わります。 
主な意味
物理的な仕切り（間仕切り）: 部屋を分ける壁やパーテーション、収納の棚板など、空間を隔てるもの全般を指します。
心理的な区切り: 領域を意識させるための床の色分けなど、物理的でなくても区別をつけることを指す場合もあります。
相撲の仕切り: 土俵で力士が立ち合いの準備として行う、土俵中央の線（仕切り線）を挟んで構える動作のことです。
流通・ビジネス用語（仕切り価格）: メーカーが卸業者に商品を販売する際の価格（下代、ネット価格とも呼ばれる）を指します。 
関連する言葉
間仕切り: 部屋や空間を仕切るもの。
仕切り板: コンテナや棚などで仕切りを作るための板。
敷居が高い: 物理的な仕切りではなく、「気まずい」などの意味で使われる「敷居」とは別の言葉です。

https://ja.wikipedia.org/wiki/%E4%BB%95%E5%88%87%E3%82%8A

仕切り（しきり）

間仕切り - パーティション (用品)・障子・襖・衝立・屏風などを参照。
相撲における仕切り - 立合いを参照。","[""import"",""japanese""]",2026-02-22 11:13:32.875323+00,e1848554-ffae-479c-a8cd-4c0d77b7bed2,2026-03-19 15:55:50.007522+00,0,0,0,2026-03-19 15:55:50.007522+00,0,null,null,null,false,null,null,null,null,true,1cd0a303-5709-456b-87cf-d73d876969dc,null,null,"{""tables"":{""1"":{""rows"":[],""columns"":[]}}}",null,[],null,null
1904c692-4e14-4ee9-8532-8ddf3561d532,const / let 때문에 CRUD에서 터지는 이유 정리 (실전 기록용),"✅ const / let 때문에 CRUD에서 터지는 이유 정리 (실전 기록용)
1) 문제 상황 요약

전역에 아래처럼 선언했다:

const items = [];


그리고 CRUD 기능을 만들던 중:

edit()는 정상 동작

delete()는 실행 시 에러 발생

에러 메시지:

Uncaught TypeError: Assignment to constant variable.

2) 에러 메시지 뜻 (결론)

Assignment to constant variable의 의미는 단 하나임.

const로 선언한 변수에 “재할당(reassign)”을 시도했을 때 발생하는 에러

즉, 아래 같은 코드가 실행되었다는 뜻이다:

items = something; // ❌ const 변수에 재할당 → 에러

3) 왜 edit에서는 const가 문제 없었나?

edit()에서 사용한 형태는 보통 이런 구조였다:

const it = items.find((x) => x.id === id);


✅ 이 코드는 items에 재할당하는 게 아니라

items에서 데이터를 찾아서

그 결과를 it라는 새 변수에 저장하는 것

즉,

const items는 그대로 유지

const it는 edit 함수 안에서만 쓰는 “지역 변수”라 OK

📌 핵심:

const it = ... 는 새 변수를 만드는 것이라 문제 없음.

4) 왜 delete에서는 터졌나? (진짜 원인)

delete 함수에서는 이런 패턴이 들어갔을 가능성이 높다:

items = items.filter((x) => x.id !== id);


이 코드의 의미는:

filter()는 기존 배열을 수정하지 않고,

새 배열을 만들어서 반환

그 새 배열을 items에 다시 넣으려 함 (재할당)

그런데 items가 const였기 때문에

❌ 재할당 불가능 → 에러 발생

📌 핵심:

items = ... 같은 재할당 코드가 들어가면
items는 let이어야 함.

5) const는 언제 문제이고, 언제 문제 아닌가?
✅ const로 선언해도 가능한 것 (내용 수정)
const items = [];

items.push(newItem);         // ✅ 가능
items.splice(index, 1);      // ✅ 가능
items[index].title = ""A"";    // ✅ 가능
items.length = 0;            // ✅ 가능

❌ const로 선언하면 불가능한 것 (재할당)
const items = [];

items = [];                  // ❌ 불가능
items = items.filter(...);   // ❌ 불가능
items = items.map(...);      // ❌ 불가능


📌 정리:

const는 “내용 변경 가능”
대신 “변수 자체를 다른 값으로 갈아끼우기(재할당)”는 불가능

6) 해결 방법 정리
✅ 해결 방법 A) 재할당을 할 거면 let 사용 (가장 간단/명확)
let items = [];

function deleteItem(id) {
  items = items.filter((x) => x.id !== id); // ✅ OK
}

✅ 해결 방법 B) const 유지 + 배열 내부만 수정하는 방식
const items = [];

function deleteItem(id) {
  const index = items.findIndex((x) => x.id === id);
  if (index !== -1) items.splice(index, 1); // ✅ OK
}

7) 실전 CRUD 패턴 정리 (외워두면 좋음)
✅ Create
items.push(newItem); // const여도 가능

✅ Read
const it = items.find(...); // 읽기라서 const 사용 OK

✅ Update (2가지 방식)
A) 재할당 방식 (let 필요)
items = items.map(...);

B) 내부 변경 방식 (const 유지 가능)
const it = items.find(...);
it.title = ""new"";

✅ Delete (2가지 방식)
A) 재할당 방식 (let 필요)
items = items.filter(...);

B) 내부 삭제 방식 (const 유지 가능)
items.splice(index, 1);

✅ 최종 한 줄 결론

edit는 “새 const 변수를 선언해서 사용”했기 때문에 괜찮았고
delete는 “const items에 재할당”했기 때문에 에러가 난 것이다.","[""import"",""coding""]",2026-02-22 11:13:32.875323+00,e1848554-ffae-479c-a8cd-4c0d77b7bed2,2026-03-19 15:55:50.007522+00,0,0,0,2026-03-19 15:55:50.007522+00,0,null,null,null,false,null,null,null,null,true,76583999-3e79-4e55-9918-90da9ca98b20,null,null,"{""tables"":{""1"":{""rows"":[],""columns"":[]}}}",null,[],null,null
1dca2469-aa1d-43fc-87e5-807414d6e8d6,「誘う（さそう）」,"「誘う（さそう）」とは、相手に「一緒にどうですか？」と呼びかけ、ある行動（食事、遊びなど）に誘い、一緒に連れて行ったり、参加を促したりすること、また、何かを「引き起こすきっかけを与える」という意味合いで使われる動詞です。古くは「いざなう」とも読み、より詩的・意味深な響きを持つこともありますが、現代では「さそう」が一般的です。 
主な意味と使い方
勧誘・招待:
友達を映画に誘う（いざなう）。
食事に誘う（さそう）。
一緒にどこかに行こうと誘う。
引き起こす・導く:
誘因（ゆういん）: 物事を引き起こすきっかけや原因（例：この出来事が事故の誘因となった）。
誘発（ゆうはつ）: ある行動や反応を引き起こす（例：この言葉が議論を誘発した）。
誘惑（ゆうわく）: 悪いことや魅力的なものに引き寄せる。
類語・関連語
勧める（すすめる）: 「誘う」と似ていますが、相手に「（自分は行かずに）やってみたら？」と勧めるニュアンスが強いです。
導く（みちびく）: 「誘う」よりも「正しい方向へ連れていく」というニュアンスがあります。
おびき寄せる: 相手をそちらへ引き寄せる、という意味合いが強いです。 
「誘う」は、ポジティブな場面（友達との約束）から、ネガティブな意味合い（誘惑、誘拐）まで幅広く使われる言葉です。

https://mazii.net/ko-KR/search/word/jako/%E3%81%84%E3%81%96%E3%81%AA%E3%81%86

◆ 꾀다; 권하다; (권해서) 데려가다; 꾀어 들이다.

旅に誘う
여행 가자고 권유하다

自宅に誘う
자택으로 청하다

悪の道へ誘う
악의 길로 유혹하다

◆ 권하다; 권유하다.

旅行に誘う
스키 타러 가자고 권하다

私は彼女を映画に誘った
나는 그녀에게 영화 구경 가자고 권했다

◆ 꾀다; 유혹하다.

人を誘う
사람을 꾀다

悪の道に誘う
못된 길로 유혹하다

月に誘われる
달빛에 이끌리다

◆ 부르다; 불러내다.

今度は僕が誘うよ
이번에는 내가 부르러 가겠네

◆ …하게 하다; 자아내다.

涙を誘うドラマ
눈물샘을 자극하는 드라마

食欲を誘う
식욕을 돋우다

同情を誘う
동정을 불러일으키다","[""import"",""japanese""]",2026-02-22 11:13:32.875323+00,e1848554-ffae-479c-a8cd-4c0d77b7bed2,2026-03-19 15:55:50.007522+00,0,0,0,2026-03-19 15:55:50.007522+00,0,null,null,null,false,null,null,null,null,true,00e43eff-937c-44ec-aee8-b9d99c3f332e,null,null,"{""tables"":{""1"":{""rows"":[],""columns"":[]}}}",null,[],null,null
1e57e389-def6-41df-9098-d333c2f54ae9,「仕方ない（しかたがない）」,"「仕方ない（しかたがない）」は「どうすることもできない」「他に良い方法がない」という意味で、避けられない状況を受け入れる際の表現で、「しょうがない」「やむを得ない」も同義です。文脈によっては「諦める」「我慢できない」「扱いにくい人」など、諦め、問題解決の手段がない、強い感情の抑えられない、人物評価という複数のニュアンスを持ちます。 
主な意味と使い方
避けられない状況の受容: 「雨で中止だ。仕方ない。」（諦め、受け入れ）。
どうしようもない状況: 「この問題は、もう仕方ない。」（解決策がないこと）。
強い感情や欲求: 「暑くて仕方がない」「彼がかわいくて仕方ない」（我慢できない）。
人物評価: 「彼は本当に仕方ない人だね」（扱いにくい、困った人）。 
類語・関連表現
しようがない: 「仕方ない」が変化した形で、同じ意味で使われる。
やむを得ない: ビジネスシーンなど、ややフォーマルな場面でも使われる。
致し方ない（いたしかたない）: 「仕方ない」をより丁寧にした表現。 
「仕方ない」は、困難な状況や理不尽な出来事に対し、嘆き、諦め、受容、寛容といった複雑な気持ちを込めて使われる日本語の慣用句です。

https://mazii.net/ko-KR/search/word/jako/%E4%BB%95%E6%96%B9%E3%81%8C%E3%81%AA%E3%81%84

◆ 어쩔 수 없다

そうするしか仕方がない
그렇게 하는 수밖에 방법이 없다.

https://nihongo.co.kr/%EF%BD%9E%E3%81%A6%E3%81%97%E3%82%87%E3%81%86%E3%81%8C%E3%81%AA%E3%81%84%E3%83%BB%EF%BD%9E%E3%81%A6%E3%81%97%E3%81%8B%E3%81%9F%E3%81%8C%E3%81%AA%E3%81%84/

【～てしょうがない】

私は会社の飲み会が嫌でしょうがないのですが、上司に誘われたからには行くしかありません。
나는 회사 회식이 싫어 죽겠지만 상사에게 권유 받았기에 갈 수밖에 없습니다. 

日本で地震があったので、日本にいる家族が心配でしかたありません。
일본에서 지진이 있었기 때문에 일본에 있는 가족이 걱정되어 미치겠습니다. 

昨日会った彼女のことが気になってしょうがないです。
어제 만난 그녀가 신경 쓰여 죽겠습니다. 

彼女のいない人生じんせい
なんて、考がえられない。もう死にたくてしょうがない。
그녀가 없는 인생 따윈 생각할 수 없다. 죽고 싶어 죽겠다. 

最近、ちょっと疲れているのかな？眠くて眠くてしょうがない。
요즘 좀 피곤한 건가? 졸려 미치겠다. 

今日はなんだかカレーが食べたくてしょうがない。
오늘은 왠지 카레가 먹고 싶어 못 참겠다. 

あれ、風邪をひいたかな？なんだか寒くてしょうがない。熱でも測ってみるか。
어? 감기 걸린 건가? 추워 미치겠어. 열이라도 재 볼까?

【～てしかたがない】

祖父は今年生まれた孫がかわいくてしかたがないようだ。
할아버지는 올해 태어난 손주가 귀여워서 어쩔 줄 모르겠는 것 같다. 

最近は暇で暇でしかたがない。
요즘 한가해 미치겠다. 

先日受けた試験の結果が気になってしかたがない。
얼마전 치른 시험결과가 걱정돼 미치겠다. 

昨日の試合、頑張ったのに負けてしまって、悔しくてしかたがない。
어제시합 열심히 했는데 져버려서 분해 죽겠다. 

月曜日は会社に出勤するのがめんどくさくてしかたがない。
월요일은 회사에 출근하는 게 귀찮아 죽겠다.","[""import"",""japanese""]",2026-02-22 11:13:32.875323+00,e1848554-ffae-479c-a8cd-4c0d77b7bed2,2026-03-19 15:55:50.007522+00,0,0,0,2026-03-19 15:55:50.007522+00,0,null,null,null,false,null,null,null,null,true,0e2298ee-aaec-48ad-ba70-694d3bc1961d,null,null,"{""tables"":{""1"":{""rows"":[],""columns"":[]}}}",null,[],null,null
20a0ed48-6df7-4c31-b942-e3e44888d6b8,「与える（あたえる）」,"https://youtu.be/i0LpR50Ov2o?si=9lZNqoLYF-Bmygrm

「与える（あたえる）」は、物、情報、影響などを相手に提供・授与・及ぼす意味を持つ他動詞で、「あげる」より丁寧・フォーマルで、目下の人や物に対して使われ、賞や課題、助言、感動、損害など幅広い対象に用いられ、「あげる」では使えない場面で必須の動詞です。 
主な意味と用例
物を譲渡・提供する: 小遣いを与える、賞を与える。
情報や機会を提供する: 助言を与える、時間を与える、許可を与える。
影響を及ぼす: 感動を与える、印象を与える、損害を与える。
割り当てる・課す: 課題を与える、任務を与える、罰を与える。
設定・付与する: データを与える、名称を与える。 
「あげる」との違い
「与える」: 相手への影響を重視する、フォーマルな場面で使う、目下の人・物・状況に使う（例：部下に指示を与える、データに意味を与える）。
「あげる」: 自分が主体となって与える行為に焦点、カジュアル、相手への敬意が薄れる場合がある。 
敬語表現
尊敬語: くださる、お与えになる。
謙譲語: 差し上げる。 
類語・関連語
提供する、供与する、授与する、割り当てる、課す。

◆ (자기 것을 남에게) 주다; 수여하다.

子供に小遣いを与える
아이에게 용돈을 주다

愛犬におやつを与えている飼い主
애완견에게 간식을 주고 있는 견주

賞を与える
상을 주다[수여하다]

◆ 상대가 뭔가 할 수 있도록 해 주다; (도움이 되도록) 제공하다.

弁明の機会を与える
변명할 기회를 주다

再三注意を与えた
재차 주의를 주었다

経済的な援助を与える
경제적 원조를 해 주다

◆ 내주다; 할당하다; 부여하다; 과(課)하다.

生徒に宿題を与える
학생에게 숙제를 내주다

役割を与える
역할을 부여하다

ユーザーに権限を与える
사용자에게 권한을 부여하다

◆ (손해 등을) 입히다; (영향 등을) 주다; 끼치다; 가하다.

会社に多大な損害を与える
회사에 막대한 손해를 입히다

この事件は世間に大きなショックを与えた
이 사건은 세상에 커다란 충격을 주었다

株価に影響を与える
주가에 영향을 끼치다

https://mazii.net/ko-KR/search/word/jako/%E4%B8%8E%E3%81%88%E3%82%8B","[""import"",""japanese""]",2026-02-22 11:13:32.875323+00,e1848554-ffae-479c-a8cd-4c0d77b7bed2,2026-03-19 15:55:50.007522+00,0,0,0,2026-03-19 15:55:50.007522+00,0,null,null,null,false,null,null,null,null,true,ff2781c2-8c25-4dff-8d76-3d1e01966b83,null,null,"{""tables"":{""1"":{""rows"":[],""columns"":[]}}}",null,[],null,null
2197f2a2-87b6-4e5c-b583-e344dae8a295,에러 설명 일본어 템플릿 (최소 합격형),"1) 에러 설명 일본어 템플릿 (최소 합격형)
A. 3문장 초간단 템플릿 (가장 추천)

現象（무슨 문제가 보였는지）

〜の時に、〜というエラーが発生しました。

原因（왜 그런지）

原因は〜で、〜が正しく参照されていませんでした。

対応（어떻게 해결했는지）

〜に修正したところ、正常に動作しました。

팁

면접에서는 길게 말하는 것보다
현상→원인→대응 3단 구조가 제일 강력합니다.

B. 조금 더 “실무 느낌” 나는 5문장 템플릿

発生条件は〜です。 (재현 조건)

エラーメッセージは「〜」でした。 (메시지)

原因は〜（typo/undefined/nullなど）です。 (원인)

〜を確認して切り分けました。（console/ログ/DevTools） (분석 방법)

〜に修正し、再発防止として〜を行いました。 (예방)

팁

“어떻게 찾았는지(切り分け)”를 한 문장만 넣어도
신뢰도가 확 올라갑니다.

2) 스펠링/오타(typo) 에러 전용 템플릿
C. 오타로 속성/함수를 못 찾는 경우

プロパティ名（または関数名）のスペルミスが原因で、undefinedになっていました。

正しくは「〜」ですが、「〜」と記述していました。

修正後はエラーが解消し、期待通りに動作しました。

팁

오타는 “실수”라기보다 “검증 포인트”입니다.
スペルミス 한 단어만 정확히 말해도 충분히 프로처럼 들려요.

3) 이번 innerHTML → innetHTML 사례: 그대로 복붙 가능한 예문
초간단(면접에서 말하기 좋은 버전)

DOMを更新する処理でエラーが発生しました。

原因は innerHTML のスペルミスで、innetHTML と書いていたためプロパティが存在しませんでした。

innerHTML に修正したところ、正常に表示されました。

실무형(조금 더 자세한 버전)

画面の表示を更新するタイミングでエラーが発生しました。

コンソールで確認すると、プロパティが参照できない旨のエラーが出ていました。

原因は innerHTML のスペルミスで、innetHTML と誤って記述していたため undefined になっていました。

innerHTML に修正して再実行したところ、正常にDOMが更新されました。

再発防止として、エディタの補完機能やLint（ESLint）でタイポを検知できるようにします。

팁

마지막 문장에 “再発防止(재발 방지)”를 넣으면
일본 면접관이 정말 좋아합니다.

4) 기능 구현 중 “자주 나는 에러” 유형별 한 줄 템플릿 모음

undefined / null

〜が未定義（undefined）で、参照しようとしてエラーになりました。

이벤트 중복 바인딩

同じイベントリスナーが複数回登録され、処理が重複して実行されていました。

DOM 선택 실패

要素が取得できておらず（null）、そのまま操作してエラーになりました。

타입/형변환 문제

文字列として扱われており、数値計算で想定外の結果になりました。

비동기 타이밍

非同期処理の完了前に参照してしまい、値が揃っていませんでした。

팁

“undefined / null / タイミング” 이 3개를
일본어로 자연스럽게 말할 수 있으면 디버깅 평가에서 거의 이깁니다.","[""import"",""coding""]",2026-02-22 11:13:32.875323+00,e1848554-ffae-479c-a8cd-4c0d77b7bed2,2026-03-19 15:55:50.007522+00,0,0,0,2026-03-19 15:55:50.007522+00,0,null,null,null,false,null,null,null,null,true,bcc063a3-c9fb-43bc-8c7f-62fd32dcd90c,null,null,"{""tables"":{""1"":{""rows"":[],""columns"":[]}}}",null,[],null,null
266a4396-ffac-43a8-9e38-821f30f3a8de,# CRUD Notes (Vanilla JS) / CRUD 기록,"# CRUD Notes (Vanilla JS) / CRUD 기록

> 목적: CRUD를 반복해서 만들면서 “구조 이해 + 실수 패턴 제거 + 설명력 강화”

---

## 1) includes() 역할
### KR
- `string.includes(substring)`는 문자열 안에 부분 문자열이 포함되어 있는지 확인한다.
- 반환값: `true / false`
- 검색 기능에서 핵심: `it.text.toLowerCase().includes(query)`

### JP（要点）
- `includes()` は文字列に部分一致するかを判定（true/false）

---

## 2) visibleItems()의 의미
### KR
- source of truth: `items` (원본 배열)
- `visibleItems()`는 “화면에 보여줄 목록”만 따로 계산한다.
- 이유: 렌더링 함수가 단순해지고, 필터/검색 로직이 한곳에 모인다.

### JP（要点）
- 表示用データを計算して `render()` をシンプルにする

---

## 3) return을 어디에 써야 하는가
### KR
- 같은 이벤트 핸들러 내부에서 액션이 여러 개일 때:
  - 처리 후 `return`으로 함수 종료하면 실수 방지됨
- 마지막 if 블록이면 return 생략해도 동작은 하지만,
  “실무에서는 일관성/안전성” 때문에 return 쓰는 게 좋다.

### JP（要点）
- 処理後に `return` するとミス防止・可読性UP

---

## 4) 이벤트 위임(event delegation)
### KR
- 리스트 항목마다 addEventListener를 달지 않고,
  부모(list)에 1개만 달고 이벤트를 위임한다.
- `e.target.closest(""button"")` 사용 이유:
  - 버튼 안에 아이콘/텍스트 클릭해도 버튼을 찾을 수 있음

### JP（要点）
- 親要素に1つだけイベントを付ける（delegation）

---

## 5) dataset 사용 이유
### KR
- DOM 요소에 `data-id`, `data-act` 등을 붙여서 상태/액션을 구분
- React의 props처럼 DOM에서 “행동/식별”을 전달하는 느낌

### JP（要点）
- `data-*` でID/アクションを管理

---

## 6) 내가 자주 하는 실수
### KR
- `items.filter(...)`만 호출하고 결과를 다시 할당 안 함
  - ❌ `items.filter(...)`
  - ✅ `items = items.filter(...)`
- `includes()`에 인자를 빼먹음
  - ❌ `.includes()`
  - ✅ `.includes(query)`","[""import"",""coding""]",2026-02-22 11:13:32.875323+00,e1848554-ffae-479c-a8cd-4c0d77b7bed2,2026-03-19 15:55:50.007522+00,0,0,0,2026-03-19 15:55:50.007522+00,0,null,null,null,false,null,null,null,null,true,b051594c-3f31-4bec-9c47-2c592eea02ed,null,null,"{""tables"":{""1"":{""rows"":[],""columns"":[]}}}",null,[],null,null
2a47e273-da84-45bc-8f13-23ae130ec562,「逆張り（ぎゃくばり）」,"https://youtu.be/ki5ybiXjcCY?si=uU_h87-winvt0Kw5

「逆張り（ぎゃくばり）」とは、株式投資などで相場の流れ（トレンド）に逆らって取引する投資手法で、上昇相場で売り、下落相場で買うことを指します。大衆心理や人気に逆らって、「人気がない時に買って（割安と見て）」、「人気がある時に売る（天井と見て）」という戦略で、タイミングを見極めるのが難しい反面、大きな利益を狙える魅力がありますが、トレンドが継続すると大きな損失を被るリスクも伴います（「順張り」の対義語）。 
逆張りの具体例
下落局面で買う: 株価が大きく下がって「割安」と判断し、反発を期待して購入する。
上昇局面で売る: 株価が上昇しきったと見て、天井付近で売り注文を出す。 
順張り（じゅんばり）との比較
順張り: 相場の流れに乗って、上昇トレンドで買い、下降トレンドで売る手法（初心者向きとされる）。
逆張り: 相場の流れに逆らい、人気の裏をかく手法（難易度が高いとされる）。 
メリット・デメリット
メリット: 相場が大きく反転した際、大底や天井で取引できるため大きな利益が期待できる。
デメリット: トレンドの終点を正確に読む必要があり、タイミングを誤ると損失が拡大しやすい。損切り（損を確定させること）の判断が難しい。 
逆張りは「自分」が正しいと考えること 
株価が正しいと考えるのが順張り。
自分の分析（自分が正しい）と考えるのが逆張り。相場の動きが「間違っている」と判断する。","[""import"",""japanese""]",2026-02-22 11:13:32.875323+00,e1848554-ffae-479c-a8cd-4c0d77b7bed2,2026-03-19 15:55:50.007522+00,0,0,0,2026-03-19 15:55:50.007522+00,0,null,null,null,false,null,null,null,null,true,8512fb3c-d0ed-4274-b377-bc57b8d9b4ec,null,null,"{""tables"":{""1"":{""rows"":[],""columns"":[]}}}",null,[],null,null
2b50c864-ae88-47f1-919b-c3ec3454ad1d,crud 상황별 구현 유불리,"좋아. “CRUD는 같지만 어떤 구조로 짜느냐에 따라 확장 난이도/버그율/UX(소비자 체감)가 갈린다”를 상황별로 예시로 보여줄게.
(바닐라 JS 기준으로 설명하되, React로 넘어가도 그대로 매핑돼.)

0) 공통 전제: CRUD의 진짜 뼈대

어떤 방식이든 결국 이 흐름이야.

이벤트 발생

입력값/타겟(id, act) 추출

데이터(items) 변경

저장(localStorage/서버)

화면 갱신(render)

차이는 “2~5를 어디에 두고 어떻게 나누냐”야.

A. 초단기/연습용: 이벤트 안에 다 넣는 방식

언제 유리?

기능 3~5개짜리, 파일 1개, 연습/프로토타입

“흐름이 한눈에 보이는 게” 최고 가치일 때

단점(확장 시)

add/edit/delete마다 save/render 중복

기능 늘수록 실수 폭발

list.addEventListener(""click"", (e) => {
  const btn = e.target.closest(""button"");
  if (!btn) return;

  const act = btn.dataset.act;
  const id = Number(btn.dataset.id);

  if (act === ""delete"") {
    items = items.filter(x => x.id !== id);
    localStorage.setItem(""items"", JSON.stringify(items));
    render(items);
  }
});


소비자 체감

기능이 적으면 빠릿하고 충분히 좋음

기능 늘면 버그/누락으로 “안 먹는 버튼”이 늘어나 체감 악화

B. 현실적 중간: “로직 함수 분리 + render/save 통일”

언제 유리?

CRUD + 검색/정렬/필터/페이지네이션이 붙기 시작

같은 처리(저장/렌더/검증)를 여러 곳에서 반복하기 싫을 때

지금 네가 하고 있는 방향이 여기

핵심은 “데이터 변경 로직”을 순수하게 만들기야.

function removeById(items, id) {
  return items.filter(x => x.id !== id);
}

function commit(nextItems) {
  items = nextItems;
  save(items);
  render(items);
}

function deleteItem(id) {
  commit(removeById(items, id));
}


이벤트는 “요청”만:

list.addEventListener(""click"", (e) => {
  const btn = e.target.closest(""button"");
  if (!btn) return;

  const act = btn.dataset.act;
  const id = Number(btn.dataset.id);

  if (act === ""delete"") deleteItem(id);
});


장점

save/render를 commit() 한 군데로 고정 → 누락 거의 없어짐

“오타/키 불일치”만 잡으면 구조가 단단해짐

소비자 체감

기능이 늘어도 안정성 유지 → 버튼 안 먹는 일이 줄어듦

“편집 중인데 목록 갱신이 이상함” 같은 UX 버그가 줄어듦

C. 기능이 많아질 때 강력: Store(상태 관리자) 방식

언제 유리?

editingId, filter 상태, sort 상태, pagination 상태가 생김

“현재 상태”가 여러 개가 되면서 코드가 꼬이기 시작할 때

UI가 여러 화면(리스트/상세/모달)로 분리될 때

const store = {
  state: {
    items: [],
    editingId: null,
    query: """",
    sort: ""desc"",
  },

  init() {
    this.state.items = storage.load();
    render(this.state);
  },

  remove(id) {
    this.state.items = this.state.items.filter(x => x.id !== id);
    storage.save(this.state.items);
    render(this.state);
  },

  startEdit(id) {
    this.state.editingId = id;
    render(this.state);
  },
};


이벤트는 그냥:

if (act === ""delete"") store.remove(id);
if (act === ""edit"") store.startEdit(id);


장점

상태가 늘어나도 “여기가 중심”이라 덜 흔들림

나중에 React로 넘어가도 개념이 거의 동일(상태 관리)

소비자 체감

“편집 상태 유지”, “검색 조건 유지”, “정렬 유지” 같은 UX가 자연스러워짐

즉, 기능이 많아질수록 사용자 만족이 올라가는 구조

D. 저장소 분리: storage 모듈(로컬/서버 교체 대비)

언제 유리?

localStorage 쓰다가 나중에 DB/서버/IndexedDB로 바꿀 가능성이 있을 때

JSON parse/stringify, 키 오타, 데이터 깨짐을 막고 싶을 때

const storage = {
  key: ""items"",
  load() {
    try { return JSON.parse(localStorage.getItem(this.key)) ?? []; }
    catch { return []; }
  },
  save(items) {
    localStorage.setItem(this.key, JSON.stringify(items));
  }
};


장점

“저장 방식 교체”가 한 파일 수정으로 끝남

데이터 깨짐에도 복구 로직 넣기 쉬움

E. 소비자 체감이 갈리는 지점: 낙관적 업데이트 vs 확인 후 업데이트

특히 서버가 붙는 순간 UX 차이가 큼.

1) 낙관적(Optimistic) 삭제: 빠르게 보이게

클릭 즉시 UI에서 사라짐 → 체감 빠름

서버 실패 시 롤백 필요

2) 확인 후(Confirm) 삭제: 안정적

서버 응답 후 UI 반영 → 체감 느릴 수 있음

대신 일관성/신뢰성 높음

프로젝트 성격에 따라 선택이 갈려.

개인 ToDo/메모: 낙관적이 보통 좋음(빠릿함)

돈/결제/재고/업무: 확인 후가 안전(신뢰성)

선택 가이드: “프로젝트가 뭐냐”에 따라 답이 달라짐
1) 연습/코테/포트폴리오 미니 CRUD

B(로직 분리 + commit) 추천

너무 무거운 Store는 오버일 수 있음

2) “검색/정렬/필터/페이지” 붙을 앱

C(Store) + D(storage) 추천

상태가 늘어나는 순간 Store가 압도적으로 편해짐

3) “로그인/서버/권한/동기화” 있는 서비스형 앱

C(Store) + D(storage) + 서버 API 레이어 추천

낙관적/확인 후 업데이트도 설계 포인트

네가 지금 딱 결정하면 좋은 기준 3개

상태가 2개 이상이면(Store 고려)

items + editingId만 있어도 이미 2개임

save/render가 2번 이상 반복되면(commit 필수)

add/edit/delete에 다 들어가면 3번 반복

나중에 서버 붙일 가능성 있으면(storage 분리 필수)

그때 가서 바꾸면 손이 많이 감","[""import"",""coding""]",2026-02-22 11:13:32.875323+00,e1848554-ffae-479c-a8cd-4c0d77b7bed2,2026-03-19 15:55:50.007522+00,0,0,0,2026-03-19 15:55:50.007522+00,0,null,null,null,false,null,null,null,null,true,d3d59e40-aec3-493d-a6de-f04723d485dc,null,null,"{""tables"":{""1"":{""rows"":[],""columns"":[]}}}",null,[],null,null
2ba8f6e3-3eb0-4dd9-ac50-4a2528badc29,「分ける（わける）」,"「分ける（わける）」は、一つを複数に分割する（ケーキを分ける）、種類ごとに整理する（ゴミを分別する）、配る・分配する（お菓子を分ける）、（物理的に）押し開く（カーテンを分ける）、勝負を区切る（引き分けにする）など、状況によって様々な意味を持つ動詞で、英語では「divide」「separate」「share」「split」などを使い分けます。 
主な意味と例文
分割・分割する: 一つを二つ以上に分ける。
例: ケーキを4つに分ける (divide the cake into four pieces)。
区分する・分類する: 種類や性質で分ける。
例: リサイクルとゴミを分ける (separate recycling from trash)。
分配する・分け与える: 複数人に配る。
例: 財産を息子たちに分ける (share the property with his sons)。
（物理的に）押し開く: 物理的に物を左右に開く。
例: 髪を真ん中で分ける (part her hair in the middle)。
（勝負・仲裁で）区切る: 勝負がつかないときにやめさせる、引き分けにする。
例: 勝負を分ける（引き分けにする）。 
関連する言葉
分割: divide, split
分別: separate
分配: share, distribute
区切る: cut, break

https://mazii.net/ko-KR/search/word/jako/%E5%88%86%E3%81%91%E3%82%8B

◆ 나누다.
◆ 가르다.

数区域に分ける
몇 구역으로 나누다

株を分けて植える
포기[그루]를 나눠서 심다

五回に分けて支払う
다섯 번에 나누어 지급하다

◆ (종류에 따라) 구분[분류]하다.

学年別に分ける
학년별로 나누다

大きさによって分ける
크기에 따라서 분류하다

成績を五段階に分ける
성적을 5단계로 구분하다

◆ ((頒ける)) 분배하다; 노느다.

利益を分ける
이익을 나누다

皆で分けて食べる
모두가 나누어 먹다

暖簾を分ける
분점을 차려 주다(같은 옥호를 쓰게 하며 단골집도 일부 나누어 줌)

◆ 말리다; 중재하다.

喧嘩を分ける
싸움을 말리다

◆ 비긴 것으로 하다.

勝負を分ける
승부를 무승부로 하다

星を分ける
승패의 결과가 무승부가 되다

票を分ける
득표수가 같이 되다

◆ 헤치다.

波を分けて船が進む
파도를 헤치고 배가 나아가다

草の根を分
(풀뿌리를 헤치듯) 샅샅이 뒤지다

人込みの中を分けて前に出る
군중 속을 헤치고 앞으로 나오다

◆ 조리 있게 하다; 시비를 가리다; 판별하다.

事を分けて話した
조리 있게 차근차근 이야기했다

◆ 팔다.

お分けいたしましょう
팔도록 하겠습니다

分けて下さいませんか
파시지 않겠습니까","[""import"",""japanese""]",2026-02-22 11:13:32.875323+00,e1848554-ffae-479c-a8cd-4c0d77b7bed2,2026-03-19 15:55:50.007522+00,0,0,0,2026-03-19 15:55:50.007522+00,0,null,null,null,false,null,null,null,null,true,06658bd5-b3f3-4042-aa4b-156799868c6e,null,null,"{""tables"":{""1"":{""rows"":[],""columns"":[]}}}",null,[],null,null
2d15dbfe-bf97-44f8-8d47-b51303b093e6,「抜け出し（ぬけだし）」,"Netflix　トークサバイバー！～トークが面白いと生き残れるドラマ～

「抜け出し（ぬけだし）」とは、ある場所や状況、困難な状態などから、うまくそこを離れたり、脱出したりすることを意味する言葉で、「逃げ出す」「脱出する」「免れる」といった類語があり、子供がチャイルドシートから抜け出す防止グッズなど、具体的な場面でも使われます。 
意味のポイント
場所からの脱出: 監獄や窮屈な場所から出る場合など。
状況からの脱出: 困難な状況や、退屈な会議、つらい仕事などから離れる場合。
物理的な回避: 束縛や拘束から自由になること（例：ハーネスからの抜け出し）。 
例文
会議が長引いたので、そっと抜け出した。
子供がチャイルドシートから抜け出してしまうので困っている。
窮地を抜け出して、無事に生還した。
類語
脱出（だっしゅつ）: 物理的な場所から逃れる意味合いが強い。
逃げ出す（にげだす）: 危険や困難から逃れる意味合い。
免れる（まぬがれる）: 困難や災難を避ける、という意味。 
関連商品
チャイルドシートからの子供の抜け出し防止グッズなど、安全対策の商品名にも使われます。

https://mazii.net/ko-KR/search/word/jako/%E6%8A%9C%E3%81%91%E5%87%BA%E3%81%99

◆ 빠져나가다; 빠져나오다.
◆ 살짝 도망치다.

城を抜け出 す
성을 몰래 빠져나가다

授業をさぼって教室 から抜け出す
수업을 까먹고 교실에서 살짝 빠져나가다

◆ 바람직하지 못한 상태에서 벗어나다.

不況から抜 け出す
불황에서 빠져나오다

◆ (경쟁 등에서) 앞질러서 나가다.

混戦から抜け出 す
혼전에서 빠져나오다

◆ 빠지기 시작하다.

毛が抜け出す
털이 빠지기 시작하다","[""import"",""japanese""]",2026-02-22 11:13:32.875323+00,e1848554-ffae-479c-a8cd-4c0d77b7bed2,2026-03-19 15:55:50.007522+00,0,0,0,2026-03-19 15:55:50.007522+00,0,null,null,null,false,null,null,null,null,true,eed51078-0491-41d5-a399-64e7aebda416,null,null,"{""tables"":{""1"":{""rows"":[],""columns"":[]}}}",null,[],null,null
2d6be92b-fbcd-4a3d-a750-fb42215777db,「ついに」,"「ついに」は、長い時間や努力の末に、待ち望んでいたことや予想していたことが最終的に実現する、またはその状態が続く様子を表す言葉です。「とうとう」「やっと」「いよいよ」などと似ていますが、「ついに」は、その実現への期待感や感動、達成感を強く含み、「ついに優勝を果たした」「ついに完成した」のようにポジティブにもネガティブにも使われ、「ついに現れなかった」のように打消しで使われることもあります。 
「ついに」のニュアンス
長く待ち望んだ結果の実現: 長い間、期待して待っていたことが「今、まさに」起こったという気持ち。
集大成・集約: いろいろなことが積み重なって、一つの最終的な結果に達した感じ。
ポジティブ・ネガティブ両方: 「ついに勝った！」（喜び）から「ついに諦めた」（落胆）まで、幅広い文脈で使える。 
類語との違い（例）
やっと: 苦労して目標を達成した喜びや安堵感。
とうとう: いつか来る時が来たという実感、過程に焦点。結果は良くも悪くも。
いよいよ: 期待感が高まり、まさにその時が来たという「これから」のニュアンスが強い。 
例文
「長い研究の末、ついに新薬が開発された。」（期待と達成感）
「待ちに待った旅行。ついに今日、出発だ！」（興奮、待ち望んだ瞬間）
「散々待ったが、彼はついに現れなかった。」（落胆、期待が裏切られた） 
「ついに」は、英語の ""finally"" や ""at last"" に近いですが、文脈によって「とうとう」「結局」といった意味合いも持ち、日本語の豊かな表現の一つです。

https://mazii.net/ko-KR/search/word/jako/%E3%81%A4%E3%81%84%E3%81%AB

◆ 드디어; 마침내; 결국.

遂に夢が叶う
드디어 꿈이 이루어지다

遂に完成を見た
드디어 완성을 봤다

遂に優勝をつかんだ
마침내 우승을 거머쥐었다

◆ (부정(否定)하는 말이 따라서) 최후까지; 끝끝내; 끝까지; 종내(終乃); 한 번도.

遂に現われなかった
끝내 나타나지 않았다

遂に口を利かなかった
끝끝내 말을 하지 않았다

遂に帰って来なかった
끝내 돌아오지 않았다","[""import"",""japanese""]",2026-02-22 11:13:32.875323+00,e1848554-ffae-479c-a8cd-4c0d77b7bed2,2026-03-19 15:55:50.007522+00,0,0,0,2026-03-19 15:55:50.007522+00,0,null,null,null,false,null,null,null,null,true,757042ca-5148-4409-bf30-49f61a1dced5,null,null,"{""tables"":{""1"":{""rows"":[],""columns"":[]}}}",null,[],null,null
3056ebce-7c81-4915-a25a-b202aafb33a6,「仲直り（なかなおり）」,"https://youtu.be/pfmrwJfftzo?si=F_3Gx2J3eKNK7HAV

「仲直り（なかなおり）」とは、仲が悪かった関係が元に戻り、良好な状態になること（和解・和睦）を指します。喧嘩や対立の後で、お互いに冷静になり、話し合い、理解し合うことで関係を修復し、以前よりも深いつながりを築くための重要なプロセスです。 
仲直りのための基本的なステップとコツ
感情的にならない: 喧嘩直後は冷静になり、時間をおいてから話すことが大切です。
自分から謝る: 少しでも自分に非があると感じたら、率先して「ごめんなさい」と伝えましょう。素直な謝罪は関係修復の第一歩です。
話し合う: 感情的にならず、お互いの意見や気持ち、何が悪かったのか、どう改善するかを具体的に話し合います。相手の目線に立って考えることが重要です。
感謝の気持ちを伝える: 相手の存在を再認識し、「ありがとう」の気持ちを伝えることも関係を深めます。
共通の体験をする: 一緒に食事をするなど、楽しい時間を共有することで、親近感や心の余裕が生まれます。
NG行動を避ける: 過去の話を持ち出す、相手の悪口を言う、無視するなどの行為は逆効果です。 
仲直りの先にあるもの
仲直りを通じて、お互いの価値観の違いを理解し、尊重できるようになります。
腹を割って話すことで、以前よりも大きな絆で結ばれ、関係が深まるきっかけにもなります。 
「仲直り」は単なる関係修復だけでなく、お互いをより深く理解し、成長する機会となるのです。","[""import"",""japanese""]",2026-02-22 11:13:32.875323+00,e1848554-ffae-479c-a8cd-4c0d77b7bed2,2026-03-19 15:55:50.007522+00,0,0,0,2026-03-19 15:55:50.007522+00,0,null,null,null,false,null,null,null,null,true,40b649c1-4362-4e6f-b185-6fcbd776cc2a,null,null,"{""tables"":{""1"":{""rows"":[],""columns"":[]}}}",null,[],null,null
3176d658-bcec-4199-8814-0af98d34865f,일본 중소기업과 스타트업의 “관리되는 야근”인지 “방치되는 야근”인지 구분하는 질문/체크리스트,"좋아. 바로 “면접에서 그대로 읽어도 되는 수준”으로 중소기업 버전 / 스타트업 버전 두 세트 만들어줄게.
(너 목적: 정시퇴근 기반 + 장기적으로 프리/노마드 준비를 깔끔하게 확인)

핵심 차이는 이거야:

중소기업: 분위기/예의/조직문화 중요 → 부드럽고 신중하게 묻기

스타트업: 실전/속도/현실 중요 → 구체적으로, 숫자로, 시스템으로 묻기

✅ 1) 중소기업 버전 (부드럽고 안정지향 질문 세트)
시작 멘트 (정중/안정형)

長く安定して働きたいと考えておりますので、働き方についていくつか確認させてください。
(오랫동안 안정적으로 일하고 싶어서 근무 방식에 대해 몇 가지 확인드리고 싶습니다.)

A. 잔업(야근) 평균/문화 확인
Q1) 월 평균 잔업

月平均の残業時間はどれくらいでしょうか？
(월 평균 야근 시간은 어느 정도인가요?)

Q2) 정시퇴근 분위기

定時で退勤される方も多いでしょうか？
(정시에 퇴근하시는 분들도 많은 편인가요?)

✅ 중소기업에선 “많습니다/적당히 있습니다” 같은 답이 나오면 정상.

B. 야근 발생 원인(업무량/시기) 확인
Q3) 야근이 생기는 타이밍

残業が発生するのは、どのような時期が多いでしょうか？
(야근이 발생하는 시기는 주로 언제인가요?)

Q4) 업무 일정 운영 스타일

業務スケジュールはどのように管理されていますか？
(업무 일정은 어떤 식으로 관리되나요?)

C. 보상/규정 확인 (중요하지만 부드럽게)
Q5) 잔업수당/대체휴무

残業代の支給や代休制度について教えていただけますか？
(야근 수당 지급이나 대체휴무 제도에 대해 알려주실 수 있을까요?)

Q6) “みなし残業(포괄임금)” 여부

固定残業（みなし残業）の制度はありますか？
(포괄임금(고정 잔업) 제도가 있나요?)

D. 유연근무/재택(가능하면)
Q7) 재택/플렉스 운영

リモートワークやフレックス制度の運用状況を教えてください。
(재택근무나 플렉스 운영 상황을 알려주세요.)

마무리 멘트 (호감형)

無理なく長期的に成果を出したいと思っておりますので、確認させていただきました。ありがとうございます。
(무리 없이 장기적으로 성과를 내고 싶어서 확인드렸습니다. 감사합니다.)

✅ 2) 스타트업 버전 (실전형/구체적/숫자 중심)
시작 멘트 (스타트업스럽게)

パフォーマンスを安定して出すために、開発体制と働き方を具体的に確認させてください。
(안정적으로 성과를 내기 위해 개발 체계와 근무 방식을 구체적으로 확인드리고 싶습니다.)

A. 근무시간/야근을 “숫자”로 뽑아내는 질문
Q1) 팀의 월 평균 잔업 (필수)

配属予定チームの月平均残業時間はどれくらいですか？
(배치 예정 팀의 월 평균 야근 시간은 어느 정도인가요?)

Q2) 최근 3개월 기준으로 묻기 (회피 불가)

直近3ヶ月だと、残業はどれくらいの水準でしたか？
(최근 3개월 기준으로는 야근이 어느 수준이었나요?)

✅ 스타트업에서는 “최근 수치”를 물어야 진짜가 나옴.

B. “야근이 왜 발생하는가” (회사 운영 수준 파악)
Q3) 야근 발생 원인 TOP3

残業の主な原因は何でしょうか？（例：リリース前、仕様変更、障害対応など）
(야근의 주된 원인은 무엇인가요? 예: 릴리즈 전, 요구사항 변경, 장애 대응 등)

Q4) 일정이 터질 때 대응 방식

スケジュールが厳しい場合、スコープ調整は行われますか？
(일정이 빡빡할 때 스코프 조정은 하나요?)

✅ 좋은 스타트업 = 스코프 컷/우선순위 조정 있음
⚠️ 위험 = “다 같이 밤새워요”

C. 인원 부족 여부 확인 (너가 제일 중요하게 보는 지점)
Q5) 개발 인력 충원 상황

現状、開発人数は足りていますか？採用計画はどうなっていますか？
(현재 개발 인원은 충분한가요? 채용 계획은 어떻게 되나요?)

Q6) 한 사람이 맡는 범위

エンジニア1人あたりの担当範囲は広いですか？（フロント・バック・インフラ等）
(엔지니어 1인당 담당 범위가 넓은 편인가요? 프론트/백/인프라 등)

D. 야근이 “관리되는가” 판별 질문
Q7) 야근 상한/관리 방법

残業時間の上限管理はどうされていますか？
(야근 시간 상한 관리는 어떻게 하나요?)

Q8) 온콜/장애 대응

オンコールはありますか？頻度とローテーション体制を教えてください。
(온콜이 있나요? 빈도와 로테이션 체계를 알려주세요.)

E. 재택/플렉스 “진짜로 쓰는지” 확인
Q9) 재택/플렉스 실운영

リモート／フレックスは制度としてありますか？実際の利用率はどれくらいですか？
(재택/플렉스가 제도로 있나요? 실제 사용률은 어느 정도인가요?)

F. 보상/정산 (블랙 여부 확인)
Q10) 수당/대휴

残業代は全額支給ですか？代休も取れますか？
(야근 수당은 전액 지급인가요? 대체휴무도 쓸 수 있나요?)

Q11) “みなし残業”이면 몇 시간인지

みなし残業の場合、何時間分が含まれていますか？
(포괄임금이면 몇 시간분이 포함되어 있나요?)

마무리 멘트 (프로형)

長期的にパフォーマンスを維持したいので、運用面まで具体的に確認しました。
(장기적으로 퍼포먼스를 유지하고 싶어서 운영 측면까지 구체적으로 확인했습니다.)

✅ “답변”으로 판별하는 빠른 기준
🟢 감당 가능한 야근 확률 높음

팀 평균 잔업이 10~20h

“릴리즈 전 1~2주” 같은 명확한 패턴

“우선순위/스코프 조정”이 가능

수당/대휴 규정 명확

재택/플렉스 실사용

🔴 감당 불가 확률 높음 (피하는 게 좋음)

“사람마다 달라요”만 반복

“많긴 한데 어쩔 수 없죠”

“열정/각오” 같은 감성으로 덮음

온콜이 사실상 상시

“제도는 있는데 쓰는 사람 없음”","[""import"",""coding""]",2026-02-22 11:13:32.875323+00,e1848554-ffae-479c-a8cd-4c0d77b7bed2,2026-03-19 15:55:50.007522+00,0,0,0,2026-03-19 15:55:50.007522+00,0,null,null,null,false,null,null,null,null,true,c3a68ee2-7743-4f08-ab1d-6db64abc6d40,null,null,"{""tables"":{""1"":{""rows"":[],""columns"":[]}}}",null,[],null,null
337ad011-0eef-46dc-a775-45e937ec8822,「定まる（さだまる）」,"https://youtu.be/RMMvLILnGRU?si=WAymuA048hsDS3vZ

「定まる（さだまる）」とは、物事の方向や状態が最終的に決まること、または落ち着いて安定することを意味し、「決まる」「落ち着く」「明確になる」「安定する」「静まる」といったニュアンスで使われます。例えば、「方針が定まる」「心が定まる」「評価が定まる」「天候が定まる」のように使われ、未確定な状態から一定の形になる過程や結果を表す言葉です。 
主な意味と例文
決まる・決定する:
「今後の計画が定まる（決まる）。」
「運命が定まる（決定される）。」
明確になる・はっきりする:
「話の焦点が定まる（はっきりする）。」
落ち着く・安定する:
「評価が定まる（安定する）。」
「心が定まる（落ち着く）。」
治まる・静まる:
「天候が定まる（静まる）。」 
類語
決まる、決する、まとまる、確定する、落ち着く、固まる 
使い方（「～が定まる」）
主体が未定だったものが決まる: 計画、方針、値段など。
精神状態が落ち着く: 心、気持ちなど。
状況が安定する: 評価、収入、天候など。

◆ 정해지다.
◆ 결정되다; 제정되다, 확정되다.

制度が定まる
제도가 정해지다

国の運命が定まる
나라의 운명이 결정되다

態度が定まる
태도가 결정되다[정해지다]

◆ 일정해지다.

定まった方法
일정한 방법

定まった収入がない
일정한 수입이 없다

◆ 안정되다; 가라앉다.

天気[天候]が定まる
날씨가 안정되다

風が定まる
바람이 가라앉다[자다]

反乱が定まる
반란이 가라앉다[진압되다]

◆ (고요히) 잠들다.

深夜、人定まって
깊은 밤 사람들이 고요히 잠들고

https://mazii.net/ko-KR/search/word/jako/%E5%AE%9A%E3%81%BE%E3%82%8B","[""import"",""japanese""]",2026-02-22 11:13:32.875323+00,e1848554-ffae-479c-a8cd-4c0d77b7bed2,2026-03-19 15:55:50.007522+00,0,1,0,2026-03-19 15:55:50.007522+00,0,null,null,null,false,null,null,null,null,true,7322400c-a387-4799-8ee0-c457a4110152,null,null,"{""tables"":{""1"":{""rows"":[],""columns"":[]}}}",null,[],null,null
374d8daf-a854-4822-9a5a-71e20cdbad11,edit vs delete 구조 차이 정리,"✅ edit vs delete 구조 차이 정리 (기록용)
1) edit 함수 흐름 (find + early return)

edit는 보통 이런 구조가 맞다:

const it = items.find(x => x.id === id);
if (!it) return;

✅ 이유

edit는 “어떤 항목을 수정할지”가 명확해야 함

id로 해당 항목 1개를 찾아야 함 (find)

없으면 더 진행하면 안 되므로 조기 종료(early return) 하는 게 정석

📌 즉 edit는

대상 선택(find) → 검증(if(!it)return) → 수정 로직 실행

이 순서가 매우 자연스럽고 실무에서도 자주 쓰임.

2) delete 함수 흐름 (filter로 재할당)

delete는 보통 이런 스타일로 짧게 가능:

items = items.filter(x => x.id !== id);
render();

✅ 이유

delete는 “해당 id를 제외한 새 배열”이 필요함

그 역할이 filter

따라서 결과를 items에 재할당하는 패턴이 가장 흔함

📌 즉 delete는

배열 재구성(filter) → 재할당 → 다시 렌더링

이라서 짧아지는 게 정상임.

※ 다만 이 방식은 items가 const이면 재할당 불가능 → let items가 필요.

3) edit가 길어지고 delete가 짧아지는 이유 (핵심)

너가 말한 게 진짜 정확함.

✅ edit가 길어지는 이유

edit는 단순히 데이터만 바꾸는 게 아니라, 사용자와 상호작용 흐름이 있음.

너 edit는 이런 UX를 포함하고 있음:

prompt 창 열기

기존 텍스트 찾아서 prompt 기본값으로 뿌리기

사용자가 수정한 값을 입력

변경된 텍스트를 화면에 다시 렌더링
(필요하면 localStorage도 갱신)

즉 edit는

“UI 상호작용” + “데이터 수정”
두 축이 같이 들어가서 코드가 길어질 수밖에 없음.

✅ delete가 짧은 이유

delete는 UX적으로 사용자가 입력할 게 없음.

클릭

데이터에서 제거

렌더링

이게 끝이라서

데이터 조작만 하고 끝나는 단순 흐름 = 코드가 짧아짐

4) 너 표현 중 정확한 포인트 하나 보강

너가 “delete는 items를 재할당하고 filter 걸고 바로 리턴하는 방식”이라고 했는데
여기서 엄밀히 말하면:

filter 자체가 “return(반환)”을 함 (새 배열)

그 반환 값을 items에 재할당하는 구조

즉 “delete 함수가 리턴한다” 보단:

filter가 새 배열을 반환하고 → 그걸 items가 받아서 대체한다

이 흐름이 더 정확해.

✅ 최종 결론 한 줄

edit는 특정 대상을 찾아(find) 검증하고(early return) 사용자 입력(prompt)까지 받기 때문에 길어지는 게 정상

delete는 filter로 배열을 재구성해서 다시 렌더링만 하면 되므로 짧은 게 정상

이 정도로 이해했으면 이제 거의 “CRUD 설계 감각”이 생긴 상태야","[""import"",""coding""]",2026-02-22 11:13:32.875323+00,e1848554-ffae-479c-a8cd-4c0d77b7bed2,2026-03-19 15:55:50.007522+00,0,0,0,2026-03-19 15:55:50.007522+00,0,null,null,null,false,null,null,null,null,true,84d7f2f1-4188-4f13-a301-0ec7014beda5,null,null,"{""tables"":{""1"":{""rows"":[],""columns"":[]}}}",null,[],null,null
3bb96861-d8d3-46ef-b94f-f911ac92eb8d,「悲しい（かなしい）」,"「悲しい」は、心が痛んで泣きたくなるような、辛く切ない気持ちを指し、大切な人との別れや失恋、挫折などが原因で生じます。この感情は休息や気分転換、信頼できる人との会話、趣味への没頭などで和らげることができ、無理に抑え込まず「今、自分は悲しいんだ」と受け止めることが大切です。 
悲しい感情の原因とサイン
原因: 大切な人との死別・離別、失恋、失業、病気、人間関係のトラブル、目標の失敗、大きな変化によるストレスなど。
サイン: 心が痛む、泣きたい、寂しい、落ち込む、といった感情。 
悲しい気持ちの対処法
感情を受け止める: 悲しんでいる自分を否定せず、「悲しい」と認めてあげる。思い切り泣くのも有効です。
心身を休める: 睡眠をとり、栄養のあるものを食べ、安心できる環境で過ごす。
気分転換: 散歩、運動、好きな音楽を聴く、映画を見るなど、体を動かしたり、没頭できる趣味を見つける。
人に話す: 家族や友人、専門機関など、信頼できる人に話を聞いてもらう。
生活習慣を見直す: 睡眠・食事・運動の基本を見直す。 
「悲しい」と似ている言葉
哀しい（かなしい）: 「悲しい」よりさらに「あわれ」で胸が詰まるようなニュアンス。「愛しい（かなしい）」は「切なく可愛い」という意味で、現代では古典文学で使われることが多い。
寂しい: 孤独感や物足りなさ。 
もし悲しい気持ちが長く続き、日常生活に支障をきたすようであれば、専門機関への相談も検討しましょう。

https://hangeul.jp/phrase/13852/

韓国語で「悲しいです」は何て言えばいい？使いやすいフレーズ5選も紹介！
こんにちは、セットンブログへようこそ！私たちは日常生活でさまざまな感情を表現しますが、「悲しい」という気持ちを言葉で伝えることは、時に難しいことがあります。特に外国語で自分の気持ちを伝える時には、適切な表現を使うことが大切です。韓国語で「悲しいです」という感情を表すためのフレーズをいくつか覚えておけば、韓国語での会話がより豊かになりますし、自分の気持ちを正確に伝えることができるようになります。今回は、韓国語で「悲しいです」と言いたい時に使える便利なフレーズを5つご紹介します。これらを覚えて、韓国語の会話で感情をうまく表現できるようになりましょう。

1. 슬퍼요 (スルポヨ)：「悲しいです」
「슬퍼요」は、韓国語で「悲しいです」を表す最も一般的なフレーズです。感情を素直に伝えるために使うことができ、カジュアルからフォーマルな場面まで幅広く使用できます。

【例文】

오늘 기분이 슬퍼요. （今日は気分が悲しいです。）
그 이야기를 듣고 너무 슬퍼요. （その話を聞いてとても悲しいです。）
내 친구가 아파서 슬퍼요. （私の友達が病気で悲しいです。）
2. 마음이 아파요 (マウミ アパヨ)：「心が痛いです」
「마음이 아파요」は、精神的な痛みや悲しみを表現するフレーズです。感情的なショックや深い悲しみを感じているときに使います。

【例文】

그 소식을 듣고 마음이 아파요. （その知らせを聞いて心が痛いです。）
내가 사랑하는 사람이 떠나서 마음이 아파요. （大切な人が去って、心が痛いです。）
이 사건에 대해 생각하면 마음이 아파요. （この出来事を考えると、心が痛みます。）
3. 속상해요 (ソクサンヘヨ)：「悔しい、悲しい」
「속상해요」は、軽い悲しみや心の中での葛藤を表現するときに使います。特に、何かがうまくいかなかった時や失望したときに使うことが多いです。

【例文】

그 일이 잘 안 돼서 속상해요. （そのことがうまくいかなくて悲しいです。）
속상한 일이 있어요. （悲しいことがありました。）
내가 이렇게 된 것이 속상해요. （こんなふうになってしまったのが悲しいです。）
4. 우울해요 (ウウレヨ)：「落ち込んでいます」
「우울해요」は、心が沈んでいる状態や、抑えきれない悲しみ、気持ちの落ち込みを表すフレーズです。精神的に疲れているときや悲しみを抱えているときに使うことができます。

【例文】

요즘 계속 우울해요. （最近ずっと落ち込んでいます。）
그 일 때문에 우울해요. （そのことが原因で落ち込んでいます。）
나 혼자서 우울해하지 않으려고 해요. （一人で落ち込まないようにしています。）
5. 눈물이 나요 (ヌンムリ ナヨ)：「涙が出ます」
「눈물이 나요」は、感情が高ぶって涙が出そうなときや、悲しい気持ちがあふれ出る時に使う表現です。泣きそうな時や、実際に泣いている場合に使います。

【例文】

그 영화를 보고 눈물이 나요. （その映画を見て涙が出ます。）
너무 슬퍼서 눈물이 나요. （とても悲しくて涙が出ます。）
그녀의 이야기를 들었을 때 눈물이 났어요. （彼女の話を聞いたとき、涙が出ました。）
まとめ
これらのフレーズを覚えておけば、韓国語で「悲しい」という感情をうまく表現することができます。どの表現も、状況や感情に合わせて使い分けることができるので、相手に対して自分の気持ちをより深く伝えることができます。また、韓国語で感情を表すフレーズを覚えることで、より豊かなコミュニケーションができ、相手の気持ちにも寄り添うことができるようになるでしょう。韓国での生活や会話が一層楽しく、深いものになるはずです。それでは、楽しい韓国語学習を続けてくださいね！","[""import"",""japanese""]",2026-02-22 11:13:32.875323+00,e1848554-ffae-479c-a8cd-4c0d77b7bed2,2026-03-19 15:55:50.007522+00,0,0,0,2026-03-19 15:55:50.007522+00,0,null,null,null,false,null,null,null,null,true,172cdc64-1f38-447a-b543-c05925d701c7,null,null,"{""tables"":{""1"":{""rows"":[],""columns"":[]}}}",null,[],null,null
3c4ef4cf-97b8-415a-be60-d09a34f89eb5,「びくりした」,"「びくりした」は「びっくりした」のことで、驚いた、驚かされたという感情を表す言葉です。「わっ！」と急に何かに気づいたり、予期せぬ出来事に出くわして心臓がドキッとしたりした時に使います。日本語の「びっくり」は、当て字で「吃驚（きっきょう）」と書かれることもありますが、通常はひらがなやカタカナで表記され、英語では ""I was surprised!"" や ""Wow!"" と表現されます。 
「びっくりした」のニュアンス
突然の驚き: 予期せぬ出来事や声、物音などに対して、はっと気付いたり、心に衝撃を受けたりする状態。
感情表現: 驚き、感嘆、時には恐怖など、ネガティブな驚きからポジティブな驚きまで幅広く使われます。 
例文
「後ろから名前を呼ばれて、びっくりした！」（突然声をかけられて驚いた）。
「お化け屋敷で急に何かが現れて、びっくりしたよ！」（予期せぬものに驚いた）。 
関連する表現
驚く（おどろく）: 「びっくりする」よりもややフォーマルで、深い驚きや感銘を表すこともあります。
仰天（ぎょうてん）: 非常に驚くこと、ひどく驚くことを意味する類語です。 
英語での表現例
I was surprised! (びっくりした！)
Wow! (わあ！)
What a surprise! (なんてことだ！/びっくりした！)

https://mazii.net/ko-KR/search/word/jako/%E3%81%B3%E3%81%A3%E3%81%8F%E3%82%8A

◆ 깜짝 놀람.

びっくり箱
깜짝[도깨비] 상자((뚜껑을 열면 동물 인형 등이 튀어나오는 장난감))

びっくりした顔
깜짝 놀란 얼굴[표정]

わ、びっくりした
아이 깜짝이야","[""import"",""japanese""]",2026-02-22 11:13:32.875323+00,e1848554-ffae-479c-a8cd-4c0d77b7bed2,2026-03-19 15:55:50.007522+00,0,0,0,2026-03-19 15:55:50.007522+00,0,null,null,null,false,null,null,null,null,true,778825ad-c26e-448f-bc56-23f51da57f40,null,null,"{""tables"":{""1"":{""rows"":[],""columns"":[]}}}",null,[],null,null
3f38d295-dcb8-47e4-af79-83c136611203,「図る（はかる）」,"https://youtu.be/dHVuhGxpixo?si=5arPxaywud8tItbZ

「図る（はかる）」とは、ある目的を達成するために計画を立て、工夫し、実現させようと試みるという意味で、ビジネスや日常で広く使われる言葉です。「効率化を図る」「再起を図る」のように、単なる願望ではなく、具体的な手段を講じるニュアンスがあります。 
主な意味と使い方
計画・工夫する: ある目標（解決、改善、成功など）に向けて、手段や方法を考え、実行する。
例：「業務の改善を図る」「円滑な運営を図る」
試みる・企てる: 何らかの行動を起こして、目的の実現を目指す。
例：「成功を図る」「危機を脱する策を図る」
配慮・便宜を供する: 他人のために、便宜を図る（便宜を図る、世話を焼くような場合）。
例：「お客様の便宜を図る」 
類語との違い（「はかる」の他の漢字）
計る（はかる）: 時間や数量を数える、計算する（時間を計る、株価を計る）。
測る（はかる）: 長さ、深さ、温度などを調べる（身長を測る、水温を測る）。
量る（はかる）: 重さや体積を調べる（体重を量る、米を量る）。
謀る（はかる）: 悪いことを企む、画策する（大臣の失脚を謀る、会社の乗っ取りを謀る）。 
「図る」は、目的達成への積極的な意志と戦略的なアプローチを示す、ポジティブで前向きな表現として使われます。

◆ 생각하다.

図らずも
뜻하지 않게

あに図らんや
어찌 생각이나 했으랴

◆ 목적하다; 노리다.

再起を図る選手
재기를 노리는 선수

利益を図る
이익을 노리다

◆ 계획하다; 꾀하다; 도모하다.

独立を図る
독립을 꾀하다

便宜を図る
편의를 도모하다

完璧な証拠隠滅を図った
완벽한 증거 인멸을 꾀했다

https://mazii.net/ko-KR/search/word/jako/%E3%81%AF%E3%81%8B%E3%82%8B","[""import"",""japanese""]",2026-02-22 11:13:32.875323+00,e1848554-ffae-479c-a8cd-4c0d77b7bed2,2026-03-19 15:55:50.007522+00,0,0,0,2026-03-19 15:55:50.007522+00,0,null,null,null,false,null,null,null,null,true,73e0f335-18a5-424b-8666-8fc59e45d533,null,null,"{""tables"":{""1"":{""rows"":[],""columns"":[]}}}",null,[],null,null
419a37ba-f27f-4a2e-82c6-3d783876da3c,일본스타트업 선택시 유의사항 ex)정시퇴근 개인사업,"1) 왜 정시퇴근 보장이 프리 전향에 필수인가?

프리는 실력도 필요하지만, 그 전에

시간

체력

에너지

이게 없으면 절대 못 함.

회사 일이 매일 9~10시까지 잡아먹으면:

사이드 프로젝트도 못 하고

외주도 못 하고

공부도 못 하고

결국 노마드 플랜이 “영원히 계획”으로만 남아.

그래서 네가 말한 건 진짜 핵심이야:

프리로 가려면 회사에 묶이면 안 된다.

2) 근데 면접에서 “정시퇴근 보장되나요?” 이렇게 물으면 위험할 수 있음

여기서 한 가지 전략이 필요해.

회사 입장에서 저 질문을 들으면 이렇게 해석할 수도 있어:

“이 사람은 워라밸만 따지는 사람인가?”

“스타트업에 안 맞는 타입인가?”

“필요할 때 야근 못 하겠다는 뜻인가?”

그래서 물어야 하긴 하는데, 물어보는 방식이 중요해.

3) “안 뽑을 수도 있다”는 건 오히려 좋은 신호일 수도 있음

냉정하게 말하면:

✅ 너의 목표: “정시퇴근 기반으로 프리/노마드 준비”
❌ 어떤 회사의 목표: “회사에 올인할 사람”

이건 가치관 충돌이라
서로 안 맞는 게 맞아.

그럼 차라리 초반에 걸러지는 게 장기적으로는 이득임.

4) 현실적인 최적 질문 방식 (안 튀면서 확인하기)

정시퇴근을 대놓고 “보장”으로 묻기보다는
업무 운영 방식을 묻는 게 실무에서 가장 자연스러워.

예를 들어:

✅ 질문 1) 평균 야근 빈도

“通常時の残業頻度はどれくらいでしょうか？”
(평소 야근 빈도는 어느 정도인가요?)

✅ 질문 2) 야근이 생기는 시점

“残業が発生するのは、どのようなタイミングが多いですか？”
(야근이 발생하는 타이밍은 주로 언제인가요?)

✅ 질문 3) 근무시간 문화

“勤務時間の考え方として、成果重視でしょうか、時間重視でしょうか？”
(근무시간은 성과 중심인가요, 시간 중심인가요?)

✅ 질문 4) 리모트/유연근무

“リモートワークやフレックスの運用状況を教えてください。”
(재택/플렉스 운영 상황을 알려주세요.)

이렇게 물으면

“워라밸충” 느낌이 아니라

진짜 실무 궁금증처럼 들리고

회사도 솔직하게 말할 확률이 높아.

5) 너의 결론을 더 강하게 만들어주는 한 문장

너가 원하는 회사는 결국 이거야:

“일은 빡세도 좋지만,
시간을 뺏기진 않는 회사”

스타트업 중에도 이런 회사는 분명히 존재하고,
그런 회사만 잡으면 프리/노마드 전환이 진짜 가능해져.","[""import"",""coding""]",2026-02-22 11:13:32.875323+00,e1848554-ffae-479c-a8cd-4c0d77b7bed2,2026-03-19 15:55:50.007522+00,0,0,0,2026-03-19 15:55:50.007522+00,0,null,null,null,false,null,null,null,null,true,3f3dfb28-2d3a-4ff9-be02-d7a50046fa37,null,null,"{""tables"":{""1"":{""rows"":[],""columns"":[]}}}",null,[],null,null
42294e23-1cd4-45cf-834d-4d996b7b7d75,「側（そば）」と「隣（となり）」,"「側（そば）」と「隣（となり）」はどちらも「そば」「となり」と読み、意味も近いですが、「側」は近い範囲や特定の方向、「隣」は隣接する位置関係（特に同種のもの）を示すことが多いです。「隣」は隣り合った家や人、席に使われ、「側」は「〜の側（そば）にいる」のように、より広い近接空間や方向性を示すのに使われます。 
隣（となり）
意味: 隣接していること、となりあうこと。同種のもの（家、部屋、席など）に使うことが多い。
例: 隣の家（隣人）、隣の席、隣国。 
側（そば）
意味: 近く、あたり、あるものの周辺。距離感を含む。
例: 先生のそば、川のそば、そばにいる、道の側（そと）。 
使い分けのポイント
「隣」：ぴったり隣接している具体的なモノ（家、席、人）に使う。
「側」：物理的に近い、周辺の領域や方向（〜のそば）を指す。
「横（よこ）」：水平方向、隣とは限らず、遠くても横線上にあれば使われる。 
例文で比較:
「隣の家」：隣接した別の家。
「家の側（そば）」：家の近くの場所、周辺。
「道の横（よこ）」：道の水平方向。","[""import"",""japanese""]",2026-02-22 11:13:32.875323+00,e1848554-ffae-479c-a8cd-4c0d77b7bed2,2026-03-19 15:55:50.007522+00,0,0,0,2026-03-19 15:55:50.007522+00,0,null,null,null,false,null,null,null,null,true,56d2b4d9-5c8a-415b-9273-9edc26c16be2,null,null,"{""tables"":{""1"":{""rows"":[],""columns"":[]}}}",null,[],null,null
45dbc5e6-651a-4128-844c-da901716ddc9,“모리카스미 스타일”에서 자주 보이는 일본에서 먹히는 표현/전략 패턴을 정리,"0) 핵심 요약

모리카스미 스타일의 핵심은 3개야:

부정(거절)처럼 말하지만 사실상 긍정

상대에게 말하게 만든다(유도)

수위를 올리되 ‘표현’을 올리지 않는다(상상 공간)

1) “あざとい”의 핵심 표현 패턴
✅ 패턴 A: 모른 척 + 확인 질문
자주 쓰는 형태

「え、なにそれ？」

「どういうこと？」

「ほんとに？」

「なんで？」

왜 먹히냐?

상대가 설명하게 되고, 그 순간 리드를 뺏김.
남자가 “자기 이야기”를 하게 만들면 관계가 빨리 깊어지는 느낌이 나거든.

✅ 패턴 B: 칭찬 + 살짝 비꼬기(장난)

「すごいじゃん」

「やるじゃん」

「意外とちゃんとしてるんだね」

해석 포인트

“너 괜찮네?”를 아주 가볍게 전달함.
너무 진지한 칭찬은 부담인데, 장난 섞이면 남자는 편해짐.

✅ 패턴 C: 부끄러움 표현(수치심 연출)

「やだ〜」

「ちょっと待って…」

「恥ずかしいんだけど」

「無理なんだけど（笑）」

한국어로는 단순 “부끄러움”인데

일본에서 이 표현들은 **“여지가 있다”**는 신호처럼 읽히는 경우가 많아.

특히 笑 （笑） 가 붙으면 거의 치트키.

2) 수위가 느껴지는 포인트는 “단어”가 아니라 이거임
✅ 패턴 D: 짧은 멈춤 + 반문

「え……それ、どういう意味？」

「……言わせるの？」

「そういうこと言うんだ？」

포인트

이건 말 자체가 야한 게 아니라
상대에게 야한 맥락을 ‘생각하게 만드는’ 장치야.

일본식 수위는 ‘직설’이 아니라 ‘유도’임.

✅ 패턴 E: “안 돼”지만 사실상 안 돼가 아님

「だめだよ〜」

「それはちょっと…」

「ほんとにやめて（笑）」

왜 먹히냐?

이 표현은 대놓고 거절이 아니라
“분위기는 인정하지만 선은 지킨다”는 표현이라 안정적이야.

3) 일본 남자들이 특히 약한 “인정+조절” 콤보
✅ 패턴 F: 인정해주고 바로 컨트롤하기

「いいね。でも〜」

「それは嬉しいけど、〜」

「わかる。でも私は〜」

작동 원리

칭찬만 하면 남자가 우위, 거절만 하면 여자가 우위인데
이 패턴은 둘을 섞어서 상대 기분도 살리고 주도권도 지킴

모리카스미가 이런 거 진짜 잘함.

4) “女子会”에서 잘 먹히는 패턴

여자들한테는 “남자 꼬시는 기술”보다
**“말로 설명 가능한 기술”**이 먹힘.

✅ 패턴 G: 기술을 감추지 않고 메타로 말함

「こういうのってさ…」

「男の人ってこういうの好きじゃない？」

「こう言ったら嬉しいかなって思って」

왜 먹히냐?

여자들은 이걸 들으면

“아 저런 식으로 운용하는구나”

“나도 써먹을 수 있겠다”
로 받아들이기 때문에 호감이 됨.

“여우”가 아니라 “전략가”로 보이는 순간이야.

5) 일본에서 먹히는 ‘톤(톤이 80%)’

모리카스미 같은 타입이 강한 이유는 톤이야.

✅ 일본에서 먹히는 톤 특징

말이 빠르지 않음

강한 단정(〜だ!)를 잘 안 씀

문장을 둥글게 끝냄

〜かも

〜かな

〜じゃない？

가벼운 웃음(息の笑い)

이걸로 공격성을 없애고
수위가 올라가도 “위협적이지 않게” 만드는 거지.

6) 네 일본어 학습에 바로 도움되는 방식
추천 훈련법 (클립 볼 때)

“무슨 단어 썼는지”보다

어떤 기능을 수행했는지 체크

✅ 질문 유도했나?
✅ 인정+조절했나?
✅ 여지를 만들었나?
✅ 선 지켰나?

이 체크만 해도 일본어가 빨리 늘어.","[""import"",""japanese""]",2026-02-22 11:13:32.875323+00,e1848554-ffae-479c-a8cd-4c0d77b7bed2,2026-03-19 15:55:50.007522+00,0,0,0,2026-03-19 15:55:50.007522+00,0,null,null,null,false,null,null,null,null,true,fd6b4059-098a-480e-93c6-26b2dbab1820,null,null,"{""tables"":{""1"":{""rows"":[],""columns"":[]}}}",null,[],null,null
47c62314-01e9-4451-8879-9e7bb13f3cf9,お守り（おまもり）,"https://youtu.be/uN5Eh0hJmrg?si=usrwXx7f74504c2p

お守り（おまもり）は、神社やお寺で授かる縁起物で、厄除けや開運、特定の願い（安産、合格など）の成就を願って身につけたり持ち歩いたりする小さな袋や札のことです。常に肌身離さず持ち歩くのが良いとされ、カバンの中や首から下げるのが一般的で、1年を目安に神社やお寺に返納し、感謝を伝えてお焚き上げ（焼納）してもらうのが習わしです。 
お守りの種類と意味
厄除け・開運: 災難を防ぎ、幸運を呼び込む。
合格祈願: 学業成就や試験の合格を願う。
安産祈願: 妊娠中の女性が安全に出産できるよう願う。
交通安全: 事故に遭わないよう願う。
病気平癒: 病気の回復や健康を願う。
心願成就: 個人の様々な願いが叶うように願う。 
持ち方・使い方
基本: 常に持ち歩く、肌身離さず持つ。
効果的な持ち方: 心臓に近い位置（首から下げる、内ポケットに入れる）。
場所: 車の鍵につける、カバンに入れるなど、状況に合わせて。
注意点: 汚れる場所（トイレ、浴室など）や、足を向ける場所（寝室の足元）は避けるのが望ましい。 
返納（処分）について
時期: 1年を目安に、願いが叶った時、または古くなった時。
方法: 授かった神社やお寺に返納する（「お焚き上げ」に出す）。
重要性: 神聖なものなので、粗末に扱わず感謝して手放す。 
補足
有効期限: 1年経つと効力が弱まるとされるが、特に問題なければ長く大切にしても良いという考え方もある。
現代: 現代ではデザインも多様化し、ファッションの一部として取り入れる人も増えている。

https://ja.wikipedia.org/wiki/%E3%81%8A%E5%AE%88%E3%82%8A

お守り（おまもり、御守り、御守）とは、厄除け（魔除け）、招福（開運、幸運）、加護などの人の願いを象った物品（縁起物）である。護符、御符、護苻、御苻とも呼ばれる。
外来語で言うとアミュレット、タリスマン（英語版）、チャーム、テフィリン、フェティッシュなど。
外来語のアミュレット、チャーム、タリスマン等には明確な定義の違いがあるが、小野祖教氏によれば神道において御札、お守り、護符等の言葉の定義に違いはなくどれを使っても問題はないという。

日本の神社や寺院で配布されるお守りやお札は鎌倉時代から存在するが、これらは道教の符録を日本化して利用したのが始まりであるという説もある。
日本のお守り自体は寺社で授かったお札を持ち歩くものであった。平安時代には貴族の女性が中に小さな仏像や経文を入れた懸守（かけまもり）を外出時に首に懸けるようになっていた。
江戸時代に入ると首から下げるという大仰な形はしだいにすたれて、代わりに護符を通常腰さげや腕守という形で庶民にも広まった。
日本で護符や呪符と呼ばれるものが作られ始めたのは奈良、平安時代以前であり、古代中国で用いられた魔除けを目的とした図像が日本の古墳の石室の壁から見つかる他、奈良文化財団研究所が発掘している平城京跡の木簡から道教の護符と似たものが発見されているまた神道では、陰陽道や寺院が護符を作り始めたのに習い、御札をつくるようになったという。","[""import"",""japanese""]",2026-02-22 11:13:32.875323+00,e1848554-ffae-479c-a8cd-4c0d77b7bed2,2026-03-19 15:55:50.007522+00,0,0,0,2026-03-19 15:55:50.007522+00,0,null,null,null,false,null,null,null,null,true,35bc12b2-2e7a-4fcc-a504-4ced62c67999,null,null,"{""tables"":{""1"":{""rows"":[],""columns"":[]}}}",null,[],null,null
4805d6cd-d73b-4c95-8fc1-6a0e69f3bfed,「申し上げます（もうしあげます）」,"「申し上げます」は、「言う」の謙譲語「申し上げる」に丁寧語の「ます」がついた表現で、目上の人や取引先など、相手への敬意を示しながら自分の行為（言う、伝える、依頼するなど）をへりくだって伝える際に使う、非常に丁寧な敬語です。ビジネスシーンで「よろしくお願い申し上げます」や「お詫び申し上げます」のように頻繁に使われ、フォーマルな場面で自己の行為を控えめに表現し、相手を立てる役割があります。 
「申し上げます」のポイント
謙譲語（I）: 自分の行為をへりくだらせることで相手を高める、最も丁寧な敬語の一つです。
「言う」の謙譲語: 「申す」よりもさらに丁寧な「申し上げる」に「ます」をつけた形。
用途: 報告、依頼、謝罪、感謝など、自分の行為を伝える際に使用します。
漢字表記: ひらがなではなく「申し上げます」と漢字で書くのが一般的です。 
主な使用例
「よろしくお願い申し上げます」: 今後ともよろしくお願いします、という気持ちを丁寧に伝える。
「お詫び申し上げます」: 深くお詫びする気持ちを伝える。
「ご報告申し上げます」: 報告をへりくだって伝える。
「感謝申し上げます」: 感謝の気持ちをより丁寧に伝える。 
「いたします」との違い
「お願いいたします」: 「する」の謙譲語で、依頼の際に使われます。
「お願い申し上げます」: 「言う（申す）」の謙譲語を使い、より丁寧で改まった印象を与えます。 
使うべき相手と場面
上司、取引先、顧客など、目上の人や敬意を払うべき相手に対して。
ビジネスメール、公式文書、フォーマルな会話など、改まった場面で。","[""import"",""japanese""]",2026-02-22 11:13:32.875323+00,e1848554-ffae-479c-a8cd-4c0d77b7bed2,2026-03-19 15:55:50.007522+00,0,0,0,2026-03-19 15:55:50.007522+00,0,null,null,null,false,null,null,null,null,true,a8efd320-5be4-47c3-b5db-8d13b2c090ed,null,null,"{""tables"":{""1"":{""rows"":[],""columns"":[]}}}",null,[],null,null
4a8a6c89-f784-427d-9d64-a8f4aaae5e8e,「当てる（あてる）」,"「当てる」は、何かを別のものに触れさせる（ぶつける、密着させる）、目標に命中させる、期待通りに的中させる、または何かを割り当てる・充てるなど、文脈によって様々な意味を持つ動詞です。具体的には、ボールを的に当てる（ぶつける）、光を当てる（晒す）、額に手を当てる（密着させる）、くじを当てる（的中）、予算を〇〇に当てる（充てる）、手紙を〇〇に宛てる（相手を指定する）、役職に当てる（割り当てる）といった使い方があります。 
主な意味と使い方
触れさせる・ぶつける・密着させる（当てる）
例文: ボールを的に当てる、熱を当てる、額に手を当てる。
意味: ある物体を他の物体に触れさせる、光・熱・風などに触れさせる、密着させる。
命中させる・的中させる（当てる、中てる）
例文: くじを当てる、予想を当てる、的に中てる。
意味: 期待や狙い通りに的中させる、正しく推測する。
割り当てる・充てる（充てる、宛てる）
例文: 予算を旅費に充てる、新人に仕事を当てる、手紙を友達に宛てる。
意味: 一部を何かの目的のために使う、役職や仕事に割り振る、届け先を指定する。
映像・音響などで合わせる（業界用語）
例文: 音を映像に当てて調整する。
意味: 映像と音、セリフと動きなどを同期させること。 
「当てる」と似ているが異なる言葉
当たる（あたる）: 「当てる」が能動的に働きかけるのに対し、「当たる」は自然に触れ合う、命中する、（何かに）該当する、（病気に）かかるなど、受動的な意味合いが強いです（例：ボールが壁に当たる、病気に当たる）。
当てる: 上記の「触れさせる」「割り当てる」など、働きかけが中心です。 
まとめ
「当てる」は「目標にぶつける」「割り振る」「（目的のために）使う」という動作を指すことが多く、漢字では「当てる」「充てる」「宛てる」など使い分けられます。

◆ To hit
◆ To expose
◆ To apply (e.g. patch); to put on; to put against; to hold on; to hold against
◆ To allot; to call on someone (e.g. in class)
◆ To guess (an answer)
◆ To make a hit (e.g. in a lottery)

https://mazii.net/ko-KR/search/word/jaen/%E5%BD%93%E3%81%A6%E3%82%8B

◆ 맞히다; 부딪다.
◆ 명중시키다.

矢を的に当てる
화살을 과녁에 맞히다

バットをボールに当てた
방망이를 공에 맞혔다

◆ 옳게 판단하다; 알아맞히다.

クイズの答えを当てる
퀴즈의 답을 맞히다

試合の勝ち負けを当てる
시합의 승패를 알아맞히다

犯人を当てた
범인을 알아맞혔다

◆ (제비·현상에서) 당첨하다; 상을 타다.

宝くじを当てる
복권에 당첨되다

一等賞を当てる
1등상을 타다

◆ (비·바람 따위를) 맞게 하다.

雨に当てる
비를 맞히다

風に当てて乾かしなさい
바람을 쐬게 해서 말려라

◆ 대항시키다.

強豪に当てて実力を試す
강호와 견주어 실력을 시험하다

◆ 대다; 얹다.

手を胸に当てる
손을 가슴에 얹다

頭を枕に当てる
머리를 베개에 대다

受話器を耳に当てる
수화기를 귀에 대다

◆ (불·햇볕을) 쬐다.

たき火に当てて乾かす
모닥불에 쬐어 말리다

植木鉢を日に当てる
화분을 햇볕에 내놓다

◆ 붙이다; 달다.

漢字に訓を当てる
한자에 훈을[토를] 달다

外国語に韓国語を当てる
외국어에 (알맞은) 한국어를 대응시키다

◆ (자로) 재다.

物差しを当てる
자를 대고 재다

◆ (방석 따위를) 깔고 앉다; 대다.

座布団をお当て下ください
방석을 까십시오

◆ ((宛てる)) …앞으로 보내다.

親に当てた電子メール
부모님께 보낸 이메일

先生に当てて手紙を書く
선생님께 편지를 쓰다

◆ 눈길을 주다[돌리다]; 보다.

目も当てられない
목불인견(目不忍見)이다; 눈 뜨고 볼 수 없다

◆ 해당시키다.

三年の刑に当てる
3년 형에 처하다

◆ (수동형으로) 해를 주다; 중독시키다.

毒気に当てられる
독기에 중독되다

◆ (유도에서) 급소를 찌르다.

胸の急所を当てる
가슴의 급소를 찌르다

◆ (남녀 간에 의가 좋음을) 보란 듯이 내보이다.
◆ 지명하다; (일이나 역할 등을) 담당하게 하다.

先生に当てられる
선생님께 지명받다

その人にハムレットの役を当てる
그 사람에게 햄릿 역을 맡기다

生徒を当てて答えさせる
학생을 지명하여 대답하게 하다

◆ 대응시키다; 적용시키다.

ひと事と思わず、我が身に当てて考える
남의 일로 생각지 않고 입장을 바꾸어 생각하다

https://mazii.net/ko-KR/search/word/jako/%E5%BD%93%E3%81%A6%E3%82%8B","[""import"",""japanese""]",2026-02-22 11:13:32.875323+00,e1848554-ffae-479c-a8cd-4c0d77b7bed2,2026-03-19 15:55:50.007522+00,0,0,0,2026-03-19 15:55:50.007522+00,0,null,null,null,false,null,null,null,null,true,44fd2609-95aa-4466-923e-64e4c2b84741,null,null,"{""tables"":{""1"":{""rows"":[],""columns"":[]}}}",null,[],null,null
4be2ccf5-118f-4780-b5ed-059e50bba34f,「向き合い（むきあう）」,"「向き合い（むきあう）」とは、対象や問題、自分自身に正面から対面し、真剣に対処・対峙することを指します。単に「対面する」だけでなく、「真摯に向き合う」「自分と向き合う」のように、真剣な態度や深い内省を伴うニュアンスで使われ、問題解決や自己理解のために重要視されます。 
主な意味と使い方
「向き合う」動詞の連用形（名詞化した形）：名詞として「向き合い」と使われます。
物理的な対面：人と人、人と物事が正対する状態。「テーブルに向かい合って座る」など。
精神的な対峙・内省：
問題や課題に：真剣に、誠実に取り組む。「課題に真摯に向き合う」。
自分自身に：自分の本心、願望、弱点などを深く見つめ直す。「自分と向き合う時間を持つ」。 
類語・言い換え
対峙する、立ち向かう、正対する。
真摯に取り組む、誠実に向き合う、本気で取り組む（「真摯に向き合う」の場合）。 
「自分と向き合う」ことのポイント
環境：静かで集中できる場所を選ぶ（自室、旅先など）。
態度：出てきた感情や考えを否定せず、そのまま受け止める。
方法：一人で深く考えるだけでなく、信頼できる人と話すことも有効。 
このように、「向き合い」は、対象を真剣に捉え、主体的に関わろうとする姿勢を表す言葉です。","[""import"",""japanese""]",2026-02-22 11:13:32.875323+00,e1848554-ffae-479c-a8cd-4c0d77b7bed2,2026-03-19 15:55:50.007522+00,0,0,0,2026-03-19 15:55:50.007522+00,0,null,null,null,false,null,null,null,null,true,6e24a637-dae3-4ff9-9ddc-9295d9a0f9b4,null,null,"{""tables"":{""1"":{""rows"":[],""columns"":[]}}}",null,[],null,null
4c80e693-728e-4c1e-b9bc-469d25205206,反響,"https://youtu.be/3wzhZ5Acvt4?si=YFE43clCtI4zR54p

https://mazii.net/ko-KR/search/word/jako/%E5%8F%8D%E9%9F%BF

◆ 반향.
◆ 음파가 장벽에 부딪혀 반사하여 다시 들리는 현상; 또, 메아리.

歌声が建物の中に反響する
노랫소리가 건물 안에 메아리치다

◆ (발표된 사항·사건 등의 영향으로 인한) 반응.

反響を呼ぶ
반향을 불러일으키다

意外な反響があった
의외의 반향이 있었다

多大の反響を巻き起こす
다대한 반향을 불러일으키다","[""import"",""japanese""]",2026-02-22 11:13:32.875323+00,e1848554-ffae-479c-a8cd-4c0d77b7bed2,2026-03-19 15:55:50.007522+00,0,0,0,2026-03-19 15:55:50.007522+00,0,null,null,null,false,null,null,null,null,true,bdbc2a7e-40b7-4cc2-af09-cce1177112aa,null,null,"{""tables"":{""1"":{""rows"":[],""columns"":[]}}}",null,[],null,null
4e655fff-d434-4f70-a0d5-9565921be5db,「正直（しょうじき）」,"https://mazii.net/ko-KR/search/word/jako/%E6%AD%A3%E7%9B%B4

◆ 정직(함); 솔직함.

正直者
정직한 사람

馬鹿正直
지나치게 정직함

正直一遍
오로지 정직하기만 함

◆ (목수의) 연추(鉛錘).

◆ 사실은; 솔직히.

正直びっくりした
솔직히 깜짝 놀랐다

正直言ってうらやましい
솔직히 말해서 부럽다

正直半信半疑だ
사실은 반신반의하다

◆ 시비에 밝고 곧은 성격인 모양.","[""import"",""japanese""]",2026-02-22 11:13:32.875323+00,e1848554-ffae-479c-a8cd-4c0d77b7bed2,2026-03-19 15:55:50.007522+00,0,0,0,2026-03-19 15:55:50.007522+00,0,null,null,null,false,null,null,null,null,true,f270b43f-7d98-454e-8f9f-00c402fea0c3,null,null,"{""tables"":{""1"":{""rows"":[],""columns"":[]}}}",null,[],null,null
4f95f9d8-aede-4fb4-915f-ac654b669d98,「惜しい（おしい）」,"「惜しい（おしい）」は、目標や基準にわずかに届かず残念な気持ちや、大切なものが失われるのを惜しむ気持ちを表す日本語で、英語の""almost""や""close""、""pity""、""regrettable""などに相当し、状況によって「もう少し」「もったいない」というニュアンスで使われます。 
主な意味と使い方
もう少しで達成できたのに、という残念さ（悔しさ）
例文: 「あと1点足りない、惜しい！」（惜しい（おしい） - Wiktionary）
例文: 「シュートはポストに当たった。惜しかったね。」（おしい - Wiktionary）
価値あるものが失われるのを惜しむ気持ち（もったいない）
例文: 「才能があるのに、このまま埋もれてしまうのは惜しい。」（おしい - Wiktionary）
例文: 「この桜は散るには惜しいほど美しい。」（おしい - Wiktionary）
失いたくない、このままでいてほしいという気持ち
例文: 「命が惜しい」 ( 「おしい」の意味は何ですか？ 使い方は色々あるんですか？ - italki )
例文: 「時間が惜しい」 ( 「おしい」の意味は何ですか？ 使い方は色々あるんですか？ - italki ) 
「惜しい」と「もったいない」の違い
惜しい: 目標にあと一歩届かなかった悔しさや、それに近い状態を表すことが多いです（例：あと2点で合格点）。
もったいない: 価値あるものが無駄にされることへの残念な気持ち（例：才能があるのに勉強しないのはもったいない）。 
このように、「惜しい」は文脈によって「もう少しで」「残念」「もったいない」など、様々なニュアンスで使われる便利な言葉です。","[""import"",""japanese""]",2026-02-22 11:13:32.875323+00,e1848554-ffae-479c-a8cd-4c0d77b7bed2,2026-03-19 15:55:50.007522+00,0,0,0,2026-03-19 15:55:50.007522+00,0,null,null,null,false,null,null,null,null,true,34fa2694-84c1-4668-800c-3419d13cbca9,null,null,"{""tables"":{""1"":{""rows"":[],""columns"":[]}}}",null,[],null,null
510daea5-d63f-4fdb-9d38-60b0cf863318,「詰まる（つまる）」,"「詰まる（つまる）」とは、空間や通路がふさがって物が入らない、進めなくなる状態（「のどが詰まる」「配管が詰まる」）、スケジュールや予定がぎっ密になる（「スケジュールが詰まっている」）、行き詰まる（「考えが行き詰まる」「言葉に詰まる」）、短くなる・縮まる（「期間が詰まる」）、煮詰まる（「煮詰まる」）、促音（っ）になるなど、様々な意味を持つ自動詞です。 
主な意味と例文
物理的にふさがる、満杯になる
「鼻が詰まる」「排水溝が詰まる」
「足の裏の角質が詰まる」
時間・予定がぎっしりになる
「今週は仕事が詰まっていて忙しい」
「予約が詰まっている」
行き詰まる、解決できなくなる
「交渉が行き詰まる」「議論が詰まる」
「言葉に詰まる（うまく話せない）」
短くなる、縮まる
「シャツの袖が詰まる」「期間が詰まる（短くなる）」
煮詰まる、最終段階になる
「会議が煮詰まる」
（言葉の音として）促音（っ）になる
「『きっぷ』のように促音で発音される」
（野球で）打球が手元に当たる
「ピッチャーの球がバットの根元に詰まる」 
関連表現
気が詰まる: 気持ちが圧迫されて窮屈に感じる、憂鬱になる。
詰まる所（つまるところ）: 結局、要するに（→「詰まる」の意味にも通じる）。 
文脈によって意味が大きく変わるので、どの状況で使われているかを確認することが重要です。

https://mazii.net/ko-KR/search/word/jako/%E3%81%A4%E3%81%BE%E3%82%8B

◆ 가득 차다; 잔뜩 쌓이다.

札のぎっしり詰まった財布
지폐가 가득 찬 지갑

仕事が詰まる
일이 잔뜩 쌓이다[밀리다]

今月は日程が詰まっている
이번 달은 일정이 꽉 차 있다

◆ 막히다.
◆ 메다.

鼻が詰まる
코가 막히다

胸が詰まる
가슴이 메다

息が詰まりそうだ
숨이 막힐 것 같다

◆ 궁하다.

金に詰まる
돈에 궁해지다

返答に詰まる
대답이 막히다

暮らしに詰まる
생계가 막히다

◆ 짧아지다; 줄어들다; 임박하다.

丈が詰まる
길이가 줄어들다

日が詰まる
해가 짧아지다; 또, 기일이 임박하다

日限が詰まってくる
기한이 다가오다

◆ (투수가 던진 공이) 배트 중심에 맞지 않고 빗겨 맞다.

詰まった打球
배트 중심에 맞지 않고 빗겨 맞은 타구

◆ 막다르다; 마지막 상태에 이르다.","[""import"",""japanese""]",2026-02-22 11:13:32.875323+00,e1848554-ffae-479c-a8cd-4c0d77b7bed2,2026-03-19 15:55:50.007522+00,1,1,0,2026-03-19 15:55:50.007522+00,0,null,null,null,false,null,null,null,null,true,49b89786-aa4e-4923-8d6d-0c089b4c2f66,null,null,"{""tables"":{""1"":{""rows"":[],""columns"":[]}}}",null,[],null,null
558397c0-40c8-4806-9f9e-cb0c70bb5b09,スチール,"スチール、スティール（英語: steal, steel, Steele etc.）","[""import"",""japanese""]",2026-02-22 11:13:32.875323+00,e1848554-ffae-479c-a8cd-4c0d77b7bed2,2026-03-19 15:55:50.007522+00,0,0,0,2026-03-19 15:55:50.007522+00,0,null,null,null,false,null,null,null,null,true,d13447eb-19b5-45c9-bd64-4d4a0a8bc4b5,null,null,"{""tables"":{""1"":{""rows"":[],""columns"":[]}}}",null,[],null,null
55ea7099-ebc0-4c28-8667-0beb7f9f7011,しりとり,"https://youtu.be/45-Pa81ELyY?si=3zvTCrWmRyOYHoaZ

しりとりは、前の人が言った言葉の最後の文字（お尻の文字）から始まる新しい言葉を言い続ける、言葉遊びです。基本的に「ん」で終わる言葉を言った人が負けで、同じ言葉は使えず、固有名詞や専門用語を避けるのが一般的です。語彙力や集中力を高める効果があり、親子で楽しむのに最適で、「る」で終わる言葉を覚えると有利になる、などのコツもあります。 
基本的なルール
開始: 2人以上でじゃんけんなどで先攻を決め、最初の人は好きな言葉（例: りんご）を言う。
連想: 次の人は前の言葉の最後の文字（例: ご）から始まる言葉（例: ゴリラ）を言う。
繰り返し: これを繰り返し、言葉の語尾（お尻）と語頭（頭）を繋げていく。
負け: 最後の文字が「ん」になる言葉を言った人は負け。
禁止: 同じ言葉は2度使えない。 
遊び方のポイント・応用
語彙力アップ: 「る」で終わる言葉（例: パンダ→だるま）を覚えると、相手に「る」から始まる言葉を言わせやすくなるため有利。
制限時間: 10〜15秒など時間を決めて、焦りの中で言葉を出すのも面白い。
「ん」で始まる言葉: アフリカの地名（ンジャメナ）や楽器（ンビラ）など、例外的に「ん」で始まる言葉もあるが、基本は使わない。
英語のしりとり: 最後の文字のスペル（例: appleのe）を使って、Xで終わると負け、などルールが異なる場合も。 
しりとりで身につく力
語彙力・発想力
集中力・思考力
コミュニケーション能力

https://ja.wikipedia.org/wiki/%E3%81%97%E3%82%8A%E3%81%A8%E3%82%8A

しりとり（漢字表記：尻取）とは、言葉遊びの一つである。参加人数は何人でもよい[1]。

本項では主に日本語のしりとりについて解説する[2]。

名称の由来は「ルール」の項にもあるように、単語の最後の文字（尻[3]）を取って、その尻字から始まる単語を出して継続させることに由来するため、漢字表記は「尻取」である。","[""import"",""japanese""]",2026-02-22 11:13:32.875323+00,e1848554-ffae-479c-a8cd-4c0d77b7bed2,2026-03-19 15:55:50.007522+00,0,0,0,2026-03-19 15:55:50.007522+00,0,null,null,null,false,null,null,null,null,true,34d24b92-79a7-4e3a-80e9-a22ce969d27f,null,null,"{""tables"":{""1"":{""rows"":[],""columns"":[]}}}",null,[],null,null
5966b33c-dce6-4d33-a7d5-ec65bbd5b86d,「対極（たいきょく）」,"「対極（たいきょく）」とは、反対の極、互いに対立する極を意味し、完全に正反対の位置や状況にある二つのものを指します。例えば、「AとBは対極にある」と言えば、AとBは全く異なる、真逆の性質や立場を持つということです。 
主な意味と使い方
意味: 反対の極、相対する点、完全に逆の立場や状態。
類語: 逆、相反、真逆、あべこべ、対蹠（たいせき）など。
例:
「彼の性格は、穏やかな彼とは対極にある」。
「この二つの意見は対極に位置する」。
「対極主義」: 芸術家・岡本太郎が提唱した、対立する二つの要素を共存させるという考え方。 
関連する表現
対極的（たいきょくてき）: 反対の極にあるさま。「対極的な考え方」のように使われる。
対比（たいひ）: 物事を並べて違いを際立たせること。「対極」は、この対比の最も強い形の一つ。

https://mazii.net/ko-KR/search/word/jako/%E5%AF%BE%E6%A5%B5

◆ 대극; 반대의 극[점].

両者は対極的関係にある
양자는 대극적 관계에 있다.","[""import"",""japanese""]",2026-02-22 11:13:32.875323+00,e1848554-ffae-479c-a8cd-4c0d77b7bed2,2026-03-19 15:55:50.007522+00,0,0,0,2026-03-19 15:55:50.007522+00,0,null,null,null,false,null,null,null,null,true,261734ba-bc5b-4080-b523-7e2b63a53ef8,null,null,"{""tables"":{""1"":{""rows"":[],""columns"":[]}}}",null,[],null,null
5a5c0c18-297a-4426-843f-3889e905acd7,「仕上がる」と「出来上がる」ｎ違い,"「仕上がる」は人（主体）が何かを作り終える・完成させる動作、「出来上がる」は物が完成した状態になることを表し、「仕上がる」は能動的（人主語）、「出来上がる」は自動的（物主語）なニュアンスで使い分けられます。「仕上がる」は「仕上げる」の自動詞形で、主語が人なら「仕上げる」、主語が物なら「仕上がる」となり、「仕上がる」は「出来上がる」とほぼ同じ意味で使えますが、「仕上がり」は完成した状態や出来栄えを指す名詞としても使われる点が特徴です。 
1. 「仕上がる（しあがる）」
意味: 物事が完成する、作り終える、望ましい状態になる。
主語: 人（作り終える）か物（完成する）の両方。
例:
「この絵は明日には仕上がるだろう。」（明日、完成する）
「職人が見事に仕上がった着物だ。」（完成した状態・出来栄え） 
2. 「出来上がる（できあがる）」
意味: 物事が完成する、完成した状態になる。
主語: 物（完成する）。
例:
「このビルは来年出来上がる予定だ。」（来年、完成する）
「この料理は3分で出来上がる。」（3分で完成する） 
まとめ：使い分けのポイント
能動性: 「仕上げる（人）」→「仕上がる（物）」という流れがあり、「仕上がる」は「出来上がる」と非常に近い意味で使えます。
名詞として: 「仕上がり」は「完成後の様子」や「出来栄え」を指す名詞として使われます。「あのパンの仕上がりは最高だ」のように使えますが、「出来上がり」も同様に使えます。
基本: 目的語（何が）がはっきりしていて、人間が関与して完成させる場合は「仕上げる」、単に物が完成した状態を表す場合は「出来上がる」または「仕上がる」が自然です。 
例文で比較
Aさん: 「このプラモデル、いつ仕上がる？」「いや、出来上がるまでまだ時間がかかるよ」。
Bさん: 「この企画書、今日中に仕上がるよ。」（今日中に完成させる）
Cさん: 「この企画書は、明日の朝には出来上がっているはずだ。」（明日の朝には完成している状態になる）","[""import"",""japanese""]",2026-02-22 11:13:32.875323+00,e1848554-ffae-479c-a8cd-4c0d77b7bed2,2026-03-19 15:55:50.007522+00,0,0,0,2026-03-19 15:55:50.007522+00,0,null,null,null,false,null,null,null,null,true,7e5dfce5-cf48-4634-953d-56d453645998,null,null,"{""tables"":{""1"":{""rows"":[],""columns"":[]}}}",null,[],null,null
5ee1bdfd-acf9-4bb4-b8bd-4c5e4ec2d101,「掘る（ほる）」,"https://youtu.be/3wzhZ5Acvt4?si=skdrLa0XHZ4wz1F-

「掘る（ほる）」とは、地面に穴や溝をあけること、埋まっているものを取り出すこと、深く探求することなどを指し、文脈によって「彫る（彫刻）」や俗語（「ディグる」のように情報を深く探す、車が追突する「おかまを掘られる」など）も意味します。主な意味は「土を掘って穴をあける」「芋を掘る」「根掘り葉掘り聞く」のように、手で土を掘る動作や、そこから派生した探求のニュアンスです。 
主な意味と例文
地面に穴や溝を作る:
「井戸を掘る」「トンネルを掘る」。
埋まっているものを取り出す:
「ジャガイモを掘る」「化石を掘り出す」。
深く探求する・調べる（比喩的表現）:
「根掘り葉掘り掘る」「情報をディグる（深く探す）」。 
関連する漢字
掘る (てへん): 手で土を掘る動作、穴をあける動作。
彫る (ほる): 木や石などを削って形を作る、入れ墨をする。
堀 (ほり): 城の周りの水路など、掘って作った場所（名詞）。 
類義語
「穿つ（うがつ）」、「掘り起こす」、「掘り出す」、「掘り抜く」、「採掘（さいくつ）」など。

https://mazii.net/ko-KR/search/word/jako/%E3%81%BB%E3%82%8B

◆ 파다; 구멍을 뚫다.

井戸を掘る
우물을 파다

トンネルを掘る
터널을 내다[뚫다]

地面に穴を掘る
땅에 구덩이를 파다

◆ 캐다.

石炭を掘る
석탄을 캐다

芋を掘る
감자를 캐다

貝を掘る
조개를 캐다","[""import"",""japanese""]",2026-02-22 11:13:32.875323+00,e1848554-ffae-479c-a8cd-4c0d77b7bed2,2026-03-19 15:55:50.007522+00,0,0,0,2026-03-19 15:55:50.007522+00,0,null,null,null,false,null,null,null,null,true,c2480ad3-a27c-484f-9077-da2afe65af60,null,null,"{""tables"":{""1"":{""rows"":[],""columns"":[]}}}",null,[],null,null
5f565bbc-74d5-429e-bd32-1b0942e3ffad,配る（くばる）と分ける（わける）のちがさ,"https://blog.naver.com/maisensei-japanese/222485880966

配（くば）る

１ 物を、適当な量に分けて、それぞれに行き渡るようにする。割り当てて渡す。

물건을 적당한 양으로 나누어 각각에 골고루 전달하도록 한다.할당해서 넘기다.

​

「カードを配る／카드 나눠주다」

​

２ 方々に届けて回る。配達する。

사방에 물건을 전달하고 다니다.배달하다.

「新聞を配る/ 신문을 배달한다.」

​

３ 配慮や注意などを行き渡らせる。方々に行き届かせる。

배려나 주의등을 골고루 준다.사방에 두루 미치다.

「気を配る/매려하다 주의하가」

分ける

１ 一つにまとまっているものをいくつかの部分にする。分割する。

하나로 뭉쳐 있는 것을 몇 개의 부분으로 만든다.분할한다.

「ケーキを分ける／케이크를 나누다」 

​

​

２ 種類によって区分する。分類する。

종류에 따라 구분한다.분류하다.

「子供と大人に分ける／아이와 어른으로 나누다」

「大きさによって分ける／크기에 따라 나누다」

​

３ 幾つかに割って与える。分配する。また、一部分を人に与える。

여러 개로 쪼개서 주다.분배하다.또 한 부분을 남에게 준다.

「財産を三人の息子に分ける／재산을 세 아들에게 나누어 준다」

「いただき物をお隣に分ける／먹거리를 이웃에게 나누어 준다」

​

☞おすそ分けするとも言いますね。

사전에서도 알 수 있듯이

「配る」　

적당한 양을 각자에게 골고루 준다

​

「分ける」　

하나의 것을, 혹은 많이 모여서 하나가 된 것을 

여러 그룹으로 분할한다

となりますね","[""import"",""japanese""]",2026-02-22 11:13:32.875323+00,e1848554-ffae-479c-a8cd-4c0d77b7bed2,2026-03-19 15:55:50.007522+00,0,0,0,2026-03-19 15:55:50.007522+00,0,null,null,null,false,null,null,null,null,true,2fd9707b-2372-41fd-83ee-f84b5156dff7,null,null,"{""tables"":{""1"":{""rows"":[],""columns"":[]}}}",null,[],null,null
6170e4a2-7131-457d-bbb3-fbeda5da0c83,実装(じっそう),"✅ 実装(じっそう) 뜻(핵심)

実装 = 기능을 실제로 구현해서 동작하게 만드는 것

한국어로 딱 대응시키면:

구현

(기능) 개발

코드로 만들어서 실제로 동작하게 함

즉, 머릿속 설계나 계획이 아니라
**“실제로 코드로 만들어서 돌아가게 한 상태”**를 말해.

예시로 감 잡기
1) “추가기능 구현했습니다”

追加機能を実装しました。
= 추가 기능을 구현했습니다.

2) “삭제기능 구현”

削除機能を実装しました。
= 삭제 기능을 구현했습니다.

“일본에만 있는 표현인가?”
결론: ❌ 일본만의 단어는 아님

원래 한자 의미 그대로야:

実 = 실제

装 = 장착/붙임(구현)

그래서 “실제로 붙여 넣었다 → 실제로 동작하게 만들었다” 느낌.

다만 개발 문화에서 ‘実装’이라는 말을 일본이 특히 자주 써.
한국은 상황에 따라 “개발/구현/만듦” 이런 식으로 섞어 말하는데,
일본은 개발 문서/면접에서도 実装을 거의 공식 용어처럼 쓴다고 보면 돼.

설계(設計) vs 구현(実装) 차이

이 차이를 이해하면 완벽해져.

設計(せっけい) = 설계 (어떻게 만들지 구조/계획)

実装(じっそう) = 구현 (코드로 실제로 만듦)

예)

設計しました → 구조를 정했다

実装しました → 진짜로 코드 작성해서 동작한다

추가로 같이 많이 나오는 표현

実装する = 구현하다

実装しました = 구현했습니다

実装方針 = 구현 방침

実装例 = 구현 예시

未実装 = 아직 구현 안 됨","[""import"",""japanese""]",2026-02-22 11:13:32.875323+00,e1848554-ffae-479c-a8cd-4c0d77b7bed2,2026-03-19 15:55:50.007522+00,0,0,0,2026-03-19 15:55:50.007522+00,0,null,null,null,false,null,null,null,null,true,4904e5d6-5dff-4153-8fdd-156836d7e76e,null,null,"{""tables"":{""1"":{""rows"":[],""columns"":[]}}}",null,[],null,null
634db371-ab8b-4cf9-bee6-9efea6638687,"class,id,data-act구분","✅ 1) “할 수 있는데 안 하는 이유는 다 있다” → 이게 핵심

맞아. 규칙은 다 이유가 있어.

class로도 기능 구현 가능 ✅

그런데 안 하는 이유 = 혼선 방지 + 유지보수성

실무에서 제일 무서운 건 기능 구현보다
나중에 수정하다가 기능이 깨지는 것이거든.

✅ 2) 네가 정리한 규칙은 완벽하게 맞음

너가 말한 걸 “정석 규칙”으로 한 줄씩 딱 정리하면:

정적 DOM(이미 HTML에 있는 요소)
→ id로 잡아서 기능 부여가 편하고 명확하다.

동적 DOM(반복 생성되는 요소 / 리스트 아이템)
→ id는 중복되므로 부적합
→ data-*로 “대상(id)”과 “행동(act)”을 표시하는 게 좋다.

class는 기능용으로도 가능하지만
→ 디자인/스타일링(Tailwind 등)과 섞여서 혼선 가능성 ↑
→ 그래서 기능 분리는 data-* 추천

✅ 3) “data-*로 표시해서 알려주는 이유” = 맞다

이게 진짜 중요한 문장인데:

이 요소가 “무슨 역할/의도”를 갖고 있는지 개발자끼리 공유하는 표식이다.

즉, HTML이 단순히 UI가 아니라
**JS랑 연결되는 인터페이스(API처럼)**가 되는 거야.

✅ 4) data-act의 act 부분은 개발자가 정하는 이름이 맞다

정확함.

예를 들어:

<button data-act=""edit"">Edit</button>
<button data-act=""delete"">Delete</button>


여기서

data-act라는 속성명 자체는 HTML 표준 규칙임 (data-* 형태만 맞으면 됨)

act는 개발자가 만든 이름임
(action의 약자처럼 쓰는 관습)

그래서 이런 것도 전부 가능해
<button data-action=""edit"">
<button data-role=""edit"">
<button data-type=""edit"">
<button data-kind=""edit"">


즉,

data-xxx에서 xxx는 개발자 마음대로.

그중에서 act는 관습적으로
**“이 버튼이 수행할 행동(action)”**을 의미하게끔 정한 거고.

✅ 5) 실무에서 자주 쓰는 data-* 네이밍 관습
행동 표시

data-act

data-action

data-handler

대상 표시

data-id

data-item-id

data-entry-id

예:

<button data-act=""edit"" data-id=""17"">


이건 해석이 너무 쉬워짐:

id가 17인 데이터를 edit해라

✅ 최종 결론 (너가 딱 이해한 그대로)

✅ 규칙을 정한 이유는 “혼선 방지”
✅ class는 디자인과 섞여서 혼선 생길 수 있음
✅ id는 정적인 요소에 적합
✅ 동적 생성 요소는 data-*가 적합
✅ data-act의 act는 개발자가 정한 이름(관습적으로 action 의미)","[""import"",""coding""]",2026-02-22 11:13:32.875323+00,e1848554-ffae-479c-a8cd-4c0d77b7bed2,2026-03-19 15:55:50.007522+00,0,0,0,2026-03-19 15:55:50.007522+00,0,null,null,null,false,null,null,null,null,true,15579292-0957-4eed-be12-e0fabe8dff62,null,null,"{""tables"":{""1"":{""rows"":[],""columns"":[]}}}",null,[],null,null
67b45a42-0cbd-449a-b632-e8cb9b112214,「溢れる（あふれる）」と「零れる（こぼれる）」の違さ,"「溢れる（あふれる）」は容量を超えていっぱいに満たされ、外へ流れ出る様子や、感情が内からあふれる状態を表し、「零れる（こぼれる）」は容器に入りきらない量、あるいは少量でも不意に外へ漏れ落ちる・こぼれ落ちる状態を指し、特に物理的な液体の漏出や粒子の落下によく使われます。 
溢れる（あふれる）
意味:
量が多い: 容器の限界を超えて、いっぱいに満たされて外に出る。「コップの水があふれる」。
感情・才能など: 感情や才能などが、抑えきれずに外へ表れる。「希望にあふれる」「才能があふれる」。
漢字のイメージ: 器から盛り上がってあふれる様子。 
零れる（こぼれる）
意味:
漏れ落ちる: 液体や粉、粒などが、容器から落ちる、こぼれる。「水がこぼれる」「砂がこぼれる」「涙がこぼれる」。
内から自然に: 感情などが内側から自然に表れる。「笑いがこぼれる」「色がこぼれる（色気）」。
「溢れる」との違い: 量が多すぎてあふれるだけでなく、少量でも不意に漏れたり、容器から落ちたりする状況でも使います。多くの場合、より物理的で偶発的な漏出を指します。 
使い分けの例
水:
「鍋いっぱいに水を入れすぎて、あふれた」 (容量オーバー)。
「テーブルに置いたコップが倒れて水がこぼれた」 (不意の落下・漏出)。
感情:
「喜びで胸があふれる」 (内から湧き出る感情)。
「面白くて、思わず笑いがこぼれた」 (自然に表れた笑い)。 
まとめ
あふれる: 満杯、いっぱいになる、内面から湧き出る。
こぼれる: 漏れる、落ちる、不意に表れる。

https://m.blog.naver.com/minnnade/221358197758

あふれる

1. 정해진 용량이 차서 더이상 넣을 수 없어 밖으로 일부가 넘쳐나오는것
2. 기운, 분위기나 기분이 흘러 넘치는 것

今回の成功で彼は自信に溢れていました

こぼれる

1. 정해진 용량이나 한도에 상관없이 흔들리거나 부딛히거나 쓰러지거나 넘어져서 넘치는 것
2. 감정이나 눈물 등이 무의식적으로 흐르는 것

彼の手紙をもらったら彼が愛しくて、今すぐ会いたくなって涙がこぼれてしまいました。
남자친구에게 편지를 받으니 그가 사랑스러워서 지금 당장 보고싶어져서 눈물이 흘러버렸습니다.","[""import"",""japanese""]",2026-02-22 11:13:32.875323+00,e1848554-ffae-479c-a8cd-4c0d77b7bed2,2026-03-19 15:55:50.007522+00,0,0,0,2026-03-19 15:55:50.007522+00,0,null,null,null,false,null,null,null,null,true,e496f777-c182-436f-9c25-e5899ef032d8,null,null,"{""tables"":{""1"":{""rows"":[],""columns"":[]}}}",null,[],null,null
6c68619b-bd82-4816-9def-e3980a2012f7,코딩적사고와 crud + search + filter기준에서 쓰이는 일본어들,"1️⃣ 코딩 사고는 한국어보다 일본어가 유리한가?

조건부로 YES라고 말할 수 있어. 이유는 “언어가 사고를 끌어가는 방향” 차이 때문이야.

🔹 한국어의 특징 (코딩 사고에 불리한 지점)

맥락 의존이 큼

주어/목적어 생략이 잦음

감정·뉘앙스 중심 표현이 많음

예:

“이거 여기서 처리하면 되지 않을까?”

→ 사고가 흐릿해짐
→ 구현 전에 감정·추측이 먼저 개입

🔹 일본어의 특징 (코딩 사고에 유리한 지점)

행위 중심(동사 중심)

절차/단계 표현이 강함

“무엇을 한다”가 항상 드러남

예:

状態を更新する
条件を判定する
表示を切り替える

→ 사고가 절차 단위로 쪼개짐
→ 코드 구조와 거의 1:1 대응

📌 그래서 일본 개발자 코드/설명은
“감정 없음 + 처리 흐름 설명” 느낌이 강함.

🔹 결론

일상 사고 → 한국어가 편함

구조·절차·로직 사고 → 일본어가 오히려 정돈됨

그래서 코딩 사고만 놓고 보면 일본어가 유리한 면이 있다고 말할 수 있어.

2️⃣ 지금 수준(CRUD + search/filter)에서 반드시 접하는 일본어

아래는 지금 네가 쓰는 코드 사고와 거의 1:1 대응되는 일본어만 정리했어.
(외우는 용도 ❌ / 자주 보면서 익숙해지는 용도 ⭕)

📌 상태 / 데이터 관련
일본어	의미	코딩 사고
状態（じょうたい）	상태	state
データ	데이터	data
配列（はいれつ）	배열	array
要素（ようそ）	요소	element
一覧（いちらん）	목록	list
管理する	관리하다	manage
📌 CRUD 기본 동사 (핵심)
일본어	의미	CRUD
追加する	추가하다	Create
取得する	가져오다	Read
更新する	갱신하다	Update
削除する	삭제하다	Delete

👉 일본 개발자 사고는 거의 이 4개 동사로 시작함.

📌 검색 / 필터 / 조건
일본어	의미	사용 맥락
検索する（けんさく）	검색하다	search
条件（じょうけん）	조건	filter
判定する	판단하다	if 조건
絞り込む	추려내다	filter
含む	포함하다	includes
📌 처리 흐름 / 로직
일본어	의미	코딩 사고
処理する	처리하다	process
実行する	실행하다	execute
呼び出す	호출하다	call
分岐する	분기하다	branching
繰り返す	반복하다	loop
📌 화면 / 렌더링 / DOM
일본어	의미	대응 개념
表示する	표시하다	render
再描画する	다시 그리다	re-render
画面	화면	UI
要素を取得する	요소를 가져오다	querySelector
追加する	추가하다	append
📌 이벤트 / 사용자 조작
일본어	의미
イベント	이벤트
入力	입력
送信	제출
変更	변경
クリック	클릭
📌 에러 / 디버깅 (중요)
일본어	의미
エラー	에러
原因	원인
発生する	발생하다
存在しない	존재하지 않다
null	null
未定義	undefined

예문 하나만 기억해도 충분:

DOM要素が存在しない状態で
イベントを登録しようとしたため、エラーが発生した。

3️⃣ 추천 사고 전환 방식 (지금 단계 최적)

❌ “일본어로 생각해야지”
⭕ “코딩 동사를 일본어로 붙인다”

예:

“여기서 render 해야겠다”
→ 表示を更新する

“이건 상태 변경이네”
→ 状態を更新する

“조건으로 걸러야지”
→ 条件で絞り込む

이렇게 행동 단위로 일본어를 붙이면
어느 순간 한국어를 안 거치게 된다.

마지막 한 문장 정리

코딩 사고는 감정 언어가 아니라
절차 언어라서,
일본어와 구조적으로 잘 맞는다.

지금 네 수준에서 필요한 일본어는
이미 충분히 정리 가능한 범위고,
지금처럼 쓰다 보면 자연스럽게 일본어로 코딩 사고가 열린다.","[""import"",""coding""]",2026-02-22 11:13:32.875323+00,e1848554-ffae-479c-a8cd-4c0d77b7bed2,2026-03-19 15:55:50.007522+00,0,0,0,2026-03-19 15:55:50.007522+00,0,null,null,null,false,null,null,null,null,true,8c43b820-ad07-4475-af70-568a53f81a10,null,null,"{""tables"":{""1"":{""rows"":[],""columns"":[]}}}",null,[],null,null
6d43df19-601b-42fc-9190-08f00afc942a,「忙しい（いそがしい、せわしい）」,"「忙しい」とは、用事が多くて時間や心に余裕がない状態で、「いそがしい」と読み、「せわしい」「慌ただしい」とも言います。仕事や用事に追われている様子、落ち着きなく動いている様子を表し、ビジネスシーンでは「多忙（たぼう）」、口語では「バタバタする」などの類語があります。 
主な意味と使い方
用事が多い: 仕事やタスクが山積し、休む間もない状態。「忙しい日々を送る」。
気が散って落ち着かない: 気持ちがせかせかしている様子。「忙しく立ち去る」。
（経済的に）ゆとりがない: 金銭的に余裕がない状態。
（比喩的）: 飛行機が忙しく離着陸を繰り返す、のように、物事が絶え間なく続く様子。 
類語・言い換え表現
多忙（たぼう）: 「ご多忙の折」「多忙を極める」など、目上の人にも使える丁寧な表現。
立て込んでいる（たてこんでいる）: 予定や仕事が集中している状態。
追われている（おわれている）: 仕事などに追い詰められている感じ。
せわしい・慌ただしい（あわただしい）: 忙しさからくる焦りや慌ただしさを表す、より感情的なニュアンス。 
漢字の由来
「忙」という漢字は、「心」と「亡（ほろぶ）」が組み合わさって「心を亡くす」、つまり心が落ち着かない状態を表していると言われます。

◆ 바쁘다; 틈[겨를]이 없다.（せわしい）

忙しい年末年始
바쁜 연말연시

忙しい毎日を過ごす
바쁜 나날을 보내다

一日中忙しく働いた
하루 종일 바쁘게 일했다

◆ 조급하다; 성급하다.（せわしい）

忙しい性分
조급한 성미

忙しく立ち去る
총총히 떠나다

忙しく席を立つ
바삐 자리를 뜨다

◆ 빠르다; 거칠다.（せわしい）

忙しい呼吸
거친 호흡

忙しく息をつく
거칠게 숨을 내쉬다

◆ 경제적으로 여유가 없다.
◆ 바쁘다; 겨를이 없다.（いそがしい）

旅支度に忙しい
여행 준비에 바쁘다

決算期で忙しい
결산기라서 바쁘다

今日は忙しかった
오늘은 바빴다

◆ 닥치어 들뜨다; 어수선하다; 부산하다.（いそがしい）

忙しい性分の人ひと
성미가 부산한 사람

年の瀬は何となく忙しい
세밑이 되면 어쩐지 들뜬다

局面が急に忙しくなってきた
국면이 갑자기 부산해졌다

https://mazii.net/ko-KR/search/word/jako/%E5%BF%99%E3%81%97%E3%81%84","[""import"",""japanese""]",2026-02-22 11:13:32.875323+00,e1848554-ffae-479c-a8cd-4c0d77b7bed2,2026-03-19 15:55:50.007522+00,0,0,0,2026-03-19 15:55:50.007522+00,0,null,null,null,false,null,null,null,null,true,22b50240-9983-427b-b2ca-7e8c9ab070bb,null,null,"{""tables"":{""1"":{""rows"":[],""columns"":[]}}}",null,[],null,null
6ef84bd6-7114-4ad2-863c-b70c58d3a068,「アイアン」と「スチール」,"「アイアン」は「鉄（Fe）」そのもの、「スチール」は鉄に炭素を混ぜて強度を高めた「鋼（はがね）」を指し、一般的に家具などで「アイアン」と呼ばれるものは実際には「スチール」で、炭素含有量の違いによりアイアンは純鉄、スチールは炭素入りの丈夫な鋼鉄と区別されますが、実用製品ではスチール（鋼）が使われるのがほとんどで、スチールの方が丈夫で錆びにくいのが特徴です。 
アイアン（Iron / 鉄）
成分: 炭素をほとんど含まない純粋な鉄（純鉄）。
特徴: 純鉄は酸化しやすく（錆びやすい）、脆い性質を持つため、製品の材料としては稀。
使われ方: 「アイアン」と表記される製品でも、実際は「スチール（鋼）」でできていることが多い。 
スチール（Steel / 鋼）
成分: 鉄を主成分に、炭素（0.02%〜2.14%程度）や他の元素を加えて作られる合金。
特徴: 炭素を加えることで強度や耐熱性が向上し、錆びにくく丈夫になる。
使われ方: 家具や建築、ゴルフのクラブシャフトなど、広範囲で「鉄」として使われる。 
まとめ
関係性: アイアン（鉄）に炭素を加えたものがスチール（鋼）。
日常での違い: 「アイアン」という言葉は、実際には強度を高めた「スチール（鋼）」を指すことが多い。
利点: スチールはアイアン（純鉄）に比べて、より丈夫で実用的。

ゴルフクラブにおける「アイアン」と「スチールシャフト」
アイアン: ゴルフクラブの種類（番手）を指す。
スチールシャフト: アイアンクラブのシャフト（軸）に使われる素材で、ねじれに強く安定したショットに適している（カーボンシャフトと比較して）。 
この違いを理解すると、素材としての「鉄」と「鋼」、そして製品名としての「アイアン」や「スチール」が使い分けられていることが分かります。","[""import"",""japanese""]",2026-02-22 11:13:32.875323+00,e1848554-ffae-479c-a8cd-4c0d77b7bed2,2026-03-19 15:55:50.007522+00,0,0,0,2026-03-19 15:55:50.007522+00,0,null,null,null,false,null,null,null,null,true,f1fd0b3c-4cd3-475b-89c3-b701d36534c6,null,null,"{""tables"":{""1"":{""rows"":[],""columns"":[]}}}",null,[],null,null
731042e0-9f14-4391-9b94-3a2528cd8143,「溜まってる（たまってる）」,"https://youtu.be/c_0jNuDgoic?si=Q28xu_1-FKNVnunO

「溜まってる（たまってる）」は、物事が積み重なって増える（例：仕事が溜まってる）、液体などが集まって動かなくなる（例：水が溜まってる）、未処理のものが蓄積する（例：やることが溜まってる）、お金が貯まる（例：貯金が溜まる）など、様々な状況で使われる表現です。文脈によって「滞る」「停滞する」といった意味合いにもなります。 
主な意味と使われ方
物理的に積み重なる・集まる:
「机の上に本が溜まってる」（積み重なっている）。
「水たまりが溜まってる」（水が集まって動かない）。
未処理のものが増える:
「仕事が溜まってる」（処理すべき仕事が増えていく一方）。
「やりたいことが溜まってる」（手つかずのことが増えている）。
貯蓄・蓄積:
「給料が溜まってる」（貯金が増えている）。
流れが滞る・停滞する:
「話が溜まってる」（進展せず滞っている）。 
文脈によってニュアンスが変わる
ポジティブな場合: 貯金や、楽しみにしていた本が積み重なっている状態など、良い意味で「蓄積されている」ことを指します。
ネガティブな場合: 仕事の量や未処理のタスクが増えすぎている状態を指し、「やらなきゃいけないことが多くて困る」というニュアンスを含みます。
何が「溜まってる」のかによって、その状況や気持ちも変わってきます。","[""import"",""japanese""]",2026-02-22 11:13:32.875323+00,e1848554-ffae-479c-a8cd-4c0d77b7bed2,2026-03-19 15:55:50.007522+00,0,0,0,2026-03-19 15:55:50.007522+00,0,null,null,null,false,null,null,null,null,true,982d234b-d2f3-409f-bb9a-352880f98300,null,null,"{""tables"":{""1"":{""rows"":[],""columns"":[]}}}",null,[],null,null
783e3d1b-b747-46fb-a505-feac8711ff06,「おどろいた」,"「おどろいた」は「驚いた（おどろいた）」という言葉で、思いがけない出来事に出会い、心が動揺したり、予想外のことにびっくりしたりする気持ちを表します。これは「びっくりした」「はっとした」「意外だった」といった意味で使われ、感動や衝撃、呆れなど、様々な感情を伴うことがあります。 
「おどろいた」の意味と使い方
心の平静が失われる：予期せぬ出来事や大きな音、光などで心が動揺する状態です。
「びっくりした」に近い：日常会話で最もよく使われる「驚いた」の表現で、「驚いたね」「驚いたなあ」のように使います。
文脈によってニュアンスが変わる：
「おどろいた！」（感嘆）: 良い意味でも悪い意味でも使えます。
「おどろいたこと（に）」: 「〜という意外なことがあった」という意味で、驚くべき事実を導入します（例: 「おどろいたことに、彼は満点だった」）。
「おどろいた、あまりのことに声も出なかった」: 衝撃やショックを表します。 
類語・関連表現
びっくりした：最も一般的な同義語。
あぜんとした：呆れて言葉が出ない状態。
衝撃を受けた：強いショックや感動を受けた時。
はっとした：急に気づいた時や、我に返った時。 
つまり、「おどろいた」は、何かが予想をはるかに超えていて、それに対して心が大きく反応した状態を表現する言葉です。","[""import"",""japanese""]",2026-02-22 11:13:32.875323+00,e1848554-ffae-479c-a8cd-4c0d77b7bed2,2026-03-19 15:55:50.007522+00,0,0,0,2026-03-19 15:55:50.007522+00,0,null,null,null,false,null,null,null,null,true,5e8bd73b-4fd9-4ad4-ad63-c878827debb2,null,null,"{""tables"":{""1"":{""rows"":[],""columns"":[]}}}",null,[],null,null
79ff8d6a-e9e6-4086-9b86-b21c519a521d,面接対策マスターQ&A（3プロジェクト総合）,"面接対策マスターQ&A（3プロジェクト総合）

対象プロジェクト（3つ）

Next.js + MongoDB Study Log（AI活用 + Fullstack） ← 메인

Cloud Drive（React + Firebase） ← 기본기/제품감

Vanilla JS CRUD（코테/기초 설명력） ← 기초·설명력

0) 30秒 自己紹介（最強テンプレ）
🇯🇵 Q0. まず自己紹介をお願いします。

A.
はい、ディジタルノマドを目指して学習しているWeb開発者です。
React / TypeScript を中心に学習し、実装力を証明するために3つのプロジェクトを作りました。
特にNext.js + MongoDB版ではAPI設計とDB連携、Vercelデプロイ、型エラー対応など実務に近い経験を積みました。
面接では「なぜその設計にしたか」「エラーをどう解決したか」まで説明できます。よろしくお願いいたします。

🇰🇷 한국어 버전(연습용)

저는 디지털노마드를 목표로 웹개발을 공부하고 있는 개발자입니다.
React/TypeScript를 중심으로 실력을 증명하기 위해 3개의 프로젝트를 만들었고,
특히 Next.js + MongoDB 프로젝트에서는 API 설계, DB 연동, Vercel 배포, 타입 에러 해결 등 실무에 가까운 경험을 쌓았습니다.
“왜 그렇게 설계했는지/에러를 어떻게 해결했는지”까지 설명할 수 있습니다. 잘 부탁드립니다.

1) AI 활용 질문 (거의 확정으로 나옴)
🇯🇵 Q1. AIはどう活用していますか？

A.
AIは「コードを代わりに書かせる」目的ではなく、学習と開発効率を上げる補助として活用しています。
具体的には、設計の分解、エラー原因の仮説出し、選択肢の比較、ドキュメント整備に使います。
最終的な判断と実装は必ず自分が理解した上で行い、AIの出力をそのまま使うことは避けています。

🇰🇷

AI는 코드를 대신 짜게 하는 목적이 아니라, 학습과 개발 효율을 높이는 보조 도구로 활용합니다.
설계 분해, 에러 원인 가설 수립, 선택지 비교, 문서 정리 등에 사용하며, 최종 판단과 구현은 반드시 이해한 뒤 진행합니다.

🇯🇵 Q2. AIのコードが間違っていたらどうしますか？

A.
まず再現確認をして、ログ/エラー内容から原因を分解します。
その後、公式ドキュメントで正しい仕様を確認し、最小修正で直します。
Next.js の Route Handler 型エラーもその手順で解決しました。

🇰🇷

재현 확인 → 로그/에러로 원인 분해 → 공식 문서로 스펙 확인 → 최소 수정으로 해결합니다.
Next.js Route Handler 타입 에러도 같은 방식으로 해결했습니다.

2) 기본기 질문 (React/JS/TS)
🇯🇵 Q3. Reactで一番重要だと思うことは？

A.
状態管理と再レンダリングの仕組みです。
状態が変わるとUIが更新されるので、状態をどこで持つか、propsで渡すか、Contextにするかを設計で意識しています。

🇰🇷

상태 관리와 리렌더링 구조입니다.
상태를 어디서 관리할지(props/Context 등) 설계가 중요하다고 생각합니다.

🇯🇵 Q4. JavaScriptの基礎で特に意識した点は？

A.
DOM操作、イベント処理（イベント委譲）、配列操作（map/filter/find）、そして例外ケースの処理です。
Vanilla CRUDで基礎を固めました。

🇰🇷

DOM 조작, 이벤트 처리(이벤트 위임), 배열 조작(map/filter/find), 예외 케이스 처리를 중요하게 봤고 Vanilla CRUD로 기초를 다졌습니다.

🇯🇵 Q5. TypeScriptを導入した理由は？

A.
データ構造とAPIレスポンスを型で固定することで、バグの混入を減らし、保守性を上げるためです。
特に Next.js の Route Handler では型がビルドに直結するので重要でした。

🇰🇷

데이터 구조/API 응답을 타입으로 고정해 버그를 줄이고 유지보수성을 높이기 위해 도입했습니다. Next.js Route Handler에서는 타입이 빌드에 직결되어 더 중요했습니다.

3) プロジェクト別 Q&A
A) Next.js + MongoDB（Study Log / メイン）
🇯🇵 Q6. Next.js版をメインにした理由は？

A.
フロントだけでなく API設計・DB連携・デプロイ・型エラー対応まで含めて、実務に近い一連の流れを見せられるからです。
AIを使いながらも、最終的に自分で原因を分解して解決した点を説明できます。

🇰🇷

프론트뿐 아니라 API 설계, DB 연동, 배포, 타입 에러 대응까지 실무 흐름을 보여줄 수 있어서 메인으로 선택했습니다. AI를 활용했더라도 원인 분석과 해결은 직접 했다는 점을 설명할 수 있습니다.

🇯🇵 Q7. MongoDB接続で苦労した点は？

A.
MongoDB Atlas の接続文字列（srv）の設定と環境変数管理です。
querySrv EBADNAME _mongodb._tcp... のようなエラーが出た時は、URI・cluster名・DNS設定を見直しました。

🇰🇷

MongoDB Atlas 연결 문자열(srv) 설정과 환경변수 관리였습니다. querySrv EBADNAME 에러가 나왔을 때 URI/클러스터명/DNS 설정을 점검했습니다.

🇯🇵 Q8. Vercelのビルドエラー（params Promise）をどう解決しましたか？

A.
Next.jsのRoute Handlerでは params の型が環境によって Promise になるケースがあり、
シグネチャを params: Promise<{ id: string }> に合わせて await params で取り出すように修正しました。
ローカルで npm run build も通して確認しました。

🇰🇷

Next.js Route Handler에서 params 타입이 Promise로 기대되는 경우가 있어, params: Promise<{id:string}>로 맞추고 await params로 꺼내도록 수정했습니다. 로컬 build 통과도 확인했습니다.

B) Cloud Drive（React + Firebase）
🇯🇵 Q9. なぜ Cloud Drive を作りましたか？

A.
FirebaseのAuth/Firestore/Storageを統合して、実務的な「ユーザー別ファイル管理」を作りたかったからです。
i18n・Theme・Trash設計まで入れて製品感を意識しました。

🇰🇷

Firebase(Auth/Firestore/Storage)를 통합해 실무형 “유저별 파일 관리”를 구현하고 싶었습니다. i18n/테마/휴지통 설계까지 넣어 제품감을 의식했습니다.

🇯🇵 Q10. Trashはなぜ isTrashed方式？

A.
誤削除対策として復元を可能にするためです。
削除＝状態変更、完全削除＝別操作に分けることで安全性と責務分離を確保しました。

🇰🇷

실수 삭제 대비 복구를 위해서입니다. 삭제=상태 변경, 완전삭제=별도 조작으로 분리해 안전성과 책임 분리를 확보했습니다.

C) Vanilla JS CRUD（基礎・説明力）
🇯🇵 Q11. なぜ Vanilla JS CRUD を作った？

A.
Reactやフレームワーク以前に、DOM・イベント・状態管理の基礎を理解して説明できるようにするためです。
面接でもコードの意図を言語化する練習になりました。

🇰🇷

React 이전에 DOM, 이벤트, 상태관리 기본기를 이해하고 설명하기 위해 만들었습니다. 면접에서 의도를 말로 설명하는 연습이 됐습니다.

🇯🇵 Q12. イベント委譲を使った理由は？

A.
ボタンが増減してもイベント管理が簡単で、パフォーマンス的にも有利だからです。
closest() を使ってクリック対象を特定しています。

🇰🇷

버튼이 동적으로 늘어나도 이벤트 관리가 쉽고 성능상도 유리해서입니다. closest()로 클릭 대상을 특정했습니다.

4) 最後にほぼ必ず来る質問
🇯🇵 Q13. 今後の目標は？

A.
日本で就職して実務経験を積みながら、個人プロジェクトを継続的に拡張していきます。
将来的には日本を拠点に、デジタルノマドとして海外向けにも展開できるサービスを作りたいです。

🇰🇷

일본에서 취업해 실무 경험을 쌓으면서 개인 프로젝트를 계속 확장할 예정입니다. 장기적으로 일본을 거점으로 해외까지 확장 가능한 서비스를 만들고 디지털노마드로 활동하고 싶습니다.

🇯🇵 Q14. 何か質問はありますか？（逆質問）

A（例）:

入社後、最初の3ヶ月で期待される役割は何でしょうか？

React/TypeScript の開発で重視される開発ルールはありますか？

コードレビュー文化（観点）はどのような形ですか？

🇰🇷

입사 후 3개월 동안 기대되는 역할이 무엇인지

React/TypeScript 개발에서 중요하게 보는 규칙이 있는지

코드 리뷰 문화/기준은 어떤지","[""import"",""coding""]",2026-02-22 11:13:32.875323+00,e1848554-ffae-479c-a8cd-4c0d77b7bed2,2026-03-19 15:55:50.007522+00,0,0,0,2026-03-19 15:55:50.007522+00,0,null,null,null,false,null,null,null,null,true,0764a546-be71-48b0-a8ac-cc4fc302d3f8,null,null,"{""tables"":{""1"":{""rows"":[],""columns"":[]}}}",null,[],null,null
7d85b08d-dedb-4a12-8465-be2144425547,✅ 면접 대비 완료 체크리스트 (필수 5개),"✅ 면접 대비 완료 체크리스트 (필수 5개)

자기소개 30초를 막힘없이 말한다

**프로젝트 3개 설명(각 1분)**이 가능하다

각 프로젝트마다

“왜 이 기술?”

“어려웠던 점?”

“어떻게 해결?”
이 3개를 말할 수 있다

보안 질문에 대해

Firebase Rules / owner(uid)

Next.js API에서 검증
이걸 “개념적으로라도” 설명 가능하다

Vercel 배포/에러 해결 사례를 “사건처럼” 설명 가능하다
(문제 → 원인 → 해결 → 재발 방지)

➡️ 이 5개 되면 면접 대비는 됐다고 봐도 돼.","[""import"",""coding""]",2026-02-22 11:13:32.875323+00,e1848554-ffae-479c-a8cd-4c0d77b7bed2,2026-03-19 15:55:50.007522+00,0,0,0,2026-03-19 15:55:50.007522+00,0,null,null,null,false,null,null,null,null,true,fcf16782-9ec5-4a17-b208-c5296a8ef5a5,null,null,"{""tables"":{""1"":{""rows"":[],""columns"":[]}}}",null,[],null,null
80e099d3-044d-4a29-98b9-e3a47e334cd2,「溢れる（あふれる）」,"https://youtu.be/RP7yT7INjAc?si=2TZRVvPEO4xYQhaZ

「溢れる（あふれる）」は、水などが容器や限界を超えて外にこぼれ出る様子や、人・物が入りきらずにはみ出すこと、感情や気力などが満ちて表現されることなどを意味する動詞で、「満ちる」「こぼれる」「はみ出す」「みなぎる」といったニュアンスで使われます。 
主な意味と例文
液体が満ちてこぼれる
「コップに水が溢れるほど注ぐ」
「川が溢れて町が水浸しになった」
人や物が入りきらずはみ出す
「スタンドに観客が溢れる」
「人で通路が溢れる」
感情や才能などが満ちて表現される
「涙が溢れる」
「意欲が溢れる作品」
「喜びが溢れる表情」 
類語・関連語
こぼれる: 漢字では「零れる」と書き、溢れると似ていますが、溢れるが「満ちてあふれる」状態を指すのに対し、こぼれるは量に関わらず「外に出る」ニュアンスが強いです。
満ちる（みちる）: いっぱいに満たされること。
みなぎる: 意気込みや力などが盛んになること（「横溢」など）。 
「溢れる」は、物理的な液体だけでなく、人の心の中にある感情やエネルギーなどが豊かに表現される様子を描写する際にもよく使われる表現です。

https://mazii.net/ko-KR/search/word/jako/%E6%BA%A2%E3%82%8C%E3%82%8B

◆ 남아서 퇴박당하다; 일자리를 얻지 못하다.（あふれる）

仕事に溢れた労働者
일자리를 얻지 못한 노동자

バイトに溢れる
아르바이트를 얻지 못하다

◆ (낚시 따위에서) 허탕 치다.（あふれる）

溢れて一匹も釣れなかった
허탕 쳐서 한 마리도 잡지 못했다

釣りに行ったが時化ですっかり溢れた
낚시하러 갔으나 바다가 거칠어서 완전히 허탕 쳤다

◆ 비어져 나와 흩어져 있다.（あふれる）
◆ (가득 차서) 넘치다; 넘쳐흐르다.（あふれる）

若さ溢れる街
젊음이 넘치는 거리

滋味溢れる文章
썩 재미있는 문장

才気に溢れる新人
재기 넘치는 신인","[""import"",""japanese""]",2026-02-22 11:13:32.875323+00,e1848554-ffae-479c-a8cd-4c0d77b7bed2,2026-03-19 15:55:50.007522+00,0,0,0,2026-03-19 15:55:50.007522+00,0,null,null,null,false,null,null,null,null,true,ed8cc095-2a60-48b5-b77f-de65cb160053,null,null,"{""tables"":{""1"":{""rows"":[],""columns"":[]}}}",null,[],null,null
8275d75f-6857-4003-9aed-1e44a1348cd7,"「正直に」, 「素直に」, 「率直に」","＜素直（すなお）＞

있는 그대로의 꾸밈없는 모습과 성격

・彼女の素直さが魅力だ。

(그녀의 솔직함이 매력이다)

​

＜率直（そっちょく）＞

있는 그대로 숨기지 않는 것

・率直に言うとこの問題はまだ改善の余地がある。

(솔직히 말해서 이 문제는 아직 개선의 여지가 있다.)

​

＜正直（しょうじき）＞

거짓이 없고 옳은 것

・正直に生きられたら幸せだ。

(정직하게 살 수 있다면 행복하다.)","[""import"",""japanese""]",2026-02-22 11:13:32.875323+00,e1848554-ffae-479c-a8cd-4c0d77b7bed2,2026-03-19 15:55:50.007522+00,0,0,0,2026-03-19 15:55:50.007522+00,0,null,null,null,false,null,null,null,null,true,373c3df3-a8e8-4974-800d-db99e3077bd5,null,null,"{""tables"":{""1"":{""rows"":[],""columns"":[]}}}",null,[],null,null
8740f1a2-5e76-4a60-a146-17a4b2987b8d,「受け入れ（うけいれ）」,"https://youtu.be/VfC-W0zf9BM?si=SwxU8k5JGwZ6WfGB

「受け入れ（うけいれ）」とは、人や物事を身に引き取ること、迎え入れることを指し、相手の意見や状況、現実などを理解し、承諾・容認する意味合いが強いです。ビジネスや人間関係では相手の提案や立場を尊重し、柔軟に対応する姿勢を示し、日常生活では新しい環境や変化を素直に認める際にも使われ、「accept」「receive」などの英語に相当します。 
意味のポイント
「受け止める」との違い: 「受け入れる」は相手の意見に賛成・同意するニュアンスを含むのに対し、「受け止める」はただ聞いたり理解したりする段階に留まります。
対象: 人（考え方、要求）、物事（事実、状況、環境）、情報など幅広く使われます。
使い方（例文）:
「新しい環境を受け入れる」
「友人の提案を受け入れる」
「失敗を受け入れて次に活かす」
「このホテルは犬を受け入れない（=許可しない）」 
類語・関連語
受容（じゅよう）: 精神的に受け入れる、包み込む意味合いが強い。
容認（ようにん）: 許可して受け入れること。
歓迎（かんげい）: 喜んで迎え入れること。 
英語表現（ニュアンス別）
accept: 最も一般的。「事実を受け入れる」「感情を受け入れる」など。
receive: 物理的に受け取る、自動的に受け取るイメージ。
welcome: 喜んで迎え入れる、好意的に受け入れる。
adapt: 新しいものに適応する形で受け入れる。 
このように、「受け入れ」は単に受け取るだけでなく、心理的な理解や同意、対応の姿勢を含む多義的な言葉です。

https://mazii.net/ko-KR/search/word/jako/%E5%8F%97%E3%81%91%E5%85%A5%E3%82%8C

◆ 받아들임.
◆ 맞아들임.

新入社員の受け入れ準備
신입 사원을 받아들일 준비

被災者の受け入れ態勢が整う
이재민을 받아들일 태세가 갖추어지다

◆ 승낙; 승인.

要求の受け入れに難色を示す
요구를 받아들이는 데 난색을 보이다

◆ 수납함; 또, (회계 장부에서) 수입.","[""import"",""japanese""]",2026-02-22 11:13:32.875323+00,e1848554-ffae-479c-a8cd-4c0d77b7bed2,2026-03-19 15:55:50.007522+00,0,0,0,2026-03-19 15:55:50.007522+00,0,null,null,null,false,null,null,null,null,true,0e99113e-ecf8-4965-ba07-a65f99b5b073,null,null,"{""tables"":{""1"":{""rows"":[],""columns"":[]}}}",null,[],null,null
8bba098b-f739-4cb5-8095-28c32b42a8d2,「ガチな奴」,"https://youtu.be/op0crDJJhCk?si=0rQv0rtxosH5SMCZ

「ガチな奴」とは、ある物事に非常に真剣に、全力で取り組んでいる人を指すスラングで、特にゲームやアイドルファンなどのコミュニティで使われ、「本気勢」「ガチ勢」とも呼ばれます。相撲の「真剣勝負」が語源で、「マジ（真面目）」よりもさらに強い本気度を表す若者言葉です。 
意味合い
真剣さ・本気度が高い: 遊びや適当ではなく、心からその活動に打ち込んでいる様子。
「ガチ勢」: ある分野でトップレベルを目指したり、熱中している人のこと。
「ガチ恋勢」: アイドルやアニメキャラなどに本気で恋をしているファンのこと。 
使われる場面
ゲーム：「ガチ勢はアイテム集めも全力」。
推し活：「あの人は〇〇（アイドル）のガチな奴だね」。 
「ガチ」の語源
元々は相撲の「真剣勝負」から来ており、そこから「本気」という意味だけが残って「マジ」よりも強い意味合いで使われるようになりました。 
「ガチな奴」は、その人がどれだけ本気で取り組んでいるかを強調する際に使われる、カジュアルな表現です。","[""import"",""japanese""]",2026-02-22 11:13:32.875323+00,e1848554-ffae-479c-a8cd-4c0d77b7bed2,2026-03-19 15:55:50.007522+00,0,0,0,2026-03-19 15:55:50.007522+00,0,null,null,null,false,null,null,null,null,true,30a561da-b7c3-491f-9fdb-2fa85db954fa,null,null,"{""tables"":{""1"":{""rows"":[],""columns"":[]}}}",null,[],null,null
8da0211f-2d52-4b92-8d3c-921ef599ffa6,「ずらす」,"https://youtu.be/HuL8zyQr8UE?si=XkgNX6NWO21q4oKC

「話ずらし」とは、議論の本筋や論点から意図的、あるいは無意識に話題を逸らすことで、「論点のすり替え」「話をそらす」「はぐらかす」などとも言います。相手の質問に直接答えず、別の話題を始めたり（例：納期を聞かれたのに作成の苦労話を始める）、関係のない情報（例：ツールの話）で返すこと（ストローマンや燻製ニシンの虚偽といった詭弁の一種）も含まれ、議論を混乱させ、本質的な解決を妨げます。 
話がずれる主なパターン
話題そのものがずれている: そもそも別の話をしてしまう。
内容がずれている: 質問の核心（例：具体的な納期）に触れず、周辺情報でごまかす。
期待レベルとずれている: 相手が求めている情報（例：作成プロセス）と異なる情報（例：ツール名）を提供する。 
話ずらしの心理・目的
自分が話したいネタがある。
場を盛り上げたい、あるいは相手を見下している。
都合が悪いため、質問から逃れたい（はぐらかす）。
「トーンポリシング」のように、相手の話し方や態度を批判して論点をずらす。 
対処法・見抜き方
相手が「何を知りたいのか」「どんな答えを想定しているのか（5W1H）」を意識する。
質問に対して、まず結論や具体的な回答（5W1Hなど）を先に述べる。
「それは本題と少しずれていませんか？」「〇〇についてお聞きしたいのですが」と、論点を再確認する

「ずらす」とは、位置・時間・論点などを、少し動かしたり、重ならないように変更したりすることを意味し、具体的には「椅子を横に少し動かす」「予定を後日に変更する（リスケジュール）」「話題をそらす」といった使い方があります。英語ではshiftやmoveなどが使われ、物理的な移動（move）と、時間や予定の変更（shift, reschedule）でニュアンスが異なります。 
主な意味と使い方
物理的に動かす: 滑らせるようにして、少しだけ位置を変える。「テーブルを少しずらす」など。
時間・予定を変更する: 重ならないように日時をずらす。「会議を明日にずらす」「予定を1週間ずらす」など（リスケジュールとも言う）。
論点・話をそらす: 焦点や話題を別の方向へ向ける。「質問の意図をずらす」など。
専門用語として:
軸ずらし: マーケティングなどで、顧客の関心に合わせたテーマでコンテンツを作成し、自社商品へ誘導する手法。 
類語
動かす、移す、移動させる、ずらす
延期する、遅らせる、早める（時間の場合） 
英語での表現例
move a chair: 椅子をずらす（物理的）
reschedule a meeting: 会議をずらす（時間）
shift the topic: 話題をずらす

https://mazii.net/ko-KR/search/word/jako/%E3%81%9A%E3%82%89%E3%81%99

◆ 비켜 놓다; 한쪽으로 자리를 조금 옮기다.

机を右へずらす
책상을 오른쪽으로 비켜 놓다

◆ 벗어나다; 방향을 조금 바꾸다.

質問の趣旨をずらした答弁
질문의 취지를 벗어난 답변

視点をずらして考える
시점을 조금 바꾸어 생각하다

◆ 물리다; (위치·시일 등이) 겹치지 않도록 하다.

日取りを一日ずらす
날짜를 하루 물리다

日程をずらした
일정을 늦추었다

◆ 할 일을 나중으로 미루다.","[""import"",""japanese""]",2026-02-22 11:13:32.875323+00,e1848554-ffae-479c-a8cd-4c0d77b7bed2,2026-03-19 15:55:50.007522+00,0,0,0,2026-03-19 15:55:50.007522+00,0,null,null,null,false,null,null,null,null,true,7a01214b-5f92-40fd-a5f0-b52200bc3b00,null,null,"{""tables"":{""1"":{""rows"":[],""columns"":[]}}}",null,[],null,null
99b3e128-91e4-4889-b2f8-cf2b85566eef,飛び込む（とびこむ）,"https://youtu.be/9B1izCJwtmM?si=3WZ8LmYXIRez5vyA

https://mazii.net/ko-KR/search/word/jako/%E9%A3%9B%E3%81%B3%E8%BE%BC%E3%82%80

◆ 뛰어들(어가)다.
◆ 몸을 날려 들어가다.

海に飛び込む
바다에 뛰어들다

プールに飛び込んだ
풀(pool)에 뛰어들었다

◆ 급하게 안으로 들어가다.

にわか雨を避けて喫茶店に飛び込む
소나기를 피해서 찻집으로 뛰어들다

◆ 자진해서 어떤 일에 관여하다; 투신하다.

政界に飛び込んだ人
정계에 뛰어든 사람

平和運動に飛び込む
평화 운동에 뛰어들다

◆ (뜻밖의 일이) 날아들다.

嬉しいニュースが飛び込む
기쁜 뉴스가 날아들다

悲報が飛び込んできた
비보가 날아들어 왔다","[""import"",""japanese""]",2026-02-22 11:13:32.875323+00,e1848554-ffae-479c-a8cd-4c0d77b7bed2,2026-03-19 15:55:50.007522+00,0,0,0,2026-03-19 15:55:50.007522+00,0,null,null,null,false,null,null,null,null,true,3171a8a6-9a14-4468-a7b0-80495afc44f5,null,null,"{""tables"":{""1"":{""rows"":[],""columns"":[]}}}",null,[],null,null
9da7a28e-ee60-4c7d-9bde-741c9405592c,アイアンとスチールの違いとは、それぞれの特徴や建築での利用方法を紹介,"https://renovefudosan.com/articles/howto/6048/

アイアンとスチールの違い

アイアンの英語表記は「iron」ですが、日本では鉄と訳されます。一方で、スチールの英語表記は「steel」で、日本では鋼や鋼鉄と訳されます。そのため、アイアンとスチールの違いは、アイアンが鉄でスチールが鋼と説明できるでしょう。


鉄と鋼の違い

鉄は鉄鉱石と呼ばれる岩石から作られています。ただし、鉄鉱石には鉄だけでなく他の成分も混じっているので、石灰やコークスと呼ばれる石炭を原料とした燃料を使って取り出しているのです。

一方で、鋼は鉄を主成分とした合金です。鉄と同じように鉄鉱石から作られますが、一酸化炭素を使って炭素を合成しているのです。

そのため、鉄に含まれている炭素の量は0.02%未満であるのに対し、鋼は0.02～2%ほどの炭素を含んでいます。なお、炭素の割合が増えると硬度はアップしますが折れやすくなるという問題が生じます。

また、炭素の割合を減らすと柔軟性がアップしますが曲がりやすいという問題が発生するのです。そのため、鋼の炭素量は2%以内に抑えています。

アイアンの特徴と建築での利用方法

ここでは、アイアンの特徴や建築での利用方法を紹介します。新築やリフォームで使用する材料をチェックするときの参考にしてください。


純度の高いアイアンを使用する機会は少ない

建築の中には「鉄筋コンクリート造」や「鉄骨造」といった造りがありますが、建築ではアイアンを目にする機会は少ないでしょう。つまり、建築で「鉄」と記載しているときは「鋼」を使用しているのです。

建築でアイアンを使うことが少ない理由は、もろさにあります。純度100%の鉄は酸化しやすく、非常にもろく作られているので加工が困難です。そのため、建築において純度の高いアイアンの使用は使う機会は少ないでしょう。

なお、アイアンやスチールを触ったときに「鉄のニオイがする」と感じる方もいますが、アイアンやスチールにはそれ自体にニオイはありません。アイアンやスチールは人間の皮脂に触れると酸化する特徴があり、酸化したときのニオイが「鉄のニオイ」と感じるのです。ここでは、アイアンの特徴や建築での利用方法を紹介します。新築やリフォームで使用する材料をチェックするときの参考にしてください。


純度の高いアイアンを使用する機会は少ない

建築の中には「鉄筋コンクリート造」や「鉄骨造」といった造りがありますが、建築ではアイアンを目にする機会は少ないでしょう。つまり、建築で「鉄」と記載しているときは「鋼」を使用しているのです。

建築でアイアンを使うことが少ない理由は、もろさにあります。純度100%の鉄は酸化しやすく、非常にもろく作られているので加工が困難です。そのため、建築において純度の高いアイアンの使用は使う機会は少ないでしょう。

なお、アイアンやスチールを触ったときに「鉄のニオイがする」と感じる方もいますが、アイアンやスチールにはそれ自体にニオイはありません。アイアンやスチールは人間の皮脂に触れると酸化する特徴があり、酸化したときのニオイが「鉄のニオイ」と感じるのです。

スチールの特徴と建築での利用方法

次に、スチールの特徴や建築での利用方法を紹介します。


炭素の割合で性質が異なる

スチールには炭素が含まれていますが、含有量の違いによって性質が異なります。スチールに含まれる炭素の割合が高くなると、スチールは硬くなります。

一方で、スチールに含まれる炭素の割合が低くなると、スチールは粘り強さが出るのです。スチールについては、固さと粘り強さを同時に高くすることはできません。そのため、用途に応じて硬さを選ぶことが大切です。


少ない材料で大きな建物を作ることができる

スチールのメリットは、他の金属に比べて重さに対する強度が大きいことです。少ない材料でも高い強度を維持できるので、家の建築をはじめ、高層ビル、橋、工場などの大きな建物の建設にも向いています。また、古い建物を解体する際にもスチールは再利用が可能なので、解体費用が安くなるというメリットもあるのです。

一方で、スチールには熱に弱いというデメリットがあります。高温になると強度が失われるので、建築で使用する際には耐火被覆が必要です。具体的には、耐火材や耐火板などをスチールに吹き付けたり巻き付けたりします。そのため、スチールを用いるときには耐火被覆を施しているのかのチェックをしましょう。

また、スチールは断熱性が低いので、外壁や天井には断熱材を使う必要があるでしょう。外壁にスチールを用いるときには、暑さや寒さの対策を施す必要があります。

加えて、スチールはサビやすいというデメリットがあります。そのため、外気に触れる部分にスチールを取り付けるときには、塗装などの防錆処理が必要になるでしょう。","[""import"",""japanese""]",2026-02-22 11:13:32.875323+00,e1848554-ffae-479c-a8cd-4c0d77b7bed2,2026-03-19 15:55:50.007522+00,0,0,0,2026-03-19 15:55:50.007522+00,0,null,null,null,false,null,null,null,null,true,a8980f57-52e9-46ae-9073-d7aaaf95fc51,null,null,"{""tables"":{""1"":{""rows"":[],""columns"":[]}}}",null,[],null,null
9fce1335-d838-4242-8f9c-ea4b1237c303,あさとい,"한국어설명

1️⃣ あさとい(아사토이)의 기본 뜻

あさとい는 일본어 형용사 **「あざとい(아자토이)」**를
일부러 부드럽거나 귀엽게 발음한 비공식·구어체 표현입니다.

즉,

あさとい = あざとい의 발음 변형 / 애교 섞인 표현

사전에 정식으로 등재된 단어는 아니기 때문에
검색하면 잘 안 나오는 것이 정상입니다.

2️⃣ 원래 단어 あざとい의 의미

**あざとい(아자토이)**는 상황에 따라 긍정·부정이 갈리는 단어예요.

핵심 의미

눈치가 빠르고, 계산적이며,
자신의 매력이나 상황을 영리하게 이용하는 모습

한국어로 옮기면 (문맥별)

약간 부정적:

얄밉게 영리하다

계산이 빠르다

일부러 귀여운 척한다

중립~가벼운 뉘앙스:

센스가 좋다

자기 장점을 잘 안다

3️⃣ 왜 あさとい라고 쓰일까?
🔹 발음이 바뀐 이유

「ざ(자)」 → 「さ(사)」로 바꾸면
👉 더 순하고 귀엽게 들림

SNS, 캐릭터 말투, 팬덤 대화에서 자주 사용

🔹 느낌 차이
표현	느낌
あざとい	계산적, 얄밉다는 뉘앙스가 비교적 강함
あさとい	장난스럽고 귀여운 뉘앙스, 비난 수위 ↓
4️⃣ 실제 사용 예문
🗣️ 예문 1 (장난스럽게)

あの子、ちょっとあさといよね〜
(그 애, 좀 아사토이하지 않아? ㅎㅎ)

→ 귀엽게 계산적인데 미워하긴 어려운 느낌

🗣️ 예문 2 (호의적)

自分の見せ方があさとい
(자기 매력 어필을 되게 잘한다)

5️⃣ 정리 한 줄 요약 ✍️

あさとい는
👉 「あざとい」를 귀엽게 바꾼 비공식 표현으로
👉 ‘영리하게 매력을 쓰는 모습’을
👉 가볍고 장난스럽게 말할 때 사용한다

💡 팁 (기록용으로 쓸 때 이렇게 정리하면 좋아요)

팁

사전 정의로 쓰지 말고 SNS·구어체 표현이라고 명시하기

부정 단어가 아니라 뉘앙스 의존적 표현임을 같이 적기

“귀엽게 계산적인”이라는 완충 표현이 가장 안전함

📌 예시 기록 문장

あさとい: 일본어 구어체 표현. あざとい의 발음 변형으로,
계산적이지만 귀엽거나 장난스럽게 보이는 행동을 묘사할 때 사용됨.

일본어설명

1️⃣ 표기: あさとい vs あざとい (정확한 구분)
✅ 정식 일본어

あざとい

사전에 등재된 형용사

일본인이 “의미 설명”을 할 때 반드시 이 표현 사용

문어체·구어체 모두 사용 가능

⚠️ 비공식 변형

あさとい

사전 미등재

발음을 부드럽게 바꾼 구어·캐릭터 표현

SNS, 팬덤, 장난스러운 대화에서만 사용

👉 정리 한 줄

의미 설명·기록·정의 → あざとい
말투 표현·귀여운 뉘앙스 → あさとい

2️⃣ 일본어로 설명하면 이렇게 말한다 (정석 설명)

일본어에서 あざとい는 보통 아래처럼 설명됩니다.

あざといとは、
自分の立場や魅力を理解した上で、
計算して行動する様子を表す言葉。

조금 더 일상적인 설명은:

ずる賢く見えることもあるが、
世渡りが上手、要領がいいという意味でも使われる。

3️⃣ 일본어 사전식 정의 (정리용)

📘 기록용으로 쓰기 좋은 형태:

あざとい【形容詞】
自分を有利に見せるために、
計算して振る舞うさま。
文脈により、否定的にも肯定的にも使われる。

4️⃣ あさとい는 일본어로 어떻게 설명할까?

일본어 기준으로는 이렇게 설명하면 정확합니다.

あさといは、
「あざとい」を柔らかく・可愛く言い換えた話し言葉。
正式な言葉ではない。

또는 SNS식 설명:

わざと「ざ」を「さ」にして、
キツい印象を和らげた表現。

5️⃣ 뉘앙스 비교 (기록용 표)
표현	일본어 기준
あざとい	정식 / 의미 설명용 / 뉘앙스 명확
あさとい	비공식 / 귀엽게 말한 버전 / 의미 동일
💡 팁 (정리·기록할 때 추천 방식)

팁

표제어는 반드시 あざとい로 적기

あさとい는 “파생 표현”으로 따로 설명하기

“부정적일 수도 있지만, 반드시 나쁜 의미는 아님”을 명시하면 오해 방지됨

📌 추천 정리 예시 (완성본):

あざとい:
자신의 장점이나 상황을 계산하여 행동하는 모습을 뜻하는 일본어 형용사.
문맥에 따라 얄밉게 영리하다는 의미 또는 처세가 능숙하다는 긍정적 의미로도 사용됨.

あさとい:
あざとい를 귀엽고 부드럽게 발음한 비공식 구어 표현.","[""import"",""japanese""]",2026-02-22 11:13:32.875323+00,e1848554-ffae-479c-a8cd-4c0d77b7bed2,2026-03-19 15:55:50.007522+00,0,0,0,2026-03-19 15:55:50.007522+00,0,null,null,null,false,null,null,null,null,true,2680dd15-43d8-402e-a32d-a7ceeeb52bdf,null,null,"{""tables"":{""1"":{""rows"":[],""columns"":[]}}}",null,[],null,null
a104699d-6d20-447f-a25d-efe2cd117728,「くだらない」,"「くだらない」は価値がない、つまらない、意味がない、ばかげているといった意味の形容詞で、「下らない」と書き、元々は上方から江戸へ下ってくる品物（下り物）に対し、それ以外の劣る品物を指した言葉が語源とされ、現在では「取るに足らない」「取るに足りない」様子を表す際に使われます。 
意味のポイント
価値がない、無意味: 「くだらない話」「くだらない冗談」のように、重要性や価値がないことを指します。
つまらない、退屈: 「くだらない映画」のように、面白みがない状態を表します。
ばかげている、愚か: 「くだらないことを言う」のように、常識から外れた言動を指すこともあります。 
語源の由来（一説）
江戸時代、上方（京都・大阪など）から江戸へ送られる品質の良い品物は「下り物（くだりもの）」と呼ばれ、重宝されました。
それに対して、品質が劣るもの、価値がないものを「下らない（くだらない）」と呼んだことが語源とされています。 
類語
つまらない、無意味な、取るに足らない、ばかげた、甲斐ない、だめな。 
例文
「そんなくだらないことに時間を使わないで」。
「くだらない夢ばかり見ていないで、現実を見なさい」。

https://mazii.net/ko-KR/search/word/jako/%E4%B8%8B%E3%82%89%E3%81%AA%E3%81%84

◆ 하찮다; 시시하다; 가치 없다.

下らない本
시시한 책

下らない話をする
시시한 이야기를 하다

下冗談を言う
시답잖은 농담을 하다","[""import"",""japanese""]",2026-02-22 11:13:32.875323+00,e1848554-ffae-479c-a8cd-4c0d77b7bed2,2026-03-19 15:55:50.007522+00,0,0,0,2026-03-19 15:55:50.007522+00,0,null,null,null,false,null,null,null,null,true,207bdd7d-53c6-40f5-b648-4088f3f4fdb9,null,null,"{""tables"":{""1"":{""rows"":[],""columns"":[]}}}",null,[],null,null
a1fbc4ac-7869-4b4f-87f8-0efcf1633f0a,「締める（しめる）」,"「締める（しめる）」は、緩みをなくしてきつくする（ネジ、帯、心）、物事の区切りをつける・まとめる（会計、話、契約）、収縮させる・引き締める（魚、体）、厳しく管理する（規律）、鍵をかける（鍵を締める）など、多様な意味を持つ動詞で、同音異義語の「閉める（戸を閉める）」や「絞める（首を絞める）」とは意味が異なります。 
主な意味と例文
緩みをなくす・固定する:
ネジを締める（強くひねって固定する）
帯を締める（体に巻きつけて固く結ぶ）
元栓を締める（緩まないようにする）
気持ちを引き締める・管理する:
気を締める（緊張する、真剣になる）
新入部員を締める（規律を守らせる、懲らしめる）
区切りをつける・まとめる:
会計を締める（締め切り、精算する）
話を締める（話をまとめる、終わらせる）
契約を締める（契約を結ぶ）
収縮させる・鮮度を保つ:
魚を酢で締める（塩や酢で身を引き締める）
（釣り用語で）魚を急所を打って即死させる（野締め）
施錠する:
鍵を締める（ドアなどに鍵をかける） 
類義語（同音異義語）との違い
閉める（しめる）: 開いていた戸や窓を閉じる、営業を終えるなど、空間をふさぐ、閉鎖する意味。
絞める（しめる）: ひもなどで首などをしめつける、息ができないようにする意味（例：首を絞める、鳥を絞める）。

◆ 죄다.
◆ (緊める) (바싹) 조르다; 죄다; 또, (졸라)매다.

ネクタイを締める
넥타이를 매다

帯を締める
띠를 매다

ボルトで締める
볼트로 죄다

◆ (마음·행동을) 다잡다.

気を締めて掛かる
마음을 다잡고 착수하다

褌を締める
샅바를 질끈 조르다(마음을 다잡다)

◆ 잡죄다; 엄히 단속[감독]하다.

社員を締める
사원을 잡도리[단속]하다

◆ (살림·예산 따위를) 조리차하다; 줄이다.

家計を締める
살림을 조리차하다

毎月の支出を締める
매달의 지출을 줄이다

財布の紐を締める
지갑 끈을 바짝 죄다(돈을 아껴 쓰다)

◆ (閉める로도) 닫다; 잠그다.

戸[窓]を締める
문[창문]을 닫다

栓を締める
고동을 잠그다; 마개를 하다

店を締める
가게를 닫다(가게를 드리다; 폐업하다)

◆ 짜내다.

油を締める
기름을 짜내다

菜種を締めて油を取る
유채를 짜서 기름을 내다

◆ 마감하여 합계를 내다; 결산하다.

帳簿を締める
장부를 마감하(여 합계를 내)다

締めて三万二千円
합계[도합] 3만 2천 엔

締めて幾らですか
합해서 얼마입니까

◆ 거래·교섭·공사 따위의 낙착을 축하하여 손뼉을 치다.

取引のまとまったしるしに手を締めていただきましょう
거래가 성립된 표시로서 손뼉을 쳐 주시기 바랍니다

◆ 절이다.

酢で締める
초절임하다","[""import"",""japanese""]",2026-02-22 11:13:32.875323+00,e1848554-ffae-479c-a8cd-4c0d77b7bed2,2026-03-19 15:55:50.007522+00,0,0,0,2026-03-19 15:55:50.007522+00,0,null,null,null,false,null,null,null,null,true,bd0a30df-4c66-4d52-9c6c-a22210367d42,null,null,"{""tables"":{""1"":{""rows"":[],""columns"":[]}}}",null,[],null,null
a21fa59a-3c3d-473e-a1df-5279db2bca3c,「アイアン」,"「アイアン」は主に鉄そのものや、鉄で作られたゴルフクラブ、さらには家具や建材に使われる素材を指し、ゴルフでは番手ごとに距離を打ち分けるクラブで、初心者にはミスに強いキャビティバックや中空型が推奨されますが、インテリアではロートアイアン（鍛鉄）が使われることもあります。 
ゴルフにおけるアイアン
役割: 100～200ヤード前後の距離を打ち分け、主にグリーンを狙う際に使用するクラブです。
種類（ヘッド形状）:
キャビティバック: 初心者向け。ミスに強く、ボールが上がりやすい。
マッスルバック: 上級者向け。操作性が高いが難易度が高い。
中空: 内部が空洞で、ボールが上がりやすくミスにも強い。
番手: 5番からピッチングウェッジ（PW）までが一般的で、数字が小さいほど飛距離が伸び、大きいほど短くなります。 
素材としてのアイアン（鉄）
特徴: 丈夫で加工しやすく、インテリアやエクステリア（家具、手すり、表札など）で広く使われます。
ロートアイアン: 鉄鉱石に炭素を加えて加熱・加工した「鍛鉄」で、強度と美しいデザイン性が特徴です。 
その他の「アイアン」
ミラーマン: 円谷プロ制作の特撮作品に登場する架空の怪獣。
グローブ・オブ・デス: 金属球の中をバイクで走行する曲芸の日本語名。 
どちらの意味で使われたかによって意味が変わります。
ゴルフ用品を探しているなら: アイアンセット、キャビティアイアン、初心者向けアイアンなどで検索すると良いでしょう。
インテリア用品を探しているなら: アイアン家具、ロートアイアン、アイアン雑貨などで検索すると見つかります。","[""import"",""japanese""]",2026-02-22 11:13:32.875323+00,e1848554-ffae-479c-a8cd-4c0d77b7bed2,2026-03-19 15:55:50.007522+00,0,0,0,2026-03-19 15:55:50.007522+00,0,null,null,null,false,null,null,null,null,true,aa701b9e-544b-482c-b9fa-4b71ac657cc4,null,null,"{""tables"":{""1"":{""rows"":[],""columns"":[]}}}",null,[],null,null
a2c6a0c6-a2ca-4aa1-ba9e-5601fd07d19f,「取り付け（とりつけ）」,"https://youtu.be/VfC-W0zf9BM?si=WkojqrZJrlqDmqln

「取り付け（とりつけ）」とは、機械や器具などを特定の場所や物へ装着・設置することを指し、「設置」「据え付け」と似ていますが、より幅広い物（電化製品、部品など）に使える言葉で、専門的な作業を伴うこともあります。また、金融分野では信用不安から預金者が殺到する「取り付け騒ぎ」を意味したり、常連客が特定の店から商品を買うことを指す場合もあります。 
主な意味
物理的な装着・設置:
エアコン、照明、部品などを壁や天井、他の機器に固定し、使える状態にすること。
例：「エアコンの取り付け」「棚の取り付け」。
（金融用語）取り付け騒ぎ:
銀行などへの信用不安から、預金者が一斉に払い戻しを求める現象（Bank Run）。
（俗語）購入・仕入れ:
いつも同じ店から商品を買うこと、その常連客を指す。 
類語・関連語
設置、据え付け、装着、備え付け、セットアップ、組み込み。 
英語での表現
install, put in, have something installed。 
どのような文脈で使われるか
家電製品の購入・設置（「取り付け工事」など）。
DIYや修理（「自分で取り付ける」「取り付けてもらう」）。
ビジネス（「部品の取り付け」「取り付け費用」）。
歴史・経済（「取り付け騒ぎ」）。

https://mazii.net/ko-KR/search/word/jako/%E5%8F%96%E3%82%8A%E4%BB%98%E3%81%91

◆ 장치; 설치(함).

機械[アンテナ]の取り付け
기계[안테나]의 설치

取り付け料
설치료; 설치 요금

瞬間湯沸かし器の取り付け費用
순간 온수기 설치 비용

◆ (어떤 가게에서) 대놓고 삼; 단골로 삼; 또, 그 가게.

取り付けの店
단골 가게

取り付けの酒屋
단골 술집

◆ 신용을 잃은 은행에 예금주들이 돈을 찾으려고 몰려듦.

取り付け騒ぎ
예금 인출 소동[사태]","[""import"",""japanese""]",2026-02-22 11:13:32.875323+00,e1848554-ffae-479c-a8cd-4c0d77b7bed2,2026-03-19 15:55:50.007522+00,0,0,0,2026-03-19 15:55:50.007522+00,0,null,null,null,false,null,null,null,null,true,ea2890f3-ea7f-4be9-8c39-37c326d4d55d,null,null,"{""tables"":{""1"":{""rows"":[],""columns"":[]}}}",null,[],null,null
a2e000f3-0179-47e1-912b-890b158da683,家賃（やちん）,"家賃（やちん）とは、賃貸物件（アパート・マンションなど）を借りる人が貸主に毎月支払う使用料のことで、収入の25～30%が目安とされ、手取り額で計算することが推奨されますが、地域や物件によって相場は大きく異なり、最近の東京では上昇傾向にあります。 
家賃の目安と計算方法
収入の30%が目安: 一般的に、手取り月収の30%以下が無理のない範囲とされます。
貯蓄を重視するなら: さらに貯蓄をしたい場合は、手取りの25%以下に抑えると良いでしょう。
例: 手取り20万円なら5～6万円、手取り25万円なら6.25万～7.5万円が目安です。 
家賃相場と地域差
全国平均: 2024年調査では全国平均が月額53,135円ですが、地域によって大きく異なります。
東京の現状: 東京23区では家賃が高騰しており、過去最高値を更新しています。 
家賃を抑えるポイント
手取り額で考える: 額面ではなく、税金や社会保険料が引かれた後の手取り額で考えることが重要です。
エリアを広げる: 都心部から少し離れたり、家賃が比較的安価なエリアを選ぶと、良い物件が見つかりやすくなります。 
家賃以外の費用
家賃の他に、管理費・共益費、敷金・礼金、仲介手数料、火災保険料、更新料などがかかることも考慮しましょう。 
家賃についてさらに詳しく知りたい場合は、SUUMO (スーモ)やhomes (ホームズ)などの不動産情報サイトで、お住まいの地域の相場を調べてみてください。

https://ja.wikipedia.org/wiki/%E5%AE%B6%E8%B3%83

家賃（やちん）は、賃貸住宅を始めとする賃貸物件の賃貸借契約に基づく物件の使用における対価のこと。借用者が物件の所持者（管理者）に対して支払うものを指し、通常は通貨で支払われる。

なお、住宅以外の建物の賃料は、単に賃料と呼ばれることが多い。","[""import"",""japanese""]",2026-02-22 11:13:32.875323+00,e1848554-ffae-479c-a8cd-4c0d77b7bed2,2026-03-19 15:55:50.007522+00,0,0,0,2026-03-19 15:55:50.007522+00,0,null,null,null,false,null,null,null,null,true,8fdf3658-8235-4802-84e6-89625c2171bd,null,null,"{""tables"":{""1"":{""rows"":[],""columns"":[]}}}",null,[],null,null