id,title,content,tags,created_at,user_id,updated_at,comment_count,view_count,like_count,last_activity_at,hot_score,deleted_at,deleted_by,deleted_reason,is_deleted,account_key,source_id,source_date,legacy_id,is_hidden,duplicate_of,deleted_scope,delete_note,table_data,attachments,links,import_source,source_filename
c23c65ca-f9c2-4e5d-af0d-e38c0b2840b1,モノボケ,"モノボケとは、身の回りにある「モノ（物体）」を別の何かに見立てて即興で演じたり、ダジャレを言ったりして笑いを取るお笑いの芸（ネタ）のことで、短時間で笑いを誘う一発芸の一種です。お玉杓子を視力検査の遮眼子に見立てるような、小道具を使った「ボケ」が特徴で、「ザ・イロモネア」などの番組で「モノボケ」という名称が広まりました。 
モノボケのポイント
小道具の活用: 1つのアイテムを、全く別のものに見立てて使います。
即興性: 与えられたモノに対して、その場で面白い使い方を考えます。
視点の転換: 普通のモノを、面白い視点や突飛な使い方で表現します。
キャラクター性: 表情や演技でモノのイメージを変化させます。 
具体例
お玉杓子: 目の前に当てて「視力検査！」
扇子や手ぬぐい: 落語家が箸や手紙に見立てるように使う。 
語源・歴史
元々は「小道具ギャグ」と呼ばれていましたが、TBSテレビの『ザ・イロモネア』で「モノボケ」というジャンル名が使われ、広く定着しました。

https://youtu.be/YcdZpZOdPDI?si=cW5ImI2jgRgXYI4p","[""import"",""japanese""]",2026-02-22 09:19:19.524032+00,e1848554-ffae-479c-a8cd-4c0d77b7bed2,2026-03-19 15:55:50.007522+00,0,0,0,2026-03-19 15:55:50.007522+00,0,null,null,null,false,null,null,null,null,true,7d711a96-ab79-4de7-9590-cdbcf558d247,null,null,"{""tables"":{""1"":{""rows"":[],""columns"":[]}}}",null,[],null,null
c2a90164-21f4-4457-8aaa-a7f476840482,「偽り（いつわり）」,"「偽り（いつわり）」とは、真実ではないこと、嘘、作り事、あるいは本物ではない模造品などを指し、事実を意図的に歪めたり隠したりする行為や状態を表す言葉です。漢字の「偽」は「人」と「為」から成り立ち、人が作為的に手を加えて本来の姿を変えることから、上辺を取り繕う、正体を隠すといった意味合いも持ちます。﻿
意味と類語
意味:うそ、作り事、真実ではないこと、本物でないこと。﻿
類語:嘘、虚言（きょげん）、捏造（ねつぞう）、虚偽（きょぎ）、詐欺（さぎ）、作り話、贋造（がんぞう）、不実（ふじつ）など。﻿
「偽る（いつわる）」という動詞﻿
「偽り」の名詞形である「偽る」は、「うそをつく」「ごまかす」「本物ではないものを作る」という意味で使われます。
英語表現の例deceit, falsehood, lie, sham, mendacity など。﻿
用例﻿
「嘘偽り（うそいつわり）のない話」：嘘や偽りのない、本当の話。
「偽りの愛」：本物ではない、作り物の愛。","[""import"",""japanese""]",2026-02-22 09:19:19.524032+00,e1848554-ffae-479c-a8cd-4c0d77b7bed2,2026-03-19 15:55:50.007522+00,0,0,0,2026-03-19 15:55:50.007522+00,0,null,null,null,false,null,null,null,null,true,a57f501a-0e5f-4528-b1c4-1d6fb355b987,null,null,"{""tables"":{""1"":{""rows"":[],""columns"":[]}}}",null,[],null,null
c66a4748-ac4b-4574-92e3-e3f132464a36,「苦手」と「下手」の違いをどう教える？,"「苦手」か「下手」か、誤用はどこから？

初級の学習者からよく「苦手と下手の違いは何ですか？」と質問を受けることがあります。また、「わたしは辛い食べ物が下手です」「わたしは勉強が下手です」といった誤用も耳にします。

英語に訳すと「苦手」も「下手」も「be bad at doing」や「be poor at doing」などになりますが、これだけだと説明が足りませんね。

また「〇〇さんは、人前で話すのが下手です」「同僚の△△さんは、英語が下手です」など、使い方を間違えると意図が伝わらないばかりか、相手を不快にさせてしまう可能性もあり、なかなかにリスキーな用法でもあります。

というわけで、今回はこの2つの使い方の違いや注意点について考えていきたいと思います。

「苦手」と「下手」、その意味と用法を考える
「苦手」とは？「下手」とは？
まずは辞書（明鏡国語辞典）でそれぞれの意味を確認していきましょう。

苦手

①性分が合わなくて、また、対処しにくくて嫌な感じを持つこと。また、そのような相手。例）苦手なチームと対戦する

②得意でないこと。不得手。例）英語の苦手な生徒

下手

①技術や手際が悪くて、物事が巧みに行えないこと。また、その人。また、物事を行った結果としての出来栄えが劣っていること。例）彼は商売が下手だ / 字の下手な人 / 素人だが下手な料理人よりはるかにうまい / 話し下手

②悪い結果を導くような、まずいやり方で物事を行うこと。また、その結果としての物事。例）下手なことは言うものではない / 下手な小細工はやめよ / 下手に動くと出血がひどくなる

というわけで、「苦手」と「下手」で意味のかぶりがあるのは、上記「苦手」の②と「下手」の①ですね。

両方ともスキルや能力が不足しているために、上手くできないことを表しています。

「下手」の②の意味は慣用的な使われ方をしているため、初級学習者が「苦手」と誤用することはなさそうです。

…ということは「苦手」の①「性分が合わなくて、また、対処しにくくて嫌な感じを持つこと。また、そのような相手」の使い方が、「下手」の使い方にはなく、誤用の原因になっているようです。

「苦手」にはあるが「下手」にはない用法は？
前述のとおり「苦手」も「下手」も、スキル的・能力的に問題があり、うまくできない・上手ではないという意味があります。

例文で確認してみましょう。

「わたしは歌を歌うのが下手です」と「わたしは歌を歌うのが苦手です」はほぼ同じ意味で、言い換え可能です。

「田中さんはピアノはうまいが、ドラムは下手だ」と「田中さんはピアノはうまいが、ドラムは苦手だ」も入れ替え可能で、スキル的に低いという意味となります。

一方で「苦手だ」には「①性分が合わなくて、また、対処しにくくて嫌な感じを持つこと」という意味がありました。つまり、「あまり好きではない」「嫌いだ」といった感情面の意味があるのがポイントです。

実際、「私はあの人が苦手だ」「私はピーマンが苦手だ」という文には、嫌だ！生理的に無理だ！といった感情的なものを感じますよね。

これらの文は、「私はあの人が下手だ」「私はピーマンが下手だ」と「下手」と入れ替えると意味が通らなくなります。

「苦手」は感情面にフォーカスするという点で、主観的な表現と言えます。

冒頭の例文「わたしは辛い食べ物が下手です」「わたしは勉強が下手です」も、スキルや能力面ではなく、感情面にフォーカスしているため、「苦手」というべきだったというわけですね。

「苦手」と「下手」を、違う角度から眺めてみる
「苦手」と「下手」の主語にフォーカスすると？
cotoのレッスンでも常連の『GENKI』の第8課に「上手です」と「下手です」の用法が登場します。

別に私はGENKIのテキストに文句を言いたいわけではないのですが、私はここのパートを教えるときにちょっと抵抗感があります。

テキストにはこのような例文が載っています。

「ロバートさんは料理を作るのが上手です」…OK。これはいい。

「たけしさんは英語を話すのが下手です」…文法上は何も間違っていないけど、なんか…たけしさんに失礼！

「わたしは英語を話すのが下手です」「わたしは料理が下手です」はまったく問題がありませんよね。話し手が主語の時は、謙遜した印象を受けます。

でも、「たけしさんは英語を話すのが下手です」「メアリーさんは料理が下手です」といった文からは、相手に対する不遜な印象を受けてしまいますよね。

そのため、私は学生さんには「文法上は間違っていないけど、相手が主語の時は『下手です』は使わないほうがいい」と補足するようにしています。

ここで「たけしさんは英語を話すのが苦手です」「メアリーさんは料理が苦手です」とすると、印象がたいぶマイルドになります。

これは「苦手」に心理面を表す意味があるためだと考えられます。スキルや能力ではなく、「性分が合わなくて」「心理的に嫌で」英語を話すのが上手ではない、料理が得意ではない、というニュアンスに感じられるからでしょう。

相手のスキルが低いことをどうしても言いたいときは「苦手です」を使ったり、「あまり上手じゃないです」や「不得意です」などに言い換えたり、または数値など客観的な評価基準を用いたりして伝えた方が良さそうです。

「苦手」と「下手」、一緒に使う名詞に特徴があるか
「苦手」の「①性分が合わなくて、また、対処しにくくて嫌な感じを持つこと。また、そのような相手」のケースにおいて、今度は一緒に使う名詞を確認したいと思います。

いくつか例文を見てみましょう。

・たけしさんは辛い物が苦手です

・私は声が大きい人が苦手だ

・私はピーマンが苦手だ

・メアリーさんは寒いのが苦手です

・母は騒がしいところが苦手だ

・父はスマホなどのデジタル機器が苦手だ

やはり心理的な特徴がここでもうかがえますね。

例に挙げた苦手の対象となっている名詞（辛い物・声が大きい人・ピーマン・寒いの・騒がしいところ・デジタル機器）は、人によっては好きなものだったり、得意なことだったりと、主観が大きく関わる名詞がくることが多いようです。

「苦手」「下手」の英語訳は、「be bad at doing」？
今回は「苦手」と「下手」の違いと注意点を見てきました。

この2つは初級学習者からよく質問を受ける表現ですし、誤用も散見されます。

「苦手」と「下手」は意味上・用法上の共通点があるものの、「苦手」だけが持つ感情的なニュアンスを押さえないと誤用につながってしまうことがあります。

また、「下手」は主語によって、相手に良くない印象を与えてしまうリスクがあります。

「be bad at doing」や「be poor at doing」の意味のほかに、それぞれの意味や使い方について補足説明ができると安心ですね。

「苦手」と「下手」の違いを学生に聞かれたら、学生にはこう答える！
おさえるべき４つのポイント
「苦手」「下手」ともにスキルが低いことを言う。

「苦手」にはスキルが低い以外に、心理的ハードルがあり「いやだ」「すきじゃない」の意味がある。

「下手」は自分以外の人について言及すると失礼になる（あえて悪口を言いたいなら別ですが…）。

「下手」はスキルにフォーカスのない名詞（勉強、文法、理科・数学などの教科など）には使わない。","[""import"",""japanese""]",2026-02-22 09:19:19.524032+00,e1848554-ffae-479c-a8cd-4c0d77b7bed2,2026-03-19 15:55:50.007522+00,0,0,0,2026-03-19 15:55:50.007522+00,0,null,null,null,false,null,null,null,null,true,2482fe35-9537-48f0-a6f7-265389cf2b3d,null,null,"{""tables"":{""1"":{""rows"":[],""columns"":[]}}}",null,[],null,null
c88d15ef-3514-418f-94e9-1d3ee8f02557,「話題ずらし（わだいずらし）」,"「話題ずらし」とは、議論や会話の途中で、本来の論点やテーマから意図的・無意識的に別の話題にそらす行為で、「論点のすり替え」「話を逸らす」「話をはぐらかす」などとも呼ばれ、建設的な話し合いを妨げる「詭弁」の一種として使われることもあります。具体的には、「Whataboutism（ホワットアバウティズム）」のように「じゃあ○○はどうなんだ？」と別の論点を持ち出したり、相手の主張のトーンや態度を批判して内容から目をそらさせる「トーンポリシング」など、様々なテクニックがあります。 
主な意味と使われ方
論点のすり替え: 本来議論すべきことから意図的に論点をずらすこと。議論を混乱させ、本質的な解決を遠ざけます。
話を逸らす・はぐらかす: 特定の話題を続けたくないときに、別の話題を振って話をそらすこと。
詭弁の一種: 議論を有利に進めるため、あるいは批判を逃れるために使われる話し方のテクニック。 
具体的な例
「Whataboutism（ホワットアバウティズム）」: 批判された際に、「じゃあ、他の人も同じことをしている（しているじゃないか）」と別の問題を持ち出して、自身の問題から目をそらす手口。
トーンポリシング: 相手の主張内容ではなく、話し方や感情的な部分を批判することで、本題から注意をそらす行為。 
対処法（相手が話題をずらしてきた場合）
論点を再確認する: 「今話しているのは〇〇についてですよね？」と元の論点に戻す。
「話を戻します」と伝える: 「それはそれとして、元の〇〇の話に戻りますが…」と明確に伝える。
同意して話題を変える（相手が意図的にずらしたい場合）: 相手の話に一度共感し、「なるほど、それもそうですね。ところで、さっきの〇〇の話ですが…」と自然に繋げる（note）。","[""import"",""japanese""]",2026-02-22 09:19:19.524032+00,e1848554-ffae-479c-a8cd-4c0d77b7bed2,2026-03-19 15:55:50.007522+00,0,0,0,2026-03-19 15:55:50.007522+00,0,null,null,null,false,null,null,null,null,true,310640a8-1e46-45fb-8144-688db821a5ed,null,null,"{""tables"":{""1"":{""rows"":[],""columns"":[]}}}",null,[],null,null
c8a58e5c-fc01-4d48-9ab2-42f001c13acf,シーシャ（水タバコ）,"シーシャ（水タバコ）とは、水パイプという専用器具を使い、香料で味付けされた葉タバコの煙を水にくぐらせて吸引する嗜好品で、中東発祥、水を通すことで煙が冷やされ、やわらかい味わいが特徴、様々なフレーバー（香り）が楽しめ、長時間喫煙可能、日本では20歳以上が対象で、ニコチンを含む製品が一般的です。﻿
シーシャの仕組みと特徴
水パイプ:炭で加熱された煙が水槽（壺）を通る際に、水でろ過・冷却されます。﻿
フレーバー:糖蜜や香料（フルーツ、ミント、スパイスなど）で味付けされたタバコ葉を使用し、甘く豊かな香りが楽しめます。﻿
味わい:水を通すことで、紙タバコよりもマイルドで吸いやすいのが特徴です。﻿
長時間:1回のセットで1時間程度楽しめ、ゆっくりと時間をかけて味わえます。﻿
楽しみ方:フレーバーのミックスや、熱管理による味の変化を研究するなど、奥深い楽しみ方があります。﻿
健康・法律面
健康リスク:一般的なシーシャにはニコチンやタールが含まれ、一酸化炭素も発生するため健康リスクはあります。ノンニコチン製品もあります。﻿
年齢制限:日本では紙巻きタバコと同様の扱いのため、20歳未満の使用・所持は法律で禁止されており、シーシャ店への立ち入りも制限されます。﻿
人気と背景
SNSで話題となり、カフェなどで若者を中心に人気が広がっています。﻿
リラックス効果やストレス軽減、コミュニケーションツールとしても楽しまれています。","[""import"",""japanese""]",2026-02-22 09:19:19.524032+00,e1848554-ffae-479c-a8cd-4c0d77b7bed2,2026-03-19 15:55:50.007522+00,0,0,0,2026-03-19 15:55:50.007522+00,0,null,null,null,false,null,null,null,null,true,e681cf2d-04c2-4d2d-ab5a-47b0b1a5d7b3,null,null,"{""tables"":{""1"":{""rows"":[],""columns"":[]}}}",null,[],null,null
cfc8a998-f6ea-4f6e-b16d-ec1100377678,「崩れる（くずれる）」,"「崩れる（くずれる）」は、まとまっていたものが壊れて落ちる・形がなくなる（崖が崩れる、建物が倒壊する）ことや、計画・体調・陣形などが乱れる・台無しになる（計画が崩れる、体調が崩れる、総崩れになる）といった意味で使われる動詞です。物理的に壊れること、抽象的な物事がダメになることの両方に使われ、類語には「倒壊する」「瓦解する」「乱れる」などがあります。 
主な意味と例文
物理的に崩壊する:
崖が崩れる（がけがくずれる）
塀が崩れる（へいがくずれる）
建物が崩れる（たてものがくずれる）
計画・予定が台無しになる:
計画が崩れる（けいかくがくずれる）: 計画通りに進まなくなること。
予定が崩れる（よていがくずれる）
体調・調子が悪くなる:
体調が崩れる（たいちょうがくずれる）: 健康状態が悪化すること。
天候が崩れる（てんこうがくずれる）: 悪天候になること。
状態・形が乱れる:
髪の毛が崩れる（かみのけがくずれる）: スタイルが乱れること。
陣形が崩れる（じんけいがくずれる）: 戦闘での隊列が乱れること（総崩れ - そうくずれ）。
（比喩的に）精神状態が不安定になる:
精神が崩れる（せいしんがくずれる）。 
関連する言葉
崩壊（ほうかい）: 完全に壊れてバラバラになること。
瓦解（がかい）: 組織や制度などがバラバラに壊れること。
潰れる（つぶれる）: 押しつぶされて形がなくなること（「崩れる」と似ているが、より物理的な圧迫感がある場合も）。","[""import"",""japanese""]",2026-02-22 09:19:19.524032+00,e1848554-ffae-479c-a8cd-4c0d77b7bed2,2026-03-19 15:55:50.007522+00,0,0,0,2026-03-19 15:55:50.007522+00,0,null,null,null,false,null,null,null,null,true,312ec23c-aa21-4ef4-8a94-45f0fe333cd9,null,null,"{""tables"":{""1"":{""rows"":[],""columns"":[]}}}",null,[],null,null
d49fc573-ba3d-4efc-875f-264e8ee1cc55,「擦り合わせ（すり合わせ）」,"「擦り合わせ（すり合わせ）」とは、複数の意見や計画、部品などを互いに調整し、共通の理解や最適な状態にまとめることを指し、ビジネスでは会議で参加者の意見を調整して合意形成する、機械分野では部品の接合面を精密に仕上げる、といった意味で使われます。単に意見をぶつけるのではなく、相互の立場を尊重し、相違点を埋めて歩み寄るニュアンスが重要で、目標達成や機能向上に不可欠な作業です。 
主な意味と使われ方
ビジネス・会議での意見調整:
意味: 自分の主張を押し通すのではなく、関係者全員の意見や要望を出し合い、対立点を解消して共通の目標に向かって合意点（落としどころ）を見つけること。
具体例: プロジェクトの方向性や仕様について、関係部署間で認識のズレがないか確認し、齟齬をなくす話し合い。
機械・製造業での部品調整:
意味: 機械部品の接合面を、互いにぴったりと密着するように精密に研磨・仕上げる作業。
具体例: ガラス器具の接合面や、自動車部品の取り付け面を調整し、流体の漏れを防いだり、高い性能を引き出したりする。 
ニュアンスとポイント
相互尊重: 相手の意見や立場を尊重し、歩み寄る姿勢が基本。
時間と労力: 丁寧なすり合わせは時間がかかり、手戻りが発生することもあるが、結果として品質や機能が向上する。
「擦り合わせ型」開発: 仕様を決めてから一気に作るのではなく、部品を組み合わせながら仕様自体も調整していく開発スタイル。 
関連する言葉
類語: 意見調整、調整、協議、打ち合わせ、歩み寄り。
英語: alignment（意見の調整）、lapping（機械部品の研磨）。","[""import"",""japanese""]",2026-02-22 09:19:19.524032+00,e1848554-ffae-479c-a8cd-4c0d77b7bed2,2026-03-19 15:55:50.007522+00,0,0,0,2026-03-19 15:55:50.007522+00,0,null,null,null,false,null,null,null,null,true,77d46f7a-0bbc-4fbe-a4a0-35dc0fc1bd68,null,null,"{""tables"":{""1"":{""rows"":[],""columns"":[]}}}",null,[],null,null
d6caefc6-1053-4af1-8be9-0e1cb53a3f87,「うんざり」,"「うんざり」とは、何かに飽き飽きして嫌になること、我慢の限界に達して疲れること、期待が外れてガッカリする気持ちなどを表す言葉で、「もうたくさんだ」「もう懲り懲りだ」という気持ちが強く、退屈で気が滅入る状態（倦怠感）を指します。愚痴が多い人や自己中心的でしつこい人、マウントを取ってくる人など、人間関係でうんざりさせられることも多く、「うんざりするほどだ」のように使われます。 
主な意味とニュアンス
飽き飽きする、退屈: 同じことの繰り返しで、もうやりたくない、見たくない、聞きたくない状態。
嫌悪感・不快感: 我慢できないほど嫌悪感や不快感を抱くこと。生理的な嫌悪感に近い場合も。
疲労感・気力喪失: 精神的な疲労で、それ以上何もする気力がない状態。 
例文
「毎日の残業にうんざりする」
「彼のしつこい自慢話にうんざりした」
「この単調な作業にはもううんざりだ」
類語
飽き飽きする
（もう）たくさんだ
（もう）勘弁してほしい
（もう）こりごりだ
げんなりする 
どんな時に使う？
人間関係で疲れた時（例：愚痴ばかり言う友人）
仕事や勉強で同じことの繰り返しで飽きた時
期待していたことが裏切られてがっかりした時（例：期待外れのイベント）
特定の人物の言動がしつこくて不快な時
「うんざり」は、単なる「嫌い」よりも、「もう十分すぎるほど嫌で、嫌気がさして疲弊している」という強い感情を示す表現です。","[""import"",""japanese""]",2026-02-22 09:19:19.524032+00,e1848554-ffae-479c-a8cd-4c0d77b7bed2,2026-03-19 15:55:50.007522+00,0,0,0,2026-03-19 15:55:50.007522+00,0,null,null,null,false,null,null,null,null,true,fdad0833-8626-46b8-b6dd-a97cbdb6cfed,null,null,"{""tables"":{""1"":{""rows"":[],""columns"":[]}}}",null,[],null,null
d730afd0-f8ce-4878-b6bc-c7c0d25079f2,「向き合い（むきあう）」,"「向き合い（むきあう）」とは、自分自身や他者、あるいは問題・課題などに対して、目をそらさずに正面から向き合い、真剣に取り組む・対峙するという意味で、「自分と向き合う（本心を知る）」、「問題に向き合う（対処する）」のように使われ、状況や対象によって「誠実に取り組む」「対峙する」「受け止める」といったニュアンスを含みます。 
主な意味と使い方
自分自身と向き合う:
自分の本心、感情、願望に耳を傾け、正直に受け止めること。
他人の意見や世間体を気にせず、「本当はどうしたいのか」を自分に問いかけること。
例文: 「ストレスと向き合い、ポジティブになりたい」
問題・課題などと向き合う:
困難な状況や課題に対して、逃げずに真剣に対処すること。
類語: 立ち向かう、取り組む、対処する、解決に努める。
例文: 「この問題に真剣に向き合うべきだ」
相手・状況と向き合う:
相手の立場になって真剣に話を聞く、誠実に対応すること（「真摯に向き合う」）。
類語: 対峙する、相対する。
例文: 「クライアントの要望に真摯に向き合う」 
「向き合う」ためのポイント
環境を整える: 一人で集中できる静かな場所で、自分の気持ちに耳を傾ける。
感情を受け入れる: 辛い感情でも否定せず、「今はそう感じている」と素直に認める。
焦らない: すぐに答えを出そうとせず、時間をかけて自分を感じ、理解しようとする姿勢が大切。","[""import"",""japanese""]",2026-02-22 09:19:19.524032+00,e1848554-ffae-479c-a8cd-4c0d77b7bed2,2026-03-19 15:55:50.007522+00,0,0,0,2026-03-19 15:55:50.007522+00,0,null,null,null,false,null,null,null,null,true,163be955-8801-46f8-a121-2cff128c45a2,null,null,"{""tables"":{""1"":{""rows"":[],""columns"":[]}}}",null,[],null,null
d9ea48f7-6d0a-482b-885d-31ff94d805e3,「定まらない（さだまらない）」,"「定まらない」とは、物事の方向性、状態、心（気持ち）、焦点などがはっきりせず、ぐらぐらして落ち着かない、決まらない、一貫性がない状態を指し、文脈によって「話がまとまらない」「腰が据わらない」「心が揺れ動く」「焦点が合わない」などの意味合いで使われます。 
主な使われ方と類語
内容・話などがはっきりしない場合:
「とりとめのない」「一貫性がない」「まとまりがない」「焦点が定まらない」
例：「話の筋が定まらない」「内容が定まらない」
姿勢・態度などが不安定な場合:
「腰が据わらない」「足元が定まらない」「ふらつく」「ぶれる」
例：「腰が定まらない」「態度が定まらない」
心・気持ちが揺れ動く場合:
「心が定まらない」「移り気」「飽きっぽい」「気が多い」
例：「心が定まらない」「彼の心は定まらない」
物理的な状態が不安定な場合:
「揺れ動く」「安定しない」「ブレる」「ピンボケになる」
例：「写真のピントが定まらない」「焦点が定まらない」 
「定まらない」のポイント
「定める」の否定: 「決める」「固定する」という意味の動詞「定める」の未然形＋「ない」で、「（何かが）決まっていない」「固定されていない」状態を表します。
文脈で意味が変わる: 何が「定まらない」のか（話、心、姿勢、物理的焦点など）によって、ニュアンスや適切な言い換えが変わるのが特徴です。
もし具体的な文脈があれば、より的確な表現や意味を説明できます。","[""import"",""japanese""]",2026-02-22 09:19:19.524032+00,e1848554-ffae-479c-a8cd-4c0d77b7bed2,2026-03-19 15:55:50.007522+00,0,0,0,2026-03-19 15:55:50.007522+00,0,null,null,null,false,null,null,null,null,true,d31cd42b-f4e3-4901-9c8d-b8087e4127f4,null,null,"{""tables"":{""1"":{""rows"":[],""columns"":[]}}}",null,[],null,null
dc89624d-fe5a-4aa3-8963-25cb9f0c6bd1,「飽き飽き（あきあき）」,"「飽き飽き（あきあき）」とは、何かが多すぎたり、同じことが長く続いたりして、すっかり嫌になったり、うんざりしたりする状態を指します。単に「飽きた」よりも、疲労感や倦怠感を伴い、それ以上はもうしたくない、見たくない、聞きたくないといった強い嫌悪感を表す言葉です。 
意味と使い方
状態を表す副詞：「飽き飽きする」「飽き飽きだ」のように使われます。
例文:
「彼の長話には飽き飽きした」
「同じことの繰り返しで、仕事に飽き飽きだ」
「レストランの食事にはもう飽き飽きしている」
類語: ウンザリ、ゲンナリ、食傷（しょくしょう）、うんざりする、嫌になる、退屈する。 
ポイント
「飽きる」の程度が非常に進んだ状態（「飽ききる」に近い）です。
単なる興味の喪失だけでなく、精神的な疲労感を伴うのが特徴です。","[""import"",""japanese""]",2026-02-22 09:19:19.524032+00,e1848554-ffae-479c-a8cd-4c0d77b7bed2,2026-03-19 15:55:50.007522+00,0,0,0,2026-03-19 15:55:50.007522+00,0,null,null,null,false,null,null,null,null,true,ebe24a76-a51f-4c0b-83b3-f58a64b48bf7,null,null,"{""tables"":{""1"":{""rows"":[],""columns"":[]}}}",null,[],null,null
dcaf524c-8e4b-41ae-82e1-e8f939e4e2b5,「繋ぎ（つなぎ）」,"「繋ぎ（つなぎ）」は、上着とズボンが一体になった服（オールインワン、オーバーオール、ジャンプスーツなど）を指すのが一般的で、作業着として汚れ防止や動きやすさを目的としますが、ファッションアイテムとしても使われます。また、「つなぐ」という動作や、その間を埋めるもの（繋ぎの仕事、顔繋ぎ）を指す場合もあります。 
主な意味
作業着・衣服:
上着とズボンが縫い合わされた一枚の服。
別名：オールインワン、オーバーオール、ジャンプスーツ、カバーオールなど。
用途：作業効率向上、安全性確保（汚れ防止、怪我防止）。
素材：デニム、キャンバスなど丈夫な生地が使われる。
動作・役割:
「つなぐ」こと、またはそのためのもの。
「繋ぎの仕事」：次の仕事が始まるまでの間を埋めるための仕事。
「顔繋ぎ」：人との関係をつなぐこと。 
関連する言葉
続服（つづきふく）: 「つなぎ」の別表記。
コンビネゾン: 女性のファッションで使われる、つなぎタイプの服。 
このように、「繋ぎ」は文脈によって「一体型の服」または「何かをつなぐ行為やもの」を意味します。","[""import"",""japanese""]",2026-02-22 09:19:19.524032+00,e1848554-ffae-479c-a8cd-4c0d77b7bed2,2026-03-19 15:55:50.007522+00,0,0,0,2026-03-19 15:55:50.007522+00,0,null,null,null,false,null,null,null,null,true,fd1451a0-4ef2-4033-a221-b0f01eb72976,null,null,"{""tables"":{""1"":{""rows"":[],""columns"":[]}}}",null,[],null,null
df9bd05f-8b4b-46e7-a8a5-bcf4350b0e00,「逸らす（そらす）」,"「逸らす（そらす）」とは、視線や話題、注意などを本来向けるべき方向や目標から別の方向へ向けたり、はぐらかしたりすることを指し、目を逸らす、話を逸らす、狙いを逸らすなどの使い方があり、またボールなどを逃がすという意味や、気分を害する（多くは打消しで「人を逸らさない」のように使う）意味もあります。似た漢字に「反らす（そらす）」がありますが、こちらは弓なりに曲げる意味で、視線などには「逸らす」が適切です。 
主な意味と使い方
方向・視線などを変える:
目を逸らす: 相手の目を見ないように視線をそちらへ向ける。
話を逸らす: 会話の内容を別の話題に変える、はぐらかす。
狙いを逸らす: 狙っていた目標から注意や焦点を外す。
例: 「彼はその質問を巧みに逸らした」。
（目標を）逃がす・取り逃がす:
とらえそこねる、のがす。
例: 「ボールを逸らしてしまった」。
（人を）不快にさせる（主に打消しで）:
相手の機嫌を損ねる、不快にさせないようにする際に使う。
例: 「彼の対応は誰をも逸らさない（＝不快にさせない）」。 
「逸らす」と「反らす」の違い
逸らす（そらす）: 目標から外す、別の方向へ向ける（視線、話題など）。
反らす（そらす）: 弓のように曲げる（体を反らす、背中を反らすなど）。 
日常会話では「そらす」と発音しても、文脈に応じて「逸らす」と「反らす」を使い分けることが重要です。

目を逸らす：시선을 딴 데로 돌리다、외면하다.

To turn away、to avert
To turn away (one's eyes, face, etc.)、to avert、to divert (e.g. one's attention)、to evade (e.g. a question)、to change (e.g. the subject)
To displease、to annoy、to offend、to upset
To miss (the target, ball, etc.)","[""import"",""japanese""]",2026-02-22 09:19:19.524032+00,e1848554-ffae-479c-a8cd-4c0d77b7bed2,2026-03-19 15:55:50.007522+00,0,0,0,2026-03-19 15:55:50.007522+00,0,null,null,null,false,null,null,null,null,true,93a6391f-3740-49df-91a6-3d20df0b340e,null,null,"{""tables"":{""1"":{""rows"":[],""columns"":[]}}}",null,[],null,null
e000b5ed-32cf-4339-a650-8c37c97990df,「食う訳じゃない」,"「食う訳じゃない」は、「（必ずしも）食べるという意味ではない」「そういうつもり（意図）ではない」というニュアンスで使われ、「食べたり生活に困るほどではない」「（単に）食べるためだけじゃない」などの文脈で使われます。例えば、「仕事は忙しいけど、食う訳じゃない」なら「生活のためだけじゃない（他に目的がある）」、「これはお菓子だけど、おやつとして食う訳じゃない（何か別の意味がある）」といった感じです。 
主な意味と使い方
「食べる」ことそのものではない、別の意図がある場合:
例：「この話は、ただの噂話として食う訳じゃないんだよ。」（単なる噂話として流す意図ではない）
生活のため、という意味合いが薄い場合:
例：「別に金のためだけにやってるわけじゃなくて、食う訳じゃないし。」（生活のため、というだけではない）
比喩的な表現（「割を食う」「強敵を食う」など）の否定:
「割を食う」のように、損をするとか、他人の利益を奪うといったネガティブな意味を否定する場合にも使われますが、文脈が重要です。 
類似表現
「～というわけじゃない」: 「It's not that...」や「It's not like...」といった英語表現で、「～というわけではないけど…」と続くことが多いです。
「食べる」の口語表現: 「食う」は「食べる」のくだけた言い方で、「腹が減る」「食事をする」といった意味で使われます。 
「食う訳じゃない」は、文字通り「食べる」という意味から派生して、「（単に）～という意味ではない」「そういうつもりで言っているのではない」と、否定や言い換えのニュアンスを伝える表現として使われることが多いです。

https://youtu.be/YZUij1EaHJw?si=VdBPgwT7LyyXp5ru","[""import"",""japanese""]",2026-02-22 09:19:19.524032+00,e1848554-ffae-479c-a8cd-4c0d77b7bed2,2026-03-19 15:55:50.007522+00,0,0,0,2026-03-19 15:55:50.007522+00,0,null,null,null,false,null,null,null,null,true,bf475a18-94bf-4c97-b5d8-ff3a9e756a70,null,null,"{""tables"":{""1"":{""rows"":[],""columns"":[]}}}",null,[],null,null
e25a58b1-7f64-4d22-93e8-4ac6870dc100,「差し上げ（さしあげ）」,"「差し上げ（さしあげ）」は主に「与える」「やる」の謙譲語で、目上の人に何かを差し出す・提供する際に使う敬語表現（例：「プレゼントを差し上げます」）。また、動詞の連用形に付いて「〜してあげる」のより丁寧な表現（例：「ご連絡差し上げます」）としても使われ、相手への深い敬意を示すが、使い方によっては押し付けがましく聞こえる場合もあるので注意が必要。 
「差し上げる」の主な意味と使い方
「与える」「やる」の謙譲語（最も一般的）
自分から相手に物を渡す、何かを提供する行為に使う。
例文: 「資料をお差し上げます」「お土産を差し上げます」。
補助動詞として（「〜て差し上げる」）
「〜してあげる」よりも相手への敬意を強調する。
例文: 「お電話を差し上げます」「お手伝いさせて差し上げます」。
本来の意味（文語）
（「さしあげる」）手を持ち上げて高く上げる、声を高くする、といった物理的な動作。 
ビジネスシーンでの注意点
相手への配慮: 「ご連絡差し上げます」は丁寧だが、自分の都合で連絡する場合、「（私の都合で）連絡してあげる」というニュアンスで高圧的に聞こえる可能性があるため、目上の人には「追ってご連絡いたします」など別の表現が良い場合も。
適切な使用: 相手にメリットがあることを期待する場面（記念品など）では使えるが、正当な対価（お金など）を渡す際に「差し上げます」を使うと、上から目線で失礼になることがあるので避ける。","[""import"",""japanese""]",2026-02-22 09:19:19.524032+00,e1848554-ffae-479c-a8cd-4c0d77b7bed2,2026-03-19 15:55:50.007522+00,0,0,0,2026-03-19 15:55:50.007522+00,0,null,null,null,false,null,null,null,null,true,896cc544-064f-47af-8b8e-e857a859779b,null,null,"{""tables"":{""1"":{""rows"":[],""columns"":[]}}}",null,[],null,null
e67bc060-f1dd-4148-b430-cc70c548a1f8,「手を繋ぎたい（てをつなぎたい）」,"「手を繋ぎたい」と感じているなら、相手への好意や関係を進展させたい気持ちの表れで、相手も嬉しいと感じる場合が多いです。マイナビウーマン Oggi.jp 待ち合わせ、人混み、階段など自然な流れで、「手を繋いでもいい？」と聞くか、さりげなく手を差し出すのがおすすめです。Oggi.jp PressWalker 楽天ぐるなび 相手の反応を見ながら、無理強いせず、ハンドケアにも気を配ると良いでしょう。Oggi.jp Anny（アニー） 
手を繋ぎたい心理
好意のサイン: 相手に好意があり、もっと親密になりたい、関係を進めたいという気持ちの表れです。Oggi.jp marouge.jp
安心感と信頼: 手を繋ぐことでオキシトシンというホルモンが分泌され、安心感や信頼感が深まります。結婚相談所「パートナーエージェント」 PressWalker
相手の気持ちの確認: 相手が自分をどう思っているか、気持ちを確かめたいという心理もあります。marouge.jp 
手を繋ぐおすすめのタイミングと方法
待ち合わせ・別れ際: 合流した時や帰り道は自然に手を繋ぎやすいタイミングです。Oggi.jp 楽天ぐるなび
人混み・階段: はぐれないように、または階段を降りる際にサポートする形で繋ぐと自然です。PressWalker 楽天ぐるなび
寒い時: 「寒いね」と声をかけ、手を温めるように繋ぐのも良いでしょう。Anny（アニー）
言葉で伝える: 「手を繋ぎたいな」とストレートに伝えるのも効果的。相手も嬉しいと感じることが多いです。マイナビウーマン","[""import"",""japanese""]",2026-02-22 09:19:19.524032+00,e1848554-ffae-479c-a8cd-4c0d77b7bed2,2026-03-19 15:55:50.007522+00,0,0,0,2026-03-19 15:55:50.007522+00,0,null,null,null,false,null,null,null,null,true,4645d669-d696-46ed-aa98-afd24475b683,null,null,"{""tables"":{""1"":{""rows"":[],""columns"":[]}}}",null,[],null,null
ee9ad321-ca80-4c78-8c6c-da1830fe0e6e,「支払い（しはらい）」,"「支払い（しはらい）」とは、商品やサービスの対価として金銭や財産上の利益を支払う行為・方法のことで、現金、クレジットカード、電子マネー、銀行振込、キャリア決済など様々な手段があります。支払いは「決済（けっさい）」とも呼ばれ、オンライン・オフライン問わず、経済取引において非常に基本的な概念です。 
主な支払い方法
オフライン（実店舗など）: 現金、代金引換（着払い）、コンビニ決済。
オンライン（ネット通販など）:
クレジットカード: 後払い、分割払いなど。
電子マネー・QRコード決済: Suica, PayPay, LINE Payなど。
キャリア決済: ドコモ払い、auかんたん決済など。
銀行ネット決済・ペイジー: ネットバンキングから直接支払う。
ウォレット決済: Google Pay, Apple Payなど。
コンビニ決済: ネットで注文後、コンビニで支払う。 
関連する用語
決済 (けっさい): 支払いを完了させる手続きや行為。商品・サービスと代金が交換されること。
弁済 (べんさい): 債務（借金など）を履行して支払うこと。
支払誓約書: 金銭の支払いを約束し、その意思を示す書類（借用書など）。 
使い方（例）
「支払いを済ませる」：お金を払う手続きを完了させる。
「お支払い方法を確認する」：どんな方法で払えるか、設定されているかを見る（例: Google Payの設定画面）。","[""import"",""japanese""]",2026-02-22 09:19:19.524032+00,e1848554-ffae-479c-a8cd-4c0d77b7bed2,2026-03-19 15:55:50.007522+00,0,0,0,2026-03-19 15:55:50.007522+00,0,null,null,null,false,null,null,null,null,true,c10dd849-f7a7-46b1-9e11-811bc42d71a8,null,null,"{""tables"":{""1"":{""rows"":[],""columns"":[]}}}",null,[],null,null
ef2874e9-b1fa-475c-a668-972bbc1d797e,「抱く（だく・いだく）」,"「抱く（だく・いだく）」は「腕で抱きしめる」という物理的な意味と、「心に抱く（思う、持つ）」という抽象的な意味があり、「だく」は主に物理的、「いだく」は主に抽象的な感情や考え（希望、疑問など）に使われ、より改まった印象を与えますが、「だく」は「いだく」が変化した形でもあります。 
主な意味と使い方
抱く (だく):
物理的に抱きしめる: 赤ちゃんを抱く、ぬいぐるみと抱き合うなど。
例: 「赤ちゃんを抱く（だく）」。
抱く (いだく):
抽象的な感情や考えを持つ: 疑問をいだく、希望をいだく、殺意をいだくなど。
文語的で改まった表現。
例: 「不信感をいだく」「大志をいだく」。
抱える (かかえる):
「抱く」と似ていますが、何かを抱え持っている状態（例: 荷物を抱える）や、問題（例: 悩みを抱える）など、より「持っている」「背負っている」ニュアンスが強いです。 
まとめ
読み方 	主な意味	用例
だく	物理的に抱きしめる、ハグする	「子供を抱く」「腕で抱く」
いだく	抽象的な感情・考えを持つ（心に抱く）	「希望をいだく」「疑問をいだく」
かかえる	抱え持つ、抱え込む（物理・抽象）	「荷物を抱える」「悩みを抱える」
「抱く（だく）」は「いだく」の音変化（語頭音消失）であり、基本的には同じ意味ですが、現代では使い分けがされています。

◆ (껴)안다; 보듬다.（いだく）

幼子を胸に抱く
아기를 가슴에 안다

◆ (마음속에) 품다.（いだく）

大きな理想を抱く
큰 이상을 품다

誰も疑問を抱かない
아무도 의문을 품지 않는다

◆ (껴안듯이) 둘러싸다.（いだく）

自然の懐に抱かれる
자연의 품에 안기다

◆ (팔·가슴에) 안다.（だく）

子供を抱く
어린아이를 안다

人形を抱いて寝る
인형을 안고 자다

抱き合って喜ぶ
서로 껴안고 기뻐하다

◆ 마음속에 품다.

不穏な考えを抱く
불온한 생각을 품다

◆ 이성과 동침하다.
◆ 다른 사람을 죄에 빠뜨리다.","[""import"",""japanese""]",2026-02-22 09:19:19.524032+00,e1848554-ffae-479c-a8cd-4c0d77b7bed2,2026-03-19 15:55:50.007522+00,0,0,0,2026-03-19 15:55:50.007522+00,0,null,null,null,false,null,null,null,null,true,ba1a921a-b150-4fe8-9067-554bf1d71db7,null,null,"{""tables"":{""1"":{""rows"":[],""columns"":[]}}}",null,[],null,null
f5c75381-5c91-46c9-84af-4da4c18eb30a,「面倒を見る（めんどうをみる）」,"「面倒を見る（めんどうをみる）」とは、人の世話をしたり、気を配って助けたりすることで、「世話をする」「ケアする」「< 手助けする」といった意味があり、子供の世話、ペットの世話、老親の世話など、さまざまな場面で使われますが、目上の人には「お世話になります」のように表現するのが適切です。﻿
意味と使い方
世話・介護:病人や高齢者、子供などを保護し、身の回りの世話をすること。「両親の面倒を見る」「子供の面倒を見る」のように使います。﻿
サポート・手助け:困っている人や、自分では難しいことを助けてあげること。「旅行中、友達が犬の面倒を見てくれた」「会社の経理の面倒を見る」など。﻿
「面倒」の語源:手数がかかってやっかいなこと（例：面倒な仕事）と、他人の世話（例：面倒をかける）の2つの意味があり、この場合は後者の「世話」の意味です。﻿
類語・言い換え表現
世話をする（せわをする）
世話を焼く（せわをやく）
手助けする（てだすけする）
ケアする（けあする）
介抱する（かいほうする）
（目上の人に対して）お世話になる（おせわになる）﻿
例文
「母が病気なので、しばらく私が面倒を見ます。」（世話をする）﻿
「彼はいつも後輩の面倒を見てくれる、面倒見の良い先輩だ。」（手助け・指導する）﻿
「旅行に行く間、実家に猫の面倒を見てほしいと頼んだ。」（ペットの世話）

Netflix　クレヨンしんちゃん:オラたちの恐竜日記","[""import"",""japanese""]",2026-02-22 09:19:19.524032+00,e1848554-ffae-479c-a8cd-4c0d77b7bed2,2026-03-19 15:55:50.007522+00,0,0,0,2026-03-19 15:55:50.007522+00,0,null,null,null,false,null,null,null,null,true,ee595769-9696-4e0e-aab8-44904d0f8791,null,null,"{""tables"":{""1"":{""rows"":[],""columns"":[]}}}",null,[],null,null
f7387146-2dff-49d5-b25f-10b1e6d0238e,「はぐらかす」,"「はぐらかす」とは、相手の追及や質問から逃れるために、わざと話をそらしたり、曖昧な返事をしたりして、核心に触れさせないようにごまかす行為を指します。英語では ""dodge a question"" や ""sidestep an issue"" などと表現され、「煙に巻く」「お茶を濁す」「話を逸らす」といった類語があります。 
具体的な使い方とニュアンス
話を逸らす・話題を変える: 相手の関心を別の方向へ向けさせる意図があります。
例：「あの質問ははぐらかしておこう」
核心をぼかす・ごまかす: はっきりした答えを避け、曖昧な態度でごまかす感じです。
例：「責任を追及されても、彼はうまくはぐらかした。」
「はぐらかされる」: 受け身の形で使われ、相手にうまくかわされたり、まともに取り合ってもらえなかったりする状況です。 
類語
ごまかす: 広く「本質を隠す」「欺く」意味で使われます。
いなす・あしらう: 相手の言葉や要求を軽く受け流す、軽く扱うニュアンス。
煙に巻く: 相手を混乱させて、真実から目をそらすようにする。 
要するに、「はぐらかす」は、追及をかわし、問題をぼかし、うまく逃れるためのテクニックといったニュアンスを持つ言葉です。","[""import"",""japanese""]",2026-02-22 09:19:19.524032+00,e1848554-ffae-479c-a8cd-4c0d77b7bed2,2026-03-19 15:55:50.007522+00,0,0,0,2026-03-19 15:55:50.007522+00,0,null,null,null,false,null,null,null,null,true,b7087d4e-84c0-4175-b153-804b24634ffb,null,null,"{""tables"":{""1"":{""rows"":[],""columns"":[]}}}",null,[],null,null
f87d8144-9665-4ecd-9ffd-d7444c79a450,「汚い（きたない）」,"「汚い（きたない）」は、物理的に汚れている状態（不潔、不浄）、見た目が乱雑で不快な様子（むさくるしい）、道徳的・精神的に卑劣であること（下品、意地汚い）など、さまざまな「汚れ」や「不快感」を表す日本語の形容詞です。英語では主に ""dirty""、""filthy""、""messy"" などが使われ、文脈によって「汚い」のニュアンスが異なりますが、「汚い」は物理的な汚れだけでなく、比喩的な意味でも広く使われる万能な言葉です。 
主な意味と使い方
物理的な汚れ: 泥が付いている、シミがある、不潔な状態。「部屋が汚い」「手が汚い」など。
不潔・不浄: 衛生状態が悪い、不浄なもの。「不潔」「不浄」などと言い換えられます。
見た目の乱雑さ: 散らかっている、みすぼらしい状態。「むさくるしい」「乱雑」など。
比喩的な汚れ:
精神・道徳: 卑劣な手段、意地汚いこと。「汚い手を使う」「汚い言葉」など。
言葉遣い: 下品な言葉、暴言。「汚い言葉」。 
英語での表現例
dirty: 最も一般的。「My room is so dirty.（部屋がとても汚い）」。
filthy: 非常に汚れている、ひどく汚い。「filthy language（汚い言葉）」。
messy: 散らかっている、乱雑。「messy room（散らかった部屋）」。
sordid: 陰惨で汚い、道徳的に堕落した場所や状況。 
類語（日本語）
不潔、不浄、不衛生、穢れた。
むさくるしい、小汚い、薄汚い、汚らしい。
みすぼらしい、ぼろい。
意地汚い、卑劣、下品。","[""import"",""japanese""]",2026-02-22 09:19:19.524032+00,e1848554-ffae-479c-a8cd-4c0d77b7bed2,2026-03-19 15:55:50.007522+00,0,0,0,2026-03-19 15:55:50.007522+00,0,null,null,null,false,null,null,null,null,true,893b5c71-8974-4905-91d2-9af6a63fc0d9,null,null,"{""tables"":{""1"":{""rows"":[],""columns"":[]}}}",null,[],null,null
fb99fe98-97a1-40a0-b387-82e914570e80,日本語漢字,"唾（つば）：침,타액
水（みず）：물
爪（つめ）：손톱
準備（じゅんび）：준비
汗（あせ）：땀
叫び（さけび）：외침、부르짖음、큰소리를 냄、외치는 소리
側：옆,측면
理屈（りくつ）：도리、이치
無理（むり）：무리
全部（ぜんぶ）：전부
失敗（しっぱい）：실패
成功（せいこう）：성공
嫉妬（しっと）：질투","[""import"",""japanese""]",2026-02-22 09:19:19.524032+00,e1848554-ffae-479c-a8cd-4c0d77b7bed2,2026-03-19 15:55:50.007522+00,0,0,0,2026-03-19 15:55:50.007522+00,0,null,null,null,false,null,null,null,null,true,a987db39-c6b2-4ec4-b348-81c9c2724097,null,null,"{""tables"":{""1"":{""rows"":[],""columns"":[]}}}",null,[],null,null
fd5afa92-b013-44a6-87bd-d5a0e7382279,「思い出」（おもいで）,"「思い出」（おもいで、추억）とは、過去の体験や出来事を心に思い浮かべること、またはその内容そのものを指し、人生を豊かにし、今の自分を形成し未来への道しるべとなるかけがえのない宝物です。感情を伴う特別な記憶を指す場合は「想い出」と表記されることもあり、ノスタルジーや郷愁といった感情と結びつき、「思い出の品」のようにそれを想起させる物事も含まれます。 
「思い出」の主な意味と特徴
記憶の内容: 過去の出来事を想起し、心に浮かべること。
感情との結びつき: 喜びや悲しみ、懐かしさなど、様々な感情を伴うことが多い。
自己形成: 現在の自分を形作り、未来への指針となる。
「記憶」との違い: 「記憶」が客観的な情報であるのに対し、「思い出」は主観的で感情が加わる。
「想い出」との使い分け: 感情を込めて強調したい時に「想い出」と書くことがある。 
関連する言葉
類語: 追憶、懐古、郷愁、ノスタルジア。
英語: Memory, Recollection, Reminiscenceなど。
表現: 「思い出にふける」「一生の思い出」など、様々な表現で使われる。 
具体的な例
「学生時代の思い出を語る」
「この音楽を聴くと楽しい思い出がよみがえってくる」
「高校生活は私にとって一生の思い出です」","[""import"",""japanese""]",2026-02-22 09:19:19.524032+00,e1848554-ffae-479c-a8cd-4c0d77b7bed2,2026-03-19 15:55:50.007522+00,0,0,0,2026-03-19 15:55:50.007522+00,0,null,null,null,false,null,null,null,null,true,c3550c73-6eb7-4d53-a449-1e84dc8524e6,null,null,"{""tables"":{""1"":{""rows"":[],""columns"":[]}}}",null,[],null,null
fdd73731-9ac2-4296-bc39-69bdc6a8abfd,「界隈（かいわい）」,"「界隈（かいわい）」は元々「その辺り一帯、近辺」を指す言葉ですが、近年、Z世代を中心に「共通の趣味・価値観・境遇・業界などを持つ人々の集まり（コミュニティ）」を指す言葉としてSNSなどで広く使われています（例：「オタク界隈」「自然界隈」「#風呂キャンセル界隈」など）。これは、特定のジャンルやコンテンツ、ライフスタイルを共有する「仲間」を意味する、ゆるやかなネットワークを表す言葉として使われ、2024年の新語・流行語大賞にもノミネートされました。 
「界隈」の2つの主な意味
本来の意味（地域）: 特定の場所やその周辺地域を指します（例：銀座界隈、渋谷界隈）。
現代的な意味（コミュニティ）:
特定のジャンル・趣味: アニメ、アイドル、ファッション、推し活など、共通の関心を持つ人々。
価値観・ライフスタイル: 「風呂キャンセル界隈」のように、ある特定の行動や考え方を持つ人々。
SNSでの繋がり: 共通の話題でつながる、ゆるやかなファンダム（ファンコミュニティ）。 
使われ方の特徴
「○○界隈」の形: 「○○」の部分に趣味や事柄が入ります。
仲間意識: ポジティブな意味で「同じ趣味の仲間」を表す。
Z世代の言葉: SNSで頻繁に使われ、共感や居場所を求めるZ世代の心理を反映。 
例
「私はアイドルオタク界隈にいます。」（アイドルファンコミュニティに属している）
「最近、○○というブランドの界隈で話題になっている。」（そのブランドのファン層の間で話題）","[""import"",""japanese""]",2026-02-22 09:19:19.524032+00,e1848554-ffae-479c-a8cd-4c0d77b7bed2,2026-03-19 15:55:50.007522+00,0,0,0,2026-03-19 15:55:50.007522+00,0,null,null,null,false,null,null,null,null,true,fbfeef31-ed9c-460c-8757-d5b5a57e6e00,null,null,"{""tables"":{""1"":{""rows"":[],""columns"":[]}}}",null,[],null,null
fe0cb096-2fd2-456a-a113-33adf70f1ae7,「湧き上がる（わきあがる）」,"https://youtu.be/9B1izCJwtmM?si=uAU09YRVmtL4uMX_

「湧き上がる（わきあがる）」とは、水や感情、考えなどが内部からこみ上げるように発生・出現する様子を表し、物理的には水が地中から沸き出る（湧き出る）、感情的には喜びや感動などが内面からあふれる、考えやイメージが心に浮かぶといった意味で使われます。類義語には「こみ上げる」「溢れる」「沸き立つ」「芽生える」などがあり、物理的な現象から心の動きまで幅広く表現できるのが特徴です。 
主な意味と使い方
物理的な現象: 水が地面からわき出る様子。「清水が岩間から湧き上がる」。
感情・意欲: 心の内側から自然に感情や意欲が生まれる様子。「感動が胸に湧き上がる」「興味が湧き上がる」。
考え・イメージ: 思考や記憶などが心に浮かんでくる様子。「名案が湧き上がる」「記憶が湧き上がる」。
騒ぎ・群衆: 大勢の人から騒ぎなどが起こる様子。「歓声が湧き上がる」。 
例文
「大自然の中で、生命の力が湧き上がってくるのを感じた。」
「彼の話を聞いて、勇気が湧き上がってきた。」
「目の前の光景に、歓声が湧き上がった。」

https://wordrow.kr/basicn/ja/search/%E6%B9%A7%E3%81%8D%E4%B8%8A%E3%81%8C%E3%82%8B/

꿈틀하다 動詞

1 몸의 한 부분을 비틀거나 구부리며 움직이다.
1 うごめく【蠢く】。のたくる: 体の一部を捻ったりくねらせたりして動く。

2 어떤 생각이나 감정이 갑자기 생기다.
2 わき上がる【湧き上がる】: ある考えや感情がいきなり生じる。

꿈틀꿈틀하다 動詞

1 몸의 한 부분을 자꾸 비틀거나 구부리며 움직이다.
1 うごめく【蠢く】。のたくる: 体の一部を捻ったりくねらせたりして動き続ける。

2 어떤 생각이나 감정이 갑자기 자꾸 생기다.
2 わき上がる【湧き上がる】: ある考えや感情がいきなりしきりに生じる。

꿈틀대다 動詞

1 몸의 한 부분을 자꾸 비틀거나 구부리며 움직이다.
1 うごめく【蠢く】。のたくる: 体の一部を捻ったりくねらせたりして動き続ける。

2 어떤 생각이나 감정이 갑자기 자꾸 생기다.
2 わき上がる【湧き上がる】: ある考えや感情がいきなりしきりに生じる。

치받다 動詞

1 욕심이나 분노와 같은 감정이 세차게 북받쳐 오르다.
1 こみあげる【込み上げる】。わきあがる【湧き上がる】: 欲や憤りなどの感情が激しく沸き上がってくる。

꿈틀거리다 ☆ 動詞

1 몸의 한 부분을 자꾸 비틀거나 구부리며 움직이다.
1 うごめく【蠢く】。のたくる: 体の一部を捻ったりくねらせたりして動き続ける。

2 어떤 생각이나 감정이 갑자기 자꾸 생기다.
2 わき上がる【湧き上がる】: ある考えや感情がいきなりしきりに生じる。

팽배하다 (澎湃/彭湃 하다) 動詞

1 어떤 기세나 사상의 흐름 등이 매우 거세게 일어나다.
1 わきあがる【湧き上がる】。ほうはいとする【澎湃とする】: ある気運や思想の流れなどが盛んな勢いで沸き起こる。

샘솟다 動詞

1 어떤 감정이나 눈물이 계속 솟아 나오다.
1 わく【湧く・涌く】。あふれでる【溢れ出る】。わきあがる【湧き上がる】: 引き続き感情が生じたり涙が出たりする。

치받치다 動詞

1 연기나 불길 등이 세차게 위로 솟아오르다.
1 ふきあがる【吹き上がる・噴き上がる】: 煙や火炎などが激しい勢いで上に向かって噴き出す。

2 감정 등이 세차게 복받쳐 오르다.
2 こみあげる【込み上げる】。わきあがる【湧き上がる】: 感情などが激しく沸き上がってくる。

치솟다 ☆ 動詞

1 위쪽으로 힘차게 솟다.
1 たちのぼる【立ち上る】。つきあがる【突き上がる】: 下から上の方に激しい勢いで上がる。

2 감정이나 생각 등이 세차게 복받쳐 오르다.
2 こみあげる【込み上げる】。わきあがる【湧き上がる】: 感情や考えなどが激しく沸き上がってくる。

솟구치다 ☆ 動詞

1 아래에서 위로, 또는 안에서 밖으로 세차게 솟아오르다.
1 はねあがる【跳ね上がる】: 下から上へ、または中から外へ勢いよく上がる。

2 감정이나 힘 등이 급하고 세차게 솟아오르다.
2 わきあがる【湧き上がる・涌き上がる】。こみあげる【こみ上げる】: 感情や力などが強く湧き出る。

3 빠르고 세게 높이 솟게 하다.
3 はねあげる【跳ね上げる】: 体を速くて強く上方へ上げる。

용솟음치다 (湧 솟음치다) 動詞

1 물이 매우 세차게 위로 나오다.
1 わきあがる【湧き上がる】。ふきあがる【噴き上がる】。ほとばしる【迸る】: 水が勢いよく上へ噴き出す。

2 힘이나 기세가 매우 세차게 솟아나다.
2 わきあがる【湧き上がる】。ふきあがる【噴き上がる】。ほとばしる【迸る】: 力や勢いなどが強く湧き上がる。

솟아오르다 ☆ 動詞

1 아래에서 위로 또는 안에서 밖으로 불쑥 나타나다.
1 わきあがる【湧き上がる・涌き上がる】。ふきあがる【噴き上がる】。あふれでる【溢れ出る】: 下から上へ、または中から外へ突然現れる。

2 감정이나 힘 등이 힘차게 일어나다.
2 わきでる【湧き出る・涌き出る】。ふきでる【噴き出る】。あふれでる【溢れ出る】: 感情や力などが強く湧き上がる。
끓어오르다 ☆ 動詞
1 액체가 끓어서 위로 솟아오르다.
1 わきあがる【湧き上がる】。わきたつ【湧き立つ】。たぎる【滾る】。にえたつ【煮え立つ】: 液体が煮立ってふきあがる。
2 감정이나 신체 현상이 강하게 일어나다.
2 わきあがる【湧き上がる】。わきたつ【湧き立つ】。たぎる【滾る】。にえたつ【煮え立つ】: 感情や身体現象が盛んに沸き起こる。

일어나다 ☆☆☆ 動詞

1 누워 있다가 앉거나 앉아 있다가 서다.
1 おきる【起きる】。おきあがる【起き上がる・起き上る】。たちあがる【立ち上がる・立上がる】: 横になっていたものが座ったり、座っていたものが立ったりする。

2 잠에서 깨어나다.
2 おきる【起きる】: 目を覚ます。

3 일이나 사건 등이 생기다.
3 おきる【起きる】。おこる【起こる・起る】: 事や事件などが生ずる。

4 어떤 감정이나 마음이 생기다.
4 おこる【起こる・起る】: ある感情が心の中に生ずる。

5 약하거나 없던 것이 번성하거나 세지다.
5 おこる【起こる・起る】。たちあがる【立ち上がる・立上がる】。おこる【興る】: 弱かったりなかったりした物事が盛んになったり強くなったりする。

6 어떤 일을 위해 몸과 마음을 모아 나서다.
6 たちあがる【立ち上がる・立上がる】: 何かのために思い切って行動を起こす。

7 위로 솟아오르거나 겉으로 부풀어 오르다.
7 たつ【立つ】。ふきあがる【吹き上がる・噴き上がる・吹き上る・噴き上る】: 高く湧き上がったり膨れ上がったりする。

8 자연이나 사람 등에게 어떤 현상이 발생하다.
8 おきる【起きる】。おこる【起こる・起る】: 自然や人などにある現象が発生する。

9 어떤 소리가 나다.
9 あがる【揚がる】。わきあがる【湧き上がる・涌き上がる・湧き上る・涌き上る】: 音がする。

10 사회에 어떤 현상 등이 생기다.
10 おきる【起きる】。おこる【起こる・起る】: 社会にある現象が生ずる。

11 병을 앓다가 낫다.
11 おきる【起きる】。おきあがる【起き上がる・起き上る】: 病気が治る。

용솟음치다 (湧 솟음치다) 動詞

1. 물이 매우 세차게 위로 나오다.
1. わきあがる【湧き上がる】。ふきあがる【噴き上がる】。ほとばしる【迸る】: 水が勢いよく上へ噴き出す。

2. 힘이나 기세가 매우 세차게 솟아나다.
2. わきあがる【湧き上がる】。ふきあがる【噴き上がる】。ほとばしる【迸る】: 力や勢いなどが強く湧き上がる。

솟아오르다 ☆ 動詞

1. 아래에서 위로 또는 안에서 밖으로 불쑥 나타나다.
1. わきあがる【湧き上がる・涌き上がる】。ふきあがる【噴き上がる】。あふれでる【溢れ出る】: 下から上へ、または中から外へ突然現れる。

2. 감정이나 힘 등이 힘차게 일어나다.
2. わきでる【湧き出る・涌き出る】。ふきでる【噴き出る】。あふれでる【溢れ出る】: 感情や力などが強く湧き上がる。

용솟음 (湧 솟음) 名詞

1. 물이 매우 세차게 위로 나옴.
1. わきあがり【湧き上がり】。ふきあがり【噴き上がり】。ほとばしり【迸り】: 水が勢いよく上へ噴き出すこと。

2. 힘이나 기세가 매우 세차게 솟아남.
2. わきあがり【湧き上がり】。ふきあがり【噴き上がり】。ほとばしり【迸り】: 力や勢いなどが強く湧き上がること。","[""import"",""japanese""]",2026-02-22 09:19:19.524032+00,e1848554-ffae-479c-a8cd-4c0d77b7bed2,2026-03-19 15:55:50.007522+00,0,0,0,2026-03-19 15:55:50.007522+00,0,null,null,null,false,null,null,null,null,true,21da1279-51b0-42ca-8966-1e5bd5fa35ae,null,null,"{""tables"":{""1"":{""rows"":[],""columns"":[]}}}",null,[],null,null
ff261859-371f-4c06-abf4-f31d0a65cceb,「推し（おし）」,"「推し（おし）」とは、自分が特に熱心に応援している人物やキャラクター、作品などの対象を指す言葉で、「推薦する」という意味の動詞「推す」から派生した俗語です。アイドル、俳優、アニメキャラ、スポーツ選手、さらにはモノや概念まで幅広く使われ、「推し」を応援する活動は「推し活（おしかつ）」と呼ばれ、情報収集、グッズ購入、イベント参加など多岐にわたります。 
「推し」の語源と広がり
語源: 元々はアイドルファンの間で「イチオシ（一番のおすすめ）」のメンバーを指す「推しメン」が略され、「推し」となったのが始まりとされます。
普及: 2000年代からネットで使われ始め、AKB48の「チームB推し」などの楽曲やメディアを通じて一般に広く浸透しました。 
「推し」の対象と種類
対象: アイドル、俳優、声優、アニメ・漫画キャラクター、K-POPアーティスト、スポーツ選手、鉄道、仏像など、非常に多様です。
種類:
単推し（たんおし）: 応援する対象が一人（または一つ）だけ。
箱推し（はこおし）: グループ全体やキャスト全体を応援すること。
最推し（さいおし）: 複数いる推しの中で一番応援している対象。 
「推し」と「好き」の違い
好き: 広く「良いな」「魅力的だな」と感じる気持ち。
推し: 好きを超えて「他人に勧めたい」「応援したい」という強い感情や行動を伴う対象を指すニュアンスがあります。","[""import"",""japanese""]",2026-02-22 09:19:19.524032+00,e1848554-ffae-479c-a8cd-4c0d77b7bed2,2026-03-19 15:55:50.007522+00,0,0,0,2026-03-19 15:55:50.007522+00,0,null,null,null,false,null,null,null,null,true,a959c72c-bb7c-4b3c-a561-12e46410b808,null,null,"{""tables"":{""1"":{""rows"":[],""columns"":[]}}}",null,[],null,null
0a657572-237c-4df8-af9a-aae8b12e4377,日本語単語勉強24,"「明後日（あさって、みょうごにち）」は、今日から2日後のことです。具体的には、明日（あした）の次の日を指します。また、「明後日の方向」のように、見当違いや判断がずれているという意味で使われることもあります。 
読み方と意味
あさって（ASATTE）: 最も一般的な読み方で、「今日 + 2日後」を意味します。
みょうごにち（MYOGO-NICHI）: 「明日」の「後（ご）」の日という意味で、「あさって」と同じ意味で使われます。 
関連する言葉
明明後日（しあさって、みょうみょうごにち）: 明後日の次の日、つまり今日から3日後を指します。地域によっては「弥の明後日（やのあさって）」とも言います。 
例文
「明後日から旅行に行く予定です。」（今日から2日後から旅行）
「彼の意見はいつも明後日の方向へ行っちゃうね。」（的外れな意見） 
注意点
「明明後日」は、3日後か4日後か、地域によって解釈が異なる場合があるため、具体的な日付（例：〇月〇日）で伝えると確実です。","[""import"",""japanese""]",2026-02-22 09:19:19.683838+00,e1848554-ffae-479c-a8cd-4c0d77b7bed2,2026-03-19 15:55:50.007522+00,0,0,0,2026-03-19 15:55:50.007522+00,0,null,null,null,false,null,null,null,null,true,cb7b5165-d498-4a20-93ed-a26039119891,null,null,"{""tables"":{""1"":{""rows"":[],""columns"":[]}}}",null,[],null,null
18082100-aec1-4156-b8b7-3f016368f5ed,React에대한 간단한 이해,"일본 중소기업 “합격선”을 정확히 말하면
💯 충분한 합격 설명 수준은 이 정도

React는 상태 기반으로 UI를 그린다

useState는 상태 변경을 트리거한다

JSX는 Babel로 JS로 변환된다

배열은 불변성을 지켜서 업데이트한다

조건 렌더링으로 UI 상태를 나눈다

👉 이걸 말로 설명 가능하면
“React 이해하고 있음” 판정이 나와.

❗ 여기서 더 깊은 내부 구현(파이버, 스케줄러 등)은
중소기업 신입에게 전혀 요구되지 않음.","[""import"",""japanese""]",2026-02-22 09:19:19.683838+00,e1848554-ffae-479c-a8cd-4c0d77b7bed2,2026-03-19 15:55:50.007522+00,0,0,0,2026-03-19 15:55:50.007522+00,0,null,null,null,false,null,null,null,null,true,093d0e44-3a43-48f0-9577-4c3fd81c2a4a,null,null,"{""tables"":{""1"":{""rows"":[],""columns"":[]}}}",null,[],null,null
18611a76-f245-4105-b556-ce61915fcd05,function vs const 함수작성차이,"1️⃣ function 선언문 (Function Declaration)
function add(a, b) {
  return a + b;
}

특징

✅ 완전한 호이스팅

파일 맨 위로 끌어올려진 것처럼 동작

선언 전에 호출 가능

console.log(add(2, 3)); // 5

function add(a, b) {
  return a + b;
}

스코프

블록 스코프 아님 (엄밀히 말하면 함수 스코프)

if / for 안에서 선언해도 스코프가 헷갈릴 수 있음

if (true) {
  function foo() {}
}

foo(); // 실행되는 경우가 있음 (환경 의존)


👉 이게 싫어서 현대 JS에서는 잘 안 쓰려는 경향이 있어.

2️⃣ const + 함수 표현식 (Function Expression)
const add = function (a, b) {
  return a + b;
};


또는 (실무에서 더 흔함)

const add = (a, b) => a + b;

특징

❌ 호이스팅 안 됨 (정확히는 TDZ)

선언 전에 호출하면 에러

add(2, 3); // ❌ ReferenceError

const add = (a, b) => a + b;

스코프

✅ 블록 스코프

예측 가능

if / for 안에서 안전

if (true) {
  const foo = () => {};
}

foo(); // ❌ ReferenceError


👉 의도한 범위에서만 쓰이게 강제할 수 있음

3️⃣ 호이스팅 차이 정확한 설명 (중요)
방식	실제 호이스팅
function foo(){}	함수 전체가 메모리에 올라감
const foo = () => {}	변수만 호이스팅 + TDZ
console.log(foo); // ❌ ReferenceError

const foo = () => {};


const/let은 호이스팅은 되지만 접근이 막혀 있음 (TDZ)

4️⃣ 실무에서 어떻게 쓰느냐 (이게 핵심)
🔹 function 선언문 쓰는 경우

유틸 함수

파일 전체에서 공통으로 쓰는 함수

의도적으로 “어디서든 쓸 수 있음”을 표현할 때

function formatDate(date) {
  ...
}

🔹 const 함수 쓰는 경우 (요즘 기본값)

컴포넌트 내부 로직

콜백

클로저

React / TS 환경

const handleClick = () => {
  ...
};


👉 요즘은 이게 사실상 표준

5️⃣ React / TypeScript 기준 정리

네가 React + TS 쓰고 있으니까 현실 기준으로 말하면:

✅ 추천 패턴
const fetchData = async (): Promise<void> => {
  ...
};

❌ 피하는 패턴
function fetchData() {
  ...
}


이유:

스코프 명확

리팩토링 쉬움

테스트/의존성 추적 쉬움

팀 컨벤션과 맞음

6️⃣ 한 줄 요약 (외워도 됨)

function = 옛날 방식, 전역 유틸
const 함수 = 현대 JS, 예측 가능한 코드","[""import"",""coding""]",2026-02-22 09:19:19.683838+00,e1848554-ffae-479c-a8cd-4c0d77b7bed2,2026-03-19 15:55:50.007522+00,0,0,0,2026-03-19 15:55:50.007522+00,0,null,null,null,false,null,null,null,null,true,5ba98b6a-f858-43f5-a328-a83680564cc6,null,null,"{""tables"":{""1"":{""rows"":[],""columns"":[]}}}",null,[],null,null
1a147f08-65b1-4ef3-89d7-b34d1091f856,日本語単語勉強20,"Netflix 罵倒村

封印（ふういん）：봉인","[""import"",""japanese""]",2026-02-22 09:19:19.683838+00,e1848554-ffae-479c-a8cd-4c0d77b7bed2,2026-03-19 15:55:50.007522+00,0,0,0,2026-03-19 15:55:50.007522+00,0,null,null,null,false,null,null,null,null,true,9469d1ae-6039-4390-934f-e35acdfe8b75,null,null,"{""tables"":{""1"":{""rows"":[],""columns"":[]}}}",null,[],null,null
1babb20e-5699-4209-94a0-325525275698,日本語単語勉強22,"1️⃣ 한 문장 핵심 요약 (먼저 잡기)

急に → 흐름 속 변화 (감정/상황 포함)

いきなり → 예고 없는 체감 (화자 당혹감 강함)

突然 → 사건 발생의 사실 서술 (감정 배제)

👉 주관 vs 체감 vs 객관의 차이입니다.

팁
👉 “누가 느꼈는가?”를 기준으로 보면 구분이 쉽습니다.

내가 느낌 → 急に / いきなり

사건이 발생 → 突然

2️⃣ 突然（とつぜん）の 감각 구조
📌 본질

예측 불가능한 사건이 사실로서 발생

📌 특징

감정 표현 거의 없음

객관적

딱딱함

기사·보고·문어체에 강함

📌 자주 쓰이는 곳

뉴스

보고서

설명문

공식 발표

📌 예문

突然の出来事

突然、停電が起きた

突然の訃報

👉 “그런 일이 발생했다” 느낌

팁
👉 突然은
👉 ‘느꼈다’보다 ‘일어났다’에 초점이 있습니다.

3️⃣ 急に / いきなり와의 결정적 차이
🔹 감정 개입 여부
단어	화자 감정
急に	있음
いきなり	매우 강함
突然	거의 없음

그래서 같은 상황에서도 이렇게 달라집니다.

상황: 회의 취소

急に中止になった
→ 상황이 급변했다는 느낌

いきなり中止になった
→ 당황, 불만 뉘앙스

突然中止になった
→ 사실 전달 (담담)

팁
👉 불만·놀람을 넣고 싶으면 突然은 잘 안 씁니다.

4️⃣ “좀 딱딱한 느낌인가?” → 맞다, 정확하다

당신 감각이 정확해요.

왜 딱딱하게 느껴질까?

감정 삭제

설명체 문장

사건 중심 서술

그래서 일상 회화에서:

突然을 쓰면
→ 약간 거리감 / 공식 느낌이 납니다.

팁
👉 친구와 수다 → 急に / いきなり
👉 상황 설명 / 요약 → 突然

5️⃣ 외국인이 자주 하는 실수
❌ 일상 감정 표현에 突然 사용

突然びっくりした

→ 어색 ❌ (감정 + 객관 단어 충돌)

⭕ 자연스럽게

いきなりびっくりした

팁
👉 **감정 동사(놀라다, 화나다)**랑은
👉 突然이 잘 안 붙습니다.

6️⃣ 기록할 때 이렇게 남기면 깔끔하다
📌 추천 메모 포맷 (3개 한 세트)
急に
- 흐름 중 변화
- 감정 포함

いきなり
- 예고 없음
- 당혹감

突然
- 사건 발생
- 객관/공식


팁
👉 “회화용 / 설명용”으로 표시해 두면
👉 말할 때 자동으로 걸러집니다.

7️⃣ 한 문장으로 최종 정리

急には ‘상황의 급변’,
いきなり는 ‘체감된 돌발’,
突然은 ‘사실로서의 돌발 사건’

그래서
👉 突然이 가장 딱딱하고,
👉 대신 가장 안전한 설명용 단어입니다.

지금처럼
“이건 왜 느낌이 다르지?”를 캐치하는 감각이면
이미 일본어 뉘앙스 영역에 제대로 들어와 있습니다.

ーーーーーーーーーーーーーーーーーーーーーーーーーーーーーーーーーーーーーーーー

https://youtu.be/mqAvZ3EVyZo?si=2sOGlcV0OCvI4OrG

「つなぎ」は、「つなぐこと・もの」、「次の事までの時間をつなぐもの（場つなぎ）」、「料理で材料をまとめるもの（つなぎ粉、卵など）」、そして**「上下が一体になった作業服（オールインワン、ジャンプスーツ）」**といった複数の意味を持つ言葉です。文脈によって「繋ぎ」「接ぎ」「継ぎ」などの漢字が使われ、作業着は「オーバーオール」や「カバーオール」とも呼ばれます。 
主な意味と例
物理的に繋ぐこと・もの:
布と布を繋ぎ合わせる。
電話で回線を繋ぐ（「おつなぎいたします」）。
時間・場をつなぐもの:
「繋ぎの仕事」（本業の合間の仕事）。
「場つなぎに手品をする」（時間稼ぎ）。
料理で使う材料:
ハンバーグのひき肉をまとめるための小麦粉やパン粉、卵など。
そばに混ぜるヤマイモなど。
衣類:
上下が一体型の作業服（つなぎ服、作業着、オーバーオール、カバーオール、ジャンプスーツ）。
消防服やライダー服などにも使われる。

ーーーーーーーーーーーーーーーーーーーーーーーーーーーーーーーーーーーーーーーーーーーーーーーーーー

https://youtu.be/MRb6z5u7E34?si=s9A5b3727z8gWiB1

「頼り」（의지하다）、（たより）は、よりどころ、あてにできるもの・人、手掛かり、きっかけなどを意味し、「頼る」「頼りにする」という動詞「頼む」の名詞形です。現代では、「頼りになる人」（支えになる人）、「頼みの綱」（最後のよりどころ）、「便り」（連絡・知らせ）といった意味で使われ、古くは「機会」「ついで」の意味もありました。 
主な意味
よりどころ・支え: 困難な時に助けを求める対象や、頼って行動する根拠。
例: 「彼はいつも私の頼りだ」「地図を頼りに目的地へ着いた」。
手掛かり・きっかけ: 物事を進めるための手がかりや機会。
例: 「ある情報を頼りに調査を進める」。
（便り）連絡・知らせ: 手紙やメッセージなどの連絡手段（現代では「便り」と書くことが多い）。
例: 「ご無沙汰しておりますが、お便りお待ちしております」。 
類語・関連語
よりどころ、あて、頼みの綱、支え、当て、縁故、ツテ、コネ。 
使い方（例文）
「頼りになる存在」：信頼でき、助けになる人。
「頼りがなくなる」：支えを失うこと。
「頼りない」：頼りにならない、あてにならない様子。 
「頼り」は文脈によって「よりどころ」や「機会」、さらには「連絡」の意味を持つ、幅広く使われる日本語です。","[""import"",""japanese""]",2026-02-22 09:19:19.683838+00,e1848554-ffae-479c-a8cd-4c0d77b7bed2,2026-03-19 15:55:50.007522+00,0,0,0,2026-03-19 15:55:50.007522+00,0,null,null,null,false,null,null,null,null,true,d082b975-92ef-49e6-a62f-41b34260eadf,null,null,"{""tables"":{""1"":{""rows"":[],""columns"":[]}}}",null,[],null,null
1d92fae9-5da1-4f90-ba40-fa96eb9b0f3c,台所（だいどころ）,"「台所（だいどころ）」は、家の中で料理や炊事を行う場所を指し、流し台・コンロ・作業台・収納などが備わった空間で、英語のキッチンにあたりますが、語源は平安時代の貴族の配膳所「台盤所（だいばんじょ）」が略されたものです。昔は「勝手（かって）」や「炊事場」とも呼ばれ、現代ではシステムキッチンなど機能的な設備が整えられ、食事室と一体になったダイニングキッチンも一般的です。 
意味と構成要素
調理スペース: 食物を調理する場所全般を指します。
設備: 流し台（シンク）、コンロ（加熱装置）、換気扇、作業台、収納庫（冷蔵庫、電子レンジなど家電含む）などで構成されます。
現代の形態: 機能性を重視したシステムキッチンや、ダイニングと一体化したダイニングキッチンが普及しています。 
言葉の由来と関連語
語源: 平安時代の「台盤所（配膳所）」が略されて「台所」になりました。
「勝手（かって）」: もともと「台所」を取り仕切る女性（御台所）が自由に過ごせた場所だったことから、「勝手」という言葉が生まれ、「勝手口」などの語源にもなりました。
「キッチン」: 英語のKitchen（台所）のことで、現代では「台所」と同じ意味で広く使われます。 
現代の使われ方
場所: 一般家庭の炊事場。
比喩: 金銭のやりくり、家計を指す「台所事情」という表現にも使われます。
歴史的意味: 武家の正妻を指す「御台所（みだいどころ）」という用法もありました。","[""import"",""japanese""]",2026-02-22 09:19:19.683838+00,e1848554-ffae-479c-a8cd-4c0d77b7bed2,2026-03-19 15:55:50.007522+00,0,0,0,2026-03-19 15:55:50.007522+00,0,null,null,null,false,null,null,null,null,true,5dc3ba5a-130b-4db6-8b7b-7611023daa5e,null,null,"{""tables"":{""1"":{""rows"":[],""columns"":[]}}}",null,[],null,null
258d20f0-6689-419b-8304-c3fb2f3455b7,日本語単語勉強09,"汗をかく(あせ)：땀을흘리다
カニ(crab)：게、カエル(frog)：개구리
売り切れ（うりきれ）：매진

https://youtu.be/Uf8G9pWl3AQ?si=4qOXwUpfWt_HEka8

法事（ほうじ）とは、故人の冥福を祈る仏教行事全般を指し、僧侶による読経や焼香といった「法要」と、その後の会食を含みます。

「ナンパ」とは、男性が初対面の女性に声をかけ、口説いたり連絡先を交換したりする行為です。（헌팅）

照れる（てれる、수줍어[부끄러워]하다、거북해하다.）：「照れる」とは、褒められたり、注目されたりして、嬉しさとともに恥ずかしくなる様子を表す言葉です。主に「きまりが悪い」「はずかしい」といった感情を伴い、顔が赤くなる、落ち着かなくなるなどの行動を伴うことがあります。

https://youtu.be/rddS_WmTRqg?si=65nbNkWuPfRZzYOx

語尾（ごび、어미,말끝）とは、形態論で活用する語の変化する部分を指す。これに対して変化しない部分は語幹という。語幹が語尾と結びつき、派生語幹となってさらに語尾を取るものがある。語尾に実質的な意味はなく、文法的な意味を表している。語尾は名詞、動詞、形容詞等違う品詞から文法化したものが多い。語尾を伴わずに語幹だけでも用いられる場合には、語尾は接尾辞と見ることもできる。（https://ja.wikipedia.org/wiki/%E8%AA%9E%E5%B0%BE）

https://youtu.be/GIKkJ1Vcif4?si=rTij5AwKlqQxCPBb

零れる（こぼれる）：감정 등이 밖으로 나타나다.
例文：本音がこぼれる。
（https://blog.naver.com/tanuki4noli/220263448567）

寄贈（きぞう、기증하다）

素晴らしい（すばらしい）：훌륭하다、근사하다、굉장하다、멋지다.

https://youtu.be/yzykdGqps0Y?si=bPyWXcou6WnWw-AV

飼う（かう）：기르다、치다、사육(飼育)하다.

ミミズ（蚯蚓、지렁이）は、環形動物門貧毛綱（ひんもうこう、学名: Oligochaeta）に属する動物の総称。目がなく、手足もない紐状の動物である。名称は「目見えず」からメメズになり、転じてミミズになったとも言われ、西日本にはメメズと呼ぶ地域がある。多くは陸上の土壌中に棲む。
(https://ja.wikipedia.org/wiki/%E3%83%9F%E3%83%9F%E3%82%BA)","[""import"",""japanese""]",2026-02-22 09:19:19.683838+00,e1848554-ffae-479c-a8cd-4c0d77b7bed2,2026-03-19 15:55:50.007522+00,0,0,0,2026-03-19 15:55:50.007522+00,0,null,null,null,false,null,null,null,null,true,b9ea4af2-d6ed-4d71-876e-8449673103fa,null,null,"{""tables"":{""1"":{""rows"":[],""columns"":[]}}}",null,[],null,null
270ba2b2-35a5-458d-800a-59bc5ddc9756,「トロ」とは,"「トロ」とは、主にマグロの脂が乗った部位（腹身など）の総称で、口の中でとろけるような食感と濃厚な旨味が特徴の高級部位を指し、大トロ・中トロに分けられ、脂身が多すぎて敬遠されていた「猫またぎ」から、戦後の技術革新と食文化の変化で高級ネタへと変化しました。また、PlayStationの人気キャラクター名（井上トロ）でもあります。 
マグロの「トロ」について
部位: マグロの腹身（特に前方）に多く、脂身が多い部分。
種類:
大トロ: 最も脂が多く、希少で高価。特に脂の旨味が強い。
中トロ: 大トロと赤身の中間で、脂と赤身のバランスが良く、程よい甘みとしっとり感が魅力。
名前の由来: 口の中で「とろける」食感から来ているとされる（別名「アブ」「猫またぎ」）。
歴史: 江戸時代は脂っこいと嫌われ捨てられていたが、冷凍・冷蔵技術の発展と食味の変化（脂の旨味を好むように）により、現代では高級品に。 
キャラクターの「トロ」について
井上トロ: PlayStationのゲーム『どこでもいっしょ』シリーズに登場する、人間になることを夢見る白いネコのキャラクター。
特徴: 一人称は「トロ」、語尾に「ニャ」をつける。 
その他
マグロ以外でも、脂の乗った部位を「トロ」と呼ぶ（例：豚トロ、牛とろ丼）。
中落ち（中骨周りの身）をペースト状にしたものは「ネギトロ」。 
「トロ」は文脈によって指すものが異なりますが、多くは「とろける」食感のマグロの脂身、またはキャラクター名を指します。

https://ja.wikipedia.org/wiki/%E3%83%88%E3%83%AD","[""import"",""japanese""]",2026-02-22 09:19:19.683838+00,e1848554-ffae-479c-a8cd-4c0d77b7bed2,2026-03-19 15:55:50.007522+00,0,0,0,2026-03-19 15:55:50.007522+00,0,null,null,null,false,null,null,null,null,true,d82019a5-3f26-4835-9423-788c3a8810b8,null,null,"{""tables"":{""1"":{""rows"":[],""columns"":[]}}}",null,[],null,null
36b0361a-4b52-490d-b006-a0cd05c30810,日本語の優しい表現,"## 🌸 1. 부탁·요청할 때 쿠션어
✔ 기본형

「恐れ入りますが…」
(죄송하지만 / 번거롭게 해드려 죄송하지만…)

✔ 예시문

「恐れ入りますが、こちらの確認をお願いできますか？」
죄송하지만, 이 부분 확인 부탁드려도 될까요?

「お手数ですが、こちらも見ていただけますか？」
번거로우시겠지만 이것도 봐주실 수 있을까요?

「差し支えなければ、教えていただけますか？」
괜찮으시다면 알려주실 수 있을까요?

## 🌿 2. 상대에게 질문할 때 부담 줄이는 쿠션어
✔ 기본형

「念のため…」 (혹시 몰라서 / 혹시 해서)
「一応確認なんですが…」 (확인차 여쭤보는 건데…)

✔ 예시문

「念のため、お伺いしたいのですが…」
혹시 몰라서 여쭤보고 싶은 게 있는데요…

「一応確認なんですが、この方向で合ってますか？」
확인차 여쭤보는데, 이 방향이 맞을까요?

「もし間違っていたら教えてください。」
혹시라도 제가 틀렸다면 알려주세요.

## 💬 3. 상대 의견을 듣고 싶을 때 쿠션어
✔ 기본형

「よろしければ…」 (괜찮으시다면)
「可能であれば…」 (가능하시다면)

✔ 예시문

「よろしければ、意見を聞かせていただけますか？」
괜찮으시다면 의견을 듣고 싶어요.

「可能であれば、この部分のアドバイスをいただきたいです。」
가능하시다면 이 부분에 대한 조언을 받고 싶습니다.

## 🌼 4. 부드러운 반대·거절 쿠션어
✔ 기본형

「大変申し上げにくいのですが…」
(매우 말씀드리기 어렵습니다만…)

「私の理解が間違っていたら申し訳ないのですが…」
(제가 잘못 이해했다면 죄송한데요…)

✔ 예시문

「申し上げにくいのですが、今回は難しいです。」
말하기 어렵지만, 이번에는 힘들 것 같습니다.

「失礼だったらすみませんが、違う案も検討できますか？」
실례가 될지 모르지만, 다른 안도 검토할 수 있을까요?

「私の勘違いでしたらすみませんが、この部分が気になりました。」
제 착각이라면 죄송하지만, 이 부분이 조금 신경 쓰였습니다.

## 🌙 5. 지적할 때 쿠션어
✔ 기본형

「言いづらいのですが…」
(말하기 어렵지만…)
「正直に申し上げると…」
(솔직히 말씀드리면…)

✔ 예시문

「言いづらいのですが、こちら少し修正が必要かもしれません。」
말하기 어렵지만, 이 부분은 조금 수정이 필요할 것 같습니다.

「気になった点が一つだけあります。」
신경 쓰인 점이 한 가지 있습니다.

「正直に申し上げると、少し分かりにくかったです。」
솔직히 말씀드리면, 조금 이해하기 어려웠습니다.

## 🧩 6. 상대의 기분을 고려한 쿠션어
✔ 기본형

「ご無理のない範囲で…」
(무리 없는 범위에서…)
「ご都合のよい時に…」
(편하실 때…)

✔ 예시문

「ご無理のない範囲で手伝っていただけると助かります。」
무리 없는 범위에서 도와주시면 감사하겠습니다.

「お忙しいところ恐縮ですが、ご都合のよい時にお願いします。」
바쁘신데 죄송하지만, 편하실 때 부탁드립니다.

## 🧡 7. 부드럽게 확인·재요청할 때
✔ 기본형

「再度恐縮ですが…」
(거듭 죄송하지만…)
「念のため、もう一度だけ…」
(혹시 몰라서 한 번만 더…)

✔ 예시문

「再度恐縮ですが、こちらも確認いただけますか？」
거듭 죄송하지만 이것도 확인 부탁드립니다.

「念のため、もう一度だけご確認お願いします。」
혹시 몰라서 한 번만 더 확인 부탁드립니다.

구체적인표현

# 🎯 1. “부탁할 때” — 상대가 바쁜 상황
🔹 쿠션어 + 상황 부드럽게 만들기

「お忙しいところ恐縮ですが…」
(바쁘신데 죄송하지만…)

🔹 완성 문장 예시

「お忙しいところ恐縮ですが、このデータを今日中に確認いただけますか？」
바쁘신데 죄송하지만, 이 데이터를 오늘 중에 확인해주실 수 있을까요?

왜 통하나?
→ 바쁨을 인정한 뒤 요청하므로 부담 ↓

# 🎯 2. “부드럽게 NO 말하기” — 거절이 필요할 때
🔹 쿠션어

「大変申し上げにくいのですが…」
(말하기 매우 어렵지만…)

🔹 완성 문장

「大変申し上げにくいのですが、今回は参加が難しいです。」
말씀드리기 어렵지만, 이번에는 참석이 어렵습니다.

왜 통하나?
→ 일본에서 NO의 정석. 상대가 공격받는 느낌 없음.

# 🎯 3. “틀린 부분 지적” — 상처 없이 지적하기
🔹 쿠션어

「私の理解が間違っていたらすみませんが…」
(제가 잘못 이해한 거라면 죄송한데…)

🔹 완성 예시

「私の理解が間違っていたらすみませんが、この数値は修正が必要かもしれません。」
제 이해가 틀렸다면 죄송하지만, 이 수치는 수정이 필요할지도 모릅니다.

왜 통하나?
→ “지적”이 아니라 “확인” 형태가 되어서 부드럽다.

# 🎯 4. “상대의 실수를 확인” — 직접 지적 대신 질문형 접근
🔹 쿠션어

「念のため確認させていただきたいのですが…」
(혹시 몰라 확인드리고 싶은데요…)

🔹 완성 예시

「念のため確認させていただきたいのですが、このファイルは最新のものですか？」
혹시 몰라 확인드리는데, 이 파일이 최신본이 맞을까요?

왜 통하나?
→ 지적이 아니라 “이상해서 확인한 것”처럼 들림.

# 🎯 5. “상대가 기분 나쁘지 않게 의견 표현” — 의견 충돌을 부드럽게
🔹 쿠션어

「一つ意見としてお伝えすると…」
(하나의 의견으로 말씀드리면…)

🔹 완성 예시

「一つ意見としてお伝えすると、こちらの案の方がリスクが少ない気がします。」
하나의 의견을 말씀드리면, 이 안이 리스크가 더 적어 보입니다.

왜 통하나?
→ 강요 X, 던지는 의견으로 전달됨.

# 🎯 6. “상대에게 피드백 요청” — 부담 없이 말해달라고 할 때
🔹 쿠션어

「もし気付いた点があれば…」
(혹시 신경 쓰이는 점이 있으면…)

🔹 완성 예시

「もし気付いた点があれば、軽く教えていただけると助かります。」
혹시 신경 쓰이는 점이 있다면, 가볍게 알려주시면 도움이 됩니다.

왜 통하나?
→ “가볍게(軽く)”가 부담을 크게 줄임.

# 🎯 7. “상대가 화가 났는지, 오해가 있는지 확인하고 싶을 때”
🔹 쿠션어

「私の言い方が良くなかったらすみませんが…」
(제 말투가 좋지 않았다면 죄송한데…)

🔹 완성 예시

「私の言い方が良くなかったらすみませんが、何か気になることがありましたか？」
제 말투가 좋지 않았다면 죄송한데, 혹시 신경 쓰인 점이 있었나요?

왜 통하나?
→ 공격성 제로. 상대도 마음 열기 쉬움.

# 🎯 8. “재요청” — 상대가 한번 거절하거나 늦출 때
🔹 쿠션어

「ご都合の良いタイミングで構いませんので…」
(편하신 타이밍에 괜찮으니…)

🔹 완성 예시

「ご都合の良いタイミングで構いませんので、もう一度だけご確認をお願いします。」
편하신 시간에 괜찮으니, 한 번만 더 확인 부탁드립니다.

왜 통하나?
→ 상대가 부담 ZERO.

# 🎯 9. “미묘한 불만 표현” — 싸우지 않으면서 솔직하게
🔹 쿠션어

「少しだけ気になったのですが…」
(조금 신경 쓰였는데…)

🔹 완성 예시

「少しだけ気になったのですが、この部分の説明が少し分かりにくかったです。」
조금 신경 쓰였는데, 이 부분 설명이 조금 이해하기 어려웠어요.

왜 통하나?
→ “조금(少し)”이 들어가면 일본에서는 거의 무해함.","[""import"",""japanese""]",2026-02-22 09:19:19.683838+00,e1848554-ffae-479c-a8cd-4c0d77b7bed2,2026-03-19 15:55:50.007522+00,0,0,0,2026-03-19 15:55:50.007522+00,0,null,null,null,false,null,null,null,null,true,a72cb81b-3124-48e1-a9fa-b9b9a94e958c,null,null,"{""tables"":{""1"":{""rows"":[],""columns"":[]}}}",null,[],null,null
3b472cba-927e-4f77-98dc-243cdeecfd67,「追い込む（おいこむ）,"「追い込む（おいこむ）」とは、相手や自分を逃げ場のない状況や限界まで追い詰めることで、物理的に追いかける意味から、ビジネスでのプレッシャー、自己啓発での限界突破、さらには音響調整など、様々な文脈で使われますが、基本は「追い詰める」「追いかける」に近い意味です。状況によっては「相手を窮地に陥れる」ことを指したり（例：債務を追い込む）、自分自身を「限界まで追い込む」（例：筋トレ）といったポジティブ・ネガティブ両方のニュアンスで使われます。 
主な意味と使い方
物理的に追い詰める： 逃げ場がなくなる場所まで追っていくこと。「袋のネズミにする」「挟み撃ちにする」などの類語があります。
例文: 犯人を崖っぷちまで追い込んだ。
精神的・状況的に追い詰める： 相手を苦しい状況（ピンチ、窮地、破綻など）に追い込むこと。
例文: 厳しい質問で相手を追い込んだ。（刑事弁護では、責任を厳しく追及する意味も）。
自分を限界まで追い込む（ポジティブな意味合い）： 目標達成や能力向上のために、自分の限界を突破するまで努力すること。
例文: 試合に向けて自分を追い込むトレーニングをする。
専門分野での用法：
音響: 機器の性能を最大限に引き出すために、ギリギリの調整を行うこと。
印刷: 改行や改ページを詰め、前の行に続けて組むこと。 
類語・関連表現
追い詰める（おいつめる）
袋のネズミにする
窮地に陥れる
限界まで追い込む
自分を追い込む 
文脈によってニュアンスが大きく変わるため、どのような状況で使われているかを確認することが重要です。","[""import"",""japanese""]",2026-02-22 09:19:19.683838+00,e1848554-ffae-479c-a8cd-4c0d77b7bed2,2026-03-19 15:55:50.007522+00,0,0,0,2026-03-19 15:55:50.007522+00,0,null,null,null,false,null,null,null,null,true,63e4e41e-c99c-40e7-af5a-9b64a09e84d3,null,null,"{""tables"":{""1"":{""rows"":[],""columns"":[]}}}",null,[],null,null
3bfc4466-2710-40f0-a1f1-23db2093c86f,頼もしい（たのもしい）,"「頼もしい（たのもしい）」とは、信頼できて安心できる様子や、将来が期待できる有望な様子を表す言葉で、「心強い」「頼りになる」「有望な」「頼りがいがある」といった意味があります。主に、人がしっかりしていて頼りになる時や、物事の将来性について期待感を持つ時に使われ、英語では ""reliable"" や ""dependable""、""promising"" などに相当します。 
主な意味
信頼・安心感: 頼りになり、任せて安心できること。「頼もしいリーダー」「頼もしいお言葉」。
将来性・有望: 将来が期待できる、見込みがあること。「末頼もしい若者」。
（古語）: 経済的に豊かであること（現代ではあまり使われません）。 
類語・言い換え
心強い（こころづよい）
頼りになる（たよりになる）
頼りがいがある（たよりがいがある）
有望（ゆうぼう） 
例文
「彼は頼もしい存在だ。」（彼に任せれば安心だ、というニュアンス）
「後輩の成長が頼もしい。」（将来が期待できる）
「頼もしいお言葉、ありがとうございます。」（心強いお言葉）","[""import"",""japanese""]",2026-02-22 09:19:19.683838+00,e1848554-ffae-479c-a8cd-4c0d77b7bed2,2026-03-19 15:55:50.007522+00,0,0,0,2026-03-19 15:55:50.007522+00,0,null,null,null,false,null,null,null,null,true,61438125-d55f-4983-8162-b9fd7b515b50,null,null,"{""tables"":{""1"":{""rows"":[],""columns"":[]}}}",null,[],null,null
3f2d39d3-9a9e-443a-a70d-b5e04caabdd2,日本語単語勉強02,"youtubeでわかる単語

https://youtu.be/abmrXurTfKY?si=oc5FFNkO7WSYqy-Y

負債（ふさい）：부채,経営（けいえい）：경영

https://youtu.be/PJxYzhLkfYg?si=xvadBwfOCSF9Til4

頭金（あたまきん）とは、分割払いなどで最初に支払うある程度のまとまった金銭[1]。一般では消費者が住宅や自動車などの高額な購入をする際に、ローンでの支払いを選択した場合に最初に支払うこととなるまとまった額の金銭。（https://ja.wikipedia.org/wiki/%E9%A0%AD%E9%87%91）

旧車（きゅうしゃ）とは、過去に製造された自動車やオートバイなどの車両を指す語である。クラシックカー、ヒストリックカーとも（https://ja.wikipedia.org/wiki/%E6%97%A7%E8%BB%8A）

https://youtu.be/CRmWDpJhEKc?si=nF_vKDpvAKvpX1Rn

エリンギ（큰느타리 버섯）

よくわからない単語

普段（ふだん）、普通（ふつう）

① 普段（ふだん）

일상생활과 다름없이 라는 의미입니다.
비슷한 일본어로는
日頃（ひごろ）가 있으며
이것 또한
평상시, 늘 이란 의미를 가지고 있습니다.
普段はそうしないよ～
보통은 그렇게 안하지~
(평상시에는 그렇게 안하지~)
あすも普段通りにして、見直しもしっかりしてミスがないように頑張っていきたい
내일도 평소처럼 정신차리고 검토도 한 번 더 하고 실수가 없도록 열심히 하고 싶다.

② 普通（ふつう）

특별히 드물거나 진귀하지 않다.
다른 것과 크게 다르지 않은 이라는 의미입니다.
普通、それくらいは考えらるでしょう。
보통 그정도는 생각할 수 있죠~
(특별하지도 않고 그정도는 생각 할 수 있죠~)
라고 할 때 사용합니다.
普通のオムレットでも十分楽しんでいただけると思います
평범한 오믈렛이어도 충분히 즐기실 수 있다고 생각합니다.

迷う(まよう)

갈피를 못 잡다, 결단을 내리지 못하(고 망설이)다.

거취를 결정짓지 못하다

선택[판단]을 망설이다

길을 잃고 갈팡대다

住む（すむ,거주하다）

例: 「東京に住む」「友だちは山の上に住んでいる」。

暮らす（くらす,생활하다）

例: 私は都会に一人で暮らすのが好きです

過ごす（すごす,지내다）

例: 夏休みを高原で過ごしました。","[""import"",""japanese""]",2026-02-22 09:19:19.683838+00,e1848554-ffae-479c-a8cd-4c0d77b7bed2,2026-03-19 15:55:50.007522+00,0,0,0,2026-03-19 15:55:50.007522+00,0,null,null,null,false,null,null,null,null,true,f2fca5c0-18ad-4550-b17a-beffc15b317d,null,null,"{""tables"":{""1"":{""rows"":[],""columns"":[]}}}",null,[],null,null
43665ac1-794e-44fd-9ba4-83e8887e0a46,猥談（わいだん）,"猥談（わいだん）とは、性に関する淫らな話を指す。

医学、生物、歴史などを語る上で淫らでない性の話は猥談には含まれない。実体験、フィクション、小噺、ジョーク、雑談などによる淫らな話を猥談と呼ぶ。","[""import"",""japanese""]",2026-02-22 09:19:19.683838+00,e1848554-ffae-479c-a8cd-4c0d77b7bed2,2026-03-19 15:55:50.007522+00,0,0,0,2026-03-19 15:55:50.007522+00,0,null,null,null,false,null,null,null,null,true,a4bb2469-c815-426f-aba3-dde779958f19,null,null,"{""tables"":{""1"":{""rows"":[],""columns"":[]}}}",null,[],null,null
4bf6aa2e-ff02-4f31-b73f-0716d8f464fc,日本語単語勉強27,"https://youtu.be/aZZiJhmP1BQ?si=ItEfvqJRKAA7ORYA

「揉めた（もめた）」とは、「もめる」という動詞の過去形（タ形）で、何らかのトラブルや争い、意見の対立などが起こり、騒がしくなったり、混乱したりした状態を指します。具体的には「問題が起きた」「紛争になった」「いざこざがあった」「騒ぎになった」といった意味合いで使われ、人間関係や状況がこじれる様子を表す言葉です。 
「揉める」の主な意味とニュアンス
意見の対立・口論: 意見が合わず、言い争いになった場合。「彼と意見が揉めた」。
トラブル・事件の発生: 騒動や面倒な事態が起きた場合。「会社で大きな揉め事があった」。
状況の混乱: 物事がうまく進まず、ごちゃごちゃになった状態。「手続きが複雑で揉めてしまった」。
人間関係の悪化: 関係が悪くなり、ギクシャクした状態。「友達と揉めて、しばらく口をきいていない」。 
類語・関連語
いざこざ、ごたごた、もやくや、ゴタゴタ、揉め事、紛争、騒動、波乱、葛藤、トラブル。 
例文
「隣人とゴミ出しのルールで揉めた。」
「会議で重要な議題について意見が揉めた。」
「仕事のことで上司と揉めて、少し気まずい。」
つまり、「揉めた」は、何らかの形で関係や状況がこじれて、穏やかでなくなった状態を表す表現です。

屋敷（やしき）：저택","[""import"",""japanese""]",2026-02-22 09:19:19.683838+00,e1848554-ffae-479c-a8cd-4c0d77b7bed2,2026-03-19 15:55:50.007522+00,0,0,0,2026-03-19 15:55:50.007522+00,0,null,null,null,false,null,null,null,null,true,afcfa9f2-a052-468c-b8bb-fe00dd9a7795,null,null,"{""tables"":{""1"":{""rows"":[],""columns"":[]}}}",null,[],null,null
4d197f0c-1b64-4522-b54b-33a0432abf92,日本語単語勉強05,"https://youtu.be/iIePznOPfmQ?si=RjAB-HmEr1PZCgqW

車中泊（しゃちゅうはく、Van-dwelling）：自動車または電車内で夜を過ごすこと。

https://ja.wikipedia.org/wiki/%E8%BB%8A%E4%B8%AD%E6%B3%8A

納車（のうしゃ）：販売業者が購入者へ自動車などの納品をすること。納車の際には、その自動車が購入者の注文内容に即したものかの確認が行われるほか、自動車の取り扱い方法の説明などもなされる。また、修理や車検などが完了した際にその自動車を所有者に届けることを納車と呼ぶこともある。

https://www.goo-net.com/knowledge/04354/

軽ボン（けいボン）：1980年代に軽自動車の主流を占めたボディスタイルであり、ハッチバックを備えた2ボックス（あるいは1.5ボックス）スタイルのライトバン（貨物自動車の一種）である。「軽ボンバン」とも略される。

https://ja.wikipedia.org/wiki/%E8%BB%BD%E3%83%9C%E3%83%B3%E3%83%8D%E3%83%83%E3%83%88%E3%83%90%E3%83%B3","[""import"",""japanese""]",2026-02-22 09:19:19.683838+00,e1848554-ffae-479c-a8cd-4c0d77b7bed2,2026-03-19 15:55:50.007522+00,0,0,0,2026-03-19 15:55:50.007522+00,0,null,null,null,false,null,null,null,null,true,97815dc0-44e3-4096-aa53-bb1f2fa6148d,null,null,"{""tables"":{""1"":{""rows"":[],""columns"":[]}}}",null,[],null,null
526540ba-a242-4c1f-b3ab-c204f6e7390a,日本語単語勉強06,"https://www.youtube.com/watch?v=GcwUiT8AYsc

余計：더욱,쓸데없이

余計な事まで喋る。
쓸데없는것까지말한다

余計な世話ですので。
쓸데없는 참견입니다

そんな話を聞くと余計に心配になる。
그런말을들으면 더욱 걱정이된다

https://skjm.tistory.com/entry/%EC%9D%BC%EB%B3%B8-%EB%93%9C%EB%9D%BC%EB%A7%88%EB%A1%9C-%EB%B0%B0%EC%9A%B0%EB%8A%94-%EC%9D%BC%EB%B3%B8%EC%96%B4-%EB%AC%B8%EB%B2%95-%E4%BD%99%E8%A8%88%E3%81%AB%E3%82%88%E3%81%91%E3%81%84%E3%81%AB#google_vignette

https://youtu.be/8K9fybbi-AQ?si=jDnYjqZ1CIhn6nT2

毛布（もうふ、英: blanket ブランケット、이불）は、ウールなどを厚く織って（あるいは編んで）起毛などの処理を施した製品[1]。日本語では、「ブランケット」を短縮して「ケット」と呼ばれることもある。

http://ja.wikipedia.org/wiki/%E6%AF%9B%E5%B8%83

https://youtu.be/b3AiOdMADYs?si=26dqEU1TllenxBLS

あだ名（あだな,nickname）：별명

https://youtu.be/5PJIJ4xlsrA?si=-T12To404u3Bt6JV

怪しい、妖しい

怪しい（あやしい）：꺼림찍하다,애매한것,불확실한,혐의
「正体や真偽がはっきりせず、不気味、不審、信用できないと感じるさま」

妖しい（あやしい）：보통과달리 이상한,신기한,신비한,매력적인,정체모를느낌
なまめかしい魅力や神秘性、または不気味さや怪しさを表す言葉です

悔しい（くやしい）：분하다아쉽다、후회스럽다、아깝다、속상하다

本当に悔しいですが、明日の試合は気持ちを切り替えて頑張ります！
(정말 아쉽지만 (좀 더 잘 할 걸!!), 내일 시합은 기분을 재정비해서 열심히 하겠습니다!)

悔しい気持ちと申し訳ない気持ちでいっぱいです。
(후회스럽고 죄송한 마음(으로 가득합니다)입니다)

「即興」（そっきょう、英: Improvisatio）とは、その場で考えたり、思いついたりしたことを、その場で表現することです

褒め（ほめ。英: Praise）あるいは賞讚・称讚とは、社会関係の相互作用の一形式であり、肯定的な評価、励まし、感歎の念（英語版）などを伝えることである。これは言葉だけでなく、ボディーランゲージ（表情や身振り）によっても伝えられる。","[""import"",""japanese""]",2026-02-22 09:19:19.683838+00,e1848554-ffae-479c-a8cd-4c0d77b7bed2,2026-03-19 15:55:50.007522+00,0,0,0,2026-03-19 15:55:50.007522+00,0,null,null,null,false,null,null,null,null,true,aeb41c5e-d723-48a6-bb59-a55f81668b83,null,null,"{""tables"":{""1"":{""rows"":[],""columns"":[]}}}",null,[],null,null
5442e4ad-0b38-41f1-bc96-781047a47a88,日本語単語勉強26,"https://youtu.be/QSfp39HAhQA?si=oF9ZTI0kMcZRxrEh

「表す（あらわす）」は、心の中にある思いや考え、形に見えないものを、言葉、表情、絵などを使って外に示したり、表現したりするという意味の動詞です。また、「現す（あらわす）」と混同されがちですが、「表す」は主に抽象的なものを表現する（例：喜びを表す）、一方「現す」は隠れたものや姿を明らかにする・現出させる（例：正体を現す）というニュアンスの違いがあります。 
主な意味と使い方
表現する（言葉、表情、絵などで）
例：「感謝の気持ちを言葉で表す」「この絵は私の感情を表している」
ポイント: 抽象的な感情や意図を具体化する。
意味する・示す
例：「このマークは危険を表す」「花言葉が嫉妬を表す」
ポイント: ある特定の意味や象徴を伝える。
（著す）書き記す・出版する
例：「古の出来事を文章に表す（著す）」
ポイント: 物語や記録を世に出すこと。 
「表す」と「現す」の使い分け
表す（おもてに、表）: 内面的なもの（感情、思想、意味）を表現する。
現す（あらわす、現）: 隠れていたもの（姿、事実、能力）を外に出して見えるようにする。 
例文
「彼の顔に表れた喜び」 → (隠れていた喜びが)現れた。
「彼の笑顔が喜びを表している」 → 感情を表現している。

乙女（おとめ）：결혼안한여성

https://m.blog.naver.com/062028/222062587257

https://youtu.be/lgKzMk1b1ns?si=C_195MmQvfYoNwmP

「割り勘（わりかん）」とは、複数人で飲食した際の代金を人数で均等に分けること、または各自が自分の注文分を支払うことの略で、「割り前勘定」の略称です。支払いを公平にするために、専用のアプリやQRコード決済の送金機能を使って精算することも一般的で、最近ではデート代としてもよく使われます。 
割り勘の主な意味と使い方
人数で均等に分ける: 最も一般的な意味で、総額を人数で割り、参加者全員が同じ金額を支払います。上司・部下など関係性に応じて負担割合を変えることもあります（「頭割り」とも呼ばれます）。
各自の注文分を支払う: 自分の食べたもの・飲んだものだけを払う場合も「割り勘」と呼びます。
正式名称: 「割り前勘定（わりまえかんじょう）」の略で、「割り前（取り分）」と「勘定（会計）」を合わせた言葉です。 
割り勘の精算方法
現金: 注文ごとに別会計にしてもらうか、店員に内訳を伝えて支払います。
QRコード決済: 「個人間送金」機能を使えば、手数料なしで素早く精算できます。
割り勘アプリ: 立て替え記録をつけ、自動で最適な清算額を計算してくれる「groupay」や「Walica」などがあります。 
英語表現
「Let's split the bill.（割り勘にしましょう）」。
「Can we have separate checks, please?（別々でお願いします）」。

結構（けっこう）：훌륭함,좋음,부족함이[더할 나위] 없음,만족스러움,다행임,괜찮음,이제 됐음(정중하게 사양하는 뜻으로도 씀),그런대로,제법,충분히

https://m.blog.naver.com/sonyloves/222518836946
https://m.blog.naver.com/airads/222147154059

우리말의 「뒤」라는 의미를 가진 일본어는 あと、うしろ、うら、のち
그 차이점에 대해서 알아봅시다.
 
https://blog.naver.com/vj8689/220389061780 

1. 後(あと)
 
① 위치적으로 뒤, 뒤쪽
ㆍ先生の後に立っている。선생님 뒤에 서 있다.
② 시간적으로 뒤, 나중, 다음
ㆍ三日後に旅行に行きます。3일 뒤에 여행을 갑니다.
③ 뒷일, 뒤의 사람, 나머지
ㆍ私は帰りますから、後をお願いします。저는 귀가할 테니까 뒤를 부탁합니다.
 
 
2. 後ろ(うしろ)
 
前(まえ)의 반대개념으로 뒤, 뒤쪽, 뒷모습, 그늘
ㆍ人の後ろに隠れる。사람 뒤에 숨다.
ㆍ家の後ろに木を植える。집 뒤에 나무를 심다.
 
 
3. 裏(うら)
 
「表(おもて)」의 반대개념으로 뒷면, 뒤쪽, 안(감), 이면
ㆍそのレコードの裏をかけてください。그 레코드의 뒷면을 틀어주십시오.
 
 
4. 後(のち)
 
① 어떤 일의 뒤, 어떤 일이 끝나고 나서의 뒤
ㆍ今日の天気は晴れ後曇りだとラジオで言った。
오늘 날씨는 맑은 뒤 흐림이라고 라디오에서 말했다.
② 미래, 장래
ㆍ後の世のために名作を残す。다음 세상을 위해서 명작을 남기다.","[""import"",""japanese""]",2026-02-22 09:19:19.683838+00,e1848554-ffae-479c-a8cd-4c0d77b7bed2,2026-03-19 15:55:50.007522+00,0,0,0,2026-03-19 15:55:50.007522+00,0,null,null,null,false,null,null,null,null,true,d70b4601-f90d-4613-8791-92b03c9d55bd,null,null,"{""tables"":{""1"":{""rows"":[],""columns"":[]}}}",null,[],null,null
57f7c88a-0949-4e89-8539-bdd59fdf3b45,日本語単語勉強19,"https://youtu.be/ORlD5Z5e49s?si=oOwALj9Ju05dlGqJ

処世術（しょせいじゅつ）とは、社会生活や人間関係を円滑に送り、世渡りをうまくするための知恵や技術、方策のことです。具体的には、相手の話をよく聞く（聞き上手になる）、笑顔を心がける、相手を具体的に褒める、知らないことは知らないと言う、約束を守る、感謝を伝えるといったコミュニケーションスキルや、状況に応じて柔軟に対応する能力などが含まれ、ビジネスシーンでの人間関係構築にも役立ちます。

https://youtu.be/4z2K_o3vNpM?si=Pn8GvNeeCLhZKhB6

養子（ようし）とは、血縁関係のない他人の子どもを法律上の親子関係を結び、自分の子どもとして迎え入れる制度、またはその子どものことで、実の親子と同じ権利義務（相続など）が発生します。

養子縁組（ようしえんぐみ）は、具体的な血縁関係とは無関係に人為的に親子関係を発生させることをいう。英語では ""adoption"" といい（第2義）、日本語にもこれを音写した外来語「アダプション」「アドプション」がある。
https://ja.wikipedia.org/wiki/%E9%A4%8A%E5%AD%90%E7%B8%81%E7%B5%84
https://www.moj.go.jp/MINJI/kazoku/youshi.html

「盛りあがり（もりあがり）」とは、気分や勢い、場の雰囲気などが高まること、または高く盛り上がった状態を指し、熱気や興奮が最高潮に達している様子を表します。イベント、会話、スポーツ観戦などで、人々が一体となって熱中し、非常に賑わい、興奮している状態を「大盛り上がり」「最高潮に盛り上がる」のように表現します。 
主な意味
気分・感情が高まる: 興奮する、テンションが上がる、ボルテージが上がる。
状況・雰囲気が熱を帯びる: 熱気が高まる、大いに沸く、大フィーバーする。
物理的に盛り上がる: 高く盛り上がった部分。 
例文
「ライブ会場は観客の熱気で大盛り上がりだった。」
「試合の終盤、同点に追いつき、スタジアムは最高潮に盛り上がった。」
「今日のパーティーは、みんなのおかげでとても盛り上がったね！」
類語・関連表現
興奮: 感情が高ぶる様子。
熱狂: 熱狂的になること。
ヒートアップ: 状況が激しくなること。
賑わい: 人が多く集まり、活気があること。

https://youtu.be/9ZCy0rEbipo?si=9sYZyuEA4NMlWfVl

包丁（ほうちょう、庖丁、부엌칼）は、多義語であるが (cf. wikt)、一つには「包丁刀/庖丁刀（ほうちょうがたな）」の略称で、調理に用いる刃物の総称（その日本語名称）であり、係る語意においては包刀/庖刀（ほうとう）ともいう。
https://ja.wikipedia.org/wiki/%E5%8C%85%E4%B8%81

「きっかけ」とは、物事を始めるための手がかり、原因、動機、または機会を指す言葉で、「~がきっかけで」のように使われ、ある出来事が別の行動や変化を引き起こす「引き金」や「契機」のような意味合いで使われます。漢字では「切っ掛け」と書き、「切る」と「掛ける」という動作が合わさった言葉です。﻿
主な意味と使い方
物事の始まりの要因:「彼と出会ったのがきっかけで、海外旅行に興味を持つようになった」のように、ある行動や変化が起こる直接的な原因を示す。﻿
手がかり・糸口:「事件解決のきっかけをつかむ」のように、問題解決のための手がかりや端緒を指す。﻿
舞台用語:歌舞伎などで、俳優の出入りや照明の変化を指示する合図の意味もある（「下座にきっかけを渡す」）。﻿
類語（言い換え）
契機（けいき）:やや硬い表現で、好機や機会を意味する。
発端（ほったん）:物事の始まり、根本を指す。
動機（どうき）:行動を起こす内面的な理由。
トリガー:英語由来で、引き金や誘因。
呼び水（よびみず）:他の事柄を誘発するきっかけ。﻿
例文
「この本を読んだのがきっかけで、歴史に詳しくなった。」﻿
「新しいプロジェクトのきっかけとなるアイデアが生まれた。」﻿
「何かのきっかけで、人生が変わることもある。」

https://youtu.be/lznvzuYiieg?si=HlAVyai557U4_8id

「隙間（すきま、빈틈,틈새기,짬,겨를）」とは、物と物の間にできるわずかな空間を指し、転じて時間的な余裕（ひま）、見落としがちな盲点、心の油断などを意味する言葉で、「すき」や「間（あいだ）」、「空隙（くうげき）」などが類語です。物理的な空間だけでなく、比喩的な意味で使われることが多いのが特徴で、「法の隙を衝く」「心の隙につけ込む」のように使われます。﻿
主な意味と使い方
物理的な空間:
「戸の隙間から光が漏れる」﻿
「板塀の隙間だらけ」﻿
比喩的な意味（盲点・弱点）:
「法の隙を衝く（ほうのすきをつく）」：法律の抜け穴や見落としを利用する。﻿
「隙間産業（すきまさんぎょう）」：特定のニーズ（隙間）を狙った産業。﻿
時間的な余裕（ひま・合間）:
「家事の隙間をみて勉強する」。﻿
心の油断・隙:
「心の隙につけ込む」：相手の気のゆるみや弱みにつけ込む。﻿
関連語・類語
すき:隙間と同じ意味で使われることも多い。﻿
間・あいだ:空間や時間的な隔たり。﻿
空隙（くうげき）:物と物の間にできる空間。﻿
ニッチ:ビジネス用語で、特定のニーズを持つ市場の「隙間」を指す。﻿
このように、「隙間」は非常に多様な文脈で使われる、多義的な言葉です。

「お揃い（おそろい、아웃핏 매칭）」とは、衣服や持ち物などの色・柄・デザインが同じ、または似ている状態を指し、友人・恋人・家族などで楽しむコーディネートやアイテムを意味します。略して「おそろ」とも言われ、ペアルック、リンクコーデ、シミラールックなど、親しい人との一体感や特別感を表現するファッションとして人気で、**「かぶった」**という場合は意図せず同じものになった状態を指します。﻿
「お揃い」の主な関連用語
ペアルック:全く同じデザインや色の服を着ること。﻿
リンクコーデ:全く同じでなくても、どこかに共通の要素（色、柄、アイテムなど）を取り入れた着こなし。﻿
シミラールック:「似ている」という意味で、テーマを決めてそれぞれが自由にアレンジする、さりげないお揃いコーデ。﻿
双子コーデ:仲の良い友達同士が同じような服装をすること。﻿
「お揃い」が使われるシーン
カップル:ペアウォッチやペアアクセサリーなど、記念のアイテム。﻿
友人・家族:テーマを決めてお揃いのTシャツやスニーカー、小物などを楽しむ。﻿
ポイント﻿
「お揃い」は、意図して揃えるポジティブな意味合いが強いです。
「かぶった」は、偶然同じものになってしまった時に使う否定的なニュアンスがあります。
このように、「お揃い」は親しい関係性を示すファッションやアイテムとして、様々な形で楽しまれています。
from ChromeAI
https://ja.wikipedia.org/wiki/%E3%81%8A%E6%8F%83%E3%81%84

「合間（あいま、틈、짬）」とは、物事と物事の間の短い時間や隙間を指し、「いとま」「すきま」と同義で、時間的な意味で使われることが多い言葉です。例えば、「仕事の合間」「食事の合間」のように、ある活動と別の活動の合間にできる短い時間（すきま時間）を表し、「合間を縫って（縫う）」などの表現で使われます。 
主な意味
物事の間の時間・隙間: 「会議の合間にコーヒーを飲む」のように、2つの事柄の間に生じる時間的・空間的な「ひま」のこと。
副次的な時間: 「本業の合間に別の仕事をする（片手間）」のように、本来の活動の合間にできる短い時間のこと。 
関連する表現
合間を縫う（あいまをぬう）: 忙しい中で、なんとか時間を見つけて用事を済ませる、という意味の慣用句。
合間を見て（あいまをみて）: 空いた時間を利用して、という意味。 
類語
いとま、すきま、暇（ひま）、片手間（かたてま）、間（ま）。 
英語での表現例
interval, meantime, meanwhile, between times, interlude など。

https://enuncia.online/ja/2025/01/09/blog153-ja/#google_vignette

「焼ける」は、火がついて燃える、熱せられて熱くなる、日光などで変色する（肌が黒くなる、カーテンが褪せる）、食べ物が火を通されて調理される、空や雲が赤く染まる、そして「世話が焼ける」「胸が焼ける」のように比喩的に「面倒を見る」「心焦がれる」といった、火や熱、光による状態変化や感情・状況を表す多義的な動詞です。 
主な意味
火災・燃焼: 火がついて燃え上がる、燃え尽きる。「家が焼ける」「火事が焼ける」。
熱せられる: 熱源に当たって熱くなる。「鉄板が焼ける」「土が焼ける」。
調理・加工: 火や熱が通って食べられる状態になる、または製品になる。「魚が焼ける」「パンが焼ける」「炭が焼ける」。
日光・光による変化:
肌: 日光や紫外線で黒くなる。「肌が焼ける」。
色: 日光で色褪せる、空が赤く染まる。「カーテンが焼ける」「西の空が焼ける」。
比喩表現:
世話が焼ける: 面倒を見て苦労する状態。「子供の世話が焼ける」。
胸が焼ける: 心が焦がれる、悲しくなる。「恋に胸が焼ける」。
妬ける（やける）: ねたましく感じる（「やける」と表記されることもある）。 
自動詞「焼ける」と他動詞「焼く」
焼ける（やける）: 自動詞（～が焼ける）。火事になったり、熱くなったりする状態を表す。「家が焼ける」。
焼く（やく）: 他動詞（～を焼く）。人が火をつけたり、加熱したりする動作を表す。「家を焼く」「魚を焼く」。 
類語
燃える、焦げる、火照る、炎上する、焼け落ちる、褪せる。

「燃える（もえる）」は、物質が酸素と熱によって発光・発熱する現象（燃焼）、または感情や気力が激しく高まる状態を表し、「燃やす（もやす）」が「火をつける」という他動詞なのに対し、「燃える」は「物が燃え上がる」という自動詞である点がポイントです（例：紙が燃える vs. 紙を燃やす）。また、サブカルチャーでは「炎上する」のような意味で使われたり、漢字が異なる「萌える（もえる）」（草木が芽吹く、魅力的に感じる）と混同されることもあります。 
1. 物理的な「燃える」
定義: 可燃物（ガス、木、紙など）、酸素、熱の3要素（火の三角形）が揃うことで、発熱・発光する化学反応（酸化反応）が起こることです。
例: 「家が燃える」「ろうそくが燃える」「木材が燃える」。 
2. 感情・気力の「燃える」
定義: 感情や情熱が炎のように激しく高まる様子を表します。
例: 「希望に燃える」「試合で燃える」「目標に向かって燃える」。 
3. インターネットスラングとしての「燃える」
定義: 特定の人物や話題に否定的な意見が殺到し、大騒ぎになる「炎上」状態を指すことがあります。
例: 「あの投稿が燃えている」。 
4. 漢字の使い分け
燃える（もえる）: 物理的な燃焼や情熱。「山が燃える」「情熱に燃える」。
萌える（もえる）: 草木が芽吹く、または特定のアニメ・漫画などのキャラクターや作品に強く心を惹かれる（「萌え」）こと。「新緑が萌える」「推しが尊くて萌える」。 
5. 「燃える」と「燃やす」の違い
燃える（自動詞）: 物が勝手に（または自然に）燃焼する。「紙が燃える」。
燃やす（他動詞）: 人が意図的に火をつけて燃やす。「紙を燃やす」。

https://blog.naver.com/maisensei-japanese/222656828311

酸素（산소、さんそ、英: oxygen、羅: oxygenium、仏: oxygène、独: Sauerstof、）は、原子番号8の元素（O）であり、空気の約21%を占める無色無臭の気体です。生物の呼吸や燃焼に不可欠で、他の物質を酸化させる性質を持っています。工業分野では金属の溶接・切断や製鉄などに、医療分野では酸素吸入に利用され、その他にも排水処理など幅広い用途があります。 酸素の性質 化学的性質: ほとんどの元素と化合して酸化物を作ります。物理的性質: 空気よりわずかに重い気体ですが、液体や固体にすると淡い青色になります。同素体: 通常は2原子分子(\(O_{2}\))で存在しますが、3原子分子のオゾン(\(O_{3}\))も存在します。 主な用途 産業用途:鉄鋼業: 不純物を取り除くために使用されます。金属加工: 酸素アセチレン炎などを用いて金属の溶接や切断に使われます。化学工業: 酸化剤として、または廃水処理の曝気（ばっ気）に利用されます。ロケット: 推進剤として使用されます。医療用途:酸素吸入: 肺機能が低下した患者への治療に用いられます。その他:生命維持: 生物の呼吸に不可欠で、体内で栄養分を燃やしてエネルギーを生み出します。日用品: 使い捨てカイロは、鉄と酸素の反応熱を利用しています。

「出来上がり（できあがり）」は、物事が完成すること、作り終えること、またはその完成した状態や出来栄えを指す言葉です（例：料理の出来上がり、作品の出来上がり）。英語では「completion」「finished product」「ready」などが文脈によって使われ、物事の完成や仕上がりの良さを表します。 
意味と使い方
完成した状態: 「このケーキの出来上がり、すごいね！」（完成度を褒める）。
完成した物: 「これ、私の出来上がりです」（完成品そのものを指す）。
動詞「出来上がる」の名詞形: 「出来上がる」という動詞（仕上がる、完成する）が名詞になったもの。 
類語・言い換え
完成、仕上がり、出来栄え
完成形、最終形態 
英語表現
Completion: 完成、完了
Finished product: 完成品
Ready: 準備ができた、出来上がった 
例文
「新しい服の出来上がりを待っている。」（完成を待つ）
「彼の絵の出来上がりは素晴らしい。」（出来栄えを褒める）
「お待たせしました、出来上がりです！」（完成品を渡す時など）

「沈む（しずむ）」は、水中に没する（船、島）、太陽や月が水平線に隠れる（夕日、月）、気分が落ち込む・元気がなくなる（気持ちが沈む）、地盤や床が低くなる、物事が不振になる・落ちぶれる、色や音が地味になるなど、物理的な下降から心理的な状態、比喩的な意味まで幅広く使われる動詞です。 
主な意味と例文
水中に没する・沈降する:
「船が海に沈む」（漢字ペディア）
「ボートが沈む」（コトバンク）
太陽・月などが隠れる:
「夕日が水平線に沈む」（漢字ペディア）
気分が落ち込む・元気がなくなる:
「気分が沈む」（漢字ペディア）
「彼は希望を失い、心まで沈んだ」（Weblio古語辞典）
周囲より低くなる・めり込む:
「地盤が沈む」（コトバンク）
「頭が枕に沈む」（コトバンク）
不振になる・落ちぶれる:
「商売が沈む」
「どん底に沈む」（漢字ペディア）
色・音が地味になる:
「色が沈む」「音が沈む」 
関連語（漢字：沈）
沈没（ちんぼつ）：水中に沈み、底につくこと。
沈黙（ちんもく）：黙り込むこと。
沈着（ちんちゃく）：落ち着いていること。
消沈（しょうちん）：元気がなくなること。 
英語での表現
Sink: 物が水に沈む、気分が落ち込む（feel down, depressed）など。
Set: 太陽や月が沈む（The sun sets）。","[""import"",""japanese""]",2026-02-22 09:19:19.683838+00,e1848554-ffae-479c-a8cd-4c0d77b7bed2,2026-03-19 15:55:50.007522+00,0,0,0,2026-03-19 15:55:50.007522+00,0,null,null,null,false,null,null,null,null,true,7639b2ae-d8b0-483f-8ab0-20f2eec135fe,null,null,"{""tables"":{""1"":{""rows"":[],""columns"":[]}}}",null,[],null,null
593748a2-3b1c-4d90-aa0f-fa45e244a9ca,日本語単語勉強21,"Netflix オクラ∼迷宮入り事件捜査∼

至急（しきゅう）
- 매우 급한 상황
- 지체하면 안 되는 상태
- 공식적 / 문서·방송·지시에서 자주 등장

단어	포인트
至急	즉시 처리 필요 (공식)
緊急	위험·사고·재난
急ぎ	말하기용, 비교적 캐주얼
早急	빨리 하긴 해야 함 (비즈니스)

from ChatGPT

https://sknihongo.com/ko/jisho/%E8%87%B3%E6%80%A5-shikyuu/

------------------------------------------------------------------------------------

1️⃣ マジ（まじ）
📌 일본어 설명

驚き・強調を表すカジュアルな言葉。
若者が会話でよく使う。

📌 일본어 예문

マジで？

マジうまい！

📌 뉘앙스 한 줄 (일본어)

「本当？」より軽くて感情的。

팁
👉 マジ는 감정 반사에 가깝다고 생각하면 일본어로도 헷갈리지 않습니다.

2️⃣ 本当（ほんとう）
📌 일본어 설명

事実であるかどうかを確認するときに使う言葉。
フォーマル・カジュアル両方で使える。

📌 일본어 예문

本当ですか？

それは本当だ。

📌 뉘앙스 한 줄 (일본어)

感情より「事実」に重点。

팁
👉 일본어 설명에 **事実(じじつ)**라는 단어가 나오면 거의 本当 계열입니다.

3️⃣ 本気（ほんき）
📌 일본어 설명

冗談ではなく、真面目にやる気がある状態。
意志・覚悟を表す。

📌 일본어 예문

本気で勉強する

彼は本気だ

📌 뉘앙스 한 줄 (일본어)

「やる気・決意」を表す言葉。

팁
👉 本気는 앞으로 할 행동과 함께 나오는 경우가 많아요.

4️⃣ 真剣（しんけん）
📌 일본어 설명

態度や表情がとても真面目なこと。
話・表情・姿勢に使われることが多い。

📌 일본어 예문

真剣な話

真剣な表情

📌 뉘앙스 한 줄 (일본어)

「態度・様子」がポイント。

팁
👉 真剣은 이미 집중 중인 상태라고 이미지로 기억하세요.

5️⃣ ガチ
📌 일본어 설명

「本当に」「本気で」という意味の若者言葉。
冗談ではないことを強調する。

📌 일본어 예문

ガチでうまい

ガチで言ってる？

📌 뉘앙스 한 줄 (일본어)

マジよりも「本物感」が強い。

팁
👉 ガチ는 설명에 若者言葉가 보이면 바로 이 계열입니다.

6️⃣ 일본어 기준 한눈 비교 (이건 꼭 저장)
단어	일본어 키워드
マジ	驚き・強調
本当	事実
本気	意志・覚悟
真剣	態度・様子
ガチ	若者言葉・本物

팁
👉 일본어 단어 옆에 이 키워드 하나만 적어도 복습이 됩니다.

https://m.blog.naver.com/goosense/222595341565

1️⃣ えぐい의 핵심 정체 (한 문장 요약)

えぐい = 정도가 상식을 넘어섰을 때 나오는 감탄

좋을 때도, 나쁠 때도 씁니다.
중요한 건 **강도(세기)**예요.

팁
👉 “좋다/나쁘다”가 아니라
👉 와… 선 넘었네 이 느낌을 먼저 잡으세요.

2️⃣ 원래 뜻 vs 지금 쓰임 (이걸 알아야 감이 잡힘)
🔹 원래 의미

맛이 쓰고 역하다

상처가 깊고 잔인하다

👉 그래서 기본적으로 강하고 거친 이미지가 깔려 있음

🔹 요즘 슬랭 의미

너무 심하다

너무 대단하다

너무 충격적이다

팁
👉 긍정/부정이 아니라 충격량이 기준입니다.

3️⃣ 실제 대화에서의 느낌 분류
✅ 긍정 쪽 (요즘 제일 많음)

このラーメン、えぐい
→ 와 이거 미쳤다(너무 맛있다)

あのプレー、えぐくない？
→ 방금 플레이 말도 안 되지 않냐?

👉 존나 / 미쳤다 / 말 안 됨 계열

팁
👉 목소리 톤이 올라가면 거의 긍정입니다.

⚠️ 부정 쪽

仕事量えぐい
→ 일 양이 미쳤다 (너무 많다)

ダメージえぐい
→ 피해가 심각하다

👉 “버거움, 과함”

팁
👉 한숨이 섞이면 부정입니다 😮‍💨

4️⃣ えぐい vs ヤバい vs ガチ (이 비교 중요)
단어	핵심 느낌
ヤバい	넓고 애매한 만능
ガチ	진정성 인증
えぐい	강도 MAX, 선 넘음

한 줄로 정리하면

ヤバい = 와…

ガチ = 진짜로

えぐい = 이건 좀 심한데?

팁
👉 えぐい는 ヤバい의 상위호환 느낌으로 기억하세요.

1️⃣ 먼저 한 문장 핵심 요약

------------------------------------------------------------------------------

おどろいた → 상황을 이해하고 놀람

びっくりした → 반사적으로 튀어나온 놀람

👉 감정의 깊이 vs 순간성 차이라고 보면 됩니다.

팁
👉 “얼마나 놀랐나?” ❌
👉 “어떻게 놀랐나?” ⭕

2️⃣ おどろいた（驚いた）の 핵심 감각
📌 본질

예상 밖의 사실·결과·정보를 받아들이고 드는 놀람

📌 특징

생각이 개입됨

이해 후 감정 발생

비교적 차분함

글/말 모두 자연스러움

📌 예문

結果を聞いて驚いた

彼の成長に驚いた

👉 “아… 그런 일이 있었어?” 느낌

팁
👉 おどろいた는 머리 먼저, 감정 나중입니다.

3️⃣ びっくりした의 핵심 감각
📌 본질

갑작스러운 자극에 대한 신체 반사적 놀람

📌 특징

생각 없이 튀어나옴

순간적

감탄사와 잘 붙음

구어체에 강함

📌 예문

急に声をかけられてびっくりした

びっくりした！

👉 “으악!”, “헉!” 느낌

팁
👉 びっくり는 몸이 먼저 반응합니다.

4️⃣ 같은 상황으로 비교해보면 차이가 확실해짐
상황: 친구가 갑자기 상을 받았다는 소식

へえ、驚いた
→ 결과를 이해하고 놀람

（전화 오자마자）びっくりした
→ 갑작스러운 소식에 반사

팁
👉 시간이 0초냐, 1초라도 있느냐가 기준입니다.

----------------------------------------------------------------------------

がっかりした
- 기대가 빗나감
- 기분이 내려앉음
- 회복 가능

失望した
- 신뢰/희망 붕괴
- 대상: 사람·조직
- 무겁고 조심

---------------------------------------------------------------------------

きっかけ
- 개인 경험
- 시작 버튼
- 회화용

契機
- 변화 설명
- 객관적 전환점
- 기사/문서용

------------------------------------------------------------

きっかけ
- 시작 트리거
- 개인 경험

理由
- 선택 설명
- 납득용

原因
- 결과 발생 요인
- 분석/책임","[""import"",""japanese""]",2026-02-22 09:19:19.683838+00,e1848554-ffae-479c-a8cd-4c0d77b7bed2,2026-03-19 15:55:50.007522+00,0,0,0,2026-03-19 15:55:50.007522+00,0,null,null,null,false,null,null,null,null,true,40752f5f-b77d-430a-8b51-5d3974c54873,null,null,"{""tables"":{""1"":{""rows"":[],""columns"":[]}}}",null,[],null,null
597dab6f-401d-447d-9782-2583ccd1092c,日本語単語勉強03,"https://youtu.be/C2eJDI0Hlvs?si=bAjVI4X1gpyveqpz

餡掛け（あんかけ）とは、調味液（煮汁）に水あるいは出汁で溶いたデンプン（葛粉、片栗粉（じゃがいも澱粉）など）を加えて加熱しとろみを付けそれをかけた料理の総称[1][2][3]。また、特に調味しただし汁に水溶きの葛粉や片栗粉を用いてとろみを付けたうどんやそばのこと（https://ja.wikipedia.org/wiki/%E9%A4%A1%E6%8E%9B%E3%81%91）

https://youtu.be/NkdTFGDXC2o?si=EJPWsoVydbAOI3uO

「パチもん」と「バッタもん」

「パチもん」

「パチ」は「嘘っぱち」の語尾＋「もん」は「物」

（「物を盗む」ことを「パチる」というので、「（盗む）の意」等、諸説あります）

本物ではないが、元の製品に忠実に作られた模倣品や、品質の良いコピー商品を指します。パチもんは見た目が本物と非常に似ているため、一見すると見分けがつかないことがあります。

「正規の流通ルートで仕入れたものでない正規品」のことで、賞味期限切れもしくは期限切れ間近の商品、使用に支障はないが包装の外観が劣化したB級品や棚崩れ品、企業倒産により流れるものなど、正規のルートでは売りさばきにくい商品が多く、格安で売られることに使用される言葉で「偽物」の意味はありませんでした。

（https://www.iwaicosmo.net/report/post_499.html）

https://youtu.be/ntjTXlIqaqE?si=4wpRHL7RIVv0NirH

面倒、面倒くさい（めんどくさい、귀찮다）

'귀찮다'는 일본어로 「面倒くさい」(멘도쿠사이) 라고 표현합니다. 간단하게는 「面倒」(멘도) 라고 말하기도 하며, '귀찮네요'처럼 조금 더 정중하게 말하고 싶다면 「面倒くさいですね」(멘도쿠사이데스네) 또는 「面倒ですね」(멘도데스네) 라고 할 수 있습니다.
기본형: 面倒くさい (멘도쿠사이)
뜻: 귀찮다, 성가시다
정중한 표현: 面倒くさいですね (멘도쿠사이데스네) 또는 面倒ですね (멘도데스네)
뜻: 귀찮네요
명사형: 面倒 (멘도)
뜻: 귀찮음, 성가심

動画、映像

https://thingmedia.jp/6395
https://m.blog.naver.com/shaedong10/222066814640

動画（どうが・英: moving image）コンピュータなどの画像の中でも特に動きのあるもの
（https://ja.wikipedia.org/wiki/%E5%8B%95%E7%94%BB）","[""import"",""japanese""]",2026-02-22 09:19:19.683838+00,e1848554-ffae-479c-a8cd-4c0d77b7bed2,2026-03-19 15:55:50.007522+00,0,0,0,2026-03-19 15:55:50.007522+00,0,null,null,null,false,null,null,null,null,true,524e00ea-e987-4a46-a79b-d95af7465cd0,null,null,"{""tables"":{""1"":{""rows"":[],""columns"":[]}}}",null,[],null,null
64f69f29-a886-422f-b46f-c501826e4987,「怒る」と「腹立つ」の違い,"「怒る」「腹立つ」は、不快な状況や態度に対して不満や憤りを感じる気持ちを表し、「腹が立つ」は特に深く怒っている状態を指します。類語には「憤慨する」「ムカつく」「イライラする」などがあり、「怒る」は感情のコントロールの問題や、ストレス、栄養不足、ADHDなどの心身の症状とも関連することがあります。 
意味とニュアンス
怒る: 一般的な「怒り」の感情を表す動詞。
腹が立つ（腹立つ）: 腹の底から湧き上がるような、より強く、深く不満や怒りを感じる状態。「頭にくる」よりも強い怒りで使われることが多い。
例文: 「彼の無礼な態度に腹が立った」「そんなことで怒るなんて」 
関連する言葉（類語・表現）
強い怒り: 激怒する、腹の底から怒りがこみ上げる、カンカンになる。
不満・イライラ: ムカつく、イライラする、向っ腹を立てる。
状況・原因: 不安障害、不眠症、ADHD、栄養不足（ビタミンB群、マグネシウム不足）などがイライラの原因になることもあります。 
怒りとの向き合い方
自分の問題: 怒りの原因は相手ではなく「自分の中にある」と捉え、自分の感情の責任として受け止める視点も重要です（アサーティブジャパンの考え方）。
心身への影響: 怒りやストレスは血圧上昇や心臓病リスクを高める可能性があり、自律神経の乱れを招くこともあります。","[""import"",""japanese""]",2026-02-22 09:19:19.683838+00,e1848554-ffae-479c-a8cd-4c0d77b7bed2,2026-03-19 15:55:50.007522+00,0,0,0,2026-03-19 15:55:50.007522+00,0,null,null,null,false,null,null,null,null,true,9592d16f-9a3f-4828-9594-2383298256be,null,null,"{""tables"":{""1"":{""rows"":[],""columns"":[]}}}",null,[],null,null
6ac62191-2e35-48d4-ad9b-4a29288203c1,日本語単語勉強23,"「改めて（あらためて）」は、「もう一度」「別の機会に」「今さらのように」といった意味で使われ、何かを再確認したり、新しい視点で見つめ直したり、改めて開始する際に用いる言葉です。ビジネスシーンでは「改めて感謝申し上げます」「改めてよろしくお願いします」のように、丁寧さや誠意を伝える際にも頻繁に用いられます。 
主な意味と使い方
再度の行為: 「改めて確認する」「改めて連絡する」など、もう一度行う場合。
再考・再認識: 「改めて考える」「改めて見ると」のように、別の視点で深く考える場合。
新たな気持ち・態度で: 「改めまして、よろしくお願いします」のように、あらたまって挨拶やお願いをする場合。
服装などを整える: 「身だしなみを改めて」という場合もある。 
例文
「改めて、皆様のご協力に感謝いたします。」（感謝の気持ちを改めて伝える）
「改めて、この件について話し合いましょう。」（別の機会に話し合う）
「改めて、事実を確認させていただきます。」（もう一度確認する） 
注意点
「新ためて」は誤りで、「改めて」が正しい表記です。
「改めまして」は、「改める」の丁寧な表現で、既に挨拶などを交わした後に、改めて本題に入る際などに使われます。

https://m.blog.naver.com/062028/222377203267

https://youtu.be/8AcGhlMHjGo?si=oVAGK3AKaNx_cSb9

禁制（きんせい）：《古くは「きんぜい」》ある行為を禁じること。また、その法規。「男子禁制」

https://kotobank.jp/word/%E7%A6%81%E5%88%B6-481344#goog_rewarded

https://youtu.be/3_LYY6WgLQU?si=UNg5qY7l0QpUrq1D

銀杏（ぎんなん）：은행(나무)

秋になると黄金色に色づき大変美しいイチョウは、もとは中国原産の裸子植物で、中生代より太古のままの姿で生存する大変めずらしい1属1種の植物です。

葉の形状は扇形で葉先が波形となる。雌雄異株で花は4月の新葉と共に開き、雄花は尾状花序、雌花は有梗で1～2個つける。果実は球形で秋に黄熟します。

この秋に落ちた果実の多肉質の部分(外種皮)は悪臭を放つことでも知られるが、皮膚炎を起こす物質も含まれているため、手指を介して間接的に接触した体の部位に炎症や浮腫性紅班等を起こします。

熟して落ちた果実から、その外種皮を取り除き、乾燥すると内種皮に包まれた白果ができます。これが食用とされる銀杏です。さらに内種皮を除いたものを白果仁と称し、中国の古書｢本草綱目｣にも咳、喀痰、気管支喘息などに効果がある鎮咳去痰薬として収載されています。

https://www.ginnan-ice.jp/ginnan/

https://youtu.be/X1GRGddvSiI?si=HvZ-NdVGgcLltmSY

「細い」（ほそい）は、太さや幅が小さいこと、隙間が少ないこと、細かいこと、詳細であることなどを表す日本語で、英語では ""thin"", ""slender"", ""narrow"", ""fine"", ""detailed"" などが該当します。物理的なもの（細い線、細い髪）から、抽象的な事柄（詳細、些細なこと）まで幅広く使われ、反対語は「太い」（ふとい）です。 
主な意味と例文
太さが小さい（Thin/Slender/Narrow）
細い線 (hosoi sen) - A thin line.
細い腕 (hosoi ude) - Slender arms.
細い道 (hosoi michi) - A narrow path.
細かい（Fine/Minute）
細筆 (hosofude) - A fine brush.
細菌 (saikin) - Bacteria (microscopic organisms).
詳細である、詳しい（Detailed/Minute）
詳細 (shousai) - Details.
委細 (isai) - Particulars/Details.
取るに足りない、些細な（Trivial/Minor）
細事 (hosogoto) - Trivial matters.
些細 (sasai) - Minor/Trivial (as in 些細なこと - sasai na koto). 
類語（同義語）
小さい (chiisai), ちっちゃい (chicchai).
微細 (bisai) - Very fine, minute.
繊細 (sensai) - Delicate, sensitive, fine. 
反対語
太い (futoi) - Thick, fat, broad.

https://youtu.be/i8atMqHCKoc?si=_wTK4wA2tQgBgDwB

「ツッコまれた」とは、主に漫才やコントなどの会話で、ボケ（面白いこと、おかしなこと）に対して、ツッコミ役が鋭く鋭い指摘や反論（ツッコミ）を入れること、またはそのように言及される状態を指し、「指摘された」「（話を）掘り下げられた」「鋭いことを言われた」といったニュアンスで使われます。 
主な意味と使われ方
会話での状況: 自分が言ったことやしたことに対して、相手から「なぜそうなるの？」「それはおかしいよ」といった形で反論や指摘が入る状況。
比喩的な意味:
鋭い指摘: 自分の発言の矛盾点や本質的な部分を突かれること。
掘り下げられる: 話題として深く取り上げられ、深掘りされること。
（ちょっとした）いじり: 親しい間柄で、冗談めかして面白おかしく指摘されること。
類語: 指摘される、突っ込みを受ける、言及される、論及される、批判されるなど。 
具体例
「あの映画の話をしたら、友人に『設定が無理ある』ってツッコまれた。」（設定の矛盾点を指摘された）
「会議で発言したら、上司に『具体的にどういうこと？』とツッコまれた。」（発言を深掘りされた、明確化を求められた）
「ツッコまれた」は、相手からの反応によって、少し困惑したり、反省したり、面白がったりと、様々な感情を伴うことが多い表現です。

「成り立つ」（なりたつ）は、「何らかの状態や目的が成立する、実現する、うまくいく」という意味で、論理的に筋が通る（成立する）、計画がうまく進む（うまくいく）、実を結ぶ（結実する）など、文脈によって様々なニュアンスで使われる動詞です。例えば、「計画が成り立つ」「理屈が成り立つ」「問題が成り立つ」のように使います。 
主な意味と使い方
成立する・実現する: 存在が認められる、形になる、実現する。
例: 「この提案は成り立つだろうか？」（この提案は承認され、実現するだろうか？）
論理的に筋が通る: 道理にかなっている、矛盾がない。
例: 「彼の説明は成り立つ。」（彼の説明は論理的で、筋が通っている。）
うまくいく・成功する: 計画通りに物事が進む、良い結果になる。
例: 「この作戦はきっと成り立つ。」（この作戦はきっと成功するだろう。）
（古語・文語的表現）: はっきりとある状態になる、実を結ぶ。 
類義語
成立する、成功する、うまくいく、結実する、実る。 
例文
「この理論は、現代の科学では成り立たない。」
「彼は、どんな状況でも場を成り立たせることができる。」
「長年の努力がようやく実を結び、事業が成り立った。」

資格証（しかくしょう）：자격증","[""import"",""japanese""]",2026-02-22 09:19:19.683838+00,e1848554-ffae-479c-a8cd-4c0d77b7bed2,2026-03-19 15:55:50.007522+00,0,0,0,2026-03-19 15:55:50.007522+00,0,null,null,null,false,null,null,null,null,true,e9c594b9-7538-4f07-9f00-d69524cf4c7f,null,null,"{""tables"":{""1"":{""rows"":[],""columns"":[]}}}",null,[],null,null
7363da8e-c185-4192-b953-1988f81e4f89,相方（あいかた）,"「相方（あいかた）」とは、一緒に何かをする相手やパートナーを指す言葉で、元々は漫才のコンビや芸事における相棒を意味しますが、近年では恋人や配偶者、さらには趣味の仲間など、親しい二人組の関係を指すカジュアルな呼び方として若者を中心に広く使われています。お笑いの影響で広まった呼び方で、ユーモアを込めて使われることが多いです。 
主な意味と使われ方
芸事・仕事のパートナー: 漫才やコント、ビジネスなどで組む二人組の相手を指します。
恋人・配偶者: 恋人や夫・妻を指すカジュアルな表現として使われます。親近感や仲の良さを表現する際に用いられます。
友人・仲間: 共通の趣味や活動（例：ジャニーズのコンサートに一緒に行く人、ゲーム仲間）で一緒にいる相手を指すこともあります。
歴史的・専門用語: 伝統芸能（日本舞踊など）や、かつての遊里（娼妓）で客から見た相手の遊女を指すこともありました（「敵娼」と書く場合も）。 
使われる際の注意点
フォーマルな場では避ける: 恋人や配偶者を指す「相方」は親しい間柄でのみ使われるため、ビジネスシーンなどフォーマルな場では不適切です。
相手に違和感を与える可能性: お笑いのイメージが強いため、「漫才コンビみたい」と違和感を示す人もいます。 
「相方」は、「相棒」「パートナー」とほぼ同義で使われることが多いですが、特に恋人や配偶者を指す場合は、相手への親愛やユーモアが込められているのが特徴です。","[""import"",""japanese""]",2026-02-22 09:19:19.683838+00,e1848554-ffae-479c-a8cd-4c0d77b7bed2,2026-03-19 15:55:50.007522+00,0,0,0,2026-03-19 15:55:50.007522+00,0,null,null,null,false,null,null,null,null,true,e0d35cdc-04a1-46a4-ad9a-f22f94ec0e0a,null,null,"{""tables"":{""1"":{""rows"":[],""columns"":[]}}}",null,[],null,null
766ad980-1cf4-4ac5-8f65-692891fd27f2,「相方」と「相棒」の違いとは？,"「相方」とは?
相方(あいかた)とは、いつも一緒にいる人のこと。

お笑い芸人のパートナー、結婚相手、そして最近は恋人のことを「相方」と呼ぶこともあります。

「相方」は「相」と「方」が組み合わさった言葉です。

「相」という漢字には、助ける・補佐するという意味があります。

そして「方」には仲間・同じグループという訳もあります。

つまり同じグループに属していて、助けあえる人が「相方」の本来の意味になります。

「もう1人」というニュアンスもあるので、2人組の片方をあらわすことが多いです。

使い方としては「人気お笑い芸人が、相方とのコンビ解消を発表した」や「ただいま相方募集中です」などと用います。

SNSなどでよく見かける「相方募集中」とは、一緒にあそぶ仲間や恋人を募集するメッセージです。

「相棒」とは?
相棒(あいぼう)とは、一緒に仕事する仲間のこと。

同じ目的に向かってすすむ、熱いチームメイトのことです。

人気刑事ドラマから一躍ヒットした、トレンド用語です。

相棒はもともと江戸時代に生まれた、歴史ある言葉です。

お殿さまやお姫さまを乗せる「かご」を2人1組で担いでいたことから「相棒」に。

重役を乗せる「かご」は、どちらかが怠けてしまえばすぐに地面に落ちてしまいます。

そのため「相棒」には、お互いの息をぴったり合わせる・協力して力をあわせるという意味があります。

使い方には「その時代劇の見どころは、主人公より相棒だ」や「事件解決のために、相棒に連絡した」などがあります。

「仕事の相棒は、優秀なノートパソコンだ」など、物に対してつかうこともあります。

「相方」と「相棒」の違い

どちらもよく似た用語のため、見間違えやすいです。

「相方」と「相棒」の違いを、分かりやすく解説します。

・カジュアルな「相方」、フォーマルな「相棒」「相方」と「相棒」はどちらも、助っ人・協力者という意味があります。

「相方」はもともと遊郭で使われていた隠語なので、ビジネスの場で用いられることはありません。

そのためお笑い芸人のコンビの片方、カップルの片割れなどに使われます。

くだけたシーンで用いられる、カジュアルな言葉です。

また「相棒」は刑事ドラマのタイトルを連想するように、かっちりした雰囲気の言葉です。

ビジネスパートナーや仕事の仲間などを表現します。

お笑いや恋愛、遊びのシーンでは「相方」。

ビジネスシーンでは「相棒」です。

まとめ
「相方」と「相棒」の違いを分かりやすくお伝えしました。

どちらも「仲間・連れ合い」をあらわす言葉です。

お笑い芸人の片方、配偶者をあらわすのが「相方」。

SNSでは「遊び仲間や恋人」として用いられることもあります。

対して仕事仲間という意味がある「相棒」。

一緒に働く人や物をあらわします。

紛らわしい言葉を覚えて、日本語の理解を深めていきましょう。

from : https://meaning-dictionary.com/%E3%80%8C%E7%9B%B8%E6%96%B9%E3%80%8D%E3%81%A8%E3%80%8C%E7%9B%B8%E6%A3%92%E3%80%8D%E3%81%AE%E9%81%95%E3%81%84%E3%81%A8%E3%81%AF%EF%BC%9F%E6%84%8F%E5%91%B3%E3%82%84%E9%81%95%E3%81%84%E3%82%92%E5%88%86/","[""import"",""japanese""]",2026-02-22 09:19:19.683838+00,e1848554-ffae-479c-a8cd-4c0d77b7bed2,2026-03-19 15:55:50.007522+00,0,0,0,2026-03-19 15:55:50.007522+00,0,null,null,null,false,null,null,null,null,true,dd4a830f-b361-4c2b-a297-abc700f5d217,null,null,"{""tables"":{""1"":{""rows"":[],""columns"":[]}}}",null,[],null,null
8059d57a-9365-42fa-abc2-ed3f8fd4f2fd,日本語単語勉強25,"'偉い'(えらい)는 일본어로 '훌륭하다', '대단하다', '지위가 높다', '비범하다' 등의 뜻을 가진 형용사로, 긍정적으로 뛰어나거나 높은 사람, 또는 상황에 따라서는 '큰일이다', '힘들다'는 뉘앙스로도 사용될 수 있으며, JLPT N3 수준의 필수 어휘입니다. 
주요 의미
훌륭하다, 뛰어나다, 대단하다: 능력, 성격, 성과가 뛰어날 때 사용합니다. (예: 偉い政治家だ - 훌륭한 정치가다).
지위가 높다, 신분이 높다: 사회적 지위나 권력이 높음을 나타냅니다.
큰일이다, 힘들다: 상황에 따라 '보람 있다', '고생했다'는 긍정적 의미로 쓰이거나, '큰일났다'는 뉘앙스로도 쓰입니다 (예: 偉いことになった - 큰일이 났네). 
예문
""よく頑張ったね。偉い！"" (요쿠 간바타네. 에라이!) - ""정말 잘했네. 대단해!"" (칭찬).
""あの人は偉い人だ。"" (아노 히토와 에라이 히토다) - ""저 사람은 훌륭한 사람(높은 사람)이다."".

https://youtu.be/CgRYFeJeYC8?si=UVTgG3Z6WU-0NRqJ

「節介（せっかい）：쓸데없는 참견、덥적거림」とは、本来は「節操を守り世俗に流されないこと」を指しますが、現代では「おせっかい（御節介）」と同じ意味で使われ、他人に必要以上に口出ししたり、余計な世話を焼いたりする行為や、そのような人を指す言葉です。漢字の「節介」と「おせっかい」は読みが同じため混同されがちですが、元々の意味は異なります。 
「節介」の2つの意味
本来の意味（古風な表現）:
節操（信念や品行）を堅く守り、世間の流行や誘惑に惑わされないこと。その様子。
例：「清先生性楽二静寂一節介寡欲」（清先生は静寂と節介（清廉）を好み、欲望が少ない）。
現代的な意味（おせっかいと同じ）:
他人の事柄に必要以上に干渉し、頼まれてもいないのに世話を焼くこと。
例：「おせっかいが過ぎる」「お節介焼き」。 
類語・関連語
おせっかい: 面倒見が良すぎる、でしゃばり。
干渉（かんしょう）: 他人の領域に口出しすること。
口出し: 他人のことに余計な意見を言うこと。 
違いのポイント
お世話（助けたい時に助ける）とおせっかい（相手が望んでいないのに手出しする）は違います。相手が「自分でできる」「一人でやりたい」と思っている時に介入すると「おせっかい」になります。

https://m.blog.naver.com/nolaboja25/220942919504","[""import"",""japanese""]",2026-02-22 09:19:19.683838+00,e1848554-ffae-479c-a8cd-4c0d77b7bed2,2026-03-19 15:55:50.007522+00,0,0,0,2026-03-19 15:55:50.007522+00,0,null,null,null,false,null,null,null,null,true,1ec7345b-7fa8-4e08-af44-d6495b642b3d,null,null,"{""tables"":{""1"":{""rows"":[],""columns"":[]}}}",null,[],null,null
87da0dc2-170a-4724-b829-274afc32a55f,当たり前（あたりまえ）,"「当たり前（あたりまえ）」とは、「そうあるべきこと」「当然のこと」「ごく普通のこと」を意味し、社会的な常識や期待される行動、またはありふれた日常の出来事を指します。文脈によっては、感謝すべき「有難い」ことと対比されたり、ビジネスシーンでは「当然」「普通」などの言葉に言い換えられたりします。 
意味と使い方
当然のこと: 「親が子を大切にするのは当たり前だ」のように、誰もがそうすべきだと考える規範。
普通のこと: 「N1の漢字が分からなくて当たり前」のように、一般的で特別なことではない状態。
ビジネスシーンでの言い換え: フォーマルな場面では「当然」「ごく普通」「常識的に考えて」などを使うと良い印象を与えます。 
「当たり前」の背景
「当たり前」は経験によって形作られますが、それは「そうである」という事実を教えるだけです。
「なぜそうなのか？」と問い、疑問を持つことで、より良い社会や「本当の当たり前」を考えるきっかけになります。 
関連する表現
類語: 当然、普通、常識的、一般的、世間並み。
英語表現: natural, obvious, it goes without saying, take it for granted など。","[""import"",""japanese""]",2026-02-22 09:19:19.683838+00,e1848554-ffae-479c-a8cd-4c0d77b7bed2,2026-03-19 15:55:50.007522+00,0,0,0,2026-03-19 15:55:50.007522+00,0,null,null,null,false,null,null,null,null,true,5e92bae1-d0ed-404e-8bab-40ecf0740449,null,null,"{""tables"":{""1"":{""rows"":[],""columns"":[]}}}",null,[],null,null
8837b245-17c4-4b3b-a58a-0b02ae0c1690,巻き込まれた,"「巻き込まれた」とは、事件やトラブルなどに関係のない人が引き入れられて、当事者になってしまうことや、とばっちりを受けて被害を受けることを意味します。元々は「巻く」行為から来ていますが、転じて「事件に巻き込まれる」「事故に巻き込まれる」のように使われ、意図せず悪い状況に巻き込まれてしまうニュアンスで使われることが多い表現です。 
「巻き込まれた」の主な意味と使われ方
事件・トラブルに巻き込まれる: 自身に原因がなくても、事件や紛争、人間関係のトラブルなどに引きずり込まれて、当事者として関わることになる状況。
事故に巻き込まれる: 交通事故などで、直接の加害者や被害者でなくても、その影響を受けて被害を受けること（例：信号待ちをしていたら追突された）。
とばっちりを受ける: 他の人の争いや問題の余波を受けて、不利益を被ること（例：兄弟喧嘩の仲裁に入って怒られた）。 
類語・言い換え表現
巻き添えを食う
とばっちりを受ける
しわ寄せを受ける
流れ弾に当たる 
例文
「彼はその詐欺事件に巻き込まれたらしい。」
「通勤途中に交通事故に巻き込まれた。」
「喧嘩している二人の間に割って入って、巻き込まれた。」","[""import"",""japanese""]",2026-02-22 09:19:19.683838+00,e1848554-ffae-479c-a8cd-4c0d77b7bed2,2026-03-19 15:55:50.007522+00,0,0,0,2026-03-19 15:55:50.007522+00,0,null,null,null,false,null,null,null,null,true,5c9c6550-7e82-4fa7-aa16-2d630db1d981,null,null,"{""tables"":{""1"":{""rows"":[],""columns"":[]}}}",null,[],null,null
8ea15bc2-a54a-42bb-9967-6410cd3cc883,"html,css tag 説明","📘 HTML & CSS チートシート（開発者ポートフォリオ向け / 日本語版）

本ドキュメントは、HTML と CSS の基礎から実務で頻繁に使用する要素までを体系的にまとめた学習・参照用の資料です。
コード例・役割・使用シーン・類似要素との比較などを含め、基本知識を確実に理解し、面接・技術説明の場でアピールできる構成となっています。

1. HTML 実務例：ポートフォリオページ

以下は、セマンティック HTML、テーブル、リスト、フォーム、メディア、レスポンシブ対応など
フロントエンドの基本要素を一度に理解できるサンプルコードです。

2. HTML タグ一覧（役割別）
■ 2.1 文書構造 / メタ情報
タグ 役割
<!DOCTYPE html> HTML5宣言（ブラウザに標準モードでレンダリングさせる）
html 文書のルート要素、lang=""ja"" など言語指定
head メタ情報、タイトル、スタイル、外部リソース
meta 文字コード、説明、viewport 設定
title ブラウザタブのタイトル
style 文書内の CSS
body 画面に表示されるコンテンツ全体
■ 2.2 セマンティック構造
タグ 役割
header ページまたはセクションのヘッダー領域
nav ナビゲーションリンク
main 文書の主要コンテンツ（1 ページに 1 つが理想）
section テーマ単位の区切り
article 独立したコンテンツ（ブログ記事、カードなど）
footer フッター、著作権、補足情報
■ 2.3 テキスト要素
タグ 役割
h1〜h3 見出し階層
p 段落
strong 重要性の強調（意味を持つ強調）
em 文脈上の強調（語調）
mark ハイライト
code コード・キーワードの表示
time 日付・時刻
abbr 略語に対する補足説明
■ 2.4 リスト・テーブル
タグ 役割
ul 箇条書きリスト
ol 番号付きリスト
li リスト項目
table データ表
thead 表ヘッダー
tbody 表本体
tr 表の行
th 見出しセル
td データセル
■ 2.5 メディア・インタラクション
タグ 役割
figure 画像・メディアのまとまり
figcaption 説明キャプション
img 画像
video 自前の動画再生
source 動画/音声のソース
iframe YouTube や外部サービス埋め込み
details 折りたたみ UI
summary details の要約行
■ 2.6 フォーム
タグ 役割
form 入力フォーム全体
label 入力項目のラベル
input 単一行入力（text/email など）
select ドロップダウン
option 選択肢
textarea 複数行入力
button 送信ボタン
3. CSS プロパティ一覧（役割別）
■ 3.1 レイアウト
● display
値 説明
block 行全体を占有
inline コンテンツ幅のみ。枠が設定できない
inline-block inline + width/height 可能
flex 1 次元レイアウト
grid 2 次元レイアウト
none 非表示
● position
値 基準 説明
static 文書フロー デフォルト
relative 自身 基準点のみ移動
absolute relative 祖先 自由配置
fixed 画面 スクロール固定
sticky 画面 一定位置で固定
● Flexbox の基本
display: flex;
flex-direction: row;
justify-content: center;
align-items: center;
gap: 16px;

● Grid の基本
display: grid;
grid-template-columns: repeat(3, 1fr);
gap: 20px;

■ 3.2 ボックスモデル
プロパティ 説明
width / height 要素サイズ
margin 外側の余白
padding 内側の余白
border 枠線
border-radius 角丸
box-sizing border-box 推奨
■ 3.3 タイポグラフィ
プロパティ 説明
font-size 文字サイズ
font-weight 太さ
line-height 行間
font-family フォント
text-align left, center, right
text-decoration 下線、取り消し線
color 文字色
■ 3.4 背景・色
プロパティ 説明
background / background-color 背景色
background-image 背景画像
background-size cover/contain
background-position 位置
■ 3.5 シャドウ & インタラクション
box-shadow: 0 2px 8px rgba(0,0,0,0.12);
transition: 0.2s ease;
transform: translateY(-2px);

■ 3.6 フォームスタイル

outline: none

:focus, :hover, :active

box-shadow を使ったアクセシビリティ強化

■ 3.7 レスポンシブ（Media Query）
@media (max-width: 640px) {
...
}

4. よくある比較（面接で話しやすいポイント）
● div vs section vs article
要素 役割 使いどころ
div 意味なし（スタイル用） 汎用コンテナ
section テーマ区分 “紹介 / スキル” など
article 独立可能な内容 ブログ記事/カード
● video vs iframe
video iframe
自前の動画再生 外部サービス埋め込み
カスタマイズ可能 UI は外部依存
● inline / inline-block / block
値 行を占有 サイズ変更 用途
inline ✕ ✕ テキスト
inline-block ✕ ○ ボタン
block ○ ○ セクション要素
● margin vs padding
margin padding
外側の余白 内側の余白
要素同士の距離 コンテンツと枠線の距離","[""import"",""coding""]",2026-02-22 09:19:19.683838+00,e1848554-ffae-479c-a8cd-4c0d77b7bed2,2026-03-19 15:55:50.007522+00,0,0,0,2026-03-19 15:55:50.007522+00,0,null,null,null,false,null,null,null,null,true,d2852955-6492-4cdd-8570-c63a12421a43,null,null,"{""tables"":{""1"":{""rows"":[],""columns"":[]}}}",null,[],null,null
9277c911-613c-4537-bb13-48f232baf90a,日本語単語勉強17,"https://youtu.be/5K2o1-hj4mk?si=PXEg6WjsbVl-FJNu

「嫌味（いやみ）」とは、相手に不快感を与える言動や、わざと気取って嫌らしさを見せる態度、またはそれらによって受ける不快感そのものを指し、褒め言葉に含みを持たせたり、遠回しに相手を批判・攻撃したりする際に使われる言葉です。皮肉や当てつけ、嫌がらせに近い場合もあり、多くは本心を直接言わず、受け手が嫌な気持ちになるように仕向けたり、自分の価値観を押し付けたりする特徴があります。

https://precious.jp/articles/-/39298

https://youtu.be/_Z1yguFacH8?si=PENQo_zNT-6c7Ei3

高額転売は、人気商品を入手困難な状況にしてから法外な価格で販売する行為で、多くの国で深刻な懸念となっています。 

https://www.gov-online.go.jp/article/201904/entry-8236.html

https://youtu.be/GVDVnx7DPxw?si=HOpiTIWT4wujHYY7

「えぐい」は、元々はアクが強くて舌や喉に刺激が強い味（いがらっぽい）を指しますが、若者言葉として「すごい」「ひどい」「ありえない」「レベルが高い」「キツい」など、良い意味でも悪い意味でも「度を超えている」「インパクトが強い」状況を表現する言葉です。文脈によって「最高！」（ポジティブ）にも「やばい、キツすぎる」（ネガティブ）にもなる、非常に便利なスラングです。 
主な意味と使い方
ポジティブな意味（すごい、素晴らしい、レベルが高い）:
「あの選手のプレー、えぐい！」「歌声がえぐい！」（技術や才能が並外れている）。
「このラーメン、味がえぐい」（濃厚で美味しい、中毒性がある）
ネガティブな意味（ひどい、キツい、無理、度が過ぎる）:
「テストがえぐい」（難しすぎる）。
「今日の練習メニュー、えぐい」（キツすぎる、きつい）。
「あいつの言い方、えぐい」（きつい、無礼、残酷）。
元々の意味（刺激が強い、アクが強い）:
「山菜を食べたら喉がえぐい」（いがらっぽい、刺激が強い）。 
ポイント
「ヤバい」との違い: 「ヤバい」が感情表現に重きを置くのに対し、「えぐい」は**対象の「並外れた事実」や「インパクト」**を表現するニュアンスが強いです。
派生: 「えぐいてぇ」のように語尾を伸ばすと、より悲壮感や切迫感を強調できます。 
つまり、「えぐい」は、**「常識の範囲を超えている」「際立っている」**という状態全般を指し、その度合いがプラスかマイナスかは状況で判断する言葉です。

Chrome AI

https://m.blog.naver.com/mess798/222114473908","[""import"",""japanese""]",2026-02-22 09:19:19.683838+00,e1848554-ffae-479c-a8cd-4c0d77b7bed2,2026-03-19 15:55:50.007522+00,0,0,0,2026-03-19 15:55:50.007522+00,0,null,null,null,false,null,null,null,null,true,c67c0415-e5e1-42d4-bd80-33cf213eb6b9,null,null,"{""tables"":{""1"":{""rows"":[],""columns"":[]}}}",null,[],null,null
946cc050-2ea3-41bd-ab9b-b241c2e6118e,日本語単語勉強29,"「塾（じゅく）」は主に学習指導を行う学習塾を指し、補習や受験対策で人気を集め、「学園（がくえん）」は学校法人や、それらに準じた大規模な教育機関（学習塾も含む）を指すことが多いですが、希学園のように中学受験を専門とする有名塾も存在します。塾には「明光義塾」のような個別指導の塾、「希学園」のような中学受験特化型、「東進ハイスクール」のような映像・集団授業型など多様で、最近では「TOMAS」のような進学塾が大手として存在し、学習内容や形態（集団・個別）で選ばれますが、塾選びでは講師の質や指導方針の明確さも重要です。 
塾の種類と特徴
個別指導塾: 自分のペースで学べ、「明光義塾」などが代表的で、生徒一人ひとりに合わせた指導が特徴です。
集団指導塾: 大人数で授業を受ける形式で、「SAPIX（サピックス）」や「日能研」などが有名です。
中学受験塾: 中学入試に特化し、「希学園」のように人間的な成長も重視する塾や、「四谷大塚」など大手塾があります。
予備校: 高校生・浪人生の大学受験対策が中心で、「東進ハイスクール」などが含まれます。 
「学園」という言葉の使われ方
学校法人: 〇〇学園という形で、私立の小・中・高・大学などを指す場合が多いです。
学習塾: 大規模な塾や、独自の教育理念を持つ塾が「〇〇学園」と名乗ることもあります（例：希学園）。 
塾を選ぶ際のポイント
指導形式: 個別か集団か、自分の学習スタイルに合うか。
目的: 補習、中学受験、大学受験など、目標に特化しているか。
講師の質・指導方針: 講師と生徒の信頼関係、保護者との連携を重視するかどうか。
料金体系: 透明性があり、内容に見合っているか。 
まとめ
「塾」は学習の場全般を指し、「学園」はより広義の教育機関や、特色ある学習塾（希学園など）で使われることがあり、目的や指導内容で選ぶことが重要です。","[""import"",""japanese""]",2026-02-22 09:19:19.683838+00,e1848554-ffae-479c-a8cd-4c0d77b7bed2,2026-03-19 15:55:50.007522+00,0,0,0,2026-03-19 15:55:50.007522+00,0,null,null,null,false,null,null,null,null,true,acd13e58-4095-41da-9622-01466b0a3fdd,null,null,"{""tables"":{""1"":{""rows"":[],""columns"":[]}}}",null,[],null,null
964dedcc-3211-4ad6-858b-98962d094870,javascript01,"DOMContentLoaded

돔트리 분석이 끝나면 발생
즉, 돔트리가 다 만들어진 후에 돔에 접근이 가능하기때문에, 돔이 생성되기전 돔을 조작하는 자바스크립트 코드가 실행되어 원하지 않는 결과를 내는것을 막을 수 있다.

document.addEventListener(""DOMContentLoaded"", ()=> {
console.log(""원하는 코드 적기"")
});

load

load는 돔트리 이후 모든 리소스까지 완벽히 끝난 후 발생하는 이벤트
DOMContentLoaded는 돔트리까지만 형성되면 발생하는 이벤트
즉 DOMContentLoaded 이벤트가 load이벤트보다 앞서 발생
로딩 측면에서 DOMContentLoaded가 우위에 있음

event.preventDefault()

a 태그나 submit 태그는 누르게 되면 href 를 통해 이동하거나 , 창이 새로고침하여 실행됩니다.
preventDefault 를 통해 이러한 동작을 막아줄 수 있습니다.
 
주로 사용되는 경우는
1. a 태그를 눌렀을때도 href 링크로 이동하지 않게 할 경우
2. form 안에 submit 역할을 하는 버튼을 눌렀어도 새로 실행하지 않게 하고싶을 경우 (submit은 작동됨)

event.stopPropagation()

이벤트가 상위 엘리먼트에 전달되지 않게 막아 준다.

append()

append() 메서드는 Element의 마지막 자식 뒤에 노드 객체 또는 문자열 객체를 삽입한다.
여러 객체를 한 번에 추가하고 싶을때 사용

appendChild()

하나의 노드를 특정 부모 노드 안쪽 끝 부분, 즉 마지막 자식으로 추가한다.
추가한 요소를 다른 변수에 할당해야할때 사용

innerText

렌더링된 HTML 요소의 텍스트 콘텐츠를 나타낸다.
해당 요소 내에 자손이 있다면 자손 태그는 무시하고 텍스트 콘텐츠만 처리.

innerHTML

HTML 요소의 내부 HTML 콘텐츠를 가져오거나 설정한다.
해당 요소의 자손 태그나 텍스트를 포함한 HTML 또는 XML 마크업을 읽어오거나 새롭게 변경할 수 있다.","[""import"",""coding""]",2026-02-22 09:19:19.683838+00,e1848554-ffae-479c-a8cd-4c0d77b7bed2,2026-03-19 15:55:50.007522+00,0,0,0,2026-03-19 15:55:50.007522+00,0,null,null,null,false,null,null,null,null,true,9849d125-0e8a-495a-8bff-59c94449e068,null,null,"{""tables"":{""1"":{""rows"":[],""columns"":[]}}}",null,[],null,null
98daeeb1-6911-4c32-b4e5-b05ea0240fc4,さらに,"「さらに」は、「加えて」「その上」の意味で情報を追加したり（「さらに、この問題も」）、「いっそう」「ますます」と程度が増す様子を表したり（「さらに悪化する」）、「全く」「少しも」（「さらに覚えがない」）と否定を強調する際に使われ、文脈に応じて「次に」「もっと」といった類義語に言い換えられますが、フォーマルな場面や段階を追って説明する際に特に有用です。 
主な意味と使い方
追加・重ねる（接続副詞）
「それに」「加えて」「その上」と同じように、前の内容に新たな情報や事柄を付け加えるときに使います。
例： 「この提案は素晴らしい。さらに、コスト削減のメリットもあります。」
程度が増す・強調（副詞）
「いっそう」「ますます」「より一層」のように、程度が強まる様子を表します。
例： 「気温はさらに上昇した。」
否定を強調（副詞）
「全く」「少しも」「断じて」のように、後ろに打消しの言葉を伴い、否定を強調します。
例： 「彼の話にさらに疑いの余地はない。」
時間的・順序的（副詞）
「次に」「その後」のように、時間や順序が次に来ることを示します。
例： 「まず説明します。さらに、資料をご覧ください。」 
ビジネスシーンでの活用
プレゼンテーションや報告書で、「次に」「加えて」というニュアンスで情報を追加する際に非常に便利です。
「さらに」を使うことで、話が単調にならず、相手に新しい価値や情報を効果的に伝えられます。","[""import"",""japanese""]",2026-02-22 09:19:19.683838+00,e1848554-ffae-479c-a8cd-4c0d77b7bed2,2026-03-19 15:55:50.007522+00,0,0,0,2026-03-19 15:55:50.007522+00,0,null,null,null,false,null,null,null,null,true,9fb1b932-a918-4282-9ba6-67726de4908b,null,null,"{""tables"":{""1"":{""rows"":[],""columns"":[]}}}",null,[],null,null
a312e1f6-bc29-47ca-8a05-277896b0baaa,日本語単語勉強07,"https://youtu.be/Ap6yy0d0PaM?si=R0QggrlzxaV4lzpq

化粧水（けしょうすい,토너）とは、皮膚を保湿し、整え、滑らかにする機能を持つ、透明液状を呈した化粧品である。水分や保湿成分を補給する。洗顔料の後に使用し、美容液の前に使用する。ローション、トナー、トニック等と呼ばれることもある。

https://ja.wikipedia.org/wiki/%E5%8C%96%E7%B2%A7%E6%B0%B4","[""import"",""japanese""]",2026-02-22 09:19:19.683838+00,e1848554-ffae-479c-a8cd-4c0d77b7bed2,2026-03-19 15:55:50.007522+00,0,0,0,2026-03-19 15:55:50.007522+00,0,null,null,null,false,null,null,null,null,true,2361947f-edc8-4493-97a4-fe1b01b6f462,null,null,"{""tables"":{""1"":{""rows"":[],""columns"":[]}}}",null,[],null,null
a4ad377e-fdd0-44be-bb6d-56b3d28d1b6f,日本語単語勉強15,"https://youtu.be/rhy3zlvNJVI?si=AOeZ-QR7L7vQheb7

「うに」は、棘皮動物の「海胆」または、加工食品の「雲丹」を指します。

下ネタ、下ねた（しもねた、Off-color humor）は、性や排泄といった下半身に関する話題のこと[1]。「しも」は下半身、「ねた」は「たね（種）」を逆に読んだ隠語である。

https://youtu.be/JnLWvHlBBss?si=tgixqzzuBxhFqpwM

痩せる（やせる）ためには、「摂取カロリーが消費カロリーを上回らない」ように、食事の見直しと運動を組み合わせることが重要です。

https://youtu.be/Z0AZQlMI1N0?si=WX3eszj-3y5aHbJC

「まずい」は、味が悪い、下手だ、都合が悪い、といった複数の意味を持つ言葉です。状況によって意味が異なりますが、一般的には「美味しくない」という意味で使われることが多いです。

主な意味

味が悪い

例：「冷めると料理がまずい」

下手だ

「拙い」とも書きます。

例：「まずい絵」

都合が悪い、具合が悪い

「醜い」という意味でも使われます。

例：「話を聞かれるとまずい」

状況別の使い分け

「まずい」が使われるのは、どんな状況ですか？

味が悪いこと、下手なこと、好ましくないこと（都合が悪い状況）などを表す場合に、「まずい」が使われます。

「まずい」と「やばい」の違いは何ですか？

「まずい」は、味や都合の悪さなど、比較的広範なネガティブな状況に使われます。

「やばい」は、危険や危うさなど、より強いネガティブな状況を表すことが多いです。

「拙い」は「つたない」と読み、技術や能力が未熟で下手であることを意味します。また、自分の発言や文章などを謙遜してへりくだる際にも使われ、「拙い説明ですが」のように使われます。

主な意味と使い方

技量や技術の未熟さ:

例：「拙い絵」

能力や行動の不十分さ:

例：「拙い説明」「拙い文章」

謙遜・控えめな表現:

相手への配慮を示すために、自分の能力や作品が不十分であることを伝えます。

ビジネスシーンでのプレゼンテーションやスピーチなどでよく使われます。

例：「拙い説明ではございましたが、お聞きいただきありがとうございました」

類義語

下手、まずい、稚拙、未熟

注意点

自己卑下ではなく謙遜として使うことが大切です。

多用しすぎると自信がないように見える場合があるため、使う場面を選ぶのが賢明です。

自己卑下（じこひげ）とは、自分自身を必要以上に低く評価し、価値のないもののように扱うことです。

「謙遜（けんそん）」とは、自分の能力や成果をへりくだって、控えめに振る舞うことを指します。

https://youtu.be/MCDelPo6rhU?si=DGqtMvuiGW86tAJN

「打ちあがる（うちあがる）」は、主に物理的に高いところへ行くことと、比喩的に地位や声などが高まること、そして興行や事業を終えることの3つの意味があります

主に（おもに）：주로

ネタ合わせとは、お笑い芸人同士がネタ（漫才やコントなどの台本）を互いに確認し合ったり、ネタを練り上げたりすることを指します。ネタを面白くするため、台本の内容、セリフ、キャラクターのイメージなどを話し合い、本番のパフォーマンスに向けて精度を高めていく作業です。","[""import"",""japanese""]",2026-02-22 09:19:19.683838+00,e1848554-ffae-479c-a8cd-4c0d77b7bed2,2026-03-19 15:55:50.007522+00,0,0,0,2026-03-19 15:55:50.007522+00,0,null,null,null,false,null,null,null,null,true,f2e86877-0353-4d4e-bcd9-104a1efa7f93,null,null,"{""tables"":{""1"":{""rows"":[],""columns"":[]}}}",null,[],null,null
a55ef333-6d44-4f87-a704-e77c04fe030f,日本語単語勉強11,"https://youtu.be/D0sJddVwAys?si=noRyIxunlMTqXo2G

「定番（ていばん）」とは、流行に左右されず、常時安定して売れる基本的な商品や、}=「代表的なもの」「決まりきったこと」全般を指す言葉です。元々は、商品番号が固定されていて、売上が安定している商品のことを指す小売業界の専門用語に由来します。、유행을 타지 않는 기본적인[기본형] 상품.

歯周病（ししゅうびょう）とは、細菌の感染によって引き起こされる炎症性疾患で、歯の周りの歯ぐき（歯肉）や、歯を支える骨などが溶けてしまう病気です。 歯と歯肉の境目（歯肉溝）の清掃が行き届かないでいると、そこに多くの細菌が停滞し歯肉の辺縁が炎症を起こして赤くなったり、腫れたりしますが痛みはほとんどの場合ありません。

일본어로 “한국이 세련됐다 / 트렌디하다”는 이렇게 표현하면 된다
일본에서 한국 이미지를 말할 때 가장 많이 쓰는 표현은 다음 두 가지야.

1) 洗練されている（せんれんされている）

가장 정확한 표현.
그대로 **“세련되었다 / 세련된 느낌이다”**라는 의미.

예문

韓国はすごく洗練されている国だと思う。
한국은 정말 세련된 나라라고 생각해요.

✔ 2) トレンドに敏感（びんかん）
“트렌드에 민감하다 / 트렌디하다”라는 의미.

特に若い人はすごくトレンドに敏感です。
특히 젊은 사람들은 정말 트렌디해요.

✔ 3) 最先端（さいせんたん）
“최전선 / 최신 / 최첨단”이라는 느낌.
한국의 패션·뷰티·기술을 설명할 때 자주 써.

韓国のカルチャーはいつも最先端です。
한국 문화는 항상 최신 트렌드의 최전선에 있어요.

✔ 4) おしゃれ（오샤레）
가볍게 “멋있다 / 스타일 좋다”라는 의미.
일상적으로 젊은 층이 자주 씀.

韓国って本当におしゃれですよね。
한국은 진짜 오샤레(멋있어).

✔ 5) 流行（りゅうこう）っている / 流行に強い
“유행을 잘 따른다 / 유행을 이끈다”
한국 트렌드 문화를 설명할 때 많이 쓰는 표현.

韓国はアジアの中で流行に強い国です。
한국은 아시아에서 유행에 강한 나라예요.

일본인이 가장 좋아하는 “한국인 유학생 답변 템플릿”

■ 템플릿 1: 가장 무난하고 완벽한 답변

한국어 버전
“일본은 생활이 안정적이고 조용해서 지내기 편해요.
한국과 조금 다른 부분도 있어서 재미있고, 아직 배우는 중이라 더 알고 싶어요.”

일본어 버전
「日本は生活が安定していて、とても過ごしやすいです。
韓国とは少し違う部分もあって、それが面白いです。
まだ勉強中なので、もっと日本のことを知りたいです。」

■ 템플릿 2: 솔직 + 부드러운 차이 + 긍정 마무리

한국어
“처음엔 조금 낯설었는데 점점 익숙해지고 있어요.
한국과 다른 점도 흥미롭고, 배울 게 많다고 느껴요.”

일본어
「最初は少し慣れなかったんですが、だんだん馴染んできました。
韓国と違うところもあって興味深いし、学ぶことが多いと感じています。」

■ 템플릿 3: 친절하게 일본을 칭찬하는 버전

한국어
“일본 사람들은 정말 친절해서 편하게 지내고 있어요.
일본 문화도 재미있고 계속 경험해보고 싶어요.”

일본어
「日本の方は本当に親切で、安心して生活できています。
文化もとても面白くて、これからもっと経験したいと思っています。」

1) 優しい(やさしい)는 범위가 너무 넓다
✔ 장점

말투가 부드럽다

행동이 상냥하다

분위기가 따뜻하다

마음이 착하다

이런 다양한 긍정적 뉘앙스를 담는 감성 표현이야.

✔ 단점

너가 느낀 것처럼 “착하다/부드럽다/약하다”의 뉘앙스가 섞여 있어
공식적 질문(“일본인을 어떻게 생각해요?”)에 쓰면 애매해 보일 수도 있음.

예)
「日本の人は優しいです」
→ 감성적으로는 좋지만, 약간 추상적.

유학 초반엔 괜찮지만, 확실한 의미를 전달하고 싶을 때는 조금 약한 표현.

2) 丁寧(ていねい)은 “말투·대우·태도”를 칭찬하는 정교한 표현

너의 직감이 아주 정확해.

예의를 지킨다

말투가 정중하다

상대를 배려한다

서비스가 안정적이다

이런 의미로 일본인이 매우 좋아함.

예)
「日本の人は丁寧に対応してくれます」
→ 일본인이 듣기 가장 좋아하는 칭찬 중 하나.

✔ 포인트

丁寧 = 문화적·사회적 예의와 태도를 칭찬하는 가장 적합한 단어
유학생 인터뷰나 자기소개에서 자주 쓰임.

3) 親切(しんせつ)은 “구체적 행동에서 친절함”을 말할 때 최고

길을 알려줌

도와줌

관심을 가져줌

착한 행동을 해줌

행동 기반의 kindness를 표현할 때 완벽해.

예)
「道に迷った時に、日本の方がとても親切に教えてくれました」
→ 외국인·유학생이 흔히 경험하는 장면이라 일본인도 자연스럽게 받아들임.

✔ 포인트

親切 = “도움을 준 것”이라는 구체적 의미가 들어감.

4) 실제 추천 조합 → 일본인이 가장 좋아하는 표현 세트

초기 유학생이 가장 무난하게 사용할 수 있는 표현은 이거야:

✔ 상황을 설명할 때: 丁寧(정중하다)

「日本の人はとても丁寧だと感じます。」

✔ 실제로 도움을 줬을 때: 親切(친절하다)

「困った時に親切に助けてくれました。」

✔ 감성적으로 말할 때: 優しい(상냥하다)

「みんな優しくて安心しました。」

이렇게 나누면 완벽하다.

1) いい人 = 일본어 “멀티 의미 칭찬”

いい人은
언뜻 보면 칭찬
실제로는 매우 폭넓은 의미
상황에 따라 긍정/부정 모두 가능
이런 특징을 가진 단어야.

✔ 긍정적 의미

착하다
친절하다
마음이 순하다
성격이 좋다
분위기가 부드럽다

✔ 애매하거나 부정적인 뉘앙스

너무 착해서 이용당하기 쉬움
자기 의견을 못 말함
존재감이 약함
강단이 없음
감정적으로 약함
거절 못함
즉,　좋은 말이지만, “센 사람은 아니다”라는 숨은 뉘앙스가 섞일 수 있다","[""import"",""japanese""]",2026-02-22 09:19:19.683838+00,e1848554-ffae-479c-a8cd-4c0d77b7bed2,2026-03-19 15:55:50.007522+00,0,0,0,2026-03-19 15:55:50.007522+00,0,null,null,null,false,null,null,null,null,true,7b6e0c44-02a2-4545-90e9-47a03826fc75,null,null,"{""tables"":{""1"":{""rows"":[],""columns"":[]}}}",null,[],null,null
a76999a9-479d-434b-a71d-6c0569d0675a,일본 감성 카페·라멘집·디저트샵에서 실제로 쓰는 일본어 표현 총정리(현장용 버전),"일본 감성 카페·라멘집·디저트샵에서
실제로 쓰는 일본어 표현 총정리(현장용 버전)

내향적인 사람도 바로 사용할 수 있도록
“짧고 간단하고 정중한 일본어”로 정리해드렸습니다.
실제 일본에서 알바할 때 사용하는 표현과 거의 동일합니다.

# 1) 입장 안내(가장 많이 쓰는 문장)
✔ いらっしゃいませ〜

어서 오세요~

✔ 店内ご利用ですか？

(텐나이 고요오리데스까?)
→ 매장에서 드시나요?

✔ お持ち帰りですか？

(오모치카에리데스까?)
→ 포장이신가요?

✔ お席どうぞ〜

(오세키 도조)
→ 자리 이용해주세요.

✔ 팁

일본 카페·라멘집 응대는
톤이 밝고 부드러우면 문장 길이는 짧아도 100점입니다.

# 2) 주문 받을 때
✔ ご注文お伺いします

(고추몬 오우카가이시마스)
→ 주문 도와드릴게요.

✔ 以上でよろしいですか？

(이조데 요로시이데스까?)
→ 주문은 이렇게 맞으신가요?

✔ セットにできますが、いかがですか？

→ 세트로 변경 가능해요. 어떠세요?

✔ 温めますか？（라멘집이면 거의 X)

(아타타메마스까?)
→ 따뜻하게 해드릴까요?

✔ お飲み物はいかがですか？

→ 음료는 따로 필요하신가요?

✔ 팁

문장 말미의
**「〜ですか？」**만 유지하면 무조건 정중해 보입니다.

# 3) 음료·메뉴 설명(카페)
✔ 人気のメニューは〇〇です

→ 인기 메뉴는 〇〇입니다.

✔ 甘さ調整できます

(아마사 초오세이데키마스)
→ 당도 조절 가능해요.

✔ こちらおすすめです

→ 이게 추천 메뉴예요.

# 4) 라멘집 기본 표현

라멘집은 더 단순합니다.

✔ かため・ふつう・やわらかめ選べます

→ 면은 꼬들/보통/부드럽게 선택 가능해요.

✔ 替え玉いかがですか？

→ 면 추가 어떠세요?

✔ スープ熱いのでお気をつけて

→ 국물이 뜨거우니 조심하세요.

✔ 麺の量はどうしますか？

→ 면 양은 어떻게 하시겠어요?

# 5) 서빙 중에 필요한 표현
✔ 少々お待ちください

(쇼쇼 오마치쿠다사이)
→ 잠시만 기다려주세요.

✔ お待たせしました

→ 기다리게 해서 죄송합니다.

✔ こちらどうぞ〜

→ 여기 있습니다.

✔ 追加ありましたらお声かけください

→ 추가 주문 있으시면 불러주세요.

# 6) 계산할 때
✔ お会計こちらです

→ 계산은 이쪽입니다.

✔ お支払い方法はいかがしますか？

→ 결제 방식은 어떻게 하시겠어요?

✔ ありがとうございます

→ 감사합니다.

✔ またお待ちしてます〜

→ 또 이용해주세요~

# 7) 손님이 말했을 때 리액션용 표현

일본 응대는 “과하지 않은 리액션”이 핵심입니다.

✔ はい、かしこまりました

(하이, 카시코마리마시타)
→ 네, 알겠습니다. (가장 많이 씀)

✔ わかりました

→ 알겠습니다.

✔ ありがとうございます、助かります

→ 감사합니다, 도움이 됩니다.

✔ 少々お待ちくださいませ

→ 잠시만 기다려주세요(아주 정중)

# 8) 손님 불만·요청 대응(짧고 정중하게)
✔ 大変申し訳ございません

→ 정말 죄송합니다.

✔ すぐに対応いたします

→ 바로 처리하겠습니다.

✔ 確認してまいります

→ 확인해보겠습니다.

✔ 交換いたします

→ 바로 교환해드릴게요.

# 9) 가게가 바쁠 때 쓰는 표현
✔ お待たせしてすみません

→ 기다리게 해서 죄송합니다.

✔ 順番にご案内します

→ 순서대로 안내해드릴게요.

✔ 少しお時間いただきます

→ 약간 시간 걸릴 수 있어요.

# 10) 내향적인 사람도 무리 없이 할 수 있는 이유

일본 감성 카페·라멘집 응대는 패턴화되어 있습니다.

사용자가 매번 새로운 말을 할 필요가 없음:

손님이 무례하게 굴지 않음

준지시(패턴)만 지키면 됨

말은 짧고 공손하게

침착하면 90%는 해결

그리고 일본 손님은 과한 친절보다
**“차분함 + 정확함 + 예의”**를 더 좋아합니다.

즉,

사용자의 성향(조용함, 차분함)은 오히려 강점이 될 가능성이 큼","[""import"",""japanese""]",2026-02-22 09:19:19.683838+00,e1848554-ffae-479c-a8cd-4c0d77b7bed2,2026-03-19 15:55:50.007522+00,0,0,0,2026-03-19 15:55:50.007522+00,0,null,null,null,false,null,null,null,null,true,24d7afe6-92f6-405d-861e-aa1cecff982f,null,null,"{""tables"":{""1"":{""rows"":[],""columns"":[]}}}",null,[],null,null
ac5728f2-66dc-46a4-a126-00e5a0aeb46d,日本語単語勉強04,"https://youtu.be/-YLwpE2hfI0?si=-fFeav92lQjY1tE0

釣り（つり、낚시、英: fishing）とは、釣り針、釣り糸などの道具で「魚」（主に魚類などの魚介類）を「釣る」ようにして採捕する行為、方法のことである。（魚に限定した場合は）魚釣り（さかなつり、うおつり）とも。

現代では道具としては釣り針、釣り糸、釣り竿などを使い、釣り針に餌や疑似餌をつけて行うことが一般的である。

https://youtu.be/viNE8fgSnjk?si=C5IZjJMH8QXE4jTR

地元（ちもと）：자기의 생활[세력] 근거지; 자기가 살고 있는 지역.


「見合う」と「似合う」の違い!
「見合う」は「価値や度合いが釣り合い、対応すること」です。

「似合う」は「2つのものが釣り合って調和すること」です。

度合い（どあい）：정도

釣り合い（つりあい）：균형. 조화. 평형. 밸런스.

この紙飛行機は左右の釣り合いがとれていないな。

https://engoo.co.kr/app/words/word/%E9%87%A3%E3%82%8A%E5%90%88%E3%81%84/zga0ELstQmCjlQAAAAa83w

https://youtu.be/nRFx5MGHKVM?si=fE6dvCGjxBVq299A

壁(かべ)：벽、床（ゆか）：바닥

https://youtu.be/oKKbczuF9cY?si=hkahkFouQXXHnyti

一応（いちおう）
(완전하다고는 할 수 없으나) 일단, 대강, 대충, 우선은, 어쨌거나, 거의 그렇게 생각하는

A : 「卒業論文はもうできましたか。」 (졸업논문은 다 끝냈습니까?)
B : 「はい、一応できました。」 (네, 일단 대략 끝냈습니다.)
이럴 경우에는 대략, 대강, 대충 뭐 이런 뜻으로 사용됩니다.

A : 「君はまだ大学生ですか。」　(자네는 아직 대학생인가?)
B : 「いいえ、去年、一応卒業しました。」 (아니요, 작년에 이미 졸업했습니다.) 
이럴 경우에는 겸손의 의미가 있습니다.

A : 「夏休みは国へ帰るんですか。」 (여름방학에 모국으로 돌아갑니까?)
B : 「はい、一応帰ります。」 (네, 일단 귀국합니다.)
이럴 경우에는 남들도 하니까 나도 한다는 뭐 그런 뜻으로 사용됩니다.

A : 「失礼ですが、ご結婚は？」　(실례지만 혹시 결혼하셨나요?) 
B : 「ええ、一応しています。」 (응...  했습니다.)
이 경우에도 같습니다. 일반적으로 남들 하니까 나도 하는 뭐 그런 뜻입니다.

一旦（いったん）：일단、한때、 잠시、 잠깐","[""import"",""japanese""]",2026-02-22 09:19:19.683838+00,e1848554-ffae-479c-a8cd-4c0d77b7bed2,2026-03-19 15:55:50.007522+00,0,0,0,2026-03-19 15:55:50.007522+00,0,null,null,null,false,null,null,null,null,true,a42142a8-5550-4004-9e1d-856c2d75f307,null,null,"{""tables"":{""1"":{""rows"":[],""columns"":[]}}}",null,[],null,null
b0b44806-0186-4a76-8c9f-1f9ca08f5e88,React CDN 사용법,"<!DOCTYPE html>
<html lang=""en"">
<head>
    <meta charset=""UTF-8"">
    <meta name=""viewport"" content=""width=device-width, initial-scale=1.0"">
    <title>Document</title>
    <script
        crossorigin
        src=""https://unpkg.com/react@18/umd/react.development.js""
    ></script>
    <script
        crossorigin
        src=""https://unpkg.com/react-dom@18/umd/react-dom.development.js""
    ></script>
    <script src=""https://unpkg.com/@babel/standalone/babel.min.js""></script>
</head>
<body>
    <div id=""root""></div>
    <script type=""text/babel"">
        const App = () => {
            const [todos,setTodos] = React.useState([]);
            const [text,setText]=React.useState("""")

            const onClick = () => {
                setTodos([...todos,text])
                setText("""")
            };
            return(
                <>
                    <h1>todoList</h1>
                    <input value={text} onChange={(e)=>setText(e.target.value)} />
                    <button onClick={onClick}>click</button>
                    <ul>{todos.map((todo,i)=>(
                        <li key={i}>{todo}</li>
                    ))}</ul>
                </>
            )
        };

        const root = ReactDOM.createRoot(document.querySelector(""#root""));
        root.render(<App />);
    </script>
</body>
</html>

이렇게해서 cdn방식으로 리액트를 사용해보았다 크롬에 react를검색하면 cdn방식사용법을 쉽게 알수있지만 우선은 head부분에 
<script crossorigin src=""https://unpkg.com/react@18/umd/react.development.js""></script>
<script crossorigin src=""https://unpkg.com/react-dom@18/umd/react-dom.development.js""></script>
<script src=""https://unpkg.com/@babel/standalone/babel.min.js""></script>

이 세줄을 입력해야한다 위 두줄은 기본적인 react 사용을 위한것들이고 마지막줄은 babel로사용하는것이다 babel설정을 안해줬더니 syntax에러가떴다 cursor에게 물어보니 jsx로직을 브라우저가 읽을수없기때문에 syntax에러가뜨는거라고하더라 babel설정해줬더니 바로 동작하더라 body 바로밑에 <div id=""root""></div>부분은 리액트 사용해보면알겠지만 모든 코드가 이안에작성된다 마지막부분에 const root = ReactDOM.createRoot(document.querySelector(""#root""));
        root.render(<App />); 이부분도 꼭 써줘야 동작한다","[""import"",""coding""]",2026-02-22 09:19:19.683838+00,e1848554-ffae-479c-a8cd-4c0d77b7bed2,2026-03-19 15:55:50.007522+00,0,0,0,2026-03-19 15:55:50.007522+00,0,null,null,null,false,null,null,null,null,true,3e47a831-bdae-401b-8f89-cccc6adbc293,null,null,"{""tables"":{""1"":{""rows"":[],""columns"":[]}}}",null,[],null,null
bea4aee4-4b3e-46ca-a3cf-1da2038d2e43,日本語単語勉強18,"https://youtu.be/XjatIo4lMhA?si=Xb0mZO_EFCw8Y5LR

「腹立つ（はらだつ）」とは、怒りや不満で感情が高ぶる、イライラする、むかつくといった状態を表す言葉で、相手の言動や状況に対して不快感や憤りを感じる時に使われます。類語には「カチンとくる」「イラつく」「ムカつく」「（頭に）血が上る」などがあり、日本語の口語表現として広く使われています。﻿
意味とニュアンス
怒る・いきどおる:感情的に腹の底から熱くなるような感覚です。古くは「腹が燃えるように怒る」という表現が語源です。﻿
イライラする・むかつく:特に、期待通りにいかない時や、理不尽なことに対して神経が高ぶる状態を指します。﻿
京阪での言い方:関西地方（京都・大阪）では「むかつく」が「腹が立つ」と同じ意味で使われ、「あいつ見てたらむかつく」のように使われますが、東京では「頭にくる」が一般的です。﻿
類語・言い換え表現
強い怒り:ブチギレる、キレる、逆上する、激怒する。﻿
不満・苛立ち:ムカつく、イライラする、カチンとくる、気に障る、腹が煮えくり返る。﻿
使われ方（例文）
「あいつの言い訳には腹が立つ！」
「こんなことで腹立ててどうするんだよ。」
「あの人の態度にムカつく。」
韓国語の「열받다（ヨルパッタ）」との関連
韓国語の「열받다（ヨルパッタ）」も「腹立つ」「熱受ける」という意味で、外部からの刺激で腹が立った時に使う慣用表現で、「腹立つ」と似たニュアンスを持ちます。

ひどい
잔인하다. 무정하다. 참혹하다.
지독하다. 혹독하다. 심하다.
형편없다.
https://mazii.net/ko-KR/search/word/jako/%E3%81%B2%E3%81%A9%E3%81%84

「果てる（지치다,끝내다）」（はてる）は主に「終わる」「死ぬ」という意味の自動詞で、動詞の連用形に付いて「すっかり〜し尽くす」「極限状態になる」という意味を表す補助動詞としても使われ、「あきれ果てる」「疲れ果てる」のように、物事の終わりや限界に達する様子を示します。

https://youtu.be/aL7lIL6nIVg?si=h1_qh_fwEp79TlOx

「映る（うつる）」は、鏡や水面、スクリーンなどに姿や影が反射・投影されて現れること、映像が再生されること、また色や服装などが本体によく似合う・調和すること、印象を与えることなどを意味する言葉です。多くは「写る」と意味が似ていますが、「映る」は光の反射や映像の投影（映す側）、「写る」は写真に撮られる（写される側）といった使い分けがあります。 
主な意味と例文
反射・投影で現れる
鏡に映る自分の顔。
障子に人影が映る。
川面に月が映る。
映像がスクリーンなどに現れる
テレビに映像がよく映る。
スライドを壁に映す（※「映す」は他動詞）。
色や物が調和する、似合う
彼女には赤い口紅がよく映る（似合う）。
この服には白いスカーフがよく映える（「映る」の使われ方）。
印象を与える（映ずる）
その行為は彼に奇異に映る（印象を与える）。
少年の目にアフリカが映る（見える、印象に残る）。 
「映る」と「写る」の違い
映る（うつる）: 光の反射やプロジェクターのように、他の物を通して姿が現れたり、映像が投影されたりする場合に使います（例：鏡に映る、映像が映る）。
写る（うつる）: 写真や絵に被写体として取り込まれる、姿がそのまま現れる場合に使います（例：写真に写る、ノートを写す）。

신체부위 일본어표현
https://m.blog.naver.com/sjn1203/221980685574","[""import"",""japanese""]",2026-02-22 09:19:19.683838+00,e1848554-ffae-479c-a8cd-4c0d77b7bed2,2026-03-19 15:55:50.007522+00,0,0,0,2026-03-19 15:55:50.007522+00,0,null,null,null,false,null,null,null,null,true,f76fa93a-d1ba-4d85-bedb-596802671c0a,null,null,"{""tables"":{""1"":{""rows"":[],""columns"":[]}}}",null,[],null,null
c1eeb588-bc04-48a4-b2a9-f2086ba2db09,日本語単語勉強01,"youtubeでわかる単語

https://youtu.be/-NC-ooUaqiI?si=ZrK7MAyrEeFggs70

ヒトデ（불가사리）、苔（こけ,이끼）

https://www.youtube.com/watch?v=7Bmc_Eb6ma0&list=LL

実際（じっさい、실제）
実際の出来事に基づいた映画作品です。
실제 있었던 일을 바탕으로한 영화작품입니다.

https://youtu.be/1aCAxxy_e14?si=3ExeIIxHPDUCdFEm

あざとい

주로 히라가나로 적음
하지만 현실에서 많이 사용되는 의미는 ""여우 같다""에 가까움. 즉 상대에게 호감을 사기 위해 아양을 떤다는 의미
예능 방송 ""あざとくて何が悪いの？""가 ""여우 같은 게 뭐가 나빠?""로 번역된 바 있음
주로 여성이 남성에게 호감을 사기 위해 아양을 떠는 것을 말함

勉強した文法

都合（つごう)（상황, 형편）

都合により欠席させてください。
(개인적인) 상황, (개인적인)이유가 있어 못 가

彼とはいつも都合が合わなくて、会うことができないでいる。
그와는 항상 (시간적인) 상황이 맞지 않아서, 만나지 못하고 있다.

都合のいい時に電話ください。
시간될때 전화 주세요 → (시간적인) 상황이 좋을 때 전화 주세요","[""import"",""japanese""]",2026-02-22 09:19:19.683838+00,e1848554-ffae-479c-a8cd-4c0d77b7bed2,2026-03-19 15:55:50.007522+00,0,0,0,2026-03-19 15:55:50.007522+00,0,null,null,null,false,null,null,null,null,true,3c022637-cfab-481a-8ff3-610e65e13953,null,null,"{""tables"":{""1"":{""rows"":[],""columns"":[]}}}",null,[],null,null
d0c1e215-0b43-42f4-8e34-d3d655218269,日本語単語勉強10,"https://youtu.be/nhm06MEVwiw?si=NmZKKIJVC5s2Kjq6

「浮気（うわき）」とは、交際相手や配偶者がいながら、他の異性と恋愛感情を抱いたり、肉体関係を持ったりすることを指します。

https://youtu.be/vECiHAOkRZM?si=A-ocsoBAtfh2za2G

「打ち合わせ」とは、具体的な方法や方針などについて、前もって相談し話し合うことです。会議に比べ、より実務的で非公式なニュアンスで使われ、仕事の進め方や課題の調整などが主な目的です。","[""import"",""japanese""]",2026-02-22 09:19:19.683838+00,e1848554-ffae-479c-a8cd-4c0d77b7bed2,2026-03-19 15:55:50.007522+00,0,0,0,2026-03-19 15:55:50.007522+00,0,null,null,null,false,null,null,null,null,true,695478d0-feea-4b0d-9cc7-9bf2a380f675,null,null,"{""tables"":{""1"":{""rows"":[],""columns"":[]}}}",null,[],null,null
d1a3ec00-a2f3-4733-8af6-8854b0322d29,日本語単語勉強14,"Netflix 映画 クレヨンしんちゃん:オラたちの恐竜きょうりゅう日記にっき

「詳しい（くわしい）、상세하다、소상하다、자세히 알고 있다、환하다、정통하다」とは、物事の細部までよく知っている、精通している、詳しく説明されている、といった意味を持つ言葉です。例えば、「パソコンに詳しい人」のように知識や経験が豊富な人を指したり、「詳しい事情」のように詳細な情報を指したりします。

「面倒を見る（めんどうをみる）」とは、人の世話をする、面倒なこと引き受けてあげる、という意味です。子供の世話、体調の悪い人の看病、ペットの世話など、具体的な世話や、ある仕事の責任を負う場合など、幅広い意味で使われます

「転んだ（ころんだ）」は、体の一部が地面や物についたり、勢いを失って倒れたりした状態を指します。ケガの応急処置としては、すり傷なら流水で洗い流し、打撲なら患部を冷やし、捻挫なら患部を固定して安静にするのが基本です。

「役立つ」（やくだつ）は、「役に立つ」「有益である」という意味です。具体的には、何かが「使える」「効果がある」「便利である」、または**「ある目的を達成するのに良い効果をもたらす」**ことを指します。

「めでたし めでたし」は、物語がハッピーエンドで終わったことや、物事が無事に良い結末を迎えたことを表す言葉です。また、話の終わりや結末、大尾（たいび）という意味で使われることもあります。","[""import"",""japanese""]",2026-02-22 09:19:19.683838+00,e1848554-ffae-479c-a8cd-4c0d77b7bed2,2026-03-19 15:55:50.007522+00,0,0,0,2026-03-19 15:55:50.007522+00,0,null,null,null,false,null,null,null,null,true,3a26bbc7-4bdd-4ee2-b2b3-480b4e77b3f3,null,null,"{""tables"":{""1"":{""rows"":[],""columns"":[]}}}",null,[],null,null
d2e52001-444d-46b4-9766-996d2732085b,日本語単語勉強08,"https://www.youtube.com/watch?v=2dC4Dzi-t1I

「貸し切り」とは、多くの人が利用する場所や乗り物、施設などを、特定の期間、他の人に利用させずに、個人や団体専用にすることです

netflix 侵入者たちの晩餐（２０２４）

一体（いったい）：원래、본래、애당초、도대체、전반적으로、대체로、원래.

「いったい誰がこんなことをしたんだ？」
「一体全体何が起こったんだ？」
「一体いつになったら私の話を聞いてくれるんですか？」

泥棒（どろぼ、도둑）：他人の財物を盗む犯罪行為の総称です。

空き巣（あきす、빈집털이범）：家人が不在の間に建物の屋内に侵入して、金品を盗む犯罪です。

突き出し（つきだし）

쑥 밀어냄. 또는 쑥 내민 것.
◆ (씨름에서) 상대편 가슴을 밀쳐서 씨름판 밖으로 밀어내는 수.
◆ (일본 요리에서) 술안주 등으로 처음에 내놓는 간단한 요리. 〔동의어〕(お)通し.
◆ 창녀가 처음으로 손님을 받음. 또는 그 창녀.

例文：警察に突き出したいくらい（경찰에신고하고싶을정도로）

タンス預金（たんすよきん、집에서보관하는현금）、金融機関に預けず、自宅（タンス、金庫、引き出しなど）に現金を保管することです。これはいつでもお金を使えるという安心感がありますが、火災や盗難による消失リスク、また、相続時に税務署に指摘される可能性があるなどのデメリットがあります。

抑える（おさえる、(감정을)억제하다）：感情や欲求、コストなど、目に見えないものを制限・制御する
押さえる（おさえる、손으로눌러억제하다）

「抑える」と「押さえる」の違いって？

「抑える」という表記は、主に「感情や欲求、コストなど、目に見えないものを制限・制御する」という意味で用いられます。例えば「怒りを抑える」「費用を抑える」といった表現が代表的です。ここで大切なのは、「抑える」対象が精神面や抽象的な要素であり、物理的に触れないものが中心となる点です。

一方の「押さえる」は、物理的に手や道具などで「グッと押し付けて、動かないようにする」という場面で使われます。例えば「紙が飛ばないように手で押さえる」「ドアが開かないように押さえる」といった形です。目に見える具体的な動作を伴うため、「押さえる」は相手に対して物理的な抑制・固定のイメージを与えます。

「抑える」と「押さえる」の違いをざっくり比較

抑える：感情、費用、声量、成長率など、抽象的で目に見えないもの
押さえる：モノや人、ドア、紙など、物理的な対象、または「要点・ポイント」

https://forbesjapan.com/articles/detail/77528

https://youtu.be/eugM4gXh46k?si=5wPlnOfjDN7lTK80

珍しい（めずらしい）：드물다、희귀[희한]하다、(진)귀하다.

かゆい：가려움

ニンニク：마늘

そもそも：'애초에', '애당초'라는 의미를 가장 정확하게 나타내는 표현입니다.
もともと：'원래'라는 뜻으로, 상황에 따라 '애초에'와 비슷한 의미로 쓰일 수 있습니다.

さらに：정도가 심해짐을 나타냄。더 한층、보다 더、더욱더、한번 더 반복하거나 새로 추가함을 나타냄. 거듭. 다시금. 새로이. 또 한 번、

にんじん：당근

塩：소금

「若干」と「少し」はどちらも「量が少ない」ことを表しますが、「若干」はより丁寧でビジネスなど公式な場面で使われ、数量に重点が置かれます。一方、「少し」は日常会話で気軽に使えるカジュアルな表現で、程度を表すこともできます。

具体的な例
若干： 「若干名募集します」（採用の際に使う）
少し： 「少し疲れた」（体調や状態を述べる）","[""import"",""japanese""]",2026-02-22 09:19:19.683838+00,e1848554-ffae-479c-a8cd-4c0d77b7bed2,2026-03-19 15:55:50.007522+00,0,0,0,2026-03-19 15:55:50.007522+00,0,null,null,null,false,null,null,null,null,true,cbcfec64-7ce6-48cc-b60e-8273ddd7b08e,null,null,"{""tables"":{""1"":{""rows"":[],""columns"":[]}}}",null,[],null,null
d66030d8-dc6d-407f-8724-ec804f4c7414,「立派（りっぱ）」と「素晴らしい（すばらしい）」の違いは,"「立派（りっぱ）」と「素晴らしい（すばらしい）」はどちらも物事の優れている様子を褒める言葉ですが、「立派」は内容や格式、人格の立派さ（例：立派な青年）、<</「素晴らしい」は感動や感心するほど（例：素晴らしい眺め）、<</「見事」は外見や出来栄え（例：見事に咲く）といったニュアンスの違いがあり、「立派」はやや客観的で格式高く、「素晴らしい」はより主観的な感動を表すことが多いです。ビジネスや目上の人には「素晴らしい」の丁寧な言い方（「素晴らしいことかと存じます」など）が適しています。 
共通する意味
感心するほど優れている、見事であること。 
「立派」のニュアンス
内容・格式・人格の良さ：「立派な建物」「立派なご両親」「立派な態度」のように、中身や格式、人間性など、ある程度の水準や品格を備えている様子。
やや客観的：感動よりも「立派だ」という評価のニュアンスが強い。 
「素晴らしい」のニュアンス
感心・感動：心から感動したり、感心したりする様子。「なんて素晴らしい眺めなんだ！」のように、感情がこもる。
主観的・広範囲：天気、景色、才能、物など、幅広い対象に使える。 
使い分けの例
「立派な青年だね」：成長した姿や態度を評価する（中身を評価）。
「なんて素晴らしい眺めだろう！」：感動を表現する（感情を表現）。
「素晴らしい才能ですね」：才能への感嘆。
言い換え表現
「立派な」の類語：感心な、見上げたもの。
「素晴らしい」の類語：優れている、秀逸だ、抜群だ、非凡だ。
より丁寧に：素晴らしいと思います → 素晴らしいことかと存じます。","[""import"",""japanese""]",2026-02-22 09:19:19.683838+00,e1848554-ffae-479c-a8cd-4c0d77b7bed2,2026-03-19 15:55:50.007522+00,0,0,0,2026-03-19 15:55:50.007522+00,0,null,null,null,false,null,null,null,null,true,39a067ee-450d-4dac-adf4-e1013c4bfe19,null,null,"{""tables"":{""1"":{""rows"":[],""columns"":[]}}}",null,[],null,null
de2e1bd0-6e43-4b01-a160-acd02b56cb5d,歌で日本語勉強しましょう。０１．あいみょん　－　ビーナスベルト,"夕方に語りかける鳥のように
유우가타니 카타리카케루 토리노 요-니
해 질 녘에 속삭이는 새처럼

ただ囁くくらいでいいから
타다 사사야쿠 쿠라이데 이이카라
그저 속삭이는 정도로 괜찮으니까

心を読み聞かせて欲しい
코코로오 요미키카세테 호시이
내 마음을 읽어 들려줬으면 해

むかし、むかし
무카시 무카시
옛날 옛적에

ある所で出会った2人みたいに
아루 토코로데 데앗타 후타리 미타이니
어딘가에서 만난 두 사람처럼

約束はもう果たせないかな？
야쿠소쿠와 모- 하타세나이카나
그 약속은 이제 더 이상 지킬 수 없는 걸까?

君の気持ちは どこか新しい場所で
키미노 키모치와 도코카 아타라시이 바쇼데
너의 마음은 어딘가 새로운 곳에서

はじまりの合図 鳴らしてしまったの？
하지마리노 아이즈 나라시테시맛타노
시작의 신호를 울려버린 걸까?

なのに何故 今僕の元へ会いに来たの
나노니 나제 이마 보쿠노 모토에 아이니 키타노
그런데 왜 지금 나를 만나러 온 거야

明らかに染まる 君の頬
아키라카니 소마루 키미노 호호
선명히 물든 너의 뺨

泣いたりしたんだろうな 隠せてない
나이타리 시탄다로-나 카쿠세테나이
울었겠지, 숨기지 못했잖아

崩れた砂場に 残る跡
쿠즈레타 스나바니 노코루 아토
무너진 모래밭에 남은 자국

蹴り飛ばした想いを教えて
케리토바시타 오모이오 오시에테
걷어차 버린 그 마음을 말해줘

つまりは僕にまだ可能性が有ることも
츠마리와 보쿠니 마다 카노-세-가 아루 코토모
즉, 아직 내게 가능성이 남아있다는 것도

君の表情見てれば分かったよ
키미노 효-죠- 미테레바 와캇타요
네 표정을 보면 알 수 있었어

卑怯な女だって思われるのが怖い事も
히쿄-나 온나닷테 오모와레루노가 코와이 코토모
비겁한 여자라고 생각될까봐 두려운 것도

新しい場所が気になる事も
아타라시이 바쇼가 키니 나루 코토모
새로운 곳이 신경 쓰인다는 것도

正直辛いけど ちょっぴり慣れてる
쇼-지키 츠라이케도 춋피리 나레테루
솔직히 괴롭지만 조금은 익숙해졌어

それも切ない気がして 悲しくなるけど
소레모 세츠나이 키가 시테 카나시쿠 나루케도
그조차도 애틋하게 느껴져서 슬퍼지지만

それを突き抜けるほど 期待してしまう
소레오 츠키누케루호도 키타이시테시마우
그걸 뛰어넘을 만큼 기대하게 돼

まだ帰らないでいてほしい
마다 카에라나이데 이테 호시이
아직은 돌아가지 말아줘

君に 君に
키미니 키미니
너에게, 너에게

ゆるやかに伸びる この坂の
유루야카니 노비루 코노 사카노
완만하게 이어지는 이 언덕의

終わりなんて無くたっていいのにな
오와리난테 나쿠탓테 이이노니나
끝 따윈 없어도 좋을 텐데

何話してたか 分からなくなって
나니 하나시테타카 와카라나쿠 낫테
무슨 이야길 했는지도 알 수 없게 되어서

笑っちゃったの 覚えてる？
와랏챳타노 오보에테루
웃어버렸던 거 기억해?

僕ら 何度だってすれ違った
보쿠라 난도닷테 스레치갓타
우린 몇 번이고 엇갈렸고

何度だって離れたんだ
난도닷테 하나레탄다
몇 번이고 멀어졌지

今もただ 試練を与えられてんだ
이마모 타다 시렌오 아타에라레텐다
지금도 여전히 시련을 겪고 있는 거야

きっと
킷토
아마도

明らかに染まる 君の頬
아키라카니 소마루 키미노 호호
선명히 물든 너의 뺨

泣いたりしたんだろうな 隠せてない
나이타리 시탄다로-나 카쿠세테나이
울었겠지, 숨기지 못했잖아

崩れた砂場に 残る跡
쿠즈레타 스나바니 노코루 아토
무너진 모래밭에 남은 자국

蹴り飛ばした想いを教えて
케리토바시타 오모이오 오시에테
걷어차 버린 그 마음을 말해줘

ゆるやかに伸びる この坂の
유루야카니 노비루 코노 사카노
완만하게 이어지는 이 언덕의

終わりなんて無くたっていいのにな
오와리난테 나쿠탓테 이이노니나
끝 따윈 없어도 좋을 텐데

何話してたか 分からなくなって
나니 하나시테타카 와카라나쿠 낫테
무슨 이야길 했는지 알 수 없게 되어서

笑っちゃったの 覚えてる？
와랏챳타노 오보에테루
웃어버렸던 거 기억해?

明らかに染まる
아키라카니 소마루
선명히 물들어가","[""import"",""japanese""]",2026-02-22 09:19:19.683838+00,e1848554-ffae-479c-a8cd-4c0d77b7bed2,2026-03-19 15:55:50.007522+00,0,0,0,2026-03-19 15:55:50.007522+00,0,null,null,null,false,null,null,null,null,true,30562376-1273-4bb7-bee6-b7b616848850,null,null,"{""tables"":{""1"":{""rows"":[],""columns"":[]}}}",null,[],null,null
ed2bf0b7-f326-4fb8-a1fb-133a3b5ce925,react ts 01,"from ChatGPT

ReactNode
React 코드 안에서 **“이 자리에 어떤 종류의 React 요소든 들어올 수 있다”**라는 뜻을 표현하는 **타입(TypeScript 타입)**이에요. 즉, ReactNode = React 안에서 렌더링될 수 있는 모든 것

from https://merrily-code.tistory.com/209

# 📘 Stock Cloud Community — 프론트엔드 구조 전체 정리 (2025)

## 01. 프로젝트 개요

### 기술 스택

- **React + TypeScript**
- **React Router v6**
- **Context API** (언어 상태 전역 관리)
- **Tailwind CSS** (스타일)
- **JSON 기반 i18n**
- **Vite 또는 CRA 기반 번들러** (환경에 따라)

### 핵심 목표

- 일본을 베이스로 하는 **글로벌 서비스**
- **영어 / 일본어 / 한국어** 다국어 지원
- 향후 기능 확장(경영, 콘텐츠, 커뮤니티 등)을 고려한 **유연한 폴더 구조**

  **팁**  
  프로젝트 문서에서 “기술 스택 + 목표”를 맨 위에 적어두면, 교수·면접관·협업자가 이 프로젝트가 어떤 레벨인지 한눈에 파악하기 쉽다.

## 02. 폴더 구조 (정석 구조)

```txt
client/
  src/
    app/
      App.tsx
      pages/
        HomePage.tsx
        FeedPage.tsx
        ProfilePage.tsx
        SettingsPage.tsx

    components/
      layout/
        MainLayout.tsx
      common/
        LanguageSwitcher.tsx

    contexts/
      LanguageContext.tsx

    lib/
      i18n.ts

    locales/
      en.json
      ja.json
      ko.json

    types/
      locale.ts
      # (선택) localeSchema.ts

    styles/
      index.css

    main.tsx
```

팁

app/ : 라우팅과 페이지 흐름

components/ : 재사용 가능한 UI

contexts/ : 전역 상태(Context)

lib/ : 유틸·도메인 로직

locales/ : 번역 파일
이렇게 역할별로 나누면 규모가 커져도 구조가 잘 버틴다.

## 03. 라우팅 구조

📌 가장 중요한 원칙
BrowserRouter는 앱 전체에서 단 한 번만 사용한다.
위치는 main.tsx 또는 App.tsx 둘 중 하나.

현재 사용 중인 패턴은 main.tsx에 Router를 두는 방식:

```tsx
コードをコピーする;
// main.tsx
import React from ""react"";
import ReactDOM from ""react-dom/client"";
import App from ""./app/App"";
import ""./styles/index.css"";
import { LanguageProvider } from ""./contexts/LanguageContext"";
import { BrowserRouter } from ""react-router-dom"";

ReactDOM.createRoot(document.getElementById(""root"")!).render(
  <React.StrictMode>
    <LanguageProvider>
      <BrowserRouter>
        <App />
      </BrowserRouter>
    </LanguageProvider>
  </React.StrictMode>
);
```

App.tsx는 Router 없이, Routes만 가진다:

```tsx
コードをコピーする;
// app/App.tsx
import { Routes, Route, Navigate } from ""react-router-dom"";
import { MainLayout } from ""../components/layout/MainLayout"";
import { HomePage } from ""./pages/HomePage"";
import { FeedPage } from ""./pages/FeedPage"";
import { ProfilePage } from ""./pages/ProfilePage"";
import { SettingsPage } from ""./pages/SettingsPage"";

export const App = () => {
  return (
    <MainLayout>
      <Routes>
        <Route path=""/"" element={<HomePage />} />
        <Route path=""/feed"" element={<FeedPage />} />
        <Route path=""/profile"" element={<ProfilePage />} />
        <Route path=""/settings"" element={<SettingsPage />} />
        <Route path=""*"" element={<Navigate to=""/"" replace />} />
      </Routes>
    </MainLayout>
  );
};

export default App;
```

---

팁
main.tsx에 Router를 두면, App은 “순수하게 화면만” 담당해서 역할 분리가 더 깔끔해진다.

## 04. 언어 상태 관리 (LanguageContext)

역할
전체 앱의 언어 상태를 전역으로 관리

localStorage와 연동해서 새로고침 후에도 언어 유지

setLanguage 호출 시 전 페이지가 즉시 리렌더링

### 04-01. 언어 타입

```ts
コードをコピーする;
// types/locale.ts
export type Language = ""en"" | ""ja"" | ""ko"";
```

컨텍스트 구현

```tsx
コードをコピーする;
// contexts/LanguageContext.tsx
import {
  createContext,
  useContext,
  useEffect,
  useState,
  type ReactNode,
} from ""react"";
import type { Language } from ""../types/locale"";

type LanguageContextValue = {
  language: Language;
  setLanguage: (lang: Language) => void;
};

const LanguageContext = createContext<LanguageContextValue | undefined>(
  undefined
);

const DEFAULT_LANG: Language = ""en"";

type LanguageProviderProps = {
  children: ReactNode;
};

export const LanguageProvider = ({ children }: LanguageProviderProps) => {
  const [language, setLanguageState] = useState<Language>(DEFAULT_LANG);

  // 초기 로드 시 localStorage 값 적용
  useEffect(() => {
    const saved = window.localStorage.getItem(
      ""scc_language""
    ) as Language | null;
    if (saved) {
      setLanguageState(saved);
    }
  }, []);

  // 언어 변경 시: 상태 + localStorage 둘 다 업데이트
  const setLanguage = (lang: Language) => {
    setLanguageState(lang);
    window.localStorage.setItem(""scc_language"", lang);
  };

  return (
    <LanguageContext.Provider value={{ language, setLanguage }}>
      {children}
    </LanguageContext.Provider>
  );
};

export const useLanguage = (): LanguageContextValue => {
  const ctx = useContext(LanguageContext);
  if (!ctx) {
    throw new Error(""useLanguage must be used within LanguageProvider"");
  }
  return ctx;
};
```

팁

전역 상태는 항상 한 곳에서만 관리한다.

여기서는 LanguageProvider가 “언어의 단일 출처(single source of truth)”.

## 05. i18n 시스템 (JSON 기반)

### 05-01. JSON 구조 예시

```json
コードをコピーする
// locales/en.json
{
""app"": {
""title"": ""Stock Cloud Community"",
""tagline"": ""From Japan to the world""
},
""nav"": {
""home"": ""Home"",
""feed"": ""Feed"",
""profile"": ""My Page""
}
}
```

```json
コードをコピーする
// locales/ja.json
{
""app"": {
""title"": ""Stock Cloud コミュニティ"",
""tagline"": ""日本から世界へ""
},
""nav"": {
""home"": ""ホーム"",
""feed"": ""フィード"",
""profile"": ""マイページ""
}
}
```

```json
コードをコピーする
// locales/ko.json
{
""app"": {
""title"": ""Stock Cloud 커뮤니티"",
""tagline"": ""일본에서 세계로""
},
""nav"": {
""home"": ""홈"",
""feed"": ""피드"",
""profile"": ""마이페이지""
}
}
```

### 05-02. t() 함수 구현

```ts
コードをコピーする;
// lib/i18n.ts
import en from ""../locales/en.json"";
import ja from ""../locales/ja.json"";
import ko from ""../locales/ko.json"";
import type { Language } from ""../types/locale"";

const dictionaries = {
  en,
  ja,
  ko,
};

export const t = (key: string, lang: Language): string => {
  const dict = dictionaries[lang];

  const parts = key.split(""."");
  let value: any = dict;

  for (const part of parts) {
    value = value?.[part];
  }

  return value ?? key; // 못 찾으면 key 그대로 반환
};
```

핵심 포인트

""app.title"" → JSON의 app → title 위치를 찾아서 문자열 반환

""nav.home"" → JSON의 nav → home 위치를 찾아감

값을 못 찾으면 key를 그대로 반환 → 오타 디버깅에 도움

팁
모든 텍스트를 JSON에서 관리하면, 코드 수정 없이도 문구를 변경할 수 있다.
(기획자/디자이너가 JSON 파일만 수정해도 됨)

## 06. MainLayout — 언어 변경 + 네비게이션 UI

역할
상단 헤더(UI 공통)

네비게이션 메뉴

언어 변경 컴포넌트 (LanguageSwitcher)

메인 페이지 컨테이너 (children)

Footer

LanguageSwitcher

```tsx
コードをコピーする;
// components/common/LanguageSwitcher.tsx
import type { FC } from ""react"";
import type { Language } from ""../../types/locale"";

const LABEL: Record<Language, string> = {
  en: ""EN"",
  ja: ""日本語"",
  ko: ""한국어"",
};

type LanguageSwitcherProps = {
  value: Language;
  onChange: (lang: Language) => void;
};

export const LanguageSwitcher: FC<LanguageSwitcherProps> = ({
  value,
  onChange,
}) => {
  return (
    <div className=""flex items-center gap-2 text-xs"">
      <span className=""text-gray-400"">Language</span>
      <div className=""inline-flex rounded-full bg-gray-100 p-1"">
        {([""en"", ""ja"", ""ko""] as Language[]).map((lang) => {
          const isActive = value === lang;

          return (
            <button
              key={lang}
              type=""button""
              onClick={() => onChange(lang)}
              className={[
                ""px-2 py-1 rounded-full transition"",
                isActive
                  ? ""bg-white shadow-sm text-brand-primary""
                  : ""text-gray-500 hover:text-brand-primary"",
              ].join("" "")}
            >
              {LABEL[lang]}
            </button>
          );
        })}
      </div>
    </div>
  );
};
```

MainLayout 구현 (Context 사용)

```tsx
コードをコピーする;
// components/layout/MainLayout.tsx
import type { ReactNode } from ""react"";
import { Link, useLocation } from ""react-router-dom"";
import { LanguageSwitcher } from ""../common/LanguageSwitcher"";
import { useLanguage } from ""../../contexts/LanguageContext"";

type MainLayoutProps = {
  children: ReactNode;
};

export const MainLayout = ({ children }: MainLayoutProps) => {
  const { language, setLanguage } = useLanguage();
  const location = useLocation();

  const isActive = (path: string) => location.pathname === path;

  return (
    <div className=""min-h-screen bg-brand-soft text-brand-primary font-sans"">
      <header className=""border-b border-gray-200 bg-white/80 backdrop-blur-sm"">
        <div className=""mx-auto flex max-w-5xl items-center justify-between px-4 py-3"">
          <div className=""text-xl font-semibold tracking-tight"">
            Stock Cloud
            <span className=""ml-1 text-sm font-normal text-gray-500"">
              community
            </span>
          </div>

          <div className=""flex items-center gap-6"">
            <nav className=""flex items-center gap-4 text-sm text-gray-600"">
              <Link
                to=""/""
                className={
                  ""hover:text-brand-primary "" +
                  (isActive(""/"") ? ""font-semibold text-brand-primary"" : """")
                }
              >
                Home
              </Link>
              <Link
                to=""/feed""
                className={
                  ""hover:text-brand-primary "" +
                  (isActive(""/feed"") ? ""font-semibold text-brand-primary"" : """")
                }
              >
                Feed
              </Link>
              <Link
                to=""/profile""
                className={
                  ""hover:text-brand-primary "" +
                  (isActive(""/profile"")
                    ? ""font-semibold text-brand-primary""
                    : """")
                }
              >
                My Page
              </Link>
              <Link
                to=""/settings""
                className={
                  ""hover:text-brand-primary "" +
                  (isActive(""/settings"")
                    ? ""font-semibold text-brand-primary""
                    : """")
                }
              >
                Settings
              </Link>
            </nav>

            <LanguageSwitcher value={language} onChange={setLanguage} />
          </div>
        </div>
      </header>

      <main className=""mx-auto max-w-5xl px-4 py-8"">{children}</main>

      <footer className=""border-t border-gray-200 bg-white/70"">
        <div className=""mx-auto flex max-w-5xl items-center justify-between px-4 py-3 text-xs text-gray-400"">
          <span>© {new Date().getFullYear()} Stock Cloud Community</span>
          <span>JP → Global</span>
        </div>
      </footer>
    </div>
  );
};
```

팁
예전에 MainLayout이 Context 대신 props로 언어를 받았을 때,
App.tsx의 상태와 Context 상태가 따로 놀아서 새로고침해야 언어 변경이 반영되는 버그가 있었다.
지금은 useLanguage()만 쓰도록 통일해서 이 문제가 해결된 상태.

## 07. Language 버튼 이슈 정리 (에러 로그용)

### 07-01. 상황

React + TypeScript + Context + i18n 사용

언어 변경 버튼을 눌러도 텍스트가 바로 안 바뀌고,
새로고침 후에야 변경된 언어가 적용되는 현상 발생

### 07-02. 원인

언어 상태가

App.tsx의 useState(language)

LanguageProvider의 language
두 군데에서 따로 관리되고 있었음

화면(HomePage 등)은 **Context의 language**를 보고 있었지만,
버튼은 App 내부 상태만 변경하고 있었음 → 상태 불일치

i18n 키와 JSON 구조도 일부 불일치 (home.welcome vs app.title)

### 07-03. 해결

언어 상태를 LanguageProvider(Conte
xt) 하나로 통일

App.tsx에서 언어 관련 useState/useEffect 삭제

MainLayout과 페이지들은 모두 useLanguage()만 사용

LanguageProvider에서만 localStorage read/write 처리

i18n 키와 JSON 구조를 실제 호출 형태에 맞추어 수정

t(""app.title"", language) ↔ en.json.app.title

### 07-04. 결과

언어 변경 시 전 페이지 UI가 즉시 리렌더링

새로고침 없이 자연스럽게 전환

전역 상태 관리 구조 안정화

### 07-05. 배운 점

전역 상태(언어, 테마, 사용자 설정 등)는 반드시 한 군데에서만 관리한다.

Context + localStorage 조합을 사용할 때:

Context = 진짜 소스

localStorage = 초기값 + 영구 저장소 역할

i18n은 코드의 key(""app.title"")와 JSON 구조를 항상 맞춰야 한다.

## 08. 현재 시스템의 완성도

### 08-01. 현재 프로젝트는:

글로벌 언어 시스템(i18n) 기본 구조 완성

Context 기반 전역 언어 상태 안정적으로 구성

Layout / Routes / Pages 구조가 실무 레벨에 가깝게 정리

유지보수성과 확장성 모두 확보

### 08-02. 언어부분 수정내용

✔ 주요 작업 내용

i18n JSON(en/ja/ko) 확장

home / feed / profile / settings 영역에 필요한 문구 추가

일본어는 감성맞게 자연스러운 표현으로 조정

이제 모든 페이지가 통일된 i18n 패턴을 사용하도록 세팅됨

FeedPage 기본 레이아웃 구성

제목, 설명, 빈 피드 안내문 추가

향후 게시글·댓글 UI를 얹기 쉬운 구조로 설계

ProfilePage 기본 UI 제작

사용자 이름/프로필/바이오의 placeholder 문구 i18n 적용

실제 데이터 연동을 대비한 구조로 구축

SettingsPage의 언어 설정 섹션 구축

제목/설명/언어 선택 영역을 i18n으로 연결

LanguageSwitcher를 페이지 내부에서도 사용할 수 있도록 설정

향후 “테마/알림/타임존” 같은 설정을 추가할 공간 마련

MainLayout 전체 페이지에서 Context 기반 언어 전환 정상 동작 확인

nav는 아직 i18n 옵션 적용 전이지만, 적용 가능하도록 준비됨

전역 상태 적용 방식이 안정적으로 유지됨

✔ 배운 점 / 기록

페이지가 늘어나더라도, 언어 상태는 Context 하나로 관리하면 UI 반영이 항상 즉시 이뤄진다.

i18n JSON을 확장할 때는 “키 구조 통일”이 가장 중요하며,
이번 작업으로 전체 키 구조가 일관된 형태를 갖추게 됨.

페이지를 먼저 *“레이아웃 중심”*으로 만들면 나중에 DB 연결 시 훨씬 편하다.

📌 다음 작업 예정(TODO)

MainLayout 내 nav.menu 부분을 i18n으로 전환

SettingsPage → 테마 전역 상태 추가 준비

FeedPage → 게시글 카드 UI 설계

ProfilePage → 이름/소개 입력 폼 추가

### 08-03. 앞으로 추가하기 좋은 기능:

인증(Auth: 로그인/회원가입)

프로필 편집

게시글/댓글 기능

UI 세련화 (Tailwind + 일본 감성)

DB 연결 (초기 MongoDB → 이후 AWS로 마이그레이션)

팁
이 문서를 v1으로 두고, 기능이 늘어날 때마다 v2, v3 문서를 추가로 작성하면
“프로젝트 성장 히스토리” 자체가 포트폴리오가 된다.","[""import"",""coding""]",2026-02-22 09:19:19.683838+00,e1848554-ffae-479c-a8cd-4c0d77b7bed2,2026-03-19 15:55:50.007522+00,0,0,0,2026-03-19 15:55:50.007522+00,0,null,null,null,false,null,null,null,null,true,0e72426b-564d-457a-b386-2c8f992532b9,null,null,"{""tables"":{""1"":{""rows"":[],""columns"":[]}}}",null,[],null,null
f2c3c67a-bbdc-46d7-abb8-c5fc56a8dee6,立派（りっぱ）,"「立派（りっぱ）」とは、品質や品性、様子などが非常に優れていて、見事であること、また、欠点や不足がなく立派に整っている様子を表す言葉です。人に対して使う場合は「立派な人」のように、尊敬や賞賛の気持ちを込めて使われ、「堂々としている」「立派に成長した」のように使われます。 
主な意味
素晴らしい・見事だ: 品質や様子が非常に優れていること。「立派な花」「立派な建物」など。
立派な人物: 徳や能力が優れ、尊敬に値する人物。「立派な青年」「立派な人になる」など。
整っている・欠点がない: 不足や欠点がなく、きちんと整っている様子。「立派に国産である」など。 
類語
すばらしい、見事だ、偉大だ、卓越した、堂々とした。 
語源（説）
「一派を立てる」: 僧侶が新しい流派を立てるように、一人前になることが困難であることから、「立派」という言葉が生まれたという説。
「立破文明」: 仏教用語で、自分の主張を立証し、相手の主張を論破する（立論・論破）ことができている状態から、「立派」という言葉になったという説。 
このように、「立派」は単に見た目が良いだけでなく、内面的な立派さや、しっかりと成り立っている様子など、幅広い意味で使われます。","[""import"",""japanese""]",2026-02-22 09:19:19.683838+00,e1848554-ffae-479c-a8cd-4c0d77b7bed2,2026-03-19 15:55:50.007522+00,0,0,0,2026-03-19 15:55:50.007522+00,0,null,null,null,false,null,null,null,null,true,093dee46-add5-466b-9be4-c32ac23ee9c8,null,null,"{""tables"":{""1"":{""rows"":[],""columns"":[]}}}",null,[],null,null
f392bed7-8937-4cdf-be69-65939c1a3281,当然（とうぜん）」と「当たり前（あたりまえ）,"「当然（とうぜん）」と「当たり前（あたりまえ）」は、「そうあるべきこと」「ごく普通のこと」「何の疑問の余地もないこと」という意味で、ほぼ同じ意味で使われる類義語です。語源としては、「当然」を意味する「当前（とうぜん）」を訓読みして「当たり前」が生まれたとされ、元々は共同作業の分け前を指す言葉だったという説もあります。 
意味とニュアンス
当然・当たり前: 道理にかなっていて、疑問なくそうなるべき状況や状態を指します。
例: 「雨が降れば濡れるのは当然（当たり前）だ」「彼は努力したのだから、成功したのは当然（当たり前）だ」 
語源と歴史
「当然」の当て字: 「当然」という漢字が江戸時代に「当前」とも書かれ、これを訓読み（音読みではなく、漢字ごとの日本語読み）したものが「当たり前」になったという説が有力です。
「分け前」の言葉: 漁や狩りなどで、人数で分ける一山分の取り分（分け前）を「当たり前」と呼び、その分け前を受け取るのは道理（当然）であることから、「普通のこと」という意味に転じたという説もあります。 
類語・関連語
類語: もちろん、無論（むろん）、もっとも、さもありなん。
対義語: 「当たり前」の対義語として「ありがたい（有り難い）」が挙げられることがあります。これは「有ることが難しい」という意味から、「めったにない」「尊い」という意味で使われます。 
まとめ
「当然」と「当たり前」は、どちらも「ごく普通のこと」「そうあるべきこと」というニュアンスで使われますが、「当たり前」は「当然」という漢字の当て字（または誤字）から生まれた、より口語的な表現であり、さらに「分け前」という具体的な語源を持つ点が特徴です。 

【当然】＝中国から伝わった言葉を活かしたもの。

【当たり前】＝【当然】を日本の和語、つまり大和言葉に変えたもの。

→ですから、全体の文脈を硬くしたい時は【当然】を、
柔らかくしたい時は【当たり前】が良いかも知れません。","[""import"",""japanese""]",2026-02-22 09:19:19.683838+00,e1848554-ffae-479c-a8cd-4c0d77b7bed2,2026-03-19 15:55:50.007522+00,0,0,0,2026-03-19 15:55:50.007522+00,0,null,null,null,false,null,null,null,null,true,0eeeafd6-a706-4d52-94d0-4c6ce2adc621,null,null,"{""tables"":{""1"":{""rows"":[],""columns"":[]}}}",null,[],null,null
f63ae454-9671-4250-a2cf-a4a73dd6f303,日本語単語勉強28,"https://youtu.be/FdW7urWuT7o?si=NdX4lK9IPoTvGEbo

「立ち回り（たちまわり）」とは、演劇での殺陣や乱闘シーン、ビジネスや人間関係での要領の良い振る舞い・処世術、ゲームでの有利な位置取りや試合運びなど、状況に応じて有利に進めるための動きや行動全般を指す言葉です。特に、アクションシーンでは「殺陣（たて）」の意味で使われ、ゲームでは「有利なポジション取り」や「敵との間合い」を指すことが多いです。﻿
主な意味と使われ方
演劇・映画・殺陣:複数の人物が斬り合ったり格闘したりする場面の演技・演出、アクションシーン全般。﻿
社会・ビジネス:自分が有利になるような言動や、要領よく物事を進める振る舞い、処世術。「あの人の立ち回りは上手い」のように使う。﻿
ゲーム（eスポーツなど）:
試合を有利に進めるための移動やポジション取り、状況判断。﻿
相手との間合い（距離感）の取り方や、技を当てるまでの過程。﻿
「有利なポジションを確保する」「無理なら引く」といった戦略的な行動。﻿
能楽:シテ（主役）が舞台を静かに一巡する所作や、それに伴う囃子（はやし）のこと。﻿
類語・関連表現
アクション:揉み合い、組打ち、活劇。
振る舞い:世渡り、要領の良さ、処世術。
ゲーム:ポジション取り、動き方、駆け引き。﻿
このように、「立ち回り」は文脈によって意味が異なりますが、共通して「状況に合わせて有利になるように動くこと・振る舞うこと」というニュアンスが含まれています。

「しんどい」とは、身体的な疲労や倦怠感、精神的なつらさや苦しさを表す言葉で、体が重い、だるい、疲れている、気分が落ち込む、集中できない、イライラするなど、様々な状態を指します。 ストレスや疲労、睡眠不足、ストレス、病気のサインである可能性もあり、無理せず休養を取る、生活習慣を見直す、軽い運動をする、誰かに相談するなどの対処法が有効です。 
「しんどい」の主な状態
身体的: 体がだるい、重い、動かしにくい、疲労感、頭痛、肩こり、不眠、食欲不振など。
精神的: 気分の落ち込み、不安感、イライラ、集中力低下、やる気のなさ、喜びを感じられないなど。
行動的: 外出や人との交流が億劫になる、趣味に興味が持てない、仕事のパフォーマンス低下など。 
「しんどい」ときの対処法
休息と生活習慣の見直し: 十分な睡眠を確保し、規則正しい生活を送る。
心身のリフレッシュ: 軽いウォーキングやストレッチ、ヨガなどで血流を改善する。
負担の軽減: 仕事の業務量を調整したり、タスクを細分化する。
セルフケア: 好きな飲み物をゆっくり味わう、深呼吸をするなど、その場でできるリラックス法を見つける。
相談する: 友人、家族、または専門家（心療内科医、カウンセラー）に話を聞いてもらう。 
注意すべきサイン
「しんどい」状態が長く続き、日常生活に支障が出ている場合は、うつ病などの精神疾患のサインの可能性もあります。一人で抱え込まず、専門機関への相談を検討しましょう。

「高ぶる（たかぶる）」には主に2つの意味があり、感情や気持ちが高まる・興奮する（例：気持ちが高ぶる、血がたぎる）と、思い上がって偉そうな態度をとる（例：驕り高ぶる、生意気になる）という意味があり、文脈によってポジティブ（高揚感）にもネガティブ（傲慢さ）にもなりますが、多くは「興奮して気分が高まる様子」や「慢心して偉そうにする様子」を表します。 
意味の分類
気分や感情が高まる・興奮する（ポジティブ・中立的）
気持ちが高揚する、ワクワクする、意欲的になる様子。
例：「試合が始まり、観客の気持ちが高ぶった」「やる気が高ぶる」
類語：高揚する、興奮する、盛り上がる、血が騒ぐ、胸が熱くなる。
思い上がって偉そうな態度をとる（ネガティブ）
慢心して尊大になる、生意気な態度をとる、自分を大きく見せようとする様子。
例：「成功して高ぶる」「傲慢に高ぶる」
類語：思い上がる、偉ぶる、増長する、図に乗る、傲慢になる。 
漢字表記
高ぶる（たかぶる）：最も一般的。
昂ぶる（たかぶる）：興奮して気持ちが高まる意味合いが強い。
昂る（たかぶる）：上記2つと同じ意味。 
文脈からどちらの意味で使われているか判断することが重要です。

https://youtu.be/FdW7urWuT7o?si=fPxCCRpKwj2gGGr4

「初耳（はつみみ）」も「初めて聞いた」も、今まで聞いたことのない話や情報を知ったときに使う表現で、ほぼ同じ意味ですが、「初耳」は「初めて耳にする」という意味の四字熟語（漢字）で、やや硬い響き（「初耳です」）や、少し驚きを表すニュアンスで使われますが、「初めて聞いた」はより日常的でストレートな言い方です。 
意味とニュアンス
初耳（はつみみ）:
「初めて耳にする」こと、またはその話自体を指す言葉。
「初耳だ」「初耳です」のように使われ、驚きや意外性を伴うことが多いです。
例: 「え、あの会社がもう撤退したんですか？ 初耳です！」
初めて聞いた（はじめてきいた）:
「今まで聞いたことがない」ことを直接的に表現する、より一般的な言い方。
事実を淡々と伝えるニュアンスが強いです。
例: 「それは初めて聞きました。詳しく教えてください。」 
類似表現（類語・言い換え）
知らなかった
初めて知った
耳に入っていない
承知していない 
韓国語の参考
韓国語では「처음 들었어요 (チョウム トゥロッソヨ)」が「初めて聞きました」に相当し、四字熟語「금시초문（クムシチョムン／今時初聞）」も「初耳」の意味で使われます。

https://youtu.be/DWNtISY9jyc?si=UXzjVP7D8Bc9E7GB

「取り組み」（とりくみ、대처）とは、何らかの物事に対して真剣に取り組むこと、行動を起こすことを指し、努力、試み、施策、課題への対処といった意味合いで使われます。文脈によって「相撲の組み合わせ」や「信用取引での売買の約束」などの具体的な意味を持つこともあり、ビジネスシーンでは「課題解決への努力」「プロジェクトへの注力」といった意味で使われることが多い言葉です。 
主な意味と使い方
物事への姿勢・行動:
「問題への取り組み」（問題にどう対処するか）
「環境問題への取り組み」（具体的な施策や活動）
「新しいプロジェクトに取り組み」（真剣に実行する）
類語: 努力、試み、奮励、企て、施策、事業、実行、対処。
ビジネスでの言い換え: 注力する、尽力する、心を込めて行う、実行する。 
表記について
「取り組み」：最も一般的で、新聞やメディアでも広く使われます。
「取組み」：こちらもよく使われ、意味は同じです。
「取組」：公用文や改まった文章で推奨される「正字」とされる書き方です。 
例文
「企業はSDGs達成に向けた取り組みを強化している。」
「新入社員が困難な課題に取り組み、成長する。」
「この仕事は非常に重要なので、全力を尽くして取り組みます。」

役所（やくしょ、관청、관공서）とは、国や地方公共団体（都道府県、市区町村など）が行政事務を取り扱う機関やその建物のことで、住民票の発行、戸籍の管理、福祉サービス、インフラ整備など、市民の生活に密接に関わる様々な行政サービスを提供しています。具体的には市役所（しやくしょ）、区役所（くやくしょ）、町役場（まちやくば）、村役場（むらやくば）などがこれにあたり、市民生活のルール作りと管理、そして必要なサービスの提供を担う公的機関です。 
役所の主な役割と業務
住民生活関連：住民票、戸籍、マイナンバーカード、印鑑証明書の発行・管理、年金・保険の受付。
福祉・子育て：子育て支援、高齢者・障がい者福祉サービス。
都市・環境：道路・公園の管理、ごみ処理・リサイクル事業。
防災・防犯：自然災害対策、市民の安全確保。
行政手続き：転入・転出、結婚、出生などの届け出の受付。 
役所の種類（地方自治体の場合）
市：市役所
区（特別区）：区役所
町・村：町役場・村役場
都道府県：都道府県庁（県庁など） 
関連する言葉
官公庁（かんこうちょう）：国の役所（省庁など）や地方自治体の役所を含めた総称。
お役所仕事（おやくしょしごと）：形式主義的で非効率な仕事ぶりを皮肉る言葉。 
役所は「行政機関」そのものを指すことも、「その建物（庁舎）」を指すこともありますが、一般的には行政サービスを行う公共の場所として認識されています。

https://youtu.be/1VWK36dZ1vc?si=lBiKYs1V2ANmuKy0

「スッキリ」は、「よけいなものがなく、洗練されている様子」や「わずらわしいことがなく、気持ちが良い・さっぱりした状態」を表す言葉で、日本テレビの朝の情報番組『スッキリ!!』の略称としても広く知られていますが、番組は2023年3月に終了しました。この言葉は、デザインや文章が垢抜けている場合や、気分が爽快な時、悩みが解消された時などに使われます。

「片付け」とは、不要な物を手放し（整理）、必要な物を使いやすい場所に戻し（収納）、それを維持する（習慣化）一連のプロセスで、部屋をスッキリさせるだけでなく、心にも余裕を生み出す効果があります。始めるには、「出す・分ける（要・不要・保留）」の3ステップでエリアを区切って少しずつ進め、「定位置を決める」「時間を区切る」などのコツを取り入れると、挫折しにくく、リバウンドを防げます。 
片付けの基本ステップ
理想の暮らしをイメージする: どんな部屋で過ごしたいか、どんな風に暮らしたいかを具体的に考えます。
「出す」: 片付けたい場所の物を一度すべて出します。何がどれだけあるか把握するためです。
「分ける」（整理）:
「必要」「不要」「保留」の3つに分類します。判断基準（例：1年使っていない物は不要など）を決めるのがコツです。
「いつか使うかも」で保留を増やしすぎないように注意しましょう。
「収納する」:
使う頻度や使う場所を考慮し、「定位置」を決めます。ここが片付けの8割を決める重要な部分です。
収納グッズを買いすぎず、まずはある物で工夫します。
「維持する」（習慣化）:
使ったら元の場所に戻す、使わない物を増やさない習慣をつけます。 
挫折しないためのコツ
小さな範囲から始める: 家全体ではなく、引き出し1つ、棚の1段など、区切って少しずつ進めます。
時間を区切る: 10分、20分などタイマーをセットし、集中して取り組みます。達成感がモチベーションになります。
「脳が疲れる」と理解する: 片付けは「未来を想像し、今ある物を判断する」脳の活動。疲れたら無理せず休憩しましょう。
思い出の品は最後に: すぐに判断できない物は「保留箱」に入れて後回しにすると、作業が止まりません。 
具体的な方法例
「使っていない物」を手放す: 1年以上着ていない服、1年使っていない物は手放す候補に。
「1つ買ったら1つ手放す」: モノの数を一定に保ちます。","[""import"",""japanese""]",2026-02-22 09:19:19.683838+00,e1848554-ffae-479c-a8cd-4c0d77b7bed2,2026-03-19 15:55:50.007522+00,0,0,0,2026-03-19 15:55:50.007522+00,0,null,null,null,false,null,null,null,null,true,7b5d4e22-32fb-4968-a7bc-1370b7d90217,null,null,"{""tables"":{""1"":{""rows"":[],""columns"":[]}}}",null,[],null,null
f7bc783c-cb22-4060-ba78-c3ebb186cfac,日本語単語勉強13,"https://youtu.be/Y1tVPCXXRVA?si=B-vmTEEhjRYVZbzx

「マシ」は「より良い」「まあまあ良い」という意味で使われる言葉です。その他に、「増えること」という意味や、古語で「あなた」を意味する代名詞としても使われます

https://youtu.be/laU9-imU9pM?si=ARUdnU9pQIaq82bX

「間に合わす（まにあわす）」とは、決められた期限までに物事を済ませること、または不足している部分を補うことを意味します。これは、時間や状況に合わせて物事を進めるための言葉です。

「喜ぶ（よろこぶ、기뻐하다. 즐거워하다. 좋아하다.）」は、うれしい気持ちになること、祝福すること、気持ちよく受け入れること、そして「喜んで」の形ですすんで何かをすることを意味します。

嬉しい　VS　喜び

■嬉しい (내가)기쁘다
テストに受かって嬉しい。시험에 합격해서 기쁘다
昨日、彼女にもらった電話は本当に嬉しかった。어제 여친에게서 받은 전화는 정말로 기뻤다
その晩は嬉しくて眠れなかった。그 밤은 기뻐서 잠들 수 없었다
문장 모두 주어인 내가 기쁜 상태임

■喜ぶ (제3자가)기뻐하다
彼女の喜ぶ顔を見たくて、高いプレゼントを買ってしまった。그녀의 기뻐하는 얼굴을 보고싶어서 비싼 선물을 사 버렸다
娘の結婚に、両親は心から喜んだ。딸의 결혼에 부모님은 마음으로 기뻐했다
みんな大いに喜んで、その晩は朝まで酒の席が続いた。모두 크게 기뻐하고 그 밤은 아침까지 술자리가 이어졌다
제3자가 기뻐하는 모양을 묘사함

脱毛(だつもう):탈모
털이 빠지는 것&털을 뽑아 제거하는 것.
https://blog.naver.com/popsiclez/221558363079

[ 일본어 관용표현 ]
足元(あしもと)にも及(およ)ばない。
발끝도 못 따라가다; 어림도 없다.

貼る　VS　張る：붙이다

貼る：풀,접착제로 딱 붙이는것

例文
ステッカーを貼る

張る：펼쳐서 고정시키는것、뻗다,부풀어오르다,붙이다,깔다

例文
根が張る：뿌리가 뻗다.
床にタイルを張る。：바닥에 타일을 깔다

怖い　VS　恐い

「怖い」は、感覚的・心理的な不安や驚き、恐れを感じたときに使う言葉です。
たとえば、ホラー映画を見て驚いたときや、暗い夜道を歩くときに感じる恐怖です。
身近な恐怖や、突然感じる怖さに対して使うことが多いのが特徴です。
また、「怖い顔」「怖い先生」など、相手の雰囲気や態度が威圧的だったり、威嚇を感じるような場合にも使われます。
このように、「怖い」は心理的な反応や一時的な感情を表すのにピッタリの言葉です。

「恐い」は、畏怖や尊敬の念、または避けたい強い恐怖を感じるときに使われます。
単なる驚きや不安よりも、もっと深く、根本的な恐怖や畏れが含まれるのが特徴です。
「自然の力が恐い」「運命が恐い」といったように、人間の力では抗えないものや、圧倒的な存在に対する恐れを表します。
また、文章やフォーマルな場面で使われることが多く、文学作品や報道記事などでもよく見かけます。

「怖い」と「恐い」の違いを比較｜実例でわかる使い分け

「怖い」と「恐い」はどちらも「こわい」と読みますが、使う場面や伝えたいニュアンスによって使い分けが求められます。
例えば、「犬が怖い」は犬に対する身近な恐怖や不安、「自然災害が恐い」は自然の力そのものへの畏れや、コントロールできないものに対する敬意や恐怖です。
「怖い」は身体的・心理的な反応、「恐い」は本質的・哲学的な恐れや畏怖と覚えておくとよいでしょう。
また、会話やSNSでは「怖い」が多用される一方で、論文や小説などでは「恐い」が用いられることが多いです。
どちらも正しい使い方を理解すると、自分の気持ちや伝えたいニュアンスをより的確に表現できるようになります。

from : https://job.migi-nanameue.co.jp/column/scary-vs-fearful-difference/

「驚いた(おどろいた)」は、予期しない出来事や情報に衝撃を受けた状態を表します。類語には「びっくりした」「吃驚した」などがあり、英語では一般的に ""surprised"" と訳されます。
「驚いた」の類語
びっくりした: 日常的な状況でよく使われます。
吃驚した（きっきょうした）: 「びっくりした」よりも少しフォーマルな表現です。
仰天した（ぎょうてんした）: 非常に驚いたときに使います。
たまげた: 驚きを強調する際に用いられる、口語的な表現です。

英語での表現

I was surprised: 自分が驚いたことを伝えたい場合に「私は驚いた」と訳せます。
I'm surprised: 驚いている現在の状況を伝えたいときに使います。
be surprised: 驚くべき状況であることを示す一般的な表現です。

from : chrome AI

https://youtu.be/YZUij1EaHJw?si=7qppjSwbsR10ekCf

番宣：番組宣伝의 준말: 프로그램 선전; (TV·라디오 등의) 특정 프로그램의 시청률·청취율을 높이기 위한 홍보·광고.

from : https://mazii.net/ko-KR/search/word/jako/%E7%95%AA%E5%AE%A3

https://youtu.be/WtulPRlMkZU?si=9X5FfHgBl78hyCZN

「仕掛け」は、巧みに工夫された装置やからくり、物事を始めることやそのやり方、相手に働きかけることや策略など、文脈によって様々な意味を持ちます。具体的には、釣りで使う糸や針、浮きなどを一式にしたものや、機械や花火の仕組み、仕事の準備、あるいは金銭のやり取りにおけるごまかしや策略などを指すことがあります。

https://youtu.be/Y6FtnkSPeQI?si=guqUGTeLU_xvkdpL

年収は1年間の収入（総支給額）を指しますが、実際に受け取った金額のことではありません。
年収とは、1月1日から12月31日までの1年間に、会社から支払われた総支給額のことで、基本給と各種手当に加え、ボーナスも含まれます。一般的に、会社が個人に代わって税金を納める源泉徴収を行いますが、年収は社会保険料や税金が天引きされる前の金額を指します。

年俸とは、年俸制によって支払われる給与のことで、スポーツ選手の契約などで用いられることが多く、雇用契約で定められた1年単位の報酬のことを指します。

所得（給与所得）とは、収入から必要な経費を引いた金額のことです。個人事業主の場合は、仕入れ原価や消耗品などを経費にできますが、会社員の場合、原則として必要経費は認められていません。しかし、会社員の場合も仕事のために必要な準備があることを考慮し、年収に応じて、一定の金額を控除する「給与所得控除」が設けられています。そのため、会社員の所得は、年収から給与所得控除を引いた金額のことを指します。

額面とは、会社から支払われる総支給額のことで、年収や収入と同じ意味です。基本給のほか、時間外手当（残業代）や通勤手当などの各種手当、ボーナスを含み、社会保険料や税金を差し引く前の金額です。なお、額面は、源泉徴収票の「支払金額」の欄に記載されています。

手取りとは、実際に受け取れる金額のことで、額面から社会保険料と税金を差し引いた金額です。手取りは、額面の金額をはじめ、所得税の税率や保険料率、扶養家族の有無などによって変わります。額面から正確な手取りを計算することは簡単ではありませんが、一般的に手取りは、額面のおよそ75～85％といわれています。

from : https://www.cr.mufg.jp/mycard/beginner/23014/index.html

https://youtu.be/XNk8EaTRZpo?si=YkVeO898lJxtmdEV

シミとは、皮膚にメラニン色素が過剰に蓄積して茶色く見える状態です。

from : chrome AI","[""import"",""japanese""]",2026-02-22 09:19:19.683838+00,e1848554-ffae-479c-a8cd-4c0d77b7bed2,2026-03-19 15:55:50.007522+00,0,0,0,2026-03-19 15:55:50.007522+00,0,null,null,null,false,null,null,null,null,true,f155f1ac-233f-4f66-b122-433b18bc7d22,null,null,"{""tables"":{""1"":{""rows"":[],""columns"":[]}}}",null,[],null,null
f8aa15f8-b650-4d92-828d-df0422b565d8,日本語単語勉強16,"https://youtu.be/ptaT3HWkCJA?si=jHpXkoscVL3tap0V

「あざとさ」とは、図々しく抜け目がない様子や、計算してわざとらしく可愛らしく振る舞うことを指し、元々は「小聡明い（こしょうめいい）」と書き「小賢しい」「あくどい」といった否定的な意味でしたが、近年では**「計算された魅力的な振る舞い」**として、ポジティブな意味合いで使われることも増えています。特に、男性の気を引くために意図的に可愛く見せる女性の言動を指すことが多いです。","[""import"",""japanese""]",2026-02-22 09:19:19.683838+00,e1848554-ffae-479c-a8cd-4c0d77b7bed2,2026-03-19 15:55:50.007522+00,0,0,0,2026-03-19 15:55:50.007522+00,0,null,null,null,false,null,null,null,null,true,fcef3c32-3c5e-4e9a-a34d-f9d86129a91a,null,null,"{""tables"":{""1"":{""rows"":[],""columns"":[]}}}",null,[],null,null
fd29bd08-2393-49db-b14b-f5d1ce7c30c0,日本語単語勉強12,"「盛れてる（もれてる）」とは、実物よりも美しく、魅力的に見える状態を指す言葉です。特に、写真や動画の加工アプリなどで、目を大きくしたり肌をきれいに見せたりして、自分をより良く見せている状況で使われます。

リンゴ：사과

https://youtu.be/4FbKRk3-VDI?si=IKuSDN-S8BSxT6yH

まつげ（英: eyelash、속눈썹）は、まぶた（眼瞼）の端に生える体毛。日本語の表記にはまつ毛、睫、睫毛などがある。
眉毛（まゆげ、英語：eyebrow、눈썹）とは、目の上部に弓状に生える毛のこと。眉とも呼ばれる。
鼻（はな）：코
目（め）：눈
口（くち）：입
耳（め）：귀
頭（あたま）：머리
頭頂(とうちょう)：'정수리' 또는 '머리 꼭대기'를 의미하며, '머리의 가장 꼭대기 부분'을 가리킵니다. 해부학적 용어로는 '두정골(頭頂骨)'을 의미하기도 하며, 이는 머리뼈의 한 부분입니다.
髭（ひげ、英: beard、턱수염）：主に男性の顔に生える毛の総称です。ヒトの顔から顎の下にかけて生える毛。

https://youtu.be/B8XUE9kde1Y?si=HUvWmda4bfJBGB4o

イライラとは、物事が思い通りにいかない時やストレスを感じる時に、神経が高ぶって落ち着かない状態のことです。

刺す（さす）：찌르다.

冤罪（えんざい）とは、実際には犯罪を行っていないのに、犯罪者として扱われ、有罪の判決を下されることです。","[""import"",""japanese""]",2026-02-22 09:19:19.683838+00,e1848554-ffae-479c-a8cd-4c0d77b7bed2,2026-03-19 15:55:50.007522+00,0,0,0,2026-03-19 15:55:50.007522+00,0,null,null,null,false,null,null,null,null,true,74fee350-ff08-4258-96c4-99353129a432,null,null,"{""tables"":{""1"":{""rows"":[],""columns"":[]}}}",null,[],null,null
002fb638-36fb-4023-bbf2-6d57d641824b,欠かせないルーティーン,"https://youtu.be/PrUY5I8WACg?si=qSeR6ytmNLVxmKr_

失かせないルーティーン

「欠かせない（かかせない）」、「なくてはならない」「必要不可欠である」という意味を持つ表現です。 
日常や仕事の場面で、絶対に外せない要素や重要な存在を表す際によく使われます。
主な使い方・例文
「生活に欠かせないインフラ」（通信やインフラなど）
「健康な指先に欠かせない保湿」（スキンケアや習慣など）
「お正月には欠かせないおせち料理」（行事や習慣） 
注意点
通常は「欠かせない」と書くことが多いですが、「失かせない」と表記される場合、文脈によっては「（大切なものを）失くすことができない」「絶対に無くせない」というニュアンスを含んで使われることもあります。
基本的には「必要」を意味する「欠かせない」の用法で覚えておくと便利です。

https://www.kpedia.jp/w/10824

「無くす」の韓国語「잃다」を使った例文

・길을 잃어서 같은 곳을 왔다갔다 했다.
道に迷い、同じところを行ったり来たりした。

・쓰나미로 인해 많은 사람이 목숨을 잃었다.
津波によって多くの命が奪われた。

・잃었던 물건을 찾았다.
失くしていた物を見つけた。

・나는 역에 가는 도중에 지갑을 잃어 버렸다.
私は駅に行く途中に財布をなくしました。

・모든 것을 잃는 것은 아니다.
すべてが失われるわけではない。

・그녀는 중학교 때 교통사고로 어머니를 잃었다.
彼女は中学生時代に交通事故で母を亡くした

・돈과 신용을 잃다.
お金と信用を失う。

・인생의 모든 것을 잃었다.
人生のすべてを失った。

・소중한 사람을 잃었다.
大切な人を亡くした。

・나는 열여덟 살에 가장 사랑하는 어머니를 잃었다.
私は18歳で最愛の母を失った。

・사랑하는 딸을 잃었다.
愛する娘を失った。

・네 살 때 부모님을 잃었다.
4歳で両親を亡くした。

・아들을 잃은 상처를 안고 살고 있다.
息子を亡くした傷を抱えて生きている。

・건강을 잃으면 모든 것을 잃는다.
健康を失えば、すべてのことを失う。

・파죽지세로 성장한 그 회사는 올해 들어 여러 문제로 고객의 신뢰를 잃었다
破竹の勢いで成長したあの会社は、今年に入って様々なトラブルで顧客の信頼を失った。

・지나친 호객은 오히려 손님을 잃게 만든다.
過度な客引きは、かえって客を失う。

・비판 속에서도 그는 위풍당당함을 잃지 않았다.
批判の中でも、彼は威風堂々とした態度を失わなかった。

・인간애에 대한 믿음을 잃지 않았다.
人間愛への信念を失わなかった。

・기껏 고생해서 돈을 벌었는데 잃어버렸다.
せっかく苦労して稼いだお金を失くしてしまった。

・기껏 준비한 선물을 잃어버렸다.
せっかく準備したプレゼントを失くしてしまった。

・타당한 이유 없이 행동하면 신뢰를 잃는다.
妥当な理由なしに行動すると信頼を失う。

・채신없는 행동을 반복하면 신뢰를 잃는다.
軽率な行動を繰り返すと信頼を失う。

・약아빠지게 처신하면 사람들에게 신뢰를 잃을 수도 있다.
ちゃっかり立ち回ると、人々の信頼を失うこともある。

・가뜩이나 어려운 살림에 직업까지 잃었다.
そうでなくても苦しい暮らしなのに職も失った。

・금전 문제로 신뢰를 잃었다.
金銭問題で信頼を失った。","[""import"",""japanese""]",2026-02-22 09:21:41.476371+00,e1848554-ffae-479c-a8cd-4c0d77b7bed2,2026-03-19 15:55:50.007522+00,0,0,0,2026-03-19 15:55:50.007522+00,0,null,null,null,false,null,null,null,null,true,d09deba1-18c9-41b1-ad34-6244a555cc47,null,null,"{""tables"":{""1"":{""rows"":[],""columns"":[]}}}",null,[],null,null
010cf0a9-46fb-46c6-a724-374f5eda5dba,「手応え（てごたえ）」,"「手応え（てごたえ）」とは、物理的な感触（手に伝わる感触、歯ごたえなど）と、働きかけに対する反応や手応りの良さ（仕事や学習のやりがい、相手の反応の良さなど）の2つの意味があり、文脈によって「やりがい」「好感触」「反応」「感触」などと訳せる言葉です。具体的には、釣りで魚が食いついた感覚（手応え）や、仕事で成果が感じられる状態（やりがい）、料理の歯ごたえ（歯ごたえ）、演奏の聞き応えなどを指します。 
主な意味
物理的な感触・感触の良さ:
手にひびく感覚、肌触り、触感。
例: 「粘りのある手応え」「キーボードのしっかりした手応え」。
働きかけに対する反応・手応りの良さ:
相手からの反応、物事の難易度、やりがい。
例: 「仕事に手応えを感じる」「手応えのある相手」「聞き応えのある演奏」。 
関連する言葉
歯ごたえ（はごたえ）: 食材の噛み応え。
読み応え（よみごたえ）: 本などを読んで得られる満足感や面白さ。
聞き応え（ききごたえ）: 音楽や話を聞いて得られる面白さや感動。
やりがい（やりがい）: 仕事や活動で得られる充実感。 
英語での表現例
feedback（フィードバック）
touch（タッチ、感触）
response（反応）","[""import"",""japanese""]",2026-02-22 09:21:41.476371+00,e1848554-ffae-479c-a8cd-4c0d77b7bed2,2026-03-19 15:55:50.007522+00,0,0,0,2026-03-19 15:55:50.007522+00,0,null,null,null,false,null,null,null,null,true,cc981cdd-0da0-4bf4-b65a-957613ed5070,null,null,"{""tables"":{""1"":{""rows"":[],""columns"":[]}}}",null,[],null,null
020f7e03-e8e0-4c61-a62d-c16d03ee158e,「媚びて（こびて）」,"https://youtu.be/vuCYWu86FOg?si=z--3k__gGKdxaXcX

「媚びて（こびて）」は、気に入られようとして相手の機嫌を取る、または擦り寄る態度を指します。評価や出世、気を引くことを目的に、お世辞や卑屈な振る舞い（ヘコヘコする、ペコペコする）を指す言葉です。類語には「媚びへつらって」「おもねって」「ご機嫌取り」などがあり、否定的なニュアンスが強いです。 
主なニュアンスと類語
態度: 卑屈に、尻尾を振って、揉み手をして、身をすり寄せて
行動: おべっかを使う、お世辞を言う、ご機嫌取り
目的: 出世、評価を得る、気に入られる、気を引く 
具体的な表現
媚びて（こびて） / 媚びた態度で
媚びへつらって
媚を売る","[""import"",""japanese""]",2026-02-22 09:21:41.476371+00,e1848554-ffae-479c-a8cd-4c0d77b7bed2,2026-03-19 15:55:50.007522+00,0,0,0,2026-03-19 15:55:50.007522+00,0,null,null,null,false,null,null,null,null,true,19f3d0cc-50f5-4407-8236-aa563ce0f9c1,null,null,"{""tables"":{""1"":{""rows"":[],""columns"":[]}}}",null,[],null,null
0470336b-4650-4861-927a-c75bcfb5d334,「挟まれて（はさまれて）」,"https://youtu.be/HLiervLfbbo?si=3rb0BOjxkdV0qamW

こんな感じでベーコンとチーズが挟まれていて...
이런식으로 베이컨과 치즈가 끼워져있고

「挟まれて（はさまれて）」は、二つの物の間に入り込んだ状態や、両側から押さえつけられて動けない状態を指す言葉です。物理的な位置関係や、仕事・事故の危険シーン（機械への挟まれ）、あるいは精神的な板挟み状態などで用いられます。 
Yahoo!ニュース
Yahoo!ニュース
 +3
主な意味と使い方
類語・関連語
板挟み（いたばさみ）
狭間（はざま）
挟まる（はさまる）
巻き込まれる（まきこまれる） 
類義語として「狭間で」「間」なども使われます。","[""import"",""japanese""]",2026-02-22 09:21:41.476371+00,e1848554-ffae-479c-a8cd-4c0d77b7bed2,2026-03-19 15:55:50.007522+00,0,0,0,2026-03-19 15:55:50.007522+00,0,null,null,null,false,null,null,null,null,true,d9973997-9a9e-4bca-9b2a-a0f7985b6c43,null,null,"{""tables"":{""1"":{""rows"":[],""columns"":[]}}}",null,[],null,null
04c65afe-e285-4dc5-80f3-b0f2243905c9,「本領発揮（ほんりょうはっき）」,"「本領発揮（ほんりょうはっき）」とは、その人が本来持っている能力、技術、実力を存分に発揮し、見事な活躍や成果を見せることを指す言葉です。類語には「面目躍如（めんもくやくじょ）」や「底力を発揮する」などがあり、真価を発揮する場面で使われる表現です。 
主なポイントと表現:
意味: 本来の能力や真価を十分に発揮すること。
類語・言い換え: 実力を出す、真価を発揮する、腕を振るう、底力を出す、持ち前の力を発揮する。
関連表現: 「本領を発揮する」「本領発揮の場」。 
スポーツや仕事の場面で、その人らしさが存分に出たときに使われます。","[""import"",""japanese""]",2026-02-22 09:21:41.476371+00,e1848554-ffae-479c-a8cd-4c0d77b7bed2,2026-03-19 15:55:50.007522+00,0,0,0,2026-03-19 15:55:50.007522+00,0,null,null,null,false,null,null,null,null,true,0b11a6a6-6af1-4413-b646-bed17cca6980,null,null,"{""tables"":{""1"":{""rows"":[],""columns"":[]}}}",null,[],null,null
04f510a1-9bca-4f8d-af5a-bab4c669c592,「ついに（遂に/終に）」,"「ついに（遂に/終に）」は、長期間の経過や努力の末、最終的にある結果（特に待望の結末や、逆に避けられない結末）に到達したことを強調する言葉です。「やっと」「とうとう」と同様に、ドラマチックな展開や最終的な結果を表現する際に用いられます。 
「ついに」の主な意味と使い方
念願の達成・ドラマチックな結末： 長い間待っていたこと、または努力してきたことが実現した時。
例：「ついに優勝を果たした」「5年越しで、ついに完成した」
最終的な結果・到達： 紆余曲折を経て、ある状況に最終的になった時。
例：「疲れ果てて、ついに倒れた」
否定的な結果の到達（打ち消しの語を伴う）： 期待していたことが実現しなかった時。
例：「ついに現れなかった」「ついに夢はかなわなかった」 
関連する言葉との違い
ついに： 結果や結末に強い焦点がある（ポジティブ、ネガティブ両方）。
やっと： 苦労して何とか実現したという、努力の側面に焦点がある。
とうとう： 最終的な結果という事実に焦点がある（「ついに」と近い）。

https://mazii.net/ko-KR/search/word/jako/%E3%81%A4%E3%81%84%E3%81%AB

◆ 드디어; 마침내; 결국.

遂に夢が叶う
드디어 꿈이 이루어지다

遂に完成を見た
드디어 완성을 봤다

遂に優勝をつかんだ
마침내 우승을 거머쥐었다

◆ (부정(否定)하는 말이 따라서) 최후까지; 끝끝내; 끝까지; 종내(終乃); 한 번도.

遂に現われなかった
끝내 나타나지 않았다

遂に口を利かなかった
끝끝내 말을 하지 않았다

遂に帰って来なかった
끝내 돌아오지 않았다","[""import"",""japanese""]",2026-02-22 09:21:41.476371+00,e1848554-ffae-479c-a8cd-4c0d77b7bed2,2026-03-19 15:55:50.007522+00,0,0,0,2026-03-19 15:55:50.007522+00,0,null,null,null,false,null,null,null,null,true,c9b0b0c4-d536-484c-a7ff-6e8f0c2e2ea6,null,null,"{""tables"":{""1"":{""rows"":[],""columns"":[]}}}",null,[],null,null
0b12c6ba-3344-432c-a807-4fa2177ef23e,「乗りそびれ」,"https://youtu.be/xwRzxGZn2hw?si=F0gZQrXFO24-ePgQ

「乗りそびれ」とは、「乗り損ねる」の連用形（名詞化した形）で、電車やバス、飛行機などの乗り物に乗る機会を逃してしまい、乗れなかった状態を指します。朝寝坊や寝過ごし、手違いなどで発生し、「乗り遅れる」「乗り過ごす」と同義で、交通機関のチケットに関するルール（特に新幹線など）は、当日中に限り後続の自由席なら乗車可能など、詳細な規定があります。 
「乗りそびれ」の意味と具体例
意味: 予定していた乗り物に乗るチャンスを逃すこと。「乗りそびれる」は「機会を失って、とうとうしとげないでしまう」という意味の動詞です。
例文:
「朝寝坊して、始発の電車に乗りそびれた」。
「うっかり寝過ごして、目的地の駅を乗りそびれた（降りそびれた）」。 
交通機関ごとの対応
新幹線・特急券:
指定席: 発車時刻を過ぎると原則無効ですが、当日中に限り、後続列車の普通車自由席には差額を払えば乗車できます（割引切符などは条件が異なる）。
乗車券: 払い戻しが可能な場合がありますが、使用済みとみなされる切符もあります。
飛行機:
航空会社の規約を確認し、早めに連絡することが重要です。変更やキャンセルには手数料がかかることが多く、当日中の対応が基本です。 
関連語
乗り遅れる（のりおくれる）
乗り過ごす（のりすごす）
し損なう（しそこなう） 

https://aiueo.cc/pages/ja/grammar/web/615.php

【說明】

　この文型は、何かをしようとしたが、機会を逃してできなかったことを表す表現で、何かをしようとしたものの、タイミングや状況によって実行できなかったことを説明するときに使用されます。

【訳文】This sentence pattern is used to describe an attempt to do something that was thwarted due to missed opportunities or circumstances. It conveys the inability to carry out an intended action because of timing or other factors.

【例文】

・朝寝坊して、電車に乗りそびれた。
【訳文】I overslept and missed the train.

・仕事が終わらず、映画を見に行きそびれた。
【訳文】I couldn’t finish my work and missed the movie.

・結局、タイミングを逃して、告白しそびれました。
【訳文】In the end, I missed the timing and couldn’t confess.

・彼にお礼を言いそびれてしまった。
【訳文】I missed the chance to thank him.

・話そうと思っていたけど、忙しくて話しそびれたんです。
【訳文】I wanted to talk, but I was too busy and missed the chance.","[""import"",""japanese""]",2026-02-22 09:21:41.476371+00,e1848554-ffae-479c-a8cd-4c0d77b7bed2,2026-03-19 15:55:50.007522+00,0,0,0,2026-03-19 15:55:50.007522+00,0,null,null,null,false,null,null,null,null,true,f53f6e67-e3a0-4dfc-8066-1e77912d88f7,null,null,"{""tables"":{""1"":{""rows"":[],""columns"":[]}}}",null,[],null,null
0c92b9af-4a4f-4247-adf6-e39822a2a190,「覚（さ）ます」,"「覚（さ）ます」は、眠っている人を起こす（目を覚ます）、酔いを醒ます、または迷いや夢から醒めさせる（現実に戻す）という意味を持つ他動詞です。眠りや意識が混濁した状態から、通常の状態へ移行させる行為を指します。 
主な意味と用法
目を覚ます: 眠っている人を起こす。 (例: 目覚まし時計が私を覚ます)
醒ます（酔い）: 酔った状態から正気に戻す。
迷いを覚ます: 心の惑いを解く、現実を見させる。 
関連語
覚める/醒める (自動詞): 自然に目が覚める、酔いがさめる。
冷ます (同音異義語): 温度を下げる。 
「覚ます」は「眠り」や「意識」の能動的な「さめ」を指す際によく使われます。 

https://mazii.net/en-US/search/word/jako/%E3%81%95%E3%81%BE%E3%81%99

◆ 깨다; 깨우다.
◆ 잠∙꿈 등에서 벗어나게 하다.

眼気を覚す
졸음을 깨우다

爆音に驚かされて目を覚ます
폭음에 놀라서 잠을 깨다

雨の音に目を覚した
빗소리에 잠을 깼다

◆ 술기운 등을 사라지게 하다.

酔いを覚す
취기를 깨다

その人は酔いを覚してから帰った
그 사람은 술이 깬 뒤에 돌아갔다

◆ 깨우치다; (미혹 등에서) 깨닫게 하다.

青少年の迷いを覚す。
청소년을 미망(迷妄)에서 깨어나게 하다","[""import"",""japanese""]",2026-02-22 09:21:41.476371+00,e1848554-ffae-479c-a8cd-4c0d77b7bed2,2026-03-19 15:55:50.007522+00,0,0,0,2026-03-19 15:55:50.007522+00,0,null,null,null,false,null,null,null,null,true,e364a9b1-d3cc-484b-b9a0-8210c1c6924e,null,null,"{""tables"":{""1"":{""rows"":[],""columns"":[]}}}",null,[],null,null
0d77ce67-b1d9-4758-9d75-cdb0a3aa7a23,「かつら（鬘）」,"「かつら（鬘）」とは、髪の毛を補ったり、別の髪型に見せたりするために頭にかぶる装身具で、人毛や人工毛でできており、「ウィッグ」とも呼ばれますが、本来は「かずら」と読み、つる草などで作った髪飾りを指し、能楽などでは「かずら」と呼びます。また、「カツラ」は秋に甘い香りのするハート型の葉を持つ落葉高木（桂）を指すこともあり、この木の材は家具などに使われます。﻿
髪の毛を補う「かつら（鬘）」
概要:脱毛症や薄毛のカバー、ファッション、医療用（抗がん剤治療後など）、コスプレ、舞台用など、様々な目的で使われます。﻿
種類:部分用、全頭用（フルウィッグ）、医療用、オーダーメイドなどがあり、人毛と人工毛があります。﻿
別名:ウィッグ（wig）、ウイッグ、ウイグとも呼ばれ、基本的には同じものを指すことが多いです。﻿
植物の「カツラ（桂）」
特徴:ハート形の葉が特徴で、秋に黄葉した葉が甘い香りを放ちます。
用途:街路樹や庭木として植えられるほか、家具や将棋盤などの材料にもなります。﻿
語源と歴史
語源:元々は、つる草や花で作った髪飾り（髪飾り）を指し、万葉集にも歌われています（例：「玉に貫きかずらにせむと」）。﻿
歴史的変遷:その後、髪の毛を補う毛髪（鬘）を指すようになり、現代のウィッグにつながっています。﻿
その他の「かつら」
料理:野菜などを薄くむき身にする「かつらむき」という調理法もあります（例：かつらむき器）。

かつら（鬘）は、人の頭部にかぶせて、元々ある頭髪を補ったり別の髪型に見せたりするために使う、人毛もしくは人工的な髪のこと。古くは「かづら」と言い、鬘帯や鉢巻きなど、頭髪のように作って頭にかぶったり付けたりするものを指した[1][2]。現代でも能楽では「かずら」と呼ぶ。","[""import"",""japanese""]",2026-02-22 09:21:41.476371+00,e1848554-ffae-479c-a8cd-4c0d77b7bed2,2026-03-19 15:55:50.007522+00,0,0,0,2026-03-19 15:55:50.007522+00,0,null,null,null,false,null,null,null,null,true,369e89da-c3b8-424f-9bb6-772a47a3edb2,null,null,"{""tables"":{""1"":{""rows"":[],""columns"":[]}}}",null,[],null,null
0f71c281-ef3e-4269-b6a9-9d1cf2792b10,しょうがない　N2,"Netflix　Talk Queens　07

「しょうがない（仕様がない）」は、どうしようもない、避けられない、仕方がないという意味の日本語です。解決策がない状況や、避けられない運命を受け入れる際に使われ、類語には「仕方がない」「やむを得ない」「致し方ない」などがあります。また、「～てしょうがない」の形で、我慢できないほど感情が強い状態も表します。 
詳細な解説は以下の通りです。
1. 基本的な意味と使い方
「仕方がない」「どうにもならない」: 状況が変えられないことを受け入れるニュアンス。
例：「電車が遅れたのなら、遅刻するのもしょうがない」。
「避けられない」「必然的な」: 運命的なものや不可抗力。
例：「これ以上はしょうがない」。 
2. 関連表現とニュアンスの違い
しょうがない / しようがない: 100%同じ意味で、カジュアルな会話から日常会話まで幅広く使われます。
仕方がない: 「しょうがない」より少し丁寧で、硬い表現。書き言葉や少しフォーマルな場でも使われます。
致し方ない: 最もフォーマルな表現で、ビジネスシーンで使用されます。
やむを得ない: 状況的に避けられないという意味で、「致し方ない」に近い。 
3. 「～てしょうがない」の用法
感情や身体的感覚が抑えられないほど強いことを表します（「～てしかたがない」も同義）。
例：「寒くてしょうがない」。
例：「会いたくてしょうがない」。 
4. 類語
「是非もなし」
「止むを得ない」
「しょうがない」は、ネガティブな状況を「もうこれ以上どうしようもない」と受け入れて、次へ進もうとする日本人特有の受容的な感性を表す言葉としても使われます。

https://nihongo.co.kr/%EF%BD%9E%E3%81%A6%E3%81%97%E3%82%87%E3%81%86%E3%81%8C%E3%81%AA%E3%81%84%E3%83%BB%EF%BD%9E%E3%81%A6%E3%81%97%E3%81%8B%E3%81%9F%E3%81%8C%E3%81%AA%E3%81%84/

【～てしょうがない】

私は会社の飲み会が嫌でしょうがないのですが、上司に誘われたからには行くしかありません。
나는 회사 회식이 싫어 죽겠지만 상사에게 권유 받았기에 갈 수밖에 없습니다. 

日本で地震があったので、日本にいる家族が心配でしかたありません。
일본에서 지진이 있었기 때문에 일본에 있는 가족이 걱정되어 미치겠습니다. 

昨日会った彼女のことが気になってしょうがないです。
어제 만난 그녀가 신경 쓰여 죽겠습니다. 

彼女のいない人生なんて、考がえられない。もう死にたくてしょうがない。
그녀가 없는 인생 따윈 생각할 수 없다. 죽고 싶어 죽겠다. 

最近、ちょっと疲れているのかな？眠くて眠くてしょうがない。
요즘 좀 피곤한 건가? 졸려 미치겠다. 

今日はなんだかカレーが食べたくてしょうがない。
오늘은 왠지 카레가 먹고 싶어 못 참겠다. 

あれ、風邪をひいたかな？なんだか寒くてしょうがない。熱でも測ってみるか。
어? 감기 걸린 건가? 추워 미치겠어. 열이라도 재 볼까?

【～てしかたがない】

祖父は今年生まれた孫がかわいくてしかたがないようだ。
할아버지는 올해 태어난 손주가 귀여워서 어쩔 줄 모르겠는 것 같다. 

最近は暇で暇でしかたがない。
요즘 한가해 미치겠다. 

先日受けた試験の結果が気になってしかたがない。
얼마전 치른 시험결과가 걱정돼 미치겠다. 

昨日の試合、頑張ったのに負けてしまって、悔しくてしかたがない。
어제시합 열심히 했는데 져버려서 분해 죽겠다. 

月曜日は会社に出勤するのがめんどくさくてしかたがない。
월요일은 회사에 출근하는 게 귀찮아 죽겠다.","[""import"",""japanese""]",2026-02-22 09:21:41.476371+00,e1848554-ffae-479c-a8cd-4c0d77b7bed2,2026-03-19 15:55:50.007522+00,0,0,0,2026-03-19 15:55:50.007522+00,0,null,null,null,false,null,null,null,null,true,697bd34f-b87f-4754-9d99-c50e1470ec46,null,null,"{""tables"":{""1"":{""rows"":[],""columns"":[]}}}",null,[],null,null
11ab2503-d586-4b58-9cbb-91aca8ee80d8,～欠かさず、欠かせない　N2,"https://nihongo.co.kr/%EF%BD%9E%E6%AC%A0%E3%81%8B%E3%81%95%E3%81%9A%E3%80%81%E6%AC%A0%E3%81%8B%E3%81%9B%E3%81%AA%E3%81%84/

～欠かさず、欠かせない

의미
欠かさず 거르지 않고
欠かせない 빠뜨릴 수 없다

설명
欠かす(빠뜨리다) 에서 파생된 문법

예문

【～欠かさず】

私は健康のために毎日ビタミン剤を欠かさず飲むようにしている。
나는 건강을 위해서 매일 비타민제를 빠트리지 않고 먹도록 하고 있다. 

私はあの俳優のファンなので、彼の出演するドラマは欠かさず見ています。
나는 저 배우의 팬이기 때문에 그가 출연하는 드라마는 빠트리지 않고 보고 있습니다. 

健康のために私は毎日欠かさず運動をしています。
건강을 위해서 나는 매일 빠트리지 않고 운동을 하고 있습니다. 

私は毎年欠かさず祖父のお墓参りをしています。
나는 매년 빠트리지 않고 할아버지의 성묘를 하고 있습니다. 

彼女は毎週欠かさず教会に通っているらしい。
그녀는 매주 빠지지 않고 교회에 다니고 있다는 것 같아. 

父は毎朝欠かさず新聞を読んでいる。
아빠는 매일 아침 빠트리지 않고 신문을 읽고 있다. 

彼女はその日の授業の復習を欠かさず行うことで、効率よく勉強を進めているようだ。
그녀는 그날 수업의 복습을 빠트리지 않고 하고 있어서 효율좋게 공부를 수행하고 있는 것 같다. 

【～欠かせない】

お正月にはおせち料理が欠かせない。
설날에는 오세치요리를 빠트릴 수 없다. 

人間にとって水は生きていく上で欠かせない大切なものです。
인간에게 있어 물은 살아가는데 있어 빠트릴 수 없이 소중한 것입니다. 

こんなに暑い日には水分補給が欠かせない。水分を取らないと熱中症になってしまうから。
이렇게 더운 날에는 수분보충을 빠트릴 수 없다. 수분을 취하지 않으면 열사병에 걸려버리니까. 

語学の習得にはインプットだけでなく、アウトプットも欠かせない。
어학 습득에는 인풋뿐만 아니라 아웃풋도 빠트릴 수 없다.

彼女はこのチームにとって一番欠かせない存在です。
그녀는 이 팀에 있어 가장 빠트릴 수 없는 존재이다.

https://www.kpedia.jp/w/39349

「欠かせない」の韓国語「빼놓을 수 없다」を使った例文

・돈은 일상생활 속에서 빼놓을 수 없는 존재라고 해도 과언이 아닙니다.
お金は日常生活の中では欠かせない存在だと言っても過言ではありません。

・생선회에 간장은 빼놓을 수 없다.
刺身に醤油は欠かせない。

・당신은 빼놓을 수 없는 존재입니다.
あなたは欠かせない存在です。

・외교에 이해득실 계산은 빼놓을 수 없다.
外交に利害得失の計算は欠かせない。

・프라이팬은 재료를 굽거나 볶거나 하는 등 요리에 빼놓을 수 없는 아이템이에요.
フライパンは食材を焼いたり炒めたりと、お料理には欠かせないアイテムです。

・소바는 일본의 축제나 행사에서도 빼놓을 수 없습니다.
そばは日本のお祭りや行事でも欠かせません﻿。

・도시락에는 단무지를 빼놓을 수 없습니다.
お弁当にはたくあんを必ず入れます﻿。

・동치미는 한국의 음식 문화에서 빼놓을 수 없는 요리입니다.
大根の水キムチは、韓国の食文化に欠かせない一品です。

・도료를 칠하기 전에 빼놓을 수 없는 공정이 있다.
塗料を塗る前に欠かせない工程がある。

・도료를 칠하기 전에 빼놓을 수 없는 공정이 있다.
塗料を塗る前に欠かせない工程がある。

・경쟁심은 선수 성장에 절대로 빼놓을 수 없습니다.
競争心は、選手の成長には絶対に欠かせません。

・이 노래는 내 넋을 빼놓을 정도로 아름답다.
この歌は私の魂を奪うほど美しい。

・굴소스는 중화 요리에 빼놓을 수 없는 조미료예요.
オイスターソースは中華料理に欠かせない調味料です。

・관광에는 활기 넘치는 시장을 빼놓을 수 없어요.
観光には、活気あふれる市場をはずせません。

・한국 소주는 한국의 식문화를 이야기할 때 빼놓을 수 없는 존재입니다.
韓国焼酎は、韓国の食文化を語るうえで欠かせない存在です。","[""import"",""japanese""]",2026-02-22 09:21:41.476371+00,e1848554-ffae-479c-a8cd-4c0d77b7bed2,2026-03-19 15:55:50.007522+00,0,0,0,2026-03-19 15:55:50.007522+00,0,null,null,null,false,null,null,null,null,true,4d302b19-9ea8-4c16-8637-0e9b34ed8781,null,null,"{""tables"":{""1"":{""rows"":[],""columns"":[]}}}",null,[],null,null
155aeff6-ce48-4293-940e-6eb870ee98b2,일본 장기체류 외국인들이 가장 많이 부딪히는 ‘감정 미이식 영역’,"1️⃣ 空気を読む (쿠우키오 요무, 공기를 읽다)

의미(이론)
→ 말하지 않은 분위기·맥락·상대 기대를 파악해서 행동하라는 뜻

감정적 이해가 어려운 이유

“왜 말을 안 했는데 내가 알아야 하지?”라는 감정이 남음

명확한 규칙이 아니라 관계·상황·위치에 따라 매번 달라짐

실패해도 누가 직접 지적하지 않음 → 이유를 모른 채 배제됨

일본인 감정 구조

말하는 것 자체가 이미 “공기를 깨는 행위”일 수 있음

공기를 못 읽는 사람 = 무례하거나 미성숙한 사람

팁

말의 의미보다 말하지 않은 사람의 표정·침묵 길이·상석 위치를 먼저 관찰하세요

일본에서는 “정보 전달”보다 “관계 유지”가 말의 1순위 목적입니다

2️⃣ 検討します (켄토-시마스 = 검토해보겠습니다)

의미(이론)
→ 생각해보겠다

실제 뉘앙스

80% 이상이 사실상 거절

하지만 “거절했다”는 감정적 부담은 상대에게 주지 않음

외국인이 이해 못 하는 지점

“그래서 언제 답이 오는 건데?”라는 감정이 계속 남음

명확하지 않은 상태가 불안하고 비효율적으로 느껴짐

일본인 입장

명확한 거절 = 관계 파괴 가능성

애매함 = 관계 유지 + 체면 보호

팁

일본에서 확답은 YES를 여러 번 반복할 때만 YES입니다

날짜·기한이 제시되지 않으면 이미 답은 끝났다고 봐도 무방합니다

3️⃣ すみません의 감정 범위 (죄송합니다 / 감사합니다 / 실례합니다)

의미(이론)
→ 사과

실제 감정

미안함 + 고마움 + 민폐 의식이 섞인 감정

“당신의 시간을/공간을 사용했다”는 인식

외국인이 느끼는 괴리

“왜 고마운 상황에서도 사과를 하지?”

사과가 너무 잦아 자존감이 낮아 보이기도 함

일본인 감정 구조

개인은 항상 타인에게 잠재적 민폐를 끼친다는 전제

사과는 자기비하가 아니라 사회 윤활유

팁

일본어의 すみません은 감정 단어가 아니라 사회적 버튼이라고 생각하세요

진짜 사과는 톤·속도·몸 각도로 구분됩니다

4️⃣ 本音と建前 (혼네와 다테마에)

의미(이론)

本音: 진짜 마음

建前: 사회적 공식 입장

감정적 이해가 어려운 이유

“왜 솔직하지 않지?”라는 배신감

친해졌다고 생각했는데 여전히 벽이 느껴짐

일본인 감정 구조

본음을 쉽게 드러내는 것은 상대를 위험에 빠뜨릴 수도 있음

다테마에는 거짓말이 아니라 사회적 보호막

팁

일본에서 본음은 술자리, 1:1, 늦은 시간에만 슬쩍 나옵니다

“솔직해줘”라는 말은 오히려 본음을 닫게 만듭니다

5️⃣ 迷惑をかける에 대한 과민함 (민폐 의식)

의미(이론)
→ 남에게 불편을 주는 것

외국인이 감정적으로 이해 못 하는 부분

작은 부탁에도 극도로 조심함

도움 요청을 거의 하지 않음

일본인 감정 구조

독립성 = 민폐를 끼치지 않는 능력

도움을 받는 순간 관계에 빚이 생김

팁

일본에서 도움을 받을 땐 반드시 되돌려줄 기회를 만드세요

“괜찮아요”보다 “이렇게 도와주셔서 감사합니다”가 중요합니다

6️⃣ 曖昧さ(애매함)를 편안하게 느끼는 감정

외국인 정서

애매함 = 불안, 비효율, 무책임

일본인 정서

애매함 = 유연함, 여지, 관계 보존

가장 큰 감정 장벽

끝까지 명확해지지 않는 인간관계

“우린 친구야? 동료야? 그냥 아는 사이야?”가 흐릿함

팁

일본에서는 관계의 이름보다 지속성이 더 중요합니다

정의하려 들수록 관계가 멀어질 수 있습니다

🎯 핵심 정리

외국인이 일본어를 아무리 잘해도
“왜 그렇게 느끼는가”까지는 잘 안 들어온다

일본어는 논리 언어가 아니라 관계 언어

감정은 개인이 아니라 집단 기준으로 조정됨

이해는 가능하지만, 공감은 선택적으로만 가능","[""import"",""japanese""]",2026-02-22 09:21:41.476371+00,e1848554-ffae-479c-a8cd-4c0d77b7bed2,2026-03-19 15:55:50.007522+00,0,0,0,2026-03-19 15:55:50.007522+00,0,null,null,null,false,null,null,null,null,true,3fa39d7d-1ded-4c1d-9287-e211ada54021,null,null,"{""tables"":{""1"":{""rows"":[],""columns"":[]}}}",null,[],null,null
19b1e041-97b5-4e62-be6f-1f28468c3a0a,エアリー感（Airy）,"https://youtu.be/RFJ5Q_gZl3s?si=0uHJmEa9VDZp2UUQ

エアリー感（Airy）とは、空気を含んだような、ふんわりとして軽やかな質感を指す言葉です。主にヘアスタイルで、ボリュームがありつつ柔らかく、揺れるような女性らしい雰囲気や抜け感を表現する際に用いられます。 
エアリー感の主な特徴と作り方
特徴: 髪と髪の間に空気が入り込んだような軽さ、柔らかいニュアンス、ふんわりとしたシルエット。
カット方法: レイヤーやシャギーで毛先に動きを出し、軽い質感にする。
スタイリング:
根元の立ち上げ: ドライヤーを下からあて、トップをふんわりさせる。
カール・ウェーブ: アイロンで毛先に動きをつけ、柔らかさを出す。
ワックス: ナチュラルなワックスを少量ずつ使い、重くならないように仕上げる。
メリット: 小顔効果、優しい雰囲気、抜け感の演出。 
髪質が硬い人から軟毛の人まで、パーマやカット、スタイリング次第で取り入れることができ、ショートからロングまで幅広く活用されるスタイルです。","[""import"",""japanese""]",2026-02-22 09:21:41.476371+00,e1848554-ffae-479c-a8cd-4c0d77b7bed2,2026-03-19 15:55:50.007522+00,0,0,0,2026-03-19 15:55:50.007522+00,0,null,null,null,false,null,null,null,null,true,9e4a649a-6da4-4081-968b-59cfed145577,null,null,"{""tables"":{""1"":{""rows"":[],""columns"":[]}}}",null,[],null,null
1af3b933-434e-4dc4-8636-55a4806dde48,誰しも自分自身の課しているルールがある。,"https://youtu.be/PrUY5I8WACg?si=VFj0CronxLvhiKeU

誰しも自分自身の課しているルールがある。

「誰しも（だれしも）、누구라도」は、「誰でも」「誰だって」という意味で、特定の人に限らず「すべての人」を指す表現です。古くは「たれしも」とも言い、「誰も」をさらに強調した表現であり、日常会話や文章で普遍的な心理・行動を述べる際に用いられます。 
意味と使い方
意味: 全ての人々、例外なく誰でも。
強調: 「誰でも」を強めた表現。
例文:
人間は誰しも死を避けられない。
誰しも幸せを願う。
誰しも礼儀正しい人が好きだ。 
類語・言い換え
誰も彼も（だれもかれも）
すべての人（すべてのひと）
ありとあらゆる人々
貴賎の別なく 
「誰しも」は、例外的な人を認めない強めのニュアンスで使われることが多いです。

「課して（かして）」は、義務、責任、税金、負担などを人や組織に負わせる、または言い付けることを指す表現です。課題や制約を与える際や、公権力が私人に負担を命じる（税・罰金）場合などに「課して」や「課する」の形で用いられます。 
主な用法・関連語
義務・負担を負わせる：課題、責任、義務を課す。
税・罰金：重税を課する、罰金を課す。
類語：負わせる、負担させる、義務づける。
注意点：「科する」は主に法律や罰則で使用されますが、「課する」は一般的な負担や義務にも使用されます。 
例文
「厳しい条件を課してきた」
「新たな任務を課して、成長を促す」
「重い課題を課して終わらせる」","[""import"",""japanese""]",2026-02-22 09:21:41.476371+00,e1848554-ffae-479c-a8cd-4c0d77b7bed2,2026-03-19 15:55:50.007522+00,0,0,0,2026-03-19 15:55:50.007522+00,0,null,null,null,false,null,null,null,null,true,5baf7859-6ac5-4bf2-b6b9-1154d6303488,null,null,"{""tables"":{""1"":{""rows"":[],""columns"":[]}}}",null,[],null,null
1dbf1535-2e9e-4a3a-aee9-9844bc749cc3,まぶた（瞼、眼瞼：がんけん）,"鬼滅の刃無限列車編

まぶた（瞼、眼瞼：がんけん）は、眼球を外部の刺激（光、ほこり、異物）から保護し、涙を目の表面に行き渡らせて乾燥を防ぐ、開閉式の薄い組織です。皮膚の中で最も薄く、デリケートで、主に皮膚、瞼板（けんばん）、筋肉、結膜から構成されています。 
まぶたの主な機能と特徴
保護機能: 強い光や異物が目に入った際、反射的に閉じて眼球を守る。
潤い・洗浄: まばたき（瞬目）により、涙の成分を目の表面全体に広げ、角膜の乾燥と感染を防ぐ。
構造: 上まぶたと下まぶたがあり、内部の「瞼板」という板状の組織が構造を支えている。
皮膚の薄さ: 皮膚の中で最も薄く、しわを作りやすい。 
関連する医学的用語や症状
眼瞼下垂（がんけんかすい）: 上まぶたが垂れ下がり、黒目にかぶさる状態。
腫れ・トラブル: 皮膚が薄いため、化粧品、乾燥、疲れ、炎症、または体調（むくみ）で腫れやすい。 
なお、歌手のVaundyによる人気楽曲『まぶた』は、テレビドラマ『女神の教室～リーガル青春白書～』の主題歌です。

https://ja.wikipedia.org/wiki/%E3%81%BE%E3%81%B6%E3%81%9F

まぶた（英: eyelid、瞼/𥇥、目蓋）は、脊椎動物の魚類を除く多くの種にある、顔の皮膚から連続して眼球を上下から覆い保持する不透明で開閉式の器官である。眼瞼（がんけん）とも。","[""import"",""japanese""]",2026-02-22 09:21:41.476371+00,e1848554-ffae-479c-a8cd-4c0d77b7bed2,2026-03-19 15:55:50.007522+00,0,0,0,2026-03-19 15:55:50.007522+00,0,null,null,null,false,null,null,null,null,true,fab7eb3d-a743-4069-9034-9b9ef33b1412,null,null,"{""tables"":{""1"":{""rows"":[],""columns"":[]}}}",null,[],null,null
1e3bb310-47ea-4c9d-8158-8382a09e8aa7,「引く（ひく）」,"「引く（ひく）」は、「自分の方向へ動かす（引っ張る、引く）」、「病気にかかる（風邪を引く）」、「減らす（計算で引く）」、「線を引く」、「引用する」、「後退する」、「関心を惹く」、「演奏する（弾く）」など、文脈によって非常に多くの意味を持つ日本語の動詞です。単に「引く」だけでなく、「引く」というカタカナで使われるスラングでは「なんだか冷める」「しらける」「盛り上がりがなくなる」といった、失望や警戒によるネガティブな感情を表すこともあります。 
主な意味と用例
物理的な動作:
引っ張る: 綱を引く (つな を ひく)、弓を引く (ゆみ を ひく)。
引き寄せる: 興味を引く (きょうみ を ひく)、注意を引く (ちゅうい を ひく)。
引く/退く（しりぞく）: 潮が引く (しお が ひく)、引退する (いんたい する)。
感染・受傷:
風邪を引く (かぜ を ひく)。
計算・操作:
3から2を引くと1になる (さん から に を ひく と いち に なる)。
線を引く (せん を ひく)。
辞書を引く (じしょ を ひく)。
引用・例示:
例を引く (れい を ひく)、引用する (いんよう する)。
演奏:
ピアノを弾く (ぴあ の を ひく)。
俗語 (ひく):
「社長の冗談にみんな引いた」(しゃちょう の じょうだん に みんな ひい た) - 「しらけてしまった」「冷めてしまった」という意味。 
このように、「引く」は非常に多様な意味を持つため、文脈や漢字（引く、曳く、挽く、惹く、弾く、轢くなど）によって意味を判断することが重要です。","[""import"",""japanese""]",2026-02-22 09:21:41.476371+00,e1848554-ffae-479c-a8cd-4c0d77b7bed2,2026-03-19 15:55:50.007522+00,0,0,0,2026-03-19 15:55:50.007522+00,0,null,null,null,false,null,null,null,null,true,d2101626-f63a-433f-905a-53e4fad1860e,null,null,"{""tables"":{""1"":{""rows"":[],""columns"":[]}}}",null,[],null,null
23bf4d13-6691-4618-93d2-969a721c6b18,「久々（ひさびさ）」,"「久々（ひさびさ）」は、長い間会っていなかった人や、長い間していなかったこと（行動・物事）を久しぶりに再開したり、経験したりする様子を表す言葉で、「お久しぶりです」「久しぶり！」のように、再会を喜ぶ気持ちを伝える際に使われます。ビジネスシーンでは「ご無沙汰しております」などが使われることもありますが、カジュアルな会話では「ひさびさ！」と簡潔に表現されます。 
意味と使い方
意味: 長い時間が経過してから、再び同じ人や物事に接すること。
副詞的用法: 「久しぶりに」「久々に」の形で使われることが多い。
例文:
「ひさびさ！元気だった？」（友人など親しい間柄で）
「ひさびさの旅行、楽しかった！」（久しぶりの行動に対して）
「ひさびさに実家に帰る」 
類語・関連表現
お久しぶりです: 丁寧な表現で、ビジネスシーンや目上の人にも使える。
ご無沙汰しております: ビジネスメールなどでよく使われる、より丁寧な表現（3ヶ月以上会っていない相手に使う目安も）。
久方ぶり（ひさかたぶり）: 「久々」よりもさらに長い期間を表す際に使われる、やや古風な表現。 
「久々」は、再会や再開への喜びや、久しぶりであることへの感慨を伝える、非常に便利な言葉です。","[""import"",""japanese""]",2026-02-22 09:21:41.476371+00,e1848554-ffae-479c-a8cd-4c0d77b7bed2,2026-03-19 15:55:50.007522+00,0,0,0,2026-03-19 15:55:50.007522+00,0,null,null,null,false,null,null,null,null,true,bbcec8ba-e1e4-4381-89c5-e31bfb8ff647,null,null,"{""tables"":{""1"":{""rows"":[],""columns"":[]}}}",null,[],null,null
269f7822-ee7c-4d37-b78b-a22e181aa145,「切り分け」,"https://youtu.be/dmKuEIvfpek?si=-N_pLiFJ3wwTLvms

「切り分け」とは、物事を役割や原因、要素ごとに明確に区別・分割することを指します。主にビジネスやITの分野で、業務分担やシステム障害の原因特定（障害切り分け）において、問題箇所を特定し効率的に解決するために用いられる重要な手法です。 
具体的な詳細は以下の通りです。
IT・システム: 障害発生時に「ネットワーク」か「端末」か「アプリ」か、といったように原因箇所を絞り込むこと。
ビジネス・業務: 業務範囲、担当、予算、工程などを明確に区別して割り当てること。
物理的な意味: 物を細かく切って分けること。
思考法: 複雑な問題を多角的に捉え、要素ごとに整理して考えること。 
このプロセスにより、問題解決までの遠回りを防ぎ、効率化を図ることができます。","[""import"",""japanese""]",2026-02-22 09:21:41.476371+00,e1848554-ffae-479c-a8cd-4c0d77b7bed2,2026-03-19 15:55:50.007522+00,0,0,0,2026-03-19 15:55:50.007522+00,0,null,null,null,false,null,null,null,null,true,956729e8-555e-4ba7-a272-b8b48535f70b,null,null,"{""tables"":{""1"":{""rows"":[],""columns"":[]}}}",null,[],null,null
2b5853ad-5951-4763-a123-943409d88a60,「儚い（はかない）」,"鬼滅の刃無限列車編

「儚い（はかない）」は、淡く消えやすい、長く続かない、頼りない、またはすぐに壊れてしまいそうな様子を表す言葉です。夢、恋、命、桜、雪など、刹那的で繊細な美しさや、むなしさを伴うものに対して使われ、現代では「（消えそうなほど）透明感がある」というポジティブな意味でも使用されます。 
意味とニュアンス
消えやすい: 夢のように一瞬で終わる、霧のようにすぐになくなる。
もろい・かぼそい: 物理的、心理的に壊れやすい。
頼りない: 確かな根拠がない、あっけない。 
主な表現と語源
例: 儚い命、儚い夢、儚い恋、儚い希望。
語源: 「はか（目当て・よりどころ）」がない、という意味に由来する。 
類語・言い換え
刹那的、短命、瞬時、泡沫（うたかた）、仮初め（かりそめ）、脆い（もろい）。 
英語表現
Ephemeral（短命な、はかない）
Fleeting（一時の、つかの間の）
Fragile（壊れやすい）

https://www.kpedia.jp/w/20360

「儚い (はかない)」の韓国語「덧없다」を使った例文

・인생은 덧없다.
人生は儚い。

・그것은 거품처럼 덧없이 사라져 버린다.
それは泡のように儚く消えてしまう。

・사람의 일생은 덧없다.
人の一生は儚い。

・인생은 덧없는 것이라고 자주 저의 할아버지는 말합니다.
人生は儚いものだよ、とよく私の祖父は言います。

・흔히 사람들은 인생이 덧없다고 말한다.
人生は儚いよ、とよく人は言う。

・벚꽃나무 꽃이 덧없이 지고 있습니다.
桜の木の花が儚く散っています。

・하루살이의 일생은 매우 덧없다.
カゲロウの一生はとても儚い。

・꽃잎이 덧없음을 느끼게 한다.
花びらが儚さを感じさせる。

・60년이나 살다 보면 세상의 무서움도 덧없음도 몸에 사무칩니다.
60年も生きてくると、世の中の怖さもはかなさも身にしみてきます。

・다음 날 아침에 눈사람은 덧없이 사라져 없어졌다.
翌朝雪だるまは跡形もなく消え失せていた。

・거품이 덧없이 사라졌다.
バブルが跡形もなく消え去った。

・덧없이 세월이 흐르다.
むなしく時が過ぎる。

・시간은 정말 덧없이 흘러간다.
時間は本当に矢のように流れていく。

https://www.kpedia.jp/w/27405

「儚い (はかない)」の韓国語「무상하다」を使った例文

・인생은 무상하다.
人生ははかない。

・세상은 무상하다.
世の中は無常だ。

・이 세상은 무상하다고 한탄하다.
この世は無常だと嘆く。","[""import"",""japanese""]",2026-02-22 09:21:41.476371+00,e1848554-ffae-479c-a8cd-4c0d77b7bed2,2026-03-19 15:55:50.007522+00,0,0,0,2026-03-19 15:55:50.007522+00,0,null,null,null,false,null,null,null,null,true,364a96f4-e8d4-407b-89b4-245f57af539f,null,null,"{""tables"":{""1"":{""rows"":[],""columns"":[]}}}",null,[],null,null
2e9b863e-9e36-4a15-9cb8-dcfea9b6b8a9,「媚びへつらう」,"https://www.kpedia.jp/w/51313

「媚びへつらう」の韓国語「아첨하다」を使った例文
・상사에게 아첨하다.
上司に阿る。

・강자에게 아첨하다.
強者に媚へつらう。

・세상에 아첨하다.
世におもねる。

・자본이나 권력에 아첨하다.
資本や権力にへつらう。

・난 아첨하는 사람은 딱 질색이야.
僕はへつらう人はまっぴらごめんだ。

・그는 상사에게 아첨하는 걸 잘합니다.
彼は上司に媚びるのが得意です。

・아첨하는 태도는 보기 흉해요.
媚びる態度は見苦しいです。

・그녀는 상사에게 아첨하지 않고 일을 하고 있습니다.
彼女は上司に媚びることなく仕事をしています。

・그의 아첨하는 태도가 미움받고 있어요.
彼の媚びる態度が嫌われています。

・그는 아첨하지 않고 성공했어요.
彼は媚びることなく成功しました。

・그녀는 아첨하지 않고 상사에게 의견을 말했습니다.
彼女は媚びることなく上司に意見を言いました。

・아첨을 했더니, 되레 어색해졌다.
お世辞を言ったら、かえって気まずくなった。

・그는 아첨을 하여 승진을 노리고 있습니다.
彼は媚びることで昇進を狙っています。

・그 직원은 아첨을 잘해요.
その社員は媚びることが上手です。

・아첨을 떨다.
おべっかを使う。

・사심을 감추고 사람에게 아첨하다.
私心を隠して人に媚びへつらう。

・아첨을 떠는 것은 타자를 기분 좋게 하려고 하는 배려입니다.
おべっかを使うとは、他者を心地良くしようとする配慮です。

・아첨을 떤다는 것은 상대의 마음에 들고 싶다고 하는 마음의 표현이라고 생각한다.
おべっかを使うって、相手に気に入られたいという気持ちの表れだと思う。

・강자에게 아첨을 떠는 자는 약자에게 거만하게 군다.
強い者におべっかを使う者は弱い者に威張る。

・직장에 아첨만 떠는 사람이 있어요.
職場におべっかばかり言う人がいます。","[""import"",""japanese""]",2026-02-22 09:21:41.476371+00,e1848554-ffae-479c-a8cd-4c0d77b7bed2,2026-03-19 15:55:50.007522+00,0,0,0,2026-03-19 15:55:50.007522+00,0,null,null,null,false,null,null,null,null,true,64868c1f-edf7-4d7d-b4a3-a6dbf201cbce,null,null,"{""tables"":{""1"":{""rows"":[],""columns"":[]}}}",null,[],null,null
2f0bc7a5-d692-4c52-8b1c-416eef1a88e1,「色気（いろけ）」,"「色気（いろけ）」とは、人を惹きつける性的魅力や色っぽさを指しますが、現代では内面からにじみ出る知性、余裕、品格、ミステリアスな雰囲気など、外見だけでなく総合的な魅力を含む概念として使われます。単なる露出ではなく、自信、気遣い、ギャップ、丁寧な仕草や言葉遣いなどから生まれる、大人の余裕や色気として捉えられることが多いです。 
色気の種類と要素
性的魅力・色気: 異性を意識させる魅力や、性的興奮を想起させる雰囲気。
愛嬌・おもしろみ: 人を惹きつける可愛らしさや、親しみやすさ。
風情・趣: 品格や教養、落ち着きから生まれる味わい深さ。
欲求・興味: 特定の物事（地位や対象）に対する関心や欲求。 
「色気がある」と言われる人の特徴（例）
内面・態度: 自信と余裕、相手への思いやり、ミステリアスな部分。
行動・仕草: 落ち着いた所作、丁寧な言葉遣い、自然体で美しい動作。
ギャップ: 普段とのギャップ（例：しっかり者が時折見せる弱さ）。
外見: 清潔感、身だしなみ、健康的な美しさ（露出の多さだけではない）。 
現代における「色気」の捉え方
以前は女性のセクシーさを表す言葉でしたが、現在は男性・女性問わず、知性や教養、品格など、内面から滲み出る「大人の魅力」を指す褒め言葉として使われることが増えています。","[""import"",""japanese""]",2026-02-22 09:21:41.476371+00,e1848554-ffae-479c-a8cd-4c0d77b7bed2,2026-03-19 15:55:50.007522+00,0,0,0,2026-03-19 15:55:50.007522+00,0,null,null,null,false,null,null,null,null,true,fe191646-97d4-4f9b-a9fb-201b611f6e3d,null,null,"{""tables"":{""1"":{""rows"":[],""columns"":[]}}}",null,[],null,null
305a216c-115d-4859-9252-c943c34b5236,「あまり」（あまりに）N2．（あまり～ない）N1,"「あまり」は、程度が低い（～ない）ことを表す副詞で否定文と使われることが多いですが（例：あまり美味しくない）、程度が甚だしいことを表し、その結果「～（して）しまった」という強い感情や状態を示す用法もあります（例：嬉しさのあまり泣いた）。口語では「あんまり」とも言います。 
主な用法
程度が低い（～ない）
「あまり～ない」の形で使い、「それほど～ではない」「たいして～ない」という意味になります。
例：あまり時間がありません（そんなに時間がない）。
例：あまり勉強しませんでした（あまり勉強しなかった）。
程度が甚だしい（～すぎる）
名詞や動詞（連体形）の後ろに「～のあまり」と付き、「～という気持ちや状態が非常に強すぎて、普通ではないことになった」という結果を表します。
例：喜びのあまり、叫んでしまった。
例：悲しみのあまり、何も言えなかった。 
まとめ
「あまり＋否定」: 程度が低い、多くない（例：あまり寒くない）
「〜のあまり＋動詞」: 程度が非常に大きく、～してしまう（例：驚きのあまり、固まった）
どちらの用法も、文脈によって判断する必要があります。 

https://nihongo.co.kr/%EF%BD%9E%E3%81%82%E3%81%BE%E3%82%8A%E3%81%AB/

N2：あまりに

【명사, 동사의 명사형, 형용사의 명사형】

みんなの前で発表する時とき、前に立ったら緊張のあまり頭が真っ白になってしまった。
모두의 앞에서 발표를 할 때, 앞에 섰더니 긴장한 나머지 머리가 새하얘져 버렸다.

大学に合格したことを知って、嬉しさのあまり泣いてしまいました。
대학에 합격한 것을 알고 기쁜 나머지 울어버렸습니다.

私は驚きのあまり、声も出なかった。
나는 놀란 나머지 목소리가 안 나왔다.

私は緊張のあまり、上手にプレゼンができなかった。
나는 긴장한 나머지 프레젠테이션을 잘 할 수 없었다.

父が亡くなった悲しみのあまり、ここ何日か食事がのども通らない。
아빠가 돌아가셔서 슬픈 나머지 요 며칠인가 음식이 목에 안 넘어간다.

海外に留学したいと言って留学に来たらさびしさのあまりさんざん、当時は国の友達に毎日電話してしまっていた。
해외에서 유학하고 싶다고 해서 유학하러 왔지만 막상 해외에 왔더니 쓸쓸한 나머지 당시는 본국의 친구들에게 매일 전화해버렸다.

鈴木さんは美人なあまり、つい目がいってしまう。
스즈키씨는 아름다운 나머지 나도 모르게 눈이 가버린다.

偶然、空港で芸能人を見みましたが、ハンサムなあまり、見とれてしまいました。
우연히 공항에서 연예인을 봤습니다만 너무 잘생긴 나머지 넋 놓고 봐 버렸습니다.

お化け屋敷に入った彼女は、恐怖のあまり倒れてしまった。
귀신의 집에 들어간 그녀는 심한 공포로 쓰러져버렸다.

【동사】

テストで一つ一つの問題を考がえすぎたあまり、時間が足りず最後までできなかった。
시험에서 하나하나 문제를 너무 생각한 나머지 시간이 부족해서 마지막까지 못했다.

あの選手は失敗を恐れるあまり、積極的なプレーができなくなっているように見えますね。
저 선수는 실패를 겁낸 나머지 적극적인 플레이가 안되는 것처럼 보이네요.

山田さんは無理をしすぎたあまり、入院してしまった。
야마다씨는 무리를 너무 한 나머지 입원해버렸다.

https://ena-nihongo.tistory.com/entry/%EC%9D%BC%EB%B3%B8%EC%96%B4N3%EB%AC%B8%EB%B2%95-%E3%81%82%E3%81%BE%E3%82%8A%EF%BD%9E%E3%81%AA%E3%81%84%EF%BC%8F%E3%81%82%E3%82%93%E3%81%BE%E3%82%8A%EF%BD%9E%E3%81%AA%E3%81%84#google_vignette

あまり～ない：N3

最近の曲は正直あまり好きじゃない。
요즘노래는 솔직히 별로 안좋아해

スマホケースはあまり遊んだことがない。
스마트폰게임은 별로 놀아본적이없다

下品な言葉は私はあまり使わないようにしている。
상스러운 말은 나는 잘 쓰지않으려고 하고있다

今あまりお金のない状況だから満足に買い物も出来ない。
지금 돈이 별로 없는 상황이라서 만족스럽게 쇼핑도 할수없어

猫パンチじゃあまり痛くない。
고양이펀치는 별로 아프지않다

パソコンの性能があまりよくないのですぐ重くなる。
컴퓨터 성능이 별로 좋지않아서 금방 무거워진다

なんか体調があまり良くない。
뭔가 컨디션이 별로 좋지않다

あまり勝算がないが、やるしかない。
별로 승산은없지만 할수밖에없다","[""import"",""japanese""]",2026-02-22 09:21:41.476371+00,e1848554-ffae-479c-a8cd-4c0d77b7bed2,2026-03-19 15:55:50.007522+00,0,0,0,2026-03-19 15:55:50.007522+00,0,null,null,null,false,null,null,null,null,true,74908a02-e46d-45a9-9e1f-19502f8625cd,null,null,"{""tables"":{""1"":{""rows"":[],""columns"":[]}}}",null,[],null,null